candidate,n_goi_partners,max_TOM,sum_TOM,goi_partners,module,product,GO
FGSG_09535,57,0.5022633709179902,26.658460264929893,FGSG_00043;FGSG_00330;FGSG_00743;FGSG_00765;FGSG_01346;FGSG_01422;FGSG_01947;FGSG_02030;FGSG_02271;FGSG_02272;FGSG_02461;FGSG_02554;FGSG_02782;FGSG_03061;FGSG_03295;FGSG_03340;FGSG_03546;FGSG_03547;FGSG_03548;FGSG_03894;FGSG_03992;FGSG_04458;FGSG_04490;FGSG_04588;FGSG_04589;FGSG_04590;FGSG_04591;FGSG_04592;FGSG_04593;FGSG_04595;FGSG_04596;FGSG_04763;FGSG_05368;FGSG_05610;FGSG_05843;FGSG_05926;FGSG_06055;FGSG_06257;FGSG_06702;FGSG_07075;FGSG_07528;FGSG_08601;FGSG_08712;FGSG_08774;FGSG_09012;FGSG_09280;FGSG_09456;FGSG_09826;FGSG_09834;FGSG_10347;FGSG_10922;FGSG_10947;FGSG_11206;FGSG_12180;FGSG_12222;FGSG_12223;FGSG_13136,1,uncharacterized protein,GO:0001671;GO:0005829;GO:0006457;GO:0006950;GO:0032781;GO:0051087
FGSG_08638,56,0.5095394502385343,26.52892248990451,FGSG_00043;FGSG_00330;FGSG_00743;FGSG_00765;FGSG_01346;FGSG_01422;FGSG_01947;FGSG_02030;FGSG_02271;FGSG_02272;FGSG_02461;FGSG_02554;FGSG_03061;FGSG_03295;FGSG_03340;FGSG_03546;FGSG_03547;FGSG_03548;FGSG_03894;FGSG_03992;FGSG_04458;FGSG_04490;FGSG_04588;FGSG_04589;FGSG_04590;FGSG_04591;FGSG_04592;FGSG_04593;FGSG_04595;FGSG_04596;FGSG_04763;FGSG_05368;FGSG_05610;FGSG_05843;FGSG_05926;FGSG_06055;FGSG_06257;FGSG_06702;FGSG_07075;FGSG_07528;FGSG_08601;FGSG_08712;FGSG_08774;FGSG_09012;FGSG_09280;FGSG_09456;FGSG_09826;FGSG_09834;FGSG_10347;FGSG_10922;FGSG_10947;FGSG_11206;FGSG_12180;FGSG_12222;FGSG_12223;FGSG_13136,1,uncharacterized protein,GO:0001101;GO:0005096;GO:0005546;GO:0005829;GO:0005933;GO:0007231;GO:0010314;GO:0030479;GO:0032153;GO:0032266;GO:0035024;GO:0043547;GO:0070273;GO:0080025
FGSG_03494,56,0.5053725776999882,26.273338997842902,FGSG_00043;FGSG_00044;FGSG_00330;FGSG_00743;FGSG_01346;FGSG_01422;FGSG_01947;FGSG_02030;FGSG_02271;FGSG_02272;FGSG_02461;FGSG_02554;FGSG_03061;FGSG_03295;FGSG_03340;FGSG_03546;FGSG_03547;FGSG_03548;FGSG_03894;FGSG_03992;FGSG_04458;FGSG_04490;FGSG_04588;FGSG_04589;FGSG_04590;FGSG_04591;FGSG_04592;FGSG_04593;FGSG_04595;FGSG_04596;FGSG_04763;FGSG_04852;FGSG_05368;FGSG_05610;FGSG_05843;FGSG_05926;FGSG_06055;FGSG_06257;FGSG_06702;FGSG_07075;FGSG_07528;FGSG_08601;FGSG_08712;FGSG_08774;FGSG_09012;FGSG_09280;FGSG_09456;FGSG_09826;FGSG_09834;FGSG_10347;FGSG_10922;FGSG_10947;FGSG_12180;FGSG_12222;FGSG_12223;FGSG_13136,1,uncharacterized protein,
FGSG_03970,56,0.5020912668499565,25.91618142566074,FGSG_00175;FGSG_00330;FGSG_00743;FGSG_00765;FGSG_01346;FGSG_01422;FGSG_01947;FGSG_02030;FGSG_02271;FGSG_02272;FGSG_02461;FGSG_02782;FGSG_03061;FGSG_03295;FGSG_03340;FGSG_03546;FGSG_03547;FGSG_03548;FGSG_03894;FGSG_03992;FGSG_04458;FGSG_04490;FGSG_04588;FGSG_04589;FGSG_04590;FGSG_04591;FGSG_04592;FGSG_04593;FGSG_04595;FGSG_04596;FGSG_04763;FGSG_05368;FGSG_05610;FGSG_05843;FGSG_05926;FGSG_06055;FGSG_06257;FGSG_06506;FGSG_06702;FGSG_07075;FGSG_07528;FGSG_08601;FGSG_08712;FGSG_08774;FGSG_09012;FGSG_09280;FGSG_09456;FGSG_09826;FGSG_09834;FGSG_10347;FGSG_10947;FGSG_11206;FGSG_12180;FGSG_12222;FGSG_12223;FGSG_13136,1,uncharacterized protein,
FGSG_07913,55,0.5061728569303587,25.95142185759076,FGSG_00043;FGSG_00330;FGSG_00743;FGSG_00765;FGSG_01346;FGSG_01422;FGSG_01947;FGSG_02030;FGSG_02271;FGSG_02272;FGSG_02461;FGSG_02554;FGSG_03061;FGSG_03295;FGSG_03340;FGSG_03546;FGSG_03547;FGSG_03548;FGSG_03894;FGSG_03992;FGSG_04458;FGSG_04490;FGSG_04588;FGSG_04589;FGSG_04590;FGSG_04591;FGSG_04592;FGSG_04593;FGSG_04595;FGSG_04596;FGSG_04763;FGSG_05368;FGSG_05610;FGSG_05843;FGSG_05926;FGSG_06055;FGSG_06257;FGSG_07075;FGSG_07528;FGSG_08601;FGSG_08712;FGSG_08774;FGSG_09012;FGSG_09280;FGSG_09456;FGSG_09826;FGSG_09834;FGSG_10347;FGSG_10922;FGSG_10947;FGSG_11206;FGSG_12180;FGSG_12222;FGSG_12223;FGSG_13136,1,uncharacterized protein,GO:0006810;GO:0016021
FGSG_08266,55,0.5080748394685509,25.9393596329031,FGSG_00330;FGSG_00743;FGSG_00765;FGSG_01422;FGSG_02030;FGSG_02271;FGSG_02272;FGSG_02461;FGSG_02554;FGSG_02972;FGSG_03061;FGSG_03295;FGSG_03340;FGSG_03546;FGSG_03547;FGSG_03548;FGSG_03747;FGSG_03894;FGSG_03992;FGSG_04458;FGSG_04490;FGSG_04588;FGSG_04589;FGSG_04590;FGSG_04591;FGSG_04592;FGSG_04593;FGSG_04596;FGSG_04763;FGSG_05368;FGSG_05610;FGSG_05843;FGSG_05926;FGSG_06055;FGSG_06257;FGSG_07075;FGSG_07528;FGSG_08493;FGSG_08601;FGSG_08712;FGSG_08774;FGSG_09012;FGSG_09280;FGSG_09456;FGSG_09826;FGSG_09834;FGSG_10347;FGSG_10444;FGSG_10922;FGSG_10947;FGSG_11206;FGSG_12180;FGSG_12222;FGSG_12223;FGSG_13136,1,acetyl-CoA hydrolase,GO:0003986;GO:0005739;GO:0005829;GO:0006083;GO:0006084;GO:0008775
FGSG_07130,55,0.5000308623733534,25.55654177609423,FGSG_00043;FGSG_00330;FGSG_00743;FGSG_01346;FGSG_01422;FGSG_01947;FGSG_02030;FGSG_02271;FGSG_02272;FGSG_02461;FGSG_02554;FGSG_03061;FGSG_03295;FGSG_03340;FGSG_03546;FGSG_03547;FGSG_03548;FGSG_03894;FGSG_03992;FGSG_04458;FGSG_04490;FGSG_04588;FGSG_04589;FGSG_04590;FGSG_04591;FGSG_04592;FGSG_04593;FGSG_04595;FGSG_04596;FGSG_04763;FGSG_04852;FGSG_05368;FGSG_05610;FGSG_05843;FGSG_05926;FGSG_06055;FGSG_06257;FGSG_07075;FGSG_07528;FGSG_08601;FGSG_08712;FGSG_08774;FGSG_09012;FGSG_09280;FGSG_09456;FGSG_09826;FGSG_09834;FGSG_10347;FGSG_10922;FGSG_10947;FGSG_11206;FGSG_12180;FGSG_12222;FGSG_12223;FGSG_13136,1,uncharacterized protein,
FGSG_07660,55,0.5028936903533245,25.470373246126115,FGSG_00330;FGSG_00743;FGSG_00765;FGSG_01346;FGSG_01422;FGSG_01947;FGSG_02030;FGSG_02271;FGSG_02272;FGSG_02461;FGSG_02554;FGSG_02782;FGSG_03061;FGSG_03295;FGSG_03340;FGSG_03546;FGSG_03547;FGSG_03548;FGSG_03894;FGSG_03992;FGSG_04458;FGSG_04490;FGSG_04588;FGSG_04589;FGSG_04590;FGSG_04591;FGSG_04592;FGSG_04593;FGSG_04595;FGSG_04596;FGSG_04763;FGSG_05368;FGSG_05610;FGSG_05843;FGSG_05926;FGSG_06055;FGSG_06257;FGSG_07075;FGSG_07528;FGSG_08601;FGSG_08712;FGSG_08774;FGSG_09012;FGSG_09280;FGSG_09456;FGSG_09826;FGSG_09834;FGSG_10347;FGSG_10922;FGSG_10947;FGSG_11206;FGSG_12180;FGSG_12222;FGSG_12223;FGSG_13136,1,uncharacterized protein,GO:0008168;GO:0032259
FGSG_05730,54,0.5065874580863649,25.292159088096096,FGSG_00330;FGSG_00743;FGSG_00765;FGSG_01422;FGSG_02030;FGSG_02271;FGSG_02272;FGSG_02461;FGSG_02554;FGSG_02972;FGSG_03061;FGSG_03295;FGSG_03340;FGSG_03546;FGSG_03547;FGSG_03548;FGSG_03747;FGSG_03894;FGSG_03992;FGSG_04458;FGSG_04490;FGSG_04588;FGSG_04589;FGSG_04590;FGSG_04591;FGSG_04592;FGSG_04593;FGSG_04596;FGSG_04763;FGSG_05368;FGSG_05610;FGSG_05926;FGSG_06055;FGSG_06257;FGSG_07075;FGSG_07528;FGSG_08493;FGSG_08601;FGSG_08712;FGSG_08774;FGSG_09012;FGSG_09280;FGSG_09456;FGSG_09826;FGSG_09834;FGSG_10347;FGSG_10444;FGSG_10922;FGSG_10947;FGSG_11206;FGSG_12180;FGSG_12222;FGSG_12223;FGSG_13136,1,uncharacterized protein,GO:0016021
FGSG_01695,54,0.5034920183632031,25.284489278382328,FGSG_00330;FGSG_00743;FGSG_00765;FGSG_01422;FGSG_01947;FGSG_02030;FGSG_02271;FGSG_02272;FGSG_02461;FGSG_02554;FGSG_02782;FGSG_03061;FGSG_03295;FGSG_03340;FGSG_03546;FGSG_03547;FGSG_03548;FGSG_03894;FGSG_03992;FGSG_04458;FGSG_04490;FGSG_04588;FGSG_04589;FGSG_04590;FGSG_04591;FGSG_04592;FGSG_04593;FGSG_04596;FGSG_04763;FGSG_05368;FGSG_05610;FGSG_05843;FGSG_05926;FGSG_06055;FGSG_06257;FGSG_07075;FGSG_07528;FGSG_08493;FGSG_08601;FGSG_08712;FGSG_08774;FGSG_09012;FGSG_09280;FGSG_09456;FGSG_09826;FGSG_09834;FGSG_10347;FGSG_10922;FGSG_10947;FGSG_11206;FGSG_12180;FGSG_12222;FGSG_12223;FGSG_13136,1,uncharacterized protein,GO:0016021
FGSG_09697,54,0.5006458524741463,25.121069773849257,FGSG_00043;FGSG_00044;FGSG_00330;FGSG_00743;FGSG_01346;FGSG_01422;FGSG_01947;FGSG_02030;FGSG_02271;FGSG_02272;FGSG_02461;FGSG_02554;FGSG_03061;FGSG_03295;FGSG_03340;FGSG_03546;FGSG_03547;FGSG_03548;FGSG_03894;FGSG_03992;FGSG_04458;FGSG_04490;FGSG_04588;FGSG_04589;FGSG_04590;FGSG_04591;FGSG_04592;FGSG_04593;FGSG_04595;FGSG_04596;FGSG_04763;FGSG_04852;FGSG_05610;FGSG_05843;FGSG_05926;FGSG_06055;FGSG_06257;FGSG_06702;FGSG_07075;FGSG_07528;FGSG_08601;FGSG_08712;FGSG_08774;FGSG_09012;FGSG_09280;FGSG_09456;FGSG_09826;FGSG_09834;FGSG_10347;FGSG_10922;FGSG_10947;FGSG_12180;FGSG_12223;FGSG_13136,1,uncharacterized protein,GO:0016021;GO:0055085
FGSG_07539,54,0.4936488721976837,24.980893270011034,FGSG_00043;FGSG_00330;FGSG_00743;FGSG_01346;FGSG_01422;FGSG_01947;FGSG_02030;FGSG_02271;FGSG_02272;FGSG_02461;FGSG_02554;FGSG_03061;FGSG_03295;FGSG_03340;FGSG_03546;FGSG_03547;FGSG_03548;FGSG_03894;FGSG_03992;FGSG_04458;FGSG_04490;FGSG_04588;FGSG_04589;FGSG_04590;FGSG_04591;FGSG_04592;FGSG_04593;FGSG_04595;FGSG_04596;FGSG_04763;FGSG_05368;FGSG_05610;FGSG_05843;FGSG_05926;FGSG_06055;FGSG_06257;FGSG_06702;FGSG_07075;FGSG_07528;FGSG_08601;FGSG_08712;FGSG_08774;FGSG_09012;FGSG_09280;FGSG_09456;FGSG_09826;FGSG_09834;FGSG_10347;FGSG_10922;FGSG_10947;FGSG_12180;FGSG_12222;FGSG_12223;FGSG_13136,1,uncharacterized protein,GO:0000038;GO:0001676;GO:0004467;GO:0005324;GO:0005777;GO:0005783;GO:0005811;GO:0006633;GO:0015909;GO:0031235;GO:0031957
FGSG_08403,54,0.4975943633313555,24.964425700996514,FGSG_00043;FGSG_00330;FGSG_00743;FGSG_01346;FGSG_01422;FGSG_01947;FGSG_02030;FGSG_02271;FGSG_02272;FGSG_02461;FGSG_02554;FGSG_03061;FGSG_03295;FGSG_03340;FGSG_03546;FGSG_03547;FGSG_03548;FGSG_03894;FGSG_03992;FGSG_04458;FGSG_04490;FGSG_04588;FGSG_04589;FGSG_04590;FGSG_04591;FGSG_04592;FGSG_04593;FGSG_04595;FGSG_04596;FGSG_04763;FGSG_05368;FGSG_05610;FGSG_05843;FGSG_05926;FGSG_06055;FGSG_06257;FGSG_07075;FGSG_07528;FGSG_08601;FGSG_08712;FGSG_08774;FGSG_09012;FGSG_09280;FGSG_09456;FGSG_09826;FGSG_09834;FGSG_10347;FGSG_10922;FGSG_10947;FGSG_11206;FGSG_12180;FGSG_12222;FGSG_12223;FGSG_13136,1,uncharacterized protein,GO:0032933;GO:0046983
FGSG_05164,54,0.4927540459088681,24.933848962454658,FGSG_00043;FGSG_00330;FGSG_00743;FGSG_01346;FGSG_01422;FGSG_01947;FGSG_02030;FGSG_02271;FGSG_02272;FGSG_02461;FGSG_02554;FGSG_02782;FGSG_03061;FGSG_03295;FGSG_03340;FGSG_03546;FGSG_03547;FGSG_03548;FGSG_03894;FGSG_03992;FGSG_04458;FGSG_04490;FGSG_04588;FGSG_04589;FGSG_04590;FGSG_04591;FGSG_04592;FGSG_04593;FGSG_04596;FGSG_04763;FGSG_05368;FGSG_05610;FGSG_05843;FGSG_05926;FGSG_06055;FGSG_06257;FGSG_06702;FGSG_07075;FGSG_07528;FGSG_08601;FGSG_08712;FGSG_08774;FGSG_09012;FGSG_09280;FGSG_09456;FGSG_09826;FGSG_09834;FGSG_10347;FGSG_10922;FGSG_10947;FGSG_12180;FGSG_12222;FGSG_12223;FGSG_13136,1,inositolphosphorylceramide-B C-26 hydroxylase,GO:0005506;GO:0005789;GO:0006633;GO:0006675;GO:0016021;GO:0020037;GO:0055114;GO:0080132
FGSG_00663,54,0.49693154178221405,24.848103470187546,FGSG_00043;FGSG_00330;FGSG_00743;FGSG_01346;FGSG_01422;FGSG_01947;FGSG_02030;FGSG_02271;FGSG_02272;FGSG_02461;FGSG_02554;FGSG_02972;FGSG_03061;FGSG_03295;FGSG_03340;FGSG_03546;FGSG_03547;FGSG_03548;FGSG_03894;FGSG_03992;FGSG_04458;FGSG_04490;FGSG_04588;FGSG_04589;FGSG_04590;FGSG_04591;FGSG_04592;FGSG_04593;FGSG_04596;FGSG_04763;FGSG_04852;FGSG_05368;FGSG_05610;FGSG_05843;FGSG_05926;FGSG_06055;FGSG_06257;FGSG_07075;FGSG_07528;FGSG_08601;FGSG_08712;FGSG_08774;FGSG_09012;FGSG_09280;FGSG_09456;FGSG_09826;FGSG_09834;FGSG_10347;FGSG_10922;FGSG_10947;FGSG_12180;FGSG_12222;FGSG_12223;FGSG_13136,1,uncharacterized protein,GO:0016021
FGSG_11828,54,0.49104708756870535,24.796631394491857,FGSG_00043;FGSG_00044;FGSG_00330;FGSG_00743;FGSG_01346;FGSG_01422;FGSG_01947;FGSG_02030;FGSG_02271;FGSG_02272;FGSG_02461;FGSG_02554;FGSG_03061;FGSG_03295;FGSG_03340;FGSG_03546;FGSG_03547;FGSG_03548;FGSG_03894;FGSG_03992;FGSG_04458;FGSG_04490;FGSG_04588;FGSG_04589;FGSG_04590;FGSG_04591;FGSG_04592;FGSG_04593;FGSG_04595;FGSG_04596;FGSG_04763;FGSG_04852;FGSG_05610;FGSG_05843;FGSG_05926;FGSG_06055;FGSG_06257;FGSG_06702;FGSG_07075;FGSG_07528;FGSG_08601;FGSG_08712;FGSG_08774;FGSG_09012;FGSG_09280;FGSG_09456;FGSG_09826;FGSG_09834;FGSG_10347;FGSG_10922;FGSG_10947;FGSG_12180;FGSG_12223;FGSG_13136,1,uncharacterized protein,GO:0016021
FGSG_02978,54,0.4944578067964548,24.682008942871633,FGSG_00043;FGSG_00175;FGSG_00330;FGSG_00500;FGSG_00743;FGSG_01346;FGSG_01422;FGSG_01947;FGSG_02030;FGSG_02271;FGSG_02272;FGSG_02461;FGSG_03061;FGSG_03295;FGSG_03340;FGSG_03546;FGSG_03547;FGSG_03548;FGSG_03558;FGSG_03894;FGSG_03992;FGSG_04458;FGSG_04490;FGSG_04588;FGSG_04589;FGSG_04590;FGSG_04591;FGSG_04592;FGSG_04593;FGSG_04595;FGSG_04596;FGSG_04763;FGSG_05610;FGSG_05843;FGSG_05926;FGSG_06055;FGSG_06257;FGSG_06444;FGSG_06702;FGSG_07075;FGSG_07528;FGSG_08601;FGSG_08712;FGSG_08774;FGSG_09012;FGSG_09280;FGSG_09456;FGSG_09826;FGSG_09834;FGSG_10347;FGSG_10947;FGSG_12180;FGSG_12223;FGSG_13136,1,uncharacterized protein,GO:0016021;GO:0022891;GO:0055085
FGSG_04708,53,0.4992052715194907,24.697909868985462,FGSG_00043;FGSG_00330;FGSG_00743;FGSG_01346;FGSG_01422;FGSG_01947;FGSG_02030;FGSG_02271;FGSG_02272;FGSG_02461;FGSG_02554;FGSG_03061;FGSG_03295;FGSG_03340;FGSG_03546;FGSG_03547;FGSG_03548;FGSG_03894;FGSG_03992;FGSG_04458;FGSG_04490;FGSG_04588;FGSG_04589;FGSG_04590;FGSG_04591;FGSG_04592;FGSG_04593;FGSG_04595;FGSG_04596;FGSG_04763;FGSG_04852;FGSG_05610;FGSG_05843;FGSG_05926;FGSG_06055;FGSG_06257;FGSG_06702;FGSG_07075;FGSG_07528;FGSG_08601;FGSG_08712;FGSG_08774;FGSG_09012;FGSG_09280;FGSG_09456;FGSG_09826;FGSG_09834;FGSG_10347;FGSG_10947;FGSG_12180;FGSG_12222;FGSG_12223;FGSG_13136,1,uncharacterized protein,GO:0008483;GO:0030170
FGSG_11112,53,0.5004425183568165,24.632602538286708,FGSG_00330;FGSG_00743;FGSG_01346;FGSG_01422;FGSG_01947;FGSG_02030;FGSG_02271;FGSG_02272;FGSG_02461;FGSG_02554;FGSG_03061;FGSG_03295;FGSG_03340;FGSG_03546;FGSG_03547;FGSG_03548;FGSG_03894;FGSG_03992;FGSG_04458;FGSG_04490;FGSG_04588;FGSG_04589;FGSG_04590;FGSG_04591;FGSG_04592;FGSG_04593;FGSG_04595;FGSG_04596;FGSG_04763;FGSG_05368;FGSG_05610;FGSG_05843;FGSG_05926;FGSG_06055;FGSG_06257;FGSG_06702;FGSG_07075;FGSG_07528;FGSG_08601;FGSG_08712;FGSG_08774;FGSG_09012;FGSG_09280;FGSG_09456;FGSG_09826;FGSG_09834;FGSG_10347;FGSG_10947;FGSG_11206;FGSG_12180;FGSG_12222;FGSG_12223;FGSG_13136,1,uncharacterized protein,
FGSG_06124,53,0.5079947770729131,24.611695545441673,FGSG_00330;FGSG_00743;FGSG_00765;FGSG_01422;FGSG_01621;FGSG_02030;FGSG_02271;FGSG_02272;FGSG_02461;FGSG_02554;FGSG_02972;FGSG_03061;FGSG_03295;FGSG_03340;FGSG_03546;FGSG_03547;FGSG_03548;FGSG_03747;FGSG_03894;FGSG_03992;FGSG_04458;FGSG_04490;FGSG_04588;FGSG_04589;FGSG_04590;FGSG_04591;FGSG_04592;FGSG_04593;FGSG_04596;FGSG_04763;FGSG_05368;FGSG_05610;FGSG_06055;FGSG_06257;FGSG_07075;FGSG_07528;FGSG_08493;FGSG_08601;FGSG_08712;FGSG_08774;FGSG_09012;FGSG_09280;FGSG_09456;FGSG_09826;FGSG_09834;FGSG_10347;FGSG_10922;FGSG_10947;FGSG_11206;FGSG_12180;FGSG_12222;FGSG_12223;FGSG_13136,1,uncharacterized protein,GO:0016021
FGSG_10617,53,0.4918756963118269,24.357737197940622,FGSG_00043;FGSG_00044;FGSG_00048;FGSG_00330;FGSG_00743;FGSG_01346;FGSG_01422;FGSG_01947;FGSG_02030;FGSG_02271;FGSG_02272;FGSG_02461;FGSG_02554;FGSG_03061;FGSG_03295;FGSG_03340;FGSG_03546;FGSG_03547;FGSG_03548;FGSG_03894;FGSG_03992;FGSG_04458;FGSG_04490;FGSG_04589;FGSG_04590;FGSG_04591;FGSG_04592;FGSG_04593;FGSG_04595;FGSG_04596;FGSG_04763;FGSG_04852;FGSG_05610;FGSG_05843;FGSG_05926;FGSG_06055;FGSG_06257;FGSG_06702;FGSG_07075;FGSG_07528;FGSG_08601;FGSG_08712;FGSG_08774;FGSG_09012;FGSG_09280;FGSG_09456;FGSG_09826;FGSG_09834;FGSG_10347;FGSG_10947;FGSG_11658;FGSG_12180;FGSG_12223,1,uncharacterized protein,GO:0003824;GO:0008152;GO:0031177
FGSG_06048,53,0.49278070800971063,24.351571067143055,FGSG_00043;FGSG_00044;FGSG_00048;FGSG_00330;FGSG_00743;FGSG_01346;FGSG_01422;FGSG_01947;FGSG_02030;FGSG_02271;FGSG_02272;FGSG_02461;FGSG_02554;FGSG_03061;FGSG_03295;FGSG_03340;FGSG_03546;FGSG_03547;FGSG_03548;FGSG_03894;FGSG_03992;FGSG_04458;FGSG_04490;FGSG_04589;FGSG_04590;FGSG_04591;FGSG_04592;FGSG_04593;FGSG_04595;FGSG_04596;FGSG_04763;FGSG_04852;FGSG_05610;FGSG_05843;FGSG_05926;FGSG_06055;FGSG_06257;FGSG_06702;FGSG_07075;FGSG_07528;FGSG_08601;FGSG_08712;FGSG_08774;FGSG_09012;FGSG_09280;FGSG_09456;FGSG_09826;FGSG_09834;FGSG_10347;FGSG_10947;FGSG_11658;FGSG_12180;FGSG_12223,1,uncharacterized protein,GO:0015986;GO:0015991;GO:0016021;GO:0045263;GO:0046961
FGSG_07085,53,0.5041778137440777,24.274889043314577,FGSG_00330;FGSG_00743;FGSG_00765;FGSG_01422;FGSG_01621;FGSG_02030;FGSG_02271;FGSG_02272;FGSG_02461;FGSG_02554;FGSG_02782;FGSG_03061;FGSG_03295;FGSG_03340;FGSG_03546;FGSG_03547;FGSG_03548;FGSG_03747;FGSG_03894;FGSG_03992;FGSG_04458;FGSG_04490;FGSG_04588;FGSG_04589;FGSG_04590;FGSG_04591;FGSG_04592;FGSG_04593;FGSG_04596;FGSG_04763;FGSG_05368;FGSG_05610;FGSG_06055;FGSG_06257;FGSG_07075;FGSG_07528;FGSG_08493;FGSG_08601;FGSG_08712;FGSG_08774;FGSG_09012;FGSG_09280;FGSG_09456;FGSG_09826;FGSG_09834;FGSG_10347;FGSG_10922;FGSG_10947;FGSG_11206;FGSG_12180;FGSG_12222;FGSG_12223;FGSG_13136,1,uncharacterized protein,
FGSG_09178,52,0.5085298581547711,24.46827278976764,FGSG_00330;FGSG_00743;FGSG_00765;FGSG_01422;FGSG_02030;FGSG_02271;FGSG_02272;FGSG_02461;FGSG_02554;FGSG_02782;FGSG_03061;FGSG_03295;FGSG_03340;FGSG_03546;FGSG_03547;FGSG_03548;FGSG_03894;FGSG_03992;FGSG_04458;FGSG_04490;FGSG_04588;FGSG_04589;FGSG_04590;FGSG_04591;FGSG_04592;FGSG_04593;FGSG_04596;FGSG_04763;FGSG_05368;FGSG_05610;FGSG_05843;FGSG_06055;FGSG_06257;FGSG_07075;FGSG_07528;FGSG_08493;FGSG_08601;FGSG_08712;FGSG_08774;FGSG_09012;FGSG_09280;FGSG_09456;FGSG_09826;FGSG_09834;FGSG_10347;FGSG_10922;FGSG_10947;FGSG_11206;FGSG_12180;FGSG_12222;FGSG_12223;FGSG_13136,1,uncharacterized protein,GO:0000981;GO:0003677;GO:0005634;GO:0006351;GO:0006357;GO:0008270
FGSG_03422,52,0.4986504916911885,24.33767930439982,FGSG_00043;FGSG_00330;FGSG_00743;FGSG_01346;FGSG_01422;FGSG_01947;FGSG_02030;FGSG_02271;FGSG_02272;FGSG_02461;FGSG_02554;FGSG_03061;FGSG_03295;FGSG_03340;FGSG_03546;FGSG_03547;FGSG_03548;FGSG_03894;FGSG_03992;FGSG_04458;FGSG_04490;FGSG_04588;FGSG_04589;FGSG_04590;FGSG_04591;FGSG_04592;FGSG_04593;FGSG_04596;FGSG_04763;FGSG_05368;FGSG_05610;FGSG_05843;FGSG_05926;FGSG_06055;FGSG_06257;FGSG_07075;FGSG_07528;FGSG_08601;FGSG_08712;FGSG_08774;FGSG_09012;FGSG_09280;FGSG_09456;FGSG_09826;FGSG_09834;FGSG_10347;FGSG_10922;FGSG_10947;FGSG_12180;FGSG_12222;FGSG_12223;FGSG_13136,1,uncharacterized protein,GO:0016831
FGSG_11757,52,0.5072631565634188,24.238185837579117,FGSG_00330;FGSG_00743;FGSG_00765;FGSG_01422;FGSG_02030;FGSG_02271;FGSG_02272;FGSG_02461;FGSG_02782;FGSG_03061;FGSG_03295;FGSG_03340;FGSG_03546;FGSG_03547;FGSG_03548;FGSG_03894;FGSG_03992;FGSG_04309;FGSG_04458;FGSG_04490;FGSG_04588;FGSG_04589;FGSG_04590;FGSG_04591;FGSG_04592;FGSG_04593;FGSG_04596;FGSG_04763;FGSG_05368;FGSG_05610;FGSG_05843;FGSG_06055;FGSG_06257;FGSG_06506;FGSG_07075;FGSG_07528;FGSG_08601;FGSG_08712;FGSG_08774;FGSG_09012;FGSG_09280;FGSG_09456;FGSG_09826;FGSG_09834;FGSG_10347;FGSG_10922;FGSG_10947;FGSG_11206;FGSG_12180;FGSG_12222;FGSG_12223;FGSG_13136,1,uncharacterized protein,
FGSG_03913,52,0.5050120767244248,24.22376184144619,FGSG_00330;FGSG_00743;FGSG_00765;FGSG_01422;FGSG_02030;FGSG_02271;FGSG_02272;FGSG_02461;FGSG_02554;FGSG_02972;FGSG_03061;FGSG_03295;FGSG_03340;FGSG_03546;FGSG_03547;FGSG_03548;FGSG_03747;FGSG_03894;FGSG_03992;FGSG_04458;FGSG_04490;FGSG_04588;FGSG_04589;FGSG_04590;FGSG_04591;FGSG_04592;FGSG_04593;FGSG_04596;FGSG_04763;FGSG_05368;FGSG_05610;FGSG_06055;FGSG_06257;FGSG_07075;FGSG_07528;FGSG_08493;FGSG_08601;FGSG_08712;FGSG_08774;FGSG_09012;FGSG_09280;FGSG_09456;FGSG_09826;FGSG_09834;FGSG_10347;FGSG_10922;FGSG_10947;FGSG_11206;FGSG_12180;FGSG_12222;FGSG_12223;FGSG_13136,1,uncharacterized protein,GO:0008270;GO:0016491;GO:0055114
FGSG_04182,52,0.4924231672463764,24.035230232477666,FGSG_00043;FGSG_00330;FGSG_00743;FGSG_01346;FGSG_01422;FGSG_01947;FGSG_02030;FGSG_02271;FGSG_02272;FGSG_02461;FGSG_02554;FGSG_03061;FGSG_03295;FGSG_03340;FGSG_03546;FGSG_03547;FGSG_03548;FGSG_03894;FGSG_03992;FGSG_04458;FGSG_04490;FGSG_04588;FGSG_04589;FGSG_04590;FGSG_04591;FGSG_04592;FGSG_04593;FGSG_04595;FGSG_04596;FGSG_04763;FGSG_05368;FGSG_05610;FGSG_05843;FGSG_05926;FGSG_06055;FGSG_06257;FGSG_06702;FGSG_07075;FGSG_07528;FGSG_08601;FGSG_08712;FGSG_08774;FGSG_09012;FGSG_09280;FGSG_09456;FGSG_09826;FGSG_09834;FGSG_10347;FGSG_10947;FGSG_12180;FGSG_12223;FGSG_13136,1,uncharacterized protein,GO:0003333;GO:0015171;GO:0016021
FGSG_09373,52,0.4987977650654687,23.941672288526338,FGSG_00175;FGSG_00330;FGSG_00500;FGSG_00743;FGSG_01346;FGSG_01422;FGSG_01947;FGSG_02030;FGSG_02271;FGSG_02272;FGSG_02461;FGSG_02782;FGSG_03061;FGSG_03295;FGSG_03546;FGSG_03547;FGSG_03548;FGSG_03894;FGSG_03992;FGSG_04458;FGSG_04490;FGSG_04588;FGSG_04589;FGSG_04590;FGSG_04591;FGSG_04592;FGSG_04593;FGSG_04595;FGSG_04596;FGSG_04763;FGSG_05368;FGSG_05610;FGSG_05843;FGSG_06055;FGSG_06257;FGSG_06702;FGSG_07075;FGSG_07528;FGSG_08601;FGSG_08712;FGSG_08774;FGSG_09012;FGSG_09280;FGSG_09456;FGSG_09826;FGSG_09834;FGSG_10347;FGSG_10947;FGSG_11206;FGSG_12180;FGSG_12223;FGSG_13136,1,uncharacterized protein,GO:0000104;GO:0055114
FGSG_13521,52,0.4989807545809944,23.93858762655312,FGSG_00175;FGSG_00330;FGSG_00743;FGSG_00765;FGSG_01422;FGSG_01947;FGSG_02030;FGSG_02271;FGSG_02272;FGSG_02461;FGSG_02782;FGSG_03061;FGSG_03295;FGSG_03546;FGSG_03547;FGSG_03548;FGSG_03894;FGSG_03992;FGSG_04458;FGSG_04490;FGSG_04588;FGSG_04589;FGSG_04590;FGSG_04591;FGSG_04592;FGSG_04593;FGSG_04595;FGSG_04596;FGSG_04763;FGSG_05368;FGSG_05610;FGSG_05843;FGSG_06055;FGSG_06257;FGSG_06506;FGSG_06702;FGSG_07075;FGSG_07528;FGSG_08601;FGSG_08712;FGSG_08774;FGSG_09012;FGSG_09280;FGSG_09456;FGSG_09826;FGSG_09834;FGSG_10347;FGSG_10947;FGSG_11206;FGSG_12180;FGSG_12223;FGSG_13136,1,uncharacterized protein,
FGSG_12009,52,0.5057864023006504,23.92824916725581,FGSG_00330;FGSG_00743;FGSG_00765;FGSG_01422;FGSG_01621;FGSG_02030;FGSG_02271;FGSG_02272;FGSG_02461;FGSG_02782;FGSG_03061;FGSG_03295;FGSG_03340;FGSG_03546;FGSG_03547;FGSG_03548;FGSG_03894;FGSG_03992;FGSG_04309;FGSG_04458;FGSG_04490;FGSG_04588;FGSG_04589;FGSG_04590;FGSG_04591;FGSG_04592;FGSG_04593;FGSG_04596;FGSG_05368;FGSG_05610;FGSG_06055;FGSG_06257;FGSG_06506;FGSG_07075;FGSG_07528;FGSG_08493;FGSG_08601;FGSG_08712;FGSG_08774;FGSG_09012;FGSG_09280;FGSG_09456;FGSG_09826;FGSG_09834;FGSG_10347;FGSG_10922;FGSG_10947;FGSG_11206;FGSG_12180;FGSG_12222;FGSG_12223;FGSG_13136,1,uncharacterized protein,
FGSG_03005,52,0.4951646941890259,23.890040664913247,FGSG_00043;FGSG_00330;FGSG_00743;FGSG_01346;FGSG_01422;FGSG_01947;FGSG_02030;FGSG_02271;FGSG_02272;FGSG_02461;FGSG_02554;FGSG_03061;FGSG_03295;FGSG_03340;FGSG_03546;FGSG_03547;FGSG_03548;FGSG_03894;FGSG_03992;FGSG_04458;FGSG_04490;FGSG_04588;FGSG_04589;FGSG_04590;FGSG_04591;FGSG_04592;FGSG_04593;FGSG_04596;FGSG_04763;FGSG_05368;FGSG_05610;FGSG_05843;FGSG_05926;FGSG_06055;FGSG_06257;FGSG_07075;FGSG_07528;FGSG_08601;FGSG_08712;FGSG_08774;FGSG_09012;FGSG_09280;FGSG_09456;FGSG_09826;FGSG_09834;FGSG_10347;FGSG_10922;FGSG_10947;FGSG_12180;FGSG_12222;FGSG_12223;FGSG_13136,1,uncharacterized protein,GO:0016021
FGSG_07721,52,0.4879225227439048,23.59155864717132,FGSG_00043;FGSG_00044;FGSG_00048;FGSG_00330;FGSG_00743;FGSG_01346;FGSG_01422;FGSG_01947;FGSG_02030;FGSG_02271;FGSG_02272;FGSG_02461;FGSG_02554;FGSG_03061;FGSG_03295;FGSG_03340;FGSG_03546;FGSG_03547;FGSG_03548;FGSG_03894;FGSG_03992;FGSG_04458;FGSG_04490;FGSG_04589;FGSG_04590;FGSG_04591;FGSG_04592;FGSG_04593;FGSG_04595;FGSG_04596;FGSG_04763;FGSG_04852;FGSG_05610;FGSG_05843;FGSG_05926;FGSG_06055;FGSG_06257;FGSG_07075;FGSG_07528;FGSG_08601;FGSG_08712;FGSG_08774;FGSG_09012;FGSG_09280;FGSG_09456;FGSG_09826;FGSG_09834;FGSG_10347;FGSG_10947;FGSG_11658;FGSG_12180;FGSG_12223,1,uncharacterized protein,GO:0004065;GO:0018958
FGSG_09308,52,0.4860040317806463,23.523161285505036,FGSG_00043;FGSG_00044;FGSG_00330;FGSG_00743;FGSG_01346;FGSG_01422;FGSG_01947;FGSG_02030;FGSG_02271;FGSG_02272;FGSG_02461;FGSG_02554;FGSG_03061;FGSG_03295;FGSG_03340;FGSG_03546;FGSG_03547;FGSG_03548;FGSG_03894;FGSG_03992;FGSG_04458;FGSG_04490;FGSG_04588;FGSG_04589;FGSG_04590;FGSG_04591;FGSG_04592;FGSG_04593;FGSG_04595;FGSG_04596;FGSG_04763;FGSG_04852;FGSG_05610;FGSG_05843;FGSG_05926;FGSG_06055;FGSG_06257;FGSG_07075;FGSG_07528;FGSG_08601;FGSG_08712;FGSG_08774;FGSG_09012;FGSG_09280;FGSG_09456;FGSG_09826;FGSG_09834;FGSG_10347;FGSG_10922;FGSG_10947;FGSG_12180;FGSG_12223,1,uncharacterized protein,GO:0046983
FGSG_00321,52,0.48397219385146506,23.478286487075856,FGSG_00043;FGSG_00044;FGSG_00048;FGSG_00330;FGSG_00743;FGSG_01346;FGSG_01422;FGSG_01947;FGSG_02030;FGSG_02271;FGSG_02272;FGSG_02461;FGSG_02554;FGSG_03061;FGSG_03295;FGSG_03340;FGSG_03546;FGSG_03547;FGSG_03548;FGSG_03894;FGSG_03992;FGSG_04458;FGSG_04490;FGSG_04589;FGSG_04590;FGSG_04591;FGSG_04592;FGSG_04593;FGSG_04595;FGSG_04596;FGSG_04763;FGSG_04852;FGSG_05610;FGSG_05843;FGSG_05926;FGSG_06055;FGSG_06257;FGSG_07075;FGSG_07528;FGSG_08601;FGSG_08712;FGSG_08774;FGSG_09012;FGSG_09280;FGSG_09456;FGSG_09826;FGSG_09834;FGSG_10347;FGSG_10947;FGSG_11658;FGSG_12180;FGSG_12223,1,uncharacterized protein,
FGSG_00561,52,0.5059073584868032,23.47666579291321,FGSG_00330;FGSG_00743;FGSG_00765;FGSG_01422;FGSG_01621;FGSG_02030;FGSG_02271;FGSG_02272;FGSG_02461;FGSG_02554;FGSG_02972;FGSG_03061;FGSG_03295;FGSG_03340;FGSG_03546;FGSG_03547;FGSG_03548;FGSG_03747;FGSG_03894;FGSG_03992;FGSG_04458;FGSG_04490;FGSG_04588;FGSG_04589;FGSG_04590;FGSG_04591;FGSG_04592;FGSG_04593;FGSG_04596;FGSG_05368;FGSG_05610;FGSG_06055;FGSG_07075;FGSG_07528;FGSG_08493;FGSG_08601;FGSG_08712;FGSG_08774;FGSG_09012;FGSG_09280;FGSG_09456;FGSG_09826;FGSG_09834;FGSG_10347;FGSG_10444;FGSG_10922;FGSG_10947;FGSG_11206;FGSG_12180;FGSG_12222;FGSG_12223;FGSG_13136,1,cytochrome c1,GO:0005750;GO:0006122;GO:0020037;GO:0045153
FGSG_09845,52,0.49932349135227616,23.22040978392834,FGSG_00330;FGSG_00743;FGSG_00765;FGSG_01422;FGSG_02030;FGSG_02271;FGSG_02272;FGSG_02461;FGSG_02554;FGSG_02972;FGSG_03061;FGSG_03295;FGSG_03340;FGSG_03546;FGSG_03547;FGSG_03548;FGSG_03747;FGSG_03894;FGSG_03992;FGSG_04458;FGSG_04490;FGSG_04588;FGSG_04589;FGSG_04590;FGSG_04591;FGSG_04592;FGSG_04593;FGSG_04596;FGSG_04763;FGSG_05368;FGSG_05610;FGSG_06055;FGSG_06257;FGSG_07075;FGSG_07528;FGSG_08493;FGSG_08601;FGSG_08712;FGSG_08774;FGSG_09012;FGSG_09280;FGSG_09456;FGSG_09826;FGSG_09834;FGSG_10347;FGSG_10922;FGSG_10947;FGSG_11206;FGSG_12180;FGSG_12222;FGSG_12223;FGSG_13136,1,uncharacterized protein,GO:0006629;GO:0016021;GO:0016491;GO:0055114
FGSG_09378,51,0.5020813020494181,23.691260704326798,FGSG_00330;FGSG_00743;FGSG_00765;FGSG_01422;FGSG_02030;FGSG_02271;FGSG_02272;FGSG_02461;FGSG_02554;FGSG_03061;FGSG_03295;FGSG_03340;FGSG_03546;FGSG_03547;FGSG_03548;FGSG_03894;FGSG_03992;FGSG_04458;FGSG_04490;FGSG_04588;FGSG_04589;FGSG_04590;FGSG_04591;FGSG_04592;FGSG_04593;FGSG_04596;FGSG_04763;FGSG_05368;FGSG_05610;FGSG_05843;FGSG_05926;FGSG_06055;FGSG_06257;FGSG_07075;FGSG_07528;FGSG_08601;FGSG_08712;FGSG_08774;FGSG_09012;FGSG_09280;FGSG_09456;FGSG_09826;FGSG_09834;FGSG_10347;FGSG_10922;FGSG_10947;FGSG_11206;FGSG_12180;FGSG_12222;FGSG_12223;FGSG_13136,1,uncharacterized protein,
FGSG_00644,51,0.5023705112203163,23.668986325768806,FGSG_00330;FGSG_00743;FGSG_00765;FGSG_01422;FGSG_02030;FGSG_02271;FGSG_02272;FGSG_02461;FGSG_02554;FGSG_02782;FGSG_03061;FGSG_03295;FGSG_03340;FGSG_03546;FGSG_03547;FGSG_03548;FGSG_03894;FGSG_03992;FGSG_04458;FGSG_04490;FGSG_04588;FGSG_04589;FGSG_04590;FGSG_04591;FGSG_04592;FGSG_04593;FGSG_04596;FGSG_04763;FGSG_05368;FGSG_05610;FGSG_05843;FGSG_06055;FGSG_06257;FGSG_07075;FGSG_07528;FGSG_08601;FGSG_08712;FGSG_08774;FGSG_09012;FGSG_09280;FGSG_09456;FGSG_09826;FGSG_09834;FGSG_10347;FGSG_10922;FGSG_10947;FGSG_11206;FGSG_12180;FGSG_12222;FGSG_12223;FGSG_13136,1,uncharacterized protein,GO:0005750;GO:0006122;GO:0008121;GO:0009060;GO:0030061;GO:0046872;GO:1902600
FGSG_10618,51,0.4894309056273302,23.586803107735935,FGSG_00043;FGSG_00330;FGSG_00743;FGSG_01346;FGSG_01422;FGSG_01947;FGSG_02030;FGSG_02271;FGSG_02272;FGSG_02461;FGSG_02554;FGSG_03061;FGSG_03295;FGSG_03340;FGSG_03546;FGSG_03547;FGSG_03548;FGSG_03894;FGSG_03992;FGSG_04458;FGSG_04490;FGSG_04588;FGSG_04589;FGSG_04590;FGSG_04591;FGSG_04592;FGSG_04593;FGSG_04595;FGSG_04596;FGSG_04763;FGSG_05610;FGSG_05843;FGSG_05926;FGSG_06055;FGSG_06257;FGSG_06702;FGSG_07075;FGSG_07528;FGSG_08601;FGSG_08712;FGSG_08774;FGSG_09012;FGSG_09280;FGSG_09456;FGSG_09826;FGSG_09834;FGSG_10347;FGSG_10947;FGSG_12180;FGSG_12223;FGSG_13136,1,uncharacterized protein,GO:0016021
FGSG_05842,51,0.5050383834771327,23.35299026261538,FGSG_00330;FGSG_00743;FGSG_00765;FGSG_01422;FGSG_02030;FGSG_02271;FGSG_02272;FGSG_02461;FGSG_02554;FGSG_02972;FGSG_03061;FGSG_03295;FGSG_03340;FGSG_03546;FGSG_03547;FGSG_03548;FGSG_03747;FGSG_03894;FGSG_03992;FGSG_04458;FGSG_04490;FGSG_04588;FGSG_04589;FGSG_04590;FGSG_04591;FGSG_04592;FGSG_04593;FGSG_04596;FGSG_05368;FGSG_05610;FGSG_06055;FGSG_07075;FGSG_07528;FGSG_08493;FGSG_08601;FGSG_08712;FGSG_08774;FGSG_09012;FGSG_09280;FGSG_09456;FGSG_09826;FGSG_09834;FGSG_10347;FGSG_10444;FGSG_10922;FGSG_10947;FGSG_11206;FGSG_12180;FGSG_12222;FGSG_12223;FGSG_13136,1,uncharacterized protein,
FGSG_10202,51,0.4970771582123552,23.235163817651394,FGSG_00330;FGSG_00743;FGSG_00765;FGSG_01422;FGSG_01621;FGSG_02030;FGSG_02271;FGSG_02272;FGSG_02461;FGSG_02782;FGSG_03061;FGSG_03295;FGSG_03340;FGSG_03546;FGSG_03547;FGSG_03548;FGSG_03894;FGSG_03992;FGSG_04458;FGSG_04588;FGSG_04589;FGSG_04590;FGSG_04591;FGSG_04592;FGSG_04593;FGSG_04596;FGSG_04763;FGSG_05368;FGSG_05610;FGSG_05843;FGSG_06055;FGSG_06257;FGSG_06506;FGSG_07075;FGSG_07528;FGSG_08601;FGSG_08712;FGSG_08774;FGSG_09012;FGSG_09280;FGSG_09456;FGSG_09826;FGSG_09834;FGSG_10347;FGSG_10922;FGSG_10947;FGSG_11206;FGSG_12180;FGSG_12222;FGSG_12223;FGSG_13136,1,uncharacterized protein,GO:0005829;GO:0008270;GO:0071243
FGSG_12851,51,0.48672771172564105,23.127268559630455,FGSG_00043;FGSG_00330;FGSG_00743;FGSG_01346;FGSG_01422;FGSG_01947;FGSG_02030;FGSG_02271;FGSG_02272;FGSG_02461;FGSG_02554;FGSG_03061;FGSG_03295;FGSG_03340;FGSG_03546;FGSG_03547;FGSG_03548;FGSG_03894;FGSG_03992;FGSG_04458;FGSG_04490;FGSG_04589;FGSG_04590;FGSG_04591;FGSG_04592;FGSG_04593;FGSG_04595;FGSG_04596;FGSG_04763;FGSG_04852;FGSG_05610;FGSG_05843;FGSG_05926;FGSG_06055;FGSG_06257;FGSG_06702;FGSG_07075;FGSG_07528;FGSG_08601;FGSG_08712;FGSG_08774;FGSG_09012;FGSG_09280;FGSG_09456;FGSG_09826;FGSG_09834;FGSG_10347;FGSG_10947;FGSG_12180;FGSG_12223;FGSG_13136,1,allantoicase,GO:0000256;GO:0004037
FGSG_00838,51,0.5045388108650453,23.070655948665248,FGSG_00330;FGSG_00743;FGSG_00765;FGSG_01422;FGSG_01621;FGSG_02030;FGSG_02271;FGSG_02272;FGSG_02461;FGSG_02554;FGSG_02972;FGSG_03061;FGSG_03295;FGSG_03340;FGSG_03546;FGSG_03547;FGSG_03548;FGSG_03747;FGSG_03894;FGSG_03992;FGSG_04458;FGSG_04490;FGSG_04588;FGSG_04589;FGSG_04590;FGSG_04591;FGSG_04592;FGSG_04593;FGSG_04596;FGSG_05368;FGSG_05610;FGSG_06055;FGSG_07075;FGSG_07528;FGSG_08493;FGSG_08601;FGSG_08712;FGSG_08774;FGSG_09012;FGSG_09280;FGSG_09456;FGSG_09826;FGSG_09834;FGSG_10347;FGSG_10922;FGSG_10947;FGSG_11206;FGSG_12180;FGSG_12222;FGSG_12223;FGSG_13136,1,heat shock protein 70,GO:0005524;GO:0005634;GO:0005737;GO:0006457;GO:0006616;GO:0016021;GO:0051082
FGSG_02291,51,0.4941405134384616,23.034741381299412,FGSG_00175;FGSG_00330;FGSG_00500;FGSG_00743;FGSG_01346;FGSG_01422;FGSG_01947;FGSG_02030;FGSG_02271;FGSG_02272;FGSG_02461;FGSG_02782;FGSG_03061;FGSG_03295;FGSG_03546;FGSG_03547;FGSG_03548;FGSG_03894;FGSG_03992;FGSG_04458;FGSG_04490;FGSG_04588;FGSG_04589;FGSG_04590;FGSG_04591;FGSG_04592;FGSG_04593;FGSG_04595;FGSG_04596;FGSG_04763;FGSG_05610;FGSG_05843;FGSG_05926;FGSG_06055;FGSG_06257;FGSG_06702;FGSG_07075;FGSG_07528;FGSG_08601;FGSG_08712;FGSG_08774;FGSG_09012;FGSG_09280;FGSG_09456;FGSG_09826;FGSG_09834;FGSG_10347;FGSG_10947;FGSG_12180;FGSG_12223;FGSG_13136,1,uncharacterized protein,GO:0008270;GO:0016491;GO:0055114
FGSG_07925,51,0.4890281216390156,22.92672316295986,FGSG_00175;FGSG_00330;FGSG_00500;FGSG_00743;FGSG_01346;FGSG_01422;FGSG_01947;FGSG_02030;FGSG_02271;FGSG_02272;FGSG_02461;FGSG_02782;FGSG_03061;FGSG_03295;FGSG_03546;FGSG_03547;FGSG_03548;FGSG_03558;FGSG_03894;FGSG_03992;FGSG_04458;FGSG_04490;FGSG_04588;FGSG_04589;FGSG_04590;FGSG_04591;FGSG_04592;FGSG_04593;FGSG_04595;FGSG_04596;FGSG_04763;FGSG_05610;FGSG_05843;FGSG_05926;FGSG_06055;FGSG_06257;FGSG_06702;FGSG_07075;FGSG_07528;FGSG_08601;FGSG_08712;FGSG_08774;FGSG_09012;FGSG_09280;FGSG_09456;FGSG_09826;FGSG_09834;FGSG_10347;FGSG_10947;FGSG_12223;FGSG_13136,1,uncharacterized protein,GO:0019825;GO:0020037
FGSG_00300,50,0.49392227537347005,22.933695380802572,FGSG_00330;FGSG_00743;FGSG_00765;FGSG_01422;FGSG_01947;FGSG_02030;FGSG_02271;FGSG_02272;FGSG_02461;FGSG_02782;FGSG_03061;FGSG_03295;FGSG_03340;FGSG_03546;FGSG_03547;FGSG_03548;FGSG_03894;FGSG_03992;FGSG_04458;FGSG_04490;FGSG_04588;FGSG_04589;FGSG_04590;FGSG_04591;FGSG_04592;FGSG_04593;FGSG_04596;FGSG_04763;FGSG_05368;FGSG_05610;FGSG_05843;FGSG_06055;FGSG_06257;FGSG_07075;FGSG_07528;FGSG_08601;FGSG_08712;FGSG_08774;FGSG_09012;FGSG_09280;FGSG_09456;FGSG_09826;FGSG_09834;FGSG_10347;FGSG_10922;FGSG_10947;FGSG_11206;FGSG_12180;FGSG_12223;FGSG_13136,1,ATP synthase subunit 5,GO:0000274;GO:0015986;GO:0046933;GO:0046961
FGSG_13321,50,0.50299103253951,22.844574930258464,FGSG_00330;FGSG_00743;FGSG_00765;FGSG_01422;FGSG_02030;FGSG_02271;FGSG_02272;FGSG_02461;FGSG_02782;FGSG_03061;FGSG_03295;FGSG_03340;FGSG_03546;FGSG_03547;FGSG_03548;FGSG_03894;FGSG_03992;FGSG_04458;FGSG_04490;FGSG_04588;FGSG_04589;FGSG_04590;FGSG_04591;FGSG_04592;FGSG_04593;FGSG_04596;FGSG_04763;FGSG_05368;FGSG_05610;FGSG_06055;FGSG_06257;FGSG_07075;FGSG_07528;FGSG_08493;FGSG_08601;FGSG_08712;FGSG_08774;FGSG_09012;FGSG_09280;FGSG_09456;FGSG_09826;FGSG_09834;FGSG_10347;FGSG_10922;FGSG_10947;FGSG_11206;FGSG_12180;FGSG_12222;FGSG_12223;FGSG_13136,1,uncharacterized protein,GO:0005623;GO:0045454
FGSG_06644,50,0.4906911227706263,22.78430288399456,FGSG_00330;FGSG_00743;FGSG_01422;FGSG_01947;FGSG_02030;FGSG_02271;FGSG_02272;FGSG_02461;FGSG_02554;FGSG_02782;FGSG_03061;FGSG_03295;FGSG_03340;FGSG_03546;FGSG_03547;FGSG_03548;FGSG_03894;FGSG_03992;FGSG_04458;FGSG_04490;FGSG_04588;FGSG_04589;FGSG_04590;FGSG_04591;FGSG_04592;FGSG_04593;FGSG_04596;FGSG_04763;FGSG_05368;FGSG_05610;FGSG_05843;FGSG_05926;FGSG_06055;FGSG_06257;FGSG_07075;FGSG_07528;FGSG_08601;FGSG_08712;FGSG_08774;FGSG_09012;FGSG_09280;FGSG_09456;FGSG_09826;FGSG_09834;FGSG_10347;FGSG_10922;FGSG_10947;FGSG_12180;FGSG_12223;FGSG_13136,1,uncharacterized protein,GO:0005737;GO:0006614;GO:0016021;GO:0046967
FGSG_06560,50,0.4967686857874771,22.749865957913393,FGSG_00330;FGSG_00743;FGSG_01422;FGSG_01947;FGSG_02030;FGSG_02271;FGSG_02272;FGSG_02461;FGSG_02782;FGSG_03061;FGSG_03295;FGSG_03340;FGSG_03546;FGSG_03547;FGSG_03548;FGSG_03894;FGSG_03992;FGSG_04458;FGSG_04490;FGSG_04588;FGSG_04589;FGSG_04590;FGSG_04591;FGSG_04592;FGSG_04593;FGSG_04595;FGSG_04596;FGSG_04763;FGSG_05368;FGSG_05610;FGSG_05843;FGSG_06055;FGSG_06257;FGSG_07075;FGSG_07528;FGSG_08601;FGSG_08712;FGSG_08774;FGSG_09012;FGSG_09280;FGSG_09456;FGSG_09826;FGSG_09834;FGSG_10347;FGSG_10947;FGSG_11206;FGSG_12180;FGSG_12222;FGSG_12223;FGSG_13136,1,methionine aminopeptidase 2B,GO:0005829;GO:0006508;GO:0046872;GO:0070006;GO:0070084
FGSG_13004,50,0.4974442421775172,22.687243035255662,FGSG_00330;FGSG_00743;FGSG_01422;FGSG_02030;FGSG_02271;FGSG_02272;FGSG_02461;FGSG_02554;FGSG_03061;FGSG_03295;FGSG_03340;FGSG_03546;FGSG_03547;FGSG_03548;FGSG_03894;FGSG_03992;FGSG_04458;FGSG_04490;FGSG_04588;FGSG_04589;FGSG_04590;FGSG_04591;FGSG_04592;FGSG_04593;FGSG_04596;FGSG_04763;FGSG_05368;FGSG_05610;FGSG_05843;FGSG_05926;FGSG_06055;FGSG_06257;FGSG_07075;FGSG_07528;FGSG_08601;FGSG_08712;FGSG_08774;FGSG_09012;FGSG_09280;FGSG_09456;FGSG_09826;FGSG_09834;FGSG_10347;FGSG_10922;FGSG_10947;FGSG_11206;FGSG_12180;FGSG_12222;FGSG_12223;FGSG_13136,1,uncharacterized protein,GO:0003677;GO:0006904;GO:0008168;GO:0016491;GO:0032259;GO:0055114
FGSG_03984,50,0.49988454611874594,22.648083876593397,FGSG_00175;FGSG_00330;FGSG_00500;FGSG_00743;FGSG_01422;FGSG_01947;FGSG_02030;FGSG_02271;FGSG_02272;FGSG_02461;FGSG_02782;FGSG_03061;FGSG_03295;FGSG_03546;FGSG_03547;FGSG_03548;FGSG_03894;FGSG_03992;FGSG_04458;FGSG_04490;FGSG_04588;FGSG_04589;FGSG_04590;FGSG_04591;FGSG_04592;FGSG_04593;FGSG_04595;FGSG_04596;FGSG_04763;FGSG_05610;FGSG_05843;FGSG_06055;FGSG_06257;FGSG_06702;FGSG_07075;FGSG_07528;FGSG_08601;FGSG_08712;FGSG_08774;FGSG_09012;FGSG_09280;FGSG_09456;FGSG_09826;FGSG_09834;FGSG_10347;FGSG_10947;FGSG_11206;FGSG_12180;FGSG_12223;FGSG_13136,1,uncharacterized protein,GO:0004497;GO:0010181;GO:0055114
FGSG_09906,50,0.48247494459105844,22.64563413157108,FGSG_00043;FGSG_00044;FGSG_00330;FGSG_00743;FGSG_01346;FGSG_01422;FGSG_01947;FGSG_02030;FGSG_02271;FGSG_02272;FGSG_02461;FGSG_02554;FGSG_03061;FGSG_03295;FGSG_03340;FGSG_03546;FGSG_03547;FGSG_03548;FGSG_03894;FGSG_03992;FGSG_04458;FGSG_04490;FGSG_04589;FGSG_04590;FGSG_04591;FGSG_04592;FGSG_04593;FGSG_04595;FGSG_04596;FGSG_04763;FGSG_04852;FGSG_05610;FGSG_05843;FGSG_05926;FGSG_06055;FGSG_06257;FGSG_07075;FGSG_07528;FGSG_08601;FGSG_08712;FGSG_08774;FGSG_09012;FGSG_09280;FGSG_09456;FGSG_09826;FGSG_09834;FGSG_10347;FGSG_10947;FGSG_12180;FGSG_12223,1,uncharacterized protein,
FGSG_05401,50,0.49188618977654924,22.639763671951073,FGSG_00043;FGSG_00175;FGSG_00330;FGSG_00500;FGSG_00743;FGSG_01346;FGSG_01422;FGSG_01947;FGSG_02030;FGSG_02271;FGSG_02272;FGSG_02461;FGSG_03061;FGSG_03295;FGSG_03546;FGSG_03547;FGSG_03548;FGSG_03894;FGSG_03992;FGSG_04458;FGSG_04490;FGSG_04589;FGSG_04590;FGSG_04591;FGSG_04592;FGSG_04593;FGSG_04595;FGSG_04596;FGSG_04763;FGSG_05610;FGSG_05843;FGSG_05926;FGSG_06055;FGSG_06257;FGSG_06702;FGSG_07075;FGSG_07528;FGSG_08601;FGSG_08712;FGSG_08774;FGSG_09012;FGSG_09280;FGSG_09456;FGSG_09826;FGSG_09834;FGSG_10347;FGSG_10947;FGSG_12180;FGSG_12223;FGSG_13136,1,uncharacterized protein,
FGSG_02281,49,0.5003656970438197,22.712239993724545,FGSG_00330;FGSG_00743;FGSG_00765;FGSG_01422;FGSG_02030;FGSG_02271;FGSG_02272;FGSG_02461;FGSG_02782;FGSG_03061;FGSG_03295;FGSG_03546;FGSG_03547;FGSG_03548;FGSG_03894;FGSG_03992;FGSG_04458;FGSG_04490;FGSG_04588;FGSG_04589;FGSG_04590;FGSG_04591;FGSG_04592;FGSG_04593;FGSG_04596;FGSG_04763;FGSG_05368;FGSG_05610;FGSG_05843;FGSG_06055;FGSG_06257;FGSG_07075;FGSG_07528;FGSG_08601;FGSG_08712;FGSG_08774;FGSG_09012;FGSG_09280;FGSG_09456;FGSG_09826;FGSG_09834;FGSG_10347;FGSG_10922;FGSG_10947;FGSG_11206;FGSG_12180;FGSG_12222;FGSG_12223;FGSG_13136,1,uncharacterized protein,GO:0016021;GO:0055085
FGSG_00871,49,0.498632636809053,22.618369674146408,FGSG_00330;FGSG_00743;FGSG_00765;FGSG_01422;FGSG_02030;FGSG_02271;FGSG_02272;FGSG_02461;FGSG_02782;FGSG_03061;FGSG_03295;FGSG_03546;FGSG_03547;FGSG_03548;FGSG_03894;FGSG_03992;FGSG_04458;FGSG_04490;FGSG_04588;FGSG_04589;FGSG_04590;FGSG_04591;FGSG_04592;FGSG_04593;FGSG_04596;FGSG_04763;FGSG_05368;FGSG_05610;FGSG_05843;FGSG_06055;FGSG_06257;FGSG_06506;FGSG_07075;FGSG_07528;FGSG_08601;FGSG_08712;FGSG_08774;FGSG_09012;FGSG_09280;FGSG_09456;FGSG_09826;FGSG_09834;FGSG_10347;FGSG_10947;FGSG_11206;FGSG_12180;FGSG_12222;FGSG_12223;FGSG_13136,1,thioredoxin reductase,GO:0004791;GO:0005634;GO:0005829;GO:0019430;GO:0055114
FGSG_02814,49,0.4993404882638255,22.57229235320608,FGSG_00330;FGSG_00743;FGSG_00765;FGSG_01422;FGSG_02030;FGSG_02271;FGSG_02272;FGSG_02461;FGSG_02782;FGSG_03061;FGSG_03295;FGSG_03546;FGSG_03547;FGSG_03548;FGSG_03894;FGSG_03992;FGSG_04458;FGSG_04490;FGSG_04588;FGSG_04589;FGSG_04590;FGSG_04591;FGSG_04592;FGSG_04593;FGSG_04595;FGSG_04596;FGSG_04763;FGSG_05368;FGSG_05610;FGSG_05843;FGSG_06055;FGSG_06257;FGSG_07075;FGSG_07528;FGSG_08601;FGSG_08712;FGSG_08774;FGSG_09012;FGSG_09280;FGSG_09456;FGSG_09826;FGSG_09834;FGSG_10347;FGSG_10947;FGSG_11206;FGSG_12180;FGSG_12222;FGSG_12223;FGSG_13136,1,uncharacterized protein,GO:0046983
FGSG_10224,49,0.4976190295823862,22.335322996878258,FGSG_00175;FGSG_00330;FGSG_00500;FGSG_00743;FGSG_01422;FGSG_01947;FGSG_02030;FGSG_02271;FGSG_02272;FGSG_02461;FGSG_02782;FGSG_03061;FGSG_03295;FGSG_03546;FGSG_03547;FGSG_03548;FGSG_03894;FGSG_03992;FGSG_04458;FGSG_04490;FGSG_04588;FGSG_04589;FGSG_04590;FGSG_04591;FGSG_04592;FGSG_04593;FGSG_04595;FGSG_04596;FGSG_04763;FGSG_05610;FGSG_05843;FGSG_06055;FGSG_06257;FGSG_06702;FGSG_07075;FGSG_07528;FGSG_08601;FGSG_08712;FGSG_08774;FGSG_09012;FGSG_09280;FGSG_09456;FGSG_09826;FGSG_09834;FGSG_10347;FGSG_10947;FGSG_12180;FGSG_12223;FGSG_13136,1,uncharacterized protein,GO:0016021
FGSG_09678,49,0.4961671072133995,22.312398715526182,FGSG_00330;FGSG_00743;FGSG_01422;FGSG_01947;FGSG_02030;FGSG_02271;FGSG_02272;FGSG_02461;FGSG_02554;FGSG_03061;FGSG_03295;FGSG_03340;FGSG_03546;FGSG_03547;FGSG_03548;FGSG_03894;FGSG_03992;FGSG_04458;FGSG_04490;FGSG_04588;FGSG_04589;FGSG_04590;FGSG_04591;FGSG_04592;FGSG_04593;FGSG_04596;FGSG_04763;FGSG_05368;FGSG_05610;FGSG_05843;FGSG_05926;FGSG_06055;FGSG_06257;FGSG_07075;FGSG_07528;FGSG_08601;FGSG_08712;FGSG_08774;FGSG_09012;FGSG_09280;FGSG_09456;FGSG_09826;FGSG_09834;FGSG_10347;FGSG_10922;FGSG_10947;FGSG_12180;FGSG_12223;FGSG_13136,1,uncharacterized protein,GO:0004152;GO:0005737;GO:0006207;GO:0016020;GO:0055114
FGSG_03590,49,0.4994457857222056,22.249958562793974,FGSG_00330;FGSG_00743;FGSG_00765;FGSG_01422;FGSG_02030;FGSG_02271;FGSG_02272;FGSG_02461;FGSG_02782;FGSG_03061;FGSG_03295;FGSG_03546;FGSG_03547;FGSG_03548;FGSG_03894;FGSG_03992;FGSG_04458;FGSG_04490;FGSG_04588;FGSG_04589;FGSG_04590;FGSG_04591;FGSG_04592;FGSG_04593;FGSG_04596;FGSG_04763;FGSG_05368;FGSG_05610;FGSG_05843;FGSG_06055;FGSG_06257;FGSG_07075;FGSG_07528;FGSG_08601;FGSG_08712;FGSG_08774;FGSG_09012;FGSG_09280;FGSG_09456;FGSG_09826;FGSG_09834;FGSG_10347;FGSG_10922;FGSG_10947;FGSG_11206;FGSG_12180;FGSG_12222;FGSG_12223;FGSG_13136,1,uncharacterized protein,GO:0016787
FGSG_06307,49,0.48933882464182277,22.180593932516413,FGSG_00043;FGSG_00330;FGSG_00743;FGSG_01346;FGSG_01422;FGSG_01947;FGSG_02030;FGSG_02271;FGSG_02272;FGSG_02461;FGSG_02554;FGSG_03061;FGSG_03295;FGSG_03340;FGSG_03546;FGSG_03547;FGSG_03548;FGSG_03894;FGSG_03992;FGSG_04458;FGSG_04490;FGSG_04588;FGSG_04589;FGSG_04590;FGSG_04591;FGSG_04592;FGSG_04593;FGSG_04596;FGSG_04763;FGSG_05368;FGSG_05610;FGSG_05926;FGSG_06055;FGSG_06257;FGSG_07075;FGSG_07528;FGSG_08601;FGSG_08712;FGSG_08774;FGSG_09012;FGSG_09280;FGSG_09456;FGSG_09826;FGSG_09834;FGSG_10347;FGSG_10922;FGSG_10947;FGSG_12180;FGSG_12223,1,uncharacterized protein,GO:0000122;GO:0000183;GO:0000781;GO:0006281;GO:0006348;GO:0008080;GO:0016573;GO:0030466;GO:0043565
FGSG_10739,49,0.48239220870828076,22.152627716282154,FGSG_00043;FGSG_00330;FGSG_00743;FGSG_01346;FGSG_01422;FGSG_01947;FGSG_02030;FGSG_02271;FGSG_02272;FGSG_02461;FGSG_02554;FGSG_03061;FGSG_03295;FGSG_03340;FGSG_03546;FGSG_03547;FGSG_03548;FGSG_03894;FGSG_03992;FGSG_04458;FGSG_04490;FGSG_04589;FGSG_04590;FGSG_04591;FGSG_04592;FGSG_04593;FGSG_04595;FGSG_04596;FGSG_04763;FGSG_05610;FGSG_05843;FGSG_05926;FGSG_06055;FGSG_06257;FGSG_07075;FGSG_07528;FGSG_08601;FGSG_08712;FGSG_08774;FGSG_09012;FGSG_09280;FGSG_09456;FGSG_09826;FGSG_09834;FGSG_10347;FGSG_10947;FGSG_12180;FGSG_12223;FGSG_13136,1,coproporphyrinogen III oxidase,GO:0004109;GO:0005829;GO:0006783;GO:0016021;GO:0055114
FGSG_00863,49,0.49746686035494453,22.145117705570613,FGSG_00330;FGSG_00743;FGSG_00765;FGSG_01422;FGSG_02030;FGSG_02271;FGSG_02272;FGSG_02461;FGSG_02782;FGSG_03061;FGSG_03295;FGSG_03546;FGSG_03547;FGSG_03548;FGSG_03894;FGSG_03992;FGSG_04458;FGSG_04588;FGSG_04589;FGSG_04590;FGSG_04591;FGSG_04592;FGSG_04593;FGSG_04596;FGSG_04763;FGSG_05368;FGSG_05610;FGSG_05843;FGSG_06055;FGSG_06257;FGSG_06506;FGSG_07075;FGSG_07528;FGSG_08601;FGSG_08712;FGSG_08774;FGSG_09012;FGSG_09280;FGSG_09456;FGSG_09826;FGSG_09834;FGSG_10347;FGSG_10922;FGSG_10947;FGSG_11206;FGSG_12180;FGSG_12222;FGSG_12223;FGSG_13136,1,peptidase subunit beta,GO:0004222;GO:0006627;GO:0017087;GO:0046872
FGSG_08695,49,0.5052055681242327,22.092276189086665,FGSG_00330;FGSG_00743;FGSG_00765;FGSG_01422;FGSG_01621;FGSG_02030;FGSG_02271;FGSG_02272;FGSG_02461;FGSG_02554;FGSG_02972;FGSG_03061;FGSG_03340;FGSG_03546;FGSG_03547;FGSG_03548;FGSG_03747;FGSG_03894;FGSG_03992;FGSG_04458;FGSG_04588;FGSG_04589;FGSG_04590;FGSG_04591;FGSG_04592;FGSG_04593;FGSG_05368;FGSG_05610;FGSG_06055;FGSG_07075;FGSG_07528;FGSG_08493;FGSG_08601;FGSG_08712;FGSG_08774;FGSG_09012;FGSG_09280;FGSG_09456;FGSG_09826;FGSG_09834;FGSG_10347;FGSG_10444;FGSG_10922;FGSG_10947;FGSG_11206;FGSG_12180;FGSG_12222;FGSG_12223;FGSG_13136,1,uncharacterized protein,GO:0016021
FGSG_06309,49,0.48797234980148757,22.059969188166548,FGSG_00043;FGSG_00330;FGSG_00743;FGSG_01346;FGSG_01422;FGSG_01947;FGSG_02030;FGSG_02271;FGSG_02272;FGSG_02461;FGSG_02554;FGSG_03061;FGSG_03295;FGSG_03340;FGSG_03546;FGSG_03547;FGSG_03548;FGSG_03894;FGSG_03992;FGSG_04458;FGSG_04490;FGSG_04588;FGSG_04589;FGSG_04590;FGSG_04591;FGSG_04592;FGSG_04593;FGSG_04596;FGSG_04763;FGSG_05610;FGSG_05843;FGSG_05926;FGSG_06055;FGSG_06257;FGSG_07075;FGSG_07528;FGSG_08601;FGSG_08712;FGSG_08774;FGSG_09012;FGSG_09280;FGSG_09456;FGSG_09826;FGSG_09834;FGSG_10347;FGSG_10947;FGSG_12180;FGSG_12223;FGSG_13136,1,uncharacterized protein,GO:0005840;GO:0016021
FGSG_10362,49,0.4985455778945357,22.007888407643883,FGSG_00330;FGSG_00743;FGSG_00765;FGSG_01422;FGSG_02030;FGSG_02271;FGSG_02272;FGSG_02461;FGSG_02554;FGSG_03061;FGSG_03295;FGSG_03340;FGSG_03546;FGSG_03547;FGSG_03548;FGSG_03894;FGSG_03992;FGSG_04458;FGSG_04490;FGSG_04588;FGSG_04589;FGSG_04590;FGSG_04591;FGSG_04592;FGSG_04593;FGSG_04596;FGSG_04763;FGSG_05368;FGSG_05610;FGSG_06055;FGSG_06257;FGSG_07075;FGSG_07528;FGSG_08601;FGSG_08712;FGSG_08774;FGSG_09012;FGSG_09280;FGSG_09456;FGSG_09826;FGSG_09834;FGSG_10347;FGSG_10922;FGSG_10947;FGSG_11206;FGSG_12180;FGSG_12222;FGSG_12223;FGSG_13136,1,uncharacterized protein,GO:0003729;GO:0005778;GO:0005782;GO:0005829;GO:0033611;GO:0050203
FGSG_04693,49,0.4783962122934973,21.98889839031454,FGSG_00043;FGSG_00044;FGSG_00330;FGSG_00500;FGSG_00743;FGSG_01346;FGSG_01422;FGSG_01947;FGSG_02030;FGSG_02271;FGSG_02272;FGSG_02461;FGSG_03061;FGSG_03295;FGSG_03340;FGSG_03546;FGSG_03547;FGSG_03548;FGSG_03894;FGSG_03992;FGSG_04458;FGSG_04490;FGSG_04589;FGSG_04590;FGSG_04591;FGSG_04592;FGSG_04593;FGSG_04595;FGSG_04596;FGSG_04763;FGSG_04852;FGSG_05610;FGSG_05843;FGSG_05926;FGSG_06055;FGSG_06257;FGSG_06702;FGSG_07075;FGSG_07528;FGSG_08601;FGSG_08712;FGSG_09012;FGSG_09280;FGSG_09456;FGSG_09826;FGSG_09834;FGSG_10347;FGSG_10947;FGSG_12223,1,uncharacterized protein,GO:0016021
FGSG_06154,49,0.5025269992444406,21.650465778295665,FGSG_00330;FGSG_00743;FGSG_00765;FGSG_01422;FGSG_02030;FGSG_02271;FGSG_02272;FGSG_02461;FGSG_02554;FGSG_02972;FGSG_03061;FGSG_03340;FGSG_03546;FGSG_03547;FGSG_03548;FGSG_03747;FGSG_03894;FGSG_03992;FGSG_04458;FGSG_04490;FGSG_04588;FGSG_04589;FGSG_04590;FGSG_04591;FGSG_04592;FGSG_04593;FGSG_04596;FGSG_05368;FGSG_05610;FGSG_06055;FGSG_07075;FGSG_08493;FGSG_08601;FGSG_08712;FGSG_08774;FGSG_09012;FGSG_09280;FGSG_09456;FGSG_09826;FGSG_09834;FGSG_10347;FGSG_10444;FGSG_10922;FGSG_10947;FGSG_11206;FGSG_12180;FGSG_12222;FGSG_12223;FGSG_13136,1,heat shock protein SSC1,GO:0005524;GO:0006457;GO:0051082
FGSG_13299,48,0.5033050127325581,21.873753402620007,FGSG_00330;FGSG_00743;FGSG_00765;FGSG_01422;FGSG_01621;FGSG_02030;FGSG_02271;FGSG_02272;FGSG_02461;FGSG_02782;FGSG_03061;FGSG_03295;FGSG_03546;FGSG_03547;FGSG_03548;FGSG_03747;FGSG_03894;FGSG_03992;FGSG_04309;FGSG_04458;FGSG_04588;FGSG_04589;FGSG_04590;FGSG_04591;FGSG_04592;FGSG_04593;FGSG_05368;FGSG_05610;FGSG_06055;FGSG_07075;FGSG_07528;FGSG_08493;FGSG_08601;FGSG_08712;FGSG_08774;FGSG_09012;FGSG_09280;FGSG_09456;FGSG_09826;FGSG_09834;FGSG_10347;FGSG_10922;FGSG_10947;FGSG_11206;FGSG_12180;FGSG_12222;FGSG_12223;FGSG_13136,1,uncharacterized protein,GO:0008152;GO:0016021;GO:0016746
FGSG_04183,48,0.49601427137701126,21.83594517032267,FGSG_00330;FGSG_00743;FGSG_01422;FGSG_01947;FGSG_02030;FGSG_02271;FGSG_02272;FGSG_02461;FGSG_03061;FGSG_03295;FGSG_03340;FGSG_03546;FGSG_03547;FGSG_03548;FGSG_03894;FGSG_03992;FGSG_04458;FGSG_04490;FGSG_04588;FGSG_04589;FGSG_04590;FGSG_04591;FGSG_04592;FGSG_04593;FGSG_04595;FGSG_04596;FGSG_04763;FGSG_05368;FGSG_05610;FGSG_05843;FGSG_06055;FGSG_06257;FGSG_07075;FGSG_07528;FGSG_08601;FGSG_08712;FGSG_08774;FGSG_09012;FGSG_09280;FGSG_09456;FGSG_09826;FGSG_09834;FGSG_10347;FGSG_10947;FGSG_11206;FGSG_12180;FGSG_12223;FGSG_13136,1,uncharacterized protein,GO:0005634;GO:0005829;GO:0031505
FGSG_03662,48,0.4968581200388667,21.7232722166528,FGSG_00330;FGSG_00743;FGSG_00765;FGSG_01422;FGSG_01621;FGSG_02030;FGSG_02271;FGSG_02272;FGSG_02461;FGSG_02782;FGSG_03061;FGSG_03295;FGSG_03546;FGSG_03547;FGSG_03548;FGSG_03894;FGSG_03992;FGSG_04309;FGSG_04458;FGSG_04588;FGSG_04589;FGSG_04590;FGSG_04591;FGSG_04592;FGSG_04593;FGSG_05368;FGSG_05610;FGSG_06055;FGSG_06257;FGSG_06506;FGSG_07075;FGSG_07528;FGSG_08601;FGSG_08712;FGSG_08774;FGSG_09012;FGSG_09280;FGSG_09456;FGSG_09826;FGSG_09834;FGSG_10347;FGSG_10922;FGSG_10947;FGSG_11206;FGSG_12180;FGSG_12222;FGSG_12223;FGSG_13136,1,uncharacterized protein,
FGSG_04315,48,0.49261386114610656,21.692679145801453,FGSG_00330;FGSG_00743;FGSG_00765;FGSG_01422;FGSG_02030;FGSG_02271;FGSG_02272;FGSG_02461;FGSG_02782;FGSG_03061;FGSG_03295;FGSG_03340;FGSG_03546;FGSG_03547;FGSG_03548;FGSG_03894;FGSG_03992;FGSG_04458;FGSG_04490;FGSG_04588;FGSG_04589;FGSG_04590;FGSG_04591;FGSG_04592;FGSG_04593;FGSG_04596;FGSG_04763;FGSG_05368;FGSG_05610;FGSG_05843;FGSG_06055;FGSG_06257;FGSG_07075;FGSG_07528;FGSG_08601;FGSG_08712;FGSG_08774;FGSG_09012;FGSG_09280;FGSG_09456;FGSG_09826;FGSG_09834;FGSG_10347;FGSG_10922;FGSG_10947;FGSG_12180;FGSG_12223;FGSG_13136,1,cytochrome c oxidase polypeptide V,GO:0004129;GO:0005739;GO:0016021;GO:1902600
FGSG_09335,48,0.49419035005700845,21.670665020948572,FGSG_00330;FGSG_00500;FGSG_00743;FGSG_01346;FGSG_01422;FGSG_01947;FGSG_02030;FGSG_02271;FGSG_02272;FGSG_02461;FGSG_03061;FGSG_03295;FGSG_03546;FGSG_03547;FGSG_03548;FGSG_03894;FGSG_03992;FGSG_04458;FGSG_04490;FGSG_04589;FGSG_04590;FGSG_04591;FGSG_04592;FGSG_04593;FGSG_04595;FGSG_04596;FGSG_04763;FGSG_05610;FGSG_05843;FGSG_05926;FGSG_06055;FGSG_06257;FGSG_06702;FGSG_07075;FGSG_07528;FGSG_08601;FGSG_08712;FGSG_08774;FGSG_09012;FGSG_09280;FGSG_09456;FGSG_09826;FGSG_09834;FGSG_10347;FGSG_10947;FGSG_12180;FGSG_12223;FGSG_13136,1,uncharacterized protein,GO:0016021;GO:0055085
FGSG_03180,48,0.49496347428712256,21.45397131572678,FGSG_00330;FGSG_00743;FGSG_01422;FGSG_02030;FGSG_02271;FGSG_02272;FGSG_02461;FGSG_02554;FGSG_02972;FGSG_03061;FGSG_03340;FGSG_03546;FGSG_03547;FGSG_03548;FGSG_03747;FGSG_03894;FGSG_03992;FGSG_04458;FGSG_04490;FGSG_04588;FGSG_04589;FGSG_04590;FGSG_04591;FGSG_04592;FGSG_04593;FGSG_04596;FGSG_04763;FGSG_05368;FGSG_05610;FGSG_05926;FGSG_06055;FGSG_07075;FGSG_08493;FGSG_08601;FGSG_08712;FGSG_08774;FGSG_09012;FGSG_09280;FGSG_09456;FGSG_09826;FGSG_09834;FGSG_10347;FGSG_10444;FGSG_10922;FGSG_10947;FGSG_12180;FGSG_12222;FGSG_12223,1,peroxiredoxin 1,GO:0051920;GO:0055114;GO:0098869
FGSG_09933,48,0.47476611665700524,21.400713064683536,FGSG_00043;FGSG_00044;FGSG_00330;FGSG_00743;FGSG_01346;FGSG_01422;FGSG_01947;FGSG_02030;FGSG_02271;FGSG_02272;FGSG_02461;FGSG_03061;FGSG_03295;FGSG_03340;FGSG_03546;FGSG_03547;FGSG_03548;FGSG_03894;FGSG_03992;FGSG_04458;FGSG_04490;FGSG_04589;FGSG_04590;FGSG_04591;FGSG_04592;FGSG_04593;FGSG_04595;FGSG_04596;FGSG_04763;FGSG_05610;FGSG_05843;FGSG_05926;FGSG_06055;FGSG_06257;FGSG_06702;FGSG_07075;FGSG_07528;FGSG_08601;FGSG_08712;FGSG_08774;FGSG_09012;FGSG_09280;FGSG_09456;FGSG_09826;FGSG_09834;FGSG_10347;FGSG_10947;FGSG_12223,1,uncharacterized protein,GO:0005741;GO:0006820;GO:0008308;GO:0055085;GO:1903959
FGSG_12883,48,0.47890533528663515,21.373655626710544,FGSG_00043;FGSG_00330;FGSG_00743;FGSG_01346;FGSG_01422;FGSG_01947;FGSG_02030;FGSG_02271;FGSG_02272;FGSG_02461;FGSG_02554;FGSG_03061;FGSG_03295;FGSG_03340;FGSG_03546;FGSG_03547;FGSG_03548;FGSG_03894;FGSG_03992;FGSG_04458;FGSG_04490;FGSG_04589;FGSG_04590;FGSG_04591;FGSG_04592;FGSG_04593;FGSG_04595;FGSG_04596;FGSG_04763;FGSG_04852;FGSG_05610;FGSG_05843;FGSG_05926;FGSG_06055;FGSG_06257;FGSG_07075;FGSG_07528;FGSG_08601;FGSG_08712;FGSG_08774;FGSG_09012;FGSG_09280;FGSG_09456;FGSG_09826;FGSG_09834;FGSG_10347;FGSG_10947;FGSG_12223,1,uncharacterized protein,GO:0005634;GO:0006281;GO:0006855;GO:0008081;GO:0015238;GO:0015297;GO:0016021
FGSG_02552,48,0.49859566589208615,21.33841313046835,FGSG_00330;FGSG_00743;FGSG_00765;FGSG_01422;FGSG_02030;FGSG_02271;FGSG_02272;FGSG_02461;FGSG_02554;FGSG_03061;FGSG_03295;FGSG_03340;FGSG_03546;FGSG_03547;FGSG_03548;FGSG_03894;FGSG_03992;FGSG_04458;FGSG_04490;FGSG_04588;FGSG_04589;FGSG_04590;FGSG_04591;FGSG_04592;FGSG_04593;FGSG_04596;FGSG_04763;FGSG_05368;FGSG_05610;FGSG_06055;FGSG_06257;FGSG_07075;FGSG_07528;FGSG_08601;FGSG_08712;FGSG_08774;FGSG_09012;FGSG_09280;FGSG_09456;FGSG_09826;FGSG_09834;FGSG_10347;FGSG_10922;FGSG_10947;FGSG_11206;FGSG_12180;FGSG_12223;FGSG_13136,1,uncharacterized protein,
FGSG_02824,48,0.4977125591080108,21.32526300301679,FGSG_00330;FGSG_00743;FGSG_00765;FGSG_01422;FGSG_02030;FGSG_02271;FGSG_02272;FGSG_02461;FGSG_02554;FGSG_02972;FGSG_03061;FGSG_03340;FGSG_03546;FGSG_03547;FGSG_03548;FGSG_03747;FGSG_03894;FGSG_03992;FGSG_04458;FGSG_04490;FGSG_04588;FGSG_04589;FGSG_04590;FGSG_04591;FGSG_04592;FGSG_04593;FGSG_04596;FGSG_05368;FGSG_05610;FGSG_06055;FGSG_07075;FGSG_08493;FGSG_08601;FGSG_08712;FGSG_08774;FGSG_09012;FGSG_09280;FGSG_09456;FGSG_09826;FGSG_09834;FGSG_10347;FGSG_10444;FGSG_10922;FGSG_10947;FGSG_12180;FGSG_12222;FGSG_12223;FGSG_13136,1,uncharacterized protein,GO:0004622;GO:0009395;GO:0016021;GO:0055085
FGSG_10855,48,0.48380937502768345,21.21145344070344,FGSG_00043;FGSG_00175;FGSG_00330;FGSG_00500;FGSG_00743;FGSG_01346;FGSG_01422;FGSG_01947;FGSG_02030;FGSG_02271;FGSG_02272;FGSG_02461;FGSG_03061;FGSG_03295;FGSG_03546;FGSG_03547;FGSG_03548;FGSG_03558;FGSG_03894;FGSG_03992;FGSG_04458;FGSG_04490;FGSG_04589;FGSG_04590;FGSG_04591;FGSG_04592;FGSG_04593;FGSG_04595;FGSG_04596;FGSG_04763;FGSG_05610;FGSG_05843;FGSG_05926;FGSG_06055;FGSG_06257;FGSG_06444;FGSG_06702;FGSG_07075;FGSG_07528;FGSG_08601;FGSG_08712;FGSG_09012;FGSG_09280;FGSG_09456;FGSG_09826;FGSG_09834;FGSG_10347;FGSG_10947,1,alcohol dehydrogenase 1,GO:0004022;GO:0005737;GO:0008270;GO:0055114
FGSG_10320,47,0.4880707425415105,21.08845351095086,FGSG_00330;FGSG_00743;FGSG_01422;FGSG_01947;FGSG_02030;FGSG_02271;FGSG_02272;FGSG_02461;FGSG_02782;FGSG_03061;FGSG_03295;FGSG_03340;FGSG_03546;FGSG_03547;FGSG_03548;FGSG_03894;FGSG_03992;FGSG_04458;FGSG_04490;FGSG_04588;FGSG_04589;FGSG_04590;FGSG_04591;FGSG_04592;FGSG_04593;FGSG_04596;FGSG_04763;FGSG_05368;FGSG_05610;FGSG_05843;FGSG_06055;FGSG_06257;FGSG_07075;FGSG_07528;FGSG_08601;FGSG_08712;FGSG_08774;FGSG_09012;FGSG_09280;FGSG_09456;FGSG_09826;FGSG_09834;FGSG_10347;FGSG_10947;FGSG_12180;FGSG_12223;FGSG_13136,1,methionine aminopeptidase 2,GO:0005737;GO:0006508;GO:0046872;GO:0070006;GO:0070084
FGSG_13689,47,0.48703517290595444,21.054524293413465,FGSG_00043;FGSG_00330;FGSG_00743;FGSG_01346;FGSG_01422;FGSG_01947;FGSG_02030;FGSG_02271;FGSG_02272;FGSG_02461;FGSG_03061;FGSG_03295;FGSG_03340;FGSG_03546;FGSG_03547;FGSG_03548;FGSG_03894;FGSG_03992;FGSG_04458;FGSG_04490;FGSG_04589;FGSG_04590;FGSG_04591;FGSG_04592;FGSG_04593;FGSG_04595;FGSG_04596;FGSG_04763;FGSG_05610;FGSG_05843;FGSG_05926;FGSG_06055;FGSG_06257;FGSG_06702;FGSG_07075;FGSG_07528;FGSG_08601;FGSG_08712;FGSG_08774;FGSG_09012;FGSG_09280;FGSG_09456;FGSG_09826;FGSG_09834;FGSG_10347;FGSG_10947;FGSG_12223,1,uncharacterized protein,
FGSG_04312,47,0.49509658569579756,21.039817315602534,FGSG_00330;FGSG_00743;FGSG_00765;FGSG_01422;FGSG_01621;FGSG_02030;FGSG_02271;FGSG_02272;FGSG_02461;FGSG_02782;FGSG_03061;FGSG_03295;FGSG_03546;FGSG_03547;FGSG_03548;FGSG_03894;FGSG_03992;FGSG_04309;FGSG_04458;FGSG_04588;FGSG_04589;FGSG_04590;FGSG_04591;FGSG_04592;FGSG_04593;FGSG_05368;FGSG_05610;FGSG_06055;FGSG_06506;FGSG_07075;FGSG_07528;FGSG_08601;FGSG_08712;FGSG_08774;FGSG_09012;FGSG_09280;FGSG_09456;FGSG_09826;FGSG_09834;FGSG_10347;FGSG_10922;FGSG_10947;FGSG_11206;FGSG_12180;FGSG_12222;FGSG_12223;FGSG_13136,1,uncharacterized protein,GO:0005524;GO:0005754;GO:0015991;GO:0042776;GO:0043531;GO:0046933;GO:0046961
FGSG_09570,47,0.4764188101617438,20.801451453211865,FGSG_00043;FGSG_00044;FGSG_00048;FGSG_00330;FGSG_00743;FGSG_01346;FGSG_01422;FGSG_01947;FGSG_02030;FGSG_02272;FGSG_02461;FGSG_02554;FGSG_03061;FGSG_03295;FGSG_03340;FGSG_03546;FGSG_03547;FGSG_03548;FGSG_03894;FGSG_03992;FGSG_04458;FGSG_04490;FGSG_04589;FGSG_04590;FGSG_04591;FGSG_04592;FGSG_04593;FGSG_04596;FGSG_04763;FGSG_04852;FGSG_05610;FGSG_05843;FGSG_05926;FGSG_06055;FGSG_06257;FGSG_08601;FGSG_08712;FGSG_09012;FGSG_09280;FGSG_09456;FGSG_09826;FGSG_09834;FGSG_10347;FGSG_10947;FGSG_11658;FGSG_12180;FGSG_12223,1,uncharacterized protein,
FGSG_06813,47,0.4787693588992993,20.729145313203805,FGSG_00043;FGSG_00044;FGSG_00047;FGSG_00048;FGSG_00330;FGSG_00743;FGSG_01346;FGSG_01422;FGSG_01947;FGSG_02272;FGSG_02461;FGSG_03061;FGSG_03295;FGSG_03340;FGSG_03546;FGSG_03547;FGSG_03548;FGSG_03894;FGSG_03992;FGSG_04458;FGSG_04490;FGSG_04589;FGSG_04590;FGSG_04591;FGSG_04592;FGSG_04593;FGSG_04595;FGSG_04596;FGSG_04763;FGSG_04852;FGSG_05610;FGSG_05843;FGSG_05926;FGSG_06055;FGSG_06257;FGSG_06702;FGSG_07075;FGSG_07528;FGSG_08601;FGSG_08712;FGSG_09012;FGSG_09280;FGSG_09456;FGSG_09826;FGSG_09834;FGSG_10347;FGSG_10947,1,uncharacterized protein,GO:0003857;GO:0006631;GO:0055114;GO:0070403
FGSG_08321,46,0.49795605183342584,20.748145159947473,FGSG_00330;FGSG_00743;FGSG_00765;FGSG_01422;FGSG_02030;FGSG_02271;FGSG_02272;FGSG_02461;FGSG_02782;FGSG_03061;FGSG_03295;FGSG_03546;FGSG_03547;FGSG_03548;FGSG_03894;FGSG_03992;FGSG_04458;FGSG_04588;FGSG_04589;FGSG_04590;FGSG_04591;FGSG_04592;FGSG_04593;FGSG_04763;FGSG_05368;FGSG_05610;FGSG_05843;FGSG_06055;FGSG_06257;FGSG_06506;FGSG_07075;FGSG_07528;FGSG_08601;FGSG_08712;FGSG_08774;FGSG_09012;FGSG_09280;FGSG_09456;FGSG_09826;FGSG_09834;FGSG_10347;FGSG_10947;FGSG_11206;FGSG_12180;FGSG_12223;FGSG_13136,1,uncharacterized protein,GO:0000981;GO:0005634;GO:0006357;GO:0008270
FGSG_08492,46,0.4915442657444231,20.53685543789886,FGSG_00330;FGSG_00743;FGSG_01346;FGSG_01422;FGSG_02030;FGSG_02271;FGSG_02272;FGSG_02461;FGSG_02554;FGSG_03061;FGSG_03295;FGSG_03340;FGSG_03546;FGSG_03547;FGSG_03548;FGSG_03894;FGSG_03992;FGSG_04458;FGSG_04490;FGSG_04588;FGSG_04589;FGSG_04590;FGSG_04591;FGSG_04592;FGSG_04593;FGSG_04596;FGSG_04763;FGSG_05610;FGSG_05926;FGSG_06055;FGSG_06257;FGSG_07075;FGSG_07528;FGSG_08601;FGSG_08712;FGSG_08774;FGSG_09012;FGSG_09280;FGSG_09456;FGSG_09826;FGSG_09834;FGSG_10347;FGSG_10947;FGSG_12180;FGSG_12223;FGSG_13136,1,uncharacterized protein,GO:0005628;GO:0005634;GO:0005774;GO:0005794;GO:0005829;GO:0031321;GO:0033565;GO:0043130;GO:0043328
FGSG_00712,46,0.4850356224145214,20.420314324788034,FGSG_00043;FGSG_00044;FGSG_00047;FGSG_00048;FGSG_00330;FGSG_00743;FGSG_01346;FGSG_01422;FGSG_01947;FGSG_02272;FGSG_02461;FGSG_03061;FGSG_03295;FGSG_03340;FGSG_03546;FGSG_03547;FGSG_03548;FGSG_03894;FGSG_03992;FGSG_04458;FGSG_04490;FGSG_04589;FGSG_04590;FGSG_04591;FGSG_04592;FGSG_04593;FGSG_04595;FGSG_04596;FGSG_04763;FGSG_04852;FGSG_05610;FGSG_05843;FGSG_05926;FGSG_06055;FGSG_06257;FGSG_06702;FGSG_08601;FGSG_08712;FGSG_09012;FGSG_09280;FGSG_09456;FGSG_09826;FGSG_09834;FGSG_10347;FGSG_10947;FGSG_11658,1,uncharacterized protein,GO:0004499;GO:0050660;GO:0050661;GO:0055114
FGSG_02502,46,0.49033174769331644,20.412766814240662,FGSG_00175;FGSG_00330;FGSG_00500;FGSG_00743;FGSG_01346;FGSG_01422;FGSG_01947;FGSG_02030;FGSG_02271;FGSG_02272;FGSG_02461;FGSG_03061;FGSG_03295;FGSG_03546;FGSG_03547;FGSG_03548;FGSG_03558;FGSG_03894;FGSG_03992;FGSG_04458;FGSG_04490;FGSG_04589;FGSG_04590;FGSG_04591;FGSG_04592;FGSG_04593;FGSG_04595;FGSG_04596;FGSG_04763;FGSG_05610;FGSG_05843;FGSG_06055;FGSG_06257;FGSG_06444;FGSG_06702;FGSG_07075;FGSG_07528;FGSG_08601;FGSG_08712;FGSG_09012;FGSG_09280;FGSG_09456;FGSG_09826;FGSG_09834;FGSG_10347;FGSG_10947,1,C-5 sterol desaturase,GO:0000248;GO:0005506;GO:0005788;GO:0006633;GO:0006696;GO:0016021;GO:0055114
FGSG_01672,46,0.48452857215128226,20.404057340506654,FGSG_00043;FGSG_00044;FGSG_00047;FGSG_00048;FGSG_00330;FGSG_00743;FGSG_01346;FGSG_01422;FGSG_01947;FGSG_02272;FGSG_02461;FGSG_03061;FGSG_03295;FGSG_03340;FGSG_03546;FGSG_03547;FGSG_03548;FGSG_03894;FGSG_03992;FGSG_04458;FGSG_04490;FGSG_04589;FGSG_04590;FGSG_04591;FGSG_04592;FGSG_04595;FGSG_04596;FGSG_04763;FGSG_04852;FGSG_05610;FGSG_05843;FGSG_05926;FGSG_06055;FGSG_06257;FGSG_06702;FGSG_07075;FGSG_08601;FGSG_08712;FGSG_09012;FGSG_09280;FGSG_09456;FGSG_09826;FGSG_09834;FGSG_10347;FGSG_10947;FGSG_11658,1,pyrimidine precursor biosynthesis enzyme THI12,GO:0009228
FGSG_09896,46,0.4752722011903243,20.371342554058778,FGSG_00043;FGSG_00044;FGSG_00330;FGSG_00743;FGSG_01346;FGSG_01422;FGSG_01947;FGSG_02030;FGSG_02272;FGSG_02461;FGSG_02554;FGSG_03061;FGSG_03340;FGSG_03546;FGSG_03547;FGSG_03548;FGSG_03894;FGSG_03992;FGSG_04458;FGSG_04490;FGSG_04589;FGSG_04590;FGSG_04591;FGSG_04592;FGSG_04593;FGSG_04596;FGSG_04763;FGSG_04852;FGSG_05610;FGSG_05926;FGSG_06055;FGSG_06257;FGSG_08601;FGSG_08712;FGSG_08774;FGSG_09012;FGSG_09280;FGSG_09456;FGSG_09826;FGSG_09834;FGSG_10347;FGSG_10922;FGSG_10947;FGSG_11658;FGSG_12180;FGSG_12223,1,isocitrate lyase,GO:0004451;GO:0006097;GO:0006099;GO:0009514;GO:0046421;GO:0046872
FGSG_06184,46,0.4842428203860338,20.349386085010405,FGSG_00043;FGSG_00044;FGSG_00330;FGSG_00743;FGSG_01346;FGSG_01422;FGSG_01947;FGSG_02030;FGSG_02271;FGSG_02272;FGSG_02461;FGSG_03061;FGSG_03295;FGSG_03546;FGSG_03547;FGSG_03548;FGSG_03894;FGSG_03992;FGSG_04458;FGSG_04490;FGSG_04589;FGSG_04590;FGSG_04591;FGSG_04592;FGSG_04593;FGSG_04595;FGSG_04596;FGSG_04763;FGSG_04852;FGSG_05610;FGSG_05843;FGSG_05926;FGSG_06055;FGSG_06257;FGSG_06702;FGSG_07075;FGSG_07528;FGSG_08601;FGSG_08712;FGSG_09012;FGSG_09280;FGSG_09456;FGSG_09826;FGSG_09834;FGSG_10347;FGSG_10947,1,acyl-CoA desaturase,GO:0004768;GO:0006636;GO:0009055;GO:0020037;GO:0030176;GO:0046872;GO:0055114
FGSG_04203,46,0.48089604529864266,20.29971509558134,FGSG_00043;FGSG_00044;FGSG_00330;FGSG_00743;FGSG_01346;FGSG_01422;FGSG_01947;FGSG_02030;FGSG_02272;FGSG_02461;FGSG_02554;FGSG_03061;FGSG_03295;FGSG_03340;FGSG_03546;FGSG_03547;FGSG_03548;FGSG_03894;FGSG_03992;FGSG_04458;FGSG_04490;FGSG_04589;FGSG_04590;FGSG_04591;FGSG_04592;FGSG_04593;FGSG_04595;FGSG_04596;FGSG_04763;FGSG_04852;FGSG_05610;FGSG_05843;FGSG_05926;FGSG_06055;FGSG_06257;FGSG_07075;FGSG_08601;FGSG_08712;FGSG_09012;FGSG_09280;FGSG_09456;FGSG_09826;FGSG_09834;FGSG_10347;FGSG_10947;FGSG_12223,1,uncharacterized protein,GO:0000981;GO:0003677;GO:0005634;GO:0006351;GO:0006357;GO:0008270
FGSG_01403,45,0.5000203843597464,20.256422048975327,FGSG_00330;FGSG_00500;FGSG_00743;FGSG_01422;FGSG_01947;FGSG_02030;FGSG_02271;FGSG_02272;FGSG_02461;FGSG_03061;FGSG_03295;FGSG_03546;FGSG_03547;FGSG_03548;FGSG_03894;FGSG_03992;FGSG_04458;FGSG_04490;FGSG_04589;FGSG_04590;FGSG_04591;FGSG_04592;FGSG_04593;FGSG_04595;FGSG_04596;FGSG_04763;FGSG_05610;FGSG_05843;FGSG_06055;FGSG_06257;FGSG_07075;FGSG_07528;FGSG_08601;FGSG_08712;FGSG_08774;FGSG_09012;FGSG_09280;FGSG_09456;FGSG_09826;FGSG_09834;FGSG_10347;FGSG_10947;FGSG_12180;FGSG_12223;FGSG_13136,1,uncharacterized protein,GO:0010181;GO:0016491;GO:0045892;GO:0055114
FGSG_05045,45,0.49327011048737396,20.14720984608809,FGSG_00330;FGSG_00743;FGSG_01346;FGSG_01422;FGSG_02030;FGSG_02271;FGSG_02272;FGSG_02461;FGSG_02554;FGSG_03061;FGSG_03295;FGSG_03340;FGSG_03546;FGSG_03547;FGSG_03548;FGSG_03894;FGSG_03992;FGSG_04458;FGSG_04490;FGSG_04589;FGSG_04590;FGSG_04591;FGSG_04592;FGSG_04593;FGSG_04595;FGSG_04596;FGSG_04763;FGSG_05610;FGSG_06055;FGSG_06257;FGSG_07075;FGSG_07528;FGSG_08601;FGSG_08712;FGSG_08774;FGSG_09012;FGSG_09280;FGSG_09456;FGSG_09826;FGSG_09834;FGSG_10347;FGSG_10947;FGSG_12180;FGSG_12223;FGSG_13136,1,uncharacterized protein,GO:0016021;GO:0016307;GO:0046854
FGSG_09185,45,0.49461098700030864,20.14523417797491,FGSG_00330;FGSG_00743;FGSG_00765;FGSG_01422;FGSG_02030;FGSG_02271;FGSG_02272;FGSG_02461;FGSG_02782;FGSG_03061;FGSG_03295;FGSG_03546;FGSG_03547;FGSG_03548;FGSG_03894;FGSG_03992;FGSG_04458;FGSG_04588;FGSG_04589;FGSG_04590;FGSG_04591;FGSG_04592;FGSG_04593;FGSG_04596;FGSG_04763;FGSG_05368;FGSG_05610;FGSG_05843;FGSG_06055;FGSG_06257;FGSG_07075;FGSG_07528;FGSG_08601;FGSG_08712;FGSG_08774;FGSG_09012;FGSG_09280;FGSG_09456;FGSG_09826;FGSG_09834;FGSG_10347;FGSG_10947;FGSG_12180;FGSG_12223;FGSG_13136,1,adenylosuccinate lyase,GO:0004018;GO:0006189;GO:0044208;GO:0051262;GO:0070626
FGSG_08596,45,0.4932919778617025,20.057522568389516,FGSG_00330;FGSG_00743;FGSG_01346;FGSG_01422;FGSG_02030;FGSG_02271;FGSG_02272;FGSG_02461;FGSG_02554;FGSG_03061;FGSG_03295;FGSG_03340;FGSG_03546;FGSG_03547;FGSG_03548;FGSG_03894;FGSG_03992;FGSG_04458;FGSG_04490;FGSG_04589;FGSG_04590;FGSG_04591;FGSG_04592;FGSG_04593;FGSG_04596;FGSG_04763;FGSG_05610;FGSG_06055;FGSG_06257;FGSG_07075;FGSG_07528;FGSG_08601;FGSG_08712;FGSG_08774;FGSG_09012;FGSG_09280;FGSG_09456;FGSG_09826;FGSG_09834;FGSG_10347;FGSG_10922;FGSG_10947;FGSG_12180;FGSG_12223;FGSG_13136,1,uncharacterized protein,GO:0007131;GO:0016620;GO:0055114
FGSG_08459,45,0.4943169192783528,20.03744158748731,FGSG_00330;FGSG_00743;FGSG_01422;FGSG_02030;FGSG_02271;FGSG_02272;FGSG_02461;FGSG_03061;FGSG_03295;FGSG_03340;FGSG_03546;FGSG_03547;FGSG_03548;FGSG_03894;FGSG_03992;FGSG_04458;FGSG_04490;FGSG_04588;FGSG_04589;FGSG_04590;FGSG_04591;FGSG_04592;FGSG_04593;FGSG_04596;FGSG_05368;FGSG_05610;FGSG_05926;FGSG_06055;FGSG_06257;FGSG_07075;FGSG_07528;FGSG_08601;FGSG_08712;FGSG_08774;FGSG_09012;FGSG_09280;FGSG_09456;FGSG_09826;FGSG_09834;FGSG_10347;FGSG_10922;FGSG_10947;FGSG_12180;FGSG_12223;FGSG_13136,1,uncharacterized protein,
FGSG_08347,45,0.48840688494455714,20.010151107691403,FGSG_00175;FGSG_00330;FGSG_00500;FGSG_00743;FGSG_01346;FGSG_01422;FGSG_01947;FGSG_02030;FGSG_02271;FGSG_02272;FGSG_02461;FGSG_03061;FGSG_03295;FGSG_03546;FGSG_03547;FGSG_03548;FGSG_03894;FGSG_03992;FGSG_04458;FGSG_04490;FGSG_04589;FGSG_04590;FGSG_04591;FGSG_04592;FGSG_04593;FGSG_04595;FGSG_04596;FGSG_04763;FGSG_05610;FGSG_05843;FGSG_05926;FGSG_06055;FGSG_06257;FGSG_06702;FGSG_07075;FGSG_07528;FGSG_08601;FGSG_08712;FGSG_09012;FGSG_09280;FGSG_09456;FGSG_09826;FGSG_09834;FGSG_10347;FGSG_10947,1,uncharacterized protein,GO:0003333;GO:0015171;GO:0016021
FGSG_01317,45,0.5022386829806823,19.968924196888533,FGSG_00330;FGSG_00743;FGSG_00765;FGSG_01422;FGSG_02030;FGSG_02271;FGSG_02272;FGSG_02461;FGSG_03061;FGSG_03295;FGSG_03546;FGSG_03547;FGSG_03548;FGSG_03894;FGSG_03992;FGSG_04458;FGSG_04490;FGSG_04588;FGSG_04589;FGSG_04590;FGSG_04591;FGSG_04592;FGSG_04593;FGSG_04596;FGSG_05368;FGSG_05610;FGSG_06055;FGSG_07075;FGSG_07528;FGSG_08601;FGSG_08712;FGSG_08774;FGSG_09012;FGSG_09280;FGSG_09456;FGSG_09826;FGSG_09834;FGSG_10347;FGSG_10922;FGSG_10947;FGSG_11206;FGSG_12180;FGSG_12222;FGSG_12223;FGSG_13136,1,uncharacterized protein,GO:0005634;GO:0005829;GO:0006879;GO:0009055;GO:0015035;GO:0015038;GO:0045454;GO:0055114
FGSG_07129,45,0.4757182073232348,19.812578898816753,FGSG_00043;FGSG_00044;FGSG_00048;FGSG_00330;FGSG_00743;FGSG_01346;FGSG_01422;FGSG_01947;FGSG_02030;FGSG_02272;FGSG_02461;FGSG_02554;FGSG_03061;FGSG_03340;FGSG_03546;FGSG_03547;FGSG_03548;FGSG_03894;FGSG_03992;FGSG_04458;FGSG_04490;FGSG_04589;FGSG_04590;FGSG_04591;FGSG_04592;FGSG_04593;FGSG_04596;FGSG_04763;FGSG_04852;FGSG_05610;FGSG_05926;FGSG_06055;FGSG_06257;FGSG_08601;FGSG_08712;FGSG_09012;FGSG_09280;FGSG_09456;FGSG_09826;FGSG_09834;FGSG_10347;FGSG_10947;FGSG_11658;FGSG_12180;FGSG_12223,1,uncharacterized protein,GO:0000324;GO:0005768;GO:0015184;GO:0015811;GO:0016021
FGSG_05251,45,0.5006172870677247,19.774960297556323,FGSG_00330;FGSG_00743;FGSG_00765;FGSG_01422;FGSG_01621;FGSG_02030;FGSG_02271;FGSG_02272;FGSG_02461;FGSG_02782;FGSG_03061;FGSG_03295;FGSG_03546;FGSG_03548;FGSG_03894;FGSG_03992;FGSG_04458;FGSG_04588;FGSG_04589;FGSG_04590;FGSG_04591;FGSG_04592;FGSG_04593;FGSG_05368;FGSG_05610;FGSG_06055;FGSG_07075;FGSG_07528;FGSG_08493;FGSG_08601;FGSG_08712;FGSG_08774;FGSG_09012;FGSG_09280;FGSG_09456;FGSG_09826;FGSG_09834;FGSG_10347;FGSG_10922;FGSG_10947;FGSG_11206;FGSG_12180;FGSG_12222;FGSG_12223;FGSG_13136,1,uncharacterized protein,GO:0003676;GO:0005634;GO:0005750;GO:0006122;GO:0008121;GO:0009060;GO:0046872;GO:0051537;GO:1902600
FGSG_06987,45,0.5041379876276639,19.746879183335313,FGSG_00330;FGSG_00743;FGSG_00765;FGSG_01422;FGSG_01621;FGSG_02030;FGSG_02271;FGSG_02272;FGSG_02461;FGSG_02972;FGSG_03061;FGSG_03546;FGSG_03548;FGSG_03747;FGSG_03894;FGSG_03992;FGSG_04458;FGSG_04588;FGSG_04589;FGSG_04590;FGSG_04591;FGSG_04592;FGSG_04593;FGSG_05368;FGSG_05610;FGSG_06055;FGSG_07075;FGSG_07528;FGSG_08493;FGSG_08601;FGSG_08712;FGSG_08774;FGSG_09012;FGSG_09456;FGSG_09826;FGSG_09834;FGSG_10347;FGSG_10444;FGSG_10922;FGSG_10947;FGSG_11206;FGSG_12180;FGSG_12222;FGSG_12223;FGSG_13136,1,uncharacterized protein,
FGSG_02522,45,0.5021178354844014,19.722670182518666,FGSG_00330;FGSG_00743;FGSG_00765;FGSG_01422;FGSG_01621;FGSG_02030;FGSG_02271;FGSG_02272;FGSG_02461;FGSG_02554;FGSG_02972;FGSG_03061;FGSG_03340;FGSG_03546;FGSG_03548;FGSG_03747;FGSG_03894;FGSG_03992;FGSG_04458;FGSG_04588;FGSG_04589;FGSG_04590;FGSG_04591;FGSG_04592;FGSG_04593;FGSG_05368;FGSG_05610;FGSG_07075;FGSG_08493;FGSG_08601;FGSG_08712;FGSG_08774;FGSG_09012;FGSG_09456;FGSG_09826;FGSG_09834;FGSG_10347;FGSG_10444;FGSG_10922;FGSG_10947;FGSG_11206;FGSG_12180;FGSG_12222;FGSG_12223;FGSG_13136,1,SUR2 protein,GO:0000170;GO:0005506;GO:0005789;GO:0006633;GO:0006665;GO:0016021;GO:0055114
FGSG_02738,44,0.5017237537299707,19.6755817525293,FGSG_00330;FGSG_00743;FGSG_00765;FGSG_01422;FGSG_01621;FGSG_02030;FGSG_02271;FGSG_02272;FGSG_02461;FGSG_03061;FGSG_03295;FGSG_03546;FGSG_03548;FGSG_03894;FGSG_03992;FGSG_04309;FGSG_04458;FGSG_04588;FGSG_04589;FGSG_04590;FGSG_04591;FGSG_04593;FGSG_05368;FGSG_05610;FGSG_06055;FGSG_07075;FGSG_07528;FGSG_08493;FGSG_08601;FGSG_08712;FGSG_08774;FGSG_09012;FGSG_09280;FGSG_09456;FGSG_09826;FGSG_09834;FGSG_10347;FGSG_10922;FGSG_10947;FGSG_11206;FGSG_12180;FGSG_12222;FGSG_12223;FGSG_13136,1,uncharacterized protein,
FGSG_06830,44,0.5013367386285924,19.613627672290512,FGSG_00175;FGSG_00330;FGSG_00500;FGSG_00743;FGSG_01422;FGSG_02030;FGSG_02271;FGSG_02272;FGSG_02461;FGSG_02782;FGSG_03061;FGSG_03295;FGSG_03546;FGSG_03547;FGSG_03548;FGSG_03894;FGSG_03992;FGSG_04458;FGSG_04588;FGSG_04589;FGSG_04590;FGSG_04591;FGSG_04593;FGSG_04595;FGSG_04763;FGSG_05610;FGSG_05843;FGSG_06055;FGSG_06257;FGSG_07075;FGSG_07528;FGSG_08601;FGSG_08712;FGSG_08774;FGSG_09012;FGSG_09280;FGSG_09456;FGSG_09826;FGSG_09834;FGSG_10347;FGSG_10947;FGSG_11206;FGSG_12180;FGSG_13136,1,uncharacterized protein,
FGSG_08425,44,0.503645445227916,19.522473175818135,FGSG_00330;FGSG_00743;FGSG_00765;FGSG_01422;FGSG_02030;FGSG_02271;FGSG_02272;FGSG_02461;FGSG_02554;FGSG_02972;FGSG_03061;FGSG_03546;FGSG_03548;FGSG_03747;FGSG_03894;FGSG_03992;FGSG_04458;FGSG_04588;FGSG_04589;FGSG_04590;FGSG_04591;FGSG_04592;FGSG_04593;FGSG_05368;FGSG_05610;FGSG_06055;FGSG_07075;FGSG_08493;FGSG_08601;FGSG_08712;FGSG_08774;FGSG_09012;FGSG_09456;FGSG_09826;FGSG_09834;FGSG_10347;FGSG_10444;FGSG_10922;FGSG_10947;FGSG_11206;FGSG_12180;FGSG_12222;FGSG_12223;FGSG_13136,1,uncharacterized protein,GO:0005739;GO:0016491;GO:0051536;GO:0055114
FGSG_11750,44,0.4827432789248851,19.4952117713152,FGSG_00043;FGSG_00330;FGSG_00743;FGSG_01346;FGSG_01422;FGSG_01947;FGSG_02030;FGSG_02272;FGSG_02461;FGSG_02554;FGSG_03061;FGSG_03340;FGSG_03546;FGSG_03547;FGSG_03548;FGSG_03894;FGSG_03992;FGSG_04458;FGSG_04490;FGSG_04589;FGSG_04590;FGSG_04591;FGSG_04592;FGSG_04593;FGSG_04596;FGSG_04763;FGSG_05610;FGSG_05926;FGSG_06055;FGSG_06257;FGSG_07075;FGSG_08601;FGSG_08712;FGSG_08774;FGSG_09012;FGSG_09280;FGSG_09456;FGSG_09826;FGSG_09834;FGSG_10347;FGSG_10922;FGSG_10947;FGSG_12180;FGSG_12223,1,uncharacterized protein,GO:0000981;GO:0003677;GO:0005634;GO:0006351;GO:0006357;GO:0008270
FGSG_06508,44,0.5031895309374719,19.468715684448167,FGSG_00330;FGSG_00743;FGSG_00765;FGSG_01422;FGSG_01621;FGSG_02030;FGSG_02271;FGSG_02272;FGSG_02461;FGSG_02972;FGSG_03061;FGSG_03546;FGSG_03548;FGSG_03747;FGSG_03894;FGSG_03992;FGSG_04458;FGSG_04588;FGSG_04589;FGSG_04590;FGSG_04591;FGSG_04592;FGSG_04593;FGSG_05368;FGSG_05610;FGSG_06055;FGSG_07075;FGSG_07528;FGSG_08493;FGSG_08601;FGSG_08712;FGSG_08774;FGSG_09012;FGSG_09456;FGSG_09826;FGSG_09834;FGSG_10347;FGSG_10922;FGSG_10947;FGSG_11206;FGSG_12180;FGSG_12222;FGSG_12223;FGSG_13136,1,uncharacterized protein,GO:0003333;GO:0015171;GO:0016021
FGSG_06480,44,0.48406985612391745,19.405234780852428,FGSG_00043;FGSG_00044;FGSG_00047;FGSG_00048;FGSG_00330;FGSG_00743;FGSG_01346;FGSG_01422;FGSG_01947;FGSG_02272;FGSG_02461;FGSG_03061;FGSG_03295;FGSG_03340;FGSG_03546;FGSG_03547;FGSG_03548;FGSG_03894;FGSG_03992;FGSG_04458;FGSG_04490;FGSG_04589;FGSG_04590;FGSG_04591;FGSG_04592;FGSG_04595;FGSG_04596;FGSG_04763;FGSG_04852;FGSG_05610;FGSG_05843;FGSG_05926;FGSG_06055;FGSG_06257;FGSG_06702;FGSG_08601;FGSG_08712;FGSG_09012;FGSG_09280;FGSG_09456;FGSG_09826;FGSG_09834;FGSG_10347;FGSG_11658,1,uncharacterized protein,GO:0000257;GO:0006807
FGSG_12977,44,0.502321484395592,19.384691364604898,FGSG_00330;FGSG_00743;FGSG_00765;FGSG_01422;FGSG_02030;FGSG_02271;FGSG_02272;FGSG_02461;FGSG_02972;FGSG_03061;FGSG_03340;FGSG_03546;FGSG_03547;FGSG_03548;FGSG_03747;FGSG_03894;FGSG_03992;FGSG_04458;FGSG_04588;FGSG_04589;FGSG_04590;FGSG_04591;FGSG_04592;FGSG_04593;FGSG_05368;FGSG_05610;FGSG_06055;FGSG_07075;FGSG_08493;FGSG_08601;FGSG_08712;FGSG_08774;FGSG_09012;FGSG_09280;FGSG_09456;FGSG_09826;FGSG_09834;FGSG_10347;FGSG_10922;FGSG_10947;FGSG_12180;FGSG_12222;FGSG_12223;FGSG_13136,1,uncharacterized protein,
FGSG_09103,44,0.4784343255460696,19.336593962808163,FGSG_00043;FGSG_00044;FGSG_00330;FGSG_00743;FGSG_01346;FGSG_01422;FGSG_01947;FGSG_02272;FGSG_02461;FGSG_03061;FGSG_03295;FGSG_03546;FGSG_03547;FGSG_03548;FGSG_03894;FGSG_03992;FGSG_04458;FGSG_04490;FGSG_04589;FGSG_04590;FGSG_04591;FGSG_04592;FGSG_04593;FGSG_04595;FGSG_04596;FGSG_04763;FGSG_04852;FGSG_05610;FGSG_05843;FGSG_05926;FGSG_06055;FGSG_06257;FGSG_06702;FGSG_07075;FGSG_07528;FGSG_08601;FGSG_08712;FGSG_09012;FGSG_09280;FGSG_09456;FGSG_09826;FGSG_09834;FGSG_10347;FGSG_10947,1,uncharacterized protein,GO:0005506;GO:0016491;GO:0055114
FGSG_05040,44,0.4816688853335962,19.247881292097773,FGSG_00043;FGSG_00175;FGSG_00330;FGSG_00500;FGSG_00743;FGSG_01346;FGSG_01422;FGSG_01947;FGSG_02030;FGSG_02271;FGSG_02272;FGSG_02461;FGSG_03061;FGSG_03295;FGSG_03546;FGSG_03547;FGSG_03548;FGSG_03558;FGSG_03894;FGSG_03992;FGSG_04458;FGSG_04490;FGSG_04589;FGSG_04590;FGSG_04591;FGSG_04595;FGSG_04596;FGSG_04763;FGSG_05610;FGSG_05843;FGSG_06055;FGSG_06257;FGSG_06702;FGSG_07075;FGSG_07528;FGSG_08601;FGSG_08712;FGSG_09012;FGSG_09280;FGSG_09456;FGSG_09826;FGSG_09834;FGSG_10347;FGSG_10947,1,uncharacterized protein,GO:0016787
FGSG_00489,44,0.48192439987092645,19.202394162545602,FGSG_00043;FGSG_00044;FGSG_00047;FGSG_00048;FGSG_00330;FGSG_00743;FGSG_01346;FGSG_01422;FGSG_01947;FGSG_02272;FGSG_02461;FGSG_03061;FGSG_03295;FGSG_03546;FGSG_03547;FGSG_03548;FGSG_03894;FGSG_03992;FGSG_04458;FGSG_04490;FGSG_04589;FGSG_04590;FGSG_04591;FGSG_04592;FGSG_04595;FGSG_04596;FGSG_04763;FGSG_04852;FGSG_05610;FGSG_05843;FGSG_05926;FGSG_06055;FGSG_06257;FGSG_06702;FGSG_07075;FGSG_08601;FGSG_08712;FGSG_09012;FGSG_09280;FGSG_09456;FGSG_09826;FGSG_09834;FGSG_10347;FGSG_10784,1,uncharacterized protein,GO:0004497;GO:0055114;GO:0071949
FGSG_01234,44,0.5010771472712239,19.067802178485554,FGSG_00330;FGSG_00743;FGSG_00765;FGSG_01422;FGSG_02030;FGSG_02271;FGSG_02272;FGSG_02461;FGSG_02554;FGSG_02972;FGSG_03061;FGSG_03340;FGSG_03546;FGSG_03548;FGSG_03747;FGSG_03894;FGSG_03992;FGSG_04458;FGSG_04588;FGSG_04589;FGSG_04590;FGSG_04591;FGSG_04592;FGSG_04593;FGSG_05368;FGSG_05610;FGSG_06055;FGSG_08493;FGSG_08601;FGSG_08712;FGSG_08774;FGSG_09012;FGSG_09456;FGSG_09826;FGSG_09834;FGSG_10347;FGSG_10444;FGSG_10922;FGSG_10947;FGSG_11206;FGSG_12180;FGSG_12222;FGSG_12223;FGSG_13136,1,adenylate cyclase,GO:0000287;GO:0004016;GO:0005739;GO:0005789;GO:0005886;GO:0006171;GO:0007188;GO:0007265
FGSG_04582,43,0.4991227971093977,19.394772854973283,FGSG_00330;FGSG_00743;FGSG_01422;FGSG_02030;FGSG_02271;FGSG_02272;FGSG_02461;FGSG_03061;FGSG_03295;FGSG_03546;FGSG_03547;FGSG_03548;FGSG_03894;FGSG_03992;FGSG_04458;FGSG_04490;FGSG_04589;FGSG_04590;FGSG_04591;FGSG_04592;FGSG_04593;FGSG_04595;FGSG_04596;FGSG_04763;FGSG_05610;FGSG_05843;FGSG_06055;FGSG_06257;FGSG_07075;FGSG_07528;FGSG_08601;FGSG_08712;FGSG_08774;FGSG_09012;FGSG_09280;FGSG_09456;FGSG_09826;FGSG_09834;FGSG_10347;FGSG_10947;FGSG_12180;FGSG_12223;FGSG_13136,1,uncharacterized protein,GO:0004818;GO:0005524;GO:0005634;GO:0005739;GO:0005829;GO:0006424;GO:0017102
FGSG_00603,43,0.5018009248784328,19.185951695866716,FGSG_00330;FGSG_00743;FGSG_00765;FGSG_01422;FGSG_01621;FGSG_02030;FGSG_02271;FGSG_02272;FGSG_02461;FGSG_02972;FGSG_03061;FGSG_03546;FGSG_03548;FGSG_03747;FGSG_03894;FGSG_03992;FGSG_04309;FGSG_04458;FGSG_04588;FGSG_04589;FGSG_04590;FGSG_04593;FGSG_05368;FGSG_05610;FGSG_07075;FGSG_07528;FGSG_08493;FGSG_08601;FGSG_08712;FGSG_08774;FGSG_09012;FGSG_09456;FGSG_09826;FGSG_09834;FGSG_10347;FGSG_10444;FGSG_10922;FGSG_10947;FGSG_11206;FGSG_12180;FGSG_12222;FGSG_12223;FGSG_13136,1,uncharacterized protein,GO:0016021
FGSG_02379,43,0.4839291073755309,18.907910102984548,FGSG_00043;FGSG_00044;FGSG_00047;FGSG_00048;FGSG_00330;FGSG_00743;FGSG_01346;FGSG_01422;FGSG_01947;FGSG_02272;FGSG_02461;FGSG_03061;FGSG_03340;FGSG_03546;FGSG_03547;FGSG_03548;FGSG_03894;FGSG_03992;FGSG_04458;FGSG_04490;FGSG_04589;FGSG_04590;FGSG_04591;FGSG_04592;FGSG_04595;FGSG_04596;FGSG_04763;FGSG_04852;FGSG_05610;FGSG_05843;FGSG_05926;FGSG_06055;FGSG_06257;FGSG_06702;FGSG_08601;FGSG_08712;FGSG_09012;FGSG_09280;FGSG_09456;FGSG_09826;FGSG_09834;FGSG_10347;FGSG_11658,1,uncharacterized protein,GO:0016627;GO:0050660;GO:0055114
FGSG_05039,43,0.4703880009546993,18.805824624092267,FGSG_00043;FGSG_00330;FGSG_00743;FGSG_01346;FGSG_01422;FGSG_01947;FGSG_02030;FGSG_02271;FGSG_02272;FGSG_02461;FGSG_03061;FGSG_03295;FGSG_03546;FGSG_03547;FGSG_03548;FGSG_03894;FGSG_03992;FGSG_04458;FGSG_04490;FGSG_04589;FGSG_04590;FGSG_04591;FGSG_04592;FGSG_04593;FGSG_04596;FGSG_04763;FGSG_05610;FGSG_05843;FGSG_05926;FGSG_06055;FGSG_06257;FGSG_06702;FGSG_07075;FGSG_07528;FGSG_08601;FGSG_08712;FGSG_09012;FGSG_09280;FGSG_09456;FGSG_09826;FGSG_09834;FGSG_10347;FGSG_10947,1,uncharacterized protein,GO:0016021
FGSG_10126,43,0.47072439995139176,18.603886167835793,FGSG_00043;FGSG_00044;FGSG_00330;FGSG_00743;FGSG_01346;FGSG_01422;FGSG_01947;FGSG_02272;FGSG_02461;FGSG_02554;FGSG_03061;FGSG_03340;FGSG_03546;FGSG_03547;FGSG_03548;FGSG_03894;FGSG_03992;FGSG_04458;FGSG_04490;FGSG_04589;FGSG_04590;FGSG_04591;FGSG_04592;FGSG_04593;FGSG_04596;FGSG_04763;FGSG_04852;FGSG_05610;FGSG_05926;FGSG_06055;FGSG_06257;FGSG_08601;FGSG_08712;FGSG_09012;FGSG_09280;FGSG_09456;FGSG_09826;FGSG_09834;FGSG_10347;FGSG_10947;FGSG_11658;FGSG_12180;FGSG_12223,1,uncharacterized protein,GO:0003824;GO:0008152
FGSG_11585,42,0.5008700894765332,18.779434469499154,FGSG_00330;FGSG_00743;FGSG_01422;FGSG_02030;FGSG_02271;FGSG_02272;FGSG_02461;FGSG_02782;FGSG_03061;FGSG_03295;FGSG_03546;FGSG_03547;FGSG_03548;FGSG_03894;FGSG_03992;FGSG_04458;FGSG_04588;FGSG_04589;FGSG_04590;FGSG_04591;FGSG_04593;FGSG_04763;FGSG_05610;FGSG_05843;FGSG_06055;FGSG_06257;FGSG_07075;FGSG_07528;FGSG_08601;FGSG_08712;FGSG_08774;FGSG_09012;FGSG_09280;FGSG_09456;FGSG_09826;FGSG_09834;FGSG_10347;FGSG_10947;FGSG_11206;FGSG_12180;FGSG_12223;FGSG_13136,1,cytochrome P450 55A2,GO:0004497;GO:0005506;GO:0016705;GO:0020037;GO:0055114
FGSG_12110,42,0.49991482533315135,18.71545112368482,FGSG_00175;FGSG_00330;FGSG_00500;FGSG_00743;FGSG_01422;FGSG_02030;FGSG_02271;FGSG_02272;FGSG_02461;FGSG_02782;FGSG_03061;FGSG_03295;FGSG_03546;FGSG_03547;FGSG_03548;FGSG_03894;FGSG_03992;FGSG_04458;FGSG_04588;FGSG_04589;FGSG_04590;FGSG_04591;FGSG_04593;FGSG_04595;FGSG_04763;FGSG_05610;FGSG_05843;FGSG_06055;FGSG_06257;FGSG_07075;FGSG_07528;FGSG_08601;FGSG_08712;FGSG_08774;FGSG_09012;FGSG_09280;FGSG_09456;FGSG_09826;FGSG_09834;FGSG_10347;FGSG_10947;FGSG_13136,1,uncharacterized protein,GO:0016021
FGSG_02967,42,0.495586967591204,18.49078973234682,FGSG_00330;FGSG_00743;FGSG_00765;FGSG_01422;FGSG_02030;FGSG_02271;FGSG_02272;FGSG_02461;FGSG_02782;FGSG_03061;FGSG_03295;FGSG_03546;FGSG_03548;FGSG_03894;FGSG_03992;FGSG_04309;FGSG_04458;FGSG_04588;FGSG_04589;FGSG_04590;FGSG_04591;FGSG_04593;FGSG_05368;FGSG_05610;FGSG_05843;FGSG_06055;FGSG_06257;FGSG_06506;FGSG_07075;FGSG_07528;FGSG_08601;FGSG_08712;FGSG_08774;FGSG_09012;FGSG_09280;FGSG_09456;FGSG_09834;FGSG_10347;FGSG_10947;FGSG_11206;FGSG_12180;FGSG_13136,1,uncharacterized protein,
FGSG_11894,42,0.48335116480544454,18.43748092929826,FGSG_00330;FGSG_00743;FGSG_01422;FGSG_02030;FGSG_02271;FGSG_02272;FGSG_02461;FGSG_02782;FGSG_03061;FGSG_03295;FGSG_03546;FGSG_03547;FGSG_03548;FGSG_03894;FGSG_03992;FGSG_04458;FGSG_04588;FGSG_04589;FGSG_04590;FGSG_04591;FGSG_04592;FGSG_04593;FGSG_05368;FGSG_05610;FGSG_05843;FGSG_06055;FGSG_06257;FGSG_07075;FGSG_07528;FGSG_08601;FGSG_08712;FGSG_08774;FGSG_09012;FGSG_09280;FGSG_09456;FGSG_09826;FGSG_09834;FGSG_10347;FGSG_10947;FGSG_12180;FGSG_12223;FGSG_13136,1,ATP synthase subunit alpha,GO:0005524;GO:0005754;GO:0015986;GO:0015991;GO:0042645;GO:0046933;GO:0046961
FGSG_01596,42,0.4825217536527184,18.40283201922782,FGSG_00043;FGSG_00044;FGSG_00047;FGSG_00048;FGSG_00330;FGSG_00743;FGSG_01346;FGSG_01422;FGSG_01947;FGSG_02272;FGSG_02461;FGSG_03061;FGSG_03340;FGSG_03546;FGSG_03547;FGSG_03548;FGSG_03894;FGSG_03992;FGSG_04458;FGSG_04490;FGSG_04589;FGSG_04590;FGSG_04591;FGSG_04592;FGSG_04596;FGSG_04763;FGSG_04852;FGSG_05610;FGSG_05926;FGSG_06055;FGSG_06257;FGSG_06702;FGSG_08601;FGSG_08712;FGSG_09012;FGSG_09280;FGSG_09456;FGSG_09826;FGSG_09834;FGSG_10347;FGSG_11658;FGSG_12927,1,uncharacterized protein,GO:0004553;GO:0005975
FGSG_00878,42,0.4925163855564073,18.384811200908487,FGSG_00330;FGSG_00743;FGSG_01422;FGSG_02030;FGSG_02271;FGSG_02272;FGSG_02461;FGSG_03061;FGSG_03295;FGSG_03340;FGSG_03546;FGSG_03547;FGSG_03548;FGSG_03894;FGSG_03992;FGSG_04458;FGSG_04490;FGSG_04588;FGSG_04589;FGSG_04590;FGSG_04591;FGSG_04592;FGSG_04593;FGSG_04596;FGSG_05368;FGSG_05610;FGSG_05926;FGSG_06055;FGSG_07075;FGSG_07528;FGSG_08601;FGSG_08712;FGSG_08774;FGSG_09012;FGSG_09280;FGSG_09456;FGSG_09826;FGSG_09834;FGSG_10347;FGSG_10947;FGSG_12180;FGSG_12223,1,uncharacterized protein,
FGSG_02823,42,0.49870000638575684,18.15858477717843,FGSG_00330;FGSG_00743;FGSG_00765;FGSG_01422;FGSG_02030;FGSG_02272;FGSG_02461;FGSG_02554;FGSG_02972;FGSG_03061;FGSG_03340;FGSG_03546;FGSG_03547;FGSG_03548;FGSG_03747;FGSG_03894;FGSG_03992;FGSG_04458;FGSG_04490;FGSG_04588;FGSG_04589;FGSG_04590;FGSG_04591;FGSG_04592;FGSG_04593;FGSG_04596;FGSG_05368;FGSG_05610;FGSG_06055;FGSG_08493;FGSG_08601;FGSG_08712;FGSG_08774;FGSG_09012;FGSG_09456;FGSG_09826;FGSG_09834;FGSG_10347;FGSG_10922;FGSG_10947;FGSG_12180;FGSG_12223,1,uncharacterized protein,GO:0004622;GO:0009395;GO:0016021;GO:0055085
FGSG_09541,42,0.47162090496551373,18.15320477966521,FGSG_00043;FGSG_00330;FGSG_00743;FGSG_01346;FGSG_01422;FGSG_01947;FGSG_02030;FGSG_02272;FGSG_02461;FGSG_03061;FGSG_03295;FGSG_03340;FGSG_03546;FGSG_03547;FGSG_03548;FGSG_03894;FGSG_03992;FGSG_04458;FGSG_04490;FGSG_04589;FGSG_04590;FGSG_04591;FGSG_04592;FGSG_04593;FGSG_04596;FGSG_04763;FGSG_05610;FGSG_05926;FGSG_06055;FGSG_06257;FGSG_07075;FGSG_08601;FGSG_08712;FGSG_08774;FGSG_09012;FGSG_09280;FGSG_09456;FGSG_09826;FGSG_09834;FGSG_10347;FGSG_10947;FGSG_12180,1,uncharacterized protein,
FGSG_01057,41,0.49742279579022214,18.394884111091528,FGSG_00330;FGSG_00743;FGSG_01422;FGSG_02030;FGSG_02271;FGSG_02272;FGSG_02461;FGSG_03061;FGSG_03295;FGSG_03546;FGSG_03547;FGSG_03548;FGSG_03894;FGSG_03992;FGSG_04458;FGSG_04490;FGSG_04589;FGSG_04590;FGSG_04591;FGSG_04592;FGSG_04593;FGSG_04596;FGSG_04763;FGSG_05610;FGSG_06055;FGSG_06257;FGSG_07075;FGSG_07528;FGSG_08601;FGSG_08712;FGSG_08774;FGSG_09012;FGSG_09280;FGSG_09456;FGSG_09826;FGSG_09834;FGSG_10347;FGSG_10947;FGSG_12180;FGSG_12223;FGSG_13136,1,uncharacterized protein,GO:0005773;GO:0005783;GO:0005886;GO:0009651;GO:0030149;GO:0031307;GO:0046513;GO:0051278;GO:0052712
FGSG_00746,41,0.48981931548229135,18.087353655745098,FGSG_00175;FGSG_00330;FGSG_00500;FGSG_00743;FGSG_01422;FGSG_02030;FGSG_02271;FGSG_02272;FGSG_02461;FGSG_02782;FGSG_03061;FGSG_03295;FGSG_03546;FGSG_03547;FGSG_03548;FGSG_03894;FGSG_03992;FGSG_04458;FGSG_04590;FGSG_04591;FGSG_04592;FGSG_04593;FGSG_04763;FGSG_05610;FGSG_05843;FGSG_06055;FGSG_06257;FGSG_06702;FGSG_07075;FGSG_07528;FGSG_08601;FGSG_08712;FGSG_08774;FGSG_09012;FGSG_09280;FGSG_09456;FGSG_09826;FGSG_09834;FGSG_10347;FGSG_10947;FGSG_13136,1,uncharacterized protein,GO:0005634;GO:0005829;GO:0030433;GO:0030474;GO:0030674;GO:0031593;GO:0042177
FGSG_12181,41,0.4898750711787,18.075681879365067,FGSG_00175;FGSG_00330;FGSG_00743;FGSG_01422;FGSG_02030;FGSG_02271;FGSG_02272;FGSG_02461;FGSG_02782;FGSG_03061;FGSG_03295;FGSG_03546;FGSG_03547;FGSG_03548;FGSG_03894;FGSG_03992;FGSG_04458;FGSG_04589;FGSG_04590;FGSG_04591;FGSG_04592;FGSG_04593;FGSG_04763;FGSG_05610;FGSG_05843;FGSG_06055;FGSG_06257;FGSG_06702;FGSG_07075;FGSG_07528;FGSG_08601;FGSG_08712;FGSG_08774;FGSG_09012;FGSG_09280;FGSG_09456;FGSG_09826;FGSG_09834;FGSG_10347;FGSG_10947;FGSG_13136,1,cytochrome c oxidase polypeptide IV,GO:0004129;GO:0005751;GO:0006123;GO:0008270;GO:0009060;GO:0018580;GO:1902600
FGSG_05338,41,0.49553827684850904,18.03054774582038,FGSG_00330;FGSG_00743;FGSG_01422;FGSG_02030;FGSG_02271;FGSG_02272;FGSG_02461;FGSG_02554;FGSG_03061;FGSG_03340;FGSG_03546;FGSG_03547;FGSG_03548;FGSG_03894;FGSG_03992;FGSG_04458;FGSG_04490;FGSG_04589;FGSG_04590;FGSG_04591;FGSG_04592;FGSG_04593;FGSG_04596;FGSG_04763;FGSG_05610;FGSG_06055;FGSG_07075;FGSG_08601;FGSG_08712;FGSG_08774;FGSG_09012;FGSG_09280;FGSG_09456;FGSG_09826;FGSG_09834;FGSG_10347;FGSG_10922;FGSG_10947;FGSG_12180;FGSG_12223;FGSG_13136,1,uncharacterized protein,GO:0016021
FGSG_04317,41,0.49619516262143376,17.99790559395091,FGSG_00330;FGSG_00743;FGSG_01422;FGSG_02030;FGSG_02271;FGSG_02272;FGSG_02461;FGSG_02554;FGSG_03061;FGSG_03295;FGSG_03340;FGSG_03546;FGSG_03547;FGSG_03548;FGSG_03894;FGSG_03992;FGSG_04458;FGSG_04490;FGSG_04588;FGSG_04589;FGSG_04590;FGSG_04591;FGSG_04592;FGSG_04593;FGSG_04596;FGSG_05610;FGSG_06055;FGSG_07075;FGSG_08601;FGSG_08712;FGSG_08774;FGSG_09012;FGSG_09280;FGSG_09456;FGSG_09826;FGSG_09834;FGSG_10347;FGSG_10922;FGSG_10947;FGSG_12180;FGSG_12223,1,uncharacterized protein,GO:0016021;GO:0055085
FGSG_06206,41,0.5012202656723003,17.94659680279421,FGSG_00330;FGSG_00743;FGSG_00765;FGSG_01422;FGSG_02030;FGSG_02271;FGSG_02272;FGSG_02461;FGSG_02554;FGSG_02972;FGSG_03061;FGSG_03340;FGSG_03546;FGSG_03548;FGSG_03747;FGSG_03894;FGSG_03992;FGSG_04458;FGSG_04588;FGSG_04589;FGSG_04590;FGSG_04593;FGSG_05368;FGSG_05610;FGSG_06055;FGSG_08493;FGSG_08601;FGSG_08712;FGSG_08774;FGSG_09012;FGSG_09826;FGSG_09834;FGSG_10347;FGSG_10444;FGSG_10922;FGSG_10947;FGSG_11206;FGSG_12180;FGSG_12222;FGSG_12223;FGSG_13136,1,uncharacterized protein,GO:0004674;GO:0005524;GO:0005829;GO:0006468;GO:0006808;GO:0032153;GO:0051286;GO:1900417
FGSG_08489,41,0.4767694850694253,17.85091010761841,FGSG_00043;FGSG_00044;FGSG_00048;FGSG_00330;FGSG_00743;FGSG_01346;FGSG_01422;FGSG_01947;FGSG_02272;FGSG_02461;FGSG_03061;FGSG_03340;FGSG_03546;FGSG_03547;FGSG_03548;FGSG_03894;FGSG_03992;FGSG_04458;FGSG_04490;FGSG_04589;FGSG_04590;FGSG_04591;FGSG_04592;FGSG_04593;FGSG_04596;FGSG_04763;FGSG_04852;FGSG_05610;FGSG_05843;FGSG_05926;FGSG_06055;FGSG_06257;FGSG_08601;FGSG_08712;FGSG_09012;FGSG_09280;FGSG_09456;FGSG_09826;FGSG_09834;FGSG_10347;FGSG_10947,1,2-oxodicarboxylate carrier 2,GO:0016021;GO:0055085
FGSG_11565,41,0.47779513263958334,17.84501116508295,FGSG_00043;FGSG_00044;FGSG_00047;FGSG_00048;FGSG_00330;FGSG_00743;FGSG_01346;FGSG_01422;FGSG_01947;FGSG_02272;FGSG_02461;FGSG_03061;FGSG_03340;FGSG_03546;FGSG_03547;FGSG_03548;FGSG_03894;FGSG_03992;FGSG_04458;FGSG_04490;FGSG_04589;FGSG_04590;FGSG_04591;FGSG_04592;FGSG_04596;FGSG_04763;FGSG_04852;FGSG_05610;FGSG_05926;FGSG_06055;FGSG_06257;FGSG_08601;FGSG_08712;FGSG_09012;FGSG_09280;FGSG_09456;FGSG_09826;FGSG_09834;FGSG_10347;FGSG_10947;FGSG_11658,1,uncharacterized protein,GO:0004497;GO:0016705;GO:0055114
FGSG_04086,40,0.48142455830952385,17.622563051880366,FGSG_00043;FGSG_00330;FGSG_00743;FGSG_01346;FGSG_01422;FGSG_01947;FGSG_02272;FGSG_02461;FGSG_03061;FGSG_03295;FGSG_03340;FGSG_03546;FGSG_03547;FGSG_03548;FGSG_03894;FGSG_03992;FGSG_04458;FGSG_04490;FGSG_04589;FGSG_04590;FGSG_04591;FGSG_04592;FGSG_04593;FGSG_04595;FGSG_04596;FGSG_04763;FGSG_05610;FGSG_05926;FGSG_06055;FGSG_06257;FGSG_07075;FGSG_08601;FGSG_08712;FGSG_09012;FGSG_09280;FGSG_09456;FGSG_09826;FGSG_09834;FGSG_10347;FGSG_10947,1,uncharacterized protein,
FGSG_02546,40,0.4972177477966877,17.604250316302345,FGSG_00330;FGSG_00743;FGSG_01422;FGSG_02030;FGSG_02271;FGSG_02272;FGSG_02461;FGSG_03061;FGSG_03295;FGSG_03546;FGSG_03547;FGSG_03548;FGSG_03894;FGSG_03992;FGSG_04458;FGSG_04490;FGSG_04589;FGSG_04590;FGSG_04591;FGSG_04593;FGSG_04596;FGSG_04763;FGSG_05610;FGSG_06055;FGSG_06257;FGSG_07075;FGSG_07528;FGSG_08601;FGSG_08712;FGSG_08774;FGSG_09012;FGSG_09280;FGSG_09456;FGSG_09826;FGSG_09834;FGSG_10347;FGSG_10947;FGSG_12180;FGSG_12223;FGSG_13136,1,uncharacterized protein,
FGSG_07017,40,0.49746700703105484,17.603403915646005,FGSG_00330;FGSG_00743;FGSG_00765;FGSG_01422;FGSG_01621;FGSG_02030;FGSG_02271;FGSG_02272;FGSG_02461;FGSG_02782;FGSG_03061;FGSG_03546;FGSG_03548;FGSG_03894;FGSG_03992;FGSG_04309;FGSG_04458;FGSG_04588;FGSG_04589;FGSG_04590;FGSG_04593;FGSG_05368;FGSG_05610;FGSG_07075;FGSG_07528;FGSG_08493;FGSG_08601;FGSG_08712;FGSG_08774;FGSG_09012;FGSG_09456;FGSG_09834;FGSG_10347;FGSG_10922;FGSG_10947;FGSG_11206;FGSG_12180;FGSG_12222;FGSG_12223;FGSG_13136,1,uncharacterized protein,GO:0004371;GO:0005524;GO:0006071;GO:0016310
FGSG_00492,40,0.4988129701887453,17.495416045601917,FGSG_00330;FGSG_00743;FGSG_00765;FGSG_01422;FGSG_01621;FGSG_02030;FGSG_02271;FGSG_02272;FGSG_02461;FGSG_02782;FGSG_03061;FGSG_03546;FGSG_03548;FGSG_03894;FGSG_03992;FGSG_04458;FGSG_04588;FGSG_04589;FGSG_04590;FGSG_04593;FGSG_05368;FGSG_05610;FGSG_07075;FGSG_07528;FGSG_08493;FGSG_08601;FGSG_08712;FGSG_08774;FGSG_09012;FGSG_09456;FGSG_09826;FGSG_09834;FGSG_10347;FGSG_10922;FGSG_10947;FGSG_11206;FGSG_12180;FGSG_12222;FGSG_12223;FGSG_13136,1,uncharacterized protein,
FGSG_09526,40,0.49377417102081617,17.235682153070563,FGSG_00330;FGSG_00743;FGSG_00765;FGSG_01422;FGSG_02030;FGSG_02272;FGSG_02461;FGSG_02554;FGSG_02972;FGSG_03061;FGSG_03340;FGSG_03546;FGSG_03547;FGSG_03548;FGSG_03747;FGSG_03894;FGSG_03992;FGSG_04458;FGSG_04490;FGSG_04589;FGSG_04590;FGSG_04591;FGSG_04592;FGSG_04593;FGSG_04596;FGSG_05368;FGSG_05610;FGSG_06055;FGSG_08601;FGSG_08712;FGSG_08774;FGSG_09012;FGSG_09826;FGSG_09834;FGSG_10347;FGSG_10444;FGSG_10922;FGSG_10947;FGSG_12180;FGSG_12223,1,uncharacterized protein,GO:0016021
FGSG_02480,39,0.4986145829094227,17.1961983912121,FGSG_00330;FGSG_00743;FGSG_01422;FGSG_02030;FGSG_02271;FGSG_02272;FGSG_02461;FGSG_03061;FGSG_03295;FGSG_03546;FGSG_03547;FGSG_03548;FGSG_03894;FGSG_03992;FGSG_04458;FGSG_04588;FGSG_04589;FGSG_04590;FGSG_04591;FGSG_04593;FGSG_04763;FGSG_05610;FGSG_06055;FGSG_06257;FGSG_07075;FGSG_07528;FGSG_08601;FGSG_08712;FGSG_08774;FGSG_09012;FGSG_09280;FGSG_09456;FGSG_09826;FGSG_09834;FGSG_10347;FGSG_10947;FGSG_12180;FGSG_12223;FGSG_13136,1,uncharacterized protein,GO:0004751;GO:0008615;GO:0009052;GO:0042802
FGSG_03300,39,0.49442822848729145,17.04242437317526,FGSG_00330;FGSG_00743;FGSG_01422;FGSG_02030;FGSG_02271;FGSG_02272;FGSG_02461;FGSG_03061;FGSG_03295;FGSG_03546;FGSG_03547;FGSG_03548;FGSG_03894;FGSG_03992;FGSG_04458;FGSG_04588;FGSG_04589;FGSG_04590;FGSG_04591;FGSG_04592;FGSG_04593;FGSG_05368;FGSG_05610;FGSG_06055;FGSG_07075;FGSG_07528;FGSG_08601;FGSG_08712;FGSG_08774;FGSG_09012;FGSG_09280;FGSG_09456;FGSG_09826;FGSG_09834;FGSG_10347;FGSG_10947;FGSG_12180;FGSG_12223;FGSG_13136,1,uncharacterized protein,
FGSG_01433,39,0.4848256099027324,16.998982960612107,FGSG_00330;FGSG_00743;FGSG_01346;FGSG_01422;FGSG_02030;FGSG_02272;FGSG_02461;FGSG_02554;FGSG_03061;FGSG_03340;FGSG_03546;FGSG_03547;FGSG_03548;FGSG_03894;FGSG_03992;FGSG_04458;FGSG_04490;FGSG_04589;FGSG_04590;FGSG_04591;FGSG_04592;FGSG_04593;FGSG_04596;FGSG_05610;FGSG_05926;FGSG_06055;FGSG_08601;FGSG_08712;FGSG_08774;FGSG_09012;FGSG_09280;FGSG_09456;FGSG_09826;FGSG_09834;FGSG_10347;FGSG_10922;FGSG_10947;FGSG_12180;FGSG_12223,1,glutamate synthase precursor,GO:0005506;GO:0005739;GO:0005829;GO:0006537;GO:0010181;GO:0016040;GO:0050660;GO:0051536;GO:0055114
FGSG_07275,39,0.4874077921483013,16.963573908376734,FGSG_00330;FGSG_00743;FGSG_01422;FGSG_02030;FGSG_02272;FGSG_02461;FGSG_02554;FGSG_02972;FGSG_03061;FGSG_03340;FGSG_03546;FGSG_03547;FGSG_03548;FGSG_03894;FGSG_03992;FGSG_04458;FGSG_04490;FGSG_04589;FGSG_04590;FGSG_04591;FGSG_04592;FGSG_04593;FGSG_04596;FGSG_05610;FGSG_05926;FGSG_06055;FGSG_08601;FGSG_08712;FGSG_08774;FGSG_09012;FGSG_09280;FGSG_09456;FGSG_09826;FGSG_09834;FGSG_10347;FGSG_10922;FGSG_10947;FGSG_12180;FGSG_12223,1,uncharacterized protein,GO:0008152;GO:0016846
FGSG_10804,39,0.49772623088723283,16.95436534436762,FGSG_00330;FGSG_00743;FGSG_01422;FGSG_02030;FGSG_02271;FGSG_02272;FGSG_02461;FGSG_02554;FGSG_03061;FGSG_03340;FGSG_03546;FGSG_03547;FGSG_03548;FGSG_03894;FGSG_03992;FGSG_04458;FGSG_04490;FGSG_04589;FGSG_04590;FGSG_04591;FGSG_04592;FGSG_04593;FGSG_04596;FGSG_05610;FGSG_06055;FGSG_07075;FGSG_08601;FGSG_08712;FGSG_08774;FGSG_09012;FGSG_09280;FGSG_09456;FGSG_09826;FGSG_09834;FGSG_10347;FGSG_10922;FGSG_10947;FGSG_12180;FGSG_12223,1,glutaryl-CoA dehydrogenase,GO:0003995;GO:0050660;GO:0055114
FGSG_09992,39,0.4729779305475326,16.937215262831266,FGSG_00330;FGSG_00743;FGSG_01346;FGSG_01422;FGSG_02030;FGSG_02272;FGSG_02461;FGSG_02554;FGSG_03061;FGSG_03340;FGSG_03546;FGSG_03547;FGSG_03548;FGSG_03894;FGSG_03992;FGSG_04458;FGSG_04490;FGSG_04589;FGSG_04590;FGSG_04591;FGSG_04592;FGSG_04593;FGSG_04596;FGSG_04763;FGSG_05610;FGSG_05926;FGSG_06055;FGSG_08601;FGSG_08712;FGSG_08774;FGSG_09012;FGSG_09280;FGSG_09456;FGSG_09826;FGSG_09834;FGSG_10347;FGSG_10947;FGSG_12180;FGSG_12223,1,uncharacterized protein,GO:0005488
FGSG_03701,39,0.4985890237483785,16.905155397018465,FGSG_00330;FGSG_00743;FGSG_01422;FGSG_02030;FGSG_02271;FGSG_02272;FGSG_02461;FGSG_03061;FGSG_03340;FGSG_03546;FGSG_03547;FGSG_03548;FGSG_03894;FGSG_03992;FGSG_04458;FGSG_04588;FGSG_04589;FGSG_04590;FGSG_04591;FGSG_04592;FGSG_04593;FGSG_05368;FGSG_05610;FGSG_06055;FGSG_07075;FGSG_08601;FGSG_08712;FGSG_08774;FGSG_09012;FGSG_09280;FGSG_09456;FGSG_09826;FGSG_09834;FGSG_10347;FGSG_10922;FGSG_10947;FGSG_12180;FGSG_12223;FGSG_13136,1,uncharacterized protein,
FGSG_03033,39,0.4993656151675221,16.73942003863593,FGSG_00330;FGSG_00743;FGSG_00765;FGSG_01422;FGSG_02030;FGSG_02271;FGSG_02272;FGSG_02461;FGSG_02554;FGSG_02972;FGSG_03061;FGSG_03546;FGSG_03548;FGSG_03747;FGSG_03894;FGSG_03992;FGSG_04458;FGSG_04588;FGSG_04589;FGSG_04590;FGSG_04593;FGSG_05368;FGSG_05610;FGSG_06055;FGSG_08493;FGSG_08601;FGSG_08712;FGSG_08774;FGSG_09012;FGSG_09826;FGSG_09834;FGSG_10347;FGSG_10444;FGSG_10922;FGSG_10947;FGSG_11206;FGSG_12180;FGSG_12223;FGSG_13136,1,uncharacterized protein,GO:0016021;GO:0055085
FGSG_08448,38,0.499649282714527,16.867680648116448,FGSG_00330;FGSG_00743;FGSG_00765;FGSG_01422;FGSG_02030;FGSG_02271;FGSG_02272;FGSG_02461;FGSG_02782;FGSG_03061;FGSG_03295;FGSG_03546;FGSG_03548;FGSG_03894;FGSG_03992;FGSG_04458;FGSG_04588;FGSG_04589;FGSG_04590;FGSG_04591;FGSG_04593;FGSG_05610;FGSG_06055;FGSG_06257;FGSG_07075;FGSG_07528;FGSG_08601;FGSG_08712;FGSG_08774;FGSG_09012;FGSG_09280;FGSG_09456;FGSG_09834;FGSG_10347;FGSG_10947;FGSG_11206;FGSG_12180;FGSG_13136,1,uncharacterized protein,GO:0016874
FGSG_02163,38,0.49648523321905436,16.70654028679145,FGSG_00175;FGSG_00330;FGSG_00500;FGSG_00743;FGSG_01422;FGSG_02030;FGSG_02271;FGSG_02272;FGSG_02461;FGSG_03061;FGSG_03295;FGSG_03546;FGSG_03547;FGSG_03548;FGSG_03894;FGSG_03992;FGSG_04458;FGSG_04590;FGSG_04591;FGSG_04593;FGSG_04595;FGSG_04763;FGSG_05610;FGSG_05843;FGSG_06055;FGSG_06257;FGSG_07075;FGSG_07528;FGSG_08601;FGSG_08712;FGSG_08774;FGSG_09012;FGSG_09280;FGSG_09456;FGSG_09834;FGSG_10347;FGSG_10947;FGSG_13136,1,uncharacterized protein,GO:0008271;GO:0016021;GO:1902358
FGSG_06719,38,0.4835133984787418,16.681152389777175,FGSG_00043;FGSG_00044;FGSG_00048;FGSG_00330;FGSG_00743;FGSG_01346;FGSG_01422;FGSG_01947;FGSG_02272;FGSG_02461;FGSG_03061;FGSG_03546;FGSG_03547;FGSG_03548;FGSG_03894;FGSG_03992;FGSG_04458;FGSG_04490;FGSG_04589;FGSG_04590;FGSG_04591;FGSG_04592;FGSG_04595;FGSG_04596;FGSG_04763;FGSG_04852;FGSG_05610;FGSG_05926;FGSG_06055;FGSG_06257;FGSG_08601;FGSG_08712;FGSG_09012;FGSG_09280;FGSG_09456;FGSG_09826;FGSG_09834;FGSG_10347,1,uncharacterized protein,
FGSG_10008,38,0.4858421755704119,16.658309881521816,FGSG_00330;FGSG_00743;FGSG_01422;FGSG_02030;FGSG_02272;FGSG_02461;FGSG_02554;FGSG_02972;FGSG_03061;FGSG_03340;FGSG_03546;FGSG_03547;FGSG_03548;FGSG_03894;FGSG_03992;FGSG_04458;FGSG_04490;FGSG_04589;FGSG_04590;FGSG_04591;FGSG_04592;FGSG_04593;FGSG_04596;FGSG_05610;FGSG_05926;FGSG_06055;FGSG_08601;FGSG_08712;FGSG_08774;FGSG_09012;FGSG_09280;FGSG_09826;FGSG_09834;FGSG_10347;FGSG_10922;FGSG_10947;FGSG_12180;FGSG_12223,1,uncharacterized protein,GO:0016021
FGSG_07191,38,0.4854694971595875,16.56209943482883,FGSG_00330;FGSG_00743;FGSG_01422;FGSG_02030;FGSG_02272;FGSG_02461;FGSG_02554;FGSG_03061;FGSG_03340;FGSG_03546;FGSG_03547;FGSG_03548;FGSG_03894;FGSG_03992;FGSG_04458;FGSG_04490;FGSG_04589;FGSG_04590;FGSG_04591;FGSG_04592;FGSG_04593;FGSG_04596;FGSG_05610;FGSG_05926;FGSG_06055;FGSG_08601;FGSG_08712;FGSG_08774;FGSG_09012;FGSG_09280;FGSG_09456;FGSG_09826;FGSG_09834;FGSG_10347;FGSG_10922;FGSG_10947;FGSG_12180;FGSG_12223,1,uncharacterized protein,GO:0004471;GO:0006108;GO:0046872;GO:0051287;GO:0055114
FGSG_12502,38,0.48554936337293064,16.52465108886621,FGSG_00330;FGSG_00743;FGSG_01422;FGSG_02030;FGSG_02272;FGSG_02461;FGSG_02554;FGSG_03061;FGSG_03340;FGSG_03546;FGSG_03547;FGSG_03548;FGSG_03894;FGSG_03992;FGSG_04458;FGSG_04490;FGSG_04589;FGSG_04590;FGSG_04591;FGSG_04592;FGSG_04593;FGSG_04596;FGSG_05610;FGSG_05926;FGSG_06055;FGSG_08601;FGSG_08712;FGSG_08774;FGSG_09012;FGSG_09280;FGSG_09456;FGSG_09826;FGSG_09834;FGSG_10347;FGSG_10922;FGSG_10947;FGSG_12180;FGSG_12223,1,uncharacterized protein,GO:0016021
FGSG_13110,38,0.48839396391340806,16.520748676651486,FGSG_00330;FGSG_00743;FGSG_01422;FGSG_02030;FGSG_02272;FGSG_02461;FGSG_02554;FGSG_02972;FGSG_03061;FGSG_03340;FGSG_03546;FGSG_03547;FGSG_03548;FGSG_03747;FGSG_03894;FGSG_03992;FGSG_04458;FGSG_04490;FGSG_04589;FGSG_04590;FGSG_04591;FGSG_04592;FGSG_04593;FGSG_04596;FGSG_05610;FGSG_06055;FGSG_08601;FGSG_08712;FGSG_08774;FGSG_09012;FGSG_09280;FGSG_09826;FGSG_09834;FGSG_10347;FGSG_10922;FGSG_10947;FGSG_12180;FGSG_12223,1,D-lactate dehydrogenase 2,GO:0000981;GO:0005634;GO:0006357;GO:0008270;GO:0016614;GO:0050660;GO:0055114
FGSG_13617,38,0.48254517721562173,16.45929409456006,FGSG_00330;FGSG_00743;FGSG_01422;FGSG_02030;FGSG_02271;FGSG_02272;FGSG_02461;FGSG_02782;FGSG_03061;FGSG_03295;FGSG_03546;FGSG_03547;FGSG_03548;FGSG_03894;FGSG_03992;FGSG_04458;FGSG_04588;FGSG_04589;FGSG_04590;FGSG_04591;FGSG_04592;FGSG_04593;FGSG_05610;FGSG_05843;FGSG_06055;FGSG_06257;FGSG_07075;FGSG_07528;FGSG_08601;FGSG_08712;FGSG_08774;FGSG_09012;FGSG_09280;FGSG_09456;FGSG_09826;FGSG_09834;FGSG_10347;FGSG_10947,1,D-amino-acid oxidase,GO:0003884;GO:0046416;GO:0055114;GO:0071949
FGSG_09934,38,0.49790183745783534,16.4474177447198,FGSG_00330;FGSG_00743;FGSG_01422;FGSG_02030;FGSG_02271;FGSG_02272;FGSG_02461;FGSG_02554;FGSG_03061;FGSG_03546;FGSG_03547;FGSG_03548;FGSG_03894;FGSG_03992;FGSG_04458;FGSG_04490;FGSG_04589;FGSG_04590;FGSG_04591;FGSG_04593;FGSG_04596;FGSG_05610;FGSG_06055;FGSG_07075;FGSG_08601;FGSG_08712;FGSG_08774;FGSG_09012;FGSG_09280;FGSG_09456;FGSG_09826;FGSG_09834;FGSG_10347;FGSG_10922;FGSG_10947;FGSG_12180;FGSG_12223;FGSG_13136,1,asparagine synthetase 2,GO:0004066;GO:0006529
FGSG_10005,38,0.49946729294091985,16.42154540698231,FGSG_00330;FGSG_00743;FGSG_00765;FGSG_01422;FGSG_02030;FGSG_02272;FGSG_02461;FGSG_02554;FGSG_02972;FGSG_03061;FGSG_03340;FGSG_03546;FGSG_03548;FGSG_03747;FGSG_03894;FGSG_04458;FGSG_04588;FGSG_04589;FGSG_04590;FGSG_04591;FGSG_04592;FGSG_04593;FGSG_05368;FGSG_05610;FGSG_08493;FGSG_08601;FGSG_08712;FGSG_08774;FGSG_09012;FGSG_09456;FGSG_09826;FGSG_09834;FGSG_10347;FGSG_10444;FGSG_10922;FGSG_10947;FGSG_12180;FGSG_12223,1,choline-phosphate cytidylyltransferase,GO:0004105;GO:0005635;GO:0006657
FGSG_05683,38,0.4990304215930862,16.390136330552924,FGSG_00330;FGSG_00743;FGSG_00765;FGSG_01422;FGSG_02030;FGSG_02272;FGSG_02461;FGSG_02554;FGSG_02972;FGSG_03061;FGSG_03340;FGSG_03546;FGSG_03548;FGSG_03747;FGSG_03894;FGSG_04458;FGSG_04588;FGSG_04589;FGSG_04590;FGSG_04591;FGSG_04592;FGSG_04593;FGSG_05368;FGSG_05610;FGSG_08493;FGSG_08601;FGSG_08712;FGSG_08774;FGSG_09012;FGSG_09826;FGSG_09834;FGSG_10347;FGSG_10444;FGSG_10922;FGSG_10947;FGSG_12180;FGSG_12222;FGSG_12223,1,uncharacterized protein,GO:0004499;GO:0050660;GO:0050661;GO:0055114
FGSG_08697,37,0.4901601796597039,16.156835423056734,FGSG_00175;FGSG_00330;FGSG_00500;FGSG_00743;FGSG_01422;FGSG_02030;FGSG_02271;FGSG_02272;FGSG_02461;FGSG_03061;FGSG_03295;FGSG_03546;FGSG_03547;FGSG_03548;FGSG_03894;FGSG_03992;FGSG_04458;FGSG_04590;FGSG_04591;FGSG_04763;FGSG_05610;FGSG_05843;FGSG_06055;FGSG_06257;FGSG_06702;FGSG_07075;FGSG_07528;FGSG_08601;FGSG_08712;FGSG_08774;FGSG_09012;FGSG_09280;FGSG_09456;FGSG_09834;FGSG_10347;FGSG_10947;FGSG_13136,1,uncharacterized protein,GO:0005375;GO:0016021;GO:0035434
FGSG_06119,37,0.49049679758126224,16.115504428038665,FGSG_00330;FGSG_00743;FGSG_00765;FGSG_01422;FGSG_02030;FGSG_02271;FGSG_02272;FGSG_02461;FGSG_02782;FGSG_03061;FGSG_03295;FGSG_03546;FGSG_03548;FGSG_03894;FGSG_03992;FGSG_04458;FGSG_04588;FGSG_04589;FGSG_04590;FGSG_04593;FGSG_05368;FGSG_05610;FGSG_06506;FGSG_07075;FGSG_07528;FGSG_08601;FGSG_08712;FGSG_08774;FGSG_09012;FGSG_09456;FGSG_09834;FGSG_10347;FGSG_10947;FGSG_11206;FGSG_12180;FGSG_12223;FGSG_13136,1,uncharacterized protein,GO:0004553;GO:0005975;GO:0016021
FGSG_13310,37,0.49807256317738785,16.099200672207996,FGSG_00330;FGSG_00743;FGSG_00765;FGSG_01422;FGSG_02030;FGSG_02271;FGSG_02272;FGSG_02461;FGSG_02782;FGSG_03061;FGSG_03295;FGSG_03546;FGSG_03548;FGSG_03894;FGSG_03992;FGSG_04458;FGSG_04588;FGSG_04589;FGSG_04590;FGSG_04593;FGSG_05368;FGSG_05610;FGSG_07075;FGSG_07528;FGSG_08601;FGSG_08712;FGSG_08774;FGSG_09012;FGSG_09456;FGSG_09834;FGSG_10347;FGSG_10922;FGSG_10947;FGSG_11206;FGSG_12180;FGSG_12223;FGSG_13136,1,uncharacterized protein,GO:0005634;GO:0005758;GO:0005829;GO:0031305;GO:0033617
FGSG_01591,37,0.4978732395703525,16.097033173313037,FGSG_00330;FGSG_00743;FGSG_01422;FGSG_02030;FGSG_02272;FGSG_02461;FGSG_03061;FGSG_03340;FGSG_03546;FGSG_03547;FGSG_03548;FGSG_03894;FGSG_03992;FGSG_04458;FGSG_04588;FGSG_04589;FGSG_04590;FGSG_04591;FGSG_04592;FGSG_04593;FGSG_05368;FGSG_05610;FGSG_06055;FGSG_07075;FGSG_08601;FGSG_08712;FGSG_08774;FGSG_09012;FGSG_09280;FGSG_09456;FGSG_09826;FGSG_09834;FGSG_10347;FGSG_10922;FGSG_10947;FGSG_12180;FGSG_12223,1,phosphate carrier protein,GO:0006810;GO:0016021
FGSG_05267,37,0.4644823185832389,15.994598711619776,FGSG_00043;FGSG_00330;FGSG_00743;FGSG_01422;FGSG_01947;FGSG_02272;FGSG_02461;FGSG_03061;FGSG_03340;FGSG_03546;FGSG_03547;FGSG_03548;FGSG_03894;FGSG_03992;FGSG_04458;FGSG_04490;FGSG_04589;FGSG_04590;FGSG_04591;FGSG_04592;FGSG_04593;FGSG_04596;FGSG_05610;FGSG_05926;FGSG_06055;FGSG_06257;FGSG_08601;FGSG_08712;FGSG_08774;FGSG_09012;FGSG_09280;FGSG_09456;FGSG_09826;FGSG_09834;FGSG_10347;FGSG_10947;FGSG_12223,1,uncharacterized protein,
FGSG_01883,37,0.47979191198261933,15.992975251066886,FGSG_00043;FGSG_00044;FGSG_00047;FGSG_00048;FGSG_00330;FGSG_00743;FGSG_01346;FGSG_01422;FGSG_01947;FGSG_02272;FGSG_02461;FGSG_03061;FGSG_03546;FGSG_03547;FGSG_03548;FGSG_03894;FGSG_03992;FGSG_04458;FGSG_04490;FGSG_04589;FGSG_04590;FGSG_04591;FGSG_04596;FGSG_04763;FGSG_04852;FGSG_05610;FGSG_05926;FGSG_06055;FGSG_06257;FGSG_06702;FGSG_08601;FGSG_08712;FGSG_09012;FGSG_09280;FGSG_09456;FGSG_09834;FGSG_10347,1,uncharacterized protein,GO:0008324;GO:0016021;GO:0098655
FGSG_12182,37,0.49316877805776976,15.984986064479584,FGSG_00330;FGSG_00743;FGSG_01422;FGSG_02030;FGSG_02272;FGSG_02461;FGSG_02554;FGSG_03061;FGSG_03340;FGSG_03546;FGSG_03547;FGSG_03548;FGSG_03894;FGSG_03992;FGSG_04458;FGSG_04490;FGSG_04589;FGSG_04590;FGSG_04591;FGSG_04592;FGSG_04593;FGSG_04596;FGSG_05610;FGSG_06055;FGSG_08601;FGSG_08712;FGSG_08774;FGSG_09012;FGSG_09280;FGSG_09456;FGSG_09826;FGSG_09834;FGSG_10347;FGSG_10922;FGSG_10947;FGSG_12180;FGSG_12223,1,uncharacterized protein,GO:0003735;GO:0005730;GO:0005762;GO:0016787;GO:0032543;GO:0035091
FGSG_00296,37,0.49664013858037415,15.907159901412621,FGSG_00330;FGSG_00743;FGSG_00765;FGSG_01422;FGSG_02030;FGSG_02272;FGSG_02461;FGSG_02554;FGSG_02972;FGSG_03061;FGSG_03340;FGSG_03546;FGSG_03548;FGSG_03747;FGSG_03894;FGSG_04458;FGSG_04589;FGSG_04590;FGSG_04591;FGSG_04593;FGSG_05368;FGSG_05610;FGSG_06055;FGSG_08493;FGSG_08601;FGSG_08712;FGSG_08774;FGSG_09012;FGSG_09826;FGSG_10347;FGSG_10444;FGSG_10922;FGSG_10947;FGSG_11206;FGSG_12180;FGSG_12223;FGSG_13136,1,threonine dehydratase,GO:0004794;GO:0006567;GO:0009097;GO:0030170
FGSG_11270,36,0.4750382610625339,16.154685843166604,FGSG_00007;FGSG_01866;FGSG_02255;FGSG_02320;FGSG_02321;FGSG_02323;FGSG_02324;FGSG_02325;FGSG_02326;FGSG_02327;FGSG_02328;FGSG_02329;FGSG_02840;FGSG_02903;FGSG_03532;FGSG_03539;FGSG_03541;FGSG_03543;FGSG_03599;FGSG_03600;FGSG_03842;FGSG_03881;FGSG_05919;FGSG_07896;FGSG_08081;FGSG_08082;FGSG_08083;FGSG_08084;FGSG_08795;FGSG_09064;FGSG_09187;FGSG_10670;FGSG_11184;FGSG_11326;FGSG_12211;FGSG_13952,2,uncharacterized protein,GO:0004497;GO:0055114
FGSG_11888,36,0.4719845503613281,16.119950275169963,FGSG_00007;FGSG_01866;FGSG_02077;FGSG_02255;FGSG_02320;FGSG_02321;FGSG_02323;FGSG_02324;FGSG_02325;FGSG_02326;FGSG_02327;FGSG_02328;FGSG_02329;FGSG_02840;FGSG_02903;FGSG_03532;FGSG_03539;FGSG_03541;FGSG_03543;FGSG_03574;FGSG_03599;FGSG_03600;FGSG_03842;FGSG_03881;FGSG_05919;FGSG_08081;FGSG_08082;FGSG_08083;FGSG_08795;FGSG_09064;FGSG_09187;FGSG_10670;FGSG_11184;FGSG_11326;FGSG_12211;FGSG_13952,2,uncharacterized protein,GO:0016021
FGSG_02343,36,0.47521124848523305,16.115150202229394,FGSG_00007;FGSG_01866;FGSG_02077;FGSG_02255;FGSG_02320;FGSG_02321;FGSG_02323;FGSG_02324;FGSG_02325;FGSG_02326;FGSG_02327;FGSG_02328;FGSG_02329;FGSG_02840;FGSG_02903;FGSG_03532;FGSG_03539;FGSG_03541;FGSG_03543;FGSG_03574;FGSG_03599;FGSG_03600;FGSG_03842;FGSG_03881;FGSG_05919;FGSG_08081;FGSG_08082;FGSG_08083;FGSG_08795;FGSG_09064;FGSG_09187;FGSG_10670;FGSG_11184;FGSG_11326;FGSG_12211;FGSG_13952,2,uncharacterized protein,GO:0005215;GO:0016021;GO:0055085
FGSG_10306,36,0.47939230206008515,15.627267289585438,FGSG_00330;FGSG_00743;FGSG_01422;FGSG_02030;FGSG_02271;FGSG_02272;FGSG_02461;FGSG_03061;FGSG_03295;FGSG_03546;FGSG_03547;FGSG_03548;FGSG_03894;FGSG_03992;FGSG_04458;FGSG_04589;FGSG_04590;FGSG_04591;FGSG_04592;FGSG_04593;FGSG_05610;FGSG_05843;FGSG_06055;FGSG_06257;FGSG_07075;FGSG_07528;FGSG_08601;FGSG_08712;FGSG_08774;FGSG_09012;FGSG_09280;FGSG_09456;FGSG_09826;FGSG_09834;FGSG_10347;FGSG_10947,1,uncharacterized protein,GO:0000001;GO:0001302;GO:0005743;GO:0006457;GO:0007007;GO:0045861;GO:0070584
FGSG_06631,36,0.5021958396018027,15.580597204847232,FGSG_00330;FGSG_00743;FGSG_00765;FGSG_01422;FGSG_02030;FGSG_02271;FGSG_02272;FGSG_02461;FGSG_02972;FGSG_03061;FGSG_03546;FGSG_03548;FGSG_03747;FGSG_03894;FGSG_04458;FGSG_04588;FGSG_04589;FGSG_04590;FGSG_04593;FGSG_05368;FGSG_05610;FGSG_08493;FGSG_08601;FGSG_08712;FGSG_08774;FGSG_09012;FGSG_09456;FGSG_09826;FGSG_09834;FGSG_10347;FGSG_10444;FGSG_10922;FGSG_10947;FGSG_12180;FGSG_12223;FGSG_13136,1,uncharacterized protein,GO:0008152;GO:0016874;GO:0032153;GO:0072686
FGSG_06328,36,0.47941725707756305,15.516992778214009,FGSG_00043;FGSG_00044;FGSG_00047;FGSG_00048;FGSG_00330;FGSG_00743;FGSG_01346;FGSG_01422;FGSG_01947;FGSG_02272;FGSG_03061;FGSG_03340;FGSG_03546;FGSG_03547;FGSG_03548;FGSG_03894;FGSG_03992;FGSG_04458;FGSG_04490;FGSG_04589;FGSG_04590;FGSG_04591;FGSG_04596;FGSG_04852;FGSG_05610;FGSG_05926;FGSG_06055;FGSG_08601;FGSG_08712;FGSG_09012;FGSG_09280;FGSG_09456;FGSG_09826;FGSG_09834;FGSG_10347;FGSG_11658,1,xylulose-5-phosphate phosphoketolase,GO:0005975;GO:0016832
FGSG_05402,36,0.47590292111686827,15.475798654774758,FGSG_00043;FGSG_00044;FGSG_00048;FGSG_00330;FGSG_00743;FGSG_01346;FGSG_01422;FGSG_01947;FGSG_02272;FGSG_02461;FGSG_03061;FGSG_03340;FGSG_03546;FGSG_03547;FGSG_03548;FGSG_03894;FGSG_03992;FGSG_04458;FGSG_04490;FGSG_04589;FGSG_04590;FGSG_04591;FGSG_04592;FGSG_04596;FGSG_05610;FGSG_05926;FGSG_06055;FGSG_08601;FGSG_08712;FGSG_09012;FGSG_09280;FGSG_09456;FGSG_09826;FGSG_09834;FGSG_10347;FGSG_11658,1,uncharacterized protein,GO:0000981;GO:0005634;GO:0006357;GO:0008270
FGSG_07722,36,0.47750461471904226,15.408471621606697,FGSG_00330;FGSG_00743;FGSG_01422;FGSG_02272;FGSG_02461;FGSG_02554;FGSG_03061;FGSG_03340;FGSG_03546;FGSG_03547;FGSG_03548;FGSG_03894;FGSG_03992;FGSG_04458;FGSG_04490;FGSG_04589;FGSG_04590;FGSG_04591;FGSG_04592;FGSG_04593;FGSG_04596;FGSG_05610;FGSG_05926;FGSG_06055;FGSG_08601;FGSG_08712;FGSG_08774;FGSG_09012;FGSG_09280;FGSG_09456;FGSG_09826;FGSG_09834;FGSG_10347;FGSG_10947;FGSG_12180;FGSG_12223,1,uncharacterized protein,GO:0006820;GO:0016021;GO:0022857;GO:0055085
FGSG_01149,35,0.5004236135719827,15.438117181535903,FGSG_00330;FGSG_00743;FGSG_00765;FGSG_01422;FGSG_01621;FGSG_02030;FGSG_02271;FGSG_02272;FGSG_02461;FGSG_02972;FGSG_03061;FGSG_03747;FGSG_03894;FGSG_04458;FGSG_04588;FGSG_04589;FGSG_04590;FGSG_04593;FGSG_05368;FGSG_05610;FGSG_08493;FGSG_08601;FGSG_08712;FGSG_08774;FGSG_09012;FGSG_09834;FGSG_10347;FGSG_10444;FGSG_10922;FGSG_10947;FGSG_11206;FGSG_12180;FGSG_12222;FGSG_12223;FGSG_13136,1,uncharacterized protein,GO:0016021
FGSG_06544,35,0.49313966247496477,15.345433298205233,FGSG_00175;FGSG_00330;FGSG_00500;FGSG_00743;FGSG_01422;FGSG_02030;FGSG_02271;FGSG_02272;FGSG_02461;FGSG_03061;FGSG_03295;FGSG_03546;FGSG_03547;FGSG_03548;FGSG_03894;FGSG_03992;FGSG_04458;FGSG_04590;FGSG_04591;FGSG_04763;FGSG_05610;FGSG_05843;FGSG_06055;FGSG_06257;FGSG_07075;FGSG_07528;FGSG_08601;FGSG_08712;FGSG_08774;FGSG_09012;FGSG_09280;FGSG_09456;FGSG_09834;FGSG_10347;FGSG_13136,1,cystathionine beta-synthase,GO:0004122;GO:0005739;GO:0006535;GO:0007089;GO:0019343;GO:0019346;GO:0070814
FGSG_09402,35,0.5022581035478713,15.294004886452232,FGSG_00330;FGSG_00743;FGSG_00765;FGSG_01422;FGSG_01621;FGSG_02030;FGSG_02271;FGSG_02272;FGSG_02461;FGSG_03061;FGSG_03548;FGSG_03747;FGSG_03894;FGSG_04458;FGSG_04588;FGSG_04589;FGSG_04590;FGSG_04593;FGSG_05368;FGSG_05610;FGSG_07075;FGSG_08493;FGSG_08601;FGSG_08712;FGSG_08774;FGSG_09012;FGSG_09456;FGSG_09834;FGSG_10347;FGSG_10922;FGSG_10947;FGSG_11206;FGSG_12180;FGSG_12223;FGSG_13136,1,uncharacterized protein,GO:0008654;GO:0016021;GO:0016780
FGSG_09054,35,0.4803230103496369,15.172054294032256,FGSG_00330;FGSG_00743;FGSG_01422;FGSG_02030;FGSG_02272;FGSG_02461;FGSG_03061;FGSG_03546;FGSG_03547;FGSG_03548;FGSG_03894;FGSG_03992;FGSG_04458;FGSG_04490;FGSG_04589;FGSG_04590;FGSG_04591;FGSG_04593;FGSG_04596;FGSG_04763;FGSG_05610;FGSG_06055;FGSG_07075;FGSG_08601;FGSG_08712;FGSG_08774;FGSG_09012;FGSG_09280;FGSG_09456;FGSG_09826;FGSG_09834;FGSG_10347;FGSG_10947;FGSG_12180;FGSG_12223,1,uncharacterized protein,GO:0004497;GO:0055114
FGSG_05442,35,0.499271623933484,15.141146513190428,FGSG_00330;FGSG_00743;FGSG_01422;FGSG_02030;FGSG_02271;FGSG_02272;FGSG_02461;FGSG_03061;FGSG_03546;FGSG_03548;FGSG_03894;FGSG_03992;FGSG_04458;FGSG_04588;FGSG_04589;FGSG_04590;FGSG_04591;FGSG_04593;FGSG_05368;FGSG_05610;FGSG_06055;FGSG_07075;FGSG_07528;FGSG_08601;FGSG_08712;FGSG_08774;FGSG_09012;FGSG_09456;FGSG_09826;FGSG_09834;FGSG_10347;FGSG_10947;FGSG_12180;FGSG_12223;FGSG_13136,1,uncharacterized protein,
FGSG_08049,34,0.4722224651729281,15.306117539894514,FGSG_00007;FGSG_01866;FGSG_02255;FGSG_02320;FGSG_02321;FGSG_02323;FGSG_02324;FGSG_02325;FGSG_02326;FGSG_02327;FGSG_02328;FGSG_02329;FGSG_02840;FGSG_02903;FGSG_03532;FGSG_03539;FGSG_03541;FGSG_03543;FGSG_03599;FGSG_03600;FGSG_03842;FGSG_03881;FGSG_05919;FGSG_08081;FGSG_08082;FGSG_08083;FGSG_08795;FGSG_09064;FGSG_09187;FGSG_10670;FGSG_11184;FGSG_11326;FGSG_12211;FGSG_13952,2,uncharacterized protein,
FGSG_07921,34,0.4678230122288464,15.115616466643106,FGSG_00007;FGSG_01866;FGSG_02255;FGSG_02320;FGSG_02321;FGSG_02323;FGSG_02324;FGSG_02325;FGSG_02326;FGSG_02327;FGSG_02328;FGSG_02329;FGSG_02840;FGSG_02903;FGSG_03532;FGSG_03539;FGSG_03541;FGSG_03543;FGSG_03599;FGSG_03600;FGSG_03842;FGSG_03881;FGSG_05919;FGSG_08081;FGSG_08082;FGSG_08083;FGSG_08795;FGSG_09064;FGSG_09187;FGSG_10670;FGSG_11184;FGSG_11326;FGSG_12211;FGSG_13952,2,uncharacterized protein,GO:0000981;GO:0004553;GO:0005634;GO:0006357;GO:0008270;GO:0016052;GO:0030246
FGSG_04223,34,0.49220210121045305,15.04558608858013,FGSG_00330;FGSG_00500;FGSG_00743;FGSG_01422;FGSG_02030;FGSG_02271;FGSG_02272;FGSG_02461;FGSG_03061;FGSG_03295;FGSG_03546;FGSG_03547;FGSG_03548;FGSG_03894;FGSG_03992;FGSG_04458;FGSG_04589;FGSG_04590;FGSG_04591;FGSG_04595;FGSG_04763;FGSG_05610;FGSG_05843;FGSG_06055;FGSG_06257;FGSG_07075;FGSG_07528;FGSG_08601;FGSG_08712;FGSG_09012;FGSG_09280;FGSG_09456;FGSG_09834;FGSG_10347,1,aldehyde reductase 1,GO:0016491;GO:0055114
FGSG_04971,34,0.46347269809298797,14.99206110273155,FGSG_00007;FGSG_01866;FGSG_02255;FGSG_02320;FGSG_02321;FGSG_02323;FGSG_02324;FGSG_02325;FGSG_02326;FGSG_02327;FGSG_02328;FGSG_02329;FGSG_02840;FGSG_02903;FGSG_03532;FGSG_03539;FGSG_03541;FGSG_03543;FGSG_03600;FGSG_03842;FGSG_03881;FGSG_07896;FGSG_08081;FGSG_08082;FGSG_08083;FGSG_08084;FGSG_08795;FGSG_09064;FGSG_09187;FGSG_10670;FGSG_11184;FGSG_11326;FGSG_12211;FGSG_13952,2,uncharacterized protein,
FGSG_03006,34,0.4997553394459561,14.956011338894028,FGSG_00330;FGSG_00743;FGSG_01422;FGSG_02030;FGSG_02271;FGSG_02272;FGSG_02461;FGSG_03061;FGSG_03295;FGSG_03546;FGSG_03547;FGSG_03548;FGSG_03894;FGSG_03992;FGSG_04458;FGSG_04589;FGSG_04590;FGSG_04591;FGSG_04593;FGSG_05610;FGSG_06055;FGSG_06257;FGSG_07075;FGSG_07528;FGSG_08601;FGSG_08712;FGSG_08774;FGSG_09012;FGSG_09280;FGSG_09456;FGSG_09834;FGSG_10347;FGSG_10947;FGSG_13136,1,uncharacterized protein,GO:0016747
FGSG_09351,34,0.45913738060938364,14.888087755769442,FGSG_00007;FGSG_01866;FGSG_02255;FGSG_02320;FGSG_02321;FGSG_02323;FGSG_02324;FGSG_02325;FGSG_02326;FGSG_02327;FGSG_02328;FGSG_02329;FGSG_02840;FGSG_02903;FGSG_03532;FGSG_03539;FGSG_03541;FGSG_03543;FGSG_03574;FGSG_03600;FGSG_03842;FGSG_03881;FGSG_08078;FGSG_08081;FGSG_08082;FGSG_08083;FGSG_08084;FGSG_08795;FGSG_09064;FGSG_09187;FGSG_10670;FGSG_11326;FGSG_12211;FGSG_13952,2,uncharacterized protein,GO:0004497;GO:0005506;GO:0008168;GO:0016021;GO:0016705;GO:0020037;GO:0032259;GO:0055114
FGSG_13615,34,0.4934090321201889,14.872430735237451,FGSG_00743;FGSG_00765;FGSG_01422;FGSG_01621;FGSG_02030;FGSG_02271;FGSG_02272;FGSG_02461;FGSG_02782;FGSG_03061;FGSG_03894;FGSG_04309;FGSG_04458;FGSG_04588;FGSG_04589;FGSG_04590;FGSG_04593;FGSG_05368;FGSG_05610;FGSG_06506;FGSG_07075;FGSG_07528;FGSG_08712;FGSG_08774;FGSG_09012;FGSG_09456;FGSG_09834;FGSG_10347;FGSG_10922;FGSG_10947;FGSG_11206;FGSG_12180;FGSG_12223;FGSG_13136,1,uncharacterized protein,
FGSG_11205,34,0.4844033634812022,14.85126763603969,FGSG_00330;FGSG_00743;FGSG_01422;FGSG_02030;FGSG_02271;FGSG_02272;FGSG_02461;FGSG_02782;FGSG_03061;FGSG_03295;FGSG_03546;FGSG_03548;FGSG_03894;FGSG_03992;FGSG_04458;FGSG_04588;FGSG_04590;FGSG_04593;FGSG_05368;FGSG_05610;FGSG_05843;FGSG_06506;FGSG_07075;FGSG_07528;FGSG_08601;FGSG_08712;FGSG_08774;FGSG_09012;FGSG_09280;FGSG_09456;FGSG_09834;FGSG_10347;FGSG_10947;FGSG_13136,1,uncharacterized protein,
FGSG_03525,34,0.4791187268534166,14.821160159176952,FGSG_00043;FGSG_00330;FGSG_00743;FGSG_01422;FGSG_01947;FGSG_02271;FGSG_02272;FGSG_02461;FGSG_03061;FGSG_03295;FGSG_03546;FGSG_03547;FGSG_03548;FGSG_03894;FGSG_03992;FGSG_04458;FGSG_04590;FGSG_04591;FGSG_04596;FGSG_04763;FGSG_05610;FGSG_05843;FGSG_06055;FGSG_06257;FGSG_06702;FGSG_07075;FGSG_07528;FGSG_08601;FGSG_08712;FGSG_09012;FGSG_09280;FGSG_09456;FGSG_09834;FGSG_10347,1,uncharacterized protein,GO:0008168;GO:0032259
FGSG_02373,34,0.4607993762832298,14.805275659353214,FGSG_00007;FGSG_01866;FGSG_02255;FGSG_02320;FGSG_02321;FGSG_02323;FGSG_02324;FGSG_02325;FGSG_02326;FGSG_02327;FGSG_02328;FGSG_02329;FGSG_02840;FGSG_02903;FGSG_03532;FGSG_03539;FGSG_03541;FGSG_03543;FGSG_03600;FGSG_03842;FGSG_03881;FGSG_07896;FGSG_08081;FGSG_08082;FGSG_08083;FGSG_08084;FGSG_08795;FGSG_09064;FGSG_09187;FGSG_10670;FGSG_11184;FGSG_11326;FGSG_12211;FGSG_13952,2,uncharacterized protein,
FGSG_08773,34,0.5001922138502812,14.753660463074203,FGSG_00743;FGSG_00765;FGSG_01422;FGSG_01621;FGSG_02030;FGSG_02271;FGSG_02272;FGSG_02461;FGSG_02972;FGSG_03061;FGSG_03747;FGSG_03894;FGSG_04458;FGSG_04588;FGSG_04589;FGSG_04590;FGSG_04593;FGSG_05368;FGSG_05610;FGSG_08493;FGSG_08601;FGSG_08712;FGSG_08774;FGSG_09012;FGSG_09826;FGSG_10347;FGSG_10444;FGSG_10922;FGSG_10947;FGSG_11206;FGSG_12180;FGSG_12222;FGSG_12223;FGSG_13136,1,mannose-1-phosphate guanyltransferase,GO:0000032;GO:0004475;GO:0005525;GO:0005829;GO:0006486;GO:0007049;GO:0009272;GO:0009298;GO:0051286
FGSG_03638,33,0.4728151780967738,14.869094354596834,FGSG_00007;FGSG_01866;FGSG_02255;FGSG_02320;FGSG_02321;FGSG_02323;FGSG_02324;FGSG_02325;FGSG_02326;FGSG_02327;FGSG_02328;FGSG_02329;FGSG_02840;FGSG_02903;FGSG_03532;FGSG_03539;FGSG_03541;FGSG_03543;FGSG_03599;FGSG_03600;FGSG_03842;FGSG_03881;FGSG_05919;FGSG_08081;FGSG_08082;FGSG_08083;FGSG_08795;FGSG_09064;FGSG_09187;FGSG_10670;FGSG_11184;FGSG_11326;FGSG_13952,2,uncharacterized protein,GO:0016614;GO:0050660;GO:0055114
FGSG_14015,33,0.47343064977985966,14.818880717065165,FGSG_00007;FGSG_01866;FGSG_02077;FGSG_02255;FGSG_02320;FGSG_02321;FGSG_02323;FGSG_02324;FGSG_02325;FGSG_02326;FGSG_02327;FGSG_02328;FGSG_02329;FGSG_02840;FGSG_02903;FGSG_03532;FGSG_03539;FGSG_03541;FGSG_03543;FGSG_03599;FGSG_03600;FGSG_03842;FGSG_03881;FGSG_05919;FGSG_08081;FGSG_08082;FGSG_08083;FGSG_08795;FGSG_09187;FGSG_10670;FGSG_11184;FGSG_11326;FGSG_13952,2,uncharacterized protein,GO:0008168;GO:0032259
FGSG_08352,33,0.5000898315877034,14.631712363925793,FGSG_00743;FGSG_00765;FGSG_01422;FGSG_01621;FGSG_02030;FGSG_02271;FGSG_02272;FGSG_02461;FGSG_02972;FGSG_03061;FGSG_03747;FGSG_03894;FGSG_04458;FGSG_04588;FGSG_04589;FGSG_04590;FGSG_04593;FGSG_05368;FGSG_05610;FGSG_08493;FGSG_08601;FGSG_08712;FGSG_08774;FGSG_09012;FGSG_10347;FGSG_10444;FGSG_10922;FGSG_10947;FGSG_11206;FGSG_12180;FGSG_12222;FGSG_12223;FGSG_13136,1,glycine dehydrogenase,GO:0004375;GO:0005739;GO:0006730;GO:0019464;GO:0055114
FGSG_01277,33,0.49555236758673465,14.484462331593233,FGSG_00743;FGSG_00765;FGSG_01422;FGSG_01621;FGSG_02030;FGSG_02271;FGSG_02272;FGSG_02461;FGSG_03061;FGSG_03894;FGSG_04309;FGSG_04458;FGSG_04588;FGSG_04589;FGSG_04590;FGSG_04593;FGSG_05368;FGSG_05610;FGSG_07075;FGSG_07528;FGSG_08493;FGSG_08712;FGSG_08774;FGSG_09012;FGSG_09456;FGSG_09834;FGSG_10347;FGSG_10922;FGSG_10947;FGSG_11206;FGSG_12180;FGSG_12223;FGSG_13136,1,uncharacterized protein,
FGSG_05277,33,0.4834610828682857,14.453039779207682,FGSG_00043;FGSG_00044;FGSG_00330;FGSG_00743;FGSG_01346;FGSG_01422;FGSG_01947;FGSG_02272;FGSG_02461;FGSG_03061;FGSG_03546;FGSG_03547;FGSG_03548;FGSG_03894;FGSG_03992;FGSG_04458;FGSG_04490;FGSG_04589;FGSG_04590;FGSG_04591;FGSG_04596;FGSG_04763;FGSG_05610;FGSG_05926;FGSG_06055;FGSG_06257;FGSG_08601;FGSG_08712;FGSG_09012;FGSG_09280;FGSG_09456;FGSG_09834;FGSG_10347,1,uracil permease,GO:0005215;GO:0016021;GO:0055085
FGSG_00054,33,0.46527046747544465,14.446987342474761,FGSG_00007;FGSG_01866;FGSG_02077;FGSG_02255;FGSG_02320;FGSG_02321;FGSG_02323;FGSG_02324;FGSG_02325;FGSG_02326;FGSG_02327;FGSG_02328;FGSG_02329;FGSG_02840;FGSG_02903;FGSG_03532;FGSG_03539;FGSG_03541;FGSG_03574;FGSG_03600;FGSG_03842;FGSG_03881;FGSG_05919;FGSG_08081;FGSG_08082;FGSG_08083;FGSG_08795;FGSG_09187;FGSG_10670;FGSG_11184;FGSG_11326;FGSG_12211;FGSG_13952,2,uncharacterized protein,GO:0005488;GO:0006355
FGSG_09232,33,0.49723168116976657,14.420175570816626,FGSG_00743;FGSG_00765;FGSG_01422;FGSG_01621;FGSG_02030;FGSG_02271;FGSG_02272;FGSG_02461;FGSG_03061;FGSG_03894;FGSG_04309;FGSG_04458;FGSG_04588;FGSG_04589;FGSG_04590;FGSG_04593;FGSG_05368;FGSG_05610;FGSG_07075;FGSG_07528;FGSG_08493;FGSG_08712;FGSG_08774;FGSG_09012;FGSG_09456;FGSG_09834;FGSG_10347;FGSG_10922;FGSG_10947;FGSG_11206;FGSG_12180;FGSG_12223;FGSG_13136,1,uncharacterized protein,GO:0005267;GO:0016021;GO:0071805
FGSG_00278,33,0.4901774345118496,14.34862757783482,FGSG_00175;FGSG_00330;FGSG_00743;FGSG_01422;FGSG_02030;FGSG_02271;FGSG_02272;FGSG_02461;FGSG_02782;FGSG_03061;FGSG_03295;FGSG_03546;FGSG_03548;FGSG_03894;FGSG_03992;FGSG_04458;FGSG_04590;FGSG_05610;FGSG_05843;FGSG_06055;FGSG_06257;FGSG_07075;FGSG_07528;FGSG_08601;FGSG_08712;FGSG_08774;FGSG_09012;FGSG_09280;FGSG_09456;FGSG_09834;FGSG_10347;FGSG_10947;FGSG_13136,1,biotin synthase,GO:0004076;GO:0009102;GO:0046872;GO:0051537;GO:0051539
FGSG_07257,33,0.48166059965553365,14.34160019889406,FGSG_00330;FGSG_00743;FGSG_01422;FGSG_02030;FGSG_02271;FGSG_02272;FGSG_02461;FGSG_03061;FGSG_03295;FGSG_03546;FGSG_03547;FGSG_03548;FGSG_03894;FGSG_03992;FGSG_04458;FGSG_04589;FGSG_04590;FGSG_04591;FGSG_05610;FGSG_05843;FGSG_06055;FGSG_06257;FGSG_07075;FGSG_07528;FGSG_08601;FGSG_08712;FGSG_08774;FGSG_09012;FGSG_09280;FGSG_09456;FGSG_09834;FGSG_10347;FGSG_10947,1,uncharacterized protein,GO:0003735;GO:0005840;GO:0006412;GO:0009060;GO:0042645
FGSG_08240,33,0.4595998502753863,14.31814014429057,FGSG_00007;FGSG_01866;FGSG_02255;FGSG_02320;FGSG_02321;FGSG_02323;FGSG_02324;FGSG_02325;FGSG_02326;FGSG_02327;FGSG_02328;FGSG_02329;FGSG_02840;FGSG_02903;FGSG_03532;FGSG_03539;FGSG_03541;FGSG_03543;FGSG_03600;FGSG_03842;FGSG_03881;FGSG_05919;FGSG_08081;FGSG_08082;FGSG_08083;FGSG_08795;FGSG_09064;FGSG_09187;FGSG_10670;FGSG_11184;FGSG_11326;FGSG_12211;FGSG_13952,2,uncharacterized protein,
FGSG_02084,33,0.47761600088711265,14.288277167614112,FGSG_00330;FGSG_00743;FGSG_01422;FGSG_02030;FGSG_02271;FGSG_02272;FGSG_02461;FGSG_03061;FGSG_03295;FGSG_03546;FGSG_03547;FGSG_03548;FGSG_03894;FGSG_03992;FGSG_04458;FGSG_04589;FGSG_04590;FGSG_04591;FGSG_05610;FGSG_05843;FGSG_06055;FGSG_06257;FGSG_07075;FGSG_07528;FGSG_08601;FGSG_08712;FGSG_08774;FGSG_09012;FGSG_09280;FGSG_09456;FGSG_09834;FGSG_10347;FGSG_10947,1,uncharacterized protein,GO:0006950;GO:0016021
FGSG_12280,33,0.4946960271425268,14.10575661129406,FGSG_00330;FGSG_00743;FGSG_01422;FGSG_02030;FGSG_02272;FGSG_02461;FGSG_02554;FGSG_02972;FGSG_03061;FGSG_03340;FGSG_03546;FGSG_03548;FGSG_03747;FGSG_03894;FGSG_04458;FGSG_04589;FGSG_04590;FGSG_04592;FGSG_04593;FGSG_05368;FGSG_05610;FGSG_08493;FGSG_08601;FGSG_08712;FGSG_08774;FGSG_09012;FGSG_09826;FGSG_10347;FGSG_10444;FGSG_10922;FGSG_10947;FGSG_12180;FGSG_12223,1,uncharacterized protein,
FGSG_11610,32,0.4707256285703251,14.166653019817726,FGSG_00007;FGSG_01866;FGSG_02255;FGSG_02320;FGSG_02321;FGSG_02323;FGSG_02324;FGSG_02325;FGSG_02326;FGSG_02327;FGSG_02328;FGSG_02329;FGSG_02840;FGSG_02903;FGSG_03532;FGSG_03539;FGSG_03541;FGSG_03543;FGSG_03599;FGSG_03600;FGSG_03842;FGSG_03881;FGSG_05919;FGSG_08081;FGSG_08082;FGSG_08083;FGSG_08795;FGSG_09187;FGSG_10670;FGSG_11184;FGSG_11326;FGSG_13952,2,uncharacterized protein,GO:0000981;GO:0005634;GO:0006357;GO:0008270
FGSG_01379,32,0.46997141489397015,14.099096651353557,FGSG_00007;FGSG_01866;FGSG_02255;FGSG_02321;FGSG_02323;FGSG_02324;FGSG_02325;FGSG_02326;FGSG_02327;FGSG_02328;FGSG_02329;FGSG_03532;FGSG_03535;FGSG_03539;FGSG_03541;FGSG_03543;FGSG_03600;FGSG_03842;FGSG_03881;FGSG_07896;FGSG_08079;FGSG_08081;FGSG_08082;FGSG_08083;FGSG_08084;FGSG_08795;FGSG_09064;FGSG_09187;FGSG_10670;FGSG_11184;FGSG_11326;FGSG_13952,2,uncharacterized protein,GO:0008152;GO:0016021;GO:0016874
FGSG_04950,32,0.49466235966847644,14.088281743373608,FGSG_00743;FGSG_00765;FGSG_01422;FGSG_01621;FGSG_02030;FGSG_02271;FGSG_02272;FGSG_02461;FGSG_03061;FGSG_03894;FGSG_04309;FGSG_04458;FGSG_04588;FGSG_04589;FGSG_04590;FGSG_04593;FGSG_05368;FGSG_05610;FGSG_07075;FGSG_07528;FGSG_08493;FGSG_08712;FGSG_08774;FGSG_09012;FGSG_09456;FGSG_09834;FGSG_10347;FGSG_10922;FGSG_10947;FGSG_11206;FGSG_12180;FGSG_13136,1,uncharacterized protein,
FGSG_05348,32,0.4679505611077337,14.070087917607495,FGSG_00007;FGSG_01866;FGSG_02255;FGSG_02321;FGSG_02323;FGSG_02324;FGSG_02325;FGSG_02326;FGSG_02327;FGSG_02328;FGSG_02329;FGSG_02840;FGSG_02903;FGSG_03532;FGSG_03539;FGSG_03541;FGSG_03543;FGSG_03599;FGSG_03600;FGSG_03842;FGSG_03881;FGSG_05919;FGSG_07896;FGSG_08081;FGSG_08082;FGSG_08083;FGSG_08795;FGSG_09187;FGSG_10670;FGSG_11184;FGSG_11326;FGSG_13952,2,uncharacterized protein,GO:0016021
FGSG_02469,32,0.4847393815294527,14.000105211547305,FGSG_00175;FGSG_00330;FGSG_00500;FGSG_00743;FGSG_01422;FGSG_02271;FGSG_02272;FGSG_02461;FGSG_03061;FGSG_03295;FGSG_03546;FGSG_03548;FGSG_03894;FGSG_03992;FGSG_04458;FGSG_04590;FGSG_04595;FGSG_05610;FGSG_05843;FGSG_06055;FGSG_06257;FGSG_06444;FGSG_06702;FGSG_07075;FGSG_07528;FGSG_08601;FGSG_08712;FGSG_09012;FGSG_09280;FGSG_09456;FGSG_09834;FGSG_10347,1,uncharacterized protein,GO:0000002;GO:0005634;GO:0005829;GO:0006950;GO:0008198;GO:0009228;GO:0016491;GO:0042802;GO:0052837;GO:0055114
FGSG_10309,32,0.48130673531480767,13.912109754972327,FGSG_00330;FGSG_00743;FGSG_00765;FGSG_01422;FGSG_02030;FGSG_02271;FGSG_02272;FGSG_02461;FGSG_02782;FGSG_03061;FGSG_03295;FGSG_03548;FGSG_03894;FGSG_03992;FGSG_04309;FGSG_04458;FGSG_04588;FGSG_04590;FGSG_04593;FGSG_05368;FGSG_05610;FGSG_06506;FGSG_07075;FGSG_07528;FGSG_08712;FGSG_08774;FGSG_09012;FGSG_09456;FGSG_09834;FGSG_10347;FGSG_10947;FGSG_13136,1,uncharacterized protein,GO:0005758;GO:0015914;GO:0031314;GO:0032048;GO:1990050;GO:2001247
FGSG_02616,32,0.48089160971552863,13.868276485184886,FGSG_00043;FGSG_00044;FGSG_00048;FGSG_00330;FGSG_00743;FGSG_01346;FGSG_01422;FGSG_01947;FGSG_02272;FGSG_03061;FGSG_03546;FGSG_03547;FGSG_03548;FGSG_03894;FGSG_03992;FGSG_04458;FGSG_04490;FGSG_04589;FGSG_04590;FGSG_04591;FGSG_04596;FGSG_04852;FGSG_05610;FGSG_05926;FGSG_08601;FGSG_08712;FGSG_09012;FGSG_09280;FGSG_09456;FGSG_09834;FGSG_10347;FGSG_11658,1,uncharacterized protein,GO:0016787
FGSG_13673,32,0.4833043247476264,13.84706284179559,FGSG_00330;FGSG_00743;FGSG_01422;FGSG_02030;FGSG_02271;FGSG_02272;FGSG_02461;FGSG_03061;FGSG_03295;FGSG_03546;FGSG_03547;FGSG_03548;FGSG_03894;FGSG_03992;FGSG_04458;FGSG_04589;FGSG_04590;FGSG_04591;FGSG_04593;FGSG_05610;FGSG_06055;FGSG_07075;FGSG_07528;FGSG_08601;FGSG_08712;FGSG_08774;FGSG_09012;FGSG_09280;FGSG_09456;FGSG_09834;FGSG_10347;FGSG_10947,1,uncharacterized protein,GO:0004527;GO:0016021;GO:0090305
FGSG_10542,32,0.4840082035104424,13.839206477922605,FGSG_00043;FGSG_00044;FGSG_00330;FGSG_01346;FGSG_01422;FGSG_01947;FGSG_02272;FGSG_02461;FGSG_03061;FGSG_03546;FGSG_03547;FGSG_03548;FGSG_03894;FGSG_03992;FGSG_04458;FGSG_04590;FGSG_04591;FGSG_04595;FGSG_04763;FGSG_05610;FGSG_05843;FGSG_06055;FGSG_06257;FGSG_06702;FGSG_07075;FGSG_08601;FGSG_08712;FGSG_09012;FGSG_09280;FGSG_09456;FGSG_09834;FGSG_10347,1,uncharacterized protein,
FGSG_09230,32,0.47687514426640504,13.774719866777195,FGSG_00330;FGSG_00743;FGSG_01422;FGSG_02030;FGSG_02271;FGSG_02272;FGSG_02461;FGSG_02782;FGSG_03061;FGSG_03295;FGSG_03546;FGSG_03547;FGSG_03548;FGSG_03894;FGSG_03992;FGSG_04458;FGSG_04590;FGSG_04591;FGSG_05610;FGSG_05843;FGSG_06257;FGSG_07075;FGSG_07528;FGSG_08601;FGSG_08712;FGSG_08774;FGSG_09012;FGSG_09280;FGSG_09456;FGSG_09834;FGSG_10347;FGSG_10947,1,uncharacterized protein,
FGSG_10019,32,0.4962884282319308,13.712722229233288,FGSG_00330;FGSG_00743;FGSG_00765;FGSG_01422;FGSG_02030;FGSG_02271;FGSG_02272;FGSG_02461;FGSG_03061;FGSG_03546;FGSG_03548;FGSG_03894;FGSG_04458;FGSG_04588;FGSG_04589;FGSG_04590;FGSG_04593;FGSG_05368;FGSG_05610;FGSG_07075;FGSG_08601;FGSG_08712;FGSG_08774;FGSG_09012;FGSG_09456;FGSG_09834;FGSG_10347;FGSG_10922;FGSG_10947;FGSG_12180;FGSG_12223;FGSG_13136,1,uncharacterized protein,GO:0016021;GO:0030234;GO:0050790
FGSG_10802,32,0.4919638425140745,13.693238982494961,FGSG_00330;FGSG_00743;FGSG_01422;FGSG_02030;FGSG_02272;FGSG_02461;FGSG_02554;FGSG_02972;FGSG_03061;FGSG_03340;FGSG_03546;FGSG_03548;FGSG_03747;FGSG_03894;FGSG_04458;FGSG_04589;FGSG_04590;FGSG_04593;FGSG_05368;FGSG_05610;FGSG_08493;FGSG_08601;FGSG_08712;FGSG_08774;FGSG_09012;FGSG_09826;FGSG_10347;FGSG_10444;FGSG_10922;FGSG_10947;FGSG_12180;FGSG_12223,1,uncharacterized protein,GO:0016021
FGSG_03306,31,0.4717809293167548,13.7475061829109,FGSG_00007;FGSG_01866;FGSG_02077;FGSG_02255;FGSG_02320;FGSG_02321;FGSG_02323;FGSG_02324;FGSG_02325;FGSG_02326;FGSG_02327;FGSG_02328;FGSG_02329;FGSG_02840;FGSG_02903;FGSG_03539;FGSG_03541;FGSG_03599;FGSG_03600;FGSG_03842;FGSG_03881;FGSG_05919;FGSG_08081;FGSG_08082;FGSG_08083;FGSG_08795;FGSG_09187;FGSG_10670;FGSG_11184;FGSG_11326;FGSG_13952,2,uncharacterized protein,GO:0016021;GO:0022857;GO:0055085
FGSG_00260,31,0.497720512480886,13.688667097237671,FGSG_00743;FGSG_00765;FGSG_01422;FGSG_01621;FGSG_02030;FGSG_02272;FGSG_02461;FGSG_02972;FGSG_03061;FGSG_03747;FGSG_03894;FGSG_04458;FGSG_04588;FGSG_04589;FGSG_04590;FGSG_04593;FGSG_05368;FGSG_05610;FGSG_08493;FGSG_08712;FGSG_08774;FGSG_09012;FGSG_10347;FGSG_10444;FGSG_10922;FGSG_10947;FGSG_11206;FGSG_12180;FGSG_12222;FGSG_12223;FGSG_13136,1,uncharacterized protein,
FGSG_10747,31,0.4913601413073371,13.58608647424598,FGSG_00330;FGSG_00743;FGSG_01422;FGSG_02030;FGSG_02271;FGSG_02272;FGSG_02461;FGSG_03061;FGSG_03295;FGSG_03546;FGSG_03547;FGSG_03548;FGSG_03894;FGSG_03992;FGSG_04458;FGSG_04590;FGSG_04591;FGSG_05610;FGSG_05843;FGSG_06055;FGSG_06257;FGSG_07075;FGSG_07528;FGSG_08601;FGSG_08712;FGSG_08774;FGSG_09012;FGSG_09280;FGSG_09456;FGSG_09834;FGSG_10347,1,uncharacterized protein,GO:0016021;GO:0022891;GO:0055085
FGSG_04456,31,0.4921544530308062,13.567499385802723,FGSG_00743;FGSG_00765;FGSG_01422;FGSG_01621;FGSG_02030;FGSG_02271;FGSG_02272;FGSG_02461;FGSG_03061;FGSG_03894;FGSG_04309;FGSG_04458;FGSG_04588;FGSG_04589;FGSG_04590;FGSG_04593;FGSG_05368;FGSG_05610;FGSG_07075;FGSG_07528;FGSG_08712;FGSG_08774;FGSG_09012;FGSG_09456;FGSG_09834;FGSG_10347;FGSG_10922;FGSG_10947;FGSG_11206;FGSG_12180;FGSG_13136,1,uncharacterized protein,GO:0016740
FGSG_02464,31,0.49841119317874755,13.530236876719004,FGSG_00743;FGSG_00765;FGSG_01422;FGSG_01621;FGSG_02030;FGSG_02271;FGSG_02272;FGSG_02461;FGSG_03061;FGSG_03747;FGSG_03894;FGSG_04458;FGSG_04588;FGSG_04589;FGSG_04590;FGSG_04593;FGSG_05368;FGSG_05610;FGSG_07075;FGSG_08493;FGSG_08712;FGSG_08774;FGSG_09012;FGSG_10347;FGSG_10922;FGSG_10947;FGSG_11206;FGSG_12180;FGSG_12222;FGSG_12223;FGSG_13136,1,uncharacterized protein,
FGSG_03821,31,0.4714143163815564,13.523574198715373,FGSG_00007;FGSG_01866;FGSG_02077;FGSG_02255;FGSG_02320;FGSG_02321;FGSG_02323;FGSG_02324;FGSG_02325;FGSG_02326;FGSG_02327;FGSG_02328;FGSG_02329;FGSG_02840;FGSG_02903;FGSG_03539;FGSG_03541;FGSG_03599;FGSG_03600;FGSG_03842;FGSG_03881;FGSG_05919;FGSG_08081;FGSG_08082;FGSG_08083;FGSG_08795;FGSG_09187;FGSG_10670;FGSG_11184;FGSG_11326;FGSG_13952,2,uncharacterized protein,GO:0008168;GO:0032259
FGSG_05294,31,0.4952910622193914,13.485834087011739,FGSG_00743;FGSG_00765;FGSG_01422;FGSG_01621;FGSG_02030;FGSG_02271;FGSG_02272;FGSG_02461;FGSG_02972;FGSG_03061;FGSG_03747;FGSG_03894;FGSG_04588;FGSG_04589;FGSG_04590;FGSG_04593;FGSG_05368;FGSG_05610;FGSG_08493;FGSG_08712;FGSG_08774;FGSG_09012;FGSG_10347;FGSG_10444;FGSG_10922;FGSG_10947;FGSG_11206;FGSG_12180;FGSG_12222;FGSG_12223;FGSG_13136,1,uncharacterized protein,
FGSG_09556,31,0.48553368209963627,13.432285127778096,FGSG_00330;FGSG_00743;FGSG_01422;FGSG_02030;FGSG_02271;FGSG_02272;FGSG_02461;FGSG_02782;FGSG_03061;FGSG_03295;FGSG_03546;FGSG_03548;FGSG_03894;FGSG_03992;FGSG_04458;FGSG_04588;FGSG_04590;FGSG_04593;FGSG_05610;FGSG_07075;FGSG_07528;FGSG_08601;FGSG_08712;FGSG_08774;FGSG_09012;FGSG_09280;FGSG_09456;FGSG_09834;FGSG_10347;FGSG_10947;FGSG_13136,1,uncharacterized protein,GO:0000166;GO:0005829;GO:0043047
FGSG_12702,31,0.4744960709834854,13.410979172548913,FGSG_00330;FGSG_00743;FGSG_01422;FGSG_02272;FGSG_02461;FGSG_03061;FGSG_03340;FGSG_03546;FGSG_03547;FGSG_03548;FGSG_03894;FGSG_03992;FGSG_04458;FGSG_04589;FGSG_04590;FGSG_04591;FGSG_04592;FGSG_04593;FGSG_04596;FGSG_05610;FGSG_06055;FGSG_08601;FGSG_08712;FGSG_08774;FGSG_09012;FGSG_09280;FGSG_09456;FGSG_09826;FGSG_09834;FGSG_10347;FGSG_10947,1,uncharacterized protein,GO:0016021
FGSG_03025,31,0.5029405902366193,13.377277148239628,FGSG_00743;FGSG_00765;FGSG_01422;FGSG_02030;FGSG_02271;FGSG_02272;FGSG_02461;FGSG_03061;FGSG_03894;FGSG_04458;FGSG_04588;FGSG_04589;FGSG_04590;FGSG_04593;FGSG_05368;FGSG_05610;FGSG_07075;FGSG_08493;FGSG_08601;FGSG_08712;FGSG_08774;FGSG_09012;FGSG_09456;FGSG_09834;FGSG_10347;FGSG_10922;FGSG_10947;FGSG_11206;FGSG_12180;FGSG_12223;FGSG_13136,1,uncharacterized protein,
FGSG_07244,31,0.4688591464613157,13.328274323273634,FGSG_00330;FGSG_00743;FGSG_01346;FGSG_01422;FGSG_02272;FGSG_02461;FGSG_02554;FGSG_03061;FGSG_03340;FGSG_03546;FGSG_03547;FGSG_03548;FGSG_03894;FGSG_03992;FGSG_04458;FGSG_04490;FGSG_04589;FGSG_04590;FGSG_04591;FGSG_04596;FGSG_05610;FGSG_05926;FGSG_06055;FGSG_08601;FGSG_08712;FGSG_09012;FGSG_09456;FGSG_09826;FGSG_09834;FGSG_10347;FGSG_12180,1,uncharacterized protein,GO:0005783;GO:0031314;GO:0045182;GO:0070131;GO:0097034
FGSG_02735,31,0.4586654633430032,13.296768120049997,FGSG_00007;FGSG_01866;FGSG_02255;FGSG_02320;FGSG_02321;FGSG_02323;FGSG_02324;FGSG_02325;FGSG_02326;FGSG_02327;FGSG_02328;FGSG_02329;FGSG_02840;FGSG_02903;FGSG_03532;FGSG_03539;FGSG_03541;FGSG_03543;FGSG_03600;FGSG_03842;FGSG_03881;FGSG_08081;FGSG_08082;FGSG_08083;FGSG_08795;FGSG_09064;FGSG_09187;FGSG_10670;FGSG_11184;FGSG_11326;FGSG_13952,2,uncharacterized protein,
FGSG_11480,31,0.4632286184722505,13.27964063209456,FGSG_00007;FGSG_01866;FGSG_02255;FGSG_02321;FGSG_02323;FGSG_02324;FGSG_02325;FGSG_02326;FGSG_02327;FGSG_02328;FGSG_02329;FGSG_03532;FGSG_03535;FGSG_03539;FGSG_03541;FGSG_03543;FGSG_03600;FGSG_03842;FGSG_03881;FGSG_07896;FGSG_08079;FGSG_08081;FGSG_08082;FGSG_08083;FGSG_08084;FGSG_08795;FGSG_09064;FGSG_09187;FGSG_11184;FGSG_11326;FGSG_13952,2,uncharacterized protein,GO:0016021;GO:0022891;GO:0055085
FGSG_06202,31,0.47650711623238995,13.24679388097993,FGSG_00330;FGSG_00743;FGSG_01422;FGSG_02272;FGSG_02461;FGSG_02554;FGSG_03061;FGSG_03340;FGSG_03546;FGSG_03547;FGSG_03548;FGSG_03894;FGSG_04458;FGSG_04490;FGSG_04589;FGSG_04590;FGSG_04591;FGSG_04593;FGSG_04596;FGSG_05610;FGSG_06055;FGSG_08601;FGSG_08712;FGSG_08774;FGSG_09012;FGSG_09826;FGSG_09834;FGSG_10347;FGSG_10947;FGSG_12180;FGSG_12223,1,uncharacterized protein,GO:0008270;GO:0016491;GO:0055114
FGSG_03069,31,0.45554129314819447,13.236491732749222,FGSG_00007;FGSG_01866;FGSG_02255;FGSG_02320;FGSG_02321;FGSG_02323;FGSG_02324;FGSG_02325;FGSG_02326;FGSG_02327;FGSG_02328;FGSG_02329;FGSG_02903;FGSG_03532;FGSG_03539;FGSG_03541;FGSG_03543;FGSG_03600;FGSG_03842;FGSG_03881;FGSG_08081;FGSG_08082;FGSG_08083;FGSG_08795;FGSG_09064;FGSG_09187;FGSG_10670;FGSG_11184;FGSG_11326;FGSG_12211;FGSG_13952,2,uncharacterized protein,GO:0008152;GO:0016829
FGSG_05011,31,0.47668708780594377,13.20126997311331,FGSG_00043;FGSG_00044;FGSG_00048;FGSG_00330;FGSG_00743;FGSG_01346;FGSG_01422;FGSG_01947;FGSG_02272;FGSG_03061;FGSG_03340;FGSG_03546;FGSG_03547;FGSG_03548;FGSG_03894;FGSG_03992;FGSG_04458;FGSG_04490;FGSG_04589;FGSG_04591;FGSG_04596;FGSG_05610;FGSG_05926;FGSG_08601;FGSG_08712;FGSG_09012;FGSG_09280;FGSG_09456;FGSG_09834;FGSG_10347;FGSG_11658,1,uncharacterized protein,GO:0016021;GO:0055085
FGSG_02267,30,0.46654024778858333,13.18872903202886,FGSG_00007;FGSG_01866;FGSG_02255;FGSG_02321;FGSG_02323;FGSG_02324;FGSG_02325;FGSG_02326;FGSG_02327;FGSG_02328;FGSG_02329;FGSG_02840;FGSG_03532;FGSG_03535;FGSG_03539;FGSG_03541;FGSG_03543;FGSG_03600;FGSG_03842;FGSG_03881;FGSG_07896;FGSG_08081;FGSG_08082;FGSG_08083;FGSG_08795;FGSG_09187;FGSG_10670;FGSG_11184;FGSG_11326;FGSG_13952,2,uncharacterized protein,GO:0016491;GO:0055114
FGSG_05854,30,0.5006163349802978,13.097490520233592,FGSG_00743;FGSG_00765;FGSG_01422;FGSG_02030;FGSG_02271;FGSG_02272;FGSG_02461;FGSG_02972;FGSG_03061;FGSG_03747;FGSG_03894;FGSG_04458;FGSG_04588;FGSG_04589;FGSG_04590;FGSG_04593;FGSG_05368;FGSG_05610;FGSG_08493;FGSG_08712;FGSG_08774;FGSG_09012;FGSG_10347;FGSG_10444;FGSG_10922;FGSG_10947;FGSG_11206;FGSG_12180;FGSG_12223;FGSG_13136,1,uncharacterized protein,GO:0003934;GO:0005634;GO:0005737;GO:0046654
FGSG_08760,30,0.49521922757462367,13.083553088417473,FGSG_00175;FGSG_00330;FGSG_00743;FGSG_01422;FGSG_02030;FGSG_02271;FGSG_02272;FGSG_02461;FGSG_02782;FGSG_03061;FGSG_03295;FGSG_03548;FGSG_03894;FGSG_03992;FGSG_04458;FGSG_04590;FGSG_05610;FGSG_05843;FGSG_06055;FGSG_06257;FGSG_07075;FGSG_07528;FGSG_08712;FGSG_08774;FGSG_09012;FGSG_09280;FGSG_09456;FGSG_09834;FGSG_10347;FGSG_13136,1,cytochrome c oxidase assembly protein COX15,GO:0005739;GO:0006784;GO:0016021;GO:0016627;GO:0055114
FGSG_06105,30,0.4722354147807201,13.070347492523391,FGSG_00330;FGSG_00743;FGSG_01422;FGSG_02272;FGSG_02461;FGSG_03061;FGSG_03546;FGSG_03547;FGSG_03548;FGSG_03894;FGSG_03992;FGSG_04458;FGSG_04490;FGSG_04589;FGSG_04590;FGSG_04591;FGSG_04593;FGSG_04596;FGSG_05610;FGSG_06055;FGSG_08601;FGSG_08712;FGSG_08774;FGSG_09012;FGSG_09280;FGSG_09456;FGSG_09826;FGSG_09834;FGSG_10347;FGSG_12180,1,uncharacterized protein,GO:0005506;GO:0031418;GO:0045329;GO:0050353;GO:0055114
FGSG_07517,30,0.49501261661429935,13.0591307652013,FGSG_00743;FGSG_00765;FGSG_01422;FGSG_01621;FGSG_02030;FGSG_02272;FGSG_02461;FGSG_02972;FGSG_03061;FGSG_03747;FGSG_03894;FGSG_04588;FGSG_04589;FGSG_04590;FGSG_04593;FGSG_05368;FGSG_05610;FGSG_08493;FGSG_08712;FGSG_08774;FGSG_09012;FGSG_10347;FGSG_10444;FGSG_10922;FGSG_10947;FGSG_11206;FGSG_12180;FGSG_12222;FGSG_12223;FGSG_13136,1,uncharacterized protein,
FGSG_06482,30,0.4804845209737889,13.01860443308279,FGSG_00043;FGSG_00044;FGSG_00047;FGSG_00048;FGSG_00330;FGSG_01346;FGSG_01422;FGSG_01947;FGSG_02272;FGSG_03061;FGSG_03546;FGSG_03547;FGSG_03548;FGSG_03992;FGSG_04458;FGSG_04490;FGSG_04589;FGSG_04590;FGSG_04591;FGSG_04596;FGSG_04852;FGSG_05610;FGSG_05926;FGSG_08601;FGSG_08712;FGSG_09280;FGSG_09456;FGSG_09834;FGSG_10347;FGSG_11658,1,uncharacterized protein,
FGSG_12874,30,0.49673607858770175,13.012067715336883,FGSG_00330;FGSG_00743;FGSG_01422;FGSG_02030;FGSG_02272;FGSG_02461;FGSG_03061;FGSG_03546;FGSG_03547;FGSG_03548;FGSG_03894;FGSG_03992;FGSG_04458;FGSG_04589;FGSG_04590;FGSG_04591;FGSG_04593;FGSG_05610;FGSG_06055;FGSG_08601;FGSG_08712;FGSG_08774;FGSG_09012;FGSG_09456;FGSG_09826;FGSG_09834;FGSG_10347;FGSG_10947;FGSG_12180;FGSG_12223,1,uncharacterized protein,GO:0000329;GO:0005794;GO:0006810;GO:0016021
FGSG_11566,30,0.4761375547659451,12.9459058181212,FGSG_00043;FGSG_00330;FGSG_00743;FGSG_01346;FGSG_01422;FGSG_01947;FGSG_02272;FGSG_02461;FGSG_03061;FGSG_03340;FGSG_03546;FGSG_03547;FGSG_03548;FGSG_03894;FGSG_03992;FGSG_04458;FGSG_04490;FGSG_04589;FGSG_04590;FGSG_04591;FGSG_04596;FGSG_05610;FGSG_05926;FGSG_08601;FGSG_08712;FGSG_09012;FGSG_09280;FGSG_09456;FGSG_09834;FGSG_10347,1,uncharacterized protein,GO:0008270;GO:0016491;GO:0055114
FGSG_02819,30,0.4549736130228809,12.943165970230176,FGSG_00007;FGSG_01866;FGSG_02255;FGSG_02320;FGSG_02321;FGSG_02323;FGSG_02324;FGSG_02325;FGSG_02326;FGSG_02327;FGSG_02328;FGSG_02329;FGSG_03532;FGSG_03539;FGSG_03541;FGSG_03543;FGSG_03600;FGSG_03842;FGSG_03881;FGSG_08081;FGSG_08082;FGSG_08083;FGSG_08084;FGSG_08795;FGSG_09064;FGSG_09187;FGSG_10670;FGSG_11184;FGSG_11326;FGSG_13952,2,uncharacterized protein,
FGSG_12572,30,0.44296774791195437,12.64055033416253,FGSG_00007;FGSG_01866;FGSG_02255;FGSG_02320;FGSG_02321;FGSG_02323;FGSG_02324;FGSG_02325;FGSG_02326;FGSG_02327;FGSG_02328;FGSG_02329;FGSG_03532;FGSG_03543;FGSG_03842;FGSG_03881;FGSG_08077;FGSG_08078;FGSG_08079;FGSG_08081;FGSG_08082;FGSG_08083;FGSG_08084;FGSG_08795;FGSG_09064;FGSG_09187;FGSG_10670;FGSG_11326;FGSG_12211;FGSG_13952,2,uncharacterized protein,GO:0000981;GO:0005634;GO:0006357;GO:0008270
FGSG_09863,29,0.48520655149493674,12.814340033263194,FGSG_00330;FGSG_00743;FGSG_01422;FGSG_02271;FGSG_02272;FGSG_02461;FGSG_03061;FGSG_03295;FGSG_03546;FGSG_03547;FGSG_03548;FGSG_03894;FGSG_03992;FGSG_04458;FGSG_04589;FGSG_04590;FGSG_05610;FGSG_05843;FGSG_06055;FGSG_06257;FGSG_07075;FGSG_07528;FGSG_08601;FGSG_08712;FGSG_09012;FGSG_09280;FGSG_09456;FGSG_09834;FGSG_10347,1,uncharacterized protein,GO:0005789;GO:0008374;GO:0016021
FGSG_02043,29,0.4888781113057544,12.793292366018862,FGSG_00330;FGSG_00743;FGSG_01422;FGSG_02030;FGSG_02271;FGSG_02272;FGSG_02461;FGSG_03061;FGSG_03295;FGSG_03546;FGSG_03548;FGSG_03894;FGSG_03992;FGSG_04458;FGSG_04589;FGSG_04590;FGSG_04591;FGSG_05610;FGSG_06055;FGSG_06257;FGSG_07075;FGSG_08601;FGSG_08712;FGSG_08774;FGSG_09012;FGSG_09280;FGSG_09456;FGSG_09834;FGSG_10347,1,uncharacterized protein,GO:0004519;GO:0004527;GO:0005634;GO:0005829;GO:0090305
FGSG_12536,29,0.47422704377265096,12.761391924832331,FGSG_00007;FGSG_01866;FGSG_02255;FGSG_02321;FGSG_02323;FGSG_02324;FGSG_02325;FGSG_02326;FGSG_02327;FGSG_02328;FGSG_02329;FGSG_02840;FGSG_02903;FGSG_03539;FGSG_03541;FGSG_03599;FGSG_03600;FGSG_03842;FGSG_03881;FGSG_05919;FGSG_08081;FGSG_08082;FGSG_08083;FGSG_08795;FGSG_09187;FGSG_10670;FGSG_11184;FGSG_11326;FGSG_13952,2,uncharacterized protein,
FGSG_11474,29,0.4737198396600717,12.752500032645626,FGSG_00007;FGSG_01866;FGSG_02255;FGSG_02321;FGSG_02323;FGSG_02324;FGSG_02325;FGSG_02326;FGSG_02327;FGSG_02328;FGSG_02329;FGSG_02840;FGSG_02903;FGSG_03539;FGSG_03541;FGSG_03599;FGSG_03600;FGSG_03842;FGSG_03881;FGSG_05919;FGSG_08081;FGSG_08082;FGSG_08083;FGSG_08795;FGSG_09187;FGSG_10670;FGSG_11184;FGSG_11326;FGSG_13952,2,uncharacterized protein,
FGSG_12105,29,0.46914132761957045,12.678298663511965,FGSG_00007;FGSG_01866;FGSG_02255;FGSG_02321;FGSG_02323;FGSG_02324;FGSG_02325;FGSG_02326;FGSG_02327;FGSG_02328;FGSG_02329;FGSG_02840;FGSG_02903;FGSG_03539;FGSG_03541;FGSG_03599;FGSG_03600;FGSG_03842;FGSG_03881;FGSG_05919;FGSG_08081;FGSG_08082;FGSG_08083;FGSG_08795;FGSG_09187;FGSG_10670;FGSG_11184;FGSG_11326;FGSG_13952,2,uncharacterized protein,GO:0003885;GO:0016020;GO:0050660;GO:0055114
FGSG_03375,29,0.4637052820043364,12.672804903262218,FGSG_00007;FGSG_01866;FGSG_02255;FGSG_02321;FGSG_02323;FGSG_02324;FGSG_02325;FGSG_02326;FGSG_02327;FGSG_02328;FGSG_02329;FGSG_03532;FGSG_03535;FGSG_03539;FGSG_03541;FGSG_03543;FGSG_03600;FGSG_03842;FGSG_03881;FGSG_07896;FGSG_08081;FGSG_08082;FGSG_08083;FGSG_08084;FGSG_08795;FGSG_09187;FGSG_11184;FGSG_11326;FGSG_13952,2,uncharacterized protein,GO:0016021;GO:0016491;GO:0055114
FGSG_03026,29,0.4960436132989882,12.624528288932172,FGSG_00743;FGSG_00765;FGSG_01422;FGSG_02030;FGSG_02272;FGSG_02461;FGSG_02972;FGSG_03061;FGSG_03747;FGSG_03894;FGSG_04588;FGSG_04589;FGSG_04590;FGSG_04593;FGSG_05368;FGSG_05610;FGSG_08493;FGSG_08712;FGSG_08774;FGSG_09012;FGSG_10347;FGSG_10444;FGSG_10922;FGSG_10947;FGSG_11206;FGSG_12180;FGSG_12222;FGSG_12223;FGSG_13136,1,uncharacterized protein,GO:0006260;GO:0008998;GO:0051536;GO:0055114
FGSG_07741,29,0.461718707677008,12.618898594974706,FGSG_00007;FGSG_01866;FGSG_02255;FGSG_02321;FGSG_02323;FGSG_02324;FGSG_02325;FGSG_02326;FGSG_02327;FGSG_02328;FGSG_02329;FGSG_02840;FGSG_03532;FGSG_03539;FGSG_03541;FGSG_03543;FGSG_03600;FGSG_03842;FGSG_03881;FGSG_07896;FGSG_08081;FGSG_08082;FGSG_08083;FGSG_08795;FGSG_09187;FGSG_10670;FGSG_11184;FGSG_11326;FGSG_13952,2,uncharacterized protein,GO:0005576;GO:0009405
FGSG_01613,29,0.49242807908399017,12.61165365811096,FGSG_00743;FGSG_00765;FGSG_01422;FGSG_01621;FGSG_02030;FGSG_02271;FGSG_02272;FGSG_02461;FGSG_03061;FGSG_03894;FGSG_04309;FGSG_04588;FGSG_04589;FGSG_04590;FGSG_04593;FGSG_05368;FGSG_05610;FGSG_07075;FGSG_07528;FGSG_08493;FGSG_08712;FGSG_08774;FGSG_09012;FGSG_09456;FGSG_10922;FGSG_10947;FGSG_11206;FGSG_12180;FGSG_13136,1,uncharacterized protein,GO:0005622;GO:0006886;GO:0008270;GO:0016192
FGSG_03079,29,0.46948282955961257,12.523603087897072,FGSG_00007;FGSG_01866;FGSG_02255;FGSG_02321;FGSG_02323;FGSG_02324;FGSG_02325;FGSG_02326;FGSG_02327;FGSG_02328;FGSG_02329;FGSG_02840;FGSG_02903;FGSG_03539;FGSG_03541;FGSG_03599;FGSG_03600;FGSG_03842;FGSG_03881;FGSG_05919;FGSG_08081;FGSG_08082;FGSG_08083;FGSG_08795;FGSG_09187;FGSG_10670;FGSG_11184;FGSG_11326;FGSG_13952,2,uncharacterized protein,
FGSG_07263,29,0.4847527486493921,12.499788820494148,FGSG_00330;FGSG_00743;FGSG_01422;FGSG_02030;FGSG_02272;FGSG_02461;FGSG_02554;FGSG_03061;FGSG_03546;FGSG_03548;FGSG_03894;FGSG_03992;FGSG_04458;FGSG_04490;FGSG_04589;FGSG_04590;FGSG_04591;FGSG_04593;FGSG_05610;FGSG_06055;FGSG_08601;FGSG_08712;FGSG_08774;FGSG_09012;FGSG_09456;FGSG_09834;FGSG_10347;FGSG_12180;FGSG_12223,1,uncharacterized protein,GO:0004417;GO:0004789;GO:0009228;GO:0016310;GO:0016491;GO:0055114
FGSG_12700,29,0.48125932469786525,12.496160702930673,FGSG_00330;FGSG_00743;FGSG_01422;FGSG_02030;FGSG_02271;FGSG_02272;FGSG_02461;FGSG_03061;FGSG_03295;FGSG_03546;FGSG_03548;FGSG_03894;FGSG_03992;FGSG_04458;FGSG_04589;FGSG_04590;FGSG_04593;FGSG_05610;FGSG_07075;FGSG_07528;FGSG_08601;FGSG_08712;FGSG_08774;FGSG_09012;FGSG_09280;FGSG_09456;FGSG_09834;FGSG_10347;FGSG_10947,1,uncharacterized protein,GO:0016021;GO:0055085
FGSG_00773,29,0.474238050482383,12.494159925214655,FGSG_00175;FGSG_00330;FGSG_00500;FGSG_01422;FGSG_02271;FGSG_02272;FGSG_02461;FGSG_03061;FGSG_03295;FGSG_03546;FGSG_03548;FGSG_03558;FGSG_03894;FGSG_03992;FGSG_04458;FGSG_04590;FGSG_05610;FGSG_05843;FGSG_06257;FGSG_06702;FGSG_07075;FGSG_07528;FGSG_08601;FGSG_08712;FGSG_09012;FGSG_09280;FGSG_09456;FGSG_09834;FGSG_10347,1,uncharacterized protein,GO:0005375;GO:0016021;GO:0035434
FGSG_08337,29,0.4929916291763993,12.426129859422792,FGSG_00330;FGSG_00743;FGSG_00765;FGSG_01422;FGSG_02030;FGSG_02272;FGSG_02461;FGSG_02554;FGSG_02972;FGSG_03061;FGSG_03340;FGSG_03747;FGSG_03894;FGSG_04458;FGSG_04589;FGSG_04590;FGSG_04593;FGSG_05610;FGSG_08601;FGSG_08712;FGSG_08774;FGSG_09012;FGSG_09826;FGSG_10347;FGSG_10444;FGSG_10922;FGSG_10947;FGSG_12180;FGSG_12223,1,uncharacterized protein,
FGSG_02908,29,0.45537129649503605,12.421166267269099,FGSG_00007;FGSG_01866;FGSG_02255;FGSG_02321;FGSG_02326;FGSG_02327;FGSG_02328;FGSG_02329;FGSG_03532;FGSG_03535;FGSG_03539;FGSG_03541;FGSG_03543;FGSG_03600;FGSG_03842;FGSG_03881;FGSG_07896;FGSG_08077;FGSG_08078;FGSG_08079;FGSG_08081;FGSG_08082;FGSG_08083;FGSG_08084;FGSG_08795;FGSG_09064;FGSG_09187;FGSG_12211;FGSG_13952,2,uncharacterized protein,GO:0004497;GO:0005506;GO:0016708;GO:0019439;GO:0051537;GO:0055114
FGSG_07450,29,0.4863024358971249,12.345433354189193,FGSG_00330;FGSG_00743;FGSG_01422;FGSG_02030;FGSG_02272;FGSG_02461;FGSG_03061;FGSG_03546;FGSG_03547;FGSG_03548;FGSG_03894;FGSG_03992;FGSG_04458;FGSG_04589;FGSG_04590;FGSG_04592;FGSG_04593;FGSG_05610;FGSG_08601;FGSG_08712;FGSG_08774;FGSG_09012;FGSG_09456;FGSG_09826;FGSG_09834;FGSG_10347;FGSG_10947;FGSG_12180;FGSG_12223,1,uncharacterized protein,GO:0000139;GO:0005789;GO:0008203;GO:0015485;GO:0016021;GO:0032936;GO:0035103;GO:0070452
FGSG_01352,28,0.4822109257712637,12.418184234705278,FGSG_00330;FGSG_00743;FGSG_01422;FGSG_02271;FGSG_02272;FGSG_02461;FGSG_03061;FGSG_03546;FGSG_03547;FGSG_03548;FGSG_03894;FGSG_03992;FGSG_04458;FGSG_04589;FGSG_04590;FGSG_04591;FGSG_04763;FGSG_05610;FGSG_06055;FGSG_06257;FGSG_07075;FGSG_08601;FGSG_08712;FGSG_09012;FGSG_09280;FGSG_09456;FGSG_09834;FGSG_10347,1,uncharacterized protein,GO:0016021;GO:0055085
FGSG_01162,28,0.49022962186181696,12.401147099720477,FGSG_00330;FGSG_00743;FGSG_01422;FGSG_02271;FGSG_02272;FGSG_02461;FGSG_03061;FGSG_03295;FGSG_03546;FGSG_03548;FGSG_03894;FGSG_03992;FGSG_04458;FGSG_04589;FGSG_04590;FGSG_05610;FGSG_06055;FGSG_06257;FGSG_07075;FGSG_07528;FGSG_08601;FGSG_08712;FGSG_08774;FGSG_09012;FGSG_09280;FGSG_09456;FGSG_09834;FGSG_10347,1,uncharacterized protein,GO:0008324;GO:0016021;GO:0098655
FGSG_07588,28,0.4685451381836227,12.321297666261982,FGSG_00007;FGSG_01866;FGSG_02077;FGSG_02255;FGSG_02320;FGSG_02321;FGSG_02323;FGSG_02324;FGSG_02325;FGSG_02326;FGSG_02327;FGSG_02328;FGSG_02329;FGSG_02840;FGSG_02903;FGSG_03599;FGSG_03600;FGSG_03842;FGSG_03881;FGSG_05919;FGSG_08082;FGSG_08083;FGSG_08795;FGSG_09187;FGSG_10670;FGSG_11184;FGSG_11326;FGSG_13952,2,uncharacterized protein,GO:0019867
FGSG_00483,28,0.4915522960903908,12.290032849288512,FGSG_00743;FGSG_00765;FGSG_01422;FGSG_02030;FGSG_02271;FGSG_02272;FGSG_02461;FGSG_03061;FGSG_03295;FGSG_03894;FGSG_04309;FGSG_04458;FGSG_04588;FGSG_04590;FGSG_04593;FGSG_05368;FGSG_05610;FGSG_07075;FGSG_07528;FGSG_08712;FGSG_08774;FGSG_09012;FGSG_09456;FGSG_09834;FGSG_10347;FGSG_11206;FGSG_12180;FGSG_13136,1,uncharacterized protein,
FGSG_07530,28,0.46802520749731125,12.287459467327285,FGSG_01866;FGSG_02077;FGSG_02255;FGSG_02320;FGSG_02321;FGSG_02323;FGSG_02324;FGSG_02325;FGSG_02326;FGSG_02327;FGSG_02328;FGSG_02329;FGSG_02840;FGSG_02903;FGSG_03574;FGSG_03599;FGSG_03600;FGSG_03842;FGSG_03881;FGSG_05919;FGSG_08082;FGSG_08083;FGSG_08795;FGSG_09187;FGSG_10670;FGSG_11184;FGSG_11326;FGSG_13952,2,alcohol oxidase,GO:0008812;GO:0047639;GO:0050660;GO:0055114
FGSG_00969,28,0.494000612975307,12.2493659313229,FGSG_00743;FGSG_00765;FGSG_01422;FGSG_02030;FGSG_02271;FGSG_02272;FGSG_02461;FGSG_03061;FGSG_03894;FGSG_04309;FGSG_04458;FGSG_04588;FGSG_04589;FGSG_04590;FGSG_04593;FGSG_05368;FGSG_05610;FGSG_07075;FGSG_07528;FGSG_08712;FGSG_08774;FGSG_09012;FGSG_09456;FGSG_09834;FGSG_10347;FGSG_11206;FGSG_12180;FGSG_13136,1,bifunctional purine biosynthesis protein ADE17,GO:0003937;GO:0004643;GO:0005829;GO:0006189
FGSG_01283,28,0.46300093968044403,12.228289298344128,FGSG_00007;FGSG_01866;FGSG_02255;FGSG_02321;FGSG_02323;FGSG_02324;FGSG_02325;FGSG_02326;FGSG_02327;FGSG_02328;FGSG_02329;FGSG_02840;FGSG_03532;FGSG_03539;FGSG_03541;FGSG_03600;FGSG_03842;FGSG_03881;FGSG_07896;FGSG_08081;FGSG_08082;FGSG_08083;FGSG_08795;FGSG_09187;FGSG_10670;FGSG_11184;FGSG_11326;FGSG_13952,2,uncharacterized protein,GO:0004563;GO:0005975
FGSG_13514,28,0.472997661338197,12.190646401916695,FGSG_00007;FGSG_01866;FGSG_02255;FGSG_02320;FGSG_02321;FGSG_02323;FGSG_02324;FGSG_02325;FGSG_02326;FGSG_02327;FGSG_02328;FGSG_02329;FGSG_02840;FGSG_02903;FGSG_03541;FGSG_03599;FGSG_03600;FGSG_03842;FGSG_03881;FGSG_05919;FGSG_08082;FGSG_08083;FGSG_08795;FGSG_09187;FGSG_10670;FGSG_11184;FGSG_11326;FGSG_13952,2,uncharacterized protein,
FGSG_13196,28,0.46557763384647366,12.185895339194495,FGSG_01866;FGSG_02077;FGSG_02255;FGSG_02320;FGSG_02321;FGSG_02323;FGSG_02324;FGSG_02325;FGSG_02326;FGSG_02327;FGSG_02328;FGSG_02329;FGSG_02840;FGSG_02903;FGSG_03574;FGSG_03599;FGSG_03600;FGSG_03842;FGSG_03881;FGSG_05919;FGSG_08082;FGSG_08083;FGSG_08795;FGSG_09187;FGSG_10670;FGSG_11184;FGSG_11326;FGSG_13952,2,uncharacterized protein,GO:0016491;GO:0055114
FGSG_04413,28,0.4968982630710582,12.113436976116978,FGSG_00743;FGSG_00765;FGSG_01422;FGSG_01621;FGSG_02030;FGSG_02271;FGSG_02272;FGSG_02461;FGSG_03061;FGSG_03747;FGSG_03894;FGSG_04588;FGSG_04589;FGSG_04590;FGSG_04593;FGSG_05368;FGSG_05610;FGSG_08493;FGSG_08712;FGSG_08774;FGSG_09012;FGSG_10444;FGSG_10922;FGSG_10947;FGSG_11206;FGSG_12180;FGSG_12223;FGSG_13136,1,uncharacterized protein,GO:0006665;GO:0008117;GO:0009267;GO:0016831;GO:0019722;GO:0019752;GO:0030170;GO:0032541;GO:0097038
FGSG_04972,28,0.45976157452988475,12.105853964329892,FGSG_00007;FGSG_01866;FGSG_02255;FGSG_02321;FGSG_02326;FGSG_02327;FGSG_02328;FGSG_02329;FGSG_03532;FGSG_03534;FGSG_03535;FGSG_03537;FGSG_03539;FGSG_03541;FGSG_03543;FGSG_03600;FGSG_03842;FGSG_03881;FGSG_06039;FGSG_07896;FGSG_08079;FGSG_08081;FGSG_08082;FGSG_08083;FGSG_08084;FGSG_09064;FGSG_09187;FGSG_13952,2,uncharacterized protein,
FGSG_10211,28,0.4997759930345201,12.087293362881603,FGSG_00743;FGSG_00765;FGSG_01422;FGSG_02030;FGSG_02272;FGSG_02461;FGSG_02972;FGSG_03061;FGSG_03747;FGSG_03894;FGSG_04588;FGSG_04589;FGSG_04590;FGSG_04593;FGSG_05368;FGSG_05610;FGSG_08493;FGSG_08712;FGSG_08774;FGSG_09012;FGSG_10347;FGSG_10444;FGSG_10922;FGSG_10947;FGSG_11206;FGSG_12180;FGSG_12223;FGSG_13136,1,homoserine kinase,GO:0004413;GO:0005524;GO:0009088;GO:0009092;GO:0016310
FGSG_06468,28,0.46982152857355153,12.059915757791941,FGSG_00007;FGSG_01866;FGSG_02255;FGSG_02321;FGSG_02323;FGSG_02324;FGSG_02325;FGSG_02326;FGSG_02327;FGSG_02328;FGSG_02329;FGSG_02840;FGSG_02903;FGSG_03539;FGSG_03541;FGSG_03599;FGSG_03600;FGSG_03842;FGSG_03881;FGSG_05919;FGSG_08081;FGSG_08082;FGSG_08083;FGSG_08795;FGSG_09187;FGSG_11184;FGSG_11326;FGSG_13952,2,uncharacterized protein,GO:0016021;GO:0055085
FGSG_00731,28,0.4979698727026886,12.045356801371572,FGSG_00743;FGSG_00765;FGSG_01422;FGSG_02030;FGSG_02271;FGSG_02272;FGSG_02461;FGSG_03061;FGSG_03894;FGSG_04458;FGSG_04588;FGSG_04589;FGSG_04590;FGSG_04593;FGSG_05368;FGSG_05610;FGSG_07075;FGSG_07528;FGSG_08712;FGSG_08774;FGSG_09012;FGSG_09456;FGSG_09834;FGSG_10347;FGSG_10947;FGSG_11206;FGSG_12180;FGSG_13136,1,uncharacterized protein,GO:0016021
FGSG_10080,28,0.4809833194826486,12.044574346812647,FGSG_00175;FGSG_00743;FGSG_01422;FGSG_02030;FGSG_02271;FGSG_02272;FGSG_02461;FGSG_02782;FGSG_03061;FGSG_03295;FGSG_03546;FGSG_03548;FGSG_03894;FGSG_03992;FGSG_04458;FGSG_04590;FGSG_05610;FGSG_05843;FGSG_06257;FGSG_07075;FGSG_07528;FGSG_08712;FGSG_08774;FGSG_09012;FGSG_09280;FGSG_09456;FGSG_09834;FGSG_10347,1,delta-aminolevulinic acid dehydratase,GO:0004655;GO:0006779;GO:0046872
FGSG_00186,28,0.4803176065061968,12.039823543180207,FGSG_00043;FGSG_00044;FGSG_00330;FGSG_00743;FGSG_01346;FGSG_01422;FGSG_02272;FGSG_03061;FGSG_03546;FGSG_03547;FGSG_03548;FGSG_03894;FGSG_03992;FGSG_04458;FGSG_04490;FGSG_04589;FGSG_04590;FGSG_04591;FGSG_04596;FGSG_05610;FGSG_05926;FGSG_08601;FGSG_08712;FGSG_09012;FGSG_09280;FGSG_09456;FGSG_09834;FGSG_10347,1,uncharacterized protein,GO:0004414;GO:0005737;GO:0009086
FGSG_08191,28,0.45859889199822707,12.010006343018164,FGSG_00007;FGSG_01866;FGSG_02077;FGSG_02255;FGSG_02320;FGSG_02321;FGSG_02323;FGSG_02324;FGSG_02325;FGSG_02326;FGSG_02327;FGSG_02328;FGSG_02329;FGSG_02840;FGSG_02903;FGSG_03532;FGSG_03574;FGSG_03600;FGSG_03842;FGSG_03881;FGSG_08082;FGSG_08083;FGSG_08795;FGSG_09187;FGSG_10670;FGSG_11326;FGSG_12211;FGSG_13952,2,uncharacterized protein,GO:0004497;GO:0005506;GO:0016021;GO:0016705;GO:0020037;GO:0055114
FGSG_02698,28,0.48786997113399305,12.006954082460158,FGSG_00330;FGSG_00743;FGSG_01422;FGSG_02030;FGSG_02272;FGSG_02461;FGSG_02554;FGSG_02972;FGSG_03061;FGSG_03340;FGSG_03747;FGSG_03894;FGSG_04458;FGSG_04589;FGSG_04593;FGSG_05610;FGSG_08493;FGSG_08601;FGSG_08712;FGSG_08774;FGSG_09012;FGSG_09826;FGSG_10347;FGSG_10444;FGSG_10922;FGSG_10947;FGSG_12180;FGSG_12223,1,uncharacterized protein,GO:0016020;GO:0016740
FGSG_11990,28,0.4756418702315393,11.989584684190937,FGSG_00330;FGSG_00743;FGSG_01422;FGSG_02272;FGSG_02461;FGSG_02554;FGSG_03061;FGSG_03340;FGSG_03546;FGSG_03548;FGSG_03894;FGSG_04458;FGSG_04490;FGSG_04589;FGSG_04590;FGSG_04591;FGSG_04593;FGSG_04596;FGSG_05610;FGSG_08601;FGSG_08712;FGSG_08774;FGSG_09012;FGSG_09826;FGSG_09834;FGSG_10347;FGSG_12180;FGSG_12223,1,uncharacterized protein,
FGSG_08308,28,0.45673824465104135,11.83944576330313,FGSG_00007;FGSG_01866;FGSG_02255;FGSG_02320;FGSG_02321;FGSG_02323;FGSG_02324;FGSG_02325;FGSG_02326;FGSG_02327;FGSG_02328;FGSG_02329;FGSG_02903;FGSG_03532;FGSG_03541;FGSG_03543;FGSG_03600;FGSG_03842;FGSG_03881;FGSG_08081;FGSG_08082;FGSG_08083;FGSG_08795;FGSG_09187;FGSG_10670;FGSG_11326;FGSG_12211;FGSG_13952,2,uncharacterized protein,GO:0005524;GO:0016021;GO:0042626;GO:0055085
FGSG_08338,27,0.4941045728861775,11.763975976742511,FGSG_00743;FGSG_00765;FGSG_01422;FGSG_01621;FGSG_02030;FGSG_02271;FGSG_02272;FGSG_02461;FGSG_03061;FGSG_03894;FGSG_04309;FGSG_04588;FGSG_04589;FGSG_04590;FGSG_04593;FGSG_05368;FGSG_05610;FGSG_07075;FGSG_08493;FGSG_08712;FGSG_08774;FGSG_09012;FGSG_10922;FGSG_10947;FGSG_11206;FGSG_12180;FGSG_13136,1,phospho-2-dehydro-3-deoxyheptonate aldolase,GO:0003849;GO:0005634;GO:0005737;GO:0009073;GO:0009423
FGSG_07683,27,0.46213397897663816,11.729741256829337,FGSG_00007;FGSG_01866;FGSG_02255;FGSG_02321;FGSG_02323;FGSG_02324;FGSG_02325;FGSG_02326;FGSG_02327;FGSG_02328;FGSG_02329;FGSG_03532;FGSG_03539;FGSG_03541;FGSG_03543;FGSG_03600;FGSG_03842;FGSG_03881;FGSG_07896;FGSG_08081;FGSG_08082;FGSG_08083;FGSG_08795;FGSG_09187;FGSG_11184;FGSG_11326;FGSG_13952,2,uncharacterized protein,GO:0008270;GO:0016491;GO:0055114
FGSG_07467,27,0.47500557390612735,11.720620994980324,FGSG_00175;FGSG_00330;FGSG_00500;FGSG_01422;FGSG_02271;FGSG_02272;FGSG_02461;FGSG_03061;FGSG_03295;FGSG_03546;FGSG_03548;FGSG_03894;FGSG_03992;FGSG_04458;FGSG_04590;FGSG_05610;FGSG_05843;FGSG_06257;FGSG_07075;FGSG_07528;FGSG_08601;FGSG_08712;FGSG_09012;FGSG_09280;FGSG_09456;FGSG_09834;FGSG_10347,1,uncharacterized protein,GO:0000788;GO:0005737;GO:0006334;GO:0006337;GO:0006606;GO:0007117;GO:0031116;GO:0032968;GO:0042393
FGSG_08357,27,0.46195865473732983,11.673598052271215,FGSG_00007;FGSG_01866;FGSG_02255;FGSG_02321;FGSG_02323;FGSG_02324;FGSG_02325;FGSG_02326;FGSG_02327;FGSG_02328;FGSG_02329;FGSG_02840;FGSG_03539;FGSG_03541;FGSG_03599;FGSG_03600;FGSG_03842;FGSG_03881;FGSG_07896;FGSG_08081;FGSG_08082;FGSG_08083;FGSG_08795;FGSG_09187;FGSG_11184;FGSG_11326;FGSG_13952,2,uncharacterized protein,GO:0008080
FGSG_12741,27,0.4815924893987139,11.600492553079564,FGSG_00330;FGSG_00743;FGSG_01422;FGSG_02030;FGSG_02271;FGSG_02272;FGSG_02461;FGSG_03061;FGSG_03295;FGSG_03546;FGSG_03548;FGSG_03894;FGSG_03992;FGSG_04458;FGSG_04588;FGSG_04590;FGSG_04593;FGSG_05610;FGSG_07075;FGSG_07528;FGSG_08712;FGSG_08774;FGSG_09012;FGSG_09456;FGSG_09834;FGSG_10347;FGSG_10947,1,uncharacterized protein,GO:0000981;GO:0003677;GO:0005506;GO:0005634;GO:0006351;GO:0006357;GO:0008270;GO:0016021;GO:0016705;GO:0031418;GO:0055114
FGSG_03199,27,0.4502600453904689,11.523405547135065,FGSG_00007;FGSG_01866;FGSG_02255;FGSG_02321;FGSG_02326;FGSG_02327;FGSG_02328;FGSG_02329;FGSG_03532;FGSG_03535;FGSG_03539;FGSG_03541;FGSG_03543;FGSG_03600;FGSG_03842;FGSG_03881;FGSG_07896;FGSG_08077;FGSG_08078;FGSG_08079;FGSG_08081;FGSG_08082;FGSG_08083;FGSG_08084;FGSG_09064;FGSG_09187;FGSG_13952,2,phenol 2-monooxygenase,GO:0004497;GO:0016021;GO:0055114;GO:0071949
FGSG_05738,27,0.4582199003052007,11.515680607078473,FGSG_00007;FGSG_01866;FGSG_02255;FGSG_02326;FGSG_02327;FGSG_02328;FGSG_02329;FGSG_03532;FGSG_03534;FGSG_03535;FGSG_03537;FGSG_03539;FGSG_03541;FGSG_03543;FGSG_03600;FGSG_03842;FGSG_03881;FGSG_06039;FGSG_07896;FGSG_08079;FGSG_08081;FGSG_08082;FGSG_08083;FGSG_08084;FGSG_09064;FGSG_09187;FGSG_13952,2,uncharacterized protein,GO:0005634;GO:0005829;GO:0006259;GO:0016888
FGSG_07174,27,0.4769184167323913,11.482751812930895,FGSG_00330;FGSG_00743;FGSG_01422;FGSG_02272;FGSG_02461;FGSG_02554;FGSG_03061;FGSG_03340;FGSG_03546;FGSG_03548;FGSG_03894;FGSG_04458;FGSG_04490;FGSG_04589;FGSG_04593;FGSG_04596;FGSG_05610;FGSG_08601;FGSG_08712;FGSG_08774;FGSG_09012;FGSG_09826;FGSG_09834;FGSG_10347;FGSG_10922;FGSG_12180;FGSG_12223,1,NADP-specific glutamate dehydrogenase,GO:0004354;GO:0005829;GO:0006520;GO:0055114
FGSG_01586,27,0.4636322551227734,11.45620122890617,FGSG_00007;FGSG_01866;FGSG_02255;FGSG_02321;FGSG_02323;FGSG_02324;FGSG_02325;FGSG_02326;FGSG_02327;FGSG_02328;FGSG_02329;FGSG_02840;FGSG_02903;FGSG_03539;FGSG_03541;FGSG_03600;FGSG_03842;FGSG_03881;FGSG_08081;FGSG_08082;FGSG_08083;FGSG_08795;FGSG_09187;FGSG_10670;FGSG_11184;FGSG_11326;FGSG_13952,2,uncharacterized protein,
FGSG_01830,27,0.45147412211933957,11.442427312442257,FGSG_00007;FGSG_01866;FGSG_02255;FGSG_02321;FGSG_02323;FGSG_02324;FGSG_02325;FGSG_02326;FGSG_02327;FGSG_02328;FGSG_02329;FGSG_03532;FGSG_03539;FGSG_03541;FGSG_03543;FGSG_03600;FGSG_03842;FGSG_03881;FGSG_08081;FGSG_08082;FGSG_08083;FGSG_08084;FGSG_08795;FGSG_09064;FGSG_09187;FGSG_11326;FGSG_13952,2,uncharacterized protein,GO:0045735
FGSG_00669,27,0.44340945076969174,11.369811645396414,FGSG_00007;FGSG_01866;FGSG_02255;FGSG_02321;FGSG_02323;FGSG_02326;FGSG_02327;FGSG_02328;FGSG_02329;FGSG_03532;FGSG_03539;FGSG_03541;FGSG_03543;FGSG_03842;FGSG_03881;FGSG_08077;FGSG_08078;FGSG_08079;FGSG_08081;FGSG_08082;FGSG_08083;FGSG_08084;FGSG_08795;FGSG_09064;FGSG_09187;FGSG_12211;FGSG_13952,2,uncharacterized protein,GO:0005524;GO:0016021;GO:0042626;GO:0055085
FGSG_06233,27,0.4529386721184602,11.363636963485154,FGSG_00007;FGSG_01866;FGSG_02255;FGSG_02320;FGSG_02321;FGSG_02323;FGSG_02324;FGSG_02325;FGSG_02326;FGSG_02327;FGSG_02328;FGSG_02329;FGSG_02903;FGSG_03532;FGSG_03543;FGSG_03600;FGSG_03842;FGSG_03881;FGSG_08081;FGSG_08082;FGSG_08083;FGSG_08795;FGSG_09187;FGSG_10670;FGSG_11326;FGSG_12211;FGSG_13952,2,uncharacterized protein,
FGSG_08322,26,0.49586780301712857,11.569446454039294,FGSG_00330;FGSG_00743;FGSG_01422;FGSG_02271;FGSG_02272;FGSG_02461;FGSG_03061;FGSG_03295;FGSG_03546;FGSG_03548;FGSG_03894;FGSG_03992;FGSG_04458;FGSG_04590;FGSG_05610;FGSG_06055;FGSG_06257;FGSG_07075;FGSG_07528;FGSG_08601;FGSG_08712;FGSG_08774;FGSG_09012;FGSG_09456;FGSG_09834;FGSG_10347,1,uncharacterized protein,
FGSG_08875,26,0.4829067789526489,11.505716740988055,FGSG_00330;FGSG_00743;FGSG_01422;FGSG_02271;FGSG_02272;FGSG_02461;FGSG_03061;FGSG_03546;FGSG_03547;FGSG_03548;FGSG_03894;FGSG_03992;FGSG_04458;FGSG_04589;FGSG_04590;FGSG_04591;FGSG_05610;FGSG_06257;FGSG_07075;FGSG_08601;FGSG_08712;FGSG_09012;FGSG_09280;FGSG_09456;FGSG_09834;FGSG_10347,1,sulfate adenylyltransferase,GO:0000103;GO:0004020;GO:0004781;GO:0005524;GO:0005737;GO:0009086;GO:0016310;GO:0019344;GO:0070814
FGSG_04457,26,0.4717878627589193,11.380272162071993,FGSG_01866;FGSG_02077;FGSG_02320;FGSG_02321;FGSG_02323;FGSG_02324;FGSG_02325;FGSG_02326;FGSG_02327;FGSG_02328;FGSG_02329;FGSG_02840;FGSG_02903;FGSG_03599;FGSG_03600;FGSG_03842;FGSG_03881;FGSG_05919;FGSG_08082;FGSG_08083;FGSG_08795;FGSG_09187;FGSG_10670;FGSG_11184;FGSG_11326;FGSG_13952,2,uncharacterized protein,
FGSG_06062,26,0.47869287216619616,11.329226851051162,FGSG_00330;FGSG_00743;FGSG_01422;FGSG_02272;FGSG_02461;FGSG_03061;FGSG_03546;FGSG_03547;FGSG_03548;FGSG_03894;FGSG_03992;FGSG_04458;FGSG_04589;FGSG_04590;FGSG_04591;FGSG_04593;FGSG_05610;FGSG_07075;FGSG_08601;FGSG_08712;FGSG_08774;FGSG_09012;FGSG_09280;FGSG_09456;FGSG_09834;FGSG_10347,1,uncharacterized protein,
FGSG_00702,26,0.4663160143846338,11.307792734549045,FGSG_00007;FGSG_01866;FGSG_02255;FGSG_02321;FGSG_02323;FGSG_02324;FGSG_02325;FGSG_02326;FGSG_02327;FGSG_02328;FGSG_02329;FGSG_02840;FGSG_03539;FGSG_03541;FGSG_03599;FGSG_03600;FGSG_03842;FGSG_03881;FGSG_08081;FGSG_08082;FGSG_08083;FGSG_08795;FGSG_09187;FGSG_11184;FGSG_11326;FGSG_13952,2,uncharacterized protein,GO:0016021;GO:0016740
FGSG_04728,26,0.4636510694703825,11.304598600280158,FGSG_01866;FGSG_02077;FGSG_02255;FGSG_02320;FGSG_02321;FGSG_02323;FGSG_02324;FGSG_02325;FGSG_02326;FGSG_02327;FGSG_02328;FGSG_02329;FGSG_02840;FGSG_02903;FGSG_03574;FGSG_03600;FGSG_03842;FGSG_03881;FGSG_05919;FGSG_08083;FGSG_08795;FGSG_09187;FGSG_10670;FGSG_11184;FGSG_11326;FGSG_13952,2,uncharacterized protein,GO:0016614;GO:0050660;GO:0055114
FGSG_04542,26,0.460996279865215,11.254440908549732,FGSG_00007;FGSG_01866;FGSG_02255;FGSG_02321;FGSG_02323;FGSG_02324;FGSG_02325;FGSG_02326;FGSG_02327;FGSG_02328;FGSG_02329;FGSG_02840;FGSG_03539;FGSG_03541;FGSG_03600;FGSG_03842;FGSG_03881;FGSG_07896;FGSG_08081;FGSG_08082;FGSG_08083;FGSG_08795;FGSG_09187;FGSG_11184;FGSG_11326;FGSG_13952,2,uncharacterized protein,GO:0016620;GO:0055114
FGSG_12134,26,0.46412856181381784,11.243130604238099,FGSG_00007;FGSG_01866;FGSG_02255;FGSG_02321;FGSG_02323;FGSG_02324;FGSG_02325;FGSG_02326;FGSG_02327;FGSG_02328;FGSG_02329;FGSG_02840;FGSG_03539;FGSG_03541;FGSG_03600;FGSG_03842;FGSG_03881;FGSG_07896;FGSG_08081;FGSG_08082;FGSG_08083;FGSG_08795;FGSG_09187;FGSG_11184;FGSG_11326;FGSG_13952,2,uncharacterized protein,GO:0000981;GO:0005634;GO:0006357;GO:0008270
FGSG_06473,26,0.4798279969437853,11.21856079704238,FGSG_00743;FGSG_01422;FGSG_02030;FGSG_02271;FGSG_02272;FGSG_02461;FGSG_02782;FGSG_03061;FGSG_03295;FGSG_03548;FGSG_03894;FGSG_03992;FGSG_04458;FGSG_04588;FGSG_04590;FGSG_05610;FGSG_06506;FGSG_07075;FGSG_07528;FGSG_08712;FGSG_08774;FGSG_09012;FGSG_09456;FGSG_09834;FGSG_10347;FGSG_13136,1,uncharacterized protein,GO:0003333;GO:0015171;GO:0016021
FGSG_06188,26,0.4675968254017662,11.204816906616974,FGSG_00043;FGSG_00330;FGSG_00743;FGSG_01422;FGSG_01947;FGSG_02272;FGSG_02461;FGSG_03061;FGSG_03546;FGSG_03547;FGSG_03548;FGSG_03894;FGSG_03992;FGSG_04458;FGSG_04589;FGSG_04590;FGSG_04591;FGSG_05610;FGSG_05926;FGSG_08601;FGSG_08712;FGSG_09012;FGSG_09280;FGSG_09456;FGSG_09834;FGSG_10347,1,uncharacterized protein,
FGSG_02822,26,0.46112343033283365,11.20084461318094,FGSG_00007;FGSG_01866;FGSG_02255;FGSG_02321;FGSG_02323;FGSG_02324;FGSG_02325;FGSG_02326;FGSG_02327;FGSG_02328;FGSG_02329;FGSG_02840;FGSG_03539;FGSG_03541;FGSG_03600;FGSG_03842;FGSG_03881;FGSG_07896;FGSG_08081;FGSG_08082;FGSG_08083;FGSG_08795;FGSG_09187;FGSG_11184;FGSG_11326;FGSG_13952,2,uncharacterized protein,
FGSG_10874,26,0.5006006540763198,11.17466866367121,FGSG_00743;FGSG_00765;FGSG_01422;FGSG_02030;FGSG_02272;FGSG_02461;FGSG_02972;FGSG_03061;FGSG_03747;FGSG_03894;FGSG_04588;FGSG_04589;FGSG_04593;FGSG_05368;FGSG_05610;FGSG_08493;FGSG_08712;FGSG_08774;FGSG_09012;FGSG_10347;FGSG_10444;FGSG_10922;FGSG_10947;FGSG_12180;FGSG_12223;FGSG_13136,1,uncharacterized protein,
FGSG_14016,26,0.459189711841002,11.158017101625314,FGSG_00007;FGSG_01866;FGSG_02255;FGSG_02320;FGSG_02321;FGSG_02323;FGSG_02324;FGSG_02325;FGSG_02326;FGSG_02327;FGSG_02328;FGSG_02329;FGSG_02840;FGSG_02903;FGSG_03574;FGSG_03600;FGSG_03842;FGSG_03881;FGSG_08082;FGSG_08083;FGSG_08795;FGSG_09187;FGSG_10670;FGSG_11326;FGSG_12211;FGSG_13952,2,uncharacterized protein,
FGSG_09039,26,0.47279536987420784,11.114457305117961,FGSG_00043;FGSG_00044;FGSG_00048;FGSG_00330;FGSG_01422;FGSG_01947;FGSG_02272;FGSG_03061;FGSG_03546;FGSG_03547;FGSG_03548;FGSG_03894;FGSG_03992;FGSG_04458;FGSG_04589;FGSG_04591;FGSG_05610;FGSG_05926;FGSG_08601;FGSG_08712;FGSG_09012;FGSG_09280;FGSG_09456;FGSG_09834;FGSG_10347;FGSG_11658,1,N amino acid transport system protein,GO:0016021
FGSG_03127,26,0.4944048655965593,11.096342554926782,FGSG_00330;FGSG_00743;FGSG_01422;FGSG_02030;FGSG_02272;FGSG_02461;FGSG_02554;FGSG_02972;FGSG_03061;FGSG_03340;FGSG_03548;FGSG_03894;FGSG_04458;FGSG_04589;FGSG_04593;FGSG_05610;FGSG_08601;FGSG_08712;FGSG_08774;FGSG_09012;FGSG_09826;FGSG_10347;FGSG_10922;FGSG_10947;FGSG_12180;FGSG_12223,1,uncharacterized protein,GO:0005975;GO:0016311;GO:0042132
FGSG_06792,26,0.48590416748587234,11.083299296394312,FGSG_00330;FGSG_00743;FGSG_01422;FGSG_02272;FGSG_02461;FGSG_02554;FGSG_03061;FGSG_03340;FGSG_03546;FGSG_03548;FGSG_03894;FGSG_04458;FGSG_04589;FGSG_04593;FGSG_05610;FGSG_08601;FGSG_08712;FGSG_08774;FGSG_09012;FGSG_09826;FGSG_09834;FGSG_10347;FGSG_10922;FGSG_10947;FGSG_12180;FGSG_12223,1,uncharacterized protein,GO:0004197;GO:0006508
FGSG_05428,26,0.462628533166743,11.042903792321269,FGSG_00007;FGSG_01866;FGSG_02255;FGSG_02321;FGSG_02324;FGSG_02326;FGSG_02327;FGSG_02328;FGSG_02329;FGSG_03532;FGSG_03534;FGSG_03535;FGSG_03539;FGSG_03541;FGSG_03543;FGSG_03600;FGSG_03842;FGSG_03881;FGSG_06039;FGSG_07896;FGSG_08081;FGSG_08082;FGSG_08083;FGSG_09187;FGSG_11326;FGSG_13952,2,eukaryotic translation initiation factor 6,GO:0000054;GO:0000463;GO:0000466;GO:0003743;GO:0005730;GO:0005829;GO:0006413;GO:0030687;GO:0042256;GO:0043022;GO:0043023;GO:1902626
FGSG_00331,26,0.4457505599083087,11.018337678652822,FGSG_00007;FGSG_01866;FGSG_02255;FGSG_02320;FGSG_02321;FGSG_02323;FGSG_02324;FGSG_02325;FGSG_02326;FGSG_02327;FGSG_02328;FGSG_02329;FGSG_02903;FGSG_03532;FGSG_03543;FGSG_03574;FGSG_03881;FGSG_08078;FGSG_08083;FGSG_08795;FGSG_09064;FGSG_09187;FGSG_10670;FGSG_11326;FGSG_12211;FGSG_13952,2,uncharacterized protein,
FGSG_11716,26,0.4493229006497398,10.985377881702105,FGSG_00007;FGSG_01866;FGSG_02255;FGSG_02320;FGSG_02321;FGSG_02323;FGSG_02324;FGSG_02325;FGSG_02326;FGSG_02327;FGSG_02328;FGSG_02329;FGSG_02903;FGSG_03532;FGSG_03543;FGSG_03842;FGSG_03881;FGSG_08078;FGSG_08083;FGSG_08795;FGSG_09064;FGSG_09187;FGSG_10670;FGSG_11326;FGSG_12211;FGSG_13952,2,uncharacterized protein,GO:0005524
FGSG_08398,26,0.4503772996268609,10.937695659130268,FGSG_00007;FGSG_01866;FGSG_02255;FGSG_02320;FGSG_02321;FGSG_02323;FGSG_02324;FGSG_02325;FGSG_02326;FGSG_02327;FGSG_02328;FGSG_02329;FGSG_02903;FGSG_03532;FGSG_03543;FGSG_03842;FGSG_03881;FGSG_08081;FGSG_08083;FGSG_08795;FGSG_09064;FGSG_09187;FGSG_10670;FGSG_11326;FGSG_12211;FGSG_13952,2,glucosamine-6-phosphate isomerase,GO:0004342;GO:0005975;GO:0006044;GO:0016787
FGSG_08193,26,0.44845728806941176,10.916529820691357,FGSG_00007;FGSG_01866;FGSG_02255;FGSG_02320;FGSG_02321;FGSG_02323;FGSG_02324;FGSG_02325;FGSG_02326;FGSG_02327;FGSG_02328;FGSG_02329;FGSG_02903;FGSG_03532;FGSG_03543;FGSG_03842;FGSG_03881;FGSG_08078;FGSG_08083;FGSG_08795;FGSG_09064;FGSG_09187;FGSG_10670;FGSG_11326;FGSG_12211;FGSG_13952,2,uncharacterized protein,GO:0003824
FGSG_07630,25,0.4803924415639492,10.916549096399915,FGSG_00743;FGSG_00765;FGSG_01422;FGSG_02030;FGSG_02271;FGSG_02272;FGSG_02461;FGSG_02782;FGSG_03061;FGSG_03295;FGSG_03894;FGSG_04309;FGSG_04588;FGSG_04590;FGSG_05368;FGSG_05610;FGSG_06506;FGSG_07075;FGSG_07528;FGSG_08712;FGSG_08774;FGSG_09012;FGSG_09456;FGSG_09834;FGSG_13136,1,uncharacterized protein,GO:0016021
FGSG_10403,25,0.48912508974145613,10.859372823522506,FGSG_00743;FGSG_01422;FGSG_02030;FGSG_02271;FGSG_02272;FGSG_02461;FGSG_03061;FGSG_03295;FGSG_03548;FGSG_03894;FGSG_03992;FGSG_04458;FGSG_04588;FGSG_04590;FGSG_05610;FGSG_07075;FGSG_07528;FGSG_08712;FGSG_08774;FGSG_09012;FGSG_09456;FGSG_09834;FGSG_10347;FGSG_10947;FGSG_13136,1,FMP21 protein,GO:0005759;GO:0034553
FGSG_06108,25,0.4598979214653204,10.850296744109368,FGSG_01866;FGSG_02077;FGSG_02255;FGSG_02320;FGSG_02321;FGSG_02323;FGSG_02324;FGSG_02325;FGSG_02326;FGSG_02327;FGSG_02328;FGSG_02329;FGSG_02840;FGSG_02903;FGSG_03574;FGSG_03842;FGSG_03881;FGSG_05919;FGSG_08083;FGSG_08795;FGSG_09187;FGSG_10670;FGSG_11326;FGSG_12211;FGSG_13952,2,uncharacterized protein,GO:0016021
FGSG_03529,25,0.49439081340343494,10.828143041450245,FGSG_00743;FGSG_00765;FGSG_01422;FGSG_01621;FGSG_02030;FGSG_02272;FGSG_02461;FGSG_02972;FGSG_03061;FGSG_03747;FGSG_03894;FGSG_04588;FGSG_04589;FGSG_04593;FGSG_05368;FGSG_05610;FGSG_08493;FGSG_08712;FGSG_08774;FGSG_09012;FGSG_10444;FGSG_10922;FGSG_11206;FGSG_12180;FGSG_13136,1,uncharacterized protein,GO:0004553;GO:0005975
FGSG_00713,25,0.475075971700077,10.799140724278645,FGSG_00043;FGSG_00044;FGSG_00330;FGSG_01422;FGSG_01947;FGSG_02272;FGSG_03061;FGSG_03546;FGSG_03547;FGSG_03548;FGSG_03894;FGSG_03992;FGSG_04458;FGSG_04589;FGSG_04590;FGSG_04591;FGSG_05610;FGSG_05926;FGSG_08601;FGSG_08712;FGSG_09012;FGSG_09280;FGSG_09456;FGSG_09834;FGSG_10347,1,uncharacterized protein,GO:0000981;GO:0003677;GO:0005634;GO:0006351;GO:0008270;GO:0009410;GO:0043619
FGSG_06043,25,0.4762624742888374,10.795449173465457,FGSG_00330;FGSG_01422;FGSG_01947;FGSG_02272;FGSG_02461;FGSG_03061;FGSG_03546;FGSG_03547;FGSG_03548;FGSG_03894;FGSG_03992;FGSG_04458;FGSG_04590;FGSG_05610;FGSG_05843;FGSG_06257;FGSG_06702;FGSG_07075;FGSG_08601;FGSG_08712;FGSG_09012;FGSG_09280;FGSG_09456;FGSG_09834;FGSG_10347,1,uncharacterized protein,GO:0016021;GO:0016787
FGSG_04735,25,0.4888490317579672,10.791682146220401,FGSG_00743;FGSG_00765;FGSG_01422;FGSG_01621;FGSG_02030;FGSG_02272;FGSG_02461;FGSG_02972;FGSG_03061;FGSG_03747;FGSG_03894;FGSG_04588;FGSG_04589;FGSG_04593;FGSG_05368;FGSG_05610;FGSG_08493;FGSG_08712;FGSG_08774;FGSG_09012;FGSG_10444;FGSG_10922;FGSG_11206;FGSG_12180;FGSG_13136,1,uncharacterized protein,
FGSG_01424,25,0.46580239171708687,10.710801805843133,FGSG_00330;FGSG_00743;FGSG_01422;FGSG_02272;FGSG_02461;FGSG_02554;FGSG_03061;FGSG_03340;FGSG_03546;FGSG_03548;FGSG_03894;FGSG_04458;FGSG_04490;FGSG_04589;FGSG_04590;FGSG_04596;FGSG_05610;FGSG_08601;FGSG_08712;FGSG_08774;FGSG_09012;FGSG_09826;FGSG_09834;FGSG_10347;FGSG_12180,1,uncharacterized protein,GO:0000166;GO:0000176;GO:0001068;GO:0019904;GO:0030847;GO:0031124;GO:0031126;GO:0034472;GO:0035649;GO:0042780;GO:0071028;GO:0071034;GO:0071041
FGSG_02314,25,0.45663835243149686,10.690288885122193,FGSG_01866;FGSG_02077;FGSG_02255;FGSG_02320;FGSG_02321;FGSG_02323;FGSG_02324;FGSG_02325;FGSG_02326;FGSG_02327;FGSG_02328;FGSG_02329;FGSG_02840;FGSG_02903;FGSG_03574;FGSG_03842;FGSG_03881;FGSG_05919;FGSG_08083;FGSG_08795;FGSG_09187;FGSG_10670;FGSG_11326;FGSG_12211;FGSG_13952,2,uncharacterized protein,GO:0000272;GO:0004185;GO:0005576;GO:0006508;GO:0052761
FGSG_08700,25,0.4691432429224517,10.593195254181184,FGSG_00330;FGSG_00743;FGSG_01422;FGSG_02272;FGSG_02461;FGSG_02554;FGSG_03061;FGSG_03340;FGSG_03546;FGSG_03548;FGSG_03894;FGSG_04458;FGSG_04490;FGSG_04589;FGSG_04596;FGSG_05610;FGSG_08601;FGSG_08712;FGSG_08774;FGSG_09012;FGSG_09826;FGSG_10347;FGSG_10922;FGSG_12180;FGSG_12223,1,malate synthase,GO:0004474;GO:0006097;GO:0006099
FGSG_05128,24,0.4874127302525338,10.726183646536565,FGSG_00330;FGSG_00743;FGSG_01422;FGSG_02271;FGSG_02272;FGSG_02461;FGSG_03061;FGSG_03295;FGSG_03546;FGSG_03548;FGSG_03894;FGSG_03992;FGSG_04458;FGSG_04590;FGSG_05610;FGSG_07075;FGSG_07528;FGSG_08601;FGSG_08712;FGSG_09012;FGSG_09280;FGSG_09456;FGSG_09834;FGSG_10347,1,uncharacterized protein,GO:0008152;GO:0016829
FGSG_03951,24,0.4803025217628744,10.68308294510282,FGSG_00330;FGSG_00743;FGSG_01422;FGSG_02272;FGSG_02461;FGSG_03061;FGSG_03546;FGSG_03547;FGSG_03548;FGSG_03894;FGSG_03992;FGSG_04458;FGSG_04589;FGSG_04590;FGSG_04591;FGSG_05610;FGSG_06055;FGSG_08601;FGSG_08712;FGSG_09012;FGSG_09280;FGSG_09456;FGSG_09834;FGSG_10347,1,uncharacterized protein,GO:0006665;GO:0008168;GO:0016021;GO:0032259
FGSG_06077,24,0.4825295575994415,10.678530675978898,FGSG_00330;FGSG_00743;FGSG_01422;FGSG_02271;FGSG_02272;FGSG_02461;FGSG_03061;FGSG_03546;FGSG_03548;FGSG_03894;FGSG_03992;FGSG_04458;FGSG_04589;FGSG_04590;FGSG_04593;FGSG_05610;FGSG_07075;FGSG_08601;FGSG_08712;FGSG_08774;FGSG_09012;FGSG_09456;FGSG_09834;FGSG_10347,1,uncharacterized protein,GO:0016021
FGSG_04692,24,0.48390802739974675,10.613870233210442,FGSG_00330;FGSG_00743;FGSG_01422;FGSG_02272;FGSG_02461;FGSG_03061;FGSG_03546;FGSG_03547;FGSG_03548;FGSG_03894;FGSG_03992;FGSG_04458;FGSG_04589;FGSG_04590;FGSG_04591;FGSG_05610;FGSG_07075;FGSG_08601;FGSG_08712;FGSG_09012;FGSG_09280;FGSG_09456;FGSG_09834;FGSG_10347,1,uncharacterized protein,GO:0016747
FGSG_10962,24,0.4913449034323741,10.542644227104825,FGSG_00743;FGSG_01422;FGSG_02030;FGSG_02271;FGSG_02272;FGSG_02461;FGSG_02782;FGSG_03061;FGSG_03295;FGSG_03894;FGSG_03992;FGSG_04458;FGSG_04590;FGSG_05610;FGSG_06506;FGSG_07075;FGSG_07528;FGSG_08712;FGSG_08774;FGSG_09012;FGSG_09456;FGSG_09834;FGSG_10347;FGSG_13136,1,uncharacterized protein,
FGSG_02895,24,0.48285532712387047,10.537201139534647,FGSG_00330;FGSG_01422;FGSG_01947;FGSG_02272;FGSG_02461;FGSG_03061;FGSG_03546;FGSG_03547;FGSG_03548;FGSG_03894;FGSG_03992;FGSG_04458;FGSG_04590;FGSG_04591;FGSG_05610;FGSG_06257;FGSG_07075;FGSG_08601;FGSG_08712;FGSG_09012;FGSG_09280;FGSG_09456;FGSG_09834;FGSG_10347,1,uncharacterized protein,GO:0016021
FGSG_03466,24,0.47256002527415236,10.5035841480496,FGSG_01866;FGSG_02321;FGSG_02323;FGSG_02324;FGSG_02325;FGSG_02326;FGSG_02327;FGSG_02328;FGSG_02329;FGSG_02840;FGSG_02903;FGSG_03541;FGSG_03599;FGSG_03600;FGSG_03842;FGSG_05919;FGSG_08082;FGSG_08083;FGSG_08795;FGSG_09187;FGSG_10670;FGSG_11184;FGSG_11326;FGSG_13952,2,uncharacterized protein,
FGSG_12607,24,0.487307886121232,10.410424371849281,FGSG_00175;FGSG_00743;FGSG_01422;FGSG_02030;FGSG_02271;FGSG_02272;FGSG_02461;FGSG_02782;FGSG_03061;FGSG_03295;FGSG_03548;FGSG_03894;FGSG_04458;FGSG_04590;FGSG_05610;FGSG_05843;FGSG_07075;FGSG_07528;FGSG_08712;FGSG_09012;FGSG_09456;FGSG_09834;FGSG_10347;FGSG_13136,1,uncharacterized protein,GO:0016021
FGSG_00396,24,0.46543453715318095,10.395426240734617,FGSG_00330;FGSG_00743;FGSG_01422;FGSG_02272;FGSG_02461;FGSG_03061;FGSG_03546;FGSG_03547;FGSG_03548;FGSG_03894;FGSG_03992;FGSG_04458;FGSG_04589;FGSG_04590;FGSG_04591;FGSG_05610;FGSG_07075;FGSG_08601;FGSG_08712;FGSG_09012;FGSG_09280;FGSG_09456;FGSG_09834;FGSG_10347,1,uncharacterized protein,GO:0016021
FGSG_06526,24,0.48066500288573444,10.367249138717847,FGSG_00743;FGSG_00765;FGSG_01422;FGSG_01621;FGSG_02030;FGSG_02271;FGSG_02272;FGSG_02461;FGSG_02782;FGSG_03061;FGSG_03894;FGSG_04309;FGSG_04588;FGSG_04590;FGSG_05368;FGSG_05610;FGSG_06506;FGSG_07075;FGSG_07528;FGSG_08712;FGSG_08774;FGSG_09012;FGSG_09456;FGSG_13136,1,uncharacterized protein,
FGSG_03012,24,0.4722771345481985,10.361516267956036,FGSG_00007;FGSG_01866;FGSG_02321;FGSG_02323;FGSG_02324;FGSG_02325;FGSG_02326;FGSG_02327;FGSG_02328;FGSG_02329;FGSG_02840;FGSG_02903;FGSG_03599;FGSG_03600;FGSG_03842;FGSG_03881;FGSG_08082;FGSG_08083;FGSG_08795;FGSG_09187;FGSG_10670;FGSG_11184;FGSG_11326;FGSG_13952,2,uncharacterized protein,
FGSG_04188,24,0.46997462189688743,10.291543181392587,FGSG_01866;FGSG_02321;FGSG_02323;FGSG_02324;FGSG_02325;FGSG_02326;FGSG_02327;FGSG_02328;FGSG_02329;FGSG_02840;FGSG_02903;FGSG_03539;FGSG_03541;FGSG_03599;FGSG_03600;FGSG_03842;FGSG_08082;FGSG_08083;FGSG_08795;FGSG_09187;FGSG_10670;FGSG_11184;FGSG_11326;FGSG_13952,2,uncharacterized protein,GO:0016021;GO:0055085
FGSG_02863,24,0.46159249168007976,10.284448248512717,FGSG_01866;FGSG_02077;FGSG_02320;FGSG_02321;FGSG_02323;FGSG_02324;FGSG_02325;FGSG_02326;FGSG_02327;FGSG_02328;FGSG_02329;FGSG_02840;FGSG_02903;FGSG_03574;FGSG_03600;FGSG_03842;FGSG_03881;FGSG_05919;FGSG_08083;FGSG_08795;FGSG_09187;FGSG_10670;FGSG_11326;FGSG_13952,2,uncharacterized protein,GO:0016491;GO:0055114
FGSG_05593,24,0.4647138900160075,10.250844573630719,FGSG_00007;FGSG_01866;FGSG_02255;FGSG_02321;FGSG_02323;FGSG_02324;FGSG_02325;FGSG_02326;FGSG_02327;FGSG_02328;FGSG_02329;FGSG_03539;FGSG_03541;FGSG_03600;FGSG_03842;FGSG_03881;FGSG_08081;FGSG_08082;FGSG_08083;FGSG_08795;FGSG_09187;FGSG_11184;FGSG_11326;FGSG_13952,2,uncharacterized protein,GO:0006665;GO:0008168;GO:0016021;GO:0032259
FGSG_13873,24,0.4684828577480838,10.233166564728746,FGSG_00007;FGSG_01866;FGSG_02321;FGSG_02323;FGSG_02324;FGSG_02325;FGSG_02326;FGSG_02327;FGSG_02328;FGSG_02329;FGSG_02840;FGSG_03539;FGSG_03541;FGSG_03600;FGSG_03842;FGSG_03881;FGSG_08081;FGSG_08082;FGSG_08083;FGSG_08795;FGSG_09187;FGSG_11184;FGSG_11326;FGSG_13952,2,uncharacterized protein,GO:0008080
FGSG_01701,24,0.46048166538135893,10.218386082719595,FGSG_00007;FGSG_01866;FGSG_02255;FGSG_02321;FGSG_02323;FGSG_02324;FGSG_02325;FGSG_02326;FGSG_02327;FGSG_02328;FGSG_02329;FGSG_03532;FGSG_03539;FGSG_03541;FGSG_03600;FGSG_03842;FGSG_03881;FGSG_07896;FGSG_08081;FGSG_08082;FGSG_08083;FGSG_09187;FGSG_11326;FGSG_13952,2,uncharacterized protein,
FGSG_11409,24,0.4630580366070078,10.203978894697926,FGSG_00007;FGSG_01866;FGSG_02321;FGSG_02323;FGSG_02324;FGSG_02325;FGSG_02326;FGSG_02327;FGSG_02328;FGSG_02329;FGSG_02840;FGSG_03539;FGSG_03600;FGSG_03842;FGSG_03881;FGSG_08081;FGSG_08082;FGSG_08083;FGSG_08795;FGSG_09187;FGSG_10670;FGSG_11184;FGSG_11326;FGSG_13952,2,uncharacterized protein,
FGSG_03430,24,0.48293643788108903,10.1936695603412,FGSG_00743;FGSG_01422;FGSG_02272;FGSG_02461;FGSG_02554;FGSG_02972;FGSG_03061;FGSG_03340;FGSG_03747;FGSG_03894;FGSG_04458;FGSG_04589;FGSG_04593;FGSG_05610;FGSG_08601;FGSG_08712;FGSG_08774;FGSG_09012;FGSG_09826;FGSG_10347;FGSG_10922;FGSG_10947;FGSG_12180;FGSG_12223,1,uncharacterized protein,GO:0016491;GO:0055114
FGSG_11379,24,0.47340708472872955,10.151493346405497,FGSG_00330;FGSG_00743;FGSG_01422;FGSG_02272;FGSG_02461;FGSG_02554;FGSG_03061;FGSG_03340;FGSG_03546;FGSG_03548;FGSG_03894;FGSG_04458;FGSG_04589;FGSG_04592;FGSG_05610;FGSG_08601;FGSG_08712;FGSG_08774;FGSG_09012;FGSG_09826;FGSG_09834;FGSG_10347;FGSG_10922;FGSG_12180,1,uncharacterized protein,
FGSG_04035,24,0.44637430646203624,10.111406173089645,FGSG_00007;FGSG_01866;FGSG_02326;FGSG_02327;FGSG_02328;FGSG_02329;FGSG_03532;FGSG_03535;FGSG_03539;FGSG_03541;FGSG_03543;FGSG_03842;FGSG_03881;FGSG_07896;FGSG_08077;FGSG_08078;FGSG_08079;FGSG_08081;FGSG_08082;FGSG_08083;FGSG_08084;FGSG_09064;FGSG_12211;FGSG_13952,2,uncharacterized protein,GO:0046983
FGSG_09092,23,0.4806821448999217,10.346263130536446,FGSG_00330;FGSG_00743;FGSG_01422;FGSG_02271;FGSG_02272;FGSG_02461;FGSG_03061;FGSG_03546;FGSG_03548;FGSG_03894;FGSG_03992;FGSG_04458;FGSG_04589;FGSG_04590;FGSG_05610;FGSG_07075;FGSG_08601;FGSG_08712;FGSG_09012;FGSG_09280;FGSG_09456;FGSG_09834;FGSG_10347,1,uncharacterized protein,
FGSG_02165,23,0.4775097396377181,10.266923575191358,FGSG_00330;FGSG_00743;FGSG_01422;FGSG_02271;FGSG_02272;FGSG_02461;FGSG_03061;FGSG_03546;FGSG_03548;FGSG_03894;FGSG_03992;FGSG_04458;FGSG_04589;FGSG_04590;FGSG_05610;FGSG_07075;FGSG_08601;FGSG_08712;FGSG_09012;FGSG_09280;FGSG_09456;FGSG_09834;FGSG_10347,1,uncharacterized protein,GO:0008270;GO:0016491;GO:0055114
FGSG_08270,23,0.48384570142315153,10.248915018791168,FGSG_00330;FGSG_00743;FGSG_01422;FGSG_02271;FGSG_02272;FGSG_02461;FGSG_03061;FGSG_03546;FGSG_03548;FGSG_03894;FGSG_03992;FGSG_04458;FGSG_04589;FGSG_04590;FGSG_05610;FGSG_07075;FGSG_08601;FGSG_08712;FGSG_08774;FGSG_09012;FGSG_09456;FGSG_09834;FGSG_10347,1,uncharacterized protein,
FGSG_08771,23,0.47861106838375356,10.232115867894445,FGSG_00330;FGSG_00743;FGSG_01422;FGSG_02272;FGSG_02461;FGSG_03061;FGSG_03546;FGSG_03547;FGSG_03548;FGSG_03894;FGSG_03992;FGSG_04458;FGSG_04589;FGSG_04590;FGSG_04591;FGSG_05610;FGSG_06055;FGSG_08601;FGSG_08712;FGSG_09280;FGSG_09456;FGSG_09834;FGSG_10347,1,uncharacterized protein,GO:0004660;GO:0005634;GO:0005829;GO:0005965;GO:0018343;GO:0042127
FGSG_09747,23,0.4703764674603789,10.189970395339722,FGSG_00330;FGSG_00743;FGSG_01422;FGSG_02272;FGSG_02461;FGSG_03061;FGSG_03546;FGSG_03547;FGSG_03548;FGSG_03894;FGSG_03992;FGSG_04458;FGSG_04589;FGSG_04590;FGSG_05610;FGSG_07075;FGSG_08601;FGSG_08712;FGSG_09012;FGSG_09280;FGSG_09456;FGSG_09834;FGSG_10347,1,uncharacterized protein,GO:0003723;GO:0005783;GO:0005829;GO:0005844;GO:0007088;GO:0007126;GO:0008298;GO:0016071;GO:0042175
FGSG_03162,23,0.4755049453008167,10.162776613632015,FGSG_00330;FGSG_00743;FGSG_01422;FGSG_02272;FGSG_02461;FGSG_03061;FGSG_03546;FGSG_03547;FGSG_03548;FGSG_03894;FGSG_03992;FGSG_04458;FGSG_04589;FGSG_04590;FGSG_04591;FGSG_05610;FGSG_08601;FGSG_08712;FGSG_09012;FGSG_09280;FGSG_09456;FGSG_09834;FGSG_10347,1,uncharacterized protein,GO:0005215;GO:0006810;GO:0016021
FGSG_13153,23,0.46904097854555243,10.146549551770136,FGSG_00330;FGSG_00743;FGSG_01422;FGSG_02272;FGSG_02461;FGSG_03061;FGSG_03546;FGSG_03548;FGSG_03894;FGSG_03992;FGSG_04458;FGSG_04589;FGSG_04590;FGSG_04591;FGSG_04593;FGSG_05610;FGSG_08601;FGSG_08712;FGSG_08774;FGSG_09012;FGSG_09456;FGSG_09834;FGSG_10347,1,uncharacterized protein,GO:0003824;GO:0008152;GO:0016021
FGSG_06163,23,0.47562501252006506,10.110006061585139,FGSG_00330;FGSG_00743;FGSG_01422;FGSG_02272;FGSG_02461;FGSG_03061;FGSG_03546;FGSG_03547;FGSG_03548;FGSG_03894;FGSG_03992;FGSG_04458;FGSG_04589;FGSG_04590;FGSG_04591;FGSG_05610;FGSG_08601;FGSG_08712;FGSG_09012;FGSG_09280;FGSG_09456;FGSG_09834;FGSG_10347,1,uncharacterized protein,GO:0008080
FGSG_03259,23,0.46901780739420035,10.098413596169474,FGSG_00330;FGSG_00743;FGSG_01422;FGSG_02272;FGSG_02461;FGSG_03061;FGSG_03546;FGSG_03547;FGSG_03548;FGSG_03894;FGSG_03992;FGSG_04458;FGSG_04589;FGSG_04590;FGSG_05610;FGSG_07075;FGSG_08601;FGSG_08712;FGSG_09012;FGSG_09280;FGSG_09456;FGSG_09834;FGSG_10347,1,uncharacterized protein,GO:0016491;GO:0055114
FGSG_01823,23,0.4722554572749229,10.097439942949363,FGSG_02321;FGSG_02323;FGSG_02324;FGSG_02325;FGSG_02326;FGSG_02327;FGSG_02328;FGSG_02329;FGSG_02840;FGSG_02903;FGSG_03541;FGSG_03599;FGSG_03600;FGSG_03842;FGSG_05919;FGSG_08082;FGSG_08083;FGSG_08795;FGSG_09187;FGSG_10670;FGSG_11184;FGSG_11326;FGSG_13952,2,uncharacterized protein,GO:0008152;GO:0016021;GO:0016740
FGSG_00793,23,0.47045383204263425,10.097310886910284,FGSG_00330;FGSG_00743;FGSG_01422;FGSG_02272;FGSG_02461;FGSG_03061;FGSG_03546;FGSG_03547;FGSG_03548;FGSG_03894;FGSG_03992;FGSG_04458;FGSG_04589;FGSG_04590;FGSG_04591;FGSG_05610;FGSG_08601;FGSG_08712;FGSG_09012;FGSG_09280;FGSG_09456;FGSG_09834;FGSG_10347,1,uncharacterized protein,GO:0016021
FGSG_13155,23,0.47999587768887686,10.095527282601862,FGSG_00330;FGSG_00743;FGSG_01422;FGSG_02272;FGSG_02461;FGSG_03061;FGSG_03546;FGSG_03547;FGSG_03548;FGSG_03894;FGSG_03992;FGSG_04458;FGSG_04589;FGSG_04590;FGSG_04591;FGSG_05610;FGSG_08601;FGSG_08712;FGSG_09012;FGSG_09280;FGSG_09456;FGSG_09834;FGSG_10347,1,uncharacterized protein,
FGSG_00455,23,0.4982232749358376,10.090890253670281,FGSG_00330;FGSG_00743;FGSG_01422;FGSG_02030;FGSG_02271;FGSG_02272;FGSG_02461;FGSG_03061;FGSG_03548;FGSG_03894;FGSG_04458;FGSG_04589;FGSG_04590;FGSG_05610;FGSG_07075;FGSG_08601;FGSG_08712;FGSG_08774;FGSG_09012;FGSG_09456;FGSG_09834;FGSG_10347;FGSG_13136,1,uncharacterized protein,GO:0016021
FGSG_13017,23,0.49185853110070593,10.088156040645417,FGSG_00743;FGSG_00765;FGSG_01422;FGSG_02030;FGSG_02271;FGSG_02272;FGSG_02461;FGSG_03061;FGSG_03894;FGSG_04309;FGSG_04588;FGSG_04590;FGSG_04593;FGSG_05368;FGSG_05610;FGSG_07075;FGSG_07528;FGSG_08712;FGSG_08774;FGSG_09012;FGSG_11206;FGSG_12180;FGSG_13136,1,uncharacterized protein,
FGSG_09239,23,0.47059128322077715,10.030412540510133,FGSG_00330;FGSG_00743;FGSG_01422;FGSG_02272;FGSG_02461;FGSG_03061;FGSG_03546;FGSG_03547;FGSG_03548;FGSG_03894;FGSG_03992;FGSG_04458;FGSG_04589;FGSG_04590;FGSG_04591;FGSG_05610;FGSG_08601;FGSG_08712;FGSG_09012;FGSG_09456;FGSG_09834;FGSG_10347;FGSG_12180,1,ubiquinone/menaquinone biosynthesis methyltransferase ubiE,GO:0005759;GO:0006744;GO:0009060;GO:0016021;GO:0031314;GO:0032259;GO:0043334
FGSG_10190,23,0.4900772425989529,10.010417036191983,FGSG_00330;FGSG_00743;FGSG_01422;FGSG_02030;FGSG_02272;FGSG_02461;FGSG_03061;FGSG_03546;FGSG_03548;FGSG_03894;FGSG_04458;FGSG_04589;FGSG_04590;FGSG_04593;FGSG_05610;FGSG_06055;FGSG_08601;FGSG_08712;FGSG_08774;FGSG_09012;FGSG_09834;FGSG_10347;FGSG_12180,1,uncharacterized protein,GO:0008168;GO:0032259
FGSG_10435,23,0.4692275030192391,10.000417344550879,FGSG_00330;FGSG_00743;FGSG_01422;FGSG_02272;FGSG_02461;FGSG_03061;FGSG_03546;FGSG_03547;FGSG_03548;FGSG_03894;FGSG_03992;FGSG_04458;FGSG_04589;FGSG_04590;FGSG_04591;FGSG_05610;FGSG_08601;FGSG_08712;FGSG_09012;FGSG_09280;FGSG_09456;FGSG_09834;FGSG_10347,1,uncharacterized protein,
FGSG_11129,23,0.4700744010281867,9.998247702878166,FGSG_00330;FGSG_00743;FGSG_01422;FGSG_02272;FGSG_02461;FGSG_03061;FGSG_03546;FGSG_03547;FGSG_03548;FGSG_03894;FGSG_03992;FGSG_04458;FGSG_04589;FGSG_04590;FGSG_04591;FGSG_05610;FGSG_08601;FGSG_08712;FGSG_09012;FGSG_09280;FGSG_09456;FGSG_09834;FGSG_10347,1,uncharacterized protein,
FGSG_04694,23,0.4787746783387218,9.992832275360888,FGSG_00043;FGSG_00044;FGSG_00330;FGSG_01346;FGSG_01422;FGSG_01947;FGSG_02272;FGSG_03061;FGSG_03546;FGSG_03547;FGSG_03548;FGSG_03992;FGSG_04458;FGSG_04589;FGSG_04590;FGSG_04591;FGSG_05610;FGSG_08601;FGSG_08712;FGSG_09280;FGSG_09456;FGSG_09834;FGSG_10347,1,uncharacterized protein,GO:0016491;GO:0016740;GO:0031177;GO:0055114
FGSG_02657,23,0.4719009423574953,9.990189984952375,FGSG_00330;FGSG_00743;FGSG_01422;FGSG_02272;FGSG_02461;FGSG_03061;FGSG_03546;FGSG_03547;FGSG_03548;FGSG_03894;FGSG_03992;FGSG_04458;FGSG_04589;FGSG_04590;FGSG_04591;FGSG_05610;FGSG_08601;FGSG_08712;FGSG_09012;FGSG_09280;FGSG_09456;FGSG_09834;FGSG_10347,1,uncharacterized protein,GO:0020037;GO:0051213;GO:0055114
FGSG_04087,23,0.4610901772479629,9.975201919102856,FGSG_00330;FGSG_00743;FGSG_01422;FGSG_02272;FGSG_02461;FGSG_03061;FGSG_03546;FGSG_03547;FGSG_03548;FGSG_03894;FGSG_03992;FGSG_04458;FGSG_04589;FGSG_04590;FGSG_05610;FGSG_08601;FGSG_08712;FGSG_08774;FGSG_09012;FGSG_09280;FGSG_09456;FGSG_09834;FGSG_10347,1,uncharacterized protein,GO:0006672;GO:0016021;GO:0016811
FGSG_13378,23,0.4651458502189547,9.974182975122444,FGSG_00330;FGSG_00743;FGSG_01422;FGSG_02272;FGSG_02461;FGSG_03061;FGSG_03546;FGSG_03547;FGSG_03548;FGSG_03894;FGSG_03992;FGSG_04458;FGSG_04589;FGSG_04590;FGSG_04591;FGSG_05610;FGSG_08601;FGSG_08712;FGSG_09012;FGSG_09280;FGSG_09456;FGSG_09834;FGSG_10347,1,uncharacterized protein,
FGSG_05706,23,0.4692337367963815,9.956116528979845,FGSG_02321;FGSG_02323;FGSG_02324;FGSG_02325;FGSG_02326;FGSG_02327;FGSG_02328;FGSG_02329;FGSG_02840;FGSG_02903;FGSG_03539;FGSG_03541;FGSG_03599;FGSG_03600;FGSG_03842;FGSG_05919;FGSG_08082;FGSG_08083;FGSG_08795;FGSG_09187;FGSG_11184;FGSG_11326;FGSG_13952,2,uncharacterized protein,
FGSG_05012,23,0.48280283320242623,9.951010888181587,FGSG_00330;FGSG_00743;FGSG_01422;FGSG_02271;FGSG_02272;FGSG_02461;FGSG_03061;FGSG_03295;FGSG_03546;FGSG_03548;FGSG_03894;FGSG_03992;FGSG_04458;FGSG_04590;FGSG_05610;FGSG_07075;FGSG_07528;FGSG_08712;FGSG_09012;FGSG_09456;FGSG_09834;FGSG_10347;FGSG_13136,1,uncharacterized protein,GO:0000049;GO:0004812;GO:0006418;GO:0008047;GO:0016740;GO:0017102;GO:0032266;GO:0051351;GO:0080025
FGSG_10830,23,0.49465729680206527,9.95056006242812,FGSG_00743;FGSG_00765;FGSG_01422;FGSG_01621;FGSG_02030;FGSG_02272;FGSG_02461;FGSG_03061;FGSG_03747;FGSG_03894;FGSG_04588;FGSG_04589;FGSG_04593;FGSG_05368;FGSG_05610;FGSG_08493;FGSG_08712;FGSG_08774;FGSG_09012;FGSG_10922;FGSG_11206;FGSG_12180;FGSG_13136,1,uncharacterized protein,GO:0000166;GO:0000346;GO:0003723;GO:0006283;GO:0016973;GO:1902281;GO:1990119
FGSG_06597,23,0.47962965678864244,9.945447157062855,FGSG_00743;FGSG_01422;FGSG_02030;FGSG_02271;FGSG_02272;FGSG_02461;FGSG_02782;FGSG_03061;FGSG_03295;FGSG_03894;FGSG_04458;FGSG_04590;FGSG_05610;FGSG_06506;FGSG_07075;FGSG_07528;FGSG_08712;FGSG_08774;FGSG_09012;FGSG_09456;FGSG_09834;FGSG_10347;FGSG_13136,1,uncharacterized protein,
FGSG_10974,23,0.4601109326739432,9.865207642961648,FGSG_00007;FGSG_01866;FGSG_02321;FGSG_02324;FGSG_02325;FGSG_02326;FGSG_02327;FGSG_02328;FGSG_02329;FGSG_03535;FGSG_03539;FGSG_03541;FGSG_03600;FGSG_03842;FGSG_03881;FGSG_07896;FGSG_08081;FGSG_08082;FGSG_08083;FGSG_09187;FGSG_11184;FGSG_11326;FGSG_13952,2,uncharacterized protein,
FGSG_08498,23,0.49364649074022465,9.862793154314375,FGSG_00743;FGSG_00765;FGSG_02030;FGSG_02272;FGSG_02461;FGSG_02972;FGSG_03061;FGSG_03747;FGSG_03894;FGSG_04588;FGSG_04589;FGSG_04593;FGSG_05368;FGSG_05610;FGSG_08493;FGSG_08712;FGSG_08774;FGSG_09012;FGSG_10444;FGSG_10922;FGSG_11206;FGSG_12180;FGSG_13136,1,aspartate-semialdehyde dehydrogenase,GO:0003942;GO:0004073;GO:0005634;GO:0005829;GO:0006531;GO:0009086;GO:0009088;GO:0009089;GO:0009090;GO:0009097;GO:0046983;GO:0050661;GO:0051287;GO:0055114
FGSG_06583,23,0.49536009016489685,9.826658384629962,FGSG_00743;FGSG_00765;FGSG_01422;FGSG_02030;FGSG_02272;FGSG_02461;FGSG_03061;FGSG_03894;FGSG_04588;FGSG_04589;FGSG_04590;FGSG_04593;FGSG_05368;FGSG_05610;FGSG_08712;FGSG_08774;FGSG_09012;FGSG_09456;FGSG_10347;FGSG_10922;FGSG_10947;FGSG_12180;FGSG_13136,1,uncharacterized protein,GO:0016021
FGSG_01849,23,0.4625282816895202,9.798407373428365,FGSG_00007;FGSG_01866;FGSG_02255;FGSG_02320;FGSG_02321;FGSG_02323;FGSG_02324;FGSG_02325;FGSG_02326;FGSG_02327;FGSG_02328;FGSG_02329;FGSG_02903;FGSG_03600;FGSG_03842;FGSG_03881;FGSG_08082;FGSG_08083;FGSG_08795;FGSG_09187;FGSG_10670;FGSG_11326;FGSG_13952,2,uncharacterized protein,GO:0004519;GO:0004527;GO:0090305
FGSG_11553,23,0.46661713642565483,9.746132419615208,FGSG_00007;FGSG_01866;FGSG_02321;FGSG_02323;FGSG_02324;FGSG_02325;FGSG_02326;FGSG_02327;FGSG_02328;FGSG_02329;FGSG_03539;FGSG_03541;FGSG_03600;FGSG_03842;FGSG_03881;FGSG_08081;FGSG_08082;FGSG_08083;FGSG_08795;FGSG_09187;FGSG_10670;FGSG_11326;FGSG_13952,2,uncharacterized protein,
FGSG_12548,23,0.47728081434278974,9.741350453610421,FGSG_00743;FGSG_01422;FGSG_02272;FGSG_02461;FGSG_02554;FGSG_03061;FGSG_03340;FGSG_03546;FGSG_03548;FGSG_03894;FGSG_04458;FGSG_04589;FGSG_04593;FGSG_05610;FGSG_08601;FGSG_08712;FGSG_08774;FGSG_09012;FGSG_09826;FGSG_10347;FGSG_10922;FGSG_12180;FGSG_12223,1,uncharacterized protein,GO:0005576;GO:0016021;GO:0016998;GO:0030600
FGSG_00572,23,0.4553759763871256,9.698243690095305,FGSG_00007;FGSG_01866;FGSG_02326;FGSG_02327;FGSG_02328;FGSG_02329;FGSG_03532;FGSG_03534;FGSG_03535;FGSG_03537;FGSG_03539;FGSG_03541;FGSG_03543;FGSG_03842;FGSG_03881;FGSG_07896;FGSG_08079;FGSG_08081;FGSG_08082;FGSG_08083;FGSG_08084;FGSG_09064;FGSG_13952,2,uncharacterized protein,GO:0008643;GO:0016021;GO:0022891;GO:0055085
FGSG_10990,22,0.4730746482033296,9.690470686217418,FGSG_00330;FGSG_00743;FGSG_01422;FGSG_02271;FGSG_02272;FGSG_02461;FGSG_03061;FGSG_03546;FGSG_03548;FGSG_03894;FGSG_03992;FGSG_04458;FGSG_04590;FGSG_05610;FGSG_07075;FGSG_08601;FGSG_08712;FGSG_09012;FGSG_09280;FGSG_09456;FGSG_09834;FGSG_10347,1,uncharacterized protein,GO:0003824;GO:0008152;GO:0031177
FGSG_04343,22,0.4815763247364658,9.669638950642446,FGSG_00330;FGSG_00743;FGSG_01422;FGSG_02271;FGSG_02272;FGSG_02461;FGSG_03061;FGSG_03546;FGSG_03548;FGSG_03894;FGSG_03992;FGSG_04458;FGSG_04589;FGSG_04590;FGSG_05610;FGSG_07075;FGSG_08601;FGSG_08712;FGSG_09012;FGSG_09456;FGSG_09834;FGSG_10347,1,"fructose-2,6-bisphosphatase",GO:0003873;GO:0004331;GO:0005524;GO:0006000;GO:0006003;GO:0006006;GO:0016311;GO:0046835
FGSG_02600,22,0.4770813711451616,9.668414667708479,FGSG_00330;FGSG_00743;FGSG_01422;FGSG_02271;FGSG_02272;FGSG_02461;FGSG_03061;FGSG_03546;FGSG_03548;FGSG_03894;FGSG_03992;FGSG_04458;FGSG_04590;FGSG_05610;FGSG_07075;FGSG_08601;FGSG_08712;FGSG_09012;FGSG_09280;FGSG_09456;FGSG_09834;FGSG_10347,1,"1,2-dihydroxy-3-keto-5-methylthiopentene dioxygenase",GO:0005506;GO:0005634;GO:0005737;GO:0010308;GO:0010309;GO:0019509;GO:0055114
FGSG_13382,22,0.4822211912096739,9.654686607075659,FGSG_00330;FGSG_00743;FGSG_01422;FGSG_02271;FGSG_02272;FGSG_02461;FGSG_03061;FGSG_03546;FGSG_03548;FGSG_03894;FGSG_03992;FGSG_04458;FGSG_04590;FGSG_05610;FGSG_07075;FGSG_08601;FGSG_08712;FGSG_08774;FGSG_09012;FGSG_09456;FGSG_09834;FGSG_10347,1,uncharacterized protein,GO:0016021;GO:0055085
FGSG_09245,22,0.4662398560168868,9.64971927427571,FGSG_00330;FGSG_00743;FGSG_01422;FGSG_02271;FGSG_02272;FGSG_02461;FGSG_03061;FGSG_03546;FGSG_03548;FGSG_03894;FGSG_03992;FGSG_04458;FGSG_04589;FGSG_04590;FGSG_05610;FGSG_07075;FGSG_08601;FGSG_08712;FGSG_09012;FGSG_09456;FGSG_09834;FGSG_10347,1,uncharacterized protein,GO:0016491;GO:0046872;GO:0055114
FGSG_13361,22,0.4686883670420019,9.649581629849457,FGSG_00330;FGSG_00743;FGSG_01422;FGSG_02272;FGSG_02461;FGSG_03061;FGSG_03546;FGSG_03547;FGSG_03548;FGSG_03894;FGSG_03992;FGSG_04458;FGSG_04589;FGSG_04590;FGSG_05610;FGSG_08601;FGSG_08712;FGSG_09012;FGSG_09456;FGSG_09834;FGSG_10347;FGSG_12180,1,uncharacterized protein,
FGSG_00490,22,0.4730340094045997,9.645643288880061,FGSG_00330;FGSG_00743;FGSG_01422;FGSG_02272;FGSG_02461;FGSG_03061;FGSG_03546;FGSG_03548;FGSG_03894;FGSG_03992;FGSG_04458;FGSG_04589;FGSG_04590;FGSG_05610;FGSG_08601;FGSG_08712;FGSG_08774;FGSG_09012;FGSG_09456;FGSG_09834;FGSG_10347;FGSG_12180,1,methylmalonate-semialdehyde dehydrogenase,GO:0004491;GO:0055114
FGSG_05166,22,0.4776363042804892,9.645248842184317,FGSG_00330;FGSG_00743;FGSG_01422;FGSG_02272;FGSG_02461;FGSG_03061;FGSG_03546;FGSG_03548;FGSG_03894;FGSG_03992;FGSG_04458;FGSG_04589;FGSG_04590;FGSG_04593;FGSG_05610;FGSG_08601;FGSG_08712;FGSG_08774;FGSG_09012;FGSG_09456;FGSG_09834;FGSG_10347,1,uncharacterized protein,
FGSG_03288,22,0.49295605227135436,9.641000565848152,FGSG_00330;FGSG_00743;FGSG_01422;FGSG_02271;FGSG_02272;FGSG_02461;FGSG_03061;FGSG_03546;FGSG_03548;FGSG_03894;FGSG_03992;FGSG_04458;FGSG_04590;FGSG_05610;FGSG_07075;FGSG_07528;FGSG_08712;FGSG_09012;FGSG_09456;FGSG_09834;FGSG_10347;FGSG_13136,1,uncharacterized protein,GO:0004553;GO:0005975;GO:0016021
FGSG_04351,22,0.47895080022920533,9.610934372787225,FGSG_00330;FGSG_00743;FGSG_01422;FGSG_02271;FGSG_02272;FGSG_02461;FGSG_03061;FGSG_03546;FGSG_03548;FGSG_03894;FGSG_03992;FGSG_04458;FGSG_04590;FGSG_05610;FGSG_07075;FGSG_08601;FGSG_08712;FGSG_08774;FGSG_09012;FGSG_09456;FGSG_09834;FGSG_10347,1,uncharacterized protein,GO:0043130
FGSG_06652,22,0.4703171837677577,9.604396481728262,FGSG_00330;FGSG_00743;FGSG_01422;FGSG_02271;FGSG_02272;FGSG_02461;FGSG_03061;FGSG_03546;FGSG_03548;FGSG_03894;FGSG_03992;FGSG_04458;FGSG_04589;FGSG_04590;FGSG_05610;FGSG_07075;FGSG_08601;FGSG_08712;FGSG_09012;FGSG_09456;FGSG_09834;FGSG_10347,1,uncharacterized protein,GO:0016021
FGSG_07023,22,0.4749730837992105,9.600591742805301,FGSG_00330;FGSG_00743;FGSG_01422;FGSG_02272;FGSG_02461;FGSG_03061;FGSG_03546;FGSG_03548;FGSG_03894;FGSG_04458;FGSG_04589;FGSG_04590;FGSG_04593;FGSG_05610;FGSG_08601;FGSG_08712;FGSG_08774;FGSG_09012;FGSG_09456;FGSG_09834;FGSG_10347;FGSG_12180,1,uncharacterized protein,GO:0016831;GO:0019752;GO:0030170
FGSG_09706,22,0.47189620948249633,9.59611664109362,FGSG_02321;FGSG_02323;FGSG_02324;FGSG_02325;FGSG_02326;FGSG_02327;FGSG_02328;FGSG_02329;FGSG_02840;FGSG_02903;FGSG_03599;FGSG_03600;FGSG_03842;FGSG_05919;FGSG_08082;FGSG_08083;FGSG_08795;FGSG_09187;FGSG_10670;FGSG_11184;FGSG_11326;FGSG_13952,2,uncharacterized protein,GO:0005524;GO:0016887
FGSG_07173,22,0.47310125853402096,9.592714626348506,FGSG_00330;FGSG_01422;FGSG_02272;FGSG_02461;FGSG_03061;FGSG_03546;FGSG_03547;FGSG_03548;FGSG_03894;FGSG_03992;FGSG_04458;FGSG_04590;FGSG_04591;FGSG_05610;FGSG_07075;FGSG_08601;FGSG_08712;FGSG_09012;FGSG_09280;FGSG_09456;FGSG_09834;FGSG_10347,1,alpha-methylacyl-CoA racemase,GO:0003824
FGSG_05829,22,0.4703445855088344,9.585930451636138,FGSG_02077;FGSG_02321;FGSG_02323;FGSG_02324;FGSG_02325;FGSG_02326;FGSG_02327;FGSG_02328;FGSG_02329;FGSG_02840;FGSG_02903;FGSG_03599;FGSG_03600;FGSG_03842;FGSG_05919;FGSG_08083;FGSG_08795;FGSG_09187;FGSG_10670;FGSG_11184;FGSG_11326;FGSG_13952,2,uncharacterized protein,GO:0006508;GO:0008236
FGSG_03283,22,0.486134310850105,9.584670287901217,FGSG_00330;FGSG_00743;FGSG_01422;FGSG_02271;FGSG_02272;FGSG_02461;FGSG_03061;FGSG_03546;FGSG_03548;FGSG_03894;FGSG_03992;FGSG_04458;FGSG_04590;FGSG_05610;FGSG_07075;FGSG_07528;FGSG_08712;FGSG_09012;FGSG_09456;FGSG_09834;FGSG_10347;FGSG_13136,1,uncharacterized protein,GO:0016020
FGSG_09284,22,0.49140210771657095,9.584023758511368,FGSG_00743;FGSG_01422;FGSG_02030;FGSG_02271;FGSG_02272;FGSG_02461;FGSG_03061;FGSG_03894;FGSG_04458;FGSG_04588;FGSG_04590;FGSG_04593;FGSG_05610;FGSG_07075;FGSG_07528;FGSG_08712;FGSG_08774;FGSG_09012;FGSG_09456;FGSG_09834;FGSG_10347;FGSG_13136,1,homoserine dehydrogenase,GO:0004412;GO:0009086;GO:0009088;GO:0009090;GO:0009097;GO:0050661;GO:0055114
FGSG_00320,22,0.46232541331865407,9.582765887086536,FGSG_00330;FGSG_00743;FGSG_01422;FGSG_02272;FGSG_02461;FGSG_03061;FGSG_03546;FGSG_03548;FGSG_03894;FGSG_03992;FGSG_04458;FGSG_04590;FGSG_05610;FGSG_05843;FGSG_07075;FGSG_08601;FGSG_08712;FGSG_09012;FGSG_09280;FGSG_09456;FGSG_09834;FGSG_10347,1,uncharacterized protein,GO:0016491;GO:0055114
FGSG_04788,22,0.47686061850875155,9.581752150220446,FGSG_00330;FGSG_01422;FGSG_02271;FGSG_02272;FGSG_02461;FGSG_03061;FGSG_03295;FGSG_03546;FGSG_03548;FGSG_03894;FGSG_03992;FGSG_04458;FGSG_04590;FGSG_05610;FGSG_07075;FGSG_08601;FGSG_08712;FGSG_09012;FGSG_09280;FGSG_09456;FGSG_09834;FGSG_10347,1,uncharacterized protein,
FGSG_08230,22,0.4883512853449976,9.58086835813469,FGSG_00743;FGSG_01422;FGSG_02030;FGSG_02271;FGSG_02272;FGSG_02461;FGSG_03061;FGSG_03295;FGSG_03548;FGSG_03894;FGSG_04458;FGSG_04590;FGSG_05610;FGSG_07075;FGSG_07528;FGSG_08712;FGSG_08774;FGSG_09012;FGSG_09456;FGSG_09834;FGSG_10347;FGSG_13136,1,uncharacterized protein,GO:0016021;GO:0055085
FGSG_08950,22,0.4767878651887478,9.562218359168543,FGSG_00043;FGSG_00330;FGSG_01422;FGSG_02272;FGSG_03061;FGSG_03546;FGSG_03547;FGSG_03548;FGSG_03894;FGSG_03992;FGSG_04458;FGSG_04589;FGSG_04590;FGSG_04591;FGSG_05610;FGSG_08601;FGSG_08712;FGSG_09012;FGSG_09280;FGSG_09456;FGSG_09834;FGSG_10347,1,uncharacterized protein,GO:0004725;GO:0035335
FGSG_04696,22,0.4698362734611304,9.560183432442944,FGSG_02321;FGSG_02323;FGSG_02324;FGSG_02325;FGSG_02326;FGSG_02327;FGSG_02328;FGSG_02329;FGSG_02840;FGSG_02903;FGSG_03599;FGSG_03600;FGSG_03842;FGSG_05919;FGSG_08082;FGSG_08083;FGSG_08795;FGSG_09187;FGSG_10670;FGSG_11184;FGSG_11326;FGSG_13952,2,uncharacterized protein,GO:0016021
FGSG_00573,22,0.48662986597497676,9.550212166195525,FGSG_00330;FGSG_00743;FGSG_01422;FGSG_02271;FGSG_02272;FGSG_02461;FGSG_03061;FGSG_03295;FGSG_03546;FGSG_03548;FGSG_03894;FGSG_03992;FGSG_04458;FGSG_04590;FGSG_05610;FGSG_07075;FGSG_07528;FGSG_08712;FGSG_09012;FGSG_09456;FGSG_09834;FGSG_10347,1,uncharacterized protein,GO:0000981;GO:0003677;GO:0005634;GO:0006351;GO:0006357;GO:0008270
FGSG_10859,22,0.46059833608791967,9.542304066786155,FGSG_00330;FGSG_00743;FGSG_01422;FGSG_02272;FGSG_02461;FGSG_03061;FGSG_03546;FGSG_03547;FGSG_03548;FGSG_03894;FGSG_03992;FGSG_04458;FGSG_04589;FGSG_04590;FGSG_05610;FGSG_08601;FGSG_08712;FGSG_09012;FGSG_09280;FGSG_09456;FGSG_09834;FGSG_10347,1,uncharacterized protein,GO:0003840;GO:0006749
FGSG_05163,22,0.4903108286422265,9.540836147092485,FGSG_00743;FGSG_00765;FGSG_01422;FGSG_01621;FGSG_02030;FGSG_02271;FGSG_02272;FGSG_02461;FGSG_03061;FGSG_03894;FGSG_04309;FGSG_04588;FGSG_04590;FGSG_05368;FGSG_05610;FGSG_07075;FGSG_08712;FGSG_08774;FGSG_09012;FGSG_11206;FGSG_12180;FGSG_13136,1,uncharacterized protein,
FGSG_11285,22,0.46883003902711956,9.529365687335112,FGSG_02321;FGSG_02323;FGSG_02324;FGSG_02325;FGSG_02326;FGSG_02327;FGSG_02328;FGSG_02329;FGSG_02840;FGSG_02903;FGSG_03599;FGSG_03600;FGSG_03842;FGSG_05919;FGSG_08082;FGSG_08083;FGSG_08795;FGSG_09187;FGSG_10670;FGSG_11184;FGSG_11326;FGSG_13952,2,uncharacterized protein,GO:0016021
FGSG_10856,22,0.4754246356693501,9.527592815919009,FGSG_00330;FGSG_01422;FGSG_02271;FGSG_02272;FGSG_02461;FGSG_03061;FGSG_03295;FGSG_03546;FGSG_03548;FGSG_03894;FGSG_03992;FGSG_04458;FGSG_04590;FGSG_05610;FGSG_07075;FGSG_07528;FGSG_08601;FGSG_08712;FGSG_09012;FGSG_09456;FGSG_09834;FGSG_10347,1,uncharacterized protein,GO:0000147;GO:0005524;GO:0005829;GO:0005885;GO:0030041;GO:0030479;GO:0032153;GO:0034314;GO:0051285;GO:0051666;GO:1903475
FGSG_09927,22,0.471280378728429,9.523236910131581,FGSG_00330;FGSG_00743;FGSG_01422;FGSG_02271;FGSG_02272;FGSG_02461;FGSG_03061;FGSG_03546;FGSG_03548;FGSG_03894;FGSG_03992;FGSG_04458;FGSG_04590;FGSG_05610;FGSG_07075;FGSG_07528;FGSG_08601;FGSG_08712;FGSG_09012;FGSG_09456;FGSG_09834;FGSG_10347,1,import receptor,GO:0005741;GO:0006886;GO:0015450;GO:0016021;GO:0071806
FGSG_04780,22,0.4594539593951032,9.522150176895675,FGSG_00330;FGSG_00743;FGSG_01422;FGSG_02272;FGSG_02461;FGSG_03061;FGSG_03546;FGSG_03548;FGSG_03894;FGSG_03992;FGSG_04458;FGSG_04589;FGSG_04590;FGSG_05610;FGSG_07075;FGSG_08601;FGSG_08712;FGSG_09012;FGSG_09280;FGSG_09456;FGSG_09834;FGSG_10347,1,uncharacterized protein,GO:0016021;GO:0016491;GO:0055114
FGSG_04357,22,0.46867724383560033,9.51502974400364,FGSG_01866;FGSG_02321;FGSG_02323;FGSG_02324;FGSG_02325;FGSG_02326;FGSG_02327;FGSG_02328;FGSG_02329;FGSG_02840;FGSG_02903;FGSG_03600;FGSG_03842;FGSG_03881;FGSG_08082;FGSG_08083;FGSG_08795;FGSG_09187;FGSG_10670;FGSG_11184;FGSG_11326;FGSG_13952,2,uncharacterized protein,GO:0016021
FGSG_03862,22,0.47217095032379514,9.51265962194913,FGSG_02321;FGSG_02323;FGSG_02324;FGSG_02325;FGSG_02326;FGSG_02327;FGSG_02328;FGSG_02329;FGSG_02840;FGSG_02903;FGSG_03599;FGSG_03600;FGSG_03842;FGSG_05919;FGSG_08082;FGSG_08083;FGSG_08795;FGSG_09187;FGSG_10670;FGSG_11184;FGSG_11326;FGSG_13952,2,uncharacterized protein,GO:0016021;GO:0055085
FGSG_11230,22,0.47054488199370514,9.512574585921676,FGSG_02321;FGSG_02323;FGSG_02324;FGSG_02325;FGSG_02326;FGSG_02327;FGSG_02328;FGSG_02329;FGSG_02840;FGSG_02903;FGSG_03599;FGSG_03600;FGSG_03842;FGSG_05919;FGSG_08082;FGSG_08083;FGSG_08795;FGSG_09187;FGSG_10670;FGSG_11184;FGSG_11326;FGSG_13952,2,uncharacterized protein,
FGSG_08831,22,0.464116182475617,9.504217637211722,FGSG_00330;FGSG_00743;FGSG_01422;FGSG_02272;FGSG_02461;FGSG_03061;FGSG_03546;FGSG_03548;FGSG_03894;FGSG_03992;FGSG_04458;FGSG_04589;FGSG_04590;FGSG_04591;FGSG_05610;FGSG_08601;FGSG_08712;FGSG_09012;FGSG_09280;FGSG_09456;FGSG_09834;FGSG_10347,1,uncharacterized protein,GO:0003677;GO:0005634;GO:0006351;GO:0008270;GO:0016021
FGSG_03693,22,0.47187662677010783,9.487126737231417,FGSG_00175;FGSG_00330;FGSG_01422;FGSG_02271;FGSG_02272;FGSG_02461;FGSG_03061;FGSG_03295;FGSG_03546;FGSG_03548;FGSG_03894;FGSG_03992;FGSG_04458;FGSG_04590;FGSG_05610;FGSG_07075;FGSG_07528;FGSG_08712;FGSG_09012;FGSG_09456;FGSG_09834;FGSG_10347,1,uncharacterized protein,GO:0005375;GO:0016021;GO:0035434
FGSG_07135,22,0.4620230925609498,9.479997243191523,FGSG_00330;FGSG_00743;FGSG_01422;FGSG_02272;FGSG_02461;FGSG_03061;FGSG_03546;FGSG_03547;FGSG_03548;FGSG_03894;FGSG_03992;FGSG_04458;FGSG_04589;FGSG_04590;FGSG_05610;FGSG_08601;FGSG_08712;FGSG_09012;FGSG_09280;FGSG_09456;FGSG_09834;FGSG_10347,1,uncharacterized protein,GO:0004061;GO:0019441;GO:0034354
FGSG_08238,22,0.47645836950694265,9.477871850670644,FGSG_00743;FGSG_00765;FGSG_01422;FGSG_01621;FGSG_02030;FGSG_02271;FGSG_02272;FGSG_02461;FGSG_02782;FGSG_03061;FGSG_03894;FGSG_04309;FGSG_04588;FGSG_04590;FGSG_05368;FGSG_05610;FGSG_06506;FGSG_07075;FGSG_07528;FGSG_08774;FGSG_09012;FGSG_13136,1,uncharacterized protein,
FGSG_10293,22,0.4860262166877433,9.463771399012636,FGSG_00743;FGSG_01422;FGSG_02030;FGSG_02271;FGSG_02272;FGSG_02461;FGSG_02782;FGSG_03061;FGSG_03894;FGSG_04588;FGSG_04590;FGSG_05368;FGSG_05610;FGSG_07075;FGSG_07528;FGSG_08712;FGSG_08774;FGSG_09012;FGSG_09456;FGSG_09834;FGSG_10947;FGSG_13136,1,uncharacterized protein,GO:0005750;GO:0006122;GO:0008121;GO:0009060;GO:0034551;GO:1902600
FGSG_08530,22,0.4735232314921558,9.446389260985507,FGSG_00743;FGSG_01422;FGSG_02271;FGSG_02272;FGSG_02461;FGSG_02782;FGSG_03061;FGSG_03295;FGSG_03546;FGSG_03548;FGSG_03894;FGSG_04458;FGSG_04590;FGSG_05610;FGSG_07075;FGSG_07528;FGSG_08712;FGSG_08774;FGSG_09012;FGSG_09456;FGSG_09834;FGSG_10347,1,uncharacterized protein,GO:0005739;GO:0016021
FGSG_06605,22,0.4634547212141085,9.445557642042735,FGSG_00007;FGSG_01866;FGSG_02321;FGSG_02324;FGSG_02325;FGSG_02326;FGSG_02327;FGSG_02328;FGSG_02329;FGSG_03539;FGSG_03541;FGSG_03600;FGSG_03842;FGSG_03881;FGSG_06039;FGSG_07896;FGSG_08081;FGSG_08082;FGSG_08083;FGSG_09187;FGSG_11326;FGSG_13952,2,beta-glucosidase 1 precursor,GO:0008422;GO:0030245;GO:0102483
FGSG_09970,22,0.47883321470383794,9.44427673939191,FGSG_00330;FGSG_00743;FGSG_01422;FGSG_02272;FGSG_02461;FGSG_03061;FGSG_03340;FGSG_03546;FGSG_03548;FGSG_03894;FGSG_04458;FGSG_04589;FGSG_05610;FGSG_08601;FGSG_08712;FGSG_08774;FGSG_09012;FGSG_09834;FGSG_10347;FGSG_10922;FGSG_12180;FGSG_12223,1,uncharacterized protein,GO:0005739;GO:0016021;GO:0016740;GO:0017196
FGSG_09231,22,0.4979567914302956,9.43881252156793,FGSG_00743;FGSG_00765;FGSG_01422;FGSG_02030;FGSG_02272;FGSG_02461;FGSG_02972;FGSG_03061;FGSG_03747;FGSG_03894;FGSG_04588;FGSG_04589;FGSG_04593;FGSG_05368;FGSG_05610;FGSG_08493;FGSG_08712;FGSG_08774;FGSG_09012;FGSG_10922;FGSG_12180;FGSG_13136,1,uncharacterized protein,
FGSG_11269,22,0.4608929137497814,9.415526580461043,FGSG_00007;FGSG_01866;FGSG_02321;FGSG_02323;FGSG_02324;FGSG_02325;FGSG_02326;FGSG_02327;FGSG_02328;FGSG_02329;FGSG_03539;FGSG_03541;FGSG_03600;FGSG_03842;FGSG_03881;FGSG_07896;FGSG_08081;FGSG_08082;FGSG_08083;FGSG_09187;FGSG_11326;FGSG_13952,2,uncharacterized protein,GO:0045735
FGSG_07917,22,0.45566731237670116,9.319232418709095,FGSG_00007;FGSG_01866;FGSG_02326;FGSG_02327;FGSG_02328;FGSG_02329;FGSG_03532;FGSG_03534;FGSG_03535;FGSG_03539;FGSG_03541;FGSG_03543;FGSG_03842;FGSG_03881;FGSG_07896;FGSG_08079;FGSG_08081;FGSG_08082;FGSG_08083;FGSG_08084;FGSG_09064;FGSG_13952,2,uncharacterized protein,GO:0016021;GO:0055085
FGSG_03835,22,0.4489471523926071,9.271638405697859,FGSG_00007;FGSG_01866;FGSG_02326;FGSG_02327;FGSG_02328;FGSG_02329;FGSG_03532;FGSG_03535;FGSG_03539;FGSG_03541;FGSG_03543;FGSG_03842;FGSG_03881;FGSG_07896;FGSG_08077;FGSG_08079;FGSG_08081;FGSG_08082;FGSG_08083;FGSG_08084;FGSG_09064;FGSG_13952,2,uncharacterized protein,GO:0008168;GO:0032259
FGSG_11900,22,0.45487824619738215,9.173935726238714,FGSG_00007;FGSG_01866;FGSG_02326;FGSG_02327;FGSG_02328;FGSG_02329;FGSG_03532;FGSG_03534;FGSG_03535;FGSG_03537;FGSG_03539;FGSG_03541;FGSG_03543;FGSG_03842;FGSG_03881;FGSG_06039;FGSG_07896;FGSG_08079;FGSG_08081;FGSG_08083;FGSG_08084;FGSG_13952,2,uncharacterized protein,
FGSG_13638,21,0.4761025980086146,9.414865502086531,FGSG_00330;FGSG_00743;FGSG_01422;FGSG_02272;FGSG_02461;FGSG_03061;FGSG_03546;FGSG_03548;FGSG_03894;FGSG_03992;FGSG_04458;FGSG_04589;FGSG_04590;FGSG_05610;FGSG_08601;FGSG_08712;FGSG_08774;FGSG_09012;FGSG_09456;FGSG_09834;FGSG_10347,1,uncharacterized protein,
FGSG_09998,21,0.47120760347627777,9.374759622016011,FGSG_00330;FGSG_00743;FGSG_01422;FGSG_02272;FGSG_02461;FGSG_03061;FGSG_03546;FGSG_03548;FGSG_03894;FGSG_03992;FGSG_04458;FGSG_04589;FGSG_04590;FGSG_04591;FGSG_05610;FGSG_08601;FGSG_08712;FGSG_09012;FGSG_09456;FGSG_09834;FGSG_10347,1,transketolase 1,GO:0004802;GO:0005634;GO:0005829;GO:0008152;GO:0046872
FGSG_07101,21,0.47614835019363533,9.333067512175159,FGSG_00330;FGSG_00743;FGSG_01422;FGSG_02271;FGSG_02272;FGSG_02461;FGSG_03061;FGSG_03546;FGSG_03548;FGSG_03894;FGSG_03992;FGSG_04458;FGSG_04590;FGSG_05610;FGSG_07075;FGSG_08601;FGSG_08712;FGSG_09012;FGSG_09456;FGSG_09834;FGSG_10347,1,translation initiation factor RLI1,GO:0000054;GO:0003743;GO:0005506;GO:0005524;GO:0005634;GO:0006413;GO:0006415;GO:0016887;GO:0022626;GO:0032790;GO:0034599;GO:0042273
FGSG_05122,21,0.47432098824874636,9.331492396811822,FGSG_00330;FGSG_00743;FGSG_01422;FGSG_02272;FGSG_02461;FGSG_03061;FGSG_03546;FGSG_03548;FGSG_03894;FGSG_03992;FGSG_04458;FGSG_04589;FGSG_04590;FGSG_05610;FGSG_08601;FGSG_08712;FGSG_08774;FGSG_09012;FGSG_09456;FGSG_09834;FGSG_10347,1,uncharacterized protein,GO:0016491;GO:0055114
FGSG_02046,21,0.4840416081909867,9.292304811165451,FGSG_00330;FGSG_00743;FGSG_01422;FGSG_02271;FGSG_02272;FGSG_02461;FGSG_03061;FGSG_03546;FGSG_03548;FGSG_03894;FGSG_03992;FGSG_04458;FGSG_04590;FGSG_05610;FGSG_07075;FGSG_08601;FGSG_08712;FGSG_09012;FGSG_09456;FGSG_09834;FGSG_10347,1,uncharacterized protein,
FGSG_04554,21,0.4944926591696441,9.289805644914956,FGSG_00743;FGSG_01422;FGSG_02030;FGSG_02271;FGSG_02272;FGSG_02461;FGSG_03061;FGSG_03295;FGSG_03894;FGSG_04458;FGSG_04590;FGSG_05610;FGSG_07075;FGSG_07528;FGSG_08712;FGSG_08774;FGSG_09012;FGSG_09456;FGSG_09834;FGSG_10347;FGSG_13136,1,uncharacterized protein,GO:0004815;GO:0005524;GO:0005829;GO:0006422
FGSG_08329,21,0.47310880764212665,9.26702675363561,FGSG_00330;FGSG_00743;FGSG_01422;FGSG_02271;FGSG_02272;FGSG_02461;FGSG_03061;FGSG_03546;FGSG_03548;FGSG_03894;FGSG_03992;FGSG_04458;FGSG_04590;FGSG_05610;FGSG_07075;FGSG_08601;FGSG_08712;FGSG_09012;FGSG_09456;FGSG_09834;FGSG_10347,1,uncharacterized protein,GO:0004077;GO:0005634;GO:0009305;GO:0071734
FGSG_10746,21,0.46625970243326853,9.2562486921045,FGSG_00330;FGSG_00743;FGSG_01422;FGSG_02272;FGSG_02461;FGSG_03061;FGSG_03546;FGSG_03548;FGSG_03894;FGSG_03992;FGSG_04458;FGSG_04589;FGSG_04590;FGSG_05610;FGSG_08601;FGSG_08712;FGSG_09012;FGSG_09456;FGSG_09834;FGSG_10347;FGSG_12180,1,aspartate aminotransferase,GO:0001300;GO:0001302;GO:0004069;GO:0006532;GO:0019266;GO:0030170;GO:0080130
FGSG_10267,21,0.4782984538306121,9.251223949402208,FGSG_00330;FGSG_01422;FGSG_01947;FGSG_02272;FGSG_03061;FGSG_03546;FGSG_03547;FGSG_03548;FGSG_03894;FGSG_03992;FGSG_04458;FGSG_04589;FGSG_04590;FGSG_04591;FGSG_05610;FGSG_08601;FGSG_08712;FGSG_09280;FGSG_09456;FGSG_09834;FGSG_10347,1,C-1-tetrahydrofolate synthase,GO:0004329;GO:0004488;GO:0005524;GO:0009396;GO:0055114
FGSG_07535,21,0.48751225412188254,9.251012147211323,FGSG_00330;FGSG_00743;FGSG_01422;FGSG_02271;FGSG_02272;FGSG_02461;FGSG_03061;FGSG_03546;FGSG_03548;FGSG_03894;FGSG_03992;FGSG_04458;FGSG_04590;FGSG_05610;FGSG_07075;FGSG_08601;FGSG_08712;FGSG_09012;FGSG_09456;FGSG_09834;FGSG_10347,1,uncharacterized protein,GO:0016740
FGSG_00496,21,0.4958489688630864,9.24910654885985,FGSG_00743;FGSG_01422;FGSG_02271;FGSG_02272;FGSG_02461;FGSG_03061;FGSG_03295;FGSG_03548;FGSG_03894;FGSG_04458;FGSG_04590;FGSG_05610;FGSG_07075;FGSG_07528;FGSG_08712;FGSG_08774;FGSG_09012;FGSG_09456;FGSG_09834;FGSG_10347;FGSG_13136,1,inorganic pyrophosphatase,GO:0000287;GO:0004427;GO:0005634;GO:0005737;GO:0006796
FGSG_05321,21,0.4928907783806905,9.248172662687445,FGSG_00330;FGSG_00743;FGSG_01422;FGSG_02271;FGSG_02272;FGSG_02461;FGSG_03061;FGSG_03546;FGSG_03548;FGSG_03894;FGSG_03992;FGSG_04458;FGSG_04590;FGSG_05610;FGSG_07075;FGSG_08712;FGSG_09012;FGSG_09456;FGSG_09834;FGSG_10347;FGSG_13136,1,fatty acid synthase subunit alpha reductase,GO:0000287;GO:0004315;GO:0004316;GO:0005739;GO:0005835;GO:0008897;GO:0055114;GO:1900535
FGSG_07592,21,0.46763441402403744,9.241855122745728,FGSG_00330;FGSG_00743;FGSG_01422;FGSG_02271;FGSG_02272;FGSG_02461;FGSG_03061;FGSG_03546;FGSG_03548;FGSG_03894;FGSG_03992;FGSG_04458;FGSG_04590;FGSG_05610;FGSG_07075;FGSG_08601;FGSG_08712;FGSG_09012;FGSG_09456;FGSG_09834;FGSG_10347,1,uncharacterized protein,GO:0008080
FGSG_05221,21,0.46563950728180514,9.220202513336142,FGSG_00330;FGSG_00743;FGSG_01422;FGSG_02272;FGSG_02461;FGSG_03061;FGSG_03546;FGSG_03548;FGSG_03894;FGSG_03992;FGSG_04458;FGSG_04589;FGSG_04590;FGSG_04591;FGSG_05610;FGSG_08601;FGSG_08712;FGSG_09280;FGSG_09456;FGSG_09834;FGSG_10347,1,phosphoserine aminotransferase,GO:0004648;GO:0005829;GO:0006564;GO:0009113
FGSG_13398,21,0.46156660817188366,9.202696429629047,FGSG_00330;FGSG_00743;FGSG_01422;FGSG_02272;FGSG_02461;FGSG_03061;FGSG_03546;FGSG_03548;FGSG_03894;FGSG_03992;FGSG_04458;FGSG_04589;FGSG_04590;FGSG_05610;FGSG_08601;FGSG_08712;FGSG_08774;FGSG_09012;FGSG_09456;FGSG_09834;FGSG_10347,1,3-ketoacyl-CoA thiolase B,GO:0008152;GO:0016747
FGSG_13580,21,0.4681812938277963,9.200995153052759,FGSG_00330;FGSG_00743;FGSG_01422;FGSG_02272;FGSG_02461;FGSG_03061;FGSG_03546;FGSG_03548;FGSG_03894;FGSG_03992;FGSG_04458;FGSG_04589;FGSG_04590;FGSG_05610;FGSG_08601;FGSG_08712;FGSG_08774;FGSG_09012;FGSG_09456;FGSG_09834;FGSG_10347,1,uncharacterized protein,
FGSG_04053,21,0.4679282402006257,9.197000557386069,FGSG_00330;FGSG_00743;FGSG_01422;FGSG_02272;FGSG_02461;FGSG_03061;FGSG_03546;FGSG_03548;FGSG_03894;FGSG_03992;FGSG_04458;FGSG_04589;FGSG_04590;FGSG_05610;FGSG_08601;FGSG_08712;FGSG_09012;FGSG_09456;FGSG_09834;FGSG_10347;FGSG_12180,1,uncharacterized protein,GO:0004674;GO:0005524;GO:0018105;GO:0045292;GO:0070317
FGSG_05327,21,0.4855458555222948,9.188463718977255,FGSG_00330;FGSG_00743;FGSG_01422;FGSG_02272;FGSG_02461;FGSG_03061;FGSG_03546;FGSG_03548;FGSG_03894;FGSG_04458;FGSG_04589;FGSG_04590;FGSG_05610;FGSG_08601;FGSG_08712;FGSG_08774;FGSG_09012;FGSG_09456;FGSG_09834;FGSG_10347;FGSG_12180,1,NAM9 protein,GO:0003735;GO:0005763;GO:0019843;GO:0032543
FGSG_09330,21,0.48270067811840744,9.184299469741719,FGSG_00330;FGSG_00743;FGSG_01422;FGSG_02272;FGSG_02461;FGSG_03061;FGSG_03546;FGSG_03548;FGSG_03894;FGSG_04458;FGSG_04589;FGSG_04590;FGSG_05610;FGSG_08601;FGSG_08712;FGSG_08774;FGSG_09012;FGSG_09456;FGSG_09834;FGSG_10347;FGSG_12180,1,uncharacterized protein,GO:0016021
FGSG_00108,21,0.4772479984448872,9.184027176963273,FGSG_00330;FGSG_01422;FGSG_02272;FGSG_03061;FGSG_03546;FGSG_03547;FGSG_03548;FGSG_03894;FGSG_03992;FGSG_04458;FGSG_04589;FGSG_04590;FGSG_04591;FGSG_05610;FGSG_08601;FGSG_08712;FGSG_09012;FGSG_09280;FGSG_09456;FGSG_09834;FGSG_10347,1,uncharacterized protein,GO:0016021;GO:0055085
FGSG_04067,21,0.49336500997213567,9.165447837244445,FGSG_00330;FGSG_00743;FGSG_01422;FGSG_02272;FGSG_02461;FGSG_03061;FGSG_03546;FGSG_03548;FGSG_03894;FGSG_04458;FGSG_04589;FGSG_04590;FGSG_05610;FGSG_08601;FGSG_08712;FGSG_08774;FGSG_09012;FGSG_09456;FGSG_09834;FGSG_10347;FGSG_12180,1,uncharacterized protein,GO:0005840
FGSG_09333,21,0.4656006880203428,9.154844284199026,FGSG_00330;FGSG_00743;FGSG_01422;FGSG_02272;FGSG_02461;FGSG_03061;FGSG_03546;FGSG_03548;FGSG_03894;FGSG_03992;FGSG_04458;FGSG_04589;FGSG_04590;FGSG_05610;FGSG_08601;FGSG_08712;FGSG_09012;FGSG_09456;FGSG_09834;FGSG_10347;FGSG_12180,1,RDR1 protein,GO:0000981;GO:0003677;GO:0005634;GO:0006351;GO:0006357;GO:0008270;GO:0009410
FGSG_06180,21,0.48465947655798436,9.154706060579294,FGSG_00330;FGSG_00743;FGSG_01422;FGSG_02271;FGSG_02272;FGSG_02461;FGSG_03061;FGSG_03546;FGSG_03548;FGSG_03894;FGSG_03992;FGSG_04458;FGSG_04590;FGSG_05610;FGSG_07075;FGSG_08601;FGSG_08712;FGSG_09012;FGSG_09456;FGSG_09834;FGSG_10347,1,uncharacterized protein,
FGSG_04886,21,0.4947654839452862,9.143299217016711,FGSG_00743;FGSG_01422;FGSG_02030;FGSG_02271;FGSG_02272;FGSG_02461;FGSG_03061;FGSG_03295;FGSG_03894;FGSG_04458;FGSG_04590;FGSG_05610;FGSG_07075;FGSG_07528;FGSG_08712;FGSG_08774;FGSG_09012;FGSG_09456;FGSG_09834;FGSG_10347;FGSG_13136,1,uncharacterized protein,GO:0004657;GO:0005739;GO:0010133;GO:0055114
FGSG_10239,21,0.4820738473028524,9.142005331401336,FGSG_00330;FGSG_00743;FGSG_01422;FGSG_02271;FGSG_02272;FGSG_02461;FGSG_03061;FGSG_03546;FGSG_03548;FGSG_03894;FGSG_03992;FGSG_04458;FGSG_04590;FGSG_05610;FGSG_07075;FGSG_07528;FGSG_08712;FGSG_09012;FGSG_09456;FGSG_09834;FGSG_10347,1,uncharacterized protein,GO:0004722;GO:0006470;GO:0046872
FGSG_04232,21,0.4733143762800857,9.141577642939861,FGSG_00330;FGSG_00743;FGSG_01422;FGSG_02272;FGSG_02461;FGSG_03061;FGSG_03546;FGSG_03548;FGSG_03894;FGSG_04458;FGSG_04589;FGSG_04590;FGSG_05610;FGSG_08601;FGSG_08712;FGSG_08774;FGSG_09012;FGSG_09456;FGSG_09834;FGSG_10347;FGSG_12180,1,UDP-glucose 6-dehydrogenase,GO:0000271;GO:0003979;GO:0051287;GO:0055114
FGSG_02966,21,0.4884695696125668,9.138587626191512,FGSG_00743;FGSG_01422;FGSG_02030;FGSG_02271;FGSG_02272;FGSG_02461;FGSG_02782;FGSG_03061;FGSG_03295;FGSG_03894;FGSG_04309;FGSG_04590;FGSG_05610;FGSG_07075;FGSG_07528;FGSG_08712;FGSG_08774;FGSG_09012;FGSG_09456;FGSG_09834;FGSG_13136,1,uncharacterized protein,GO:0016021;GO:0055085
FGSG_08851,21,0.46631405564146955,9.137643877559034,FGSG_00330;FGSG_01422;FGSG_02271;FGSG_02272;FGSG_02461;FGSG_03061;FGSG_03295;FGSG_03546;FGSG_03548;FGSG_03894;FGSG_03992;FGSG_04458;FGSG_04590;FGSG_05610;FGSG_07075;FGSG_07528;FGSG_08601;FGSG_08712;FGSG_09456;FGSG_09834;FGSG_10347,1,2-methylcitrate dehydratase,GO:0019629;GO:0047547;GO:0051537
FGSG_08586,21,0.4710091103150751,9.13671806322672,FGSG_00330;FGSG_00743;FGSG_01422;FGSG_02272;FGSG_02461;FGSG_03061;FGSG_03546;FGSG_03548;FGSG_03894;FGSG_03992;FGSG_04458;FGSG_04590;FGSG_05610;FGSG_07075;FGSG_08601;FGSG_08712;FGSG_08774;FGSG_09012;FGSG_09456;FGSG_09834;FGSG_10347,1,uncharacterized protein,GO:0005829
FGSG_10200,21,0.48050220888808753,9.125948746652671,FGSG_00330;FGSG_00743;FGSG_01422;FGSG_02272;FGSG_03061;FGSG_03546;FGSG_03547;FGSG_03548;FGSG_03894;FGSG_03992;FGSG_04458;FGSG_04589;FGSG_04590;FGSG_04591;FGSG_05610;FGSG_08601;FGSG_08712;FGSG_09280;FGSG_09456;FGSG_09834;FGSG_10347,1,S-(hydroxymethyl)glutathione dehydrogenase,GO:0000703;GO:0000947;GO:0003677;GO:0004022;GO:0005634;GO:0005739;GO:0005829;GO:0006069;GO:0006285;GO:0008270;GO:0033833;GO:0033859;GO:0046294;GO:0051539;GO:0051903
FGSG_06196,21,0.46836454543462935,9.09359954792181,FGSG_00330;FGSG_00743;FGSG_01422;FGSG_02272;FGSG_02461;FGSG_03061;FGSG_03546;FGSG_03548;FGSG_03894;FGSG_04458;FGSG_04589;FGSG_04590;FGSG_05610;FGSG_08601;FGSG_08712;FGSG_08774;FGSG_09012;FGSG_09456;FGSG_09834;FGSG_10347;FGSG_12180,1,uncharacterized protein,
FGSG_04125,21,0.49144849770081406,9.082212443353658,FGSG_00743;FGSG_00765;FGSG_01422;FGSG_01621;FGSG_02030;FGSG_02272;FGSG_02461;FGSG_03061;FGSG_03747;FGSG_03894;FGSG_04588;FGSG_04593;FGSG_05368;FGSG_05610;FGSG_08493;FGSG_08774;FGSG_09012;FGSG_10922;FGSG_11206;FGSG_12180;FGSG_13136,1,60S ribosomal protein L23,GO:0003735;GO:0005762;GO:0032543
FGSG_06701,21,0.4957864275231517,9.082074504040513,FGSG_00743;FGSG_00765;FGSG_01422;FGSG_02030;FGSG_02271;FGSG_02272;FGSG_02461;FGSG_03061;FGSG_03894;FGSG_04458;FGSG_04589;FGSG_04590;FGSG_04593;FGSG_05610;FGSG_08712;FGSG_08774;FGSG_09012;FGSG_10347;FGSG_11206;FGSG_12180;FGSG_13136,1,uncharacterized protein,GO:0003676
FGSG_13726,21,0.4838604512383367,9.080941615054032,FGSG_00743;FGSG_01422;FGSG_02271;FGSG_02272;FGSG_02461;FGSG_02782;FGSG_03061;FGSG_03295;FGSG_03894;FGSG_04458;FGSG_04590;FGSG_05610;FGSG_07075;FGSG_07528;FGSG_08712;FGSG_08774;FGSG_09012;FGSG_09456;FGSG_09834;FGSG_10347;FGSG_13136,1,uncharacterized protein,GO:0005829;GO:0006595;GO:0016740
FGSG_10884,21,0.4724366833122894,9.070567910275392,FGSG_00043;FGSG_00044;FGSG_00047;FGSG_00048;FGSG_00330;FGSG_01422;FGSG_01947;FGSG_02272;FGSG_03061;FGSG_03546;FGSG_03547;FGSG_03548;FGSG_03992;FGSG_04458;FGSG_04590;FGSG_04591;FGSG_08601;FGSG_09280;FGSG_09456;FGSG_09834;FGSG_10347,1,uncharacterized protein,GO:0004674;GO:0006468
FGSG_13868,21,0.4682957158043724,9.069907139289366,FGSG_00330;FGSG_01422;FGSG_02271;FGSG_02272;FGSG_02461;FGSG_03061;FGSG_03295;FGSG_03546;FGSG_03548;FGSG_03894;FGSG_03992;FGSG_04458;FGSG_04590;FGSG_05610;FGSG_07075;FGSG_08601;FGSG_08712;FGSG_09280;FGSG_09456;FGSG_09834;FGSG_10347,1,uncharacterized protein,GO:0016021
FGSG_07300,21,0.46607180025148803,9.063281146955994,FGSG_00330;FGSG_01422;FGSG_02271;FGSG_02272;FGSG_02461;FGSG_03061;FGSG_03295;FGSG_03546;FGSG_03548;FGSG_03992;FGSG_04458;FGSG_04590;FGSG_05610;FGSG_07075;FGSG_07528;FGSG_08601;FGSG_08712;FGSG_09280;FGSG_09456;FGSG_09834;FGSG_10347,1,uncharacterized protein,
FGSG_09814,21,0.46641426676577274,9.06267858451159,FGSG_00330;FGSG_01422;FGSG_02271;FGSG_02272;FGSG_02461;FGSG_03061;FGSG_03295;FGSG_03546;FGSG_03548;FGSG_03992;FGSG_04458;FGSG_04590;FGSG_05610;FGSG_07075;FGSG_07528;FGSG_08601;FGSG_08712;FGSG_09280;FGSG_09456;FGSG_09834;FGSG_10347,1,uncharacterized protein,GO:0016021
FGSG_02697,21,0.4988254528110817,9.053850330956585,FGSG_00743;FGSG_00765;FGSG_01422;FGSG_02030;FGSG_02272;FGSG_02461;FGSG_02972;FGSG_03061;FGSG_03747;FGSG_03894;FGSG_04589;FGSG_04593;FGSG_05368;FGSG_05610;FGSG_08493;FGSG_08712;FGSG_08774;FGSG_09012;FGSG_10922;FGSG_12180;FGSG_12223,1,uncharacterized protein,GO:0016021
FGSG_11168,21,0.4738265709956794,9.052555837113502,FGSG_00330;FGSG_00743;FGSG_01422;FGSG_02272;FGSG_03061;FGSG_03546;FGSG_03547;FGSG_03548;FGSG_03894;FGSG_03992;FGSG_04458;FGSG_04589;FGSG_04591;FGSG_05610;FGSG_08601;FGSG_08712;FGSG_09012;FGSG_09280;FGSG_09456;FGSG_09834;FGSG_10347,1,uncharacterized protein,
FGSG_05162,21,0.47334943689535613,9.051711244366947,FGSG_00330;FGSG_00743;FGSG_01422;FGSG_02272;FGSG_03061;FGSG_03546;FGSG_03547;FGSG_03548;FGSG_03894;FGSG_03992;FGSG_04458;FGSG_04589;FGSG_04590;FGSG_04591;FGSG_05610;FGSG_08601;FGSG_08712;FGSG_09280;FGSG_09456;FGSG_09834;FGSG_10347,1,uncharacterized protein,GO:0000329;GO:0000422;GO:0004724;GO:0005743;GO:0005758;GO:0005759;GO:0006470;GO:0016236;GO:0032872;GO:0043085;GO:0046872;GO:0061191;GO:1901098;GO:1903715
FGSG_11825,21,0.46881644840178077,9.049615887925103,FGSG_00330;FGSG_00743;FGSG_01422;FGSG_02272;FGSG_03061;FGSG_03546;FGSG_03547;FGSG_03548;FGSG_03894;FGSG_03992;FGSG_04458;FGSG_04589;FGSG_04590;FGSG_04591;FGSG_05610;FGSG_08601;FGSG_08712;FGSG_09280;FGSG_09456;FGSG_09834;FGSG_10347,1,uncharacterized protein,
FGSG_05713,21,0.4873851342874897,9.045538669343877,FGSG_00330;FGSG_00743;FGSG_01422;FGSG_02272;FGSG_02461;FGSG_03061;FGSG_03546;FGSG_03548;FGSG_03894;FGSG_04458;FGSG_04589;FGSG_04590;FGSG_05610;FGSG_08601;FGSG_08712;FGSG_08774;FGSG_09012;FGSG_09834;FGSG_10347;FGSG_10922;FGSG_12180,1,threonine synthase,GO:0004795;GO:0009088
FGSG_00996,21,0.46400284375763917,9.034912362840434,FGSG_00330;FGSG_00743;FGSG_01422;FGSG_02272;FGSG_03061;FGSG_03546;FGSG_03547;FGSG_03548;FGSG_03894;FGSG_03992;FGSG_04458;FGSG_04589;FGSG_04590;FGSG_04591;FGSG_05610;FGSG_08601;FGSG_08712;FGSG_09280;FGSG_09456;FGSG_09834;FGSG_10347,1,uncharacterized protein,GO:0000147;GO:0003779;GO:0005634;GO:0005829;GO:0030479;GO:0031097;GO:0035840;GO:0045010;GO:0051127
FGSG_12150,21,0.4793758372840754,9.033055840545963,FGSG_00330;FGSG_00743;FGSG_01422;FGSG_02272;FGSG_02461;FGSG_03061;FGSG_03546;FGSG_03548;FGSG_03894;FGSG_04458;FGSG_04589;FGSG_04590;FGSG_05610;FGSG_08601;FGSG_08712;FGSG_08774;FGSG_09012;FGSG_09456;FGSG_09834;FGSG_10347;FGSG_12180,1,uncharacterized protein,
FGSG_07590,21,0.47202837384675206,9.032277882335274,FGSG_00330;FGSG_00743;FGSG_01422;FGSG_02272;FGSG_02461;FGSG_02554;FGSG_03061;FGSG_03340;FGSG_03546;FGSG_03548;FGSG_03894;FGSG_04458;FGSG_04589;FGSG_05610;FGSG_08601;FGSG_08712;FGSG_08774;FGSG_09012;FGSG_09834;FGSG_10347;FGSG_12180,1,uncharacterized protein,GO:0051213;GO:0055114
FGSG_05656,21,0.4968583030652744,9.024043083494846,FGSG_00743;FGSG_00765;FGSG_01422;FGSG_02030;FGSG_02272;FGSG_02461;FGSG_03061;FGSG_03894;FGSG_04588;FGSG_04589;FGSG_04590;FGSG_04593;FGSG_05368;FGSG_05610;FGSG_08712;FGSG_08774;FGSG_09012;FGSG_10922;FGSG_11206;FGSG_12180;FGSG_13136,1,uncharacterized protein,GO:0005789;GO:0006612;GO:0008565;GO:0009408;GO:0016021;GO:0045047
FGSG_05928,21,0.46188288374607667,9.016432169710374,FGSG_00330;FGSG_01422;FGSG_02271;FGSG_02272;FGSG_02461;FGSG_03061;FGSG_03295;FGSG_03546;FGSG_03548;FGSG_03894;FGSG_03992;FGSG_04458;FGSG_04590;FGSG_05610;FGSG_07075;FGSG_07528;FGSG_08712;FGSG_09012;FGSG_09456;FGSG_09834;FGSG_10347,1,uncharacterized protein,GO:0016021
FGSG_02805,21,0.472274950766667,9.011191755954165,FGSG_00743;FGSG_01422;FGSG_02271;FGSG_02272;FGSG_02461;FGSG_02782;FGSG_03061;FGSG_03295;FGSG_03548;FGSG_03894;FGSG_04458;FGSG_04590;FGSG_05610;FGSG_07075;FGSG_07528;FGSG_08712;FGSG_08774;FGSG_09012;FGSG_09456;FGSG_09834;FGSG_10347,1,uncharacterized protein,GO:0000981;GO:0005634;GO:0006357;GO:0008270
FGSG_08188,21,0.45223762190015265,9.007994037916978,FGSG_01866;FGSG_02077;FGSG_02320;FGSG_02321;FGSG_02323;FGSG_02324;FGSG_02325;FGSG_02326;FGSG_02327;FGSG_02328;FGSG_02329;FGSG_02903;FGSG_03574;FGSG_03881;FGSG_08083;FGSG_08795;FGSG_09187;FGSG_10670;FGSG_11326;FGSG_12211;FGSG_13952,2,uncharacterized protein,GO:0000166;GO:0005507;GO:0016021;GO:0019829;GO:0030001;GO:0098655
FGSG_04159,21,0.4645462088001984,8.987843687205096,FGSG_00330;FGSG_00743;FGSG_01422;FGSG_02272;FGSG_03061;FGSG_03546;FGSG_03547;FGSG_03548;FGSG_03894;FGSG_03992;FGSG_04458;FGSG_04589;FGSG_04591;FGSG_05610;FGSG_08601;FGSG_08712;FGSG_09012;FGSG_09280;FGSG_09456;FGSG_09834;FGSG_10347,1,uncharacterized protein,GO:0016021
FGSG_03589,21,0.46310883361257577,8.967230862494011,FGSG_00007;FGSG_01866;FGSG_02321;FGSG_02323;FGSG_02324;FGSG_02325;FGSG_02326;FGSG_02327;FGSG_02328;FGSG_02329;FGSG_03539;FGSG_03541;FGSG_03600;FGSG_03842;FGSG_03881;FGSG_08081;FGSG_08082;FGSG_08083;FGSG_09187;FGSG_11326;FGSG_13952,2,uncharacterized protein,GO:0008152;GO:0016021;GO:0016874
FGSG_11073,21,0.4599202713258968,8.953630896775241,FGSG_00007;FGSG_01866;FGSG_02255;FGSG_02320;FGSG_02321;FGSG_02323;FGSG_02324;FGSG_02325;FGSG_02326;FGSG_02327;FGSG_02328;FGSG_02329;FGSG_02903;FGSG_03842;FGSG_03881;FGSG_08083;FGSG_08795;FGSG_09187;FGSG_10670;FGSG_11326;FGSG_13952,2,uncharacterized protein,GO:0004177;GO:0006508
FGSG_05087,21,0.467891969319156,8.951365800788018,FGSG_00330;FGSG_01422;FGSG_02271;FGSG_02272;FGSG_02461;FGSG_03061;FGSG_03295;FGSG_03546;FGSG_03548;FGSG_03992;FGSG_04458;FGSG_04590;FGSG_05610;FGSG_07075;FGSG_07528;FGSG_08601;FGSG_08712;FGSG_09280;FGSG_09456;FGSG_09834;FGSG_10347,1,acetyl-CoA acetyltransferase,GO:0008152;GO:0016747
FGSG_04941,21,0.46520017468451313,8.907428377021247,FGSG_00007;FGSG_01866;FGSG_02321;FGSG_02323;FGSG_02324;FGSG_02325;FGSG_02326;FGSG_02327;FGSG_02328;FGSG_02329;FGSG_03541;FGSG_03600;FGSG_03842;FGSG_03881;FGSG_08082;FGSG_08083;FGSG_08795;FGSG_09187;FGSG_10670;FGSG_11326;FGSG_13952,2,uncharacterized protein,GO:0016021;GO:0016491;GO:0055114
FGSG_06278,21,0.4622404804124193,8.906906116019083,FGSG_01866;FGSG_02321;FGSG_02323;FGSG_02324;FGSG_02325;FGSG_02326;FGSG_02327;FGSG_02328;FGSG_02329;FGSG_02840;FGSG_02903;FGSG_03600;FGSG_03842;FGSG_03881;FGSG_08082;FGSG_08083;FGSG_08795;FGSG_09187;FGSG_10670;FGSG_11326;FGSG_13952,2,glucoamylase precursor,GO:0000272;GO:0004339;GO:2001070
FGSG_01580,21,0.4628869804984643,8.902781530725917,FGSG_00007;FGSG_01866;FGSG_02321;FGSG_02324;FGSG_02325;FGSG_02326;FGSG_02327;FGSG_02328;FGSG_02329;FGSG_03539;FGSG_03541;FGSG_03600;FGSG_03842;FGSG_03881;FGSG_06039;FGSG_07896;FGSG_08081;FGSG_08082;FGSG_08083;FGSG_09187;FGSG_13952,2,uncharacterized protein,GO:0016021
FGSG_01868,21,0.44593703565133336,8.774531608324299,FGSG_00007;FGSG_01866;FGSG_02255;FGSG_02321;FGSG_02326;FGSG_02327;FGSG_02328;FGSG_02329;FGSG_03532;FGSG_03539;FGSG_03541;FGSG_03543;FGSG_03842;FGSG_03881;FGSG_08081;FGSG_08083;FGSG_08084;FGSG_09064;FGSG_09187;FGSG_11326;FGSG_13952,2,uncharacterized protein,GO:0004497;GO:0005506;GO:0016021;GO:0016705;GO:0020037;GO:0055114
FGSG_03799,20,0.49731071395762,8.825380861003925,FGSG_00743;FGSG_01422;FGSG_02030;FGSG_02271;FGSG_02272;FGSG_02461;FGSG_03061;FGSG_03894;FGSG_04458;FGSG_04590;FGSG_05610;FGSG_07075;FGSG_07528;FGSG_08712;FGSG_08774;FGSG_09012;FGSG_09456;FGSG_09834;FGSG_10347;FGSG_13136,1,general amino-acid permease GAP1,GO:0003333;GO:0015171;GO:0016021
FGSG_12999,20,0.4773393594133511,8.817117855522268,FGSG_00330;FGSG_00743;FGSG_01422;FGSG_02271;FGSG_02272;FGSG_02461;FGSG_03061;FGSG_03546;FGSG_03548;FGSG_03894;FGSG_03992;FGSG_04458;FGSG_04590;FGSG_05610;FGSG_07075;FGSG_08601;FGSG_08712;FGSG_09456;FGSG_09834;FGSG_10347,1,uncharacterized protein,
FGSG_00425,20,0.4550356348145543,8.766855715618757,FGSG_00330;FGSG_00743;FGSG_01422;FGSG_02272;FGSG_02461;FGSG_03061;FGSG_03546;FGSG_03548;FGSG_03894;FGSG_03992;FGSG_04458;FGSG_04589;FGSG_04590;FGSG_05610;FGSG_08601;FGSG_08712;FGSG_09012;FGSG_09456;FGSG_09834;FGSG_10347,1,uncharacterized protein,GO:0006457;GO:0007021
FGSG_08681,20,0.4658916547152065,8.761346582832081,FGSG_00330;FGSG_00743;FGSG_01422;FGSG_02272;FGSG_02461;FGSG_03061;FGSG_03546;FGSG_03548;FGSG_03894;FGSG_03992;FGSG_04458;FGSG_04589;FGSG_04590;FGSG_05610;FGSG_08601;FGSG_08712;FGSG_09012;FGSG_09456;FGSG_09834;FGSG_10347,1,uncharacterized protein,
FGSG_06566,20,0.47939690648343236,8.741752249672642,FGSG_00330;FGSG_01422;FGSG_02272;FGSG_02461;FGSG_03061;FGSG_03295;FGSG_03546;FGSG_03547;FGSG_03548;FGSG_03992;FGSG_04458;FGSG_04590;FGSG_05610;FGSG_07075;FGSG_08601;FGSG_08712;FGSG_09280;FGSG_09456;FGSG_09834;FGSG_10347,1,succinate/fumarate transporter,GO:0005469;GO:0015741;GO:0016021;GO:0071422
FGSG_10991,20,0.4754371677995601,8.741522611303461,FGSG_00330;FGSG_00743;FGSG_01422;FGSG_02272;FGSG_02461;FGSG_03061;FGSG_03546;FGSG_03548;FGSG_03894;FGSG_04458;FGSG_04589;FGSG_04590;FGSG_05610;FGSG_08601;FGSG_08712;FGSG_08774;FGSG_09012;FGSG_09456;FGSG_09834;FGSG_10347,1,uncharacterized protein,GO:0004497;GO:0005506;GO:0016021;GO:0016705;GO:0020037;GO:0055114
FGSG_03989,20,0.4544871584118697,8.740520223359695,FGSG_00330;FGSG_00743;FGSG_01422;FGSG_02272;FGSG_02461;FGSG_03061;FGSG_03546;FGSG_03548;FGSG_03894;FGSG_03992;FGSG_04458;FGSG_04589;FGSG_04590;FGSG_05610;FGSG_08601;FGSG_08712;FGSG_09012;FGSG_09456;FGSG_09834;FGSG_10347,1,uncharacterized protein,GO:0008152;GO:0016787
FGSG_05264,20,0.4815415372866395,8.733803449325109,FGSG_00743;FGSG_01422;FGSG_02271;FGSG_02272;FGSG_02461;FGSG_03061;FGSG_03546;FGSG_03548;FGSG_03894;FGSG_04458;FGSG_04590;FGSG_05610;FGSG_07075;FGSG_08601;FGSG_08712;FGSG_08774;FGSG_09012;FGSG_09456;FGSG_09834;FGSG_10347,1,uncharacterized protein,GO:0003677
FGSG_00589,20,0.45930984553132936,8.728059314206192,FGSG_00330;FGSG_00743;FGSG_01422;FGSG_02272;FGSG_02461;FGSG_03061;FGSG_03546;FGSG_03548;FGSG_03894;FGSG_03992;FGSG_04458;FGSG_04589;FGSG_04590;FGSG_05610;FGSG_08601;FGSG_08712;FGSG_09012;FGSG_09456;FGSG_09834;FGSG_10347,1,ribulose-phosphate 3-epimerase,GO:0004750;GO:0005506;GO:0005975;GO:0006098;GO:0016706;GO:0031418;GO:0055114
FGSG_01354,20,0.4816775461967869,8.727689827637507,FGSG_00330;FGSG_00743;FGSG_01422;FGSG_02272;FGSG_02461;FGSG_03061;FGSG_03546;FGSG_03548;FGSG_03894;FGSG_04458;FGSG_04589;FGSG_04590;FGSG_05610;FGSG_08601;FGSG_08712;FGSG_08774;FGSG_09012;FGSG_09834;FGSG_10347;FGSG_12180,1,uncharacterized protein,GO:0004402;GO:0005829;GO:0006281;GO:0008270;GO:0016573;GO:0032777;GO:0035064;GO:1900404;GO:2000873
FGSG_02756,20,0.4626965925409863,8.725157033394295,FGSG_00330;FGSG_00743;FGSG_01422;FGSG_02272;FGSG_02461;FGSG_03061;FGSG_03546;FGSG_03548;FGSG_03894;FGSG_03992;FGSG_04458;FGSG_04590;FGSG_05610;FGSG_07075;FGSG_08601;FGSG_08712;FGSG_09012;FGSG_09456;FGSG_09834;FGSG_10347,1,uncharacterized protein,GO:0000329;GO:0005768;GO:0005829;GO:0006886;GO:0008565;GO:0030904;GO:0042147;GO:0045053
FGSG_06387,20,0.467594954883533,8.718204170229964,FGSG_00330;FGSG_01422;FGSG_02272;FGSG_02461;FGSG_03061;FGSG_03546;FGSG_03548;FGSG_03894;FGSG_03992;FGSG_04458;FGSG_04590;FGSG_05610;FGSG_07075;FGSG_08601;FGSG_08712;FGSG_09012;FGSG_09280;FGSG_09456;FGSG_09834;FGSG_10347,1,uncharacterized protein,GO:0004852;GO:0006783
FGSG_00050,20,0.4919090777090324,8.713021946839767,FGSG_00743;FGSG_01422;FGSG_02271;FGSG_02272;FGSG_02461;FGSG_03061;FGSG_03295;FGSG_03894;FGSG_04458;FGSG_04590;FGSG_05610;FGSG_07075;FGSG_07528;FGSG_08712;FGSG_08774;FGSG_09012;FGSG_09456;FGSG_09834;FGSG_10347;FGSG_13136,1,uncharacterized protein,GO:0008152;GO:0016787
FGSG_02274,20,0.4557301690062512,8.712035300745175,FGSG_00330;FGSG_00743;FGSG_01422;FGSG_02272;FGSG_02461;FGSG_03061;FGSG_03546;FGSG_03548;FGSG_03894;FGSG_03992;FGSG_04458;FGSG_04589;FGSG_04590;FGSG_05610;FGSG_08601;FGSG_08712;FGSG_09012;FGSG_09456;FGSG_09834;FGSG_10347,1,uncharacterized protein,GO:0016021
FGSG_09479,20,0.4707950185487007,8.708575003780172,FGSG_00330;FGSG_00743;FGSG_01422;FGSG_02272;FGSG_02461;FGSG_03061;FGSG_03546;FGSG_03548;FGSG_03894;FGSG_04458;FGSG_04589;FGSG_04590;FGSG_05610;FGSG_08601;FGSG_08712;FGSG_08774;FGSG_09012;FGSG_09456;FGSG_09834;FGSG_10347,1,uncharacterized protein,GO:0004672;GO:0005524;GO:0006468
FGSG_00380,20,0.4647718770986325,8.696177402422437,FGSG_00330;FGSG_00743;FGSG_01422;FGSG_02272;FGSG_02461;FGSG_03061;FGSG_03546;FGSG_03548;FGSG_03894;FGSG_03992;FGSG_04458;FGSG_04589;FGSG_04590;FGSG_05610;FGSG_08601;FGSG_08712;FGSG_09012;FGSG_09834;FGSG_10347;FGSG_12180,1,uncharacterized protein,GO:0005741;GO:0006511;GO:0016021;GO:0016579;GO:0036459
FGSG_00665,20,0.47180106913812403,8.690618359480924,FGSG_00330;FGSG_00743;FGSG_01422;FGSG_02272;FGSG_02461;FGSG_03061;FGSG_03546;FGSG_03548;FGSG_03894;FGSG_04458;FGSG_04589;FGSG_04590;FGSG_05610;FGSG_08601;FGSG_08712;FGSG_08774;FGSG_09012;FGSG_09834;FGSG_10347;FGSG_12180,1,uncharacterized protein,GO:0002943;GO:0005634;GO:0005737;GO:0017150;GO:0046872;GO:0050660;GO:0055114
FGSG_00723,20,0.48076543353372575,8.68570164621601,FGSG_00330;FGSG_00743;FGSG_01422;FGSG_02271;FGSG_02272;FGSG_02461;FGSG_03061;FGSG_03546;FGSG_03548;FGSG_03894;FGSG_03992;FGSG_04458;FGSG_04590;FGSG_05610;FGSG_07075;FGSG_08712;FGSG_09012;FGSG_09456;FGSG_09834;FGSG_10347,1,uncharacterized protein,GO:0016021
FGSG_07862,20,0.48038474940170506,8.685634222363149,FGSG_00743;FGSG_01422;FGSG_02271;FGSG_02272;FGSG_02461;FGSG_02782;FGSG_03061;FGSG_03295;FGSG_03894;FGSG_04458;FGSG_04590;FGSG_05610;FGSG_05843;FGSG_07075;FGSG_07528;FGSG_08712;FGSG_09012;FGSG_09456;FGSG_09834;FGSG_10347,1,uncharacterized protein,GO:0008080
FGSG_06438,20,0.4885250622943259,8.671233088144666,FGSG_00330;FGSG_00743;FGSG_01422;FGSG_02272;FGSG_02461;FGSG_03061;FGSG_03546;FGSG_03548;FGSG_03894;FGSG_04458;FGSG_04589;FGSG_04590;FGSG_05610;FGSG_08601;FGSG_08712;FGSG_08774;FGSG_09012;FGSG_09834;FGSG_10347;FGSG_12180,1,uncharacterized protein,GO:0016614;GO:0050660;GO:0055114
FGSG_10857,20,0.47646225837241696,8.668614157162617,FGSG_00330;FGSG_00743;FGSG_01422;FGSG_02272;FGSG_02461;FGSG_03061;FGSG_03546;FGSG_03548;FGSG_03894;FGSG_04458;FGSG_04589;FGSG_04590;FGSG_05610;FGSG_08601;FGSG_08712;FGSG_08774;FGSG_09012;FGSG_09834;FGSG_10347;FGSG_12180,1,uncharacterized protein,GO:0016787
FGSG_00720,20,0.47758876740892436,8.667827811362997,FGSG_00330;FGSG_01422;FGSG_02271;FGSG_02272;FGSG_02461;FGSG_03061;FGSG_03295;FGSG_03548;FGSG_03894;FGSG_03992;FGSG_04458;FGSG_04590;FGSG_05610;FGSG_07075;FGSG_07528;FGSG_08712;FGSG_09012;FGSG_09456;FGSG_09834;FGSG_10347,1,uncharacterized protein,
FGSG_00249,20,0.46994056179867144,8.667484274503769,FGSG_00330;FGSG_00743;FGSG_01422;FGSG_02272;FGSG_02461;FGSG_03061;FGSG_03546;FGSG_03548;FGSG_03894;FGSG_04458;FGSG_04589;FGSG_04590;FGSG_05610;FGSG_08601;FGSG_08712;FGSG_08774;FGSG_09012;FGSG_09456;FGSG_09834;FGSG_10347,1,uncharacterized protein,GO:0008270;GO:0016491;GO:0055114
FGSG_06770,20,0.4759841114538153,8.664995617468984,FGSG_00330;FGSG_00743;FGSG_01422;FGSG_02272;FGSG_02461;FGSG_03061;FGSG_03546;FGSG_03548;FGSG_03894;FGSG_04458;FGSG_04589;FGSG_05610;FGSG_08601;FGSG_08712;FGSG_08774;FGSG_09012;FGSG_09456;FGSG_09834;FGSG_10347;FGSG_12180,1,uncharacterized protein,GO:0006457;GO:0030176;GO:0031072;GO:0046872;GO:0051082;GO:2001256
FGSG_09830,20,0.46957221898338497,8.661627203266667,FGSG_00330;FGSG_00743;FGSG_01422;FGSG_02272;FGSG_02461;FGSG_03061;FGSG_03546;FGSG_03548;FGSG_03894;FGSG_04458;FGSG_04589;FGSG_05610;FGSG_08601;FGSG_08712;FGSG_08774;FGSG_09012;FGSG_09456;FGSG_09834;FGSG_10347;FGSG_12180,1,C-4 methylsterol oxidase,GO:0000254;GO:0005506;GO:0005789;GO:0005886;GO:0006633;GO:0006696;GO:0016021;GO:0055114
FGSG_01814,20,0.4694015679828285,8.660419488841534,FGSG_02321;FGSG_02323;FGSG_02324;FGSG_02325;FGSG_02326;FGSG_02327;FGSG_02328;FGSG_02329;FGSG_02840;FGSG_02903;FGSG_03599;FGSG_03842;FGSG_05919;FGSG_08083;FGSG_08795;FGSG_09187;FGSG_10670;FGSG_11184;FGSG_11326;FGSG_13952,2,uncharacterized protein,GO:0016021;GO:0055085
FGSG_02229,20,0.4595795662890244,8.655272941741108,FGSG_00330;FGSG_00743;FGSG_01422;FGSG_02272;FGSG_02461;FGSG_03061;FGSG_03546;FGSG_03548;FGSG_03894;FGSG_04458;FGSG_04589;FGSG_04590;FGSG_05610;FGSG_08601;FGSG_08712;FGSG_09012;FGSG_09456;FGSG_09834;FGSG_10347;FGSG_12180,1,uncharacterized protein,GO:0003333;GO:0015171;GO:0016021
FGSG_07924,20,0.4699191701180636,8.651219143184422,FGSG_00330;FGSG_00743;FGSG_01422;FGSG_02272;FGSG_02461;FGSG_03061;FGSG_03546;FGSG_03548;FGSG_03894;FGSG_04458;FGSG_04589;FGSG_04590;FGSG_05610;FGSG_08601;FGSG_08712;FGSG_08774;FGSG_09012;FGSG_09456;FGSG_09834;FGSG_10347,1,uncharacterized protein,GO:0000981;GO:0005634;GO:0006357;GO:0008270
FGSG_05554,20,0.4812218227955044,8.650659579471222,FGSG_00743;FGSG_00765;FGSG_01422;FGSG_01621;FGSG_02030;FGSG_02271;FGSG_02272;FGSG_02461;FGSG_03061;FGSG_03894;FGSG_04309;FGSG_04588;FGSG_04590;FGSG_05368;FGSG_05610;FGSG_07075;FGSG_08774;FGSG_09012;FGSG_11206;FGSG_13136,1,4-aminobutyrate aminotransferase,GO:0003867;GO:0009448;GO:0030170
FGSG_11025,20,0.4650794230200635,8.63196443789506,FGSG_02321;FGSG_02323;FGSG_02324;FGSG_02325;FGSG_02326;FGSG_02327;FGSG_02328;FGSG_02329;FGSG_02840;FGSG_03539;FGSG_03541;FGSG_03599;FGSG_03600;FGSG_03842;FGSG_08082;FGSG_08083;FGSG_09187;FGSG_11184;FGSG_11326;FGSG_13952,2,uncharacterized protein,
FGSG_09140,20,0.45859143419178944,8.630260393709376,FGSG_00330;FGSG_00743;FGSG_01422;FGSG_02272;FGSG_02461;FGSG_03061;FGSG_03546;FGSG_03548;FGSG_03894;FGSG_03992;FGSG_04458;FGSG_04589;FGSG_04590;FGSG_05610;FGSG_08601;FGSG_08712;FGSG_09012;FGSG_09456;FGSG_09834;FGSG_10347,1,uncharacterized protein,GO:0008080;GO:0016884
FGSG_06246,20,0.49407813583267346,8.628550088580083,FGSG_00743;FGSG_01422;FGSG_02272;FGSG_02461;FGSG_02554;FGSG_02972;FGSG_03061;FGSG_03894;FGSG_04458;FGSG_04589;FGSG_04593;FGSG_05610;FGSG_08601;FGSG_08712;FGSG_08774;FGSG_09012;FGSG_10347;FGSG_10922;FGSG_12180;FGSG_12223,1,heat shock protein 60,GO:0003688;GO:0003697;GO:0003779;GO:0005524;GO:0005758;GO:0006458;GO:0016887;GO:0031966;GO:0042026;GO:0042645;GO:0045041;GO:0050821;GO:0051082;GO:0051087;GO:0051131;GO:0051604
FGSG_10728,20,0.4712613509380244,8.624808909116311,FGSG_00330;FGSG_00743;FGSG_01422;FGSG_02272;FGSG_03061;FGSG_03546;FGSG_03547;FGSG_03548;FGSG_03894;FGSG_03992;FGSG_04458;FGSG_04589;FGSG_04591;FGSG_05610;FGSG_08601;FGSG_08712;FGSG_09012;FGSG_09456;FGSG_09834;FGSG_10347,1,uncharacterized protein,GO:0004568;GO:0005975;GO:0006032;GO:0006508;GO:0007130;GO:0008047;GO:0010997;GO:0030476;GO:0043085;GO:0044778;GO:0045732;GO:0097027
FGSG_06056,20,0.46416388940039377,8.620498171647153,FGSG_00330;FGSG_00743;FGSG_01422;FGSG_02272;FGSG_03061;FGSG_03340;FGSG_03546;FGSG_03548;FGSG_03894;FGSG_03992;FGSG_04458;FGSG_04589;FGSG_05610;FGSG_08601;FGSG_08712;FGSG_09012;FGSG_09456;FGSG_09834;FGSG_10347;FGSG_12180,1,uncharacterized protein,GO:0001104;GO:0006357;GO:0016592
FGSG_12204,20,0.47115269130543064,8.612934125235073,FGSG_00330;FGSG_00743;FGSG_01422;FGSG_02271;FGSG_02272;FGSG_02461;FGSG_03061;FGSG_03546;FGSG_03548;FGSG_03894;FGSG_04458;FGSG_04590;FGSG_05610;FGSG_07075;FGSG_08601;FGSG_08712;FGSG_09012;FGSG_09456;FGSG_09834;FGSG_10347,1,uncharacterized protein,GO:0016021;GO:0055085
FGSG_04494,20,0.4568201083937841,8.604702547530627,FGSG_00330;FGSG_00743;FGSG_01422;FGSG_02272;FGSG_02461;FGSG_03061;FGSG_03546;FGSG_03548;FGSG_03894;FGSG_03992;FGSG_04458;FGSG_04590;FGSG_05610;FGSG_07075;FGSG_08601;FGSG_08712;FGSG_09012;FGSG_09456;FGSG_09834;FGSG_10347,1,uncharacterized protein,
FGSG_12973,20,0.4880609988623646,8.60467115755189,FGSG_00743;FGSG_00765;FGSG_01621;FGSG_02272;FGSG_02461;FGSG_02972;FGSG_03061;FGSG_03747;FGSG_03894;FGSG_04588;FGSG_05368;FGSG_05610;FGSG_08493;FGSG_08774;FGSG_09012;FGSG_10444;FGSG_10922;FGSG_11206;FGSG_12180;FGSG_13136,1,uncharacterized protein,GO:0003676;GO:0046872
FGSG_05170,20,0.4660879540851583,8.603568442352081,FGSG_00330;FGSG_00743;FGSG_01422;FGSG_02272;FGSG_02461;FGSG_03061;FGSG_03340;FGSG_03546;FGSG_03548;FGSG_03894;FGSG_04458;FGSG_04589;FGSG_05610;FGSG_08601;FGSG_08712;FGSG_08774;FGSG_09012;FGSG_09834;FGSG_10347;FGSG_12180,1,uncharacterized protein,
FGSG_02787,20,0.4630265718625649,8.603416068129507,FGSG_00330;FGSG_01422;FGSG_02272;FGSG_02461;FGSG_03061;FGSG_03546;FGSG_03548;FGSG_03894;FGSG_03992;FGSG_04458;FGSG_04590;FGSG_05610;FGSG_07075;FGSG_08601;FGSG_08712;FGSG_09012;FGSG_09280;FGSG_09456;FGSG_09834;FGSG_10347,1,uncharacterized protein,GO:0000981;GO:0003677;GO:0005634;GO:0006351;GO:0006357;GO:0008270;GO:0016021
FGSG_10119,20,0.4799907136602807,8.602324440229305,FGSG_00330;FGSG_00743;FGSG_01422;FGSG_02272;FGSG_02461;FGSG_03061;FGSG_03546;FGSG_03548;FGSG_03894;FGSG_04458;FGSG_04589;FGSG_04590;FGSG_05610;FGSG_08601;FGSG_08712;FGSG_08774;FGSG_09012;FGSG_09834;FGSG_10347;FGSG_12180,1,uncharacterized protein,
FGSG_09693,20,0.46447713864169465,8.594240330850438,FGSG_00330;FGSG_00743;FGSG_01422;FGSG_02272;FGSG_03061;FGSG_03546;FGSG_03547;FGSG_03548;FGSG_03894;FGSG_03992;FGSG_04458;FGSG_04589;FGSG_05610;FGSG_08601;FGSG_08712;FGSG_09012;FGSG_09456;FGSG_09834;FGSG_10347;FGSG_12180,1,uncharacterized protein,GO:0004930;GO:0007166;GO:0007186;GO:0016021
FGSG_02050,20,0.4706504810944625,8.582948854162325,FGSG_00330;FGSG_01422;FGSG_02271;FGSG_02272;FGSG_02461;FGSG_03061;FGSG_03295;FGSG_03546;FGSG_03548;FGSG_03992;FGSG_04458;FGSG_04590;FGSG_05610;FGSG_07075;FGSG_08601;FGSG_08712;FGSG_09280;FGSG_09456;FGSG_09834;FGSG_10347,1,uncharacterized protein,
FGSG_08907,20,0.45751210857694463,8.578225621682812,FGSG_00330;FGSG_01422;FGSG_02271;FGSG_02272;FGSG_02461;FGSG_03061;FGSG_03546;FGSG_03548;FGSG_03894;FGSG_03992;FGSG_04458;FGSG_04590;FGSG_05610;FGSG_07075;FGSG_08601;FGSG_08712;FGSG_09012;FGSG_09456;FGSG_09834;FGSG_10347,1,uncharacterized protein,
FGSG_00925,20,0.4586872604219464,8.57431538784505,FGSG_00330;FGSG_01422;FGSG_02271;FGSG_02272;FGSG_02461;FGSG_03061;FGSG_03546;FGSG_03548;FGSG_03894;FGSG_03992;FGSG_04458;FGSG_04590;FGSG_05610;FGSG_07075;FGSG_08601;FGSG_08712;FGSG_09012;FGSG_09456;FGSG_09834;FGSG_10347,1,uncharacterized protein,GO:0004180;GO:0006508;GO:0016021
FGSG_10433,20,0.4778250923374285,8.570691491215358,FGSG_00330;FGSG_00743;FGSG_01422;FGSG_02272;FGSG_02461;FGSG_03061;FGSG_03546;FGSG_03548;FGSG_03894;FGSG_04458;FGSG_04589;FGSG_05610;FGSG_08601;FGSG_08712;FGSG_08774;FGSG_09012;FGSG_09834;FGSG_10347;FGSG_10922;FGSG_12180,1,uncharacterized protein,GO:0004252;GO:0006508
FGSG_13640,20,0.4714904100247179,8.559894079526792,FGSG_00330;FGSG_00743;FGSG_01422;FGSG_02272;FGSG_03061;FGSG_03546;FGSG_03547;FGSG_03548;FGSG_03894;FGSG_03992;FGSG_04458;FGSG_04589;FGSG_04591;FGSG_05610;FGSG_08601;FGSG_08712;FGSG_09280;FGSG_09456;FGSG_09834;FGSG_10347,1,uncharacterized protein,GO:0005096;GO:0016021;GO:0035556;GO:0043547;GO:0055085;GO:0097042;GO:1990130;GO:2000785
FGSG_02342,20,0.4478069029336557,8.535122391019057,FGSG_01866;FGSG_02077;FGSG_02320;FGSG_02321;FGSG_02323;FGSG_02324;FGSG_02325;FGSG_02326;FGSG_02327;FGSG_02328;FGSG_02329;FGSG_02903;FGSG_03574;FGSG_03881;FGSG_08078;FGSG_08083;FGSG_08795;FGSG_10670;FGSG_11326;FGSG_12211,2,cutinase precursor,GO:0005576;GO:0008152;GO:0050525
FGSG_02899,20,0.46305798910175267,8.525941894344646,FGSG_00007;FGSG_01866;FGSG_02321;FGSG_02323;FGSG_02324;FGSG_02325;FGSG_02326;FGSG_02327;FGSG_02328;FGSG_02329;FGSG_03539;FGSG_03600;FGSG_03842;FGSG_08081;FGSG_08082;FGSG_08083;FGSG_08795;FGSG_09187;FGSG_11326;FGSG_13952,2,uncharacterized protein,
FGSG_04514,20,0.46519096028786977,8.523452898423221,FGSG_01866;FGSG_02255;FGSG_02320;FGSG_02321;FGSG_02323;FGSG_02324;FGSG_02325;FGSG_02326;FGSG_02327;FGSG_02328;FGSG_02329;FGSG_02903;FGSG_03842;FGSG_03881;FGSG_08083;FGSG_08795;FGSG_09187;FGSG_10670;FGSG_11326;FGSG_13952,2,uncharacterized protein,
FGSG_06216,20,0.46243640870277297,8.477065166334302,FGSG_00330;FGSG_01422;FGSG_02271;FGSG_02272;FGSG_02461;FGSG_03061;FGSG_03295;FGSG_03546;FGSG_03548;FGSG_03992;FGSG_04458;FGSG_04590;FGSG_05610;FGSG_07075;FGSG_08601;FGSG_08712;FGSG_09280;FGSG_09456;FGSG_09834;FGSG_10347,1,uncharacterized protein,
FGSG_06081,20,0.44794287635551866,8.472681843931067,FGSG_00007;FGSG_01866;FGSG_02326;FGSG_02327;FGSG_02328;FGSG_02329;FGSG_03532;FGSG_03535;FGSG_03539;FGSG_03541;FGSG_03543;FGSG_03881;FGSG_07896;FGSG_08077;FGSG_08079;FGSG_08081;FGSG_08083;FGSG_08084;FGSG_09064;FGSG_13952,2,uncharacterized protein,GO:0016021
FGSG_09984,20,0.45817435804684686,8.472475996640126,FGSG_00330;FGSG_01422;FGSG_02272;FGSG_03061;FGSG_03546;FGSG_03547;FGSG_03548;FGSG_03894;FGSG_03992;FGSG_04458;FGSG_04589;FGSG_04591;FGSG_05610;FGSG_08601;FGSG_08712;FGSG_09012;FGSG_09280;FGSG_09456;FGSG_09834;FGSG_10347,1,imidazole glycerol phosphate synthase hisHF,GO:0000105;GO:0000107;GO:0004359;GO:0005634;GO:0005829;GO:0016833
FGSG_02439,20,0.45926602455136983,8.451559898163486,FGSG_00330;FGSG_01422;FGSG_02271;FGSG_02272;FGSG_02461;FGSG_03061;FGSG_03295;FGSG_03546;FGSG_03548;FGSG_03992;FGSG_04458;FGSG_04590;FGSG_05610;FGSG_07075;FGSG_08601;FGSG_09012;FGSG_09280;FGSG_09456;FGSG_09834;FGSG_10347,1,uncharacterized protein,GO:0003333;GO:0005794;GO:0015171;GO:0015203;GO:0016021;GO:1902047
FGSG_11472,20,0.4362244814860651,8.32877989812851,FGSG_00007;FGSG_01866;FGSG_02320;FGSG_02321;FGSG_02326;FGSG_02327;FGSG_02328;FGSG_02329;FGSG_03532;FGSG_03543;FGSG_03881;FGSG_08078;FGSG_08081;FGSG_08083;FGSG_08084;FGSG_08795;FGSG_09064;FGSG_10670;FGSG_12211;FGSG_13952,2,uncharacterized protein,GO:0004252;GO:0005618;GO:0006508;GO:0016020
FGSG_02559,19,0.4956480467249493,8.371054659430671,FGSG_00743;FGSG_01422;FGSG_02272;FGSG_02461;FGSG_03061;FGSG_03548;FGSG_03894;FGSG_04458;FGSG_04589;FGSG_04590;FGSG_05610;FGSG_08601;FGSG_08712;FGSG_08774;FGSG_09012;FGSG_09456;FGSG_09834;FGSG_10347;FGSG_12180,1,uncharacterized protein,
FGSG_02237,19,0.4945407316841345,8.35518916395281,FGSG_00743;FGSG_01422;FGSG_02271;FGSG_02272;FGSG_02461;FGSG_03061;FGSG_03548;FGSG_03894;FGSG_04458;FGSG_04589;FGSG_04590;FGSG_05610;FGSG_08712;FGSG_08774;FGSG_09012;FGSG_09456;FGSG_09834;FGSG_10347;FGSG_13136,1,uncharacterized protein,GO:0000082;GO:0000086;GO:0004842;GO:0007126;GO:0016363;GO:0031146;GO:0042787;GO:0043130;GO:0043224;GO:0051301
FGSG_06060,19,0.474791298330982,8.328928616030684,FGSG_00330;FGSG_01422;FGSG_01947;FGSG_02272;FGSG_03061;FGSG_03546;FGSG_03547;FGSG_03548;FGSG_03992;FGSG_04458;FGSG_04590;FGSG_04591;FGSG_05610;FGSG_08601;FGSG_08712;FGSG_09280;FGSG_09456;FGSG_09834;FGSG_10347,1,uncharacterized protein,GO:0016021;GO:0016491;GO:0055114
FGSG_04937,19,0.48753462891854643,8.328370700844658,FGSG_00743;FGSG_01422;FGSG_02272;FGSG_02461;FGSG_03061;FGSG_03546;FGSG_03548;FGSG_03894;FGSG_04458;FGSG_04589;FGSG_04590;FGSG_05610;FGSG_08601;FGSG_08712;FGSG_08774;FGSG_09012;FGSG_09456;FGSG_09834;FGSG_10347,1,uncharacterized protein,
FGSG_11771,19,0.4935105199753338,8.315698620258988,FGSG_00743;FGSG_01422;FGSG_02272;FGSG_02461;FGSG_03061;FGSG_03548;FGSG_03894;FGSG_04458;FGSG_04589;FGSG_04590;FGSG_05610;FGSG_08601;FGSG_08712;FGSG_08774;FGSG_09012;FGSG_09456;FGSG_09834;FGSG_10347;FGSG_12180,1,uncharacterized protein,
FGSG_09269,19,0.48693922781077426,8.28457131892889,FGSG_00743;FGSG_00765;FGSG_02272;FGSG_02461;FGSG_02972;FGSG_03061;FGSG_03747;FGSG_03894;FGSG_04589;FGSG_04593;FGSG_05368;FGSG_05610;FGSG_08493;FGSG_08774;FGSG_09012;FGSG_10444;FGSG_10922;FGSG_12180;FGSG_12223,1,uncharacterized protein,GO:0016021
FGSG_11819,19,0.4708750523258792,8.25938571075999,FGSG_00330;FGSG_01422;FGSG_02272;FGSG_03061;FGSG_03546;FGSG_03547;FGSG_03548;FGSG_03992;FGSG_04458;FGSG_04590;FGSG_04591;FGSG_05610;FGSG_07075;FGSG_08601;FGSG_08712;FGSG_09280;FGSG_09456;FGSG_09834;FGSG_10347,1,uncharacterized protein,
FGSG_00335,19,0.4642610641921452,8.258560119629683,FGSG_00330;FGSG_00743;FGSG_01422;FGSG_02272;FGSG_02461;FGSG_03061;FGSG_03546;FGSG_03548;FGSG_03894;FGSG_04458;FGSG_04589;FGSG_04590;FGSG_05610;FGSG_08601;FGSG_08712;FGSG_09012;FGSG_09834;FGSG_10347;FGSG_12180,1,uncharacterized protein,GO:0000166;GO:0001068;GO:0005634;GO:0008143;GO:0030847;GO:0031124;GO:0031126;GO:0034472;GO:0035649;GO:0042780;GO:0071028;GO:0071034;GO:0071041
FGSG_10108,19,0.47827702185639065,8.25164565538751,FGSG_00330;FGSG_00743;FGSG_01422;FGSG_02271;FGSG_02272;FGSG_02461;FGSG_03061;FGSG_03546;FGSG_03548;FGSG_03894;FGSG_04458;FGSG_04590;FGSG_05610;FGSG_07075;FGSG_08712;FGSG_09012;FGSG_09456;FGSG_09834;FGSG_10347,1,uncharacterized protein,
FGSG_09480,19,0.47892186097108447,8.248853705064795,FGSG_00330;FGSG_00743;FGSG_01422;FGSG_02271;FGSG_02272;FGSG_02461;FGSG_03061;FGSG_03548;FGSG_03894;FGSG_03992;FGSG_04458;FGSG_04590;FGSG_05610;FGSG_07075;FGSG_08712;FGSG_09012;FGSG_09456;FGSG_09834;FGSG_10347,1,uncharacterized protein,
FGSG_09913,19,0.48578377217326796,8.244746612134481,FGSG_00330;FGSG_00743;FGSG_01422;FGSG_02272;FGSG_02461;FGSG_03061;FGSG_03546;FGSG_03548;FGSG_03894;FGSG_04458;FGSG_04589;FGSG_05610;FGSG_08601;FGSG_08712;FGSG_08774;FGSG_09012;FGSG_09834;FGSG_10347;FGSG_12180,1,uncharacterized protein,GO:0016021;GO:0055085
FGSG_10264,19,0.4938921421502476,8.23974201198304,FGSG_00743;FGSG_00765;FGSG_01621;FGSG_02030;FGSG_02272;FGSG_02461;FGSG_03061;FGSG_03747;FGSG_03894;FGSG_04588;FGSG_04593;FGSG_05368;FGSG_05610;FGSG_08493;FGSG_08774;FGSG_09012;FGSG_10922;FGSG_12180;FGSG_13136,1,glutamine synthetase,GO:0004356;GO:0005524;GO:0005737;GO:0006542
FGSG_05198,19,0.4718223870523874,8.237575036856938,FGSG_00330;FGSG_01422;FGSG_02272;FGSG_03061;FGSG_03546;FGSG_03547;FGSG_03548;FGSG_03992;FGSG_04458;FGSG_04590;FGSG_04591;FGSG_05610;FGSG_07075;FGSG_08601;FGSG_08712;FGSG_09280;FGSG_09456;FGSG_09834;FGSG_10347,1,NADH-quinone oxidoreductase chain 3,GO:0008137;GO:0009055;GO:0016020;GO:0042773;GO:0051536
FGSG_03749,19,0.48905584939025937,8.228918195348676,FGSG_00743;FGSG_00765;FGSG_02272;FGSG_02461;FGSG_02972;FGSG_03061;FGSG_03747;FGSG_03894;FGSG_04589;FGSG_04593;FGSG_05368;FGSG_05610;FGSG_08493;FGSG_08774;FGSG_09012;FGSG_10444;FGSG_10922;FGSG_12180;FGSG_12223,1,uncharacterized protein,GO:0016021
FGSG_02524,19,0.46626308644092807,8.227368297761664,FGSG_00330;FGSG_00743;FGSG_01422;FGSG_02272;FGSG_02461;FGSG_03061;FGSG_03546;FGSG_03548;FGSG_03894;FGSG_04458;FGSG_04590;FGSG_05610;FGSG_08601;FGSG_08712;FGSG_08774;FGSG_09012;FGSG_09456;FGSG_09834;FGSG_10347,1,uncharacterized protein,
FGSG_03789,19,0.45610396229987216,8.221773749931963,FGSG_00330;FGSG_00743;FGSG_01422;FGSG_02272;FGSG_02461;FGSG_03061;FGSG_03546;FGSG_03548;FGSG_03894;FGSG_03992;FGSG_04458;FGSG_04589;FGSG_04590;FGSG_05610;FGSG_08601;FGSG_08712;FGSG_09456;FGSG_09834;FGSG_10347,1,uncharacterized protein,
FGSG_00052,19,0.4724215198201437,8.20311845492304,FGSG_00330;FGSG_00743;FGSG_01422;FGSG_02272;FGSG_03061;FGSG_03546;FGSG_03547;FGSG_03548;FGSG_03894;FGSG_03992;FGSG_04458;FGSG_04589;FGSG_04590;FGSG_04591;FGSG_05610;FGSG_08601;FGSG_08712;FGSG_09834;FGSG_10347,1,uncharacterized protein,GO:0000981;GO:0003677;GO:0005634;GO:0006351;GO:0006357;GO:0008270
FGSG_02218,19,0.4674671622607109,8.199472165734695,FGSG_02321;FGSG_02323;FGSG_02324;FGSG_02325;FGSG_02326;FGSG_02327;FGSG_02328;FGSG_02329;FGSG_02840;FGSG_02903;FGSG_03599;FGSG_03600;FGSG_03842;FGSG_05919;FGSG_08083;FGSG_09187;FGSG_11184;FGSG_11326;FGSG_13952,2,uncharacterized protein,GO:0008152;GO:0016787
FGSG_08680,19,0.4688861828335964,8.199401332771721,FGSG_00330;FGSG_01422;FGSG_02271;FGSG_02272;FGSG_02461;FGSG_03061;FGSG_03295;FGSG_03548;FGSG_03894;FGSG_03992;FGSG_04458;FGSG_04590;FGSG_05610;FGSG_07075;FGSG_07528;FGSG_08712;FGSG_09456;FGSG_09834;FGSG_10347,1,uncharacterized protein,GO:0004594;GO:0005524;GO:0015937;GO:0016310
FGSG_00199,19,0.456702705545805,8.19809799569525,FGSG_01866;FGSG_02077;FGSG_02320;FGSG_02321;FGSG_02323;FGSG_02324;FGSG_02325;FGSG_02326;FGSG_02327;FGSG_02328;FGSG_02329;FGSG_02840;FGSG_02903;FGSG_03574;FGSG_05919;FGSG_08083;FGSG_08795;FGSG_10670;FGSG_11326,2,uncharacterized protein,
FGSG_07963,19,0.4738300746517233,8.19585746382748,FGSG_00330;FGSG_01422;FGSG_02271;FGSG_02272;FGSG_02461;FGSG_03061;FGSG_03546;FGSG_03548;FGSG_03894;FGSG_03992;FGSG_04458;FGSG_04590;FGSG_05610;FGSG_07075;FGSG_08712;FGSG_09012;FGSG_09456;FGSG_09834;FGSG_10347,1,uncharacterized protein,GO:0016021;GO:0055085
FGSG_07891,19,0.4901593868022352,8.178179371279137,FGSG_00743;FGSG_00765;FGSG_02272;FGSG_02461;FGSG_02972;FGSG_03061;FGSG_03747;FGSG_03894;FGSG_04589;FGSG_04593;FGSG_05610;FGSG_08493;FGSG_08712;FGSG_08774;FGSG_09012;FGSG_10444;FGSG_10922;FGSG_12180;FGSG_12223,1,uncharacterized protein,GO:0016021
FGSG_10803,19,0.4591018386272414,8.177743147091737,FGSG_00330;FGSG_00743;FGSG_01422;FGSG_02272;FGSG_03061;FGSG_03546;FGSG_03548;FGSG_03894;FGSG_03992;FGSG_04458;FGSG_04589;FGSG_05610;FGSG_08601;FGSG_08712;FGSG_09012;FGSG_09456;FGSG_09834;FGSG_10347;FGSG_12180,1,uncharacterized protein,
FGSG_00285,19,0.45895244091228066,8.165075908547696,FGSG_00330;FGSG_00743;FGSG_01422;FGSG_02272;FGSG_02554;FGSG_03061;FGSG_03340;FGSG_03546;FGSG_03548;FGSG_03894;FGSG_04458;FGSG_04589;FGSG_05610;FGSG_08601;FGSG_08712;FGSG_09012;FGSG_09834;FGSG_10347;FGSG_12180,1,uncharacterized protein,GO:0016021
FGSG_01425,19,0.45528481552977557,8.16306310236128,FGSG_00330;FGSG_00743;FGSG_01422;FGSG_02272;FGSG_02461;FGSG_03061;FGSG_03546;FGSG_03548;FGSG_03894;FGSG_04458;FGSG_04589;FGSG_05610;FGSG_08601;FGSG_08712;FGSG_08774;FGSG_09012;FGSG_09456;FGSG_09834;FGSG_10347,1,plasma membrane ATPase,GO:0005524;GO:0006754;GO:0008553;GO:0016021;GO:0046872;GO:1902600
FGSG_08375,19,0.4703595624392712,8.159825777279426,FGSG_02321;FGSG_02323;FGSG_02324;FGSG_02325;FGSG_02326;FGSG_02327;FGSG_02328;FGSG_02329;FGSG_02840;FGSG_02903;FGSG_03599;FGSG_03842;FGSG_05919;FGSG_08083;FGSG_09187;FGSG_10670;FGSG_11184;FGSG_11326;FGSG_13952,2,uncharacterized protein,GO:0000111;GO:0003684;GO:0005829;GO:0006289;GO:0006298;GO:0016021;GO:0043161;GO:0055085;GO:0072686
FGSG_12819,19,0.4469028629115073,8.15309767386653,FGSG_00330;FGSG_00743;FGSG_01422;FGSG_02272;FGSG_02461;FGSG_03061;FGSG_03546;FGSG_03548;FGSG_03894;FGSG_03992;FGSG_04458;FGSG_04590;FGSG_05610;FGSG_08601;FGSG_08712;FGSG_09012;FGSG_09456;FGSG_09834;FGSG_10347,1,uncharacterized protein,GO:0008080
FGSG_10655,19,0.4710546574137929,8.14879569449987,FGSG_00330;FGSG_01422;FGSG_02271;FGSG_02272;FGSG_03061;FGSG_03295;FGSG_03546;FGSG_03548;FGSG_03992;FGSG_04458;FGSG_04590;FGSG_05610;FGSG_07075;FGSG_08601;FGSG_08712;FGSG_09280;FGSG_09456;FGSG_09834;FGSG_10347,1,uncharacterized protein,GO:0016021;GO:0016491;GO:0055114
FGSG_00906,19,0.4548798530441685,8.141995807727513,FGSG_00330;FGSG_00743;FGSG_01422;FGSG_02272;FGSG_02461;FGSG_03061;FGSG_03546;FGSG_03548;FGSG_03894;FGSG_04458;FGSG_04589;FGSG_05610;FGSG_08601;FGSG_08712;FGSG_09012;FGSG_09456;FGSG_09834;FGSG_10347;FGSG_12180,1,alanyl-tRNA synthetase,GO:0003676;GO:0004813;GO:0005524;GO:0005739;GO:0008270;GO:0070143
FGSG_10846,19,0.4494691086715181,8.122331380422647,FGSG_00330;FGSG_00743;FGSG_01422;FGSG_02272;FGSG_02461;FGSG_03061;FGSG_03546;FGSG_03548;FGSG_03894;FGSG_03992;FGSG_04458;FGSG_04590;FGSG_05610;FGSG_07075;FGSG_08601;FGSG_09012;FGSG_09456;FGSG_09834;FGSG_10347,1,cytochrome c oxidase assembly protein COX11,GO:0005507;GO:0005743;GO:0005758;GO:0005761;GO:0006461;GO:0009060;GO:0016021
FGSG_06094,19,0.45225758644649894,8.0934581218229,FGSG_00330;FGSG_00743;FGSG_01422;FGSG_02272;FGSG_02461;FGSG_03061;FGSG_03546;FGSG_03548;FGSG_03894;FGSG_04458;FGSG_04589;FGSG_05610;FGSG_08601;FGSG_08712;FGSG_09012;FGSG_09456;FGSG_09834;FGSG_10347;FGSG_12180,1,uncharacterized protein,GO:0004042;GO:0004358;GO:0005759;GO:0006526;GO:0006592;GO:0031505
FGSG_03678,19,0.4622001885616157,8.086298857855297,FGSG_02320;FGSG_02321;FGSG_02323;FGSG_02324;FGSG_02325;FGSG_02326;FGSG_02327;FGSG_02328;FGSG_02329;FGSG_02840;FGSG_02903;FGSG_03842;FGSG_05919;FGSG_08083;FGSG_08795;FGSG_09187;FGSG_10670;FGSG_11326;FGSG_13952,2,uncharacterized protein,
FGSG_12341,19,0.46241698685485927,8.083223829409677,FGSG_00330;FGSG_00743;FGSG_01422;FGSG_02272;FGSG_03061;FGSG_03546;FGSG_03547;FGSG_03548;FGSG_03894;FGSG_03992;FGSG_04458;FGSG_04589;FGSG_04591;FGSG_05610;FGSG_08601;FGSG_08712;FGSG_09456;FGSG_09834;FGSG_10347,1,uncharacterized protein,GO:0003333;GO:0004497;GO:0005506;GO:0015171;GO:0016021;GO:0016705;GO:0020037;GO:0055114
FGSG_01703,19,0.4470071052009447,8.070729488940568,FGSG_00330;FGSG_00743;FGSG_01422;FGSG_02272;FGSG_02461;FGSG_03061;FGSG_03546;FGSG_03548;FGSG_03894;FGSG_03992;FGSG_04458;FGSG_04589;FGSG_04590;FGSG_05610;FGSG_08601;FGSG_08712;FGSG_09456;FGSG_09834;FGSG_10347,1,pH-response regulator protein palA/rim-20,GO:0001403;GO:0005634;GO:0005829;GO:0009268;GO:0016485;GO:0030435;GO:0032153;GO:0044732
FGSG_06096,19,0.45741306980651386,8.050342140411383,FGSG_00330;FGSG_01422;FGSG_02271;FGSG_02272;FGSG_02461;FGSG_03061;FGSG_03546;FGSG_03548;FGSG_03992;FGSG_04458;FGSG_04590;FGSG_05610;FGSG_07075;FGSG_08601;FGSG_08712;FGSG_09280;FGSG_09456;FGSG_09834;FGSG_10347,1,uncharacterized protein,GO:0003743;GO:0005085;GO:0005634;GO:0005829;GO:0005851;GO:0006413;GO:0006446;GO:0030234;GO:0032045;GO:0043547
FGSG_07688,19,0.4589996872989599,8.02345136077022,FGSG_01866;FGSG_02320;FGSG_02321;FGSG_02323;FGSG_02324;FGSG_02325;FGSG_02326;FGSG_02327;FGSG_02328;FGSG_02329;FGSG_02903;FGSG_03842;FGSG_03881;FGSG_08083;FGSG_08795;FGSG_09187;FGSG_10670;FGSG_11326;FGSG_13952,2,uncharacterized protein,
FGSG_07715,19,0.4448400064491751,8.016809252806118,FGSG_00330;FGSG_00743;FGSG_01422;FGSG_02272;FGSG_02461;FGSG_03061;FGSG_03546;FGSG_03548;FGSG_03894;FGSG_03992;FGSG_04458;FGSG_04590;FGSG_05610;FGSG_08601;FGSG_08712;FGSG_09012;FGSG_09456;FGSG_09834;FGSG_10347,1,uncharacterized protein,
FGSG_02220,19,0.4634492561896599,8.003375781694963,FGSG_00330;FGSG_00743;FGSG_01422;FGSG_02272;FGSG_03061;FGSG_03340;FGSG_03546;FGSG_03548;FGSG_03894;FGSG_04458;FGSG_04589;FGSG_05610;FGSG_08601;FGSG_08712;FGSG_08774;FGSG_09012;FGSG_10347;FGSG_10922;FGSG_12180,1,uncharacterized protein,GO:0016620;GO:0055114
FGSG_00790,19,0.4542018680515899,7.997466552929875,FGSG_00330;FGSG_01422;FGSG_02271;FGSG_02272;FGSG_02461;FGSG_03061;FGSG_03295;FGSG_03546;FGSG_03548;FGSG_03992;FGSG_04458;FGSG_04590;FGSG_05610;FGSG_07075;FGSG_07528;FGSG_08712;FGSG_09456;FGSG_09834;FGSG_10347,1,uncharacterized protein,
FGSG_01924,19,0.4588420313937965,7.992049731856752,FGSG_00330;FGSG_01422;FGSG_02271;FGSG_02272;FGSG_03061;FGSG_03295;FGSG_03546;FGSG_03548;FGSG_03992;FGSG_04458;FGSG_04590;FGSG_05610;FGSG_07075;FGSG_08601;FGSG_08712;FGSG_09280;FGSG_09456;FGSG_09834;FGSG_10347,1,uncharacterized protein,GO:0004092;GO:0005739;GO:0005777;GO:0009437
FGSG_01990,19,0.4475267677259173,7.98069307097877,FGSG_00007;FGSG_01866;FGSG_02321;FGSG_02323;FGSG_02324;FGSG_02325;FGSG_02326;FGSG_02327;FGSG_02328;FGSG_02329;FGSG_03532;FGSG_03881;FGSG_08081;FGSG_08083;FGSG_08795;FGSG_10670;FGSG_11326;FGSG_12211;FGSG_13952,2,uncharacterized protein,GO:0003333;GO:0015171;GO:0016021
FGSG_08348,19,0.4574058983212489,7.976947452224586,FGSG_00330;FGSG_01422;FGSG_02271;FGSG_02272;FGSG_02461;FGSG_03061;FGSG_03295;FGSG_03546;FGSG_03548;FGSG_03992;FGSG_04458;FGSG_04590;FGSG_05610;FGSG_07075;FGSG_08601;FGSG_09280;FGSG_09456;FGSG_09834;FGSG_10347,1,uncharacterized protein,GO:0006541;GO:0016740
FGSG_00198,19,0.43484275377347414,7.965409302787954,FGSG_00007;FGSG_01866;FGSG_02320;FGSG_02321;FGSG_02326;FGSG_02327;FGSG_02328;FGSG_02329;FGSG_03532;FGSG_03543;FGSG_03881;FGSG_08077;FGSG_08078;FGSG_08083;FGSG_08084;FGSG_09064;FGSG_10670;FGSG_11326;FGSG_12211,2,uncharacterized protein,
FGSG_08627,18,0.4891611480060606,7.986629154108436,FGSG_00743;FGSG_01422;FGSG_02271;FGSG_02272;FGSG_02461;FGSG_03061;FGSG_03548;FGSG_03894;FGSG_04458;FGSG_04590;FGSG_05610;FGSG_07075;FGSG_08712;FGSG_08774;FGSG_09012;FGSG_09456;FGSG_09834;FGSG_10347,1,riboflavin kinase,GO:0005743;GO:0008531;GO:0009231;GO:0009398;GO:0016310
FGSG_10868,18,0.49180270393882836,7.977545833165528,FGSG_00743;FGSG_01422;FGSG_02271;FGSG_02272;FGSG_02461;FGSG_03061;FGSG_03548;FGSG_03894;FGSG_04458;FGSG_04590;FGSG_05610;FGSG_07075;FGSG_08712;FGSG_08774;FGSG_09012;FGSG_09456;FGSG_09834;FGSG_10347,1,uncharacterized protein,GO:0000978;GO:0003700;GO:0005634;GO:0016458;GO:0045944;GO:0060257;GO:1900460;GO:1900462
FGSG_05507,18,0.4951719458313408,7.959232534600677,FGSG_00743;FGSG_01422;FGSG_02030;FGSG_02271;FGSG_02272;FGSG_02461;FGSG_03061;FGSG_03894;FGSG_04458;FGSG_04590;FGSG_05610;FGSG_08712;FGSG_08774;FGSG_09012;FGSG_09456;FGSG_09834;FGSG_10347;FGSG_13136,1,uncharacterized protein,GO:0004856;GO:0005737;GO:0005998;GO:0046835
FGSG_06674,18,0.49034158582510734,7.930890933890545,FGSG_00743;FGSG_01422;FGSG_02271;FGSG_02272;FGSG_02461;FGSG_03061;FGSG_03894;FGSG_04458;FGSG_04590;FGSG_05610;FGSG_07075;FGSG_08712;FGSG_08774;FGSG_09012;FGSG_09456;FGSG_09834;FGSG_10347;FGSG_13136,1,uncharacterized protein,GO:0000287;GO:0008270;GO:0016616;GO:0051287;GO:0055114
FGSG_13099,18,0.4814638333374185,7.9177059349057535,FGSG_00743;FGSG_01422;FGSG_02271;FGSG_02272;FGSG_02461;FGSG_03061;FGSG_03548;FGSG_03894;FGSG_04458;FGSG_04590;FGSG_05610;FGSG_07075;FGSG_08712;FGSG_08774;FGSG_09012;FGSG_09456;FGSG_09834;FGSG_10347,1,uncharacterized protein,GO:0005198;GO:0005967;GO:0006086;GO:0016746
FGSG_04107,18,0.48763255118749976,7.898773023241135,FGSG_00743;FGSG_01422;FGSG_02271;FGSG_02272;FGSG_02461;FGSG_03061;FGSG_03894;FGSG_04458;FGSG_04590;FGSG_05610;FGSG_07075;FGSG_07528;FGSG_08712;FGSG_09012;FGSG_09456;FGSG_09834;FGSG_10347;FGSG_13136,1,uncharacterized protein,GO:0000082;GO:0005634;GO:0005737;GO:0006405;GO:0006511;GO:0006606;GO:0008536
FGSG_03933,18,0.4921927265138087,7.893369724043856,FGSG_00743;FGSG_01422;FGSG_02271;FGSG_02272;FGSG_02461;FGSG_03061;FGSG_03894;FGSG_04458;FGSG_04590;FGSG_05610;FGSG_07075;FGSG_08712;FGSG_08774;FGSG_09012;FGSG_09456;FGSG_09834;FGSG_10347;FGSG_13136,1,uncharacterized protein,GO:0004061;GO:0019441
FGSG_01222,18,0.48717319710749235,7.883698293333117,FGSG_00743;FGSG_01422;FGSG_02271;FGSG_02272;FGSG_02461;FGSG_03061;FGSG_03548;FGSG_03894;FGSG_04458;FGSG_04590;FGSG_05610;FGSG_07075;FGSG_08712;FGSG_09012;FGSG_09456;FGSG_09834;FGSG_10347;FGSG_13136,1,uncharacterized protein,GO:0003824
FGSG_10109,18,0.4780665240256282,7.871128346347329,FGSG_00743;FGSG_01422;FGSG_02271;FGSG_02272;FGSG_02461;FGSG_03061;FGSG_03546;FGSG_03548;FGSG_03894;FGSG_04458;FGSG_04590;FGSG_05610;FGSG_07075;FGSG_08712;FGSG_09012;FGSG_09456;FGSG_09834;FGSG_10347,1,uncharacterized protein,GO:0008757;GO:0032259
FGSG_00294,18,0.4790730620526696,7.847590882017901,FGSG_00330;FGSG_01422;FGSG_02272;FGSG_03061;FGSG_03546;FGSG_03547;FGSG_03548;FGSG_03992;FGSG_04458;FGSG_04589;FGSG_04590;FGSG_04591;FGSG_08601;FGSG_08712;FGSG_09280;FGSG_09456;FGSG_09834;FGSG_10347,1,uncharacterized protein,GO:0016787
FGSG_02221,18,0.48197148132301343,7.842085201428888,FGSG_00743;FGSG_00765;FGSG_01422;FGSG_01621;FGSG_02030;FGSG_02271;FGSG_02272;FGSG_02461;FGSG_03061;FGSG_03894;FGSG_04309;FGSG_04588;FGSG_05368;FGSG_05610;FGSG_08774;FGSG_09012;FGSG_11206;FGSG_13136,1,uncharacterized protein,
FGSG_03737,18,0.48161086597421066,7.836116921601429,FGSG_00743;FGSG_01422;FGSG_02272;FGSG_02461;FGSG_03061;FGSG_03548;FGSG_03894;FGSG_04458;FGSG_04589;FGSG_04590;FGSG_05610;FGSG_08601;FGSG_08712;FGSG_08774;FGSG_09012;FGSG_09456;FGSG_09834;FGSG_10347,1,uncharacterized protein,GO:0016021;GO:0055085
FGSG_05156,18,0.45382970361187264,7.8309019112593035,FGSG_00330;FGSG_00743;FGSG_01422;FGSG_02272;FGSG_02461;FGSG_03061;FGSG_03546;FGSG_03548;FGSG_03894;FGSG_03992;FGSG_04458;FGSG_04589;FGSG_04590;FGSG_05610;FGSG_08601;FGSG_08712;FGSG_09834;FGSG_10347,1,orotidine 5'-phosphate decarboxylase,GO:0003677;GO:0004590;GO:0005634;GO:0005829;GO:0006207;GO:0006222;GO:0006351;GO:0008270
FGSG_01343,18,0.4809707553249026,7.822421740050585,FGSG_00743;FGSG_00765;FGSG_01422;FGSG_02030;FGSG_02271;FGSG_02272;FGSG_02461;FGSG_02782;FGSG_03061;FGSG_03894;FGSG_04309;FGSG_04590;FGSG_05610;FGSG_07075;FGSG_07528;FGSG_08774;FGSG_09012;FGSG_13136,1,uncharacterized protein,GO:0001731;GO:0003743;GO:0005852;GO:0006446;GO:0016282;GO:0033290
FGSG_04951,18,0.4878439988492622,7.808333109059328,FGSG_00743;FGSG_00765;FGSG_01422;FGSG_02030;FGSG_02271;FGSG_02272;FGSG_02461;FGSG_03061;FGSG_03894;FGSG_04588;FGSG_04590;FGSG_05368;FGSG_05610;FGSG_07075;FGSG_08712;FGSG_08774;FGSG_09012;FGSG_13136,1,uncharacterized protein,GO:0005634
FGSG_03688,18,0.46783248789033843,7.806160673946224,FGSG_00330;FGSG_01422;FGSG_02272;FGSG_03061;FGSG_03546;FGSG_03547;FGSG_03548;FGSG_03992;FGSG_04458;FGSG_04590;FGSG_05610;FGSG_07075;FGSG_08601;FGSG_08712;FGSG_09280;FGSG_09456;FGSG_09834;FGSG_10347,1,uncharacterized protein,GO:0016021
FGSG_13391,18,0.47771505123824515,7.803259196321566,FGSG_00743;FGSG_01422;FGSG_02271;FGSG_02272;FGSG_02461;FGSG_03061;FGSG_03548;FGSG_03894;FGSG_04458;FGSG_04590;FGSG_05610;FGSG_07075;FGSG_08712;FGSG_08774;FGSG_09012;FGSG_09456;FGSG_09834;FGSG_10347,1,uncharacterized protein,
FGSG_09098,18,0.46824860615034236,7.802173180169171,FGSG_02321;FGSG_02323;FGSG_02324;FGSG_02325;FGSG_02326;FGSG_02327;FGSG_02328;FGSG_02329;FGSG_02840;FGSG_02903;FGSG_03599;FGSG_03600;FGSG_03842;FGSG_05919;FGSG_08083;FGSG_11184;FGSG_11326;FGSG_13952,2,uncharacterized protein,GO:0016757
FGSG_02034,18,0.4858483953769044,7.79244519708528,FGSG_00743;FGSG_00765;FGSG_02272;FGSG_02461;FGSG_02972;FGSG_03061;FGSG_03747;FGSG_03894;FGSG_05368;FGSG_05610;FGSG_08493;FGSG_08774;FGSG_09012;FGSG_10444;FGSG_10922;FGSG_11206;FGSG_12180;FGSG_13136,1,alcohol dehydrogenase 1,GO:0008270;GO:0016491;GO:0055114
FGSG_10316,18,0.46714314291553544,7.786092880134798,FGSG_02321;FGSG_02323;FGSG_02324;FGSG_02325;FGSG_02326;FGSG_02327;FGSG_02328;FGSG_02329;FGSG_02840;FGSG_03599;FGSG_03600;FGSG_03842;FGSG_08082;FGSG_08083;FGSG_09187;FGSG_11184;FGSG_11326;FGSG_13952,2,uncharacterized protein,
FGSG_11670,18,0.4682811306624361,7.776008381334801,FGSG_00330;FGSG_01422;FGSG_02272;FGSG_03061;FGSG_03546;FGSG_03547;FGSG_03548;FGSG_03992;FGSG_04458;FGSG_04590;FGSG_04591;FGSG_05610;FGSG_07075;FGSG_08601;FGSG_09280;FGSG_09456;FGSG_09834;FGSG_10347,1,uncharacterized protein,GO:0005634;GO:0005829
FGSG_08519,18,0.4831640268924219,7.7704407545845,FGSG_00743;FGSG_01422;FGSG_02272;FGSG_02461;FGSG_03061;FGSG_03546;FGSG_03548;FGSG_03894;FGSG_04458;FGSG_04589;FGSG_05610;FGSG_08601;FGSG_08712;FGSG_08774;FGSG_09012;FGSG_09834;FGSG_10347;FGSG_12180,1,uncharacterized protein,GO:0005452;GO:0015698;GO:0016021
FGSG_00376,18,0.47800321988358746,7.76511852110121,FGSG_00743;FGSG_01422;FGSG_02271;FGSG_02272;FGSG_02461;FGSG_03061;FGSG_03548;FGSG_03894;FGSG_04458;FGSG_04590;FGSG_05610;FGSG_07075;FGSG_07528;FGSG_08712;FGSG_09012;FGSG_09456;FGSG_09834;FGSG_10347,1,NADH dehydrogenase iron-sulfur protein 2,GO:0016651;GO:0048038;GO:0051287;GO:0055114
FGSG_03692,18,0.4686272271477499,7.7634380617014696,FGSG_01422;FGSG_02271;FGSG_02272;FGSG_02461;FGSG_03061;FGSG_03295;FGSG_03548;FGSG_03894;FGSG_03992;FGSG_04458;FGSG_04590;FGSG_05610;FGSG_07075;FGSG_07528;FGSG_08712;FGSG_09456;FGSG_09834;FGSG_10347,1,uncharacterized protein,GO:0016021;GO:0016491;GO:0055114
FGSG_07211,18,0.4527956130149179,7.7509904579268,FGSG_00330;FGSG_00743;FGSG_01422;FGSG_02272;FGSG_02461;FGSG_03061;FGSG_03546;FGSG_03548;FGSG_03894;FGSG_04458;FGSG_04589;FGSG_05610;FGSG_08601;FGSG_08712;FGSG_09012;FGSG_09456;FGSG_09834;FGSG_10347,1,uncharacterized protein,
FGSG_00796,18,0.4520247578943154,7.7505256879822175,FGSG_00330;FGSG_00743;FGSG_01422;FGSG_02272;FGSG_02461;FGSG_03061;FGSG_03546;FGSG_03548;FGSG_03894;FGSG_04458;FGSG_04590;FGSG_05610;FGSG_08601;FGSG_08712;FGSG_09012;FGSG_09456;FGSG_09834;FGSG_10347,1,uncharacterized protein,GO:0003677;GO:0005634;GO:0006302;GO:0006310
FGSG_07720,18,0.47215385484816585,7.748222868603832,FGSG_00330;FGSG_00743;FGSG_01422;FGSG_02272;FGSG_03061;FGSG_03546;FGSG_03547;FGSG_03548;FGSG_03894;FGSG_03992;FGSG_04458;FGSG_04589;FGSG_04591;FGSG_05610;FGSG_08601;FGSG_08712;FGSG_09834;FGSG_10347,1,uncharacterized protein,GO:0005215;GO:0016021;GO:0055085
FGSG_13458,18,0.4677766701494835,7.743240965156232,FGSG_00330;FGSG_01422;FGSG_02272;FGSG_02461;FGSG_03061;FGSG_03546;FGSG_03547;FGSG_03548;FGSG_03992;FGSG_04458;FGSG_04590;FGSG_05610;FGSG_07075;FGSG_08601;FGSG_09280;FGSG_09456;FGSG_09834;FGSG_10347,1,uncharacterized protein,GO:0016810
FGSG_09805,18,0.4782751972723575,7.708782866290098,FGSG_00743;FGSG_01422;FGSG_02272;FGSG_02461;FGSG_03061;FGSG_03546;FGSG_03548;FGSG_03894;FGSG_04458;FGSG_04589;FGSG_05610;FGSG_08601;FGSG_08712;FGSG_08774;FGSG_09012;FGSG_09834;FGSG_10347;FGSG_12180,1,uncharacterized protein,GO:0004081;GO:0005829;GO:0006154;GO:0017111
FGSG_00261,18,0.46312694055050635,7.703798428698065,FGSG_00743;FGSG_01422;FGSG_02271;FGSG_02272;FGSG_02461;FGSG_03061;FGSG_03546;FGSG_03548;FGSG_03894;FGSG_04458;FGSG_04590;FGSG_05610;FGSG_07075;FGSG_08712;FGSG_09012;FGSG_09456;FGSG_09834;FGSG_10347,1,uncharacterized protein,GO:0034975;GO:0072546
FGSG_06268,18,0.4498830733866592,7.7010003591244205,FGSG_00330;FGSG_00743;FGSG_01422;FGSG_02272;FGSG_02461;FGSG_03061;FGSG_03546;FGSG_03548;FGSG_03894;FGSG_04458;FGSG_04589;FGSG_05610;FGSG_08601;FGSG_08774;FGSG_09012;FGSG_09456;FGSG_09834;FGSG_10347,1,cytochrome c oxidase polypeptide VIb,GO:0004129;GO:0005758;GO:1902600
FGSG_01397,18,0.4582288418950539,7.695568263782777,FGSG_00743;FGSG_01422;FGSG_02271;FGSG_02272;FGSG_02461;FGSG_03061;FGSG_03546;FGSG_03548;FGSG_03894;FGSG_04458;FGSG_04590;FGSG_05610;FGSG_07075;FGSG_08712;FGSG_09012;FGSG_09456;FGSG_09834;FGSG_10347,1,methionine aminopeptidase 1 precursor,GO:0006508;GO:0022626;GO:0046872;GO:0070006;GO:0070084
FGSG_08850,18,0.4956233199488614,7.691075177407464,FGSG_00743;FGSG_02272;FGSG_02461;FGSG_02972;FGSG_03061;FGSG_03894;FGSG_04458;FGSG_04589;FGSG_04593;FGSG_05368;FGSG_05610;FGSG_08493;FGSG_08774;FGSG_09012;FGSG_10347;FGSG_10922;FGSG_12180;FGSG_12223,1,uncharacterized protein,GO:0005737;GO:0019629;GO:0047547;GO:0051537
FGSG_02402,18,0.4701936691616147,7.682010506986803,FGSG_00330;FGSG_00743;FGSG_01422;FGSG_02272;FGSG_03061;FGSG_03546;FGSG_03547;FGSG_03548;FGSG_03894;FGSG_03992;FGSG_04458;FGSG_04589;FGSG_04591;FGSG_05610;FGSG_08601;FGSG_08712;FGSG_09834;FGSG_10347,1,uncharacterized protein,GO:0016021
FGSG_02094,18,0.46697456222649014,7.678903430283008,FGSG_00330;FGSG_01422;FGSG_02272;FGSG_02461;FGSG_03061;FGSG_03295;FGSG_03546;FGSG_03548;FGSG_03992;FGSG_04458;FGSG_04590;FGSG_05610;FGSG_07075;FGSG_08601;FGSG_09280;FGSG_09456;FGSG_09834;FGSG_10347,1,uncharacterized protein,GO:0001403;GO:0005794;GO:0015200;GO:0015398;GO:0016021;GO:0072489
FGSG_04370,18,0.46655642534150493,7.677911037934873,FGSG_00330;FGSG_00743;FGSG_01422;FGSG_02272;FGSG_03061;FGSG_03546;FGSG_03547;FGSG_03548;FGSG_03894;FGSG_03992;FGSG_04458;FGSG_04589;FGSG_04591;FGSG_05610;FGSG_08601;FGSG_08712;FGSG_09834;FGSG_10347,1,uncharacterized protein,GO:0000297;GO:0000329;GO:0015606;GO:0015847;GO:0016021;GO:0033101;GO:1903710;GO:1903711
FGSG_03044,18,0.461634316329758,7.656672387668138,FGSG_00007;FGSG_01866;FGSG_02321;FGSG_02323;FGSG_02324;FGSG_02325;FGSG_02326;FGSG_02327;FGSG_02328;FGSG_02329;FGSG_03842;FGSG_03881;FGSG_08082;FGSG_08083;FGSG_08795;FGSG_09187;FGSG_11326;FGSG_13952,2,uncharacterized protein,GO:0000981;GO:0005634;GO:0006357;GO:0008270
FGSG_02074,18,0.44325331139398416,7.655594522370261,FGSG_00330;FGSG_00743;FGSG_01422;FGSG_02272;FGSG_02461;FGSG_03061;FGSG_03546;FGSG_03548;FGSG_03894;FGSG_04458;FGSG_04589;FGSG_05610;FGSG_08601;FGSG_08712;FGSG_09012;FGSG_09456;FGSG_09834;FGSG_10347,1,uncharacterized protein,GO:0016021
FGSG_08710,18,0.4522291922403323,7.655251170367978,FGSG_00330;FGSG_00743;FGSG_01422;FGSG_02272;FGSG_02461;FGSG_03061;FGSG_03546;FGSG_03548;FGSG_03894;FGSG_04458;FGSG_04589;FGSG_05610;FGSG_08601;FGSG_08712;FGSG_09012;FGSG_09834;FGSG_10347;FGSG_12180,1,uncharacterized protein,GO:0005525
FGSG_04283,18,0.4616836405531713,7.65218349554575,FGSG_00007;FGSG_01866;FGSG_02321;FGSG_02324;FGSG_02325;FGSG_02326;FGSG_02327;FGSG_02328;FGSG_02329;FGSG_03539;FGSG_03541;FGSG_03842;FGSG_03881;FGSG_07896;FGSG_08081;FGSG_08082;FGSG_08083;FGSG_13952,2,uncharacterized protein,
FGSG_13392,18,0.45748592331111404,7.646343071701155,FGSG_00007;FGSG_01866;FGSG_02321;FGSG_02324;FGSG_02325;FGSG_02326;FGSG_02327;FGSG_02328;FGSG_02329;FGSG_03539;FGSG_03541;FGSG_03842;FGSG_03881;FGSG_08081;FGSG_08082;FGSG_08083;FGSG_11326;FGSG_13952,2,uncharacterized protein,
FGSG_01028,18,0.47252669702513517,7.635524348559279,FGSG_00743;FGSG_01422;FGSG_02272;FGSG_02461;FGSG_03061;FGSG_03546;FGSG_03548;FGSG_03894;FGSG_04458;FGSG_04589;FGSG_05610;FGSG_08601;FGSG_08712;FGSG_08774;FGSG_09012;FGSG_10347;FGSG_10922;FGSG_12180,1,uncharacterized protein,GO:0005739;GO:0006457;GO:0009060;GO:0016021;GO:0016226;GO:0051087;GO:0051259
FGSG_02491,18,0.45009526322513227,7.614957559361388,FGSG_00330;FGSG_00743;FGSG_01422;FGSG_02272;FGSG_02461;FGSG_03061;FGSG_03546;FGSG_03548;FGSG_03894;FGSG_04458;FGSG_04589;FGSG_05610;FGSG_08601;FGSG_08774;FGSG_09012;FGSG_09456;FGSG_09834;FGSG_10347,1,uncharacterized protein,GO:0000287;GO:0005634;GO:0005829;GO:0016311;GO:0019284;GO:0019509;GO:0043715;GO:0043716;GO:0043874
FGSG_02098,18,0.4581167182406172,7.590544553345844,FGSG_00330;FGSG_01422;FGSG_02271;FGSG_02272;FGSG_02461;FGSG_03061;FGSG_03295;FGSG_03546;FGSG_03548;FGSG_03992;FGSG_04458;FGSG_04590;FGSG_05610;FGSG_07075;FGSG_08601;FGSG_09456;FGSG_09834;FGSG_10347,1,uncharacterized protein,GO:0003735;GO:0006412;GO:0015934;GO:0051087
FGSG_06961,18,0.45328505813652853,7.574815537001918,FGSG_00330;FGSG_00743;FGSG_01422;FGSG_02272;FGSG_03061;FGSG_03546;FGSG_03548;FGSG_03894;FGSG_04458;FGSG_04589;FGSG_04591;FGSG_05610;FGSG_08601;FGSG_08712;FGSG_09012;FGSG_09456;FGSG_09834;FGSG_10347,1,glutamate 5-kinase,GO:0003723;GO:0004349;GO:0005737;GO:0006561;GO:0016310
FGSG_02875,18,0.44767357383287054,7.542756080663371,FGSG_00007;FGSG_01866;FGSG_02321;FGSG_02326;FGSG_02327;FGSG_02328;FGSG_02329;FGSG_03532;FGSG_03539;FGSG_03541;FGSG_03543;FGSG_03881;FGSG_08081;FGSG_08083;FGSG_08084;FGSG_09064;FGSG_09187;FGSG_13952,2,uncharacterized protein,
FGSG_11306,18,0.44229967105648593,7.533786882271825,FGSG_01866;FGSG_02320;FGSG_02321;FGSG_02323;FGSG_02324;FGSG_02325;FGSG_02326;FGSG_02327;FGSG_02328;FGSG_02329;FGSG_03532;FGSG_03881;FGSG_08078;FGSG_08083;FGSG_08795;FGSG_10670;FGSG_11326;FGSG_12211,2,uncharacterized protein,GO:0016021
FGSG_04127,17,0.4883702666882548,7.507744586423003,FGSG_00743;FGSG_01422;FGSG_02271;FGSG_02272;FGSG_02461;FGSG_03061;FGSG_03894;FGSG_04458;FGSG_04590;FGSG_05610;FGSG_08712;FGSG_08774;FGSG_09012;FGSG_09456;FGSG_09834;FGSG_10347;FGSG_13136,1,uncharacterized protein,GO:0001558;GO:0005634;GO:0005829;GO:0008972;GO:0009228;GO:0016310;GO:0030148;GO:0030950;GO:0031505;GO:0031929;GO:0031932;GO:0032153
FGSG_12129,17,0.4746283321491651,7.497340350319182,FGSG_00330;FGSG_01422;FGSG_02272;FGSG_03061;FGSG_03546;FGSG_03547;FGSG_03548;FGSG_03992;FGSG_04458;FGSG_04590;FGSG_04591;FGSG_08601;FGSG_08712;FGSG_09280;FGSG_09456;FGSG_09834;FGSG_10347,1,peroxisomal copper amine oxidase,GO:0005507;GO:0008131;GO:0009308;GO:0048038;GO:0055114
FGSG_06195,17,0.49110755704550463,7.447525880700403,FGSG_00743;FGSG_01422;FGSG_02272;FGSG_02461;FGSG_03061;FGSG_03894;FGSG_04458;FGSG_04589;FGSG_04590;FGSG_05610;FGSG_08601;FGSG_08712;FGSG_08774;FGSG_09012;FGSG_09834;FGSG_10347;FGSG_12180,1,uncharacterized protein,
FGSG_00279,17,0.48837955856763293,7.438104289091827,FGSG_00743;FGSG_01422;FGSG_02272;FGSG_02461;FGSG_03061;FGSG_03894;FGSG_04458;FGSG_04589;FGSG_04590;FGSG_05610;FGSG_08601;FGSG_08712;FGSG_08774;FGSG_09012;FGSG_09834;FGSG_10347;FGSG_12180,1,uncharacterized protein,
FGSG_10352,17,0.4781865716353039,7.399269882129371,FGSG_01422;FGSG_02271;FGSG_02272;FGSG_02461;FGSG_03061;FGSG_03295;FGSG_03894;FGSG_04458;FGSG_04590;FGSG_05610;FGSG_07075;FGSG_07528;FGSG_08712;FGSG_09012;FGSG_09456;FGSG_09834;FGSG_10347,1,peptidyl-prolyl cis-trans isomerase D,GO:0000413;GO:0003755;GO:0005737;GO:0042026;GO:0042277;GO:0051082
FGSG_00486,17,0.4716828431751555,7.395997278195316,FGSG_00043;FGSG_00044;FGSG_00047;FGSG_00048;FGSG_00330;FGSG_01422;FGSG_03546;FGSG_03547;FGSG_03548;FGSG_03992;FGSG_04458;FGSG_04591;FGSG_08601;FGSG_09280;FGSG_09456;FGSG_09834;FGSG_10347,1,uncharacterized protein,GO:0005737;GO:0016301;GO:0016310;GO:0016798
FGSG_09390,17,0.4476193088608211,7.386830952442851,FGSG_00330;FGSG_00743;FGSG_01422;FGSG_02272;FGSG_02461;FGSG_03061;FGSG_03546;FGSG_03548;FGSG_03894;FGSG_04458;FGSG_05610;FGSG_08601;FGSG_08712;FGSG_09012;FGSG_09456;FGSG_09834;FGSG_10347,1,uncharacterized protein,
FGSG_07705,17,0.45991503881836876,7.356980622077346,FGSG_02077;FGSG_02320;FGSG_02321;FGSG_02323;FGSG_02324;FGSG_02325;FGSG_02326;FGSG_02327;FGSG_02328;FGSG_02329;FGSG_02840;FGSG_02903;FGSG_05919;FGSG_08083;FGSG_08795;FGSG_10670;FGSG_11326,2,uncharacterized protein,
FGSG_12935,17,0.4700666991988677,7.354279144573263,FGSG_00330;FGSG_01422;FGSG_02272;FGSG_03061;FGSG_03546;FGSG_03547;FGSG_03548;FGSG_03894;FGSG_03992;FGSG_04458;FGSG_04589;FGSG_04591;FGSG_08601;FGSG_09280;FGSG_09456;FGSG_09834;FGSG_10347,1,uncharacterized protein,GO:0008270
FGSG_02481,17,0.47426281857752745,7.351183873835014,FGSG_00743;FGSG_01422;FGSG_02271;FGSG_02272;FGSG_02461;FGSG_03061;FGSG_03548;FGSG_03894;FGSG_04458;FGSG_04590;FGSG_05610;FGSG_07075;FGSG_08712;FGSG_09012;FGSG_09456;FGSG_09834;FGSG_10347,1,uncharacterized protein,GO:0005794;GO:0016021
FGSG_13347,17,0.4865663437060243,7.3364909781003655,FGSG_00743;FGSG_00765;FGSG_02272;FGSG_02461;FGSG_02972;FGSG_03061;FGSG_03747;FGSG_03894;FGSG_04589;FGSG_05368;FGSG_05610;FGSG_08493;FGSG_08774;FGSG_09012;FGSG_10444;FGSG_10922;FGSG_12180,1,uncharacterized protein,GO:0016021;GO:0016491;GO:0055114
FGSG_07192,17,0.4738725391615743,7.332063811118395,FGSG_00330;FGSG_00743;FGSG_01422;FGSG_02272;FGSG_02461;FGSG_03061;FGSG_03894;FGSG_04458;FGSG_04589;FGSG_04590;FGSG_05610;FGSG_08601;FGSG_08712;FGSG_08774;FGSG_09834;FGSG_10347;FGSG_12180,1,cutinase transcription factor 1 beta,GO:0000981;GO:0003677;GO:0005634;GO:0006351;GO:0006357;GO:0008270
FGSG_01470,17,0.49334583106272434,7.325807122285481,FGSG_00743;FGSG_01422;FGSG_02272;FGSG_02461;FGSG_03061;FGSG_03894;FGSG_04458;FGSG_04589;FGSG_04593;FGSG_05610;FGSG_08712;FGSG_08774;FGSG_09012;FGSG_10347;FGSG_10922;FGSG_12180;FGSG_12223,1,zinc-finger protein ZPR1,GO:0008270
FGSG_09891,17,0.46741538824781664,7.317268224403937,FGSG_00330;FGSG_01422;FGSG_02272;FGSG_03061;FGSG_03546;FGSG_03547;FGSG_03548;FGSG_03992;FGSG_04458;FGSG_04590;FGSG_04591;FGSG_07075;FGSG_08601;FGSG_09280;FGSG_09456;FGSG_09834;FGSG_10347,1,arsenical pump-driving ATPase,GO:0000750;GO:0005085;GO:0005524;GO:0005634;GO:0005829;GO:0006620;GO:0006890;GO:0009408;GO:0010038;GO:0016887;GO:0042802;GO:0043529;GO:0043547;GO:0045048;GO:0046872;GO:0051082;GO:1990507
FGSG_08735,17,0.48830281221437455,7.303865335570901,FGSG_00743;FGSG_00765;FGSG_02272;FGSG_02461;FGSG_02972;FGSG_03061;FGSG_03747;FGSG_03894;FGSG_04589;FGSG_05368;FGSG_05610;FGSG_08493;FGSG_08774;FGSG_09012;FGSG_10444;FGSG_10922;FGSG_12180,1,uncharacterized protein,
FGSG_02577,17,0.48691572301902586,7.295575020823875,FGSG_00743;FGSG_00765;FGSG_02272;FGSG_02461;FGSG_02972;FGSG_03061;FGSG_03747;FGSG_03894;FGSG_04589;FGSG_05368;FGSG_05610;FGSG_08493;FGSG_08774;FGSG_09012;FGSG_10444;FGSG_10922;FGSG_12180,1,uncharacterized protein,GO:0016021
FGSG_00633,17,0.48614970051288836,7.290983506990843,FGSG_00743;FGSG_00765;FGSG_02272;FGSG_02461;FGSG_02972;FGSG_03061;FGSG_03747;FGSG_03894;FGSG_04589;FGSG_05368;FGSG_05610;FGSG_08493;FGSG_08774;FGSG_09012;FGSG_10444;FGSG_10922;FGSG_12180,1,uncharacterized protein,GO:0000447;GO:0000448;GO:0000472;GO:0000480;GO:0004842;GO:0005622;GO:0006913;GO:0006997;GO:0007067;GO:0016874;GO:0042787
FGSG_00649,17,0.4943394027956672,7.2803562018068835,FGSG_00743;FGSG_00765;FGSG_01422;FGSG_02272;FGSG_02461;FGSG_02972;FGSG_03061;FGSG_03747;FGSG_03894;FGSG_04589;FGSG_04593;FGSG_05610;FGSG_08712;FGSG_08774;FGSG_09012;FGSG_10922;FGSG_12180,1,uncharacterized protein,GO:0003723;GO:0003735;GO:0005763;GO:0032543
FGSG_05031,17,0.48685424898260526,7.263655305894795,FGSG_00743;FGSG_00765;FGSG_02272;FGSG_02461;FGSG_02972;FGSG_03061;FGSG_03747;FGSG_03894;FGSG_05368;FGSG_05610;FGSG_08493;FGSG_08774;FGSG_09012;FGSG_10444;FGSG_10922;FGSG_12180;FGSG_13136,1,uncharacterized protein,GO:0000166
FGSG_09897,17,0.4418649940160294,7.262169854155941,FGSG_00330;FGSG_00743;FGSG_01422;FGSG_02272;FGSG_03061;FGSG_03546;FGSG_03548;FGSG_03894;FGSG_03992;FGSG_04458;FGSG_04589;FGSG_04590;FGSG_05610;FGSG_08601;FGSG_08712;FGSG_09834;FGSG_10347,1,carbon catabolite derepressing protein kinase,GO:0000324;GO:0001302;GO:0001403;GO:0004679;GO:0005524;GO:0005641;GO:0005829;GO:0006468;GO:0006995;GO:0007124;GO:0007155;GO:0017148;GO:0031588;GO:0044732;GO:0045722;GO:0071940;GO:0090606;GO:1900436
FGSG_05145,17,0.45651035944767254,7.259152587745212,FGSG_00330;FGSG_00743;FGSG_01422;FGSG_02272;FGSG_02554;FGSG_03061;FGSG_03546;FGSG_03548;FGSG_03894;FGSG_04458;FGSG_04589;FGSG_05610;FGSG_08601;FGSG_08712;FGSG_09834;FGSG_10347;FGSG_12180,1,uncharacterized protein,
FGSG_05520,17,0.45609592097587004,7.251335447962953,FGSG_00007;FGSG_01866;FGSG_02321;FGSG_02323;FGSG_02324;FGSG_02325;FGSG_02326;FGSG_02327;FGSG_02328;FGSG_02329;FGSG_03539;FGSG_03541;FGSG_03842;FGSG_03881;FGSG_08083;FGSG_11326;FGSG_13952,2,uncharacterized protein,GO:0000070;GO:0000122;GO:0000775;GO:0000781;GO:0005829;GO:0006283;GO:0006348;GO:0008180;GO:0016874;GO:0030466;GO:0030702;GO:0031048;GO:0031507;GO:0031625;GO:0034613;GO:0042787;GO:0043494;GO:0051446;GO:0051570;GO:1903467
FGSG_08751,17,0.4512733856610383,7.249570797899905,FGSG_00330;FGSG_00743;FGSG_01422;FGSG_02272;FGSG_03061;FGSG_03546;FGSG_03548;FGSG_03894;FGSG_04458;FGSG_04589;FGSG_05610;FGSG_08601;FGSG_08712;FGSG_09012;FGSG_09834;FGSG_10347;FGSG_12180,1,uncharacterized protein,
FGSG_06230,17,0.4517473892735204,7.237193233446316,FGSG_00330;FGSG_00743;FGSG_01422;FGSG_02272;FGSG_03061;FGSG_03546;FGSG_03548;FGSG_03894;FGSG_04458;FGSG_04589;FGSG_05610;FGSG_08601;FGSG_08712;FGSG_09012;FGSG_09834;FGSG_10347;FGSG_12180,1,uncharacterized protein,
FGSG_05995,17,0.4547185688918796,7.231588394995569,FGSG_00330;FGSG_00743;FGSG_01422;FGSG_02272;FGSG_03061;FGSG_03546;FGSG_03548;FGSG_03894;FGSG_03992;FGSG_04458;FGSG_04589;FGSG_04590;FGSG_05610;FGSG_08601;FGSG_08712;FGSG_09834;FGSG_10347,1,uncharacterized protein,
FGSG_11596,17,0.4556288311396951,7.22255560476053,FGSG_00330;FGSG_00743;FGSG_01422;FGSG_02272;FGSG_03061;FGSG_03546;FGSG_03548;FGSG_03894;FGSG_04458;FGSG_04589;FGSG_05610;FGSG_08601;FGSG_08712;FGSG_09012;FGSG_09834;FGSG_10347;FGSG_12180,1,uncharacterized protein,GO:0005840
FGSG_13252,17,0.47782579604270914,7.219984625494424,FGSG_00743;FGSG_01422;FGSG_02272;FGSG_02461;FGSG_03061;FGSG_03340;FGSG_03894;FGSG_04458;FGSG_04589;FGSG_05610;FGSG_08601;FGSG_08712;FGSG_08774;FGSG_09012;FGSG_10347;FGSG_10922;FGSG_12180,1,uncharacterized protein,
FGSG_10680,17,0.4613641466468826,7.1941875703807066,FGSG_00007;FGSG_01866;FGSG_02321;FGSG_02323;FGSG_02324;FGSG_02325;FGSG_02326;FGSG_02327;FGSG_02328;FGSG_02329;FGSG_03539;FGSG_03541;FGSG_03842;FGSG_08082;FGSG_08083;FGSG_11326;FGSG_13952,2,uncharacterized protein,GO:0016616;GO:0051287;GO:0055114
FGSG_02627,17,0.45792788248423755,7.1895716344682175,FGSG_00007;FGSG_01866;FGSG_02321;FGSG_02324;FGSG_02326;FGSG_02327;FGSG_02328;FGSG_02329;FGSG_03539;FGSG_03541;FGSG_03842;FGSG_03881;FGSG_07896;FGSG_08081;FGSG_08082;FGSG_08083;FGSG_13952,2,uncharacterized protein,GO:0016021
FGSG_03639,17,0.4476931456729258,7.174855215628408,FGSG_01866;FGSG_02320;FGSG_02321;FGSG_02323;FGSG_02324;FGSG_02325;FGSG_02326;FGSG_02327;FGSG_02328;FGSG_02329;FGSG_02903;FGSG_03574;FGSG_08083;FGSG_08795;FGSG_10670;FGSG_11326;FGSG_12211,2,uncharacterized protein,GO:0016021
FGSG_06812,17,0.4345769006390848,7.136293019772539,FGSG_00330;FGSG_00743;FGSG_01422;FGSG_02272;FGSG_03061;FGSG_03546;FGSG_03548;FGSG_03894;FGSG_03992;FGSG_04458;FGSG_04589;FGSG_04590;FGSG_05610;FGSG_08601;FGSG_08712;FGSG_09834;FGSG_10347,1,uncharacterized protein,GO:0003677;GO:0005634
FGSG_07638,17,0.4467826310580125,7.116500531508675,FGSG_00007;FGSG_01866;FGSG_02321;FGSG_02324;FGSG_02326;FGSG_02327;FGSG_02328;FGSG_02329;FGSG_03539;FGSG_03541;FGSG_03543;FGSG_03842;FGSG_03881;FGSG_08083;FGSG_09187;FGSG_11326;FGSG_13952,2,uncharacterized protein,GO:0000981;GO:0003677;GO:0005634;GO:0006351;GO:0006357;GO:0008270;GO:0016020
FGSG_09827,17,0.4380208493934337,7.109056204641961,FGSG_00330;FGSG_00743;FGSG_01422;FGSG_02272;FGSG_03061;FGSG_03546;FGSG_03548;FGSG_03894;FGSG_03992;FGSG_04458;FGSG_04589;FGSG_04590;FGSG_05610;FGSG_08601;FGSG_08712;FGSG_09834;FGSG_10347,1,uncharacterized protein,
FGSG_05189,17,0.4412160900359685,7.09756620555448,FGSG_00330;FGSG_02272;FGSG_02461;FGSG_03061;FGSG_03546;FGSG_03548;FGSG_03894;FGSG_03992;FGSG_04458;FGSG_04590;FGSG_05610;FGSG_07075;FGSG_08601;FGSG_09012;FGSG_09456;FGSG_09834;FGSG_10347,1,uncharacterized protein,GO:0000155;GO:0000160;GO:0005622;GO:0023014
FGSG_06686,16,0.4873026050798015,7.083646632835833,FGSG_00743;FGSG_01422;FGSG_02271;FGSG_02272;FGSG_02461;FGSG_03061;FGSG_03894;FGSG_04458;FGSG_04590;FGSG_05610;FGSG_08712;FGSG_08774;FGSG_09012;FGSG_09456;FGSG_09834;FGSG_10347,1,uncharacterized protein,GO:0000014;GO:0003676;GO:0004521;GO:0004529;GO:0005634;GO:0005743;GO:0006309;GO:0006310;GO:0006401;GO:0006995;GO:0046872;GO:0090502
FGSG_04916,16,0.49211933803078717,7.0335230985193,FGSG_00743;FGSG_00765;FGSG_01422;FGSG_02030;FGSG_02271;FGSG_02272;FGSG_02461;FGSG_03061;FGSG_03894;FGSG_04590;FGSG_05610;FGSG_08712;FGSG_08774;FGSG_09012;FGSG_11206;FGSG_13136,1,uncharacterized protein,
FGSG_01092,16,0.4810712951025406,7.0155347321266905,FGSG_00743;FGSG_01422;FGSG_02271;FGSG_02272;FGSG_02461;FGSG_03061;FGSG_03894;FGSG_04458;FGSG_04590;FGSG_05610;FGSG_08712;FGSG_08774;FGSG_09012;FGSG_09456;FGSG_09834;FGSG_10347,1,serine/threonine-protein phosphatase 2A activator 2,GO:0000159;GO:0000413;GO:0003755;GO:0005634;GO:0005737;GO:0006970;GO:0019211;GO:0030472;GO:0043085
FGSG_12035,16,0.46917356673114463,7.010967537052984,FGSG_00330;FGSG_01422;FGSG_03546;FGSG_03547;FGSG_03548;FGSG_03992;FGSG_04458;FGSG_04589;FGSG_04590;FGSG_04591;FGSG_08601;FGSG_08712;FGSG_09280;FGSG_09456;FGSG_09834;FGSG_10347,1,uncharacterized protein,GO:0000462;GO:0001732;GO:0003743;GO:0003924;GO:0005525;GO:0005739;GO:0006446;GO:0022627;GO:0031369;GO:0042255;GO:0043022
FGSG_03420,16,0.49219893419392347,6.999317951156034,FGSG_00743;FGSG_01422;FGSG_02272;FGSG_02461;FGSG_03061;FGSG_03894;FGSG_04458;FGSG_04589;FGSG_04590;FGSG_05610;FGSG_08712;FGSG_08774;FGSG_09012;FGSG_09834;FGSG_10347;FGSG_12180,1,uncharacterized protein,GO:0016021
FGSG_00887,16,0.4832776273322768,6.983767939913229,FGSG_00743;FGSG_01422;FGSG_02271;FGSG_02272;FGSG_02461;FGSG_03061;FGSG_03894;FGSG_04458;FGSG_04590;FGSG_05610;FGSG_08712;FGSG_08774;FGSG_09012;FGSG_09834;FGSG_10347;FGSG_13136,1,uncharacterized protein,
FGSG_05216,16,0.4812062805427726,6.981313350543735,FGSG_00743;FGSG_00765;FGSG_01621;FGSG_02030;FGSG_02271;FGSG_02272;FGSG_02461;FGSG_03061;FGSG_03894;FGSG_04309;FGSG_04588;FGSG_05368;FGSG_05610;FGSG_08774;FGSG_09012;FGSG_13136,1,cytokinesis protein sepA,GO:0003779;GO:0017048;GO:0030036
FGSG_00529,16,0.45252058510525206,6.944575527246159,FGSG_00330;FGSG_01422;FGSG_02272;FGSG_02461;FGSG_03061;FGSG_03546;FGSG_03548;FGSG_03894;FGSG_03992;FGSG_04458;FGSG_05610;FGSG_08601;FGSG_09012;FGSG_09456;FGSG_09834;FGSG_10347,1,ammonium transporter MEP1,GO:0008519;GO:0016021;GO:0072488
FGSG_13992,16,0.4646238795538942,6.941805932241225,FGSG_02321;FGSG_02323;FGSG_02324;FGSG_02325;FGSG_02326;FGSG_02327;FGSG_02328;FGSG_02329;FGSG_02840;FGSG_03599;FGSG_03842;FGSG_08083;FGSG_09187;FGSG_11184;FGSG_11326;FGSG_13952,2,uncharacterized protein,
FGSG_01055,16,0.4944649240905888,6.937563890341097,FGSG_00743;FGSG_00765;FGSG_02272;FGSG_02461;FGSG_03061;FGSG_03894;FGSG_04588;FGSG_04589;FGSG_04593;FGSG_05368;FGSG_05610;FGSG_08493;FGSG_08774;FGSG_09012;FGSG_10922;FGSG_12180,1,uncharacterized protein,GO:0003729
FGSG_07687,16,0.4693236815478416,6.933976871980271,FGSG_01866;FGSG_02321;FGSG_02323;FGSG_02324;FGSG_02325;FGSG_02326;FGSG_02327;FGSG_02328;FGSG_02329;FGSG_03600;FGSG_03842;FGSG_08082;FGSG_08083;FGSG_09187;FGSG_11326;FGSG_13952,2,uncharacterized protein,
FGSG_07646,16,0.46561384059822497,6.931514617908716,FGSG_02321;FGSG_02323;FGSG_02324;FGSG_02325;FGSG_02326;FGSG_02327;FGSG_02328;FGSG_02329;FGSG_02840;FGSG_02903;FGSG_03599;FGSG_03842;FGSG_08083;FGSG_10670;FGSG_11326;FGSG_13952,2,uncharacterized protein,GO:0046353;GO:0046677
FGSG_03603,16,0.47877893304742264,6.924076982299015,FGSG_00743;FGSG_01422;FGSG_02271;FGSG_02272;FGSG_02461;FGSG_03061;FGSG_03894;FGSG_04458;FGSG_04590;FGSG_05610;FGSG_08712;FGSG_08774;FGSG_09012;FGSG_09456;FGSG_09834;FGSG_10347,1,uncharacterized protein,GO:0004631;GO:0005737;GO:0006695;GO:0009116;GO:0016310;GO:0016614;GO:0050660;GO:0055114
FGSG_00429,16,0.4756847630112975,6.917821862576521,FGSG_00743;FGSG_01422;FGSG_02272;FGSG_02461;FGSG_03061;FGSG_03546;FGSG_03548;FGSG_03894;FGSG_04458;FGSG_05610;FGSG_08601;FGSG_08774;FGSG_09012;FGSG_09456;FGSG_09834;FGSG_10347,1,uncharacterized protein,GO:0000276;GO:0004576;GO:0006486;GO:0015078;GO:0015986;GO:0016021
FGSG_01443,16,0.45659022425296,6.917790190631003,FGSG_00330;FGSG_00743;FGSG_01422;FGSG_02272;FGSG_03061;FGSG_03546;FGSG_03548;FGSG_03894;FGSG_03992;FGSG_04458;FGSG_04589;FGSG_05610;FGSG_08601;FGSG_08712;FGSG_09834;FGSG_10347,1,uncharacterized protein,GO:0000790;GO:0003676;GO:0004523;GO:0005730;GO:0006401;GO:0090502
FGSG_05580,16,0.4757459533025966,6.914796586210902,FGSG_00743;FGSG_01422;FGSG_02271;FGSG_02272;FGSG_02461;FGSG_03061;FGSG_03894;FGSG_04458;FGSG_04590;FGSG_05610;FGSG_07075;FGSG_08712;FGSG_09012;FGSG_09456;FGSG_09834;FGSG_10347,1,uncharacterized protein,GO:0000210;GO:0005634;GO:0005777;GO:0005829;GO:0006734;GO:0046872
FGSG_02825,16,0.45528587895791167,6.913695123060512,FGSG_00330;FGSG_00743;FGSG_01422;FGSG_02272;FGSG_03061;FGSG_03546;FGSG_03548;FGSG_03894;FGSG_04458;FGSG_04589;FGSG_05610;FGSG_08601;FGSG_08712;FGSG_09834;FGSG_10347;FGSG_12180,1,uncharacterized protein,GO:0000981;GO:0003677;GO:0005634;GO:0006351;GO:0006357;GO:0008270
FGSG_05328,16,0.4561016153300066,6.900688464102498,FGSG_00330;FGSG_00743;FGSG_01422;FGSG_02272;FGSG_03061;FGSG_03546;FGSG_03548;FGSG_03894;FGSG_04458;FGSG_04589;FGSG_05610;FGSG_08601;FGSG_08712;FGSG_09834;FGSG_10347;FGSG_12180,1,cytochrome b2,GO:0004460;GO:0005758;GO:0006089;GO:0010181;GO:0020037;GO:0046872;GO:0055114
FGSG_01391,16,0.4829251440651155,6.894066316818481,FGSG_00743;FGSG_01422;FGSG_02272;FGSG_02461;FGSG_03061;FGSG_03894;FGSG_04458;FGSG_04589;FGSG_05610;FGSG_08601;FGSG_08712;FGSG_08774;FGSG_09012;FGSG_10347;FGSG_10922;FGSG_12180,1,elongation factor G 1,GO:0003746;GO:0003924;GO:0005525;GO:0005739;GO:0070125
FGSG_03785,16,0.46672541541362766,6.888276253431489,FGSG_00330;FGSG_01422;FGSG_02272;FGSG_03061;FGSG_03295;FGSG_03546;FGSG_03548;FGSG_03992;FGSG_04458;FGSG_04590;FGSG_07075;FGSG_08601;FGSG_09280;FGSG_09456;FGSG_09834;FGSG_10347,1,uncharacterized protein,GO:0008152;GO:0016020;GO:0016787
FGSG_09610,16,0.48760646507754146,6.87269010830103,FGSG_00743;FGSG_02272;FGSG_02461;FGSG_02972;FGSG_03061;FGSG_03747;FGSG_03894;FGSG_04589;FGSG_05610;FGSG_08493;FGSG_08774;FGSG_09012;FGSG_10444;FGSG_10922;FGSG_12180;FGSG_12223,1,uncharacterized protein,GO:0000287;GO:0006633;GO:0008897;GO:0016021
FGSG_09414,16,0.47428655460178026,6.872313064136297,FGSG_00330;FGSG_00743;FGSG_01422;FGSG_02272;FGSG_02461;FGSG_03061;FGSG_03894;FGSG_04458;FGSG_04589;FGSG_05610;FGSG_08601;FGSG_08712;FGSG_08774;FGSG_09012;FGSG_10347;FGSG_12180,1,uncharacterized protein,GO:0016021
FGSG_06875,16,0.4636515100287936,6.862649314813164,FGSG_00743;FGSG_01422;FGSG_02271;FGSG_02272;FGSG_02461;FGSG_03061;FGSG_03548;FGSG_03894;FGSG_04458;FGSG_05610;FGSG_07075;FGSG_08774;FGSG_09012;FGSG_09456;FGSG_09834;FGSG_10347,1,uncharacterized protein,GO:0005756;GO:0015986;GO:0046933;GO:0046961
FGSG_13650,16,0.4583993437723062,6.86231094063124,FGSG_00007;FGSG_01866;FGSG_02321;FGSG_02323;FGSG_02324;FGSG_02325;FGSG_02326;FGSG_02327;FGSG_02328;FGSG_02329;FGSG_03842;FGSG_03881;FGSG_08082;FGSG_08083;FGSG_11326;FGSG_13952,2,uncharacterized protein,GO:0001678;GO:0004396;GO:0005215;GO:0005524;GO:0005536;GO:0005623;GO:0006096;GO:0016021;GO:0046835;GO:0055085
FGSG_08458,16,0.4658025007537278,6.849024927907331,FGSG_00330;FGSG_01422;FGSG_02272;FGSG_03061;FGSG_03295;FGSG_03546;FGSG_03548;FGSG_03992;FGSG_04458;FGSG_04590;FGSG_07075;FGSG_08601;FGSG_09280;FGSG_09456;FGSG_09834;FGSG_10347,1,uncharacterized protein,GO:0003729;GO:0005634;GO:0005829;GO:0006166;GO:0006537;GO:0017061;GO:0019509
FGSG_01617,16,0.45978125373227685,6.848516850982037,FGSG_01422;FGSG_02271;FGSG_02272;FGSG_02461;FGSG_03061;FGSG_03546;FGSG_03548;FGSG_03894;FGSG_04458;FGSG_04590;FGSG_05610;FGSG_07075;FGSG_09012;FGSG_09456;FGSG_09834;FGSG_10347,1,uncharacterized protein,
FGSG_09366,16,0.4818299264964781,6.846177150611997,FGSG_00743;FGSG_02272;FGSG_02461;FGSG_02972;FGSG_03061;FGSG_03747;FGSG_03894;FGSG_04589;FGSG_05368;FGSG_05610;FGSG_08493;FGSG_08774;FGSG_09012;FGSG_10444;FGSG_10922;FGSG_12180,1,uncharacterized protein,GO:0004553;GO:0005975
FGSG_02287,16,0.4770290007990868,6.836540848304064,FGSG_00743;FGSG_01422;FGSG_02272;FGSG_02461;FGSG_03061;FGSG_03548;FGSG_03894;FGSG_04458;FGSG_04589;FGSG_05610;FGSG_08601;FGSG_08712;FGSG_08774;FGSG_09012;FGSG_10347;FGSG_12180,1,uncharacterized protein,GO:0003995;GO:0003997;GO:0005782;GO:0006635;GO:0050660
FGSG_02073,16,0.4870252663601186,6.831746380148367,FGSG_00743;FGSG_00765;FGSG_02272;FGSG_02461;FGSG_02972;FGSG_03061;FGSG_03747;FGSG_03894;FGSG_04589;FGSG_05610;FGSG_08493;FGSG_08774;FGSG_09012;FGSG_10444;FGSG_10922;FGSG_12180,1,lysophospholipase 2,GO:0004622;GO:0009395
FGSG_04600,16,0.45393096187121024,6.810073360722246,FGSG_00007;FGSG_01866;FGSG_02321;FGSG_02324;FGSG_02325;FGSG_02326;FGSG_02327;FGSG_02328;FGSG_02329;FGSG_03539;FGSG_03842;FGSG_03881;FGSG_08083;FGSG_09187;FGSG_11326;FGSG_13952,2,uncharacterized protein,
FGSG_00517,16,0.45846864643192425,6.807992530356819,FGSG_00330;FGSG_00743;FGSG_01422;FGSG_02272;FGSG_03061;FGSG_03546;FGSG_03548;FGSG_03894;FGSG_04458;FGSG_04589;FGSG_05610;FGSG_08601;FGSG_08712;FGSG_09012;FGSG_09834;FGSG_10347,1,uncharacterized protein,GO:0016021
FGSG_01182,16,0.4539023950103754,6.804197351293485,FGSG_00330;FGSG_00743;FGSG_01422;FGSG_02272;FGSG_03061;FGSG_03546;FGSG_03548;FGSG_03894;FGSG_04458;FGSG_04589;FGSG_05610;FGSG_08601;FGSG_09012;FGSG_09456;FGSG_09834;FGSG_10347,1,uncharacterized protein,GO:0000781;GO:0003690;GO:0003887;GO:0006272;GO:0006273;GO:0006348;GO:0008622;GO:0008623;GO:0031492;GO:0042276;GO:0042766;GO:0043044;GO:0046982;GO:0070868;GO:0090399
FGSG_10220,16,0.4669103465865785,6.79990608713447,FGSG_00743;FGSG_01422;FGSG_02271;FGSG_02272;FGSG_02461;FGSG_03061;FGSG_03894;FGSG_04458;FGSG_04590;FGSG_05610;FGSG_07075;FGSG_08712;FGSG_09012;FGSG_09456;FGSG_09834;FGSG_10347,1,uncharacterized protein,GO:0008168;GO:0016020;GO:0032259
FGSG_07041,16,0.4743135368857634,6.783416207267741,FGSG_00743;FGSG_01422;FGSG_02272;FGSG_02461;FGSG_03061;FGSG_03894;FGSG_04458;FGSG_04589;FGSG_05610;FGSG_08601;FGSG_08712;FGSG_08774;FGSG_09012;FGSG_10347;FGSG_10922;FGSG_12180,1,uncharacterized protein,GO:0005759;GO:0009060
FGSG_01155,16,0.45927025021107787,6.776869593486814,FGSG_00330;FGSG_00743;FGSG_01422;FGSG_02272;FGSG_03061;FGSG_03546;FGSG_03547;FGSG_03548;FGSG_03894;FGSG_04458;FGSG_04589;FGSG_05610;FGSG_08601;FGSG_09012;FGSG_09834;FGSG_10347,1,vacuolar protein sorting-associated protein 26B-B,GO:0005634;GO:0005768;GO:0005829;GO:0006886;GO:0030906;GO:0042147;GO:0045053
FGSG_01223,16,0.4412735719737895,6.775146732671639,FGSG_00330;FGSG_00743;FGSG_01422;FGSG_02272;FGSG_03061;FGSG_03546;FGSG_03548;FGSG_03894;FGSG_04458;FGSG_04589;FGSG_05610;FGSG_08601;FGSG_09012;FGSG_09456;FGSG_09834;FGSG_10347,1,uncharacterized protein,GO:0016021
FGSG_05632,16,0.4453230606331474,6.774456175314509,FGSG_00330;FGSG_00743;FGSG_01422;FGSG_02272;FGSG_03061;FGSG_03546;FGSG_03548;FGSG_03894;FGSG_04458;FGSG_04589;FGSG_05610;FGSG_08601;FGSG_08712;FGSG_09012;FGSG_09834;FGSG_10347,1,uncharacterized protein,GO:0003756;GO:0005634;GO:0005829;GO:0006457;GO:0016972;GO:0030176;GO:0055114
FGSG_01918,16,0.4593716086810619,6.769407729872524,FGSG_01866;FGSG_02320;FGSG_02321;FGSG_02323;FGSG_02324;FGSG_02325;FGSG_02326;FGSG_02327;FGSG_02328;FGSG_02329;FGSG_03842;FGSG_03881;FGSG_08083;FGSG_09187;FGSG_11326;FGSG_13952,2,uncharacterized protein,GO:0003723;GO:0004652;GO:0005634;GO:0031123;GO:0043631
FGSG_08885,16,0.46457277536207237,6.766693043147544,FGSG_00743;FGSG_02272;FGSG_03061;FGSG_03546;FGSG_03548;FGSG_03894;FGSG_04458;FGSG_04589;FGSG_05610;FGSG_08601;FGSG_08712;FGSG_08774;FGSG_09012;FGSG_10347;FGSG_10922;FGSG_12180,1,uncharacterized protein,
FGSG_00282,16,0.44537427532168333,6.764697226064753,FGSG_00330;FGSG_00743;FGSG_01422;FGSG_02272;FGSG_03061;FGSG_03546;FGSG_03548;FGSG_03894;FGSG_04458;FGSG_04589;FGSG_05610;FGSG_08601;FGSG_09012;FGSG_09456;FGSG_09834;FGSG_10347,1,uncharacterized protein,
FGSG_05260,16,0.4523134768411535,6.753488884415672,FGSG_00330;FGSG_00743;FGSG_01422;FGSG_02272;FGSG_03061;FGSG_03546;FGSG_03548;FGSG_03894;FGSG_04458;FGSG_04589;FGSG_05610;FGSG_08601;FGSG_08712;FGSG_09834;FGSG_10347;FGSG_12180,1,uncharacterized protein,GO:0005739;GO:0016021
FGSG_07500,16,0.4623604215895117,6.747482107534912,FGSG_00007;FGSG_01866;FGSG_02321;FGSG_02323;FGSG_02324;FGSG_02325;FGSG_02326;FGSG_02327;FGSG_02328;FGSG_02329;FGSG_03539;FGSG_03842;FGSG_08082;FGSG_08083;FGSG_11326;FGSG_13952,2,uncharacterized protein,GO:0016491;GO:0030151;GO:0042128;GO:0055114
FGSG_02346,16,0.4502741922101448,6.7244286545880465,FGSG_00007;FGSG_01866;FGSG_02321;FGSG_02324;FGSG_02325;FGSG_02326;FGSG_02327;FGSG_02328;FGSG_02329;FGSG_03532;FGSG_03842;FGSG_03881;FGSG_08081;FGSG_08083;FGSG_11326;FGSG_13952,2,Delta(14)-sterol reductase,GO:0016021;GO:0016628;GO:0055114
FGSG_03751,16,0.4350885515441335,6.688349710106306,FGSG_00330;FGSG_00743;FGSG_01422;FGSG_02272;FGSG_03061;FGSG_03546;FGSG_03548;FGSG_03894;FGSG_03992;FGSG_04458;FGSG_04590;FGSG_05610;FGSG_08601;FGSG_08712;FGSG_09834;FGSG_10347,1,uncharacterized protein,GO:0016021;GO:0055085
FGSG_05029,16,0.45070904365783504,6.6875368693831465,FGSG_00743;FGSG_01422;FGSG_02272;FGSG_02461;FGSG_03061;FGSG_03546;FGSG_03548;FGSG_03894;FGSG_04458;FGSG_04589;FGSG_05610;FGSG_08601;FGSG_08774;FGSG_09012;FGSG_09834;FGSG_10347,1,uncharacterized protein,GO:0001405;GO:0016021;GO:0030150
FGSG_05203,16,0.44185108211754787,6.675859271788371,FGSG_00743;FGSG_01422;FGSG_02272;FGSG_02461;FGSG_03061;FGSG_03546;FGSG_03548;FGSG_03894;FGSG_04458;FGSG_04589;FGSG_05610;FGSG_08601;FGSG_09012;FGSG_09456;FGSG_09834;FGSG_10347,1,meiotic coiled-coil protein 2,GO:0003723
FGSG_00836,15,0.4709730641953174,6.638215471953117,FGSG_00330;FGSG_01422;FGSG_03546;FGSG_03547;FGSG_03548;FGSG_03992;FGSG_04458;FGSG_04590;FGSG_04591;FGSG_08601;FGSG_08712;FGSG_09280;FGSG_09456;FGSG_09834;FGSG_10347,1,uncharacterized protein,GO:0000002;GO:0000166;GO:0003676;GO:0031305
FGSG_03294,15,0.4756842276543979,6.592199625721858,FGSG_00330;FGSG_01422;FGSG_03546;FGSG_03547;FGSG_03548;FGSG_03992;FGSG_04458;FGSG_04589;FGSG_04591;FGSG_08601;FGSG_08712;FGSG_09280;FGSG_09456;FGSG_09834;FGSG_10347,1,uncharacterized protein,GO:0000981;GO:0003677;GO:0005634;GO:0006351;GO:0006357;GO:0008270
FGSG_04917,15,0.47909188322822105,6.57537129035337,FGSG_00743;FGSG_01422;FGSG_02272;FGSG_02461;FGSG_03061;FGSG_03548;FGSG_03894;FGSG_04458;FGSG_05610;FGSG_08712;FGSG_08774;FGSG_09012;FGSG_09456;FGSG_09834;FGSG_10347,1,uncharacterized protein,
FGSG_07468,15,0.48750036326456436,6.5637836485395376,FGSG_00743;FGSG_01422;FGSG_02271;FGSG_02272;FGSG_02461;FGSG_03061;FGSG_03894;FGSG_04590;FGSG_05610;FGSG_07075;FGSG_07528;FGSG_08712;FGSG_08774;FGSG_09012;FGSG_13136,1,D-3-phosphoglycerate dehydrogenase 2,GO:0004617;GO:0006564;GO:0016597;GO:0051287;GO:0055114
FGSG_13840,15,0.46876061891292065,6.5580166968285925,FGSG_02321;FGSG_02323;FGSG_02324;FGSG_02325;FGSG_02326;FGSG_02327;FGSG_02328;FGSG_02329;FGSG_02840;FGSG_02903;FGSG_03599;FGSG_03842;FGSG_08083;FGSG_11326;FGSG_13952,2,uncharacterized protein,GO:0016614;GO:0050660;GO:0055114
FGSG_09250,15,0.48423212607889843,6.549045887130104,FGSG_00743;FGSG_00765;FGSG_02030;FGSG_02271;FGSG_02272;FGSG_02461;FGSG_03061;FGSG_03894;FGSG_04309;FGSG_04588;FGSG_05368;FGSG_05610;FGSG_08774;FGSG_09012;FGSG_13136,1,NADH dehydrogenase flavoprotein 1,GO:0008137;GO:0010181;GO:0051287;GO:0051539;GO:0055114
FGSG_00136,15,0.4813544996937235,6.548275463349685,FGSG_00743;FGSG_00765;FGSG_02272;FGSG_02461;FGSG_02972;FGSG_03061;FGSG_03747;FGSG_03894;FGSG_05368;FGSG_05610;FGSG_08493;FGSG_08774;FGSG_10444;FGSG_10922;FGSG_12180,1,uncharacterized protein,GO:0016021
FGSG_13024,15,0.48249458825856023,6.546037174229409,FGSG_00743;FGSG_00765;FGSG_02030;FGSG_02271;FGSG_02272;FGSG_02461;FGSG_03061;FGSG_03894;FGSG_04309;FGSG_05368;FGSG_05610;FGSG_08774;FGSG_09012;FGSG_11206;FGSG_13136,1,uncharacterized protein,
FGSG_10106,15,0.49120857753260405,6.5442688690137185,FGSG_00743;FGSG_01422;FGSG_02272;FGSG_02461;FGSG_03061;FGSG_03894;FGSG_04458;FGSG_04589;FGSG_04590;FGSG_05610;FGSG_08712;FGSG_08774;FGSG_09012;FGSG_10347;FGSG_12180,1,uncharacterized protein,
FGSG_07078,15,0.4960646983214398,6.538482851455479,FGSG_00743;FGSG_00765;FGSG_01422;FGSG_02030;FGSG_02272;FGSG_02461;FGSG_03061;FGSG_03894;FGSG_05610;FGSG_08712;FGSG_08774;FGSG_09012;FGSG_10922;FGSG_12180;FGSG_13136,1,uncharacterized protein,GO:0000209;GO:0004842;GO:0005779;GO:0005783;GO:0008270;GO:0016558;GO:1990429
FGSG_08471,15,0.4853049466947438,6.526243658549058,FGSG_00743;FGSG_01422;FGSG_02272;FGSG_02461;FGSG_03061;FGSG_03894;FGSG_04458;FGSG_04589;FGSG_04590;FGSG_05610;FGSG_08712;FGSG_08774;FGSG_09012;FGSG_10347;FGSG_12180,1,uncharacterized protein,
FGSG_09359,15,0.4858074917899142,6.523689819201281,FGSG_00743;FGSG_00765;FGSG_02272;FGSG_02461;FGSG_02972;FGSG_03061;FGSG_03747;FGSG_03894;FGSG_05368;FGSG_05610;FGSG_08493;FGSG_08774;FGSG_10444;FGSG_10922;FGSG_12180,1,uncharacterized protein,GO:0005744;GO:0016021;GO:0030150;GO:0030943;GO:0042802;GO:0046902
FGSG_09889,15,0.46808787905101007,6.51234726001093,FGSG_02321;FGSG_02323;FGSG_02324;FGSG_02325;FGSG_02326;FGSG_02327;FGSG_02328;FGSG_02329;FGSG_02840;FGSG_02903;FGSG_03599;FGSG_05919;FGSG_08083;FGSG_11326;FGSG_13952,2,uncharacterized protein,
FGSG_10961,15,0.4815422788333062,6.509774247237343,FGSG_00743;FGSG_01422;FGSG_02272;FGSG_02461;FGSG_03061;FGSG_03894;FGSG_04458;FGSG_04589;FGSG_04590;FGSG_05610;FGSG_08712;FGSG_08774;FGSG_09012;FGSG_10347;FGSG_12180,1,uncharacterized protein,GO:0004843;GO:0005768;GO:0006897;GO:0016579;GO:0030133;GO:0032153;GO:0043328
FGSG_09053,15,0.4715734519508047,6.504282946023425,FGSG_01422;FGSG_02271;FGSG_02272;FGSG_02461;FGSG_03061;FGSG_03894;FGSG_04458;FGSG_04590;FGSG_05610;FGSG_07075;FGSG_07528;FGSG_08712;FGSG_09012;FGSG_09456;FGSG_09834,1,uncharacterized protein,GO:0003333;GO:0015171;GO:0016021
FGSG_02828,15,0.4664333544047772,6.49958622080651,FGSG_02321;FGSG_02323;FGSG_02324;FGSG_02325;FGSG_02326;FGSG_02327;FGSG_02328;FGSG_02329;FGSG_02840;FGSG_02903;FGSG_08083;FGSG_08795;FGSG_10670;FGSG_11326;FGSG_13952,2,uncharacterized protein,
FGSG_05153,15,0.47258985818462784,6.494184585942158,FGSG_01422;FGSG_02271;FGSG_02272;FGSG_02461;FGSG_03061;FGSG_03894;FGSG_04458;FGSG_04590;FGSG_05610;FGSG_07075;FGSG_07528;FGSG_08712;FGSG_09456;FGSG_09834;FGSG_13136,1,uncharacterized protein,GO:0005634;GO:0005786;GO:0005829;GO:0006617;GO:0008312
FGSG_09483,15,0.4659709835563371,6.493089399809789,FGSG_02321;FGSG_02323;FGSG_02324;FGSG_02325;FGSG_02326;FGSG_02327;FGSG_02328;FGSG_02329;FGSG_02840;FGSG_02903;FGSG_03599;FGSG_05919;FGSG_08083;FGSG_11326;FGSG_13952,2,uncharacterized protein,GO:0004617;GO:0006564;GO:0016597;GO:0051287;GO:0055114
FGSG_04504,15,0.4624708929636305,6.487461235922899,FGSG_02321;FGSG_02323;FGSG_02324;FGSG_02325;FGSG_02326;FGSG_02327;FGSG_02328;FGSG_02329;FGSG_02840;FGSG_02903;FGSG_03599;FGSG_05919;FGSG_08083;FGSG_11326;FGSG_13952,2,uncharacterized protein,GO:0003993;GO:0016311;GO:0046872
FGSG_03956,15,0.46219184471086294,6.484212637987857,FGSG_02321;FGSG_02323;FGSG_02324;FGSG_02325;FGSG_02326;FGSG_02327;FGSG_02328;FGSG_02329;FGSG_02840;FGSG_02903;FGSG_03599;FGSG_03842;FGSG_08083;FGSG_11326;FGSG_13952,2,uncharacterized protein,GO:0016021;GO:0055085
FGSG_00338,15,0.478941609056365,6.4613778231509365,FGSG_00743;FGSG_01422;FGSG_02271;FGSG_02272;FGSG_02461;FGSG_03061;FGSG_03894;FGSG_04590;FGSG_05610;FGSG_07075;FGSG_07528;FGSG_08774;FGSG_09012;FGSG_09456;FGSG_13136,1,uncharacterized protein,GO:0006673;GO:0016021;GO:0030148;GO:0045140;GO:0070916
FGSG_09170,15,0.4648104300262781,6.4605743574254255,FGSG_02321;FGSG_02323;FGSG_02324;FGSG_02325;FGSG_02326;FGSG_02327;FGSG_02328;FGSG_02329;FGSG_02840;FGSG_02903;FGSG_08083;FGSG_08795;FGSG_10670;FGSG_11326;FGSG_13952,2,uncharacterized protein,
FGSG_04459,15,0.49138571526266783,6.460502081840577,FGSG_00743;FGSG_01422;FGSG_02272;FGSG_02461;FGSG_03061;FGSG_03894;FGSG_04458;FGSG_04589;FGSG_05610;FGSG_08712;FGSG_08774;FGSG_09012;FGSG_10347;FGSG_10922;FGSG_12180,1,uncharacterized protein,GO:0000981;GO:0005634;GO:0006357;GO:0008270
FGSG_09210,15,0.45536516854438897,6.4519179888359455,FGSG_02321;FGSG_02323;FGSG_02324;FGSG_02325;FGSG_02326;FGSG_02327;FGSG_02328;FGSG_02329;FGSG_02840;FGSG_03599;FGSG_03842;FGSG_08083;FGSG_11184;FGSG_11326;FGSG_13952,2,uncharacterized protein,GO:0006950;GO:0016021;GO:0055085
FGSG_08770,15,0.4608461249830816,6.4514791945098064,FGSG_00330;FGSG_01422;FGSG_03546;FGSG_03547;FGSG_03548;FGSG_03992;FGSG_04458;FGSG_04589;FGSG_04590;FGSG_04591;FGSG_08601;FGSG_08712;FGSG_09280;FGSG_09834;FGSG_10347,1,uncharacterized protein,
FGSG_05526,15,0.45420905637992526,6.449904747264499,FGSG_00743;FGSG_01422;FGSG_02272;FGSG_02461;FGSG_03061;FGSG_03546;FGSG_03548;FGSG_03894;FGSG_04458;FGSG_05610;FGSG_08774;FGSG_09012;FGSG_09456;FGSG_09834;FGSG_10347,1,uncharacterized protein,
FGSG_02578,15,0.4767508862382312,6.447930190136929,FGSG_00743;FGSG_01422;FGSG_02271;FGSG_02272;FGSG_02461;FGSG_03061;FGSG_03894;FGSG_04590;FGSG_05610;FGSG_07075;FGSG_07528;FGSG_09012;FGSG_09456;FGSG_09834;FGSG_13136,1,uncharacterized protein,GO:0016021
FGSG_11653,15,0.4393920238998416,6.444681487481166,FGSG_00330;FGSG_01422;FGSG_02272;FGSG_02461;FGSG_03061;FGSG_03546;FGSG_03548;FGSG_03894;FGSG_04458;FGSG_05610;FGSG_08601;FGSG_09012;FGSG_09456;FGSG_09834;FGSG_10347,1,uncharacterized protein,GO:0000981;GO:0003677;GO:0005634;GO:0006351;GO:0006357;GO:0008270;GO:0008484
FGSG_01159,15,0.4821495443651469,6.443776508941348,FGSG_00743;FGSG_00765;FGSG_02272;FGSG_02461;FGSG_03061;FGSG_03747;FGSG_03894;FGSG_05368;FGSG_05610;FGSG_08493;FGSG_08774;FGSG_10444;FGSG_10922;FGSG_12180;FGSG_13136,1,uncharacterized protein,GO:0000166;GO:0003723
FGSG_05309,15,0.4624215622513945,6.442477138350614,FGSG_02321;FGSG_02323;FGSG_02324;FGSG_02325;FGSG_02326;FGSG_02327;FGSG_02328;FGSG_02329;FGSG_02840;FGSG_02903;FGSG_03599;FGSG_05919;FGSG_08083;FGSG_11326;FGSG_13952,2,uncharacterized protein,GO:0000981;GO:0003677;GO:0005634;GO:0006351;GO:0006357;GO:0008270
FGSG_12330,15,0.45125222620815203,6.4309863342038796,FGSG_01422;FGSG_02272;FGSG_02461;FGSG_03061;FGSG_03546;FGSG_03548;FGSG_03894;FGSG_04458;FGSG_05610;FGSG_07075;FGSG_08601;FGSG_09012;FGSG_09456;FGSG_09834;FGSG_10347,1,uncharacterized protein,GO:0003857;GO:0006631;GO:0016021;GO:0055114;GO:0070403
FGSG_06222,15,0.4732673139483042,6.424284511581961,FGSG_00743;FGSG_01422;FGSG_02272;FGSG_02461;FGSG_03061;FGSG_03894;FGSG_04458;FGSG_04589;FGSG_05610;FGSG_08601;FGSG_08712;FGSG_08774;FGSG_09012;FGSG_10347;FGSG_12180,1,uncharacterized protein,GO:0006810;GO:0016021
FGSG_12136,15,0.48489673462397354,6.42010217535366,FGSG_00743;FGSG_01422;FGSG_02272;FGSG_02461;FGSG_03061;FGSG_03894;FGSG_04458;FGSG_04589;FGSG_05610;FGSG_08601;FGSG_08774;FGSG_09012;FGSG_10347;FGSG_10922;FGSG_12180,1,uncharacterized protein,GO:0016021;GO:0016746
FGSG_06864,15,0.47917756367221864,6.409944830618505,FGSG_00743;FGSG_02272;FGSG_02461;FGSG_03061;FGSG_03340;FGSG_03894;FGSG_04458;FGSG_04589;FGSG_05610;FGSG_08601;FGSG_08774;FGSG_09012;FGSG_10347;FGSG_10922;FGSG_12180,1,uncharacterized protein,GO:0042407;GO:0044284;GO:0061617
FGSG_11991,15,0.48598263141914533,6.393037404058169,FGSG_00743;FGSG_02272;FGSG_02461;FGSG_02972;FGSG_03061;FGSG_03747;FGSG_03894;FGSG_04589;FGSG_05610;FGSG_08493;FGSG_08774;FGSG_09012;FGSG_10444;FGSG_10922;FGSG_12180,1,uncharacterized protein,GO:0006508;GO:0008237
FGSG_02671,15,0.4570370362561573,6.3850648888270864,FGSG_00007;FGSG_01866;FGSG_02321;FGSG_02323;FGSG_02324;FGSG_02325;FGSG_02326;FGSG_02327;FGSG_02328;FGSG_02329;FGSG_03842;FGSG_08082;FGSG_08083;FGSG_11326;FGSG_13952,2,uncharacterized protein,GO:0016021;GO:0055085
FGSG_06038,15,0.4555666250392281,6.373875201909386,FGSG_00007;FGSG_01866;FGSG_02321;FGSG_02323;FGSG_02324;FGSG_02325;FGSG_02326;FGSG_02327;FGSG_02328;FGSG_02329;FGSG_03842;FGSG_03881;FGSG_08083;FGSG_11326;FGSG_13952,2,uncharacterized protein,
FGSG_03975,15,0.4763710032136077,6.367308509987667,FGSG_00743;FGSG_00765;FGSG_02272;FGSG_02461;FGSG_02972;FGSG_03061;FGSG_03747;FGSG_03894;FGSG_05368;FGSG_05610;FGSG_08493;FGSG_08774;FGSG_10444;FGSG_10922;FGSG_12180,1,uncharacterized protein,GO:0004190;GO:0006508
FGSG_13704,15,0.4481626623747838,6.357664392512965,FGSG_00743;FGSG_01422;FGSG_02272;FGSG_02461;FGSG_03061;FGSG_03546;FGSG_03548;FGSG_03894;FGSG_04458;FGSG_05610;FGSG_08774;FGSG_09012;FGSG_09456;FGSG_09834;FGSG_10347,1,uncharacterized protein,
FGSG_01554,15,0.4385517103242619,6.350399921905846,FGSG_00330;FGSG_00743;FGSG_01422;FGSG_02272;FGSG_03061;FGSG_03548;FGSG_03894;FGSG_04458;FGSG_04589;FGSG_04590;FGSG_05610;FGSG_08601;FGSG_08712;FGSG_09834;FGSG_10347,1,uncharacterized protein,
FGSG_12008,15,0.448012613576214,6.340384338345569,FGSG_00330;FGSG_00743;FGSG_01422;FGSG_02272;FGSG_03061;FGSG_03546;FGSG_03548;FGSG_03894;FGSG_04458;FGSG_04589;FGSG_05610;FGSG_08601;FGSG_09834;FGSG_10347;FGSG_12180,1,uncharacterized protein,
FGSG_09525,15,0.465454797160313,6.337774105708058,FGSG_00743;FGSG_02272;FGSG_02461;FGSG_03061;FGSG_03546;FGSG_03548;FGSG_03894;FGSG_04458;FGSG_04589;FGSG_05610;FGSG_08601;FGSG_08774;FGSG_09012;FGSG_09834;FGSG_10347,1,uncharacterized protein,GO:0016021
FGSG_11062,15,0.4533643472024232,6.332734535717651,FGSG_00007;FGSG_01866;FGSG_02321;FGSG_02323;FGSG_02324;FGSG_02325;FGSG_02326;FGSG_02327;FGSG_02328;FGSG_02329;FGSG_03842;FGSG_08082;FGSG_08083;FGSG_11326;FGSG_13952,2,uncharacterized protein,GO:0016021;GO:0016740
FGSG_02680,15,0.4577614496260228,6.32073833454133,FGSG_00007;FGSG_01866;FGSG_02324;FGSG_02325;FGSG_02326;FGSG_02327;FGSG_02328;FGSG_02329;FGSG_03539;FGSG_03842;FGSG_03881;FGSG_08082;FGSG_08083;FGSG_11326;FGSG_13952,2,uncharacterized protein,GO:0016021;GO:0016747
FGSG_04081,15,0.45182517809880846,6.320326136255442,FGSG_00007;FGSG_01866;FGSG_02321;FGSG_02326;FGSG_02327;FGSG_02328;FGSG_02329;FGSG_03532;FGSG_03539;FGSG_03881;FGSG_08081;FGSG_08082;FGSG_08083;FGSG_08084;FGSG_13952,2,uncharacterized protein,GO:0008080
FGSG_01473,15,0.45976634982605363,6.308347999972941,FGSG_00007;FGSG_01866;FGSG_02324;FGSG_02326;FGSG_02327;FGSG_02328;FGSG_02329;FGSG_03539;FGSG_03842;FGSG_03881;FGSG_07896;FGSG_08081;FGSG_08082;FGSG_08083;FGSG_13952,2,uncharacterized protein,GO:0005840;GO:0046475;GO:0047389
FGSG_01221,15,0.4589850866915255,6.305762521270363,FGSG_00007;FGSG_01866;FGSG_02321;FGSG_02326;FGSG_02327;FGSG_02328;FGSG_02329;FGSG_03539;FGSG_03842;FGSG_03881;FGSG_07896;FGSG_08081;FGSG_08082;FGSG_08083;FGSG_13952,2,uncharacterized protein,GO:0016829
FGSG_10858,15,0.45558758173133895,6.2973937760236165,FGSG_00330;FGSG_02272;FGSG_03061;FGSG_03295;FGSG_03546;FGSG_03548;FGSG_03992;FGSG_04458;FGSG_04590;FGSG_07075;FGSG_08601;FGSG_09280;FGSG_09456;FGSG_09834;FGSG_10347,1,"alpha-1,2-mannosyltransferase alg-11",GO:0000026;GO:0005789;GO:0006486;GO:0006490;GO:0009312;GO:0097502
FGSG_05966,15,0.4336456276546122,6.271593760316968,FGSG_00330;FGSG_00743;FGSG_01422;FGSG_02272;FGSG_03061;FGSG_03546;FGSG_03548;FGSG_03894;FGSG_04458;FGSG_04589;FGSG_05610;FGSG_08601;FGSG_08712;FGSG_09834;FGSG_10347,1,uncharacterized protein,GO:0016021
FGSG_07137,15,0.43208739349496567,6.271392947899571,FGSG_00330;FGSG_00743;FGSG_01422;FGSG_02272;FGSG_03061;FGSG_03546;FGSG_03548;FGSG_03894;FGSG_04458;FGSG_04589;FGSG_05610;FGSG_08601;FGSG_08712;FGSG_09834;FGSG_10347,1,uncharacterized protein,GO:0003677;GO:0003899;GO:0005666;GO:0006383
FGSG_05784,15,0.452149532152463,6.261340634834026,FGSG_02271;FGSG_02272;FGSG_02461;FGSG_03061;FGSG_03295;FGSG_03546;FGSG_03548;FGSG_03992;FGSG_04458;FGSG_04590;FGSG_05610;FGSG_07075;FGSG_09456;FGSG_09834;FGSG_10347,1,uncharacterized protein,GO:0006629;GO:0016021;GO:0016717;GO:0055114
FGSG_09041,15,0.4551742774578912,6.253713646881317,FGSG_00007;FGSG_01866;FGSG_02326;FGSG_02327;FGSG_02328;FGSG_03532;FGSG_03535;FGSG_03539;FGSG_03842;FGSG_03881;FGSG_07896;FGSG_08081;FGSG_08083;FGSG_08084;FGSG_13952,2,uncharacterized protein,GO:0004414;GO:0005737;GO:0009086
FGSG_02815,15,0.4384630647469146,6.234294121108698,FGSG_01866;FGSG_02320;FGSG_02321;FGSG_02325;FGSG_02326;FGSG_02327;FGSG_02328;FGSG_02329;FGSG_03574;FGSG_03881;FGSG_08078;FGSG_08083;FGSG_10670;FGSG_11326;FGSG_12211,2,uncharacterized protein,GO:0003824;GO:0050662
FGSG_12631,15,0.4314381278240944,6.210672024476423,FGSG_01866;FGSG_02320;FGSG_02321;FGSG_02326;FGSG_02327;FGSG_02328;FGSG_02329;FGSG_03532;FGSG_03543;FGSG_03881;FGSG_08078;FGSG_08083;FGSG_09064;FGSG_11326;FGSG_12211,2,uncharacterized protein,GO:0000981;GO:0003677;GO:0005634;GO:0006351;GO:0006357;GO:0008270
FGSG_09265,14,0.4889054361473304,6.132959788719857,FGSG_00743;FGSG_00765;FGSG_02030;FGSG_02271;FGSG_02272;FGSG_02461;FGSG_03061;FGSG_03894;FGSG_05368;FGSG_05610;FGSG_08774;FGSG_09012;FGSG_11206;FGSG_13136,1,uncharacterized protein,GO:0016614;GO:0050660;GO:0055114
FGSG_04058,14,0.4798536343689007,6.13239438970823,FGSG_00743;FGSG_00765;FGSG_01422;FGSG_02271;FGSG_02272;FGSG_02461;FGSG_03061;FGSG_03894;FGSG_04309;FGSG_05610;FGSG_08774;FGSG_09012;FGSG_11206;FGSG_13136,1,uncharacterized protein,GO:0016021
FGSG_12109,14,0.4980630681667592,6.106733068037936,FGSG_00743;FGSG_01422;FGSG_02272;FGSG_02461;FGSG_03061;FGSG_03894;FGSG_04589;FGSG_04593;FGSG_05610;FGSG_08712;FGSG_08774;FGSG_09012;FGSG_10922;FGSG_12180,1,uncharacterized protein,
FGSG_03143,14,0.46839340993183,6.102250809463038,FGSG_02321;FGSG_02323;FGSG_02324;FGSG_02325;FGSG_02326;FGSG_02327;FGSG_02328;FGSG_02329;FGSG_02840;FGSG_03842;FGSG_08083;FGSG_08795;FGSG_11326;FGSG_13952,2,uncharacterized protein,GO:0016787
FGSG_13676,14,0.4902059864033366,6.101438955706393,FGSG_00743;FGSG_01422;FGSG_02272;FGSG_02461;FGSG_03061;FGSG_03894;FGSG_04458;FGSG_04589;FGSG_05610;FGSG_08712;FGSG_08774;FGSG_09012;FGSG_10347;FGSG_12180,1,uncharacterized protein,
FGSG_05567,14,0.4767530453191647,6.089437655125076,FGSG_00743;FGSG_00765;FGSG_01621;FGSG_02271;FGSG_02272;FGSG_02461;FGSG_03061;FGSG_03894;FGSG_04309;FGSG_05610;FGSG_08774;FGSG_09012;FGSG_11206;FGSG_13136,1,uncharacterized protein,GO:0000103;GO:0000776;GO:0000978;GO:0001076;GO:0001077;GO:0001078;GO:0001102;GO:0001103;GO:0005634;GO:0005739;GO:0006021;GO:0006338;GO:0006366;GO:0007059;GO:0009086;GO:0019237;GO:0046983;GO:0061427;GO:0061432;GO:0089713;GO:1900375;GO:1900478
FGSG_13744,14,0.4808124568838099,6.08752438001341,FGSG_00743;FGSG_01422;FGSG_02271;FGSG_02272;FGSG_02461;FGSG_02782;FGSG_03061;FGSG_03894;FGSG_04588;FGSG_05610;FGSG_07075;FGSG_08774;FGSG_09012;FGSG_09456,1,uncharacterized protein,GO:0046872
FGSG_07334,14,0.47519832733435663,6.077050968423752,FGSG_00743;FGSG_01422;FGSG_02271;FGSG_02272;FGSG_02461;FGSG_03061;FGSG_03894;FGSG_04590;FGSG_05610;FGSG_07075;FGSG_08774;FGSG_09012;FGSG_09456;FGSG_09834,1,uncharacterized protein,GO:0000774;GO:0002181;GO:0005634;GO:0006417;GO:0022626;GO:0050790;GO:0071629
FGSG_09950,14,0.4595543622601642,6.070554986118205,FGSG_00330;FGSG_01422;FGSG_03546;FGSG_03547;FGSG_03548;FGSG_03992;FGSG_04458;FGSG_04590;FGSG_04591;FGSG_08601;FGSG_09280;FGSG_09456;FGSG_09834;FGSG_10347,1,uncharacterized protein,
FGSG_10308,14,0.4624768226499663,6.069661498479481,FGSG_02321;FGSG_02323;FGSG_02324;FGSG_02325;FGSG_02326;FGSG_02327;FGSG_02328;FGSG_02329;FGSG_02903;FGSG_03842;FGSG_08083;FGSG_10670;FGSG_11326;FGSG_13952,2,uncharacterized protein,GO:0005811;GO:0016021
FGSG_05532,14,0.4615335276388739,6.060406837625568,FGSG_02321;FGSG_02323;FGSG_02324;FGSG_02325;FGSG_02326;FGSG_02327;FGSG_02328;FGSG_02329;FGSG_02840;FGSG_02903;FGSG_03599;FGSG_05919;FGSG_11326;FGSG_13952,2,uncharacterized protein,GO:0016021
FGSG_02317,14,0.49255457979995054,6.056910897660295,FGSG_00743;FGSG_00765;FGSG_01422;FGSG_02272;FGSG_02461;FGSG_03061;FGSG_03894;FGSG_04589;FGSG_05610;FGSG_08712;FGSG_08774;FGSG_09012;FGSG_10922;FGSG_12180,1,uncharacterized protein,
FGSG_02108,14,0.4597676787176576,6.044233213055633,FGSG_02321;FGSG_02323;FGSG_02324;FGSG_02325;FGSG_02326;FGSG_02327;FGSG_02328;FGSG_02329;FGSG_02903;FGSG_03599;FGSG_03842;FGSG_08083;FGSG_11326;FGSG_13952,2,uncharacterized protein,
FGSG_08210,14,0.45948085029948404,6.041820196252678,FGSG_02321;FGSG_02323;FGSG_02324;FGSG_02325;FGSG_02326;FGSG_02327;FGSG_02328;FGSG_02329;FGSG_02903;FGSG_03599;FGSG_03842;FGSG_08083;FGSG_11326;FGSG_13952,2,uncharacterized protein,
FGSG_04828,14,0.4575725842305006,6.040644427637613,FGSG_02321;FGSG_02323;FGSG_02324;FGSG_02325;FGSG_02326;FGSG_02327;FGSG_02328;FGSG_02329;FGSG_02903;FGSG_03599;FGSG_03842;FGSG_08083;FGSG_11326;FGSG_13952,2,uncharacterized protein,GO:0016021;GO:0020037;GO:0051213;GO:0055114
FGSG_13555,14,0.4577203827143809,6.040192706080708,FGSG_00743;FGSG_01422;FGSG_02272;FGSG_02461;FGSG_03061;FGSG_03548;FGSG_03894;FGSG_04458;FGSG_05610;FGSG_08774;FGSG_09012;FGSG_09456;FGSG_09834;FGSG_10347,1,uncharacterized protein,GO:0000244;GO:0000349;GO:0000388;GO:0003746;GO:0003924;GO:0005525;GO:0005682;GO:0006414;GO:0030623;GO:0046540
FGSG_04874,14,0.45651507854841733,6.03439614487491,FGSG_02321;FGSG_02323;FGSG_02324;FGSG_02325;FGSG_02326;FGSG_02327;FGSG_02328;FGSG_02329;FGSG_02903;FGSG_03599;FGSG_03842;FGSG_08083;FGSG_11326;FGSG_13952,2,uncharacterized protein,GO:0008152
FGSG_03990,14,0.4598981261533846,6.030870573000054,FGSG_02321;FGSG_02323;FGSG_02324;FGSG_02325;FGSG_02326;FGSG_02327;FGSG_02328;FGSG_02329;FGSG_02903;FGSG_03842;FGSG_08083;FGSG_10670;FGSG_11326;FGSG_13952,2,uncharacterized protein,GO:0016311;GO:0016791;GO:0047407
FGSG_09002,14,0.4684507409740952,6.026229652790067,FGSG_00743;FGSG_01422;FGSG_02271;FGSG_02272;FGSG_02461;FGSG_02782;FGSG_03061;FGSG_03894;FGSG_05610;FGSG_07075;FGSG_08774;FGSG_09012;FGSG_09456;FGSG_09834,1,uncharacterized protein,GO:0003735;GO:0005762;GO:0032543
FGSG_03335,14,0.45994699819882573,6.025558428020418,FGSG_01422;FGSG_02271;FGSG_02272;FGSG_02461;FGSG_03061;FGSG_03295;FGSG_03894;FGSG_04458;FGSG_04590;FGSG_05610;FGSG_07075;FGSG_07528;FGSG_09456;FGSG_09834,1,uncharacterized protein,
FGSG_06609,14,0.45807296163058037,6.0202483055512515,FGSG_02321;FGSG_02323;FGSG_02324;FGSG_02325;FGSG_02326;FGSG_02327;FGSG_02328;FGSG_02329;FGSG_02903;FGSG_03842;FGSG_08083;FGSG_10670;FGSG_11326;FGSG_13952,2,uncharacterized protein,GO:0008080
FGSG_11061,14,0.46291474505590624,6.015451653838325,FGSG_02321;FGSG_02323;FGSG_02324;FGSG_02325;FGSG_02326;FGSG_02327;FGSG_02328;FGSG_02329;FGSG_02840;FGSG_02903;FGSG_08083;FGSG_10670;FGSG_11326;FGSG_13952,2,uncharacterized protein,GO:0046872;GO:0051087
FGSG_12745,14,0.47833588065192983,6.013629807316803,FGSG_00743;FGSG_00765;FGSG_01621;FGSG_02272;FGSG_02461;FGSG_03061;FGSG_03894;FGSG_05368;FGSG_05610;FGSG_08493;FGSG_08774;FGSG_09012;FGSG_10922;FGSG_13136,1,heat shock protein HSP98,GO:0001319;GO:0005524;GO:0005635;GO:0019538;GO:0034975;GO:0042623;GO:0043335;GO:0043531;GO:0051082;GO:0051087;GO:0051787;GO:0070370;GO:0070389;GO:0070414;GO:0071218;GO:0072380
FGSG_01491,14,0.48728650471653684,6.009216935130839,FGSG_00743;FGSG_02272;FGSG_02461;FGSG_02972;FGSG_03061;FGSG_03747;FGSG_03894;FGSG_04589;FGSG_05610;FGSG_08774;FGSG_09012;FGSG_10347;FGSG_10922;FGSG_12180,1,uncharacterized protein,
FGSG_11377,14,0.4616113343634117,6.004031335689958,FGSG_02077;FGSG_02321;FGSG_02323;FGSG_02324;FGSG_02325;FGSG_02326;FGSG_02327;FGSG_02328;FGSG_02329;FGSG_02840;FGSG_02903;FGSG_08083;FGSG_10670;FGSG_11326,2,uncharacterized protein,
FGSG_12445,14,0.457762026622236,6.001866198400723,FGSG_02321;FGSG_02323;FGSG_02324;FGSG_02325;FGSG_02326;FGSG_02327;FGSG_02328;FGSG_02329;FGSG_02903;FGSG_03599;FGSG_03842;FGSG_08083;FGSG_11326;FGSG_13952,2,uncharacterized protein,GO:0004527;GO:0016021;GO:0090305
FGSG_04581,14,0.46129260388857896,5.998503741294989,FGSG_01866;FGSG_02321;FGSG_02323;FGSG_02324;FGSG_02325;FGSG_02326;FGSG_02327;FGSG_02328;FGSG_02329;FGSG_03842;FGSG_08083;FGSG_08795;FGSG_11326;FGSG_13952,2,uncharacterized protein,GO:0000104;GO:0000981;GO:0003677;GO:0005634;GO:0006099;GO:0006351;GO:0006357;GO:0008270;GO:0009055;GO:0016020
FGSG_10735,14,0.45831527555458795,5.995905752246554,FGSG_00743;FGSG_01422;FGSG_02272;FGSG_02461;FGSG_03061;FGSG_03548;FGSG_03894;FGSG_04458;FGSG_05610;FGSG_08774;FGSG_09012;FGSG_09456;FGSG_09834;FGSG_10347,1,uncharacterized protein,
FGSG_10624,14,0.4614114079082381,5.988514353082421,FGSG_02321;FGSG_02323;FGSG_02324;FGSG_02325;FGSG_02326;FGSG_02327;FGSG_02328;FGSG_02329;FGSG_02903;FGSG_08083;FGSG_08795;FGSG_10670;FGSG_11326;FGSG_13952,2,uncharacterized protein,GO:0004488;GO:0009396;GO:0055114
FGSG_03734,14,0.4547835970363091,5.985834250303368,FGSG_00007;FGSG_01866;FGSG_02321;FGSG_02324;FGSG_02325;FGSG_02326;FGSG_02327;FGSG_02328;FGSG_02329;FGSG_03842;FGSG_03881;FGSG_08083;FGSG_11326;FGSG_13952,2,uncharacterized protein,
FGSG_02288,14,0.461495403753279,5.985762931629546,FGSG_01422;FGSG_02271;FGSG_02272;FGSG_02461;FGSG_03061;FGSG_03894;FGSG_04458;FGSG_04590;FGSG_05610;FGSG_07075;FGSG_08712;FGSG_09456;FGSG_09834;FGSG_10347,1,uncharacterized protein,GO:0004386;GO:0046872
FGSG_07373,14,0.4791819071895975,5.979108525744083,FGSG_00743;FGSG_01422;FGSG_02272;FGSG_02461;FGSG_03061;FGSG_03894;FGSG_04458;FGSG_04589;FGSG_05610;FGSG_08712;FGSG_08774;FGSG_09012;FGSG_10347;FGSG_12180,1,uncharacterized protein,GO:0000324;GO:0016021
FGSG_08626,14,0.4741017022503608,5.971632170597684,FGSG_00743;FGSG_01422;FGSG_02272;FGSG_02461;FGSG_03061;FGSG_03894;FGSG_04458;FGSG_04589;FGSG_05610;FGSG_08712;FGSG_08774;FGSG_10347;FGSG_10922;FGSG_12180,1,uncharacterized protein,GO:0001078;GO:0005634;GO:0005737;GO:0008270;GO:0035948;GO:0043565;GO:0061414;GO:0061415
FGSG_11829,14,0.4719182219994996,5.939047685274624,FGSG_00743;FGSG_01422;FGSG_02272;FGSG_02461;FGSG_03061;FGSG_03894;FGSG_04458;FGSG_04589;FGSG_05610;FGSG_08601;FGSG_08712;FGSG_08774;FGSG_10347;FGSG_12180,1,uncharacterized protein,GO:0016021
FGSG_03568,14,0.4580958922356117,5.934141356081122,FGSG_00007;FGSG_01866;FGSG_02321;FGSG_02324;FGSG_02325;FGSG_02326;FGSG_02327;FGSG_02328;FGSG_02329;FGSG_03842;FGSG_03881;FGSG_08083;FGSG_11326;FGSG_13952,2,uncharacterized protein,GO:0008171;GO:0032259
FGSG_11113,14,0.44939888580783055,5.928675726565819,FGSG_00330;FGSG_00743;FGSG_02272;FGSG_03061;FGSG_03546;FGSG_03548;FGSG_03894;FGSG_04458;FGSG_04589;FGSG_05610;FGSG_08601;FGSG_09834;FGSG_10347;FGSG_12180,1,uncharacterized protein,
FGSG_04384,14,0.44337874649552034,5.923671652134169,FGSG_00330;FGSG_01422;FGSG_02272;FGSG_03061;FGSG_03546;FGSG_03548;FGSG_03992;FGSG_04458;FGSG_05610;FGSG_08601;FGSG_09012;FGSG_09456;FGSG_09834;FGSG_10347,1,uncharacterized protein,GO:0001403;GO:0004828;GO:0005524;GO:0005739;GO:0007124;GO:0070158
FGSG_03481,14,0.4500386474089203,5.921548819379037,FGSG_00007;FGSG_01866;FGSG_02321;FGSG_02324;FGSG_02325;FGSG_02326;FGSG_02327;FGSG_02328;FGSG_02329;FGSG_03842;FGSG_03881;FGSG_08083;FGSG_11326;FGSG_13952,2,uncharacterized protein,GO:0006508;GO:0008237;GO:0016829
FGSG_00207,14,0.4584765156675074,5.910194702356748,FGSG_00007;FGSG_01866;FGSG_02321;FGSG_02324;FGSG_02326;FGSG_02327;FGSG_02328;FGSG_02329;FGSG_03539;FGSG_03842;FGSG_03881;FGSG_08082;FGSG_08083;FGSG_13952,2,uncharacterized protein,
FGSG_01659,14,0.4490139255081087,5.901710971421558,FGSG_00330;FGSG_00743;FGSG_01422;FGSG_02272;FGSG_03061;FGSG_03548;FGSG_03894;FGSG_04458;FGSG_04589;FGSG_05610;FGSG_08601;FGSG_08712;FGSG_10347;FGSG_12180,1,uncharacterized protein,GO:0016787
FGSG_07182,14,0.4741736147144675,5.899629817595517,FGSG_00743;FGSG_00765;FGSG_02272;FGSG_02461;FGSG_02972;FGSG_03061;FGSG_03747;FGSG_03894;FGSG_05368;FGSG_05610;FGSG_08493;FGSG_08774;FGSG_10444;FGSG_10922,1,elongation factor Tu,GO:0003746;GO:0003924;GO:0005525;GO:0005739;GO:0005783;GO:0016853;GO:0045454;GO:0070125
FGSG_03120,14,0.452568338999411,5.897508047576219,FGSG_01866;FGSG_02320;FGSG_02321;FGSG_02323;FGSG_02324;FGSG_02325;FGSG_02326;FGSG_02327;FGSG_02328;FGSG_02329;FGSG_08083;FGSG_09187;FGSG_11326;FGSG_13952,2,uncharacterized protein,GO:0016021
FGSG_03262,14,0.45889087524978933,5.886564949973466,FGSG_00007;FGSG_01866;FGSG_02326;FGSG_02327;FGSG_02328;FGSG_02329;FGSG_03532;FGSG_03539;FGSG_03842;FGSG_03881;FGSG_07896;FGSG_08081;FGSG_08083;FGSG_13952,2,uncharacterized protein,GO:0010181;GO:0016491;GO:0055114
FGSG_13138,14,0.44001711728212034,5.885756997666693,FGSG_01422;FGSG_02272;FGSG_02461;FGSG_03061;FGSG_03546;FGSG_03548;FGSG_03894;FGSG_04458;FGSG_05610;FGSG_08601;FGSG_09012;FGSG_09456;FGSG_09834;FGSG_10347,1,uncharacterized protein,
FGSG_00322,14,0.4573392616389467,5.85903388545956,FGSG_00743;FGSG_02272;FGSG_02461;FGSG_03061;FGSG_03546;FGSG_03548;FGSG_03894;FGSG_04458;FGSG_04589;FGSG_05610;FGSG_08601;FGSG_08774;FGSG_09012;FGSG_10347,1,uncharacterized protein,
FGSG_04543,14,0.45081951976744644,5.855568255896049,FGSG_00007;FGSG_01866;FGSG_02321;FGSG_02324;FGSG_02325;FGSG_02326;FGSG_02327;FGSG_02328;FGSG_02329;FGSG_03842;FGSG_03881;FGSG_08082;FGSG_08083;FGSG_13952,2,uncharacterized protein,GO:0008080
FGSG_05692,14,0.4355275902904762,5.825855341787829,FGSG_01866;FGSG_02320;FGSG_02321;FGSG_02325;FGSG_02326;FGSG_02327;FGSG_02328;FGSG_02329;FGSG_03574;FGSG_08078;FGSG_08083;FGSG_10670;FGSG_11326;FGSG_12211,2,uncharacterized protein,GO:0016021
FGSG_10815,14,0.4256152497198953,5.823120816321593,FGSG_00330;FGSG_01422;FGSG_02272;FGSG_02461;FGSG_03061;FGSG_03546;FGSG_03548;FGSG_03894;FGSG_04458;FGSG_05610;FGSG_08601;FGSG_09456;FGSG_09834;FGSG_10347,1,uncharacterized protein,GO:0005680;GO:0005739;GO:0005829;GO:0016020;GO:0030234;GO:0031145;GO:0031497
FGSG_01230,14,0.44925824685648474,5.805321951632139,FGSG_00330;FGSG_02272;FGSG_03061;FGSG_03295;FGSG_03546;FGSG_03548;FGSG_03992;FGSG_04458;FGSG_04590;FGSG_07075;FGSG_09280;FGSG_09456;FGSG_09834;FGSG_10347,1,phosphate carrier protein 2,GO:0005315;GO:0005739;GO:0006817;GO:0016021;GO:0055085
FGSG_07383,14,0.4422403892245322,5.788030114455406,FGSG_00007;FGSG_01866;FGSG_02326;FGSG_02327;FGSG_02328;FGSG_02329;FGSG_03532;FGSG_03543;FGSG_08079;FGSG_08081;FGSG_08083;FGSG_08084;FGSG_09064;FGSG_13952,2,uncharacterized protein,GO:0005524;GO:0016021;GO:0042626;GO:0055085
FGSG_00857,13,0.47149444808794494,5.806618222652472,FGSG_00330;FGSG_01422;FGSG_03546;FGSG_03547;FGSG_03548;FGSG_03992;FGSG_04458;FGSG_04591;FGSG_08601;FGSG_09280;FGSG_09456;FGSG_09834;FGSG_10347,1,uncharacterized protein,
FGSG_04196,13,0.4866715498055397,5.7503456559010235,FGSG_00743;FGSG_01422;FGSG_02271;FGSG_02272;FGSG_02461;FGSG_03061;FGSG_03894;FGSG_04590;FGSG_05610;FGSG_08712;FGSG_08774;FGSG_09012;FGSG_13136,1,succinate-semialdehyde dehydrogenase,GO:0009013;GO:0009450;GO:0055114
FGSG_06811,13,0.49143179677280313,5.742069228756394,FGSG_00743;FGSG_01422;FGSG_02030;FGSG_02271;FGSG_02272;FGSG_02461;FGSG_03061;FGSG_03894;FGSG_04588;FGSG_05610;FGSG_08774;FGSG_09012;FGSG_13136,1,uncharacterized protein,GO:0001104;GO:0006357;GO:0016592
FGSG_02675,13,0.48369948238848837,5.7047507299264675,FGSG_00743;FGSG_01422;FGSG_02271;FGSG_02272;FGSG_02461;FGSG_03061;FGSG_03894;FGSG_04590;FGSG_05610;FGSG_08712;FGSG_08774;FGSG_09012;FGSG_13136,1,uncharacterized protein,GO:0015665;GO:0015850;GO:0016021;GO:0022890;GO:0098655
FGSG_09268,13,0.4687070347838744,5.704733405560854,FGSG_01866;FGSG_02321;FGSG_02323;FGSG_02324;FGSG_02325;FGSG_02326;FGSG_02327;FGSG_02328;FGSG_02329;FGSG_03842;FGSG_08083;FGSG_11326;FGSG_13952,2,uncharacterized protein,
FGSG_08465,13,0.4658145312401437,5.704330458354335,FGSG_01866;FGSG_02321;FGSG_02323;FGSG_02324;FGSG_02325;FGSG_02326;FGSG_02327;FGSG_02328;FGSG_02329;FGSG_03842;FGSG_08083;FGSG_11326;FGSG_13952,2,uncharacterized protein,
FGSG_09007,13,0.4667065669368679,5.700427922278152,FGSG_02321;FGSG_02323;FGSG_02324;FGSG_02325;FGSG_02326;FGSG_02327;FGSG_02328;FGSG_02329;FGSG_02903;FGSG_03842;FGSG_08083;FGSG_11326;FGSG_13952,2,uncharacterized protein,
FGSG_09220,13,0.47617645080861737,5.694639469646614,FGSG_00743;FGSG_01422;FGSG_02271;FGSG_02272;FGSG_02461;FGSG_03061;FGSG_03894;FGSG_05610;FGSG_07075;FGSG_08774;FGSG_09012;FGSG_09456;FGSG_09834,1,uncharacterized protein,GO:0005744;GO:0016021;GO:0030150
FGSG_07547,13,0.49089851156898484,5.688520993666371,FGSG_00743;FGSG_01422;FGSG_02272;FGSG_02461;FGSG_03061;FGSG_03894;FGSG_04458;FGSG_04589;FGSG_05610;FGSG_08712;FGSG_08774;FGSG_09012;FGSG_10347,1,protoheme IX farnesyltransferase,GO:0006784;GO:0008495;GO:0016021;GO:0031966;GO:0048034
FGSG_09560,13,0.47093102905601464,5.686916322383519,FGSG_00743;FGSG_01422;FGSG_02271;FGSG_02272;FGSG_02461;FGSG_03061;FGSG_03894;FGSG_04458;FGSG_04590;FGSG_05610;FGSG_08712;FGSG_09834;FGSG_10347,1,uncharacterized protein,
FGSG_08336,13,0.49488508497598954,5.686816923760538,FGSG_00743;FGSG_00765;FGSG_02272;FGSG_02461;FGSG_03061;FGSG_03894;FGSG_05368;FGSG_05610;FGSG_08493;FGSG_08774;FGSG_09012;FGSG_10922;FGSG_12180,1,uncharacterized protein,GO:0016021
FGSG_06465,13,0.48064134832578653,5.6864260281141155,FGSG_00743;FGSG_01422;FGSG_02272;FGSG_02461;FGSG_03061;FGSG_03894;FGSG_04458;FGSG_04590;FGSG_05610;FGSG_08712;FGSG_08774;FGSG_09012;FGSG_10347,1,uncharacterized protein,GO:0016787
FGSG_01636,13,0.4780679841743958,5.670842865817923,FGSG_00743;FGSG_01422;FGSG_02272;FGSG_02461;FGSG_03061;FGSG_03894;FGSG_04458;FGSG_04590;FGSG_05610;FGSG_08712;FGSG_08774;FGSG_09012;FGSG_10347,1,uncharacterized protein,GO:0016021
FGSG_02160,13,0.4669139444492587,5.665777855406199,FGSG_02321;FGSG_02323;FGSG_02324;FGSG_02325;FGSG_02326;FGSG_02327;FGSG_02328;FGSG_02329;FGSG_03842;FGSG_08083;FGSG_10670;FGSG_11326;FGSG_13952,2,aldehyde dehydrogenase,GO:0016620;GO:0055114
FGSG_13280,13,0.47635440465930895,5.661976509360253,FGSG_00743;FGSG_01422;FGSG_02271;FGSG_02272;FGSG_02461;FGSG_03061;FGSG_03894;FGSG_04590;FGSG_05610;FGSG_08712;FGSG_08774;FGSG_09012;FGSG_13136,1,uncharacterized protein,GO:0000166;GO:0006744;GO:0031314
FGSG_09600,13,0.47988949117365387,5.660601415830369,FGSG_00743;FGSG_01422;FGSG_02272;FGSG_02461;FGSG_03061;FGSG_03894;FGSG_04458;FGSG_05610;FGSG_08774;FGSG_09012;FGSG_09456;FGSG_09834;FGSG_10347,1,uncharacterized protein,GO:0005628;GO:0005634;GO:0005768;GO:0005829;GO:0006886;GO:0008565;GO:0030905;GO:0032120;GO:0032266;GO:0042147
FGSG_08201,13,0.4659019358152334,5.656958351150279,FGSG_02321;FGSG_02323;FGSG_02324;FGSG_02325;FGSG_02326;FGSG_02327;FGSG_02328;FGSG_02329;FGSG_02903;FGSG_08083;FGSG_10670;FGSG_11326;FGSG_13952,2,uncharacterized protein,
FGSG_01836,13,0.4643546508990069,5.653100524175198,FGSG_02321;FGSG_02323;FGSG_02324;FGSG_02325;FGSG_02326;FGSG_02327;FGSG_02328;FGSG_02329;FGSG_02840;FGSG_02903;FGSG_08083;FGSG_11326;FGSG_13952,2,uncharacterized protein,GO:0005975;GO:0016758;GO:0030259
FGSG_08452,13,0.4692770661363112,5.6474349463718,FGSG_01422;FGSG_02271;FGSG_02272;FGSG_02461;FGSG_03061;FGSG_03894;FGSG_04458;FGSG_04590;FGSG_05610;FGSG_07075;FGSG_09012;FGSG_09456;FGSG_09834,1,uncharacterized protein,GO:0005758;GO:0005829;GO:0008686;GO:0009060;GO:0009231;GO:0046872
FGSG_05407,13,0.4777630616752178,5.643393556608925,FGSG_00743;FGSG_00765;FGSG_01621;FGSG_02272;FGSG_02461;FGSG_03061;FGSG_03894;FGSG_04309;FGSG_05368;FGSG_05610;FGSG_08774;FGSG_09012;FGSG_13136,1,uncharacterized protein,GO:0016020
FGSG_03942,13,0.46299681318489205,5.639953367305319,FGSG_02321;FGSG_02323;FGSG_02324;FGSG_02325;FGSG_02326;FGSG_02327;FGSG_02328;FGSG_02329;FGSG_02903;FGSG_03599;FGSG_08083;FGSG_11326;FGSG_13952,2,uncharacterized protein,
FGSG_09477,13,0.46275195090887694,5.634592098375037,FGSG_01866;FGSG_02321;FGSG_02323;FGSG_02324;FGSG_02325;FGSG_02326;FGSG_02327;FGSG_02328;FGSG_02329;FGSG_03842;FGSG_08083;FGSG_11326;FGSG_13952,2,uncharacterized protein,GO:0004733;GO:0005887;GO:0010181;GO:0015079;GO:0042823;GO:0055114;GO:0071805
FGSG_04658,13,0.4621208534225136,5.633081933421614,FGSG_01866;FGSG_02321;FGSG_02323;FGSG_02324;FGSG_02325;FGSG_02326;FGSG_02327;FGSG_02328;FGSG_02329;FGSG_03842;FGSG_08083;FGSG_11326;FGSG_13952,2,uncharacterized protein,GO:0016021;GO:0055085
FGSG_13151,13,0.4717595548971896,5.631641449320837,FGSG_00743;FGSG_01422;FGSG_02272;FGSG_02461;FGSG_03061;FGSG_03894;FGSG_04458;FGSG_05610;FGSG_08774;FGSG_09012;FGSG_09456;FGSG_09834;FGSG_10347,1,uncharacterized protein,GO:0046872
FGSG_08656,13,0.46663642088786983,5.627326745365981,FGSG_00743;FGSG_01422;FGSG_02272;FGSG_02461;FGSG_03061;FGSG_03894;FGSG_04458;FGSG_04589;FGSG_05610;FGSG_08601;FGSG_08712;FGSG_10347;FGSG_12180,1,uncharacterized protein,GO:0000147;GO:0003779;GO:0006897;GO:0030041;GO:0030479;GO:0032233;GO:0043332;GO:0044397;GO:0045010;GO:0071963;GO:1902404;GO:1903475;GO:2000601
FGSG_03731,13,0.46242963422600775,5.624841831122121,FGSG_01866;FGSG_02321;FGSG_02323;FGSG_02324;FGSG_02325;FGSG_02326;FGSG_02327;FGSG_02328;FGSG_02329;FGSG_03842;FGSG_08083;FGSG_11326;FGSG_13952,2,uncharacterized protein,
FGSG_01413,13,0.48890085757115376,5.615352235137982,FGSG_00743;FGSG_00765;FGSG_02272;FGSG_02461;FGSG_02972;FGSG_03061;FGSG_03747;FGSG_03894;FGSG_05610;FGSG_08774;FGSG_09012;FGSG_10922;FGSG_12180,1,uncharacterized protein,
FGSG_00470,13,0.45466210035659127,5.614544670460645,FGSG_02321;FGSG_02323;FGSG_02324;FGSG_02325;FGSG_02326;FGSG_02327;FGSG_02328;FGSG_02329;FGSG_03599;FGSG_03842;FGSG_08083;FGSG_11326;FGSG_13952,2,uncharacterized protein,GO:0016021
FGSG_04826,13,0.4724005306091232,5.613160452408733,FGSG_01422;FGSG_02271;FGSG_02272;FGSG_02461;FGSG_03061;FGSG_03894;FGSG_04590;FGSG_05610;FGSG_07075;FGSG_09012;FGSG_09456;FGSG_09834;FGSG_13136,1,L-xylulose reductase,GO:0005997;GO:0006006;GO:0050038;GO:0050085;GO:0051289;GO:0055114
FGSG_09888,13,0.45698675690805585,5.612617632923395,FGSG_00330;FGSG_02272;FGSG_03546;FGSG_03547;FGSG_03548;FGSG_03992;FGSG_04458;FGSG_04591;FGSG_08601;FGSG_09280;FGSG_09456;FGSG_09834;FGSG_10347,1,uncharacterized protein,GO:0005634;GO:0005829;GO:0008270
FGSG_04310,13,0.4847823698261802,5.607031536341551,FGSG_00743;FGSG_01422;FGSG_02272;FGSG_02461;FGSG_03061;FGSG_03894;FGSG_04458;FGSG_04589;FGSG_05610;FGSG_08774;FGSG_09012;FGSG_10347;FGSG_12180,1,uncharacterized protein,GO:0005524
FGSG_04568,13,0.49303171667033624,5.605294637404588,FGSG_00743;FGSG_02272;FGSG_02461;FGSG_03061;FGSG_03747;FGSG_03894;FGSG_05368;FGSG_05610;FGSG_08493;FGSG_08774;FGSG_09012;FGSG_10922;FGSG_12180,1,phosphopantothenoylcysteine decarboxylase,GO:0003824
FGSG_10281,13,0.45979362738325846,5.59846671251089,FGSG_02321;FGSG_02323;FGSG_02324;FGSG_02325;FGSG_02326;FGSG_02327;FGSG_02328;FGSG_02329;FGSG_02903;FGSG_08083;FGSG_10670;FGSG_11326;FGSG_13952,2,uncharacterized protein,
FGSG_01599,13,0.4829584039459548,5.597651280149393,FGSG_00743;FGSG_02272;FGSG_02461;FGSG_02972;FGSG_03061;FGSG_03747;FGSG_03894;FGSG_05610;FGSG_08493;FGSG_08774;FGSG_10444;FGSG_10922;FGSG_12180,1,uncharacterized protein,GO:0016021
FGSG_09983,13,0.45818293793495324,5.592322112681959,FGSG_00330;FGSG_03546;FGSG_03547;FGSG_03548;FGSG_03992;FGSG_04458;FGSG_04589;FGSG_04591;FGSG_08601;FGSG_09280;FGSG_09456;FGSG_09834;FGSG_10347,1,uncharacterized protein,GO:0008073;GO:0043086
FGSG_11568,13,0.4647079976796502,5.59194374973334,FGSG_00330;FGSG_01422;FGSG_03546;FGSG_03547;FGSG_03548;FGSG_03992;FGSG_04458;FGSG_04589;FGSG_04591;FGSG_08601;FGSG_09280;FGSG_09834;FGSG_10347,1,uncharacterized protein,GO:0004499;GO:0050660;GO:0050661;GO:0055114
FGSG_01532,13,0.47507126068350425,5.591639041820979,FGSG_00743;FGSG_01422;FGSG_02272;FGSG_02461;FGSG_03061;FGSG_03894;FGSG_04458;FGSG_04589;FGSG_05610;FGSG_08712;FGSG_08774;FGSG_10347;FGSG_12180,1,uncharacterized protein,
FGSG_01733,13,0.4711836289800328,5.58788233292497,FGSG_01422;FGSG_02271;FGSG_02272;FGSG_02461;FGSG_03061;FGSG_03894;FGSG_04590;FGSG_05610;FGSG_07075;FGSG_09012;FGSG_09456;FGSG_09834;FGSG_13136,1,uncharacterized protein,GO:0016787
FGSG_07258,13,0.4800570009317042,5.583958852575116,FGSG_00743;FGSG_02272;FGSG_02461;FGSG_02972;FGSG_03061;FGSG_03747;FGSG_03894;FGSG_04589;FGSG_05610;FGSG_08774;FGSG_10444;FGSG_10922;FGSG_12180,1,uncharacterized protein,GO:0000027;GO:0005524;GO:0005654;GO:0005739;GO:0006364;GO:0016887
FGSG_10039,13,0.4603721510247347,5.582702451910717,FGSG_00330;FGSG_03546;FGSG_03547;FGSG_03548;FGSG_03992;FGSG_04458;FGSG_04589;FGSG_04591;FGSG_08601;FGSG_08712;FGSG_09280;FGSG_09834;FGSG_10347,1,uncharacterized protein,GO:0016021;GO:0051920;GO:0055085;GO:0055114;GO:0098869
FGSG_06564,13,0.44907510474828854,5.576909004374431,FGSG_01422;FGSG_02271;FGSG_02272;FGSG_02461;FGSG_03061;FGSG_03295;FGSG_04458;FGSG_04590;FGSG_05610;FGSG_07075;FGSG_07528;FGSG_09456;FGSG_09834,1,uncharacterized protein,GO:0016021
FGSG_05892,13,0.4617402568725783,5.575421549817738,FGSG_00330;FGSG_00743;FGSG_03061;FGSG_03546;FGSG_03547;FGSG_03548;FGSG_03894;FGSG_04458;FGSG_04589;FGSG_05610;FGSG_08601;FGSG_09834;FGSG_10347,1,uncharacterized protein,GO:0016021
FGSG_11994,13,0.46553451842798854,5.573484916592356,FGSG_00743;FGSG_01422;FGSG_02271;FGSG_02272;FGSG_02461;FGSG_03061;FGSG_03894;FGSG_04590;FGSG_05610;FGSG_07075;FGSG_09012;FGSG_09456;FGSG_09834,1,uncharacterized protein,
FGSG_13979,13,0.450895173112148,5.566033969603792,FGSG_02321;FGSG_02323;FGSG_02324;FGSG_02325;FGSG_02326;FGSG_02327;FGSG_02328;FGSG_02329;FGSG_03599;FGSG_03842;FGSG_08083;FGSG_11326;FGSG_13952,2,uncharacterized protein,GO:0008080;GO:0016021;GO:0055085
FGSG_03882,13,0.4818178499844452,5.564322741081865,FGSG_00743;FGSG_02272;FGSG_02461;FGSG_02972;FGSG_03061;FGSG_03747;FGSG_03894;FGSG_05610;FGSG_08493;FGSG_08774;FGSG_10444;FGSG_10922;FGSG_12180,1,uncharacterized protein,GO:0005524;GO:0005886;GO:0016021;GO:0042626;GO:0055085
FGSG_02319,13,0.4600886259519874,5.564024399182015,FGSG_01866;FGSG_02321;FGSG_02323;FGSG_02324;FGSG_02325;FGSG_02326;FGSG_02327;FGSG_02328;FGSG_02329;FGSG_08083;FGSG_10670;FGSG_11326;FGSG_13952,2,uncharacterized protein,GO:0016021
FGSG_03769,13,0.4528552452639644,5.56206298195331,FGSG_01866;FGSG_02321;FGSG_02323;FGSG_02324;FGSG_02325;FGSG_02326;FGSG_02327;FGSG_02328;FGSG_02329;FGSG_03842;FGSG_08083;FGSG_11326;FGSG_13952,2,uncharacterized protein,GO:0004185;GO:0006508
FGSG_06595,13,0.4518038510625678,5.555897085681569,FGSG_01422;FGSG_02271;FGSG_02272;FGSG_02461;FGSG_03061;FGSG_03295;FGSG_04458;FGSG_04590;FGSG_05610;FGSG_07075;FGSG_07528;FGSG_09456;FGSG_09834,1,uncharacterized protein,
FGSG_13118,13,0.4835778612605525,5.552640136734192,FGSG_00743;FGSG_00765;FGSG_02272;FGSG_02461;FGSG_03061;FGSG_03747;FGSG_03894;FGSG_05368;FGSG_05610;FGSG_08493;FGSG_08774;FGSG_09012;FGSG_10922,1,uncharacterized protein,GO:0005826;GO:0005885;GO:0007015;GO:0007017;GO:0008017;GO:0030139;GO:0030479;GO:0030674;GO:0034316;GO:0035838;GO:0051015;GO:0051666;GO:1990819;GO:2000601
FGSG_20650,13,0.45432399337696855,5.546105569011973,FGSG_00743;FGSG_01422;FGSG_02272;FGSG_02461;FGSG_03061;FGSG_03894;FGSG_04458;FGSG_05610;FGSG_08774;FGSG_09012;FGSG_09456;FGSG_09834;FGSG_10347,1,tRNA-Ala,
FGSG_12214,13,0.45569718948637966,5.539840847848863,FGSG_02321;FGSG_02323;FGSG_02324;FGSG_02325;FGSG_02326;FGSG_02327;FGSG_02328;FGSG_02329;FGSG_02903;FGSG_03599;FGSG_03842;FGSG_11326;FGSG_13952,2,uncharacterized protein,
FGSG_07072,13,0.47830561779079905,5.5332660083941665,FGSG_00743;FGSG_00765;FGSG_02272;FGSG_02461;FGSG_03061;FGSG_03747;FGSG_03894;FGSG_05368;FGSG_05610;FGSG_08493;FGSG_08774;FGSG_10444;FGSG_10922,1,uncharacterized protein,GO:0016021
FGSG_10212,13,0.46950451602180254,5.529970267803036,FGSG_00743;FGSG_00765;FGSG_01621;FGSG_02272;FGSG_02461;FGSG_03061;FGSG_03894;FGSG_04309;FGSG_05368;FGSG_05610;FGSG_08774;FGSG_09012;FGSG_13136,1,uncharacterized protein,
FGSG_07584,13,0.4501411560785117,5.527006691827052,FGSG_01866;FGSG_02321;FGSG_02323;FGSG_02324;FGSG_02325;FGSG_02326;FGSG_02327;FGSG_02328;FGSG_02329;FGSG_03842;FGSG_08083;FGSG_11326;FGSG_13952,2,uncharacterized protein,GO:0016021;GO:0055085
FGSG_09125,13,0.4502692757165696,5.52607352537604,FGSG_02321;FGSG_02323;FGSG_02324;FGSG_02325;FGSG_02326;FGSG_02327;FGSG_02328;FGSG_02329;FGSG_02903;FGSG_03842;FGSG_08083;FGSG_11326;FGSG_13952,2,uncharacterized protein,GO:0016491;GO:0055114
FGSG_12590,13,0.4513423791297701,5.525861497425415,FGSG_02321;FGSG_02323;FGSG_02324;FGSG_02325;FGSG_02326;FGSG_02327;FGSG_02328;FGSG_02329;FGSG_02903;FGSG_03842;FGSG_08083;FGSG_11326;FGSG_13952,2,uncharacterized protein,
FGSG_12845,13,0.45080333182153487,5.52345741657607,FGSG_02321;FGSG_02323;FGSG_02324;FGSG_02325;FGSG_02326;FGSG_02327;FGSG_02328;FGSG_02329;FGSG_02903;FGSG_03842;FGSG_08083;FGSG_11326;FGSG_13952,2,uncharacterized protein,GO:0030529
FGSG_10642,13,0.4675109034472707,5.520716166168002,FGSG_00743;FGSG_01422;FGSG_02272;FGSG_02461;FGSG_03061;FGSG_03894;FGSG_04458;FGSG_04589;FGSG_05610;FGSG_08774;FGSG_09012;FGSG_10347;FGSG_12180,1,uncharacterized protein,
FGSG_13133,13,0.4397632536739108,5.5197607086569,FGSG_01422;FGSG_02272;FGSG_02461;FGSG_03061;FGSG_03546;FGSG_03548;FGSG_03894;FGSG_04458;FGSG_05610;FGSG_09012;FGSG_09456;FGSG_09834;FGSG_10347,1,uncharacterized protein,GO:0004129;GO:0005751;GO:0006123;GO:1902600
FGSG_05275,13,0.47246074192100157,5.519695101317796,FGSG_00743;FGSG_00765;FGSG_01621;FGSG_02272;FGSG_02461;FGSG_03061;FGSG_03747;FGSG_03894;FGSG_05368;FGSG_05610;FGSG_08493;FGSG_08774;FGSG_10922,1,uncharacterized protein,
FGSG_06572,13,0.47329701081122927,5.493116774128118,FGSG_00743;FGSG_00765;FGSG_02272;FGSG_02461;FGSG_02972;FGSG_03061;FGSG_03747;FGSG_03894;FGSG_05610;FGSG_08493;FGSG_08774;FGSG_10444;FGSG_10922,1,uncharacterized protein,GO:0004252;GO:0005618;GO:0006508;GO:0016021
FGSG_08309,13,0.46006307915639943,5.492014330806305,FGSG_00007;FGSG_01866;FGSG_02324;FGSG_02325;FGSG_02326;FGSG_02327;FGSG_02328;FGSG_02329;FGSG_03539;FGSG_03842;FGSG_08082;FGSG_08083;FGSG_13952,2,uncharacterized protein,GO:0005524;GO:0016021;GO:0042626;GO:0055085
FGSG_02906,13,0.4601740486260599,5.488786255316612,FGSG_00007;FGSG_01866;FGSG_02324;FGSG_02325;FGSG_02326;FGSG_02327;FGSG_02328;FGSG_02329;FGSG_03539;FGSG_03842;FGSG_08082;FGSG_08083;FGSG_13952,2,uncharacterized protein,
FGSG_08389,13,0.4438999223006386,5.485589535601243,FGSG_00330;FGSG_00743;FGSG_01422;FGSG_03061;FGSG_03546;FGSG_03548;FGSG_03894;FGSG_04458;FGSG_04589;FGSG_05610;FGSG_08601;FGSG_08712;FGSG_10347,1,uncharacterized protein,
FGSG_04943,13,0.43733569554080715,5.485500849331577,FGSG_01422;FGSG_02272;FGSG_02461;FGSG_03061;FGSG_03546;FGSG_03548;FGSG_03894;FGSG_04458;FGSG_05610;FGSG_09012;FGSG_09456;FGSG_09834;FGSG_10347,1,amino-acid permease inda1,GO:0003333;GO:0015171;GO:0016021
FGSG_01432,13,0.46451421419360545,5.485339836517127,FGSG_00743;FGSG_01422;FGSG_02272;FGSG_02461;FGSG_03061;FGSG_03894;FGSG_04458;FGSG_04589;FGSG_05610;FGSG_08712;FGSG_08774;FGSG_10347;FGSG_12180,1,uncharacterized protein,GO:0016021
FGSG_11551,13,0.4491250176172833,5.483165354390384,FGSG_00007;FGSG_02321;FGSG_02324;FGSG_02325;FGSG_02326;FGSG_02327;FGSG_02328;FGSG_02329;FGSG_03541;FGSG_03881;FGSG_08083;FGSG_11326;FGSG_13952,2,uncharacterized protein,GO:0000981;GO:0003677;GO:0005634;GO:0006351;GO:0006357;GO:0008270
FGSG_02415,13,0.4594485760787783,5.478114775671313,FGSG_00007;FGSG_01866;FGSG_02324;FGSG_02326;FGSG_02327;FGSG_02328;FGSG_03539;FGSG_03842;FGSG_03881;FGSG_08081;FGSG_08082;FGSG_08083;FGSG_13952,2,uncharacterized protein,GO:0016021
FGSG_08442,13,0.43389500916875373,5.478062295229419,FGSG_02272;FGSG_02461;FGSG_03061;FGSG_03546;FGSG_03548;FGSG_03894;FGSG_04458;FGSG_05610;FGSG_08601;FGSG_09012;FGSG_09456;FGSG_09834;FGSG_10347,1,uncharacterized protein,GO:0003735;GO:0005762;GO:0006412;GO:0016021
FGSG_09223,13,0.4674988961526032,5.4730631455950345,FGSG_00743;FGSG_02272;FGSG_03061;FGSG_03894;FGSG_04458;FGSG_04589;FGSG_05610;FGSG_08601;FGSG_08774;FGSG_09012;FGSG_10347;FGSG_10922;FGSG_12180,1,uncharacterized protein,GO:0016021
FGSG_05230,13,0.44360833608073735,5.4679502729978084,FGSG_00743;FGSG_01422;FGSG_02272;FGSG_02461;FGSG_03061;FGSG_03548;FGSG_03894;FGSG_04458;FGSG_04590;FGSG_05610;FGSG_08712;FGSG_09834;FGSG_10347,1,uncharacterized protein,
FGSG_06678,13,0.4384432213382129,5.464678170752205,FGSG_00330;FGSG_00743;FGSG_03061;FGSG_03546;FGSG_03548;FGSG_03894;FGSG_04458;FGSG_04589;FGSG_05610;FGSG_08601;FGSG_08712;FGSG_10347;FGSG_12180,1,uncharacterized protein,GO:0000742;GO:0005783;GO:0005829;GO:0016021;GO:0030433;GO:0034975;GO:0042175
FGSG_11236,13,0.4522958475915362,5.458533184988843,FGSG_00007;FGSG_01866;FGSG_02321;FGSG_02324;FGSG_02326;FGSG_02327;FGSG_02328;FGSG_02329;FGSG_03842;FGSG_03881;FGSG_08083;FGSG_11326;FGSG_13952,2,uncharacterized protein,GO:0016788
FGSG_08437,13,0.4376365796413287,5.448764265969614,FGSG_01866;FGSG_02320;FGSG_02321;FGSG_02326;FGSG_02327;FGSG_02328;FGSG_02329;FGSG_03532;FGSG_03881;FGSG_08078;FGSG_08083;FGSG_10670;FGSG_12211,2,uncharacterized protein,
FGSG_01654,13,0.4351571427520836,5.439884567645925,FGSG_01422;FGSG_02272;FGSG_02461;FGSG_03061;FGSG_03546;FGSG_03548;FGSG_03894;FGSG_04458;FGSG_05610;FGSG_09012;FGSG_09456;FGSG_09834;FGSG_10347,1,uncharacterized protein,
FGSG_04411,13,0.43346748321118245,5.418478684425006,FGSG_00330;FGSG_02272;FGSG_03061;FGSG_03546;FGSG_03548;FGSG_03894;FGSG_04458;FGSG_05610;FGSG_08601;FGSG_09012;FGSG_09456;FGSG_09834;FGSG_10347,1,uncharacterized protein,GO:0008270;GO:0016021;GO:0016874
FGSG_07226,13,0.4312027586468407,5.390355352313921,FGSG_00330;FGSG_00743;FGSG_02272;FGSG_03061;FGSG_03546;FGSG_03548;FGSG_03894;FGSG_04458;FGSG_04589;FGSG_05610;FGSG_08601;FGSG_08712;FGSG_10347,1,3-oxoacyl-[acyl-carrier-protein] synthase,GO:0005739;GO:0006633;GO:0016747
FGSG_10732,13,0.4258016837743764,5.378270334114332,FGSG_01422;FGSG_02272;FGSG_02461;FGSG_03061;FGSG_03546;FGSG_03548;FGSG_03894;FGSG_04458;FGSG_05610;FGSG_09012;FGSG_09456;FGSG_09834;FGSG_10347,1,uncharacterized protein,GO:0006744;GO:0008299;GO:0008412;GO:0031305
FGSG_02929,13,0.43580963708498177,5.367124062287058,FGSG_01866;FGSG_02320;FGSG_02321;FGSG_02326;FGSG_02327;FGSG_02328;FGSG_02329;FGSG_03543;FGSG_03881;FGSG_08078;FGSG_08083;FGSG_11326;FGSG_12211,2,uncharacterized protein,GO:0004497;GO:0005506;GO:0008168;GO:0016021;GO:0016705;GO:0020037;GO:0032259;GO:0055114
FGSG_09665,13,0.42357771070722705,5.325370604733465,FGSG_01422;FGSG_02272;FGSG_03061;FGSG_03546;FGSG_03548;FGSG_03894;FGSG_04458;FGSG_05610;FGSG_08601;FGSG_09012;FGSG_09456;FGSG_09834;FGSG_10347,1,uncharacterized protein,GO:0016021
FGSG_00308,12,0.49697985731663735,5.337299448765969,FGSG_00743;FGSG_01422;FGSG_02030;FGSG_02272;FGSG_02461;FGSG_03061;FGSG_03894;FGSG_05368;FGSG_05610;FGSG_08774;FGSG_09012;FGSG_13136,1,uncharacterized protein,GO:0006810;GO:0016021
FGSG_13338,12,0.4955537753030768,5.325069239228107,FGSG_00743;FGSG_01422;FGSG_02272;FGSG_02461;FGSG_03061;FGSG_03894;FGSG_04589;FGSG_05610;FGSG_08712;FGSG_08774;FGSG_09012;FGSG_12180,1,uncharacterized protein,
FGSG_06263,12,0.49041437269266286,5.323656885635917,FGSG_00743;FGSG_01422;FGSG_02272;FGSG_02461;FGSG_03061;FGSG_03894;FGSG_04590;FGSG_05610;FGSG_08712;FGSG_08774;FGSG_09012;FGSG_13136,1,uncharacterized protein,
FGSG_00443,12,0.4652110262840323,5.319837957040261,FGSG_00330;FGSG_03546;FGSG_03547;FGSG_03548;FGSG_03992;FGSG_04458;FGSG_04591;FGSG_08601;FGSG_09280;FGSG_09456;FGSG_09834;FGSG_10347,1,uncharacterized protein,GO:0003839;GO:0005634;GO:0005829;GO:0006751;GO:0016020
FGSG_03715,12,0.4720397475731125,5.303501154735142,FGSG_00330;FGSG_03546;FGSG_03547;FGSG_03548;FGSG_03992;FGSG_04458;FGSG_04589;FGSG_04591;FGSG_08601;FGSG_09280;FGSG_09834;FGSG_10347,1,uncharacterized protein,
FGSG_08128,12,0.4865046786019225,5.301248088053011,FGSG_00743;FGSG_00765;FGSG_01422;FGSG_02272;FGSG_02461;FGSG_03061;FGSG_03894;FGSG_05610;FGSG_08712;FGSG_08774;FGSG_09012;FGSG_13136,1,uncharacterized protein,GO:0000329;GO:0005783;GO:0005794;GO:0042149
FGSG_09448,12,0.4599214042924241,5.299887726920733,FGSG_00330;FGSG_03546;FGSG_03547;FGSG_03548;FGSG_03992;FGSG_04458;FGSG_04591;FGSG_08601;FGSG_09280;FGSG_09456;FGSG_09834;FGSG_10347,1,uncharacterized protein,GO:0000103;GO:0004851;GO:0005622;GO:0009086;GO:0019354;GO:0032259;GO:0043115;GO:0055114
FGSG_05003,12,0.47984506872582283,5.297361550839367,FGSG_00743;FGSG_01422;FGSG_02272;FGSG_02461;FGSG_03061;FGSG_03894;FGSG_04458;FGSG_05610;FGSG_08774;FGSG_09012;FGSG_09456;FGSG_09834,1,N-acetyl-gamma-glutamyl-phosphate reductase,GO:0003942;GO:0003991;GO:0005739;GO:0006526;GO:0016310;GO:0046983;GO:0051287;GO:0055114
FGSG_11439,12,0.46331980957560753,5.292758461590225,FGSG_00330;FGSG_03546;FGSG_03547;FGSG_03548;FGSG_03992;FGSG_04458;FGSG_04591;FGSG_08601;FGSG_09280;FGSG_09456;FGSG_09834;FGSG_10347,1,uncharacterized protein,GO:0005215;GO:0016021;GO:0055085
FGSG_09104,12,0.46269369127673415,5.29239256977313,FGSG_00330;FGSG_03546;FGSG_03547;FGSG_03548;FGSG_03992;FGSG_04458;FGSG_04591;FGSG_08601;FGSG_09280;FGSG_09456;FGSG_09834;FGSG_10347,1,uncharacterized protein,GO:0016021;GO:0016491;GO:0046872;GO:0055085;GO:0055114
FGSG_03687,12,0.47586112422729576,5.291269329790577,FGSG_00743;FGSG_01422;FGSG_02272;FGSG_02461;FGSG_03061;FGSG_03894;FGSG_04458;FGSG_04590;FGSG_05610;FGSG_08712;FGSG_08774;FGSG_10347,1,uncharacterized protein,GO:0016787
FGSG_20022,12,0.4845197075029485,5.288095739097714,FGSG_00743;FGSG_01422;FGSG_02271;FGSG_02272;FGSG_02461;FGSG_03061;FGSG_03894;FGSG_04588;FGSG_05368;FGSG_05610;FGSG_08774;FGSG_09012,1,5S ribosomal RNA,
FGSG_00018,12,0.46354718520781557,5.284676334378179,FGSG_00330;FGSG_03546;FGSG_03547;FGSG_03548;FGSG_03992;FGSG_04458;FGSG_04591;FGSG_08601;FGSG_09280;FGSG_09456;FGSG_09834;FGSG_10347,1,uncharacterized protein,GO:0004497;GO:0006629;GO:0016021;GO:0055114
FGSG_12154,12,0.46400777802377674,5.275197475258255,FGSG_00330;FGSG_03546;FGSG_03547;FGSG_03548;FGSG_03992;FGSG_04458;FGSG_04591;FGSG_08601;FGSG_09280;FGSG_09456;FGSG_09834;FGSG_10347,1,uncharacterized protein,GO:0004364;GO:0004602;GO:0005741;GO:0005783;GO:0006749;GO:0055114;GO:0098869
FGSG_03520,12,0.458669452304644,5.273578252293615,FGSG_00330;FGSG_03546;FGSG_03547;FGSG_03548;FGSG_03992;FGSG_04458;FGSG_04591;FGSG_08601;FGSG_09280;FGSG_09456;FGSG_09834;FGSG_10347,1,uncharacterized protein,GO:0003824;GO:0008270
FGSG_08872,12,0.46699979566131666,5.26720588629103,FGSG_02321;FGSG_02323;FGSG_02324;FGSG_02325;FGSG_02326;FGSG_02327;FGSG_02328;FGSG_02329;FGSG_03842;FGSG_08083;FGSG_11326;FGSG_13952,2,uncharacterized protein,
FGSG_05408,12,0.4722635725404778,5.2582909838396885,FGSG_00743;FGSG_00765;FGSG_02271;FGSG_02272;FGSG_02461;FGSG_03061;FGSG_03894;FGSG_04309;FGSG_05610;FGSG_08774;FGSG_09012;FGSG_13136,1,uncharacterized protein,GO:0000166
FGSG_06943,12,0.480896142838721,5.257143676522675,FGSG_00743;FGSG_01422;FGSG_02271;FGSG_02272;FGSG_02461;FGSG_03061;FGSG_03894;FGSG_05610;FGSG_08712;FGSG_08774;FGSG_09012;FGSG_13136,1,uncharacterized protein,GO:0000407;GO:0005634;GO:0005829;GO:0016236
FGSG_07743,12,0.47207110309709327,5.256948561748129,FGSG_00743;FGSG_00765;FGSG_02271;FGSG_02272;FGSG_02461;FGSG_03061;FGSG_03894;FGSG_04309;FGSG_05610;FGSG_08774;FGSG_09012;FGSG_13136,1,uncharacterized protein,
FGSG_01921,12,0.4631904064786093,5.254383224653451,FGSG_00330;FGSG_03546;FGSG_03547;FGSG_03548;FGSG_03992;FGSG_04458;FGSG_04591;FGSG_08601;FGSG_09280;FGSG_09456;FGSG_09834;FGSG_10347,1,uncharacterized protein,GO:0016301;GO:0016310;GO:0044419
FGSG_01926,12,0.4584496975884351,5.253081794630677,FGSG_00330;FGSG_03546;FGSG_03547;FGSG_03548;FGSG_03992;FGSG_04458;FGSG_04591;FGSG_08601;FGSG_09280;FGSG_09456;FGSG_09834;FGSG_10347,1,electron transfer flavoprotein subunit alpha,GO:0005739;GO:0009055;GO:0050660
FGSG_00769,12,0.46136490281402326,5.250782810143425,FGSG_00330;FGSG_03546;FGSG_03547;FGSG_03548;FGSG_03992;FGSG_04458;FGSG_04591;FGSG_08601;FGSG_09280;FGSG_09456;FGSG_09834;FGSG_10347,1,uncharacterized protein,GO:0016021;GO:0030001;GO:0046873;GO:0055085
FGSG_03780,12,0.4531673280222917,5.242795837080346,FGSG_00330;FGSG_03546;FGSG_03547;FGSG_03548;FGSG_03992;FGSG_04458;FGSG_04591;FGSG_08601;FGSG_09280;FGSG_09456;FGSG_09834;FGSG_10347,1,uncharacterized protein,GO:0005215;GO:0016021;GO:0055085
FGSG_09836,12,0.45816763765667406,5.2384775758775675,FGSG_02321;FGSG_02323;FGSG_02324;FGSG_02325;FGSG_02326;FGSG_02327;FGSG_02328;FGSG_02329;FGSG_03842;FGSG_08083;FGSG_11326;FGSG_13952,2,uncharacterized protein,
FGSG_05922,12,0.46231910583635527,5.2370913091242794,FGSG_02321;FGSG_02323;FGSG_02324;FGSG_02325;FGSG_02326;FGSG_02327;FGSG_02328;FGSG_02329;FGSG_02903;FGSG_08083;FGSG_11326;FGSG_13952,2,uncharacterized protein,
FGSG_09086,12,0.461225298051654,5.236498042316461,FGSG_02321;FGSG_02323;FGSG_02324;FGSG_02325;FGSG_02326;FGSG_02327;FGSG_02328;FGSG_02329;FGSG_02903;FGSG_03599;FGSG_05919;FGSG_11326,2,uncharacterized protein,GO:0004497;GO:0005506;GO:0016021;GO:0016705;GO:0020037;GO:0055114
FGSG_00346,12,0.4830881316346013,5.228951991088741,FGSG_00743;FGSG_01422;FGSG_02272;FGSG_02461;FGSG_03061;FGSG_03894;FGSG_04589;FGSG_05610;FGSG_08712;FGSG_08774;FGSG_09012;FGSG_12180,1,saccharopine dehydrogenase,GO:0004755;GO:0005737;GO:0019878;GO:0055114
FGSG_05932,12,0.49080024025001784,5.228018173872868,FGSG_00743;FGSG_02272;FGSG_02461;FGSG_03061;FGSG_03894;FGSG_04589;FGSG_05610;FGSG_08712;FGSG_08774;FGSG_09012;FGSG_10922;FGSG_12180,1,uncharacterized protein,GO:0003723;GO:0005730;GO:0005739;GO:0005840;GO:0016787;GO:0032543
FGSG_06945,12,0.48914284126952495,5.226020400996065,FGSG_00743;FGSG_00765;FGSG_02272;FGSG_02461;FGSG_03061;FGSG_03894;FGSG_05368;FGSG_05610;FGSG_08774;FGSG_09012;FGSG_10922;FGSG_13136,1,uncharacterized protein,GO:0000147;GO:0005509;GO:0005634;GO:0006897;GO:0007120;GO:0007121;GO:0030479
FGSG_00574,12,0.4733158738544798,5.222074820924884,FGSG_00743;FGSG_01422;FGSG_02272;FGSG_02461;FGSG_03061;FGSG_03894;FGSG_04458;FGSG_05610;FGSG_08712;FGSG_08774;FGSG_09012;FGSG_10347,1,uncharacterized protein,GO:0000981;GO:0003677;GO:0005634;GO:0006351;GO:0006357;GO:0008270
FGSG_05676,12,0.461245138458678,5.2213708178478555,FGSG_02321;FGSG_02323;FGSG_02324;FGSG_02325;FGSG_02326;FGSG_02327;FGSG_02328;FGSG_02329;FGSG_03842;FGSG_08083;FGSG_11326;FGSG_13952,2,uncharacterized protein,GO:0004843;GO:0005622;GO:0006511;GO:0016021
FGSG_10631,12,0.4571463956970505,5.211688332814158,FGSG_02321;FGSG_02323;FGSG_02324;FGSG_02325;FGSG_02326;FGSG_02327;FGSG_02328;FGSG_02329;FGSG_03842;FGSG_08083;FGSG_11326;FGSG_13952,2,uncharacterized protein,GO:0016614;GO:0050660;GO:0055114
FGSG_12764,12,0.45576885890493496,5.202839894860959,FGSG_02321;FGSG_02323;FGSG_02324;FGSG_02325;FGSG_02326;FGSG_02327;FGSG_02328;FGSG_02329;FGSG_02903;FGSG_10670;FGSG_11326;FGSG_13952,2,uncharacterized protein,
FGSG_13742,12,0.4542472836638122,5.2004782900758055,FGSG_02321;FGSG_02323;FGSG_02324;FGSG_02325;FGSG_02326;FGSG_02327;FGSG_02328;FGSG_02329;FGSG_03842;FGSG_08083;FGSG_11326;FGSG_13952,2,uncharacterized protein,
FGSG_08803,12,0.4664558059297374,5.19974983818419,FGSG_00330;FGSG_03546;FGSG_03547;FGSG_03548;FGSG_03992;FGSG_04458;FGSG_04589;FGSG_04591;FGSG_08601;FGSG_08712;FGSG_09834;FGSG_10347,1,uncharacterized protein,GO:0005634;GO:0005737;GO:0015937;GO:0016874;GO:1990143
FGSG_12254,12,0.4592204601448557,5.1991492272618824,FGSG_01866;FGSG_02321;FGSG_02324;FGSG_02325;FGSG_02326;FGSG_02327;FGSG_02328;FGSG_02329;FGSG_03842;FGSG_08083;FGSG_11326;FGSG_13952,2,uncharacterized protein,GO:0016021
FGSG_02691,12,0.45236256411902287,5.1968666144372255,FGSG_00330;FGSG_03546;FGSG_03547;FGSG_03548;FGSG_03992;FGSG_04458;FGSG_04591;FGSG_08601;FGSG_09280;FGSG_09456;FGSG_09834;FGSG_10347,1,uncharacterized protein,GO:0051213;GO:0055114
FGSG_12926,12,0.45985781228354605,5.19566837333261,FGSG_00330;FGSG_03546;FGSG_03547;FGSG_03548;FGSG_03992;FGSG_04458;FGSG_04591;FGSG_08601;FGSG_09280;FGSG_09456;FGSG_09834;FGSG_10347,1,uncharacterized protein,GO:0000981;GO:0003677;GO:0005634;GO:0006351;GO:0006357;GO:0008270
FGSG_04126,12,0.4533823303438796,5.190287348002705,FGSG_00330;FGSG_03546;FGSG_03547;FGSG_03548;FGSG_03992;FGSG_04458;FGSG_04591;FGSG_08601;FGSG_09280;FGSG_09456;FGSG_09834;FGSG_10347,1,uricase,GO:0004846;GO:0005634;GO:0005777;GO:0005829;GO:0006144;GO:0019628;GO:0055114
FGSG_00714,12,0.4792444819688008,5.188147078116484,FGSG_00743;FGSG_00765;FGSG_01621;FGSG_02272;FGSG_02461;FGSG_03061;FGSG_03894;FGSG_04588;FGSG_05368;FGSG_05610;FGSG_08774;FGSG_09012,1,uncharacterized protein,GO:0016021
FGSG_07172,12,0.46651330373751154,5.185363824082365,FGSG_01422;FGSG_02271;FGSG_02272;FGSG_02461;FGSG_03061;FGSG_03894;FGSG_04590;FGSG_05610;FGSG_07075;FGSG_09012;FGSG_09456;FGSG_09834,1,vacuolar protein sorting-associated protein 1,GO:0000329;GO:0003924;GO:0005525;GO:0005741;GO:0005777;GO:0006623;GO:0006897;GO:0016559;GO:0030036;GO:0030479;GO:0045053;GO:0060988
FGSG_08402,12,0.4677820740144965,5.18297466943402,FGSG_00330;FGSG_03546;FGSG_03547;FGSG_03548;FGSG_03992;FGSG_04458;FGSG_04589;FGSG_04591;FGSG_08601;FGSG_09280;FGSG_09834;FGSG_10347,1,nitrite reductase,GO:0008942;GO:0020037;GO:0042128;GO:0046872;GO:0050660;GO:0050661;GO:0051537;GO:0055114
FGSG_07495,12,0.45350080358226874,5.174455877174929,FGSG_00330;FGSG_03546;FGSG_03547;FGSG_03548;FGSG_03992;FGSG_04458;FGSG_04591;FGSG_08601;FGSG_09280;FGSG_09456;FGSG_09834;FGSG_10347,1,uric acid-xanthine permease,GO:0005215;GO:0016021;GO:0055085
FGSG_09383,12,0.4533599436140493,5.173412264678861,FGSG_02321;FGSG_02323;FGSG_02324;FGSG_02325;FGSG_02326;FGSG_02327;FGSG_02328;FGSG_02329;FGSG_03842;FGSG_08083;FGSG_11326;FGSG_13952,2,uncharacterized protein,GO:0008171;GO:0032259
FGSG_07014,12,0.48400432638284013,5.172332380400384,FGSG_00743;FGSG_00765;FGSG_02272;FGSG_02461;FGSG_03061;FGSG_03894;FGSG_05368;FGSG_05610;FGSG_08493;FGSG_08774;FGSG_09012;FGSG_10922,1,uncharacterized protein,
FGSG_07384,12,0.45702342780045935,5.171246670454171,FGSG_02321;FGSG_02323;FGSG_02324;FGSG_02325;FGSG_02326;FGSG_02327;FGSG_02328;FGSG_02329;FGSG_02903;FGSG_08083;FGSG_11326;FGSG_13952,2,uncharacterized protein,
FGSG_03261,12,0.4573239126986209,5.162762122409899,FGSG_02321;FGSG_02323;FGSG_02324;FGSG_02325;FGSG_02326;FGSG_02327;FGSG_02328;FGSG_02329;FGSG_03842;FGSG_08083;FGSG_11326;FGSG_13952,2,uncharacterized protein,
FGSG_06638,12,0.4841216370514138,5.156723319764267,FGSG_00743;FGSG_00765;FGSG_02272;FGSG_02461;FGSG_03061;FGSG_03894;FGSG_05368;FGSG_05610;FGSG_08493;FGSG_08774;FGSG_09012;FGSG_10922,1,uncharacterized protein,
FGSG_04899,12,0.4508583765395323,5.152817601004428,FGSG_02321;FGSG_02323;FGSG_02324;FGSG_02325;FGSG_02326;FGSG_02327;FGSG_02328;FGSG_02329;FGSG_03842;FGSG_08083;FGSG_11326;FGSG_13952,2,uncharacterized protein,GO:0016021;GO:0055085
FGSG_07106,12,0.4768819253974757,5.1488141374828915,FGSG_00743;FGSG_01422;FGSG_02272;FGSG_02461;FGSG_03061;FGSG_03894;FGSG_04589;FGSG_05610;FGSG_08774;FGSG_09012;FGSG_10347;FGSG_12180,1,uncharacterized protein,GO:0005739;GO:0005840;GO:0032543
FGSG_08343,12,0.4557461900818545,5.147256686373788,FGSG_01422;FGSG_02271;FGSG_02272;FGSG_02461;FGSG_03061;FGSG_03894;FGSG_04458;FGSG_05610;FGSG_07075;FGSG_09012;FGSG_09456;FGSG_09834,1,plasma membrane ATPase,GO:0005524;GO:0006754;GO:0008553;GO:0016021;GO:0046872;GO:1902600
FGSG_07566,12,0.4506995232634197,5.145225454135667,FGSG_02321;FGSG_02323;FGSG_02324;FGSG_02325;FGSG_02326;FGSG_02327;FGSG_02328;FGSG_02329;FGSG_03842;FGSG_08083;FGSG_11326;FGSG_13952,2,uncharacterized protein,GO:0016301;GO:0016310
FGSG_03140,12,0.45127250463537816,5.1429774639346375,FGSG_02321;FGSG_02323;FGSG_02324;FGSG_02325;FGSG_02326;FGSG_02327;FGSG_02328;FGSG_02329;FGSG_03842;FGSG_08083;FGSG_11326;FGSG_13952,2,uncharacterized protein,GO:0016021;GO:0022891;GO:0055085
FGSG_11147,12,0.45589418683363886,5.139769216357379,FGSG_02321;FGSG_02323;FGSG_02324;FGSG_02325;FGSG_02326;FGSG_02327;FGSG_02328;FGSG_02329;FGSG_02903;FGSG_03842;FGSG_11326;FGSG_13952,2,uncharacterized protein,
FGSG_00590,12,0.47896060009866886,5.138450752725686,FGSG_00743;FGSG_02272;FGSG_02972;FGSG_03061;FGSG_03747;FGSG_03894;FGSG_04589;FGSG_05610;FGSG_08774;FGSG_10444;FGSG_10922;FGSG_12180,1,uncharacterized protein,GO:0000288;GO:0005506;GO:0005975;GO:0006415;GO:0008143;GO:0016706;GO:0016857;GO:0031418;GO:0055114
FGSG_04677,12,0.44992212387154124,5.13456702287265,FGSG_02321;FGSG_02323;FGSG_02324;FGSG_02325;FGSG_02326;FGSG_02327;FGSG_02328;FGSG_02329;FGSG_03842;FGSG_08083;FGSG_11326;FGSG_13952,2,uncharacterized protein,GO:0016787
FGSG_11364,12,0.4507804393100263,5.1306935078112454,FGSG_02321;FGSG_02323;FGSG_02324;FGSG_02325;FGSG_02326;FGSG_02327;FGSG_02328;FGSG_02329;FGSG_03842;FGSG_08083;FGSG_11326;FGSG_13952,2,uncharacterized protein,GO:0000981;GO:0003677;GO:0005634;GO:0006351;GO:0006357;GO:0008270
FGSG_13176,12,0.44872137812532115,5.129737278477958,FGSG_00007;FGSG_02321;FGSG_02324;FGSG_02325;FGSG_02326;FGSG_02327;FGSG_02328;FGSG_02329;FGSG_03842;FGSG_08083;FGSG_11326;FGSG_13952,2,uncharacterized protein,GO:0004497;GO:0005506;GO:0008168;GO:0016021;GO:0016705;GO:0020037;GO:0032259;GO:0055114
FGSG_13828,12,0.4549595000370277,5.129442948546857,FGSG_01866;FGSG_02321;FGSG_02323;FGSG_02324;FGSG_02325;FGSG_02326;FGSG_02327;FGSG_02328;FGSG_02329;FGSG_08083;FGSG_11326;FGSG_13952,2,uncharacterized protein,GO:0000981;GO:0003677;GO:0005634;GO:0006351;GO:0006357;GO:0008270
FGSG_08548,12,0.4649109415783357,5.128592264070914,FGSG_00743;FGSG_01422;FGSG_02271;FGSG_02272;FGSG_02461;FGSG_03061;FGSG_03894;FGSG_04590;FGSG_05610;FGSG_07075;FGSG_08712;FGSG_13136,1,uncharacterized protein,GO:0005524
FGSG_05349,12,0.4555136160907804,5.118968015979817,FGSG_02320;FGSG_02321;FGSG_02323;FGSG_02324;FGSG_02325;FGSG_02326;FGSG_02327;FGSG_02328;FGSG_02329;FGSG_08083;FGSG_09187;FGSG_11326,2,uncharacterized protein,GO:0016740
FGSG_09977,12,0.47445284614299243,5.11464977621865,FGSG_00743;FGSG_00765;FGSG_01621;FGSG_02272;FGSG_02461;FGSG_03061;FGSG_03894;FGSG_05368;FGSG_05610;FGSG_08493;FGSG_08774;FGSG_09012,1,uncharacterized protein,GO:0016021
FGSG_09368,12,0.4502674630303154,5.111757570140964,FGSG_01866;FGSG_02321;FGSG_02324;FGSG_02325;FGSG_02326;FGSG_02327;FGSG_02328;FGSG_02329;FGSG_03842;FGSG_08083;FGSG_11326;FGSG_13952,2,uncharacterized protein,GO:0003677;GO:0005634;GO:0006351;GO:0008270
FGSG_02873,12,0.4449141908364142,5.10277541944925,FGSG_02321;FGSG_02323;FGSG_02324;FGSG_02325;FGSG_02326;FGSG_02327;FGSG_02328;FGSG_02329;FGSG_02903;FGSG_03842;FGSG_11326;FGSG_13952,2,uncharacterized protein,GO:0008152;GO:0016874
FGSG_13994,12,0.45156231352120757,5.101995967793612,FGSG_02321;FGSG_02323;FGSG_02324;FGSG_02325;FGSG_02326;FGSG_02327;FGSG_02328;FGSG_02329;FGSG_03842;FGSG_08083;FGSG_11326;FGSG_13952,2,uncharacterized protein,
FGSG_10363,12,0.4661838158038685,5.097321595864704,FGSG_00743;FGSG_00765;FGSG_01621;FGSG_02272;FGSG_02461;FGSG_03061;FGSG_03894;FGSG_04309;FGSG_05610;FGSG_08774;FGSG_09012;FGSG_13136,1,uncharacterized protein,
FGSG_00027,12,0.4531940872179375,5.09729708735197,FGSG_00743;FGSG_01422;FGSG_02272;FGSG_02461;FGSG_03061;FGSG_03894;FGSG_04458;FGSG_05610;FGSG_08774;FGSG_09012;FGSG_09834;FGSG_10347,1,uncharacterized protein,GO:0016021
FGSG_02874,12,0.4470488234578068,5.093708346580979,FGSG_00007;FGSG_02321;FGSG_02324;FGSG_02325;FGSG_02326;FGSG_02327;FGSG_02328;FGSG_02329;FGSG_03842;FGSG_08083;FGSG_11326;FGSG_13952,2,uncharacterized protein,GO:0000981;GO:0005634;GO:0006357;GO:0008270
FGSG_03991,12,0.4508343949848762,5.093206173828744,FGSG_02321;FGSG_02323;FGSG_02324;FGSG_02325;FGSG_02326;FGSG_02327;FGSG_02328;FGSG_02329;FGSG_02903;FGSG_03842;FGSG_11326;FGSG_13952,2,uncharacterized protein,GO:0006406;GO:0008541;GO:0043248
FGSG_03993,12,0.44716648752920735,5.092461148043106,FGSG_02321;FGSG_02323;FGSG_02324;FGSG_02325;FGSG_02326;FGSG_02327;FGSG_02328;FGSG_02329;FGSG_03842;FGSG_08083;FGSG_11326;FGSG_13952,2,homocitrate synthase,GO:0004410;GO:0005829;GO:0019878
FGSG_00656,12,0.4480990560392582,5.092249048551369,FGSG_00330;FGSG_00743;FGSG_03546;FGSG_03548;FGSG_03894;FGSG_04458;FGSG_04589;FGSG_08601;FGSG_09012;FGSG_09456;FGSG_09834;FGSG_10347,1,uncharacterized protein,GO:0000276;GO:0005198;GO:0015986;GO:0035786;GO:0042407;GO:0046961;GO:0051259
FGSG_10214,12,0.4559102964096436,5.0916789223459356,FGSG_00007;FGSG_01866;FGSG_02326;FGSG_02327;FGSG_03539;FGSG_03842;FGSG_03881;FGSG_07896;FGSG_08081;FGSG_08082;FGSG_08083;FGSG_13952,2,uncharacterized protein,
FGSG_04502,12,0.4490643203745814,5.091373205839041,FGSG_01866;FGSG_02321;FGSG_02324;FGSG_02325;FGSG_02326;FGSG_02327;FGSG_02328;FGSG_02329;FGSG_03881;FGSG_08083;FGSG_11326;FGSG_13952,2,uncharacterized protein,GO:0000981;GO:0005634;GO:0006357;GO:0008270
FGSG_03838,12,0.45229129714081523,5.087157916966327,FGSG_01866;FGSG_02321;FGSG_02324;FGSG_02325;FGSG_02326;FGSG_02327;FGSG_02328;FGSG_02329;FGSG_03881;FGSG_08083;FGSG_11326;FGSG_13952,2,uncharacterized protein,GO:0016491;GO:0055114
FGSG_06401,12,0.4541508348012365,5.0792624349231765,FGSG_00330;FGSG_03295;FGSG_03546;FGSG_03548;FGSG_03992;FGSG_04458;FGSG_07075;FGSG_08601;FGSG_09280;FGSG_09456;FGSG_09834;FGSG_10347,1,uncharacterized protein,GO:0006725;GO:0008198;GO:0008270;GO:0016701;GO:0051213;GO:0055114
FGSG_05915,12,0.45487567999206596,5.077029957927889,FGSG_00007;FGSG_01866;FGSG_02326;FGSG_02327;FGSG_03539;FGSG_03842;FGSG_03881;FGSG_07896;FGSG_08081;FGSG_08082;FGSG_08083;FGSG_13952,2,uncharacterized protein,
FGSG_02335,12,0.4595900507010879,5.076358158215075,FGSG_00007;FGSG_01866;FGSG_02324;FGSG_02326;FGSG_02327;FGSG_02328;FGSG_03539;FGSG_03842;FGSG_03881;FGSG_08082;FGSG_08083;FGSG_13952,2,uncharacterized protein,
FGSG_00841,12,0.4498492677874392,5.07519070564579,FGSG_00743;FGSG_01422;FGSG_02272;FGSG_03061;FGSG_03894;FGSG_04458;FGSG_04589;FGSG_05610;FGSG_08601;FGSG_08712;FGSG_10347;FGSG_12180,1,uncharacterized protein,GO:0000288;GO:0001308;GO:0003729;GO:0008104;GO:0017148
FGSG_07929,12,0.4713120442918081,5.071775462497939,FGSG_00743;FGSG_02272;FGSG_02972;FGSG_03061;FGSG_03747;FGSG_03894;FGSG_05610;FGSG_08493;FGSG_08774;FGSG_10444;FGSG_10922;FGSG_12180,1,uncharacterized protein,GO:0005794;GO:0016021
FGSG_04515,12,0.44362839362267087,5.06965893613412,FGSG_02321;FGSG_02323;FGSG_02324;FGSG_02325;FGSG_02326;FGSG_02327;FGSG_02328;FGSG_02329;FGSG_02903;FGSG_03842;FGSG_11326;FGSG_13952,2,uncharacterized protein,
FGSG_07858,12,0.44195683617732295,5.067367692349536,FGSG_00330;FGSG_03546;FGSG_03547;FGSG_03548;FGSG_03992;FGSG_04458;FGSG_04591;FGSG_08601;FGSG_09280;FGSG_09456;FGSG_09834;FGSG_10347,1,uncharacterized protein,GO:0003677;GO:0004003;GO:0005215;GO:0005524;GO:0005634;GO:0006139;GO:0016021;GO:0032508;GO:0055085
FGSG_01792,12,0.44045680925102887,5.066940052092015,FGSG_02321;FGSG_02323;FGSG_02324;FGSG_02325;FGSG_02326;FGSG_02327;FGSG_02328;FGSG_02329;FGSG_03842;FGSG_08083;FGSG_11326;FGSG_13952,2,uncharacterized protein,GO:0016021;GO:0055085
FGSG_07691,12,0.44591044496767135,5.063828706786491,FGSG_02321;FGSG_02323;FGSG_02324;FGSG_02325;FGSG_02326;FGSG_02327;FGSG_02328;FGSG_02329;FGSG_03842;FGSG_08083;FGSG_11326;FGSG_13952,2,uncharacterized protein,
FGSG_08620,12,0.4530739280337043,5.063248906460982,FGSG_00007;FGSG_01866;FGSG_02324;FGSG_02326;FGSG_02327;FGSG_02328;FGSG_02329;FGSG_03539;FGSG_03842;FGSG_03881;FGSG_08083;FGSG_13952,2,uncharacterized protein,GO:0005789;GO:0009055;GO:0016021;GO:0016126;GO:0020037;GO:0046872
FGSG_03717,12,0.4577958209409193,5.061688825252546,FGSG_00007;FGSG_02324;FGSG_02325;FGSG_02326;FGSG_02327;FGSG_02328;FGSG_02329;FGSG_03842;FGSG_08082;FGSG_08083;FGSG_11326;FGSG_13952,2,uncharacterized protein,
FGSG_10026,12,0.45304152488109845,5.060770759901356,FGSG_00007;FGSG_01866;FGSG_02326;FGSG_02327;FGSG_02328;FGSG_03539;FGSG_03842;FGSG_03881;FGSG_08081;FGSG_08082;FGSG_08083;FGSG_13952,2,uncharacterized protein,GO:0016491;GO:0055114
FGSG_02523,12,0.4576480567791611,5.059229878189783,FGSG_00007;FGSG_01866;FGSG_02326;FGSG_02327;FGSG_02328;FGSG_02329;FGSG_03532;FGSG_03539;FGSG_03842;FGSG_03881;FGSG_08083;FGSG_13952,2,uncharacterized protein,GO:0002181;GO:0005739;GO:0005829;GO:0005874;GO:0034599
FGSG_03645,12,0.4517010021158836,5.054488104397376,FGSG_00007;FGSG_01866;FGSG_02324;FGSG_02326;FGSG_02327;FGSG_02328;FGSG_02329;FGSG_03842;FGSG_03881;FGSG_08082;FGSG_08083;FGSG_13952,2,uncharacterized protein,GO:0003824;GO:0008152
FGSG_01312,12,0.4488506947062249,5.048246928886551,FGSG_00743;FGSG_01422;FGSG_02272;FGSG_03061;FGSG_03894;FGSG_04458;FGSG_04589;FGSG_05610;FGSG_08601;FGSG_08712;FGSG_10347;FGSG_12180,1,uncharacterized protein,GO:0000160;GO:0001324;GO:0004674;GO:0005524;GO:0005634;GO:0005737;GO:0006468;GO:0009267;GO:0034605;GO:0040020
FGSG_00660,12,0.4519406645551765,5.047007200196249,FGSG_02320;FGSG_02321;FGSG_02323;FGSG_02324;FGSG_02325;FGSG_02326;FGSG_02327;FGSG_02328;FGSG_02329;FGSG_02903;FGSG_10670;FGSG_11326,2,WD repeat-containing protein slp1,GO:0010997;GO:0033597;GO:0040020;GO:0045732;GO:0045842;GO:0050790;GO:0051301;GO:0097027
FGSG_10034,12,0.44314183910703875,5.0365877185121075,FGSG_02321;FGSG_02323;FGSG_02324;FGSG_02325;FGSG_02326;FGSG_02327;FGSG_02328;FGSG_02329;FGSG_03842;FGSG_08083;FGSG_11326;FGSG_13952,2,uncharacterized protein,GO:0005622;GO:0006896;GO:0008565;GO:0015031
FGSG_04755,12,0.43119075815850266,5.035669003456939,FGSG_00330;FGSG_01422;FGSG_03546;FGSG_03548;FGSG_03992;FGSG_04458;FGSG_08601;FGSG_08712;FGSG_09280;FGSG_09456;FGSG_09834;FGSG_10347,1,uncharacterized protein,GO:0010181;GO:0016491;GO:0055114
FGSG_11824,12,0.4429465202722539,5.02753565929389,FGSG_00007;FGSG_01866;FGSG_02321;FGSG_02326;FGSG_02327;FGSG_02328;FGSG_02329;FGSG_03532;FGSG_03543;FGSG_03881;FGSG_08083;FGSG_13952,2,uncharacterized protein,GO:0004177;GO:0006508;GO:0008236
FGSG_06290,12,0.46791478058958513,5.017892382348776,FGSG_00743;FGSG_00765;FGSG_02272;FGSG_02461;FGSG_03061;FGSG_03747;FGSG_03894;FGSG_05610;FGSG_08493;FGSG_08774;FGSG_10444;FGSG_10922,1,serine hydroxymethyltransferase,GO:0004372;GO:0005737;GO:0006544;GO:0006563;GO:0008168;GO:0030170;GO:0032259;GO:0035999
FGSG_07047,12,0.43341646150214447,5.017583326598326,FGSG_02272;FGSG_03061;FGSG_03546;FGSG_03548;FGSG_03894;FGSG_04458;FGSG_05610;FGSG_08601;FGSG_09012;FGSG_09456;FGSG_09834;FGSG_10347,1,uncharacterized protein,GO:0005829;GO:0008168;GO:0048188;GO:0048189;GO:0051568
FGSG_08888,12,0.44058874436227125,5.000207074348436,FGSG_02272;FGSG_02461;FGSG_03061;FGSG_03546;FGSG_03548;FGSG_04458;FGSG_05610;FGSG_08601;FGSG_09012;FGSG_09456;FGSG_09834;FGSG_10347,1,uncharacterized protein,GO:0004129;GO:0005751;GO:0009060;GO:0016021;GO:0030234;GO:0050790;GO:0097250;GO:1902600
FGSG_01394,12,0.4587715067552183,4.998119315118495,FGSG_00743;FGSG_02272;FGSG_03061;FGSG_03894;FGSG_04458;FGSG_04589;FGSG_05610;FGSG_08601;FGSG_08774;FGSG_10347;FGSG_10922;FGSG_12180,1,uncharacterized protein,GO:0003735;GO:0005763;GO:0032543
FGSG_11781,12,0.4405052874912625,4.982966102749545,FGSG_00743;FGSG_02272;FGSG_03061;FGSG_03546;FGSG_03548;FGSG_03894;FGSG_04458;FGSG_04589;FGSG_05610;FGSG_08601;FGSG_09012;FGSG_10347,1,uncharacterized protein,GO:0000055;GO:0000056;GO:0003723;GO:0005643;GO:0005730;GO:0005829;GO:0016973;GO:0017056;GO:0031965;GO:0042272;GO:0072686
FGSG_10880,12,0.43145958586947586,4.975093885938702,FGSG_00330;FGSG_00743;FGSG_02272;FGSG_03061;FGSG_03546;FGSG_03548;FGSG_03894;FGSG_04458;FGSG_04589;FGSG_05610;FGSG_08601;FGSG_10347,1,uncharacterized protein,GO:0016021
FGSG_10506,12,0.42963316302881416,4.968254040186412,FGSG_00330;FGSG_02272;FGSG_03061;FGSG_03546;FGSG_03548;FGSG_03894;FGSG_04458;FGSG_05610;FGSG_08601;FGSG_09456;FGSG_09834;FGSG_10347,1,uncharacterized protein,GO:0016021;GO:0055085
FGSG_08889,12,0.42980111086209444,4.967886132736275,FGSG_00743;FGSG_02272;FGSG_03061;FGSG_03546;FGSG_03548;FGSG_03894;FGSG_04458;FGSG_04589;FGSG_05610;FGSG_08601;FGSG_09012;FGSG_10347,1,uncharacterized protein,GO:0000737;GO:0000738;GO:0003677;GO:0003906;GO:0005634;GO:0006284;GO:0008081;GO:0008311;GO:0034614;GO:1902546
FGSG_03802,12,0.43770883793012944,4.94931025754921,FGSG_02326;FGSG_02327;FGSG_02328;FGSG_02329;FGSG_03532;FGSG_03543;FGSG_08077;FGSG_08078;FGSG_08084;FGSG_09064;FGSG_10206;FGSG_12211,2,uncharacterized protein,GO:0016740
FGSG_05169,11,0.46125756980118415,4.842043058233097,FGSG_00330;FGSG_03546;FGSG_03547;FGSG_03548;FGSG_03992;FGSG_04458;FGSG_04591;FGSG_08601;FGSG_09280;FGSG_09834;FGSG_10347,1,uncharacterized protein,GO:0008483;GO:0009058;GO:0030170
FGSG_06697,11,0.48719097927471183,4.831116358982293,FGSG_00743;FGSG_01422;FGSG_02272;FGSG_02461;FGSG_03061;FGSG_03894;FGSG_04458;FGSG_05610;FGSG_08774;FGSG_09012;FGSG_10347,1,uncharacterized protein,GO:0042407;GO:0044284;GO:0061617
FGSG_02011,11,0.4732641445294091,4.827697381850983,FGSG_00743;FGSG_01422;FGSG_02271;FGSG_02272;FGSG_02461;FGSG_03061;FGSG_03894;FGSG_05610;FGSG_08774;FGSG_09012;FGSG_13136,1,uncharacterized protein,GO:0005628;GO:0005768;GO:0005829;GO:0006886;GO:0032120;GO:0035091;GO:0042147;GO:0045053
FGSG_05486,11,0.46267449024806895,4.823040035485003,FGSG_00330;FGSG_03546;FGSG_03547;FGSG_03548;FGSG_03992;FGSG_04458;FGSG_04591;FGSG_08601;FGSG_09280;FGSG_09834;FGSG_10347,1,uncharacterized protein,
FGSG_02051,11,0.4558177146847239,4.811019659846089,FGSG_00330;FGSG_03546;FGSG_03547;FGSG_03548;FGSG_03992;FGSG_04458;FGSG_08601;FGSG_09280;FGSG_09456;FGSG_09834;FGSG_10347,1,superoxide dismutase,GO:0004784;GO:0019430;GO:0046872;GO:0055114
FGSG_07019,11,0.4594603693881027,4.801122272200542,FGSG_00330;FGSG_03546;FGSG_03547;FGSG_03548;FGSG_03992;FGSG_04458;FGSG_04591;FGSG_08601;FGSG_09280;FGSG_09834;FGSG_10347,1,uncharacterized protein,GO:0003860;GO:0005739;GO:0006574
FGSG_03818,11,0.45388911655626685,4.799076474603122,FGSG_02321;FGSG_02323;FGSG_02324;FGSG_02325;FGSG_02326;FGSG_02327;FGSG_02328;FGSG_02329;FGSG_02903;FGSG_03599;FGSG_11326,2,uncharacterized protein,
FGSG_06177,11,0.47167886285497607,4.798785271497384,FGSG_00743;FGSG_01422;FGSG_02271;FGSG_02272;FGSG_02461;FGSG_03061;FGSG_03894;FGSG_05610;FGSG_08774;FGSG_09012;FGSG_09456,1,uncharacterized protein,GO:0008565;GO:0030176;GO:0031204
FGSG_03845,11,0.4630483293074926,4.796293856502521,FGSG_02321;FGSG_02323;FGSG_02324;FGSG_02325;FGSG_02326;FGSG_02327;FGSG_02328;FGSG_02329;FGSG_08083;FGSG_11326;FGSG_13952,2,uncharacterized protein,GO:0016021
FGSG_09410,11,0.4854439831026251,4.792622526891121,FGSG_00743;FGSG_00765;FGSG_01422;FGSG_02272;FGSG_02461;FGSG_03061;FGSG_03894;FGSG_05610;FGSG_08712;FGSG_08774;FGSG_09012,1,uncharacterized protein,GO:0003676;GO:0046872
FGSG_10817,11,0.4577799664373912,4.785361483578306,FGSG_02321;FGSG_02323;FGSG_02324;FGSG_02325;FGSG_02326;FGSG_02327;FGSG_02328;FGSG_02329;FGSG_02903;FGSG_11326;FGSG_13952,2,uncharacterized protein,
FGSG_04074,11,0.48812906253081745,4.7848840914166875,FGSG_00743;FGSG_02272;FGSG_02461;FGSG_03061;FGSG_03894;FGSG_04589;FGSG_05610;FGSG_08774;FGSG_09012;FGSG_10922;FGSG_12180,1,uncharacterized protein,
FGSG_12975,11,0.45685404225744125,4.771226468678397,FGSG_00330;FGSG_03546;FGSG_03547;FGSG_03548;FGSG_03992;FGSG_04458;FGSG_04589;FGSG_08601;FGSG_08712;FGSG_09834;FGSG_10347,1,uncharacterized protein,GO:0000161;GO:0005634;GO:0005829;GO:0006457;GO:0019901;GO:0030474;GO:0031072;GO:0032872;GO:0050821;GO:0051082;GO:0051301;GO:0051726
FGSG_03440,11,0.4658330592929872,4.767401809362241,FGSG_01422;FGSG_02271;FGSG_02272;FGSG_02461;FGSG_03061;FGSG_03894;FGSG_05610;FGSG_07075;FGSG_09012;FGSG_09456;FGSG_09834,1,uncharacterized protein,
FGSG_02926,11,0.47332330518859284,4.764679405037542,FGSG_00743;FGSG_00765;FGSG_01621;FGSG_02272;FGSG_02461;FGSG_03061;FGSG_03894;FGSG_05368;FGSG_05610;FGSG_08774;FGSG_13136,1,uncharacterized protein,GO:0016021
FGSG_01072,11,0.4538493948732345,4.764350131502839,FGSG_00330;FGSG_03546;FGSG_03547;FGSG_03548;FGSG_03992;FGSG_04458;FGSG_08601;FGSG_09280;FGSG_09456;FGSG_09834;FGSG_10347,1,uncharacterized protein,
FGSG_08943,11,0.45445050956690186,4.76304963754833,FGSG_00330;FGSG_03546;FGSG_03547;FGSG_03548;FGSG_03992;FGSG_04458;FGSG_04591;FGSG_08601;FGSG_09280;FGSG_09834;FGSG_10347,1,2-deoxy-D-gluconate 3-dehydrogenase,GO:0016491;GO:0055114
FGSG_03432,11,0.45500337580973443,4.760096832223701,FGSG_02321;FGSG_02323;FGSG_02324;FGSG_02325;FGSG_02326;FGSG_02327;FGSG_02328;FGSG_02329;FGSG_02903;FGSG_11326;FGSG_13952,2,uncharacterized protein,GO:0004190;GO:0006508
FGSG_13095,11,0.48635737446741584,4.759771681003569,FGSG_00743;FGSG_02272;FGSG_02461;FGSG_03061;FGSG_03894;FGSG_04589;FGSG_05610;FGSG_08774;FGSG_09012;FGSG_10922;FGSG_12180,1,uncharacterized protein,
FGSG_06751,11,0.46569839646566974,4.7594349992549185,FGSG_00743;FGSG_02271;FGSG_02272;FGSG_02461;FGSG_03061;FGSG_03894;FGSG_04309;FGSG_05610;FGSG_08456;FGSG_09012;FGSG_13136,1,4-aminobutyrate aminotransferase,GO:0003867;GO:0009448;GO:0030170
FGSG_07069,11,0.4890542551147099,4.756620595698281,FGSG_00743;FGSG_02272;FGSG_02461;FGSG_03061;FGSG_03894;FGSG_04589;FGSG_05610;FGSG_08774;FGSG_09012;FGSG_10922;FGSG_12180,1,uncharacterized protein,GO:0003735;GO:0004784;GO:0005763;GO:0019430;GO:0032543;GO:0046872;GO:0055114
FGSG_07959,11,0.45392184574770167,4.754218432849935,FGSG_00330;FGSG_03546;FGSG_03547;FGSG_03548;FGSG_03992;FGSG_04458;FGSG_04591;FGSG_08601;FGSG_09280;FGSG_09834;FGSG_10347,1,uncharacterized protein,
FGSG_08231,11,0.4579645326710749,4.753827359203852,FGSG_02321;FGSG_02323;FGSG_02324;FGSG_02325;FGSG_02326;FGSG_02327;FGSG_02328;FGSG_02329;FGSG_08083;FGSG_11326;FGSG_13952,2,uncharacterized protein,
FGSG_04368,11,0.4538358361392742,4.753240351623724,FGSG_02321;FGSG_02323;FGSG_02324;FGSG_02325;FGSG_02326;FGSG_02327;FGSG_02328;FGSG_02329;FGSG_02903;FGSG_11326;FGSG_13952,2,uncharacterized protein,GO:0016021;GO:0016491;GO:0022891;GO:0055085;GO:0055114;GO:0071949
FGSG_10081,11,0.45556290693029705,4.751616377177759,FGSG_02321;FGSG_02323;FGSG_02324;FGSG_02325;FGSG_02326;FGSG_02327;FGSG_02328;FGSG_02329;FGSG_02903;FGSG_10670;FGSG_11326,2,uncharacterized protein,GO:0016021;GO:0016747
FGSG_03727,11,0.4559696309275356,4.748041888228774,FGSG_02321;FGSG_02323;FGSG_02324;FGSG_02325;FGSG_02326;FGSG_02327;FGSG_02328;FGSG_02329;FGSG_08083;FGSG_11326;FGSG_13952,2,uncharacterized protein,GO:0000981;GO:0003677;GO:0005634;GO:0006351;GO:0006357;GO:0008270
FGSG_08313,11,0.4582255790242636,4.744832440928549,FGSG_00330;FGSG_03546;FGSG_03547;FGSG_03548;FGSG_03992;FGSG_04458;FGSG_04591;FGSG_08601;FGSG_09280;FGSG_09834;FGSG_10347,1,uncharacterized protein,GO:0001401;GO:0006461;GO:0015266;GO:0031307;GO:0045040
FGSG_13396,11,0.4601483458466166,4.7435609948432615,FGSG_00330;FGSG_03546;FGSG_03547;FGSG_03548;FGSG_03894;FGSG_04458;FGSG_04589;FGSG_04591;FGSG_08601;FGSG_09834;FGSG_10347,1,uncharacterized protein,
FGSG_06767,11,0.4508417967448859,4.741954363682553,FGSG_01422;FGSG_02271;FGSG_02272;FGSG_02461;FGSG_03061;FGSG_04590;FGSG_05610;FGSG_07075;FGSG_07528;FGSG_09456;FGSG_09834,1,uncharacterized protein,GO:0000111;GO:0000502;GO:0003684;GO:0005635;GO:0005829;GO:0006289;GO:0006517;GO:0016567;GO:0030433;GO:0030674;GO:0042177;GO:0043130
FGSG_10115,11,0.45652793682918874,4.733878167714765,FGSG_02321;FGSG_02323;FGSG_02324;FGSG_02325;FGSG_02326;FGSG_02327;FGSG_02328;FGSG_02329;FGSG_08083;FGSG_10670;FGSG_11326,2,uncharacterized protein,GO:0016021
FGSG_13008,11,0.4551391960040843,4.731163767143662,FGSG_02321;FGSG_02323;FGSG_02324;FGSG_02325;FGSG_02326;FGSG_02327;FGSG_02328;FGSG_02329;FGSG_08083;FGSG_11326;FGSG_13952,2,uncharacterized protein,GO:0000981;GO:0003677;GO:0005634;GO:0006351;GO:0006357;GO:0008270
FGSG_12831,11,0.45730710930866664,4.728291253004425,FGSG_02321;FGSG_02323;FGSG_02324;FGSG_02325;FGSG_02326;FGSG_02327;FGSG_02328;FGSG_02329;FGSG_08083;FGSG_11326;FGSG_13952,2,uncharacterized protein,
FGSG_07907,11,0.4631605284055676,4.7281490045830825,FGSG_00330;FGSG_03546;FGSG_03547;FGSG_03548;FGSG_03992;FGSG_04458;FGSG_04589;FGSG_04591;FGSG_08601;FGSG_09834;FGSG_10347,1,uncharacterized protein,GO:0005739;GO:0016740;GO:0016787
FGSG_00373,11,0.4526782870442835,4.726581634515102,FGSG_01422;FGSG_02272;FGSG_02461;FGSG_03061;FGSG_03894;FGSG_04458;FGSG_05610;FGSG_08774;FGSG_09012;FGSG_09456;FGSG_09834,1,ATP synthase subunit 4,GO:0000274;GO:0015986;GO:0035786;GO:0046961
FGSG_06327,11,0.4599534950392042,4.723394929396676,FGSG_00743;FGSG_01422;FGSG_02271;FGSG_02272;FGSG_02461;FGSG_03061;FGSG_03894;FGSG_05610;FGSG_09012;FGSG_09456;FGSG_09834,1,uncharacterized protein,
FGSG_10942,11,0.44913205069652323,4.720812104376513,FGSG_02321;FGSG_02323;FGSG_02324;FGSG_02325;FGSG_02326;FGSG_02327;FGSG_02328;FGSG_02329;FGSG_02903;FGSG_11326;FGSG_13952,2,uncharacterized protein,GO:0003735;GO:0005840;GO:0006412
FGSG_05583,11,0.45224560724902724,4.719677660725396,FGSG_02321;FGSG_02324;FGSG_02325;FGSG_02326;FGSG_02327;FGSG_02328;FGSG_02329;FGSG_03842;FGSG_08083;FGSG_11326;FGSG_13952,2,uncharacterized protein,
FGSG_04727,11,0.45244400406561214,4.717196347328428,FGSG_02321;FGSG_02323;FGSG_02324;FGSG_02325;FGSG_02326;FGSG_02327;FGSG_02328;FGSG_02329;FGSG_02903;FGSG_10670;FGSG_11326,2,uncharacterized protein,GO:0003677;GO:0005634;GO:0006351;GO:0008270;GO:0016491;GO:0055114;GO:0071949
FGSG_08146,11,0.45506760875759483,4.71237009001668,FGSG_01866;FGSG_02321;FGSG_02324;FGSG_02325;FGSG_02326;FGSG_02327;FGSG_02328;FGSG_02329;FGSG_08083;FGSG_11326;FGSG_13952,2,uncharacterized protein,
FGSG_00447,11,0.456848316616875,4.712327159943199,FGSG_01422;FGSG_02271;FGSG_02272;FGSG_02461;FGSG_03061;FGSG_03894;FGSG_05610;FGSG_07075;FGSG_09012;FGSG_09456;FGSG_09834,1,uncharacterized protein,GO:0003998
FGSG_05210,11,0.4516069542806851,4.7088713310412516,FGSG_02321;FGSG_02323;FGSG_02324;FGSG_02325;FGSG_02326;FGSG_02327;FGSG_02328;FGSG_02329;FGSG_08083;FGSG_11326;FGSG_13952,2,uncharacterized protein,GO:0000139;GO:0008168;GO:0016021;GO:0032259
FGSG_08054,11,0.44551608428012945,4.708322777185982,FGSG_02321;FGSG_02323;FGSG_02324;FGSG_02325;FGSG_02326;FGSG_02327;FGSG_02328;FGSG_02329;FGSG_02903;FGSG_10670;FGSG_11326,2,uncharacterized protein,GO:0008270;GO:0016021;GO:0016491;GO:0055114
FGSG_12251,11,0.4418581547780751,4.705681367459585,FGSG_00330;FGSG_03546;FGSG_03547;FGSG_03548;FGSG_03992;FGSG_04458;FGSG_08601;FGSG_09280;FGSG_09456;FGSG_09834;FGSG_10347,1,uncharacterized protein,GO:0004065;GO:0018958
FGSG_07296,11,0.4526969312695635,4.705435206873602,FGSG_02077;FGSG_02321;FGSG_02324;FGSG_02325;FGSG_02326;FGSG_02327;FGSG_02328;FGSG_02329;FGSG_02903;FGSG_10670;FGSG_11326,2,ATP-dependent RNA helicase DBP8,GO:0000447;GO:0000472;GO:0000480;GO:0003723;GO:0004004;GO:0005524;GO:0005730;GO:0030686
FGSG_11815,11,0.4558027979753724,4.6981859571543865,FGSG_01422;FGSG_02271;FGSG_02272;FGSG_02461;FGSG_03061;FGSG_03894;FGSG_05610;FGSG_07075;FGSG_09012;FGSG_09456;FGSG_09834,1,uncharacterized protein,GO:0000723;GO:0003777;GO:0005524;GO:0006281;GO:0007018;GO:0008017;GO:0016021;GO:0016887;GO:0030870;GO:0055085
FGSG_13111,11,0.44603270988459237,4.6977011834414215,FGSG_00330;FGSG_03546;FGSG_03547;FGSG_03548;FGSG_03992;FGSG_04458;FGSG_08601;FGSG_09280;FGSG_09456;FGSG_09834;FGSG_10347,1,enoyl-CoA hydratase,GO:0008152;GO:0016853
FGSG_00392,11,0.4539409644506637,4.694451528665504,FGSG_02077;FGSG_02321;FGSG_02324;FGSG_02325;FGSG_02326;FGSG_02327;FGSG_02328;FGSG_02329;FGSG_02903;FGSG_10670;FGSG_11326,2,uncharacterized protein,
FGSG_05377,11,0.47446344044942984,4.694190743802585,FGSG_00743;FGSG_02272;FGSG_02972;FGSG_03061;FGSG_03747;FGSG_03894;FGSG_04589;FGSG_05610;FGSG_08774;FGSG_10922;FGSG_12180,1,VTS1 protein,GO:0000166;GO:0000289;GO:0000932;GO:0003723;GO:0005634;GO:0005829;GO:0015031;GO:0032079;GO:0070336
FGSG_02924,11,0.452136803952725,4.693811352622037,FGSG_01866;FGSG_02321;FGSG_02324;FGSG_02325;FGSG_02326;FGSG_02327;FGSG_02328;FGSG_02329;FGSG_08083;FGSG_11326;FGSG_13952,2,uncharacterized protein,GO:0016491;GO:0055114
FGSG_13404,11,0.47212522106675514,4.686710223865246,FGSG_00743;FGSG_02272;FGSG_02461;FGSG_03061;FGSG_03894;FGSG_04458;FGSG_04589;FGSG_05610;FGSG_08774;FGSG_10922;FGSG_12180,1,uncharacterized protein,GO:0016021;GO:0016491;GO:0055114
FGSG_10744,11,0.47436147592996086,4.68129676362035,FGSG_00743;FGSG_02272;FGSG_02461;FGSG_03061;FGSG_03894;FGSG_04589;FGSG_05610;FGSG_08712;FGSG_08774;FGSG_10922;FGSG_12180,1,uncharacterized protein,GO:0003735;GO:0005762;GO:0032543
FGSG_09660,11,0.4623148271127906,4.680688941208559,FGSG_00743;FGSG_01422;FGSG_02272;FGSG_03061;FGSG_03894;FGSG_04458;FGSG_04589;FGSG_05610;FGSG_08712;FGSG_10347;FGSG_12180,1,uncharacterized protein,GO:0000935;GO:0004697;GO:0005524;GO:0005634;GO:0005737;GO:0005856;GO:0006468;GO:0007015;GO:0009272;GO:0030242;GO:0030427;GO:0032153;GO:0032949;GO:0033962;GO:0035556;GO:0046872;GO:0050732;GO:0051286;GO:0060211;GO:0060237;GO:0090334;GO:2000769
FGSG_06036,11,0.44394190634228564,4.6802311699990815,FGSG_00330;FGSG_03546;FGSG_03547;FGSG_03548;FGSG_03992;FGSG_04458;FGSG_08601;FGSG_09280;FGSG_09456;FGSG_09834;FGSG_10347,1,uncharacterized protein,
FGSG_00221,11,0.45245934555076417,4.677447276938181,FGSG_00007;FGSG_01866;FGSG_02321;FGSG_02326;FGSG_02327;FGSG_02328;FGSG_02329;FGSG_03842;FGSG_03881;FGSG_08083;FGSG_13952,2,uncharacterized protein,
FGSG_07870,11,0.4536127421440257,4.676613554610665,FGSG_00007;FGSG_01866;FGSG_02326;FGSG_02327;FGSG_02328;FGSG_02329;FGSG_03539;FGSG_03842;FGSG_03881;FGSG_08083;FGSG_13952,2,uncharacterized protein,
FGSG_13367,11,0.4525856846435438,4.676127283345628,FGSG_02320;FGSG_02321;FGSG_02323;FGSG_02324;FGSG_02325;FGSG_02326;FGSG_02327;FGSG_02328;FGSG_02329;FGSG_08083;FGSG_11326,2,uncharacterized protein,
FGSG_08556,11,0.4482166912440534,4.6760878073836505,FGSG_00007;FGSG_02324;FGSG_02326;FGSG_02327;FGSG_02328;FGSG_02329;FGSG_03842;FGSG_03881;FGSG_08083;FGSG_11326;FGSG_13952,2,uncharacterized protein,
FGSG_12905,11,0.4535775560128337,4.676064602636548,FGSG_00743;FGSG_01422;FGSG_02272;FGSG_02461;FGSG_03061;FGSG_03894;FGSG_04458;FGSG_05610;FGSG_09012;FGSG_09456;FGSG_09834,1,uncharacterized protein,
FGSG_09082,11,0.4471320353029506,4.672830599939268,FGSG_02323;FGSG_02324;FGSG_02325;FGSG_02326;FGSG_02327;FGSG_02328;FGSG_02329;FGSG_03842;FGSG_08083;FGSG_11326;FGSG_13952,2,alpha-glucosidase,GO:0003824;GO:0005975
FGSG_04957,11,0.4504426810407302,4.6707396130627385,FGSG_02321;FGSG_02323;FGSG_02324;FGSG_02325;FGSG_02326;FGSG_02327;FGSG_02328;FGSG_02329;FGSG_08083;FGSG_11326;FGSG_13952,2,uncharacterized protein,GO:0001406;GO:0001407;GO:0005887;GO:0015169;GO:0015794;GO:0055085
FGSG_10843,11,0.4564434538533346,4.666668854398743,FGSG_00765;FGSG_01621;FGSG_02272;FGSG_02461;FGSG_03061;FGSG_03894;FGSG_04309;FGSG_05610;FGSG_08774;FGSG_09012;FGSG_13136,1,uncharacterized protein,GO:0008168;GO:0032259
FGSG_04746,11,0.44947203770192773,4.664116572833167,FGSG_02077;FGSG_02320;FGSG_02324;FGSG_02325;FGSG_02326;FGSG_02327;FGSG_02328;FGSG_02329;FGSG_02903;FGSG_10670;FGSG_11326,2,uncharacterized protein,
FGSG_13388,11,0.44328996068874094,4.663678831470717,FGSG_00330;FGSG_03546;FGSG_03547;FGSG_03548;FGSG_03992;FGSG_04458;FGSG_08601;FGSG_09280;FGSG_09456;FGSG_09834;FGSG_10347,1,uncharacterized protein,GO:0051213;GO:0055114
FGSG_03161,11,0.4530236858367377,4.662756227571634,FGSG_00007;FGSG_01866;FGSG_02326;FGSG_02327;FGSG_03539;FGSG_03842;FGSG_03881;FGSG_08081;FGSG_08082;FGSG_08083;FGSG_13952,2,uncharacterized protein,GO:0016021;GO:0055085
FGSG_01780,11,0.4486940698869237,4.658196982148269,FGSG_02321;FGSG_02323;FGSG_02324;FGSG_02325;FGSG_02326;FGSG_02327;FGSG_02328;FGSG_02329;FGSG_08083;FGSG_11326;FGSG_13952,2,uncharacterized protein,GO:0016021
FGSG_08826,11,0.450404131128413,4.654931123154669,FGSG_00007;FGSG_01866;FGSG_02324;FGSG_02326;FGSG_02327;FGSG_02328;FGSG_02329;FGSG_03842;FGSG_03881;FGSG_08083;FGSG_13952,2,uncharacterized protein,GO:0000981;GO:0003677;GO:0005634;GO:0006351;GO:0006357;GO:0008080;GO:0008270;GO:0016021
FGSG_05988,11,0.44558051906201357,4.652524364379028,FGSG_02321;FGSG_02323;FGSG_02324;FGSG_02325;FGSG_02326;FGSG_02327;FGSG_02328;FGSG_02329;FGSG_08083;FGSG_11326;FGSG_13952,2,uncharacterized protein,
FGSG_08284,11,0.44865165879264873,4.652088691149989,FGSG_00007;FGSG_01866;FGSG_02324;FGSG_02326;FGSG_02327;FGSG_02328;FGSG_02329;FGSG_03842;FGSG_03881;FGSG_08083;FGSG_13952,2,uncharacterized protein,
FGSG_11721,11,0.4422713978419509,4.651818376758805,FGSG_02321;FGSG_02323;FGSG_02324;FGSG_02325;FGSG_02326;FGSG_02327;FGSG_02328;FGSG_02329;FGSG_03842;FGSG_11326;FGSG_13952,2,uncharacterized protein,GO:0046872
FGSG_04974,11,0.4526577768823188,4.649982685546346,FGSG_00007;FGSG_01866;FGSG_02326;FGSG_02327;FGSG_02328;FGSG_02329;FGSG_03539;FGSG_03842;FGSG_03881;FGSG_08083;FGSG_13952,2,uncharacterized protein,GO:0000981;GO:0003677;GO:0005634;GO:0006351;GO:0006357;GO:0008270
FGSG_12563,11,0.4409399169968556,4.649655993784334,FGSG_02323;FGSG_02324;FGSG_02325;FGSG_02326;FGSG_02327;FGSG_02328;FGSG_02329;FGSG_03842;FGSG_08083;FGSG_11326;FGSG_13952,2,uncharacterized protein,GO:0016491;GO:0046872;GO:0051537;GO:0055114
FGSG_13674,11,0.4425295428835275,4.648950443862891,FGSG_02321;FGSG_02323;FGSG_02324;FGSG_02325;FGSG_02326;FGSG_02327;FGSG_02328;FGSG_02329;FGSG_02903;FGSG_11326;FGSG_13952,2,uncharacterized protein,GO:0006623;GO:0006896;GO:0008152;GO:0016740;GO:0030123;GO:0030131;GO:0032153;GO:0044732;GO:0051286;GO:0072686
FGSG_07973,11,0.4395526146508855,4.642177633767481,FGSG_00330;FGSG_03546;FGSG_03547;FGSG_03548;FGSG_03992;FGSG_04458;FGSG_08601;FGSG_09280;FGSG_09456;FGSG_09834;FGSG_10347,1,uncharacterized protein,GO:0016021
FGSG_07026,11,0.44717076018868096,4.640938247733949,FGSG_02321;FGSG_02323;FGSG_02324;FGSG_02325;FGSG_02326;FGSG_02327;FGSG_02328;FGSG_02329;FGSG_08083;FGSG_10670;FGSG_11326,2,uncharacterized protein,
FGSG_03149,11,0.4698746176992706,4.63814465715194,FGSG_00743;FGSG_02272;FGSG_02461;FGSG_03061;FGSG_03894;FGSG_04589;FGSG_05610;FGSG_08774;FGSG_09012;FGSG_10922;FGSG_12180,1,uncharacterized protein,GO:0008080
FGSG_04041,11,0.4391542616082032,4.637894507832302,FGSG_02321;FGSG_02324;FGSG_02325;FGSG_02326;FGSG_02327;FGSG_02328;FGSG_02329;FGSG_03842;FGSG_08083;FGSG_11326;FGSG_13952,2,uncharacterized protein,
FGSG_03099,11,0.43790623229907755,4.6362360436678705,FGSG_02323;FGSG_02324;FGSG_02325;FGSG_02326;FGSG_02327;FGSG_02328;FGSG_02329;FGSG_03842;FGSG_08083;FGSG_11326;FGSG_13952,2,uncharacterized protein,GO:0016021
FGSG_12039,11,0.4725879350730656,4.633636488655941,FGSG_00743;FGSG_00765;FGSG_02272;FGSG_02461;FGSG_03061;FGSG_03894;FGSG_05368;FGSG_05610;FGSG_08493;FGSG_08774;FGSG_10922,1,chitin synthase 6,GO:0003677;GO:0003774;GO:0005524;GO:0016021;GO:0016459;GO:0016758
FGSG_08175,11,0.443975827610123,4.63293149538585,FGSG_02321;FGSG_02323;FGSG_02324;FGSG_02325;FGSG_02326;FGSG_02327;FGSG_02328;FGSG_02329;FGSG_08083;FGSG_11326;FGSG_13952,2,uncharacterized protein,
FGSG_02268,11,0.44742752820696774,4.6317960632587285,FGSG_01866;FGSG_02321;FGSG_02324;FGSG_02325;FGSG_02326;FGSG_02327;FGSG_02328;FGSG_02329;FGSG_08083;FGSG_11326;FGSG_13952,2,uncharacterized protein,GO:0000981;GO:0005634;GO:0006357;GO:0008270
FGSG_02893,11,0.46694610335030795,4.627829434812617,FGSG_00743;FGSG_02272;FGSG_02972;FGSG_03061;FGSG_03747;FGSG_03894;FGSG_04589;FGSG_05610;FGSG_08774;FGSG_10922;FGSG_12180,1,uncharacterized protein,GO:0004668;GO:0005509;GO:0005737;GO:0018101
FGSG_11478,11,0.4466876343672028,4.624442615369873,FGSG_00007;FGSG_01866;FGSG_02326;FGSG_02327;FGSG_02328;FGSG_02329;FGSG_03539;FGSG_03543;FGSG_03881;FGSG_08083;FGSG_13952,2,uncharacterized protein,GO:0008168;GO:0032259
FGSG_11421,11,0.4457922840755453,4.622802902348898,FGSG_02321;FGSG_02323;FGSG_02324;FGSG_02325;FGSG_02326;FGSG_02327;FGSG_02328;FGSG_02329;FGSG_08083;FGSG_11326;FGSG_13952,2,uncharacterized protein,GO:0016491;GO:0046872;GO:0055114
FGSG_05096,11,0.43608421677240955,4.6067956842822095,FGSG_00330;FGSG_01422;FGSG_03546;FGSG_03548;FGSG_03992;FGSG_04458;FGSG_04589;FGSG_08601;FGSG_08712;FGSG_09834;FGSG_10347,1,uncharacterized protein,GO:0005381;GO:0016021;GO:0034755
FGSG_02465,11,0.45361848682706807,4.598331758760354,FGSG_00007;FGSG_01866;FGSG_02326;FGSG_02327;FGSG_03532;FGSG_03539;FGSG_03842;FGSG_03881;FGSG_08081;FGSG_08083;FGSG_13952,2,uncharacterized protein,
FGSG_03750,11,0.4367370457985138,4.59284368279344,FGSG_00330;FGSG_03546;FGSG_03547;FGSG_03548;FGSG_03992;FGSG_04458;FGSG_04591;FGSG_08601;FGSG_09280;FGSG_09834;FGSG_10347,1,uncharacterized protein,
FGSG_03194,11,0.4415825995031197,4.5855089850034325,FGSG_00007;FGSG_01866;FGSG_02324;FGSG_02326;FGSG_02327;FGSG_02328;FGSG_02329;FGSG_03842;FGSG_08082;FGSG_08083;FGSG_13952,2,polygalacturonase 1 precursor,GO:0004650;GO:0005576;GO:0005975;GO:0071555
FGSG_04975,11,0.4470146377382965,4.5848131600369415,FGSG_00007;FGSG_01866;FGSG_02326;FGSG_02327;FGSG_02328;FGSG_02329;FGSG_03532;FGSG_03881;FGSG_08081;FGSG_08083;FGSG_13952,2,uncharacterized protein,
FGSG_08396,11,0.4393046587010968,4.584275991143482,FGSG_01866;FGSG_02320;FGSG_02321;FGSG_02326;FGSG_02327;FGSG_02328;FGSG_02329;FGSG_03543;FGSG_03881;FGSG_08083;FGSG_11326,2,uncharacterized protein,GO:0005975;GO:0006044;GO:0008448
FGSG_04313,11,0.4477413054751107,4.582739845333412,FGSG_00007;FGSG_01866;FGSG_02326;FGSG_02327;FGSG_02328;FGSG_02329;FGSG_03842;FGSG_03881;FGSG_08081;FGSG_08083;FGSG_13952,2,"1,4-alpha-glucan branching enzyme",GO:0003844;GO:0004553;GO:0005737;GO:0005978;GO:0043169
FGSG_10967,11,0.4462753679941277,4.575750340500793,FGSG_00007;FGSG_01866;FGSG_02327;FGSG_03532;FGSG_03535;FGSG_03881;FGSG_07896;FGSG_08079;FGSG_08083;FGSG_08084;FGSG_13952,2,arginase,GO:0004053;GO:0005737;GO:0006525;GO:0046872;GO:0090368
FGSG_02672,11,0.4435363712483175,4.5682015330767705,FGSG_00007;FGSG_01866;FGSG_03532;FGSG_03535;FGSG_03539;FGSG_03842;FGSG_03881;FGSG_07896;FGSG_08081;FGSG_08083;FGSG_13952,2,uncharacterized protein,GO:0004497;GO:0005506;GO:0016021;GO:0016705;GO:0020037;GO:0055114
FGSG_01206,10,0.49752265937613926,4.566035074943376,FGSG_00743;FGSG_01422;FGSG_02272;FGSG_02461;FGSG_03061;FGSG_03894;FGSG_05610;FGSG_08712;FGSG_08774;FGSG_09012,1,uncharacterized protein,
FGSG_00853,10,0.4974506576962015,4.545231622636451,FGSG_00743;FGSG_01422;FGSG_02272;FGSG_02461;FGSG_03061;FGSG_03894;FGSG_05610;FGSG_08712;FGSG_08774;FGSG_09012,1,uncharacterized protein,
FGSG_03502,10,0.4842660750385328,4.448417125158052,FGSG_00743;FGSG_01422;FGSG_02272;FGSG_02461;FGSG_03061;FGSG_03894;FGSG_04458;FGSG_05610;FGSG_08774;FGSG_09012,1,uncharacterized protein,GO:0005198;GO:0016021
FGSG_09512,10,0.49429591038621074,4.444797379316332,FGSG_00743;FGSG_01422;FGSG_02272;FGSG_02461;FGSG_03061;FGSG_03894;FGSG_05610;FGSG_08774;FGSG_09012;FGSG_12180,1,branched-chain-amino-acid aminotransferase,GO:0009082;GO:0052654;GO:0052655;GO:0052656
FGSG_07742,10,0.4848282395456332,4.433573677593783,FGSG_00743;FGSG_00765;FGSG_02272;FGSG_02461;FGSG_03061;FGSG_03894;FGSG_05610;FGSG_08774;FGSG_09012;FGSG_13136,1,uncharacterized protein,GO:0004672;GO:0005524;GO:0006468
FGSG_07489,10,0.4755693199255501,4.430022955073964,FGSG_00743;FGSG_02271;FGSG_02272;FGSG_02461;FGSG_03061;FGSG_03894;FGSG_05610;FGSG_08774;FGSG_09012;FGSG_13136,1,uncharacterized protein,GO:0016021
FGSG_01064,10,0.4762894563879891,4.41558714691922,FGSG_00743;FGSG_00765;FGSG_02272;FGSG_02461;FGSG_03061;FGSG_03894;FGSG_05610;FGSG_08774;FGSG_09012;FGSG_13136,1,uncharacterized protein,GO:0005794;GO:0006882;GO:0016021
FGSG_00471,10,0.4743012302695664,4.405574314549694,FGSG_00743;FGSG_01422;FGSG_02272;FGSG_02461;FGSG_03061;FGSG_03894;FGSG_05610;FGSG_08774;FGSG_09012;FGSG_09456,1,uncharacterized protein,
FGSG_08563,10,0.4755292054871533,4.4053059988626355,FGSG_00743;FGSG_01422;FGSG_02272;FGSG_02461;FGSG_03061;FGSG_03894;FGSG_05610;FGSG_08712;FGSG_08774;FGSG_09012,1,uncharacterized protein,
FGSG_04923,10,0.46959175457008684,4.3998474394558045,FGSG_00743;FGSG_01422;FGSG_02272;FGSG_02461;FGSG_03061;FGSG_03894;FGSG_05610;FGSG_08774;FGSG_09012;FGSG_09456,1,uncharacterized protein,GO:0016021
FGSG_05664,10,0.46963851246956867,4.397594215567652,FGSG_00743;FGSG_02271;FGSG_02272;FGSG_02461;FGSG_03061;FGSG_03894;FGSG_05610;FGSG_08774;FGSG_09012;FGSG_13136,1,uncharacterized protein,
FGSG_04695,10,0.461761470865549,4.395824596972144,FGSG_02321;FGSG_02323;FGSG_02324;FGSG_02325;FGSG_02326;FGSG_02327;FGSG_02328;FGSG_02329;FGSG_02903;FGSG_11326,2,uncharacterized protein,GO:0016021
FGSG_00171,10,0.46861969895376504,4.39157454810973,FGSG_00743;FGSG_02272;FGSG_02461;FGSG_03061;FGSG_03894;FGSG_04309;FGSG_05610;FGSG_08774;FGSG_09012;FGSG_13136,1,uncharacterized protein,GO:0005525;GO:0005622;GO:0007264
FGSG_05171,10,0.4732299520889069,4.386948774129667,FGSG_00743;FGSG_00765;FGSG_02272;FGSG_02461;FGSG_03061;FGSG_03894;FGSG_05610;FGSG_08774;FGSG_09012;FGSG_13136,1,uncharacterized protein,GO:0003700;GO:0006355;GO:0043565
FGSG_11992,10,0.4582071674319184,4.383496051904638,FGSG_02321;FGSG_02323;FGSG_02324;FGSG_02325;FGSG_02326;FGSG_02327;FGSG_02328;FGSG_02329;FGSG_02903;FGSG_11326,2,uncharacterized protein,GO:0003824;GO:0050662
FGSG_05780,10,0.4914939399700327,4.381966343530984,FGSG_00743;FGSG_02272;FGSG_02461;FGSG_03061;FGSG_03894;FGSG_05610;FGSG_08774;FGSG_09012;FGSG_10922;FGSG_12180,1,uncharacterized protein,GO:0005794
FGSG_02792,10,0.47012107575081824,4.375798565660665,FGSG_00743;FGSG_02271;FGSG_02272;FGSG_02461;FGSG_03061;FGSG_03894;FGSG_05610;FGSG_08774;FGSG_09012;FGSG_13136,1,uncharacterized protein,GO:0000042;GO:0005622;GO:0016491;GO:0055114
FGSG_13708,10,0.4516495462715301,4.373283972740868,FGSG_02321;FGSG_02323;FGSG_02324;FGSG_02325;FGSG_02326;FGSG_02327;FGSG_02328;FGSG_02329;FGSG_02903;FGSG_11326,2,uncharacterized protein,GO:0008171;GO:0032259
FGSG_06400,10,0.452749708472098,4.367751072510705,FGSG_02321;FGSG_02323;FGSG_02324;FGSG_02325;FGSG_02326;FGSG_02327;FGSG_02328;FGSG_02329;FGSG_02903;FGSG_11326,2,uncharacterized protein,GO:0003963;GO:0006396
FGSG_04567,10,0.4629988166123817,4.3626148710837835,FGSG_00743;FGSG_02272;FGSG_02461;FGSG_03061;FGSG_03894;FGSG_04309;FGSG_05610;FGSG_08774;FGSG_09012;FGSG_13136,1,monothiol glutaredoxin-5,GO:0005759;GO:0006970;GO:0009055;GO:0015035;GO:0015038;GO:0034599;GO:0045454;GO:0055114
FGSG_09370,10,0.46894252110797147,4.3582731500877685,FGSG_00743;FGSG_01422;FGSG_02272;FGSG_02461;FGSG_03061;FGSG_03894;FGSG_05610;FGSG_08712;FGSG_08774;FGSG_09012,1,uncharacterized protein,GO:0016021
FGSG_11244,10,0.4526481768784622,4.355679020686035,FGSG_02321;FGSG_02323;FGSG_02324;FGSG_02325;FGSG_02326;FGSG_02327;FGSG_02328;FGSG_02329;FGSG_02903;FGSG_11326,2,uncharacterized protein,
FGSG_02387,10,0.45316065211124507,4.353369505719496,FGSG_02321;FGSG_02323;FGSG_02324;FGSG_02325;FGSG_02326;FGSG_02327;FGSG_02328;FGSG_02329;FGSG_02903;FGSG_11326,2,uncharacterized protein,GO:0016491;GO:0055114
FGSG_11533,10,0.47202073119518057,4.353349759714846,FGSG_00743;FGSG_01422;FGSG_02272;FGSG_02461;FGSG_03061;FGSG_03894;FGSG_05610;FGSG_08712;FGSG_08774;FGSG_09012,1,uncharacterized protein,
FGSG_11257,10,0.45815457663552434,4.346630088386005,FGSG_02321;FGSG_02323;FGSG_02324;FGSG_02325;FGSG_02326;FGSG_02327;FGSG_02328;FGSG_02329;FGSG_08083;FGSG_11326,2,uncharacterized protein,GO:0006508;GO:0008236
FGSG_07033,10,0.47743466368642884,4.3446240447125515,FGSG_00743;FGSG_02272;FGSG_02461;FGSG_03061;FGSG_03894;FGSG_05610;FGSG_08712;FGSG_08774;FGSG_09012;FGSG_12180,1,uncharacterized protein,GO:0000281;GO:0001300;GO:0005634;GO:0005829;GO:0030479;GO:0030674;GO:0032153;GO:0051015;GO:0051286;GO:0051764
FGSG_12782,10,0.4563568703391251,4.342076850225895,FGSG_02321;FGSG_02323;FGSG_02324;FGSG_02325;FGSG_02326;FGSG_02327;FGSG_02328;FGSG_02329;FGSG_08083;FGSG_11326,2,uncharacterized protein,GO:0000981;GO:0005634;GO:0006357;GO:0008270
FGSG_03630,10,0.4506693370938908,4.339106406567733,FGSG_02321;FGSG_02323;FGSG_02324;FGSG_02325;FGSG_02326;FGSG_02327;FGSG_02328;FGSG_02329;FGSG_02903;FGSG_11326,2,uncharacterized protein,
FGSG_04616,10,0.44661931531168586,4.332087696397951,FGSG_02321;FGSG_02323;FGSG_02324;FGSG_02325;FGSG_02326;FGSG_02327;FGSG_02328;FGSG_02329;FGSG_02903;FGSG_11326,2,uncharacterized protein,GO:0008152;GO:0016846
FGSG_11904,10,0.4860987940229977,4.329844410491519,FGSG_00743;FGSG_00765;FGSG_02272;FGSG_02461;FGSG_03061;FGSG_03894;FGSG_05610;FGSG_08774;FGSG_09012;FGSG_10922,1,uncharacterized protein,GO:0004568;GO:0005975;GO:0006032
FGSG_06051,10,0.46353576093415316,4.329329743794597,FGSG_00743;FGSG_02272;FGSG_02461;FGSG_03061;FGSG_03894;FGSG_04309;FGSG_05610;FGSG_08774;FGSG_09012;FGSG_13136,1,"alpha,alpha-trehalose-phosphate synthase",GO:0003825;GO:0005829;GO:0005946;GO:0030437;GO:0034599;GO:0090441
FGSG_03646,10,0.4515781219653458,4.325482730275251,FGSG_02321;FGSG_02323;FGSG_02324;FGSG_02325;FGSG_02326;FGSG_02327;FGSG_02328;FGSG_02329;FGSG_11326;FGSG_13952,2,uncharacterized protein,GO:0016021;GO:0055085
FGSG_10522,10,0.48054784530375655,4.319738496687958,FGSG_00743;FGSG_02272;FGSG_02461;FGSG_03061;FGSG_03894;FGSG_05610;FGSG_08774;FGSG_09012;FGSG_10922;FGSG_12180,1,uncharacterized protein,GO:0016021;GO:0055085
FGSG_10923,10,0.451337453266634,4.319488613381916,FGSG_02321;FGSG_02323;FGSG_02324;FGSG_02325;FGSG_02326;FGSG_02327;FGSG_02328;FGSG_02329;FGSG_02903;FGSG_11326,2,uncharacterized protein,GO:0006950;GO:0016021
FGSG_04794,10,0.45620642395862243,4.317497361521508,FGSG_02321;FGSG_02323;FGSG_02324;FGSG_02325;FGSG_02326;FGSG_02327;FGSG_02328;FGSG_02329;FGSG_08083;FGSG_11326,2,uncharacterized protein,
FGSG_03516,10,0.46207527671548604,4.3160793380024565,FGSG_00330;FGSG_03546;FGSG_03547;FGSG_03548;FGSG_04458;FGSG_04589;FGSG_04591;FGSG_08601;FGSG_09834;FGSG_10347,1,uncharacterized protein,GO:0016021
FGSG_03873,10,0.45580982590728353,4.305869931710279,FGSG_02321;FGSG_02324;FGSG_02325;FGSG_02326;FGSG_02327;FGSG_02328;FGSG_02329;FGSG_08083;FGSG_11326;FGSG_13952,2,uncharacterized protein,GO:0000981;GO:0003677;GO:0005634;GO:0006351;GO:0006357;GO:0008270;GO:0016614;GO:0050660;GO:0055114
FGSG_09342,10,0.44675296726278585,4.305037318773462,FGSG_02321;FGSG_02323;FGSG_02324;FGSG_02325;FGSG_02326;FGSG_02327;FGSG_02328;FGSG_02329;FGSG_11326;FGSG_13952,2,uncharacterized protein,GO:0008643;GO:0016021;GO:0022891;GO:0055085
FGSG_01542,10,0.4533038153897646,4.30359703520924,FGSG_01422;FGSG_02272;FGSG_02461;FGSG_03061;FGSG_03894;FGSG_04458;FGSG_05610;FGSG_09012;FGSG_09456;FGSG_09834,1,uncharacterized protein,GO:0031305;GO:0033617
FGSG_05253,10,0.45709077514087326,4.298990576004814,FGSG_00330;FGSG_03546;FGSG_03547;FGSG_03548;FGSG_03992;FGSG_04458;FGSG_04589;FGSG_08601;FGSG_09834;FGSG_10347,1,uncharacterized protein,
FGSG_12199,10,0.4709879184691208,4.298489717628354,FGSG_00743;FGSG_02972;FGSG_03747;FGSG_03894;FGSG_05610;FGSG_08493;FGSG_08774;FGSG_10444;FGSG_10922;FGSG_12180,1,uncharacterized protein,GO:0016301;GO:0016310
FGSG_00766,10,0.4599107588143399,4.290375293771978,FGSG_00330;FGSG_03546;FGSG_03547;FGSG_03548;FGSG_03992;FGSG_04458;FGSG_04589;FGSG_08601;FGSG_09834;FGSG_10347,1,uncharacterized protein,GO:0003729;GO:0005634;GO:0005829;GO:0006457;GO:0016021;GO:0030001;GO:0030544;GO:0042030;GO:0043086;GO:0046873;GO:0051879;GO:0055085
FGSG_09171,10,0.45237246955813276,4.28929764597243,FGSG_02321;FGSG_02324;FGSG_02325;FGSG_02326;FGSG_02327;FGSG_02328;FGSG_02329;FGSG_08083;FGSG_11326;FGSG_13952,2,uncharacterized protein,
FGSG_04526,10,0.4520742724252583,4.284138146238913,FGSG_02321;FGSG_02323;FGSG_02324;FGSG_02325;FGSG_02326;FGSG_02327;FGSG_02328;FGSG_02329;FGSG_08083;FGSG_11326,2,uncharacterized protein,GO:0003824;GO:0009116
FGSG_10647,10,0.44902737578111734,4.276574412179079,FGSG_02321;FGSG_02323;FGSG_02324;FGSG_02325;FGSG_02326;FGSG_02327;FGSG_02328;FGSG_02329;FGSG_02903;FGSG_11326,2,uncharacterized protein,GO:0008168;GO:0032259
FGSG_01950,10,0.45077203341449984,4.271876729607752,FGSG_02271;FGSG_02272;FGSG_02461;FGSG_03061;FGSG_03894;FGSG_05610;FGSG_07075;FGSG_09012;FGSG_09456;FGSG_09834,1,heat shock protein Hsp88,GO:0005524;GO:0005634;GO:0005829
FGSG_12670,10,0.45073562354830937,4.268933392096966,FGSG_01422;FGSG_02271;FGSG_02272;FGSG_02461;FGSG_03061;FGSG_03894;FGSG_05610;FGSG_09012;FGSG_09456;FGSG_09834,1,uncharacterized protein,
FGSG_03613,10,0.4471187065707959,4.260466330943608,FGSG_02321;FGSG_02323;FGSG_02324;FGSG_02325;FGSG_02326;FGSG_02327;FGSG_02328;FGSG_02329;FGSG_02903;FGSG_11326,2,uncharacterized protein,
FGSG_01829,10,0.4449745950245527,4.259886726393075,FGSG_02324;FGSG_02325;FGSG_02326;FGSG_02327;FGSG_02328;FGSG_02329;FGSG_03842;FGSG_08083;FGSG_11326;FGSG_13952,2,uncharacterized protein,GO:0005975;GO:0016853;GO:0030246
FGSG_03447,10,0.452863489125,4.259067312843518,FGSG_00007;FGSG_01866;FGSG_02326;FGSG_02327;FGSG_02328;FGSG_02329;FGSG_03842;FGSG_03881;FGSG_08083;FGSG_13952,2,uncharacterized protein,GO:0016021;GO:0055085
FGSG_08411,10,0.4449462054766083,4.256826359127423,FGSG_02321;FGSG_02323;FGSG_02324;FGSG_02325;FGSG_02326;FGSG_02327;FGSG_02328;FGSG_02329;FGSG_11326;FGSG_13952,2,uncharacterized protein,GO:0000981;GO:0005634;GO:0006357;GO:0008270
FGSG_02137,10,0.4375418864780775,4.2557957721251105,FGSG_00330;FGSG_03546;FGSG_03548;FGSG_03992;FGSG_04458;FGSG_08601;FGSG_09280;FGSG_09456;FGSG_09834;FGSG_10347,1,uncharacterized protein,GO:0016491;GO:0020037;GO:0046872;GO:0055114
FGSG_06799,10,0.43911101052843954,4.253014706630515,FGSG_00330;FGSG_03546;FGSG_03547;FGSG_03548;FGSG_03992;FGSG_04458;FGSG_08601;FGSG_09280;FGSG_09834;FGSG_10347,1,uncharacterized protein,GO:0000184;GO:0000932;GO:0003723;GO:0004534;GO:0007089;GO:0070651;GO:0090503
FGSG_09618,10,0.44463637198869255,4.25192647264027,FGSG_00330;FGSG_03546;FGSG_03547;FGSG_03548;FGSG_03992;FGSG_04458;FGSG_08601;FGSG_09280;FGSG_09834;FGSG_10347,1,uncharacterized protein,GO:0016021;GO:0016757
FGSG_07446,10,0.4480991443120817,4.24554179519993,FGSG_02321;FGSG_02324;FGSG_02325;FGSG_02326;FGSG_02327;FGSG_02328;FGSG_02329;FGSG_08083;FGSG_11326;FGSG_13952,2,uncharacterized protein,
FGSG_02695,10,0.4456495344789188,4.237768773912728,FGSG_02323;FGSG_02324;FGSG_02325;FGSG_02326;FGSG_02327;FGSG_02328;FGSG_02329;FGSG_03842;FGSG_11326;FGSG_13952,2,uncharacterized protein,GO:0016491;GO:0055114
FGSG_11655,10,0.44629034054287997,4.237341564798415,FGSG_00330;FGSG_03546;FGSG_03547;FGSG_03548;FGSG_04458;FGSG_04591;FGSG_08601;FGSG_09280;FGSG_09834;FGSG_10347,1,uncharacterized protein,GO:0004318;GO:0004497;GO:0005506;GO:0005835;GO:0006633;GO:0016705;GO:0020037;GO:0055114
FGSG_12518,10,0.44500088013062633,4.237132843753275,FGSG_01866;FGSG_02321;FGSG_02324;FGSG_02326;FGSG_02327;FGSG_02328;FGSG_02329;FGSG_08083;FGSG_11326;FGSG_13952,2,uncharacterized protein,GO:0004069;GO:0006520;GO:0009058;GO:0030170;GO:0080130
FGSG_07076,10,0.4434248577091569,4.2371214947646285,FGSG_02323;FGSG_02324;FGSG_02325;FGSG_02326;FGSG_02327;FGSG_02328;FGSG_02329;FGSG_03842;FGSG_11326;FGSG_13952,2,uncharacterized protein,GO:0003676;GO:0003700;GO:0005634;GO:0005737;GO:0006355;GO:0008270
FGSG_11339,10,0.4489790282583542,4.2361815448652544,FGSG_00007;FGSG_01866;FGSG_02327;FGSG_03539;FGSG_03842;FGSG_03881;FGSG_08081;FGSG_08082;FGSG_08083;FGSG_13952,2,uncharacterized protein,GO:0016021;GO:0022891;GO:0055085
FGSG_04819,10,0.45641865952323635,4.234591498455988,FGSG_00007;FGSG_01866;FGSG_02326;FGSG_02327;FGSG_02328;FGSG_02329;FGSG_03842;FGSG_03881;FGSG_08083;FGSG_13952,2,uncharacterized protein,GO:0004061;GO:0019441
FGSG_03826,10,0.4483362603394231,4.234032353302383,FGSG_01866;FGSG_02321;FGSG_02324;FGSG_02326;FGSG_02327;FGSG_02328;FGSG_02329;FGSG_08083;FGSG_11326;FGSG_13952,2,uncharacterized protein,
FGSG_07934,10,0.4444722398357348,4.228234453663118,FGSG_02323;FGSG_02324;FGSG_02325;FGSG_02326;FGSG_02327;FGSG_02328;FGSG_02329;FGSG_03842;FGSG_11326;FGSG_13952,2,uncharacterized protein,GO:0016021
FGSG_00271,10,0.44778932234900115,4.225974233931223,FGSG_02323;FGSG_02324;FGSG_02325;FGSG_02326;FGSG_02327;FGSG_02328;FGSG_02329;FGSG_02903;FGSG_11326;FGSG_13952,2,PNG1 protein,GO:0000224;GO:0005829;GO:0006515;GO:0006517;GO:0046872
FGSG_02080,10,0.4701288591501208,4.225621773222377,FGSG_00743;FGSG_02272;FGSG_02972;FGSG_03061;FGSG_03747;FGSG_03894;FGSG_05610;FGSG_08774;FGSG_10922;FGSG_12180,1,uncharacterized protein,GO:0000243;GO:0000398;GO:0005829;GO:0008270;GO:0016021;GO:0045131;GO:0055085;GO:0071004
FGSG_07889,10,0.44077559838857855,4.221559278880261,FGSG_02321;FGSG_02324;FGSG_02325;FGSG_02326;FGSG_02327;FGSG_02328;FGSG_02329;FGSG_08083;FGSG_11326;FGSG_13952,2,uncharacterized protein,GO:0000981;GO:0003677;GO:0005634;GO:0006351;GO:0006357;GO:0008270
FGSG_09137,10,0.46696256141374515,4.219362914813118,FGSG_00743;FGSG_02272;FGSG_03061;FGSG_03894;FGSG_04589;FGSG_05610;FGSG_08774;FGSG_09012;FGSG_10922;FGSG_12180,1,uncharacterized protein,GO:0003824
FGSG_04213,10,0.47080605918850077,4.219342286116619,FGSG_00743;FGSG_02272;FGSG_03061;FGSG_03894;FGSG_04589;FGSG_05610;FGSG_08774;FGSG_09012;FGSG_10922;FGSG_12180,1,uncharacterized protein,
FGSG_11985,10,0.4366997123028958,4.217632678864436,FGSG_02321;FGSG_02323;FGSG_02324;FGSG_02325;FGSG_02326;FGSG_02327;FGSG_02328;FGSG_02329;FGSG_02903;FGSG_11326,2,uncharacterized protein,
FGSG_06897,10,0.4380359059457039,4.2158948139179,FGSG_02272;FGSG_02461;FGSG_03061;FGSG_03894;FGSG_04458;FGSG_05610;FGSG_07075;FGSG_09012;FGSG_09456;FGSG_09834,1,uncharacterized protein,GO:0000324;GO:0046872
FGSG_00227,10,0.4434974871655493,4.212356009132148,FGSG_00330;FGSG_03546;FGSG_03547;FGSG_03548;FGSG_04458;FGSG_04591;FGSG_08601;FGSG_09280;FGSG_09834;FGSG_10347,1,uncharacterized protein,GO:0000981;GO:0003677;GO:0005634;GO:0006351;GO:0006357;GO:0008270
FGSG_04478,10,0.4438525525574985,4.210582832202562,FGSG_00330;FGSG_00743;FGSG_03546;FGSG_03548;FGSG_03894;FGSG_04458;FGSG_04589;FGSG_08601;FGSG_10347;FGSG_12180,1,uncharacterized protein,
FGSG_05776,10,0.45265403104114227,4.209333002894968,FGSG_00007;FGSG_01866;FGSG_02326;FGSG_02327;FGSG_02328;FGSG_02329;FGSG_03532;FGSG_03881;FGSG_08083;FGSG_13952,2,uncharacterized protein,
FGSG_13807,10,0.4450578651429772,4.209026698593881,FGSG_02323;FGSG_02324;FGSG_02325;FGSG_02326;FGSG_02327;FGSG_02328;FGSG_02329;FGSG_03842;FGSG_11326;FGSG_13952,2,uncharacterized protein,GO:0016021;GO:0055085
FGSG_07863,10,0.4430271692394686,4.208446487795471,FGSG_00330;FGSG_03546;FGSG_03547;FGSG_03548;FGSG_04458;FGSG_08601;FGSG_09280;FGSG_09456;FGSG_09834;FGSG_10347,1,uncharacterized protein,GO:0003700;GO:0006355;GO:0043565
FGSG_13197,10,0.44607550546907787,4.208027060140886,FGSG_02320;FGSG_02321;FGSG_02323;FGSG_02325;FGSG_02326;FGSG_02327;FGSG_02328;FGSG_02329;FGSG_10670;FGSG_11326,2,uncharacterized protein,GO:0016021
FGSG_12522,10,0.44248684084509793,4.203667256064474,FGSG_02271;FGSG_02272;FGSG_02461;FGSG_03061;FGSG_03295;FGSG_05610;FGSG_07075;FGSG_07528;FGSG_09456;FGSG_09834,1,uncharacterized protein,GO:0016740
FGSG_06991,10,0.4514060903914889,4.202797890647581,FGSG_00007;FGSG_01866;FGSG_02326;FGSG_02327;FGSG_02328;FGSG_02329;FGSG_03532;FGSG_03881;FGSG_08083;FGSG_13952,2,uncharacterized protein,GO:0008270;GO:0016491;GO:0055114
FGSG_04667,10,0.44297990223963196,4.1986481673288285,FGSG_00330;FGSG_03546;FGSG_03547;FGSG_03548;FGSG_04458;FGSG_08601;FGSG_09280;FGSG_09456;FGSG_09834;FGSG_10347,1,uncharacterized protein,GO:0005215;GO:0016021;GO:0051213;GO:0055085;GO:0055114
FGSG_04500,10,0.44394678146177685,4.197005933167144,FGSG_01422;FGSG_02271;FGSG_02272;FGSG_02461;FGSG_03061;FGSG_04590;FGSG_05610;FGSG_07075;FGSG_09456;FGSG_09834,1,uncharacterized protein,GO:0016021
FGSG_04113,10,0.4442532294532684,4.196198420590871,FGSG_00743;FGSG_03061;FGSG_03894;FGSG_04458;FGSG_04589;FGSG_05610;FGSG_08601;FGSG_10347;FGSG_10922;FGSG_12180,1,uncharacterized protein,GO:0003924;GO:0005525;GO:0005743;GO:0008053;GO:0031307;GO:0042803;GO:0051646
FGSG_10673,10,0.44650942913722796,4.1936193903202525,FGSG_00007;FGSG_01866;FGSG_02326;FGSG_02327;FGSG_02328;FGSG_02329;FGSG_03842;FGSG_03881;FGSG_08083;FGSG_13952,2,uncharacterized protein,GO:0016620;GO:0055114
FGSG_03721,10,0.4462962262400467,4.191632416704903,FGSG_02323;FGSG_02324;FGSG_02325;FGSG_02326;FGSG_02327;FGSG_02328;FGSG_02329;FGSG_03842;FGSG_11326;FGSG_13952,2,uncharacterized protein,
FGSG_10382,10,0.4701050799891611,4.190175193011486,FGSG_00743;FGSG_00765;FGSG_02272;FGSG_02461;FGSG_03061;FGSG_03894;FGSG_05368;FGSG_05610;FGSG_08493;FGSG_08774,1,uncharacterized protein,
FGSG_09632,10,0.44162120599590693,4.188418963636522,FGSG_02321;FGSG_02324;FGSG_02325;FGSG_02326;FGSG_02327;FGSG_02328;FGSG_02329;FGSG_08083;FGSG_10670;FGSG_11326,2,uncharacterized protein,GO:0000139;GO:0005385;GO:0005783;GO:0006882;GO:0016021;GO:0071577
FGSG_02679,10,0.451807639548679,4.187120518770645,FGSG_00007;FGSG_02324;FGSG_02326;FGSG_02327;FGSG_02328;FGSG_03539;FGSG_03842;FGSG_08082;FGSG_08083;FGSG_13952,2,uncharacterized protein,GO:0016021
FGSG_01698,10,0.4425385311809455,4.184340729388307,FGSG_02323;FGSG_02324;FGSG_02325;FGSG_02326;FGSG_02327;FGSG_02328;FGSG_02329;FGSG_02903;FGSG_11326;FGSG_13952,2,uncharacterized protein,GO:0006807;GO:0016810
FGSG_08633,10,0.4323962346167267,4.18312212755454,FGSG_00330;FGSG_03546;FGSG_03547;FGSG_03548;FGSG_03992;FGSG_04458;FGSG_08601;FGSG_09280;FGSG_09834;FGSG_10347,1,uncharacterized protein,GO:0016021
FGSG_00562,10,0.43849880839383854,4.181604448232644,FGSG_02271;FGSG_02272;FGSG_02461;FGSG_03061;FGSG_04590;FGSG_05610;FGSG_07075;FGSG_07528;FGSG_09456;FGSG_09834,1,uncharacterized protein,GO:0000054;GO:0000781;GO:0005096;GO:0005634;GO:0005829;GO:0006348;GO:0006399;GO:0006404;GO:0006407;GO:0006606;GO:0016072;GO:0043547
FGSG_12489,10,0.4489045204319434,4.175996218570317,FGSG_00007;FGSG_01866;FGSG_02326;FGSG_02327;FGSG_03532;FGSG_03535;FGSG_03881;FGSG_07896;FGSG_08083;FGSG_13952,2,uncharacterized protein,GO:0016021;GO:0016787
FGSG_07272,10,0.4583361587667715,4.174693756928593,FGSG_00743;FGSG_00765;FGSG_02972;FGSG_03747;FGSG_03894;FGSG_05610;FGSG_08493;FGSG_08774;FGSG_10444;FGSG_10922,1,uncharacterized protein,
FGSG_07651,10,0.43746125484367665,4.173691757958379,FGSG_02321;FGSG_02324;FGSG_02325;FGSG_02326;FGSG_02327;FGSG_02328;FGSG_02329;FGSG_08083;FGSG_11326;FGSG_13952,2,uncharacterized protein,
FGSG_08942,10,0.4452308559940039,4.16870071131566,FGSG_00330;FGSG_03546;FGSG_03548;FGSG_03992;FGSG_04458;FGSG_07075;FGSG_09280;FGSG_09456;FGSG_09834;FGSG_10347,1,uncharacterized protein,GO:0008270;GO:0016491;GO:0055114
FGSG_01530,10,0.4355314274090366,4.165023553185315,FGSG_02271;FGSG_02272;FGSG_02461;FGSG_03061;FGSG_03295;FGSG_05610;FGSG_07075;FGSG_07528;FGSG_09456;FGSG_09834,1,uncharacterized protein,GO:0005975;GO:0016758;GO:0030259
FGSG_09890,10,0.43464327846328693,4.164840435500177,FGSG_00330;FGSG_03546;FGSG_03547;FGSG_03548;FGSG_04458;FGSG_08601;FGSG_09280;FGSG_09456;FGSG_09834;FGSG_10347,1,uncharacterized protein,GO:0006144;GO:0033971
FGSG_12352,10,0.44788642642967097,4.164731087344789,FGSG_00007;FGSG_01866;FGSG_02326;FGSG_02327;FGSG_03532;FGSG_03842;FGSG_03881;FGSG_08081;FGSG_08083;FGSG_13952,2,uncharacterized protein,GO:0016021;GO:0016740
FGSG_10657,10,0.4325550077310014,4.15978679106894,FGSG_00330;FGSG_03546;FGSG_03548;FGSG_03992;FGSG_04458;FGSG_08601;FGSG_09280;FGSG_09456;FGSG_09834;FGSG_10347,1,uncharacterized protein,GO:0006355
FGSG_08636,10,0.43690433724348793,4.157823837693448,FGSG_00330;FGSG_03546;FGSG_03547;FGSG_03548;FGSG_04458;FGSG_04591;FGSG_08601;FGSG_09280;FGSG_09834;FGSG_10347,1,uncharacterized protein,GO:0010181;GO:0016491;GO:0055114
FGSG_06682,10,0.43506107953999845,4.147639809931828,FGSG_02272;FGSG_02461;FGSG_03061;FGSG_03548;FGSG_04458;FGSG_05610;FGSG_07075;FGSG_09012;FGSG_09456;FGSG_09834,1,uncharacterized protein,
FGSG_12142,10,0.4534770972752223,4.143934506303365,FGSG_00743;FGSG_00765;FGSG_01981;FGSG_03747;FGSG_03894;FGSG_05610;FGSG_08493;FGSG_08774;FGSG_10444;FGSG_10922,1,uncharacterized protein,GO:0004252;GO:0006508
FGSG_02742,10,0.42085984687539235,4.1303509434350465,FGSG_02272;FGSG_02461;FGSG_03061;FGSG_03548;FGSG_03894;FGSG_04458;FGSG_05610;FGSG_09012;FGSG_09456;FGSG_09834,1,uncharacterized protein,GO:0016787
FGSG_01301,10,0.4285451820407179,4.124605998672632,FGSG_00743;FGSG_03061;FGSG_03894;FGSG_04458;FGSG_04589;FGSG_05610;FGSG_08601;FGSG_08712;FGSG_10347;FGSG_12180,1,uncharacterized protein,
FGSG_03063,10,0.42951191430892355,4.122592587331418,FGSG_00330;FGSG_03546;FGSG_03548;FGSG_03992;FGSG_04458;FGSG_08601;FGSG_09280;FGSG_09456;FGSG_09834;FGSG_10347,1,uncharacterized protein,GO:0005886;GO:0007124;GO:0008519;GO:0016021;GO:0019740;GO:0072488
FGSG_06380,10,0.4229712509874402,4.100963060761537,FGSG_00743;FGSG_01422;FGSG_02272;FGSG_03061;FGSG_03894;FGSG_04458;FGSG_04589;FGSG_05610;FGSG_08601;FGSG_10347,1,uncharacterized protein,GO:0003677;GO:0005634;GO:0006351;GO:0006355;GO:0008270
FGSG_00844,10,0.4281345298429137,4.093154659084603,FGSG_00330;FGSG_03546;FGSG_03548;FGSG_03992;FGSG_04458;FGSG_08601;FGSG_09280;FGSG_09456;FGSG_09834;FGSG_10347,1,uncharacterized protein,GO:0000707;GO:0000722;GO:0003677;GO:0005524;GO:0005829;GO:0007131;GO:0008094;GO:0030491;GO:0033062;GO:0035861;GO:0046982
FGSG_05461,10,0.4235838940096008,4.0903523027159725,FGSG_01866;FGSG_02326;FGSG_02327;FGSG_02328;FGSG_02329;FGSG_03532;FGSG_08077;FGSG_08079;FGSG_08083;FGSG_08084,2,uncharacterized protein,
FGSG_10074,9,0.4807107944788684,4.053389913764987,FGSG_00743;FGSG_01422;FGSG_02272;FGSG_02461;FGSG_03061;FGSG_03894;FGSG_05610;FGSG_08774;FGSG_09012,1,uncharacterized protein,GO:0003676
FGSG_00407,9,0.48590875107343184,4.037171863735771,FGSG_00743;FGSG_01422;FGSG_02272;FGSG_02461;FGSG_03061;FGSG_03894;FGSG_05610;FGSG_08774;FGSG_09012,1,sporulation protein SPS19,
FGSG_02501,9,0.4926805603396961,4.0303959109390695,FGSG_00743;FGSG_02272;FGSG_02461;FGSG_03061;FGSG_03894;FGSG_05610;FGSG_08774;FGSG_09012;FGSG_12180,1,transcriptional repressor rco-1,GO:0000433;GO:0001191;GO:0001198;GO:0007070;GO:0016584;GO:0017053;GO:0035955;GO:0036033;GO:0042393;GO:0042826;GO:0043130;GO:0043486;GO:0061392;GO:0061418;GO:0080025;GO:2000531;GO:2001020
FGSG_00800,9,0.48627411358426587,4.0106523176615045,FGSG_00743;FGSG_00765;FGSG_02272;FGSG_02461;FGSG_03061;FGSG_03894;FGSG_05610;FGSG_08774;FGSG_09012,1,uncharacterized protein,GO:0000981;GO:0003677;GO:0005634;GO:0006351;GO:0006357;GO:0008270
FGSG_10979,9,0.478657644446135,4.010226903718827,FGSG_00743;FGSG_01422;FGSG_02272;FGSG_02461;FGSG_03061;FGSG_03894;FGSG_05610;FGSG_08774;FGSG_09012,1,uncharacterized protein,GO:0005743;GO:0006067;GO:0016021
FGSG_01375,9,0.48921950160574507,3.988052424401012,FGSG_00743;FGSG_02272;FGSG_02461;FGSG_03061;FGSG_03894;FGSG_05610;FGSG_08774;FGSG_09012;FGSG_12180,1,uncharacterized protein,GO:0005215;GO:0005743;GO:0006783;GO:0006810;GO:0016021;GO:0017119
FGSG_12321,9,0.48158125279563657,3.9774567213234313,FGSG_00743;FGSG_00765;FGSG_02272;FGSG_02461;FGSG_03061;FGSG_03894;FGSG_05610;FGSG_08774;FGSG_13136,1,uncharacterized protein,GO:0016021;GO:0016757
FGSG_09507,9,0.47399511362047864,3.973924238183119,FGSG_00743;FGSG_01422;FGSG_02272;FGSG_02461;FGSG_03061;FGSG_03894;FGSG_05610;FGSG_08712;FGSG_08774,1,uncharacterized protein,
FGSG_07005,9,0.4720814253954035,3.9595847947283556,FGSG_00743;FGSG_00765;FGSG_02272;FGSG_02461;FGSG_03061;FGSG_03894;FGSG_05610;FGSG_08774;FGSG_09012,1,uncharacterized protein,
FGSG_05630,9,0.4694569072572,3.9470751865086253,FGSG_02271;FGSG_02272;FGSG_02461;FGSG_03061;FGSG_03894;FGSG_05610;FGSG_07075;FGSG_09012;FGSG_13136,1,uncharacterized protein,GO:0000079;GO:0005634;GO:0005829;GO:0019901;GO:0032153;GO:0044732
FGSG_10809,9,0.4866390463758077,3.942269293025283,FGSG_00743;FGSG_02272;FGSG_02461;FGSG_03061;FGSG_03894;FGSG_05610;FGSG_08774;FGSG_09012;FGSG_12180,1,uncharacterized protein,GO:0016021;GO:0055085
FGSG_07596,9,0.46630901774844624,3.940736648626805,FGSG_00743;FGSG_00765;FGSG_02272;FGSG_02461;FGSG_03061;FGSG_03894;FGSG_05610;FGSG_08774;FGSG_13136,1,uncharacterized protein,GO:0003958;GO:0005506;GO:0010181;GO:0016021;GO:0020037;GO:0055114;GO:0070330
FGSG_02686,9,0.4694996866368025,3.9327690214963105,FGSG_00743;FGSG_00765;FGSG_02272;FGSG_02461;FGSG_03061;FGSG_03894;FGSG_05610;FGSG_08774;FGSG_09012,1,ribonuclease Trv,GO:0003723;GO:0033897;GO:0090502
FGSG_07366,9,0.4610556364171918,3.906923296102444,FGSG_02271;FGSG_02272;FGSG_02461;FGSG_03061;FGSG_03894;FGSG_05610;FGSG_07075;FGSG_09456;FGSG_13136,1,uncharacterized protein,GO:0016021
FGSG_04729,9,0.45253382325679103,3.903452519979642,FGSG_02321;FGSG_02324;FGSG_02325;FGSG_02326;FGSG_02327;FGSG_02328;FGSG_02329;FGSG_02903;FGSG_11326,2,uncharacterized protein,GO:0016020
FGSG_06493,9,0.46112785996660466,3.9017880854224227,FGSG_02271;FGSG_02272;FGSG_02461;FGSG_03061;FGSG_03894;FGSG_05610;FGSG_07075;FGSG_09012;FGSG_13136,1,uncharacterized protein,
FGSG_01006,9,0.4770431523103888,3.88667141311228,FGSG_00743;FGSG_02272;FGSG_03061;FGSG_03894;FGSG_04589;FGSG_05610;FGSG_08774;FGSG_10922;FGSG_12180,1,uncharacterized protein,GO:0000329;GO:0005783;GO:0005794;GO:0008271;GO:0016021;GO:1902358
FGSG_01560,9,0.4814186870962906,3.8801206338138314,FGSG_00743;FGSG_00765;FGSG_02272;FGSG_02461;FGSG_03061;FGSG_03894;FGSG_05610;FGSG_08774;FGSG_10922,1,uncharacterized protein,GO:0005634;GO:0005739;GO:0005829;GO:0016212;GO:0030170;GO:0034276;GO:0047536;GO:0097052
FGSG_07880,9,0.450529226451181,3.8788894881268434,FGSG_02321;FGSG_02324;FGSG_02325;FGSG_02326;FGSG_02327;FGSG_02328;FGSG_02329;FGSG_08083;FGSG_11326,2,uncharacterized protein,GO:0003871;GO:0008270;GO:0009086;GO:0032259
FGSG_07444,9,0.4549260752188477,3.878635977135097,FGSG_02321;FGSG_02324;FGSG_02325;FGSG_02326;FGSG_02327;FGSG_02328;FGSG_02329;FGSG_08083;FGSG_11326,2,uncharacterized protein,
FGSG_02473,9,0.4461981848690804,3.8783961204956783,FGSG_02272;FGSG_02461;FGSG_03061;FGSG_03894;FGSG_04458;FGSG_05610;FGSG_09012;FGSG_09456;FGSG_09834,1,uncharacterized protein,GO:0000276;GO:0015986;GO:0016021;GO:0046933;GO:0046961
FGSG_13156,9,0.45360763156186007,3.8776935897723854,FGSG_00330;FGSG_03546;FGSG_03547;FGSG_03548;FGSG_04458;FGSG_04589;FGSG_08601;FGSG_09834;FGSG_10347,1,uncharacterized protein,
FGSG_01693,9,0.4801141761121291,3.874638313744123,FGSG_00743;FGSG_02272;FGSG_02461;FGSG_03061;FGSG_03894;FGSG_05610;FGSG_08774;FGSG_10922;FGSG_12180,1,uncharacterized protein,GO:0003824;GO:0008152
FGSG_00464,9,0.4427632511490739,3.872197261615409,FGSG_02272;FGSG_02461;FGSG_03061;FGSG_03894;FGSG_04458;FGSG_05610;FGSG_09012;FGSG_09456;FGSG_09834,1,uncharacterized protein,GO:0016021
FGSG_05725,9,0.4559957811423602,3.871603597803082,FGSG_02320;FGSG_02321;FGSG_02324;FGSG_02325;FGSG_02326;FGSG_02327;FGSG_02328;FGSG_02329;FGSG_11326,2,uncharacterized protein,GO:0000981;GO:0005634;GO:0006357;GO:0006950;GO:0008270;GO:0016021
FGSG_11413,9,0.4739126863538171,3.871472031028172,FGSG_00743;FGSG_02272;FGSG_03061;FGSG_03894;FGSG_04589;FGSG_05610;FGSG_08774;FGSG_10922;FGSG_12180,1,uncharacterized protein,GO:0016740
FGSG_02455,9,0.47734150023555577,3.869106042585893,FGSG_00743;FGSG_02272;FGSG_02461;FGSG_03061;FGSG_03894;FGSG_05610;FGSG_08774;FGSG_10922;FGSG_12180,1,uncharacterized protein,GO:0005742;GO:0005743;GO:0005758;GO:0006457;GO:0016021;GO:0016491;GO:0045041;GO:0051537;GO:0055114
FGSG_04401,9,0.47319024522599795,3.867205883793137,FGSG_00743;FGSG_02272;FGSG_03061;FGSG_03894;FGSG_04589;FGSG_05610;FGSG_08774;FGSG_10922;FGSG_12180,1,uncharacterized protein,GO:0005840
FGSG_04987,9,0.452420857545458,3.8658028000362354,FGSG_02321;FGSG_02324;FGSG_02325;FGSG_02326;FGSG_02327;FGSG_02328;FGSG_02329;FGSG_08083;FGSG_11326,2,uncharacterized protein,GO:0000981;GO:0003677;GO:0003824;GO:0005634;GO:0006351;GO:0006357;GO:0008270;GO:0050662
FGSG_00397,9,0.4490620603716332,3.860628343130357,FGSG_02321;FGSG_02324;FGSG_02325;FGSG_02326;FGSG_02327;FGSG_02328;FGSG_02329;FGSG_10670;FGSG_11326,2,tubulin alpha chain,GO:0003924;GO:0005200;GO:0005525;GO:0005737;GO:0005874;GO:0007017
FGSG_08457,9,0.4550978456858573,3.858231436022667,FGSG_00743;FGSG_00765;FGSG_02272;FGSG_02461;FGSG_03061;FGSG_03894;FGSG_05610;FGSG_08774;FGSG_13136,1,uncharacterized protein,GO:0005737
FGSG_04985,9,0.475085532337888,3.857880188580486,FGSG_00743;FGSG_00765;FGSG_02272;FGSG_02461;FGSG_03061;FGSG_03894;FGSG_05610;FGSG_08774;FGSG_09012,1,uncharacterized protein,
FGSG_07197,9,0.4577847522907243,3.8568679510400443,FGSG_02271;FGSG_02272;FGSG_02461;FGSG_03061;FGSG_03894;FGSG_05610;FGSG_07075;FGSG_09012;FGSG_09456,1,nitrogen metabolic regulation protein,
FGSG_08644,9,0.4706976226401817,3.8543221542108586,FGSG_00743;FGSG_02272;FGSG_02461;FGSG_03061;FGSG_03894;FGSG_05610;FGSG_08774;FGSG_10922;FGSG_12180,1,uncharacterized protein,GO:0002181;GO:0005524;GO:0005737;GO:0005844;GO:0006364;GO:0006450;GO:0051082
FGSG_02997,9,0.45013025636261655,3.849309059309134,FGSG_02321;FGSG_02324;FGSG_02325;FGSG_02326;FGSG_02327;FGSG_02328;FGSG_02329;FGSG_08083;FGSG_11326,2,uncharacterized protein,GO:0008152;GO:0016787
FGSG_05571,9,0.46330364626504283,3.849141411498649,FGSG_00743;FGSG_00765;FGSG_01621;FGSG_02272;FGSG_02461;FGSG_03061;FGSG_03894;FGSG_05610;FGSG_08774,1,metal resistance protein YCF1,GO:0000329;GO:0005524;GO:0005794;GO:0006749;GO:0015127;GO:0015431;GO:0015723;GO:0016021;GO:0036246;GO:0042144;GO:0044604;GO:0045454;GO:0071996;GO:0098849
FGSG_13314,9,0.4757312532323342,3.847707636732218,FGSG_00743;FGSG_00765;FGSG_02272;FGSG_02461;FGSG_03061;FGSG_03894;FGSG_05610;FGSG_08774;FGSG_09012,1,uncharacterized protein,GO:0003676;GO:0046872
FGSG_05410,9,0.45823992964753874,3.8459316413208917,FGSG_00743;FGSG_00765;FGSG_02272;FGSG_02461;FGSG_03061;FGSG_03894;FGSG_04309;FGSG_05610;FGSG_08774,1,uncharacterized protein,GO:0016021
FGSG_06353,9,0.4665567148125275,3.8431817618936943,FGSG_00743;FGSG_00765;FGSG_02272;FGSG_02461;FGSG_03061;FGSG_03894;FGSG_05610;FGSG_08774;FGSG_09012,1,uncharacterized protein,GO:0003743;GO:0006413;GO:0022627
FGSG_01347,9,0.4507511644565056,3.8382597648620087,FGSG_02321;FGSG_02324;FGSG_02325;FGSG_02326;FGSG_02327;FGSG_02328;FGSG_02329;FGSG_08083;FGSG_11326,2,uncharacterized protein,GO:0000778;GO:0005524;GO:0031134;GO:0034501;GO:0034508;GO:0051315;GO:0051754;GO:0071957;GO:0072370;GO:0072371;GO:0072480;GO:1990298
FGSG_08876,9,0.46868549149790506,3.833886488766177,FGSG_00743;FGSG_02272;FGSG_03061;FGSG_03894;FGSG_04589;FGSG_05610;FGSG_08774;FGSG_10922;FGSG_12180,1,uncharacterized protein,GO:0005886;GO:0016021;GO:0032153
FGSG_05649,9,0.44735029917267943,3.82564312224546,FGSG_02324;FGSG_02325;FGSG_02326;FGSG_02327;FGSG_02328;FGSG_02329;FGSG_08083;FGSG_11326;FGSG_13952,2,uncharacterized protein,GO:0006897;GO:0016020
FGSG_12583,9,0.44042705301424134,3.8241797940423616,FGSG_00330;FGSG_03546;FGSG_03548;FGSG_04458;FGSG_08601;FGSG_09280;FGSG_09456;FGSG_09834;FGSG_10347,1,uncharacterized protein,
FGSG_08020,9,0.4503533245957766,3.8240695814729784,FGSG_02321;FGSG_02325;FGSG_02326;FGSG_02327;FGSG_02328;FGSG_02329;FGSG_08083;FGSG_10670;FGSG_11326,2,uncharacterized protein,
FGSG_09825,9,0.43405736290889047,3.8238969335968753,FGSG_02324;FGSG_02325;FGSG_02326;FGSG_02327;FGSG_02328;FGSG_02329;FGSG_02903;FGSG_10670;FGSG_11326,2,uncharacterized protein,
FGSG_11045,9,0.45181122310329863,3.8186780312560717,FGSG_00007;FGSG_01866;FGSG_02327;FGSG_03539;FGSG_03842;FGSG_03881;FGSG_08082;FGSG_08083;FGSG_13952,2,uncharacterized protein,GO:0051213;GO:0055114
FGSG_08071,9,0.4501144833064921,3.818185012759115,FGSG_02321;FGSG_02324;FGSG_02325;FGSG_02326;FGSG_02327;FGSG_02328;FGSG_02329;FGSG_08083;FGSG_11326,2,uncharacterized protein,GO:0016021
FGSG_09851,9,0.4744296081026376,3.8172289875285816,FGSG_00743;FGSG_00765;FGSG_02272;FGSG_02461;FGSG_03061;FGSG_03894;FGSG_05610;FGSG_08774;FGSG_10922,1,uncharacterized protein,GO:0005524;GO:0006891;GO:0017119
FGSG_03875,9,0.4460463889403182,3.8169102288090127,FGSG_02324;FGSG_02325;FGSG_02326;FGSG_02327;FGSG_02328;FGSG_02329;FGSG_02903;FGSG_10670;FGSG_11326,2,lysophospholipase precursor,GO:0004622;GO:0009395
FGSG_01809,9,0.4505445486682221,3.811386647747048,FGSG_00007;FGSG_01866;FGSG_02326;FGSG_02327;FGSG_03539;FGSG_03842;FGSG_03881;FGSG_08083;FGSG_13952,2,uncharacterized protein,
FGSG_04575,9,0.44772326257478057,3.8110090525090494,FGSG_00007;FGSG_01866;FGSG_03539;FGSG_03842;FGSG_03881;FGSG_08081;FGSG_08082;FGSG_08083;FGSG_13952,2,uncharacterized protein,
FGSG_01874,9,0.44552382263590995,3.8108870697192856,FGSG_00743;FGSG_02272;FGSG_02461;FGSG_03061;FGSG_03894;FGSG_04458;FGSG_05610;FGSG_09012;FGSG_10347,1,uncharacterized protein,GO:0000011;GO:0006623;GO:0007035;GO:0033263
FGSG_06989,9,0.4658892340370458,3.8073454474915125,FGSG_00743;FGSG_02972;FGSG_03747;FGSG_03894;FGSG_05610;FGSG_08493;FGSG_08774;FGSG_10444;FGSG_10922,1,uncharacterized protein,GO:0043531
FGSG_01319,9,0.4664455470473969,3.8067786916699253,FGSG_00743;FGSG_02272;FGSG_03061;FGSG_03894;FGSG_04589;FGSG_05610;FGSG_08774;FGSG_10922;FGSG_12180,1,uncharacterized protein,GO:0046872
FGSG_03319,9,0.4453854797645068,3.8063296405555294,FGSG_02323;FGSG_02324;FGSG_02325;FGSG_02326;FGSG_02327;FGSG_02328;FGSG_02329;FGSG_02903;FGSG_11326,2,uncharacterized protein,GO:0005524;GO:0051301
FGSG_03102,9,0.4375124061819871,3.80299068540888,FGSG_02323;FGSG_02324;FGSG_02325;FGSG_02326;FGSG_02327;FGSG_02328;FGSG_02329;FGSG_11326;FGSG_13952,2,uncharacterized protein,GO:0000981;GO:0005634;GO:0006357;GO:0008270
FGSG_02358,9,0.4449000484310778,3.801717134820074,FGSG_02320;FGSG_02321;FGSG_02326;FGSG_02327;FGSG_02328;FGSG_02329;FGSG_03881;FGSG_08083;FGSG_11326,2,uncharacterized protein,GO:0016021;GO:0022891;GO:0055085
FGSG_04768,9,0.45253813979143637,3.8008308456304762,FGSG_00007;FGSG_01866;FGSG_02327;FGSG_03539;FGSG_03842;FGSG_08081;FGSG_08082;FGSG_08083;FGSG_13952,2,uncharacterized protein,GO:0005975;GO:0052861;GO:0052862
FGSG_13709,9,0.46949558331849717,3.7988292876400505,FGSG_00743;FGSG_02972;FGSG_03747;FGSG_03894;FGSG_05610;FGSG_08774;FGSG_10444;FGSG_10922;FGSG_12180,1,uncharacterized protein,GO:0016301;GO:0016310
FGSG_04461,9,0.4707636388286346,3.796954046371321,FGSG_00743;FGSG_02272;FGSG_02461;FGSG_03061;FGSG_03894;FGSG_05610;FGSG_08774;FGSG_09012;FGSG_10922,1,uncharacterized protein,GO:0016021
FGSG_09737,9,0.4419035258789075,3.7966785744280416,FGSG_00743;FGSG_03061;FGSG_03894;FGSG_04458;FGSG_04589;FGSG_05610;FGSG_08601;FGSG_10347;FGSG_12180,1,uncharacterized protein,GO:0005215;GO:0016021;GO:0055085
FGSG_03260,9,0.4430725822555736,3.7964557123272376,FGSG_00007;FGSG_01866;FGSG_03539;FGSG_03842;FGSG_03881;FGSG_08081;FGSG_08082;FGSG_08083;FGSG_13952,2,uncharacterized protein,GO:0004497;GO:0005506;GO:0008168;GO:0016705;GO:0020037;GO:0032259;GO:0055114
FGSG_13182,9,0.43735119279152407,3.794411168599702,FGSG_02324;FGSG_02325;FGSG_02326;FGSG_02327;FGSG_02328;FGSG_02329;FGSG_02903;FGSG_11326;FGSG_13952,2,uncharacterized protein,
FGSG_13359,9,0.442922012217598,3.7888463989765993,FGSG_00330;FGSG_03546;FGSG_03547;FGSG_03548;FGSG_04458;FGSG_08601;FGSG_09280;FGSG_09834;FGSG_10347,1,uncharacterized protein,
FGSG_04431,9,0.4455333581391054,3.783319033002229,FGSG_00007;FGSG_01866;FGSG_03532;FGSG_03539;FGSG_03842;FGSG_03881;FGSG_08081;FGSG_08083;FGSG_13952,2,uncharacterized protein,GO:0016021;GO:0055085
FGSG_13967,9,0.4443635706779677,3.7831683691882882,FGSG_00007;FGSG_01866;FGSG_03532;FGSG_03539;FGSG_03842;FGSG_03881;FGSG_08081;FGSG_08083;FGSG_13952,2,uncharacterized protein,
FGSG_01171,9,0.4415431003839742,3.782148502550476,FGSG_00007;FGSG_02326;FGSG_02327;FGSG_02328;FGSG_02329;FGSG_03842;FGSG_03881;FGSG_08083;FGSG_13952,2,uncharacterized protein,GO:0008270;GO:0016491;GO:0055114
FGSG_12594,9,0.43540507063609807,3.7793042488032236,FGSG_02324;FGSG_02325;FGSG_02326;FGSG_02327;FGSG_02328;FGSG_02329;FGSG_08083;FGSG_11326;FGSG_13952,2,uncharacterized protein,GO:0000166;GO:0004497;GO:0050662;GO:0055114
FGSG_09061,9,0.4489817705483464,3.77567518650029,FGSG_00007;FGSG_01866;FGSG_03532;FGSG_03535;FGSG_03881;FGSG_07896;FGSG_08081;FGSG_08083;FGSG_13952,2,"2,3-dihydroxybenzoic acid decarboxylase",GO:0016787
FGSG_06342,9,0.4305713462042857,3.775645411436871,FGSG_00330;FGSG_03546;FGSG_03548;FGSG_03992;FGSG_04458;FGSG_08601;FGSG_08712;FGSG_09834;FGSG_10347,1,succinyl-CoA:3-ketoacid-coenzyme A transferase subunit A,GO:0005739;GO:0008260;GO:0046952
FGSG_02133,9,0.44255164536336034,3.774085596539366,FGSG_00007;FGSG_01866;FGSG_02326;FGSG_02327;FGSG_02328;FGSG_02329;FGSG_03881;FGSG_08083;FGSG_13952,2,uncharacterized protein,GO:0005576;GO:0016998;GO:0030600
FGSG_04830,9,0.43909286537503195,3.7738061211835823,FGSG_00007;FGSG_02326;FGSG_02327;FGSG_02328;FGSG_02329;FGSG_03842;FGSG_03881;FGSG_08083;FGSG_13952,2,uncharacterized protein,GO:0000981;GO:0003677;GO:0005634;GO:0006351;GO:0006357;GO:0008270;GO:0016021
FGSG_12889,9,0.4321058345388934,3.7696218603383045,FGSG_00330;FGSG_03546;FGSG_03548;FGSG_03992;FGSG_04458;FGSG_08601;FGSG_09456;FGSG_09834;FGSG_10347,1,uncharacterized protein,GO:0016740;GO:0016884
FGSG_10567,9,0.4383525843056989,3.7696157982745113,FGSG_00007;FGSG_02324;FGSG_02326;FGSG_02327;FGSG_02328;FGSG_02329;FGSG_03842;FGSG_08083;FGSG_13952,2,uncharacterized protein,
FGSG_07529,9,0.43863617628782686,3.7685648767496196,FGSG_02271;FGSG_02272;FGSG_02461;FGSG_03061;FGSG_03894;FGSG_05610;FGSG_07075;FGSG_09456;FGSG_09834,1,uncharacterized protein,GO:0016021;GO:0055085
FGSG_07888,9,0.44765677761999534,3.7650472861188833,FGSG_00007;FGSG_01866;FGSG_02326;FGSG_02327;FGSG_02328;FGSG_02329;FGSG_03881;FGSG_08083;FGSG_13952,2,uncharacterized protein,GO:0008152;GO:0016407
FGSG_01376,9,0.43704110898765874,3.7638688766269657,FGSG_00330;FGSG_03546;FGSG_03547;FGSG_03548;FGSG_04458;FGSG_04591;FGSG_08601;FGSG_09280;FGSG_10347,1,uncharacterized protein,
FGSG_02111,9,0.4362225360356563,3.761227863954669,FGSG_00007;FGSG_02324;FGSG_02326;FGSG_02327;FGSG_02328;FGSG_02329;FGSG_03842;FGSG_08083;FGSG_13952,2,uncharacterized protein,GO:0004497;GO:0005506;GO:0016021;GO:0016705;GO:0020037;GO:0055114
FGSG_11186,9,0.4334700418760527,3.760094305139512,FGSG_00007;FGSG_02324;FGSG_02326;FGSG_02327;FGSG_02328;FGSG_02329;FGSG_03842;FGSG_08083;FGSG_13952,2,uncharacterized protein,GO:0000981;GO:0005634;GO:0006357;GO:0008270
FGSG_05295,9,0.439123470952742,3.75819754843443,FGSG_00330;FGSG_03546;FGSG_03548;FGSG_03992;FGSG_04458;FGSG_08601;FGSG_09456;FGSG_09834;FGSG_10347,1,uncharacterized protein,GO:0006520;GO:0016831;GO:0030170
FGSG_08000,9,0.4295230797113358,3.753184986575519,FGSG_02324;FGSG_02326;FGSG_02327;FGSG_02328;FGSG_02329;FGSG_03842;FGSG_08083;FGSG_11326;FGSG_13952,2,uncharacterized protein,GO:0000981;GO:0005634;GO:0006357;GO:0008270
FGSG_06381,9,0.44443749957014345,3.7511548947954516,FGSG_00007;FGSG_01866;FGSG_02327;FGSG_03532;FGSG_03539;FGSG_03842;FGSG_03881;FGSG_08083;FGSG_13952,2,uncharacterized protein,GO:0008152;GO:0016787
FGSG_08434,9,0.4328852945367389,3.7488837508379707,FGSG_02324;FGSG_02325;FGSG_02326;FGSG_02327;FGSG_02328;FGSG_02329;FGSG_03842;FGSG_11326;FGSG_13952,2,uncharacterized protein,GO:0003677;GO:0005634;GO:0006351;GO:0008270
FGSG_09417,9,0.42970556404755483,3.7488512710957824,FGSG_00330;FGSG_03546;FGSG_03547;FGSG_03548;FGSG_03992;FGSG_04458;FGSG_08601;FGSG_09834;FGSG_10347,1,uncharacterized protein,GO:0003824
FGSG_11021,9,0.4336951944932267,3.7461512578143066,FGSG_02320;FGSG_02321;FGSG_02326;FGSG_02327;FGSG_02328;FGSG_02329;FGSG_03574;FGSG_10670;FGSG_11326,2,uncharacterized protein,
FGSG_08401,9,0.4285001270461653,3.742765079618854,FGSG_00330;FGSG_03546;FGSG_03548;FGSG_03992;FGSG_04458;FGSG_08601;FGSG_09280;FGSG_09456;FGSG_09834,1,uncharacterized protein,GO:0000433;GO:0000814;GO:0005198;GO:0006623;GO:0043162
FGSG_07951,9,0.4529741727176931,3.7425325527571727,FGSG_00743;FGSG_02272;FGSG_03061;FGSG_03894;FGSG_04589;FGSG_05610;FGSG_08774;FGSG_10347;FGSG_12180,1,uncharacterized protein,GO:0005200;GO:0005828;GO:0008017;GO:0008608;GO:0030472;GO:0031116;GO:0042729;GO:0042802;GO:0051233;GO:0051987;GO:0072686
FGSG_03928,9,0.4380303743643354,3.739482540718851,FGSG_02272;FGSG_02461;FGSG_03061;FGSG_03548;FGSG_05610;FGSG_07075;FGSG_09012;FGSG_09456;FGSG_09834,1,uncharacterized protein,
FGSG_03767,9,0.4215728243482437,3.7389711898081175,FGSG_02326;FGSG_02327;FGSG_02328;FGSG_02329;FGSG_03532;FGSG_03543;FGSG_08078;FGSG_08083;FGSG_09064,2,uncharacterized protein,GO:0004615;GO:0005737;GO:0009298;GO:0016787
FGSG_13860,9,0.4306211910844917,3.7371833594824437,FGSG_01866;FGSG_02326;FGSG_02327;FGSG_02328;FGSG_02329;FGSG_03532;FGSG_03543;FGSG_08083;FGSG_09064,2,uncharacterized protein,GO:0008152;GO:0016874
FGSG_06066,9,0.4284394380330524,3.736904025762447,FGSG_02324;FGSG_02325;FGSG_02326;FGSG_02327;FGSG_02328;FGSG_02329;FGSG_03842;FGSG_11326;FGSG_13952,2,uncharacterized protein,GO:0005737;GO:0043130
FGSG_01837,9,0.4405220943580846,3.7345396666470645,FGSG_02324;FGSG_02325;FGSG_02326;FGSG_02327;FGSG_02328;FGSG_02329;FGSG_03842;FGSG_11326;FGSG_13952,2,uncharacterized protein,
FGSG_04354,9,0.44327480264112934,3.7325013970699352,FGSG_00007;FGSG_01866;FGSG_02326;FGSG_02327;FGSG_02328;FGSG_02329;FGSG_03881;FGSG_08083;FGSG_13952,2,uncharacterized protein,GO:0003824;GO:0016021;GO:0030151;GO:0030170
FGSG_04657,9,0.42980134425777106,3.7290113128013362,FGSG_01866;FGSG_02326;FGSG_02327;FGSG_02328;FGSG_02329;FGSG_03532;FGSG_03543;FGSG_08083;FGSG_09064,2,uncharacterized protein,GO:0008152;GO:0016787
FGSG_09935,9,0.4345508450170723,3.7243947052609405,FGSG_00743;FGSG_02272;FGSG_03061;FGSG_03548;FGSG_03894;FGSG_04458;FGSG_05610;FGSG_08601;FGSG_10347,1,SUMO-conjugating enzyme ubc9,GO:0000022;GO:0000794;GO:0005524;GO:0016874;GO:0016925;GO:0019789
FGSG_02075,9,0.44245959356360753,3.7221072453777007,FGSG_00007;FGSG_01866;FGSG_02326;FGSG_02327;FGSG_02328;FGSG_02329;FGSG_03881;FGSG_08083;FGSG_13952,2,uncharacterized protein,GO:0016491;GO:0055114
FGSG_10913,9,0.42073328281889355,3.708463881205796,FGSG_03546;FGSG_03548;FGSG_03894;FGSG_04458;FGSG_08601;FGSG_09012;FGSG_09456;FGSG_09834;FGSG_10347,1,uncharacterized protein,GO:0004039;GO:0004075;GO:0004847;GO:0005524;GO:0016829;GO:0046872
FGSG_03100,9,0.42523290670506914,3.706652355615835,FGSG_02324;FGSG_02325;FGSG_02326;FGSG_02327;FGSG_02328;FGSG_02329;FGSG_03842;FGSG_08083;FGSG_13952,2,uncharacterized protein,GO:0016021;GO:0055085
FGSG_04395,9,0.4232725484703896,3.7065816470487665,FGSG_02272;FGSG_02461;FGSG_03061;FGSG_03548;FGSG_04458;FGSG_05610;FGSG_09456;FGSG_09834;FGSG_10347,1,uncharacterized protein,GO:0005789;GO:0006810;GO:0016021;GO:0043529;GO:0071816
FGSG_09111,9,0.41581381317896604,3.703186129775451,FGSG_02326;FGSG_02327;FGSG_02328;FGSG_02329;FGSG_03532;FGSG_03543;FGSG_08078;FGSG_08083;FGSG_09064,2,uncharacterized protein,GO:0000981;GO:0003677;GO:0005634;GO:0006351;GO:0006357;GO:0008270
FGSG_00618,9,0.4293120027205796,3.698124151942833,FGSG_02329;FGSG_03532;FGSG_08077;FGSG_08078;FGSG_08079;FGSG_08084;FGSG_09064;FGSG_10206;FGSG_12211,2,uncharacterized protein,
FGSG_12756,9,0.40798777767146693,3.6414076974306493,FGSG_02272;FGSG_02461;FGSG_03546;FGSG_03548;FGSG_03894;FGSG_04458;FGSG_09012;FGSG_09456;FGSG_09834,1,uncharacterized protein,
FGSG_07271,8,0.4811123527482934,3.6070406636133603,FGSG_00743;FGSG_02272;FGSG_02461;FGSG_03061;FGSG_03894;FGSG_05610;FGSG_08774;FGSG_09012,1,uncharacterized protein,GO:0016021
FGSG_07202,8,0.4809624140390194,3.6023871016115576,FGSG_00743;FGSG_02272;FGSG_02461;FGSG_03061;FGSG_03894;FGSG_05610;FGSG_08774;FGSG_09012,1,uncharacterized protein,GO:0004252;GO:0005789;GO:0006508;GO:0016021
FGSG_09489,8,0.4723487290355195,3.595543223587734,FGSG_00743;FGSG_02272;FGSG_02461;FGSG_03061;FGSG_03894;FGSG_05610;FGSG_08774;FGSG_09012,1,uncharacterized protein,GO:0005750;GO:0005758;GO:0006122;GO:0008121;GO:0009060;GO:1902600
FGSG_12955,8,0.46888552204609923,3.586786387791263,FGSG_00743;FGSG_02272;FGSG_02461;FGSG_03061;FGSG_03894;FGSG_05610;FGSG_08774;FGSG_09012,1,ATP synthase subunit delta,GO:0005756;GO:0015986;GO:0046933;GO:0046961
FGSG_12868,8,0.4816922128415607,3.581151197480665,FGSG_00743;FGSG_02272;FGSG_02461;FGSG_03061;FGSG_03894;FGSG_05610;FGSG_08774;FGSG_09012,1,uncharacterized protein,
FGSG_05154,8,0.4668012519247504,3.577694785665849,FGSG_00743;FGSG_02272;FGSG_02461;FGSG_03061;FGSG_03894;FGSG_05610;FGSG_08774;FGSG_09012,1,uncharacterized protein,GO:0003881;GO:0005741;GO:0005794;GO:0006661;GO:0016021
FGSG_06978,8,0.472731287160985,3.5767932359115613,FGSG_00743;FGSG_02272;FGSG_02461;FGSG_03061;FGSG_03894;FGSG_05610;FGSG_08774;FGSG_09012,1,uncharacterized protein,GO:0005459;GO:0005783;GO:0015786;GO:0016021;GO:0072334
FGSG_00696,8,0.48341020772958115,3.566516528927744,FGSG_00743;FGSG_02272;FGSG_02461;FGSG_03061;FGSG_03894;FGSG_05610;FGSG_08774;FGSG_09012,1,uncharacterized protein,GO:0046872
FGSG_01541,8,0.47454001794364775,3.557606671337827,FGSG_00743;FGSG_02272;FGSG_02461;FGSG_03061;FGSG_03894;FGSG_05610;FGSG_08774;FGSG_09012,1,uncharacterized protein,GO:0003735;GO:0005762;GO:0006412
FGSG_06021,8,0.4728377569102753,3.5431661032097326,FGSG_00743;FGSG_02272;FGSG_02461;FGSG_03061;FGSG_03894;FGSG_05610;FGSG_08774;FGSG_09012,1,"ADP,ATP carrier protein",GO:0005215;GO:0005743;GO:0006281;GO:0016021;GO:0051382;GO:0055085
FGSG_12759,8,0.4779517763418445,3.5418899491346507,FGSG_00743;FGSG_02272;FGSG_02461;FGSG_03061;FGSG_03894;FGSG_05610;FGSG_08774;FGSG_09012,1,dephospho-CoA kinase,GO:0004140;GO:0005524;GO:0005635;GO:0005739;GO:0005783;GO:0015937;GO:0016310
FGSG_08603,8,0.4664132783218504,3.5397889754597087,FGSG_02271;FGSG_02272;FGSG_02461;FGSG_03061;FGSG_03894;FGSG_05610;FGSG_09012;FGSG_13136,1,eukaryotic peptide chain release factor GTP-binding subunit,GO:0000288;GO:0002184;GO:0003747;GO:0003924;GO:0005525;GO:0005829;GO:0010494;GO:0018444
FGSG_08417,8,0.47043248889072026,3.5353836358398323,FGSG_00743;FGSG_02272;FGSG_02461;FGSG_03061;FGSG_03894;FGSG_05610;FGSG_08774;FGSG_09012,1,uncharacterized protein,GO:0005763;GO:0032543
FGSG_06868,8,0.46438316945225866,3.5322755399556653,FGSG_00743;FGSG_02271;FGSG_02272;FGSG_02461;FGSG_03061;FGSG_03894;FGSG_05610;FGSG_13136,1,uncharacterized protein,GO:0005524;GO:0016021
FGSG_02848,8,0.4766220146559128,3.532269206009736,FGSG_00743;FGSG_02272;FGSG_02461;FGSG_03061;FGSG_03894;FGSG_05610;FGSG_08774;FGSG_09012,1,uncharacterized protein,GO:0006637;GO:0047617
FGSG_06352,8,0.46976257868669474,3.5275633642543496,FGSG_00743;FGSG_02272;FGSG_02461;FGSG_03061;FGSG_03894;FGSG_05610;FGSG_08712;FGSG_08774,1,uncharacterized protein,GO:0006366
FGSG_08823,8,0.4581744528503072,3.522182104043114,FGSG_02321;FGSG_02324;FGSG_02325;FGSG_02326;FGSG_02327;FGSG_02328;FGSG_02329;FGSG_11326,2,uncharacterized protein,GO:0005524;GO:0016021;GO:0042626;GO:0055085
FGSG_06905,8,0.46082108400214933,3.518869847816082,FGSG_00743;FGSG_02272;FGSG_02461;FGSG_03061;FGSG_03894;FGSG_05610;FGSG_08774;FGSG_09012,1,uncharacterized protein,GO:0009060;GO:0031305;GO:0033617;GO:0051082
FGSG_09195,8,0.4540563938399923,3.5136099143432182,FGSG_02321;FGSG_02324;FGSG_02325;FGSG_02326;FGSG_02327;FGSG_02328;FGSG_02329;FGSG_11326,2,uncharacterized protein,GO:0004497;GO:0005506;GO:0016021;GO:0016705;GO:0020037;GO:0055114
FGSG_10669,8,0.47261976309626186,3.503288027090005,FGSG_00743;FGSG_00765;FGSG_02272;FGSG_02461;FGSG_03061;FGSG_03894;FGSG_05610;FGSG_08774,1,uncharacterized protein,GO:0004638;GO:0005524;GO:0005737;GO:0006144;GO:0006189;GO:0046872
FGSG_12178,8,0.4810994826570186,3.502072893627975,FGSG_00743;FGSG_02272;FGSG_02461;FGSG_03061;FGSG_03894;FGSG_05610;FGSG_08774;FGSG_09012,1,uncharacterized protein,GO:0016021
FGSG_05805,8,0.4657011405090192,3.5018491367716673,FGSG_00743;FGSG_02272;FGSG_02461;FGSG_03061;FGSG_03894;FGSG_05610;FGSG_08774;FGSG_13136,1,cyanide hydratase,GO:0006807;GO:0016810;GO:0030196
FGSG_06261,8,0.4526880911650283,3.4982749899200742,FGSG_00743;FGSG_01422;FGSG_02272;FGSG_02461;FGSG_03061;FGSG_03894;FGSG_05610;FGSG_08712,1,uncharacterized protein,
FGSG_09864,8,0.46368753055046663,3.497614843340578,FGSG_00743;FGSG_02272;FGSG_02461;FGSG_03061;FGSG_03894;FGSG_05610;FGSG_08774;FGSG_09012,1,uncharacterized protein,GO:0000166;GO:0003676
FGSG_07488,8,0.4694184252375061,3.49467148331658,FGSG_00743;FGSG_02272;FGSG_02461;FGSG_03061;FGSG_03894;FGSG_05610;FGSG_08774;FGSG_09012,1,uncharacterized protein,GO:0016021
FGSG_01795,8,0.4523145526895301,3.4928102021154297,FGSG_02321;FGSG_02324;FGSG_02325;FGSG_02326;FGSG_02327;FGSG_02328;FGSG_02329;FGSG_11326,2,uncharacterized protein,GO:0000981;GO:0003677;GO:0005634;GO:0006351;GO:0006357;GO:0008270
FGSG_10373,8,0.4613271960933805,3.485965154749257,FGSG_02271;FGSG_02272;FGSG_02461;FGSG_03061;FGSG_03894;FGSG_05610;FGSG_08774;FGSG_09012,1,uncharacterized protein,GO:0005789;GO:0016021
FGSG_09087,8,0.4536638535458429,3.485458416442409,FGSG_02321;FGSG_02324;FGSG_02325;FGSG_02326;FGSG_02327;FGSG_02328;FGSG_02329;FGSG_11326,2,uncharacterized protein,
FGSG_11161,8,0.4532444534059273,3.4854448258320834,FGSG_02321;FGSG_02324;FGSG_02325;FGSG_02326;FGSG_02327;FGSG_02328;FGSG_02329;FGSG_11326,2,uncharacterized protein,
FGSG_08810,8,0.477116007406293,3.4828935949085906,FGSG_00743;FGSG_02272;FGSG_02461;FGSG_03061;FGSG_03894;FGSG_05610;FGSG_08774;FGSG_09012,1,uncharacterized protein,GO:0005215;GO:0016021;GO:0055085
FGSG_04610,8,0.4529655843089253,3.4811700817982443,FGSG_02321;FGSG_02324;FGSG_02325;FGSG_02326;FGSG_02327;FGSG_02328;FGSG_02329;FGSG_11326,2,uncharacterized protein,GO:0016021;GO:0022891;GO:0055085
FGSG_01430,8,0.448011151842941,3.4788166532724243,FGSG_02324;FGSG_02325;FGSG_02326;FGSG_02327;FGSG_02328;FGSG_02329;FGSG_02903;FGSG_11326,2,uncharacterized protein,GO:0005975;GO:0016301;GO:0016310;GO:0016773
FGSG_09124,8,0.44232332777280753,3.46989766430903,FGSG_02324;FGSG_02325;FGSG_02326;FGSG_02327;FGSG_02328;FGSG_02329;FGSG_02903;FGSG_11326,2,uncharacterized protein,GO:0016491;GO:0055114
FGSG_09802,8,0.4724450110967859,3.4695407290799505,FGSG_00743;FGSG_00765;FGSG_02272;FGSG_02461;FGSG_03061;FGSG_03894;FGSG_05610;FGSG_08774,1,uncharacterized protein,GO:0003677
FGSG_01468,8,0.4557656427108049,3.4693059278182847,FGSG_00743;FGSG_02271;FGSG_02272;FGSG_02461;FGSG_03061;FGSG_03894;FGSG_05610;FGSG_13136,1,uncharacterized protein,
FGSG_09313,8,0.4556241583216645,3.4680420995848924,FGSG_02271;FGSG_02272;FGSG_02461;FGSG_03061;FGSG_03894;FGSG_05610;FGSG_09012;FGSG_09456,1,uncharacterized protein,GO:0004842;GO:0005524;GO:0005737;GO:0042787;GO:0043161;GO:0045721
FGSG_03996,8,0.4541020898236098,3.4670651747340058,FGSG_02321;FGSG_02324;FGSG_02325;FGSG_02326;FGSG_02327;FGSG_02328;FGSG_02329;FGSG_11326,2,uncharacterized protein,GO:0003777;GO:0005524;GO:0005874;GO:0007018;GO:0008017
FGSG_03272,8,0.45150234640070985,3.46537133871632,FGSG_02321;FGSG_02324;FGSG_02325;FGSG_02326;FGSG_02327;FGSG_02328;FGSG_02329;FGSG_11326,2,uncharacterized protein,GO:0003677;GO:0005634;GO:0006351;GO:0008270;GO:0008643;GO:0016021;GO:0022891;GO:0055085
FGSG_00316,8,0.4714021827193697,3.4617006003195807,FGSG_00743;FGSG_02272;FGSG_02461;FGSG_03061;FGSG_03894;FGSG_05610;FGSG_08774;FGSG_09012,1,uncharacterized protein,GO:0008270;GO:0016021;GO:0016874
FGSG_04377,8,0.4482508232101177,3.4590232682723188,FGSG_02324;FGSG_02325;FGSG_02326;FGSG_02327;FGSG_02328;FGSG_02329;FGSG_02903;FGSG_11326,2,uncharacterized protein,
FGSG_04193,8,0.4710235754548565,3.454555180420612,FGSG_00743;FGSG_00765;FGSG_02272;FGSG_02461;FGSG_03061;FGSG_03894;FGSG_05610;FGSG_08774,1,uncharacterized protein,
FGSG_06373,8,0.46199070594619496,3.4543500330945944,FGSG_00743;FGSG_00765;FGSG_02272;FGSG_02461;FGSG_03061;FGSG_03894;FGSG_05610;FGSG_08774,1,uncharacterized protein,GO:0005546;GO:0016197;GO:0030036;GO:0031932;GO:0038203
FGSG_08383,8,0.45634719491896397,3.4516087500945685,FGSG_02271;FGSG_02272;FGSG_02461;FGSG_03061;FGSG_03894;FGSG_05610;FGSG_09012;FGSG_09456,1,uncharacterized protein,GO:0005634
FGSG_13929,8,0.46232486547323914,3.443104043320134,FGSG_00743;FGSG_02272;FGSG_02461;FGSG_03061;FGSG_03894;FGSG_05610;FGSG_08774;FGSG_09012,1,uncharacterized protein,GO:0003677
FGSG_04089,8,0.45412401872414054,3.4367460359762463,FGSG_00743;FGSG_02271;FGSG_02272;FGSG_02461;FGSG_03061;FGSG_03894;FGSG_05610;FGSG_08712,1,uncharacterized protein,GO:0016021
FGSG_01855,8,0.4420558653550182,3.4341054253466017,FGSG_02323;FGSG_02324;FGSG_02325;FGSG_02326;FGSG_02327;FGSG_02328;FGSG_02329;FGSG_11326,2,uncharacterized protein,GO:0043248
FGSG_05371,8,0.4735538458477038,3.4331825924325194,FGSG_00743;FGSG_00765;FGSG_02272;FGSG_02461;FGSG_03061;FGSG_03894;FGSG_05610;FGSG_08774,1,uncharacterized protein,GO:0004497;GO:0005634;GO:0005829;GO:0055114
FGSG_12600,8,0.4357922642481795,3.4273179911759213,FGSG_02324;FGSG_02325;FGSG_02326;FGSG_02327;FGSG_02328;FGSG_02329;FGSG_02903;FGSG_11326,2,uncharacterized protein,GO:0003676;GO:0005524
FGSG_00602,8,0.4564294544475225,3.4254891872698887,FGSG_00007;FGSG_01866;FGSG_02327;FGSG_03539;FGSG_03842;FGSG_08082;FGSG_08083;FGSG_13952,2,uncharacterized protein,
FGSG_13606,8,0.44832594595372743,3.422281343589931,FGSG_00743;FGSG_02272;FGSG_02461;FGSG_03061;FGSG_03894;FGSG_05610;FGSG_08774;FGSG_09012,1,uncharacterized protein,GO:0006511;GO:0008540
FGSG_11012,8,0.4502066718501171,3.4201307387173023,FGSG_02321;FGSG_02325;FGSG_02326;FGSG_02327;FGSG_02328;FGSG_02329;FGSG_08083;FGSG_11326,2,uncharacterized protein,GO:0045735
FGSG_07224,8,0.4479932017636995,3.419588348406032,FGSG_00330;FGSG_03546;FGSG_03547;FGSG_03548;FGSG_04458;FGSG_04591;FGSG_08601;FGSG_10347,1,uncharacterized protein,GO:0015035;GO:0016740;GO:0055114
FGSG_13861,8,0.447348058342539,3.4167715192630554,FGSG_02324;FGSG_02325;FGSG_02326;FGSG_02327;FGSG_02328;FGSG_02329;FGSG_08083;FGSG_11326,2,uncharacterized protein,GO:0004553;GO:0005975
FGSG_05177,8,0.4509779330626069,3.416519437412214,FGSG_00743;FGSG_00765;FGSG_02272;FGSG_02461;FGSG_03061;FGSG_03894;FGSG_05610;FGSG_08774,1,uncharacterized protein,
FGSG_11520,8,0.442808037280372,3.416368527284228,FGSG_02321;FGSG_02326;FGSG_02327;FGSG_02328;FGSG_02329;FGSG_08083;FGSG_11326;FGSG_13952,2,uncharacterized protein,GO:0003677;GO:0005634;GO:0006351;GO:0008270
FGSG_07600,8,0.4497801328181146,3.4157175181757617,FGSG_02271;FGSG_02272;FGSG_02461;FGSG_03061;FGSG_05610;FGSG_07075;FGSG_09456;FGSG_13136,1,uncharacterized protein,GO:0008080
FGSG_03108,8,0.45075325648519665,3.414055494477267,FGSG_00007;FGSG_01866;FGSG_02327;FGSG_03539;FGSG_03842;FGSG_03881;FGSG_08083;FGSG_13952,2,uncharacterized protein,GO:0003676
FGSG_00417,8,0.44496976576714503,3.4139344912156826,FGSG_00330;FGSG_03546;FGSG_03548;FGSG_03894;FGSG_04458;FGSG_04589;FGSG_08601;FGSG_10347,1,methylenetetrahydrofolate dehydrogenase,GO:0004487;GO:0004488;GO:0005634;GO:0005829;GO:0006730;GO:0009113;GO:0009396;GO:0055114
FGSG_00556,8,0.46826552499612456,3.4123274815466393,FGSG_00743;FGSG_02272;FGSG_02461;FGSG_03061;FGSG_03894;FGSG_05610;FGSG_08774;FGSG_09012,1,uncharacterized protein,GO:0005758;GO:0005829;GO:0015680;GO:0016531;GO:0018343;GO:0033617
FGSG_11651,8,0.44083575175483813,3.4122754695969437,FGSG_02324;FGSG_02325;FGSG_02326;FGSG_02327;FGSG_02328;FGSG_02329;FGSG_02903;FGSG_11326,2,uncharacterized protein,
FGSG_08732,8,0.4572982100832185,3.412102095263995,FGSG_00743;FGSG_02272;FGSG_03061;FGSG_03894;FGSG_04589;FGSG_05610;FGSG_08712;FGSG_12180,1,uncharacterized protein,
FGSG_10893,8,0.4620162303861288,3.4116256322113783,FGSG_00743;FGSG_02272;FGSG_03061;FGSG_03894;FGSG_04589;FGSG_05610;FGSG_10922;FGSG_12180,1,uncharacterized protein,GO:0005739;GO:0008453;GO:0019265
FGSG_09179,8,0.4708878423600188,3.411032633600317,FGSG_00743;FGSG_02272;FGSG_02461;FGSG_03061;FGSG_03894;FGSG_05610;FGSG_08774;FGSG_09012,1,uncharacterized protein,GO:0016787
FGSG_09542,8,0.4596625465839866,3.4094647684194332,FGSG_00743;FGSG_02272;FGSG_02461;FGSG_03061;FGSG_03894;FGSG_05610;FGSG_08774;FGSG_09012,1,SCO1 protein,GO:0005507;GO:0005743;GO:0006825;GO:0006878;GO:0008535;GO:0016021
FGSG_04008,8,0.44424448343170864,3.408685725703702,FGSG_02324;FGSG_02326;FGSG_02327;FGSG_02328;FGSG_02329;FGSG_08083;FGSG_11326;FGSG_13952,2,uncharacterized protein,
FGSG_08384,8,0.468036290063151,3.408291408735445,FGSG_00743;FGSG_00765;FGSG_02272;FGSG_02461;FGSG_03061;FGSG_03894;FGSG_05610;FGSG_08774,1,uncharacterized protein,
FGSG_02901,8,0.4652524743293574,3.4075693165043597,FGSG_00743;FGSG_02272;FGSG_02461;FGSG_03061;FGSG_03894;FGSG_05610;FGSG_08774;FGSG_09012,1,uncharacterized protein,GO:0008152;GO:0008484;GO:0016021
FGSG_06908,8,0.4414112171716313,3.406356165423617,FGSG_02272;FGSG_02461;FGSG_03061;FGSG_03894;FGSG_05610;FGSG_09012;FGSG_09456;FGSG_09834,1,uncharacterized protein,GO:0005634;GO:0005829;GO:0016021
FGSG_00313,8,0.44602035332943096,3.4059089265407643,FGSG_02321;FGSG_02324;FGSG_02325;FGSG_02326;FGSG_02327;FGSG_02328;FGSG_02329;FGSG_11326,2,uncharacterized protein,GO:0000981;GO:0005634;GO:0006357;GO:0008270
FGSG_09824,8,0.45495017313670305,3.4050786757783325,FGSG_00007;FGSG_01866;FGSG_02327;FGSG_03539;FGSG_03842;FGSG_08082;FGSG_08083;FGSG_13952,2,uncharacterized protein,
FGSG_01808,8,0.44490211666531193,3.4041246406303993,FGSG_02320;FGSG_02321;FGSG_02326;FGSG_02327;FGSG_02328;FGSG_02329;FGSG_08083;FGSG_11326,2,uncharacterized protein,GO:0000981;GO:0003677;GO:0005634;GO:0006351;GO:0006357;GO:0006508;GO:0008233;GO:0008270
FGSG_10829,8,0.44328661708221473,3.403404863210204,FGSG_02321;FGSG_02326;FGSG_02327;FGSG_02328;FGSG_02329;FGSG_08083;FGSG_11326;FGSG_13952,2,uncharacterized protein,GO:0002181;GO:0005737;GO:0046872
FGSG_13510,8,0.4407572099089795,3.402448756277666,FGSG_02321;FGSG_02324;FGSG_02325;FGSG_02326;FGSG_02327;FGSG_02328;FGSG_02329;FGSG_11326,2,uncharacterized protein,
FGSG_09154,8,0.45989581863940476,3.4015404531395212,FGSG_00743;FGSG_00765;FGSG_02272;FGSG_02461;FGSG_03061;FGSG_03894;FGSG_05610;FGSG_08774,1,uncharacterized protein,GO:0016787
FGSG_10426,8,0.4666197269561721,3.4011685849484032,FGSG_00743;FGSG_02272;FGSG_03061;FGSG_03894;FGSG_05610;FGSG_08774;FGSG_10922;FGSG_12180,1,uncharacterized protein,GO:0016614;GO:0016746;GO:0050660;GO:0055114
FGSG_05036,8,0.4497983593794576,3.399321403246012,FGSG_00743;FGSG_00765;FGSG_02272;FGSG_02461;FGSG_03061;FGSG_03894;FGSG_05610;FGSG_08774,1,glutamine amidotransferase subunit pdxT,GO:0004359;GO:0006541;GO:0016740;GO:0042819;GO:0042823
FGSG_05378,8,0.44267227733146974,3.398858794938718,FGSG_02324;FGSG_02325;FGSG_02326;FGSG_02327;FGSG_02328;FGSG_02329;FGSG_02903;FGSG_11326,2,uncharacterized protein,GO:0002181;GO:0003735;GO:0022625
FGSG_07633,8,0.4315725538656152,3.398746894749805,FGSG_02324;FGSG_02325;FGSG_02326;FGSG_02327;FGSG_02328;FGSG_02329;FGSG_02903;FGSG_11326,2,uncharacterized protein,GO:0016021
FGSG_07554,8,0.4432543019407955,3.3982991123503408,FGSG_02271;FGSG_02272;FGSG_02461;FGSG_03061;FGSG_05610;FGSG_07075;FGSG_09456;FGSG_09834,1,opsin-1,GO:0005216;GO:0016021;GO:0034220
FGSG_13607,8,0.46060712901829187,3.3979441128662673,FGSG_00743;FGSG_00765;FGSG_02272;FGSG_02461;FGSG_03061;FGSG_03894;FGSG_05610;FGSG_08774,1,uncharacterized protein,GO:0006511;GO:0008540
FGSG_08296,8,0.4663529376213106,3.397296566429763,FGSG_00743;FGSG_02272;FGSG_02461;FGSG_03061;FGSG_03894;FGSG_05610;FGSG_08774;FGSG_09012,1,uncharacterized protein,GO:0005634;GO:0005829
FGSG_04137,8,0.42954710388758405,3.3962661361670246,FGSG_02324;FGSG_02325;FGSG_02326;FGSG_02327;FGSG_02328;FGSG_02329;FGSG_02903;FGSG_11326,2,60S ribosomal protein L32,GO:0002181;GO:0003735;GO:0022625
FGSG_00184,8,0.4532039260712746,3.395295065082563,FGSG_00007;FGSG_01866;FGSG_02326;FGSG_02327;FGSG_03842;FGSG_03881;FGSG_08083;FGSG_13952,2,uncharacterized protein,GO:0004553;GO:0045493
FGSG_10934,8,0.4446748487107604,3.3951929234298266,FGSG_02321;FGSG_02325;FGSG_02326;FGSG_02327;FGSG_02328;FGSG_02329;FGSG_08083;FGSG_11326,2,allantoinase,GO:0004038;GO:0006259;GO:0009442;GO:0016888;GO:0046872
FGSG_04806,8,0.44587559979473296,3.3938352943061663,FGSG_02324;FGSG_02325;FGSG_02326;FGSG_02327;FGSG_02328;FGSG_03842;FGSG_08083;FGSG_13952,2,uncharacterized protein,
FGSG_07765,8,0.45156802919654304,3.392765367231654,FGSG_00007;FGSG_02324;FGSG_02326;FGSG_02327;FGSG_02328;FGSG_03842;FGSG_08083;FGSG_13952,2,uncharacterized protein,GO:0004497;GO:0005506;GO:0016021;GO:0016705;GO:0020037;GO:0055114
FGSG_00726,8,0.4610586191305595,3.391263739282513,FGSG_00743;FGSG_02272;FGSG_02461;FGSG_03061;FGSG_03894;FGSG_05610;FGSG_08774;FGSG_09012,1,uncharacterized protein,GO:0016021
FGSG_00686,8,0.46759002284620593,3.3879630324128738,FGSG_00743;FGSG_02272;FGSG_03061;FGSG_03894;FGSG_05610;FGSG_08774;FGSG_10922;FGSG_12180,1,uncharacterized protein,GO:0030061;GO:0042407;GO:0044284;GO:0045041;GO:0061617
FGSG_03832,8,0.42652801380983474,3.3846153364984883,FGSG_02324;FGSG_02325;FGSG_02326;FGSG_02327;FGSG_02328;FGSG_02329;FGSG_02903;FGSG_11326,2,uncharacterized protein,
FGSG_05643,8,0.4604389304923856,3.3826223267673,FGSG_00743;FGSG_00765;FGSG_02272;FGSG_02461;FGSG_03061;FGSG_03894;FGSG_05610;FGSG_08774,1,uncharacterized protein,
FGSG_02696,8,0.43382438608523277,3.37995051659865,FGSG_02324;FGSG_02325;FGSG_02326;FGSG_02327;FGSG_02328;FGSG_02329;FGSG_11326;FGSG_13952,2,uncharacterized protein,GO:0000981;GO:0003677;GO:0005634;GO:0006351;GO:0006357;GO:0008270
FGSG_02753,8,0.4423985738143023,3.3788396864844286,FGSG_00007;FGSG_01866;FGSG_03539;FGSG_03842;FGSG_08081;FGSG_08082;FGSG_08083;FGSG_13952,2,uncharacterized protein,GO:0016491;GO:0055114
FGSG_05119,8,0.4526956633902199,3.37822452956792,FGSG_00743;FGSG_02272;FGSG_02461;FGSG_03061;FGSG_03894;FGSG_05610;FGSG_08774;FGSG_09012,1,uncharacterized protein,GO:0016021;GO:0055085
FGSG_02545,8,0.4361995846152309,3.376407808048368,FGSG_00330;FGSG_03546;FGSG_03548;FGSG_04458;FGSG_08601;FGSG_09456;FGSG_09834;FGSG_10347,1,uncharacterized protein,
FGSG_02705,8,0.45509497351077755,3.375563994974206,FGSG_00743;FGSG_00765;FGSG_02272;FGSG_02461;FGSG_03061;FGSG_03894;FGSG_05610;FGSG_08774,1,uncharacterized protein,
FGSG_06635,8,0.44353347774072077,3.375507436633941,FGSG_02271;FGSG_02272;FGSG_02461;FGSG_03061;FGSG_03894;FGSG_05610;FGSG_09456;FGSG_09834,1,uncharacterized protein,GO:0005634;GO:0005739;GO:0034414;GO:0042781;GO:1990180
FGSG_05682,8,0.4397209312958068,3.374412768128996,FGSG_02324;FGSG_02325;FGSG_02326;FGSG_02327;FGSG_02328;FGSG_03842;FGSG_08083;FGSG_13952,2,uncharacterized protein,GO:0000981;GO:0005634;GO:0006357;GO:0008270
FGSG_10035,8,0.45392313802731776,3.3737275887838702,FGSG_00743;FGSG_02272;FGSG_03061;FGSG_03894;FGSG_04589;FGSG_05610;FGSG_10922;FGSG_12180,1,uncharacterized protein,GO:0000994;GO:0005730;GO:0005737;GO:0006351;GO:0008565;GO:0015031;GO:0016301;GO:0016310;GO:0016480;GO:0061587;GO:0070217
FGSG_02864,8,0.43646555912287677,3.372048654060807,FGSG_02324;FGSG_02325;FGSG_02326;FGSG_02327;FGSG_02328;FGSG_03842;FGSG_11326;FGSG_13952,2,uncharacterized protein,
FGSG_10969,8,0.4375620273028587,3.370173066827788,FGSG_00007;FGSG_01866;FGSG_03539;FGSG_03842;FGSG_08081;FGSG_08082;FGSG_08083;FGSG_13952,2,uncharacterized protein,
FGSG_04234,8,0.4414527809292312,3.3700113118572057,FGSG_00743;FGSG_03894;FGSG_04458;FGSG_04589;FGSG_08601;FGSG_10347;FGSG_10922;FGSG_12180,1,uncharacterized protein,GO:0016021
FGSG_04558,8,0.4572667700659856,3.369952781631623,FGSG_00743;FGSG_02272;FGSG_02461;FGSG_03061;FGSG_03894;FGSG_05610;FGSG_08774;FGSG_09012,1,carbonic anhydrase 2,GO:0004089;GO:0005758;GO:0008270;GO:0015976;GO:0034599;GO:0071244
FGSG_01172,8,0.4462330361445213,3.367621279455261,FGSG_00007;FGSG_02324;FGSG_02326;FGSG_02327;FGSG_02328;FGSG_03842;FGSG_08083;FGSG_13952,2,uncharacterized protein,GO:0000981;GO:0005634;GO:0006357;GO:0008270;GO:0016021
FGSG_02224,8,0.43606874443508503,3.3675368151964706,FGSG_02324;FGSG_02325;FGSG_02326;FGSG_02327;FGSG_02328;FGSG_02329;FGSG_02903;FGSG_11326,2,uncharacterized protein,
FGSG_00799,8,0.4500353053612766,3.3671529034922836,FGSG_00743;FGSG_02272;FGSG_03061;FGSG_03894;FGSG_04589;FGSG_05610;FGSG_08712;FGSG_12180,1,uncharacterized protein,GO:0006260;GO:0006281;GO:0006310;GO:0017108;GO:0033557;GO:0090305
FGSG_11946,8,0.4406131404316795,3.3656502987444337,FGSG_00765;FGSG_02272;FGSG_02461;FGSG_03061;FGSG_03894;FGSG_04309;FGSG_05610;FGSG_13136,1,uncharacterized protein,
FGSG_10300,8,0.4318732807138874,3.365213779134807,FGSG_02324;FGSG_02325;FGSG_02326;FGSG_02327;FGSG_02328;FGSG_02329;FGSG_02903;FGSG_11326,2,uncharacterized protein,
FGSG_09165,8,0.4374116014640368,3.3636196988702354,FGSG_00330;FGSG_03546;FGSG_03547;FGSG_03548;FGSG_04458;FGSG_08601;FGSG_09834;FGSG_10347,1,nuclear movement protein nudC,
FGSG_12601,8,0.4322061113407273,3.3594170657782016,FGSG_02324;FGSG_02325;FGSG_02326;FGSG_02327;FGSG_02328;FGSG_02329;FGSG_02903;FGSG_11326,2,uncharacterized protein,
FGSG_00992,8,0.4590982937069195,3.3589665160976705,FGSG_00743;FGSG_00765;FGSG_02272;FGSG_02461;FGSG_03061;FGSG_03894;FGSG_05610;FGSG_08774,1,uncharacterized protein,
FGSG_13162,8,0.4594705336266661,3.3577227609319236,FGSG_00743;FGSG_02272;FGSG_03061;FGSG_03894;FGSG_05610;FGSG_08774;FGSG_10922;FGSG_12180,1,uncharacterized protein,
FGSG_03655,8,0.4329269479109834,3.3570826124184148,FGSG_01866;FGSG_02326;FGSG_02327;FGSG_02328;FGSG_02329;FGSG_03543;FGSG_08083;FGSG_13952,2,uncharacterized protein,GO:0016491;GO:0055114
FGSG_02836,8,0.4265689445237168,3.355078988991565,FGSG_02324;FGSG_02325;FGSG_02326;FGSG_02327;FGSG_02328;FGSG_02329;FGSG_02903;FGSG_11326,2,uncharacterized protein,GO:0003824
FGSG_12916,8,0.45636744066402024,3.3540799003128354,FGSG_00743;FGSG_02272;FGSG_02461;FGSG_03061;FGSG_03894;FGSG_05610;FGSG_08774;FGSG_09012,1,uncharacterized protein,GO:0005525
FGSG_13301,8,0.4349434529316104,3.35396714197976,FGSG_02324;FGSG_02325;FGSG_02326;FGSG_02327;FGSG_02328;FGSG_02329;FGSG_11326;FGSG_13952,2,uncharacterized protein,GO:0016021
FGSG_07330,8,0.4427552691921493,3.3533913573404637,FGSG_00330;FGSG_03546;FGSG_03548;FGSG_03992;FGSG_04458;FGSG_09280;FGSG_09456;FGSG_09834,1,uncharacterized protein,GO:0003873;GO:0005524;GO:0006000;GO:0006003;GO:0046835
FGSG_04663,8,0.44582353175771555,3.353053703925115,FGSG_00007;FGSG_02324;FGSG_02326;FGSG_02327;FGSG_03842;FGSG_08082;FGSG_08083;FGSG_13952,2,uncharacterized protein,GO:0008270;GO:0016491;GO:0055114
FGSG_02761,8,0.4603377753634639,3.3526478858641116,FGSG_00743;FGSG_02972;FGSG_03747;FGSG_03894;FGSG_05610;FGSG_08774;FGSG_10922;FGSG_12180,1,uncharacterized protein,GO:0001405;GO:0030150;GO:0030674;GO:0051087
FGSG_05382,8,0.4335676403056048,3.3521977250825383,FGSG_02324;FGSG_02325;FGSG_02326;FGSG_02327;FGSG_02328;FGSG_03842;FGSG_08083;FGSG_13952,2,uncharacterized protein,GO:0008270;GO:0016491;GO:0055114
FGSG_07573,8,0.43897747640411205,3.350258681758557,FGSG_01866;FGSG_02321;FGSG_02326;FGSG_02327;FGSG_02328;FGSG_02329;FGSG_08083;FGSG_13952,2,GTP-binding protein ypt3,GO:0005525;GO:0005622;GO:0007264
FGSG_00243,8,0.46044721459207444,3.3483688448843596,FGSG_00743;FGSG_00765;FGSG_02272;FGSG_03061;FGSG_03894;FGSG_05610;FGSG_08774;FGSG_10922,1,uncharacterized protein,
FGSG_01887,8,0.4261525628902053,3.3482828492500905,FGSG_02324;FGSG_02325;FGSG_02326;FGSG_02327;FGSG_02328;FGSG_02329;FGSG_02903;FGSG_11326,2,uncharacterized protein,GO:0005198;GO:0005768;GO:0006886;GO:0006897;GO:0030130;GO:0030132;GO:0031505;GO:0045807
FGSG_09462,8,0.44102238356144197,3.347333729531617,FGSG_02324;FGSG_02325;FGSG_02326;FGSG_02327;FGSG_03842;FGSG_08082;FGSG_08083;FGSG_13952,2,uncharacterized protein,GO:0008270
FGSG_03484,8,0.4358215788271083,3.345112406755531,FGSG_00007;FGSG_01866;FGSG_02326;FGSG_02327;FGSG_02328;FGSG_02329;FGSG_08083;FGSG_13952,2,uncharacterized protein,
FGSG_10233,8,0.43489075336553973,3.3433228513797544,FGSG_02324;FGSG_02325;FGSG_02326;FGSG_02327;FGSG_02328;FGSG_02329;FGSG_08083;FGSG_11326,2,uncharacterized protein,GO:0006810;GO:0016021
FGSG_04709,8,0.43021152407332947,3.3429616518114313,FGSG_00330;FGSG_03546;FGSG_03548;FGSG_03992;FGSG_04458;FGSG_08601;FGSG_09834;FGSG_10347,1,uncharacterized protein,GO:0008643;GO:0016021;GO:0055085
FGSG_01867,8,0.4550620478975824,3.3417965919380186,FGSG_00743;FGSG_00765;FGSG_02272;FGSG_02461;FGSG_03061;FGSG_03894;FGSG_05610;FGSG_08774,1,uncharacterized protein,GO:0016491;GO:0055114
FGSG_03435,8,0.4369835514800468,3.3413681241028286,FGSG_00007;FGSG_01866;FGSG_03539;FGSG_03842;FGSG_08081;FGSG_08082;FGSG_08083;FGSG_13952,2,uncharacterized protein,
FGSG_11347,8,0.433305464051736,3.3402459115051886,FGSG_01866;FGSG_02326;FGSG_02327;FGSG_02328;FGSG_02329;FGSG_03532;FGSG_08083;FGSG_08084,2,uncharacterized protein,GO:0008199;GO:0009712;GO:0018576;GO:0055114
FGSG_01768,8,0.4297682703985987,3.3394601350504374,FGSG_02326;FGSG_02327;FGSG_02328;FGSG_02329;FGSG_03532;FGSG_08078;FGSG_08083;FGSG_12211,2,uncharacterized protein,GO:0008080
FGSG_00706,8,0.46043511366518947,3.339244626890386,FGSG_00743;FGSG_00765;FGSG_02272;FGSG_03061;FGSG_03894;FGSG_05610;FGSG_08774;FGSG_10922,1,uncharacterized protein,GO:0004458;GO:0005743;GO:0009060;GO:0016021;GO:0044262;GO:0050660
FGSG_11905,8,0.4608483678472646,3.3389638224711624,FGSG_00743;FGSG_03894;FGSG_04589;FGSG_05610;FGSG_08774;FGSG_09012;FGSG_10922;FGSG_12180,1,uncharacterized protein,GO:0016021
FGSG_02189,8,0.4407946046197725,3.3387652792408113,FGSG_00007;FGSG_01866;FGSG_03532;FGSG_03539;FGSG_03881;FGSG_08081;FGSG_08083;FGSG_13952,2,N(4)-(beta-N-acetylglucosaminyl)-L-asparaginase,GO:0016787
FGSG_05757,8,0.4302874490083016,3.336148765229552,FGSG_02271;FGSG_02272;FGSG_03061;FGSG_03295;FGSG_07075;FGSG_07528;FGSG_09456;FGSG_09834,1,uncharacterized protein,GO:0004553;GO:0005619;GO:0005975;GO:0030476
FGSG_10036,8,0.42914563945964124,3.3350683012073574,FGSG_02324;FGSG_02325;FGSG_02326;FGSG_02327;FGSG_02328;FGSG_02329;FGSG_02903;FGSG_11326,2,uncharacterized protein,GO:0006750;GO:0016874;GO:0035226
FGSG_13343,8,0.44603498346747844,3.3331052835786807,FGSG_00007;FGSG_03532;FGSG_03539;FGSG_03842;FGSG_03881;FGSG_08081;FGSG_08083;FGSG_13952,2,glycerol kinase,GO:0004370;GO:0005975;GO:0006072;GO:0016310
FGSG_05123,8,0.4405455654095941,3.3307324319441856,FGSG_02324;FGSG_02325;FGSG_02326;FGSG_02327;FGSG_02328;FGSG_03842;FGSG_08083;FGSG_13952,2,uncharacterized protein,
FGSG_05930,8,0.440284869909066,3.3288926059898536,FGSG_02271;FGSG_02272;FGSG_02461;FGSG_03061;FGSG_03548;FGSG_07075;FGSG_09456;FGSG_09834,1,uncharacterized protein,GO:0003700;GO:0005634;GO:0006355;GO:0008017;GO:0043565
FGSG_08526,8,0.4624438165478039,3.3272052840230235,FGSG_00743;FGSG_02272;FGSG_03894;FGSG_05610;FGSG_08774;FGSG_09012;FGSG_10922;FGSG_12180,1,uncharacterized protein,
FGSG_03919,8,0.4327303086232746,3.3247655903291324,FGSG_02324;FGSG_02326;FGSG_02327;FGSG_02328;FGSG_02329;FGSG_08083;FGSG_11326;FGSG_13952,2,uncharacterized protein,GO:0000981;GO:0005634;GO:0006357;GO:0008270
FGSG_01757,8,0.4348285648872584,3.3247134412898287,FGSG_02324;FGSG_02325;FGSG_02326;FGSG_02327;FGSG_02328;FGSG_03842;FGSG_08083;FGSG_13952,2,nodulation protein L,GO:0016407
FGSG_09135,8,0.4349625967348022,3.323158095745684,FGSG_02271;FGSG_02272;FGSG_02461;FGSG_03061;FGSG_05610;FGSG_07075;FGSG_09456;FGSG_09834,1,uncharacterized protein,GO:0035859;GO:0097042
FGSG_10861,8,0.423150125221066,3.317048299288015,FGSG_02271;FGSG_02272;FGSG_02461;FGSG_03061;FGSG_05610;FGSG_07075;FGSG_09456;FGSG_09834,1,uncharacterized protein,GO:0005634;GO:0005826;GO:0005829;GO:0005844;GO:0007533;GO:0008298;GO:0017022;GO:0034613;GO:1903475
FGSG_01278,8,0.4246485970664675,3.315298713675652,FGSG_02324;FGSG_02325;FGSG_02326;FGSG_02327;FGSG_02328;FGSG_02329;FGSG_02903;FGSG_11326,2,uncharacterized protein,GO:0003735;GO:0005840;GO:0006412
FGSG_13950,8,0.42735297940587286,3.315080257005794,FGSG_02324;FGSG_02325;FGSG_02326;FGSG_02327;FGSG_02328;FGSG_03842;FGSG_08083;FGSG_13952,2,uncharacterized protein,
FGSG_01290,8,0.4564391586880914,3.314962030267289,FGSG_00743;FGSG_03894;FGSG_04589;FGSG_05610;FGSG_08774;FGSG_09012;FGSG_10922;FGSG_12180,1,60S ribosomal protein RML2,GO:0003723;GO:0003735;GO:0005762;GO:0016740;GO:0032543
FGSG_13897,8,0.4302953506835499,3.3089115138349814,FGSG_00330;FGSG_03546;FGSG_03547;FGSG_03548;FGSG_04458;FGSG_08601;FGSG_09280;FGSG_09834,1,amino-acid permease inda1,GO:0003333;GO:0015171;GO:0016021
FGSG_04676,8,0.43702009726468716,3.305462010180304,FGSG_00007;FGSG_02326;FGSG_02327;FGSG_02328;FGSG_02329;FGSG_03881;FGSG_08083;FGSG_13952,2,uncharacterized protein,GO:0016021;GO:0022891;GO:0055085
FGSG_02937,8,0.41831484903667354,3.3052699738490596,FGSG_02324;FGSG_02325;FGSG_02326;FGSG_02327;FGSG_02328;FGSG_02329;FGSG_02903;FGSG_11326,2,uncharacterized protein,GO:0016021
FGSG_03955,8,0.43394434833147005,3.300859005610081,FGSG_02324;FGSG_02325;FGSG_02326;FGSG_02327;FGSG_02328;FGSG_03842;FGSG_11326;FGSG_13952,2,uncharacterized protein,GO:0005737;GO:0008677;GO:0009063;GO:0015940;GO:0050661;GO:0055114
FGSG_06384,8,0.4273106977512673,3.300476209278471,FGSG_02271;FGSG_02272;FGSG_03061;FGSG_03295;FGSG_07075;FGSG_07528;FGSG_09456;FGSG_09834,1,uncharacterized protein,GO:0005829;GO:0006886;GO:0006888;GO:0008270;GO:0030127;GO:0070971
FGSG_01356,8,0.4190286923259016,3.298219659395812,FGSG_02272;FGSG_02461;FGSG_03061;FGSG_03894;FGSG_05610;FGSG_09012;FGSG_09456;FGSG_09834,1,acetate non-utilizing protein 9,GO:0005758;GO:0005759;GO:0006094;GO:0006111;GO:0009055;GO:0015976;GO:0016491;GO:0030151;GO:0030170;GO:0051537;GO:0055114
FGSG_09644,8,0.4201067052436419,3.29581285356011,FGSG_02324;FGSG_02325;FGSG_02326;FGSG_02327;FGSG_02328;FGSG_02329;FGSG_02903;FGSG_11326,2,uncharacterized protein,GO:0005524;GO:0016301;GO:0016310
FGSG_04725,8,0.4245231885286873,3.2949743930195847,FGSG_02324;FGSG_02325;FGSG_02326;FGSG_02327;FGSG_02328;FGSG_02329;FGSG_02903;FGSG_11326,2,uncharacterized protein,GO:0000981;GO:0003677;GO:0005634;GO:0006351;GO:0006357;GO:0008270
FGSG_07031,8,0.42751956109166517,3.2938645239946607,FGSG_02271;FGSG_02272;FGSG_02461;FGSG_03061;FGSG_07075;FGSG_07528;FGSG_09456;FGSG_09834,1,uncharacterized protein,GO:0005634;GO:0005829;GO:0005975;GO:0006098;GO:0017057
FGSG_10490,8,0.4193094651413478,3.287343573792309,FGSG_02324;FGSG_02325;FGSG_02326;FGSG_02327;FGSG_02328;FGSG_02329;FGSG_02903;FGSG_11326,2,uncharacterized protein,GO:0016021
FGSG_09430,8,0.427051058827397,3.2868672779710835,FGSG_02272;FGSG_02461;FGSG_03061;FGSG_03894;FGSG_05610;FGSG_09012;FGSG_09456;FGSG_09834,1,uncharacterized protein,GO:0015078;GO:0015986;GO:0016021;GO:0045263
FGSG_06037,8,0.4176166819852125,3.2798450503614394,FGSG_03546;FGSG_03548;FGSG_03894;FGSG_04458;FGSG_08601;FGSG_09012;FGSG_09834;FGSG_10347,1,uncharacterized protein,GO:0005886;GO:0005975;GO:0009277;GO:0016740;GO:0016787;GO:0031225
FGSG_11498,8,0.4235823209396685,3.2798056739435615,FGSG_02324;FGSG_02325;FGSG_02326;FGSG_02327;FGSG_02328;FGSG_02329;FGSG_02903;FGSG_11326,2,uncharacterized protein,GO:0004497;GO:0005506;GO:0008168;GO:0016021;GO:0016705;GO:0020037;GO:0032259;GO:0055114
FGSG_03651,8,0.4208620783965222,3.271087680331581,FGSG_02324;FGSG_02325;FGSG_02326;FGSG_02327;FGSG_02328;FGSG_02329;FGSG_02903;FGSG_11326,2,uncharacterized protein,GO:0003824;GO:0050662
FGSG_02510,8,0.4093522935062521,3.2383819146656063,FGSG_02324;FGSG_02325;FGSG_02326;FGSG_02327;FGSG_02328;FGSG_02329;FGSG_02903;FGSG_11326,2,uncharacterized protein,GO:0000799;GO:0003682;GO:0007076;GO:0007130;GO:0010032;GO:0051307;GO:0070058;GO:0070550
FGSG_13665,7,0.4609154684845767,3.1060575266695563,FGSG_02272;FGSG_02461;FGSG_03061;FGSG_03894;FGSG_05610;FGSG_08774;FGSG_09012,1,uncharacterized protein,GO:0003735;GO:0005840;GO:0006412;GO:0006417;GO:0019887;GO:0019901;GO:0033554;GO:0033674;GO:0043022;GO:0045859
FGSG_08727,7,0.45852190981199,3.097078428885871,FGSG_02271;FGSG_02272;FGSG_02461;FGSG_03061;FGSG_03894;FGSG_05610;FGSG_13136,1,uncharacterized protein,
FGSG_09499,7,0.4592083394002758,3.0852069710250296,FGSG_02272;FGSG_02461;FGSG_03061;FGSG_03894;FGSG_05610;FGSG_08774;FGSG_09012,1,uncharacterized protein,GO:0005096;GO:0005794;GO:0006888;GO:0006891;GO:0030136;GO:0043547
FGSG_06825,7,0.4570026677004236,3.0705923114759917,FGSG_02272;FGSG_02461;FGSG_03061;FGSG_03894;FGSG_05610;FGSG_09012;FGSG_09456,1,uncharacterized protein,GO:0000226;GO:0005524;GO:0005634;GO:0006457;GO:0009408;GO:0031072;GO:0046872;GO:0051082;GO:1900035
FGSG_12373,7,0.4537679983736544,3.0542573738141856,FGSG_02271;FGSG_02272;FGSG_02461;FGSG_03061;FGSG_03894;FGSG_05610;FGSG_13136,1,uncharacterized protein,GO:0016491;GO:0055114
FGSG_13478,7,0.4511401789240812,3.0514972880155833,FGSG_02272;FGSG_02461;FGSG_03061;FGSG_03894;FGSG_05610;FGSG_08774;FGSG_09012,1,uncharacterized protein,GO:0003676
FGSG_11311,7,0.4486863225099464,3.050819490398455,FGSG_02324;FGSG_02325;FGSG_02326;FGSG_02327;FGSG_02328;FGSG_02329;FGSG_11326,2,uncharacterized protein,
FGSG_10820,7,0.456757275108064,3.0453023448996004,FGSG_02272;FGSG_02461;FGSG_03061;FGSG_03894;FGSG_05610;FGSG_08774;FGSG_09012,1,uncharacterized protein,
FGSG_01087,7,0.4625736069157148,3.045049775286381,FGSG_00743;FGSG_02272;FGSG_02461;FGSG_03061;FGSG_03894;FGSG_05610;FGSG_08774,1,uncharacterized protein,
FGSG_01448,7,0.4464867934311223,3.042195412340992,FGSG_02272;FGSG_02461;FGSG_03061;FGSG_03894;FGSG_05610;FGSG_08774;FGSG_09012,1,uncharacterized protein,GO:0005310;GO:0006835;GO:0006839;GO:0016021;GO:0031966;GO:0055085
FGSG_01450,7,0.4488820212529476,3.04069178540012,FGSG_02324;FGSG_02325;FGSG_02326;FGSG_02327;FGSG_02328;FGSG_02329;FGSG_11326,2,uncharacterized protein,GO:0000166;GO:0005622;GO:0019722
FGSG_09667,7,0.45180483606244515,3.0400515287032657,FGSG_02272;FGSG_02461;FGSG_03061;FGSG_03894;FGSG_05610;FGSG_08774;FGSG_09012,1,uncharacterized protein,GO:0004583;GO:0005789;GO:0006488;GO:0016021
FGSG_01111,7,0.4605505530707824,3.039695691179608,FGSG_00743;FGSG_00765;FGSG_02272;FGSG_02461;FGSG_03061;FGSG_03894;FGSG_05610,1,6-phosphogluconate dehydrogenase,GO:0004616;GO:0005829;GO:0009051;GO:0050661;GO:0055114
FGSG_09568,7,0.4512309024886326,3.0391632648682356,FGSG_02271;FGSG_02272;FGSG_02461;FGSG_03061;FGSG_03894;FGSG_05610;FGSG_13136,1,uncharacterized protein,GO:0016021;GO:0055085
FGSG_00730,7,0.4483853694343112,3.0298613895241764,FGSG_02324;FGSG_02325;FGSG_02326;FGSG_02327;FGSG_02328;FGSG_02329;FGSG_11326,2,SYM1 protein,GO:0005743;GO:0006067;GO:0016021
FGSG_03813,7,0.4386156558998718,3.0267777588546805,FGSG_02324;FGSG_02325;FGSG_02326;FGSG_02327;FGSG_02328;FGSG_02329;FGSG_11326,2,alpha-N-arabinofuranosidase precursor,GO:0031221;GO:0046373;GO:0046556
FGSG_01603,7,0.4461960535135604,3.024584137657163,FGSG_02324;FGSG_02325;FGSG_02326;FGSG_02327;FGSG_02328;FGSG_02329;FGSG_11326,2,uncharacterized protein,GO:0016787
FGSG_01702,7,0.4504560705468735,3.02166417576327,FGSG_02271;FGSG_02272;FGSG_02461;FGSG_03061;FGSG_03894;FGSG_05610;FGSG_13136,1,uncharacterized protein,
FGSG_10895,7,0.4691392063218003,3.020442175907386,FGSG_00743;FGSG_02272;FGSG_02461;FGSG_03061;FGSG_03894;FGSG_05610;FGSG_08774,1,uncharacterized protein,GO:0000981;GO:0005634;GO:0006357;GO:0008270
FGSG_05653,7,0.4457004196219372,3.016484920560562,FGSG_02272;FGSG_02461;FGSG_03061;FGSG_03894;FGSG_05610;FGSG_08774;FGSG_09012,1,uncharacterized protein,GO:0016021
FGSG_04217,7,0.4475137231424489,3.012954516348094,FGSG_02321;FGSG_02326;FGSG_02327;FGSG_02328;FGSG_02329;FGSG_08083;FGSG_11326,2,uncharacterized protein,GO:0016021;GO:0055085
FGSG_13146,7,0.43433071727986433,3.008496061688655,FGSG_02324;FGSG_02325;FGSG_02326;FGSG_02327;FGSG_02328;FGSG_02329;FGSG_11326,2,uncharacterized protein,GO:0003700;GO:0006355;GO:0043565
FGSG_09029,7,0.4433358350733606,3.0081963163392587,FGSG_02324;FGSG_02325;FGSG_02326;FGSG_02327;FGSG_02328;FGSG_02329;FGSG_11326,2,uncharacterized protein,GO:0016491;GO:0055114
FGSG_12418,7,0.4460845728220795,3.007262545014064,FGSG_02271;FGSG_02272;FGSG_02461;FGSG_03061;FGSG_05610;FGSG_07075;FGSG_13136,1,uncharacterized protein,
FGSG_08643,7,0.4492120312383289,3.004750028455196,FGSG_00765;FGSG_02272;FGSG_02461;FGSG_03061;FGSG_03894;FGSG_05610;FGSG_08774,1,uncharacterized protein,GO:0005938
FGSG_09234,7,0.44989781728267286,3.003896233385553,FGSG_02272;FGSG_02461;FGSG_03061;FGSG_03894;FGSG_05610;FGSG_08774;FGSG_09012,1,NADH dehydrogenase iron-sulfur protein 3,GO:0008137;GO:0055114
FGSG_09121,7,0.43958845139988356,2.9990661958043616,FGSG_02324;FGSG_02325;FGSG_02326;FGSG_02327;FGSG_02328;FGSG_02329;FGSG_11326,2,uncharacterized protein,GO:0004499;GO:0050660;GO:0050661;GO:0055114
FGSG_13154,7,0.4565652879664888,2.997998817217881,FGSG_00743;FGSG_02272;FGSG_02461;FGSG_03061;FGSG_03894;FGSG_05610;FGSG_08774,1,uncharacterized protein,
FGSG_07509,7,0.4450960322544519,2.9978949167543174,FGSG_02324;FGSG_02325;FGSG_02326;FGSG_02327;FGSG_02328;FGSG_02329;FGSG_11326,2,uncharacterized protein,GO:0005215;GO:0016021;GO:0055085
FGSG_04913,7,0.4664031480062672,2.9961087762545064,FGSG_00743;FGSG_02272;FGSG_02461;FGSG_03061;FGSG_03894;FGSG_05610;FGSG_08774,1,uncharacterized protein,GO:0008422;GO:0030245;GO:0102483
FGSG_09781,7,0.44229063438251315,2.9958285665807405,FGSG_02271;FGSG_02272;FGSG_02461;FGSG_03061;FGSG_05610;FGSG_07075;FGSG_09456,1,uncharacterized protein,GO:0005739;GO:0016874
FGSG_12043,7,0.45051791316698697,2.9940612467002397,FGSG_02272;FGSG_02461;FGSG_03061;FGSG_03894;FGSG_05610;FGSG_08774;FGSG_09012,1,uncharacterized protein,GO:0003993;GO:0016021;GO:0016311
FGSG_10536,7,0.4408691875304097,2.9925442451039284,FGSG_02324;FGSG_02325;FGSG_02326;FGSG_02327;FGSG_02328;FGSG_02329;FGSG_11326,2,uncharacterized protein,GO:0000981;GO:0003677;GO:0005634;GO:0006351;GO:0006357;GO:0008270
FGSG_05658,7,0.4455951647641568,2.9907209962794874,FGSG_00330;FGSG_03546;FGSG_03548;FGSG_04458;FGSG_04589;FGSG_08601;FGSG_10347,1,homoserine O-acetyltransferase,GO:0004414;GO:0005737;GO:0009086;GO:0009092
FGSG_12712,7,0.4585833420797307,2.9899617240577308,FGSG_00743;FGSG_02272;FGSG_02461;FGSG_03061;FGSG_03894;FGSG_05610;FGSG_08774,1,uncharacterized protein,GO:0000723;GO:0000784;GO:0000981;GO:0003684;GO:0004003;GO:0006303;GO:0006357;GO:0008270;GO:0032508;GO:0042162;GO:0043564
FGSG_01632,7,0.4621372042345157,2.989466215615355,FGSG_02272;FGSG_02461;FGSG_03061;FGSG_03894;FGSG_05610;FGSG_08774;FGSG_09012,1,uncharacterized protein,
FGSG_09123,7,0.4414177908691528,2.9888557210053412,FGSG_02321;FGSG_02326;FGSG_02327;FGSG_02328;FGSG_02329;FGSG_08083;FGSG_11326,2,uncharacterized protein,GO:0000981;GO:0003677;GO:0005634;GO:0006351;GO:0006357;GO:0008270;GO:0016021
FGSG_09225,7,0.4349288424478755,2.9886453943695184,FGSG_02324;FGSG_02325;FGSG_02326;FGSG_02327;FGSG_02328;FGSG_02329;FGSG_11326,2,uncharacterized protein,GO:0000981;GO:0003677;GO:0005634;GO:0006351;GO:0006357;GO:0008270
FGSG_01249,7,0.44116438638199423,2.987625113556757,FGSG_02324;FGSG_02325;FGSG_02326;FGSG_02327;FGSG_02328;FGSG_02329;FGSG_11326,2,uncharacterized protein,GO:0005829
FGSG_05077,7,0.44051905076037856,2.9874755786455878,FGSG_02326;FGSG_02327;FGSG_02328;FGSG_02329;FGSG_08083;FGSG_11326;FGSG_13952,2,uncharacterized protein,GO:0003824;GO:0016021;GO:0030151;GO:0030170
FGSG_00840,7,0.4405238232064662,2.984510290578827,FGSG_02271;FGSG_02272;FGSG_02461;FGSG_03061;FGSG_03894;FGSG_05610;FGSG_13136,1,uncharacterized protein,GO:0005739;GO:0006066;GO:0009437;GO:0016746
FGSG_12001,7,0.44178019690157105,2.984132671088009,FGSG_02271;FGSG_02272;FGSG_02461;FGSG_03061;FGSG_03894;FGSG_05610;FGSG_13136,1,uncharacterized protein,
FGSG_11449,7,0.44078977974133876,2.983626134839776,FGSG_01866;FGSG_02326;FGSG_02327;FGSG_02328;FGSG_02329;FGSG_08083;FGSG_13952,2,uncharacterized protein,GO:0016021
FGSG_00012,7,0.44043368991456416,2.982375882939864,FGSG_02324;FGSG_02325;FGSG_02326;FGSG_02327;FGSG_02328;FGSG_02329;FGSG_11326,2,uncharacterized protein,GO:0004497;GO:0005506;GO:0016021;GO:0016705;GO:0020037;GO:0055114
FGSG_03286,7,0.4469171673418667,2.9818556199240858,FGSG_00330;FGSG_03546;FGSG_03548;FGSG_04458;FGSG_04589;FGSG_08601;FGSG_10347,1,uncharacterized protein,GO:0006480;GO:0008168;GO:0016787
FGSG_01521,7,0.46246008715826226,2.981673414265684,FGSG_00743;FGSG_02272;FGSG_02461;FGSG_03061;FGSG_03894;FGSG_05610;FGSG_08774,1,uncharacterized protein,GO:0008152;GO:0016021;GO:0016787
FGSG_02145,7,0.45140582101981624,2.981578663662342,FGSG_00743;FGSG_02272;FGSG_02461;FGSG_03061;FGSG_03894;FGSG_05610;FGSG_09012,1,high-affinity methionine permease,GO:0003333;GO:0015171;GO:0016021;GO:0042883;GO:0044690
FGSG_01472,7,0.44746064343653014,2.9809781106574187,FGSG_00330;FGSG_03546;FGSG_03548;FGSG_04458;FGSG_04589;FGSG_08601;FGSG_10347,1,uncharacterized protein,
FGSG_12117,7,0.43689635073289795,2.980820419026259,FGSG_02324;FGSG_02325;FGSG_02326;FGSG_02327;FGSG_02328;FGSG_02329;FGSG_11326,2,uncharacterized protein,GO:0000981;GO:0003677;GO:0005634;GO:0006351;GO:0006357;GO:0008270
FGSG_04824,7,0.4578370040080676,2.9802136841869027,FGSG_00743;FGSG_03894;FGSG_04589;FGSG_05610;FGSG_08774;FGSG_10922;FGSG_12180,1,uncharacterized protein,
FGSG_06542,7,0.43701108786833304,2.979809363077619,FGSG_02324;FGSG_02325;FGSG_02326;FGSG_02327;FGSG_02328;FGSG_02329;FGSG_11326,2,palmitoyltransferase AKR1,GO:0000139;GO:0008270;GO:0016021;GO:0019706;GO:0031901
FGSG_03591,7,0.44306699869042143,2.978451081773891,FGSG_00007;FGSG_03539;FGSG_03842;FGSG_08081;FGSG_08082;FGSG_08083;FGSG_13952,2,42 kDa endochitinase precursor,GO:0000272;GO:0004568;GO:0005576;GO:0006032
FGSG_13725,7,0.45692373877148834,2.978222146198928,FGSG_00743;FGSG_00765;FGSG_02272;FGSG_02461;FGSG_03061;FGSG_03894;FGSG_05610,1,spermidine synthase,GO:0005829;GO:0006595;GO:0016740
FGSG_09088,7,0.432310663953986,2.977596631431842,FGSG_02324;FGSG_02325;FGSG_02326;FGSG_02327;FGSG_02328;FGSG_02329;FGSG_11326,2,uncharacterized protein,
FGSG_06607,7,0.4465686533989951,2.975905157321031,FGSG_02272;FGSG_02461;FGSG_03061;FGSG_03894;FGSG_05610;FGSG_08774;FGSG_09012,1,uncharacterized protein,GO:0005048;GO:0005770;GO:0005794;GO:0007034;GO:0016021
FGSG_11483,7,0.4302067230708565,2.97545106627482,FGSG_02324;FGSG_02325;FGSG_02326;FGSG_02327;FGSG_02328;FGSG_02329;FGSG_11326,2,uncharacterized protein,
FGSG_02065,7,0.45353080451134,2.974751443079998,FGSG_00765;FGSG_02272;FGSG_02461;FGSG_03061;FGSG_03894;FGSG_05610;FGSG_08774,1,uncharacterized protein,
FGSG_02410,7,0.4358100260086505,2.9735594502786062,FGSG_02324;FGSG_02325;FGSG_02326;FGSG_02327;FGSG_02328;FGSG_02329;FGSG_11326,2,uncharacterized protein,GO:0000981;GO:0005634;GO:0006357;GO:0008270
FGSG_05186,7,0.4384458451085757,2.9731943726529906,FGSG_02324;FGSG_02325;FGSG_02326;FGSG_02327;FGSG_02328;FGSG_02329;FGSG_11326,2,uncharacterized protein,
FGSG_11978,7,0.4626147776417171,2.9684553161762266,FGSG_00743;FGSG_02272;FGSG_02461;FGSG_03061;FGSG_03894;FGSG_05610;FGSG_08774,1,uncharacterized protein,
FGSG_02138,7,0.44781109887053416,2.96775820645929,FGSG_00743;FGSG_02272;FGSG_03061;FGSG_03894;FGSG_04458;FGSG_05610;FGSG_08712,1,uncharacterized protein,GO:0004497;GO:0005506;GO:0016705;GO:0020037;GO:0055114
FGSG_03391,7,0.44130124614259914,2.967527889724596,FGSG_01866;FGSG_02326;FGSG_02327;FGSG_02328;FGSG_02329;FGSG_08083;FGSG_13952,2,uncharacterized protein,GO:0006520;GO:0016831;GO:0030170
FGSG_09765,7,0.4433574334541568,2.9664542455024088,FGSG_00743;FGSG_00765;FGSG_02272;FGSG_02461;FGSG_03061;FGSG_03894;FGSG_05610,1,uncharacterized protein,
FGSG_11193,7,0.43674042811202113,2.9660901278956637,FGSG_00743;FGSG_01422;FGSG_02272;FGSG_02461;FGSG_03061;FGSG_03894;FGSG_05610,1,uncharacterized protein,GO:0045151;GO:0047605
FGSG_05674,7,0.447654565260214,2.9630181355184675,FGSG_00007;FGSG_02327;FGSG_03539;FGSG_03842;FGSG_08082;FGSG_08083;FGSG_13952,2,uncharacterized protein,GO:0016021
FGSG_03916,7,0.43614713057372245,2.962790774794767,FGSG_02271;FGSG_02272;FGSG_02461;FGSG_03061;FGSG_03894;FGSG_05610;FGSG_13136,1,rds1 protein,
FGSG_09920,7,0.44018442680242464,2.9625882434683555,FGSG_02271;FGSG_02272;FGSG_02461;FGSG_03061;FGSG_03894;FGSG_05610;FGSG_13136,1,uncharacterized protein,GO:0005739;GO:0005811;GO:0008889;GO:0016021;GO:0034478;GO:0034479
FGSG_01392,7,0.45762624158079646,2.9618907424620193,FGSG_00743;FGSG_03894;FGSG_04589;FGSG_05610;FGSG_08774;FGSG_10922;FGSG_12180,1,homoisocitrate dehydrogenase,GO:0000287;GO:0005739;GO:0009085;GO:0047046;GO:0051287;GO:0055114
FGSG_12342,7,0.4375923499212869,2.961511115722062,FGSG_02324;FGSG_02325;FGSG_02326;FGSG_02327;FGSG_02328;FGSG_02329;FGSG_11326,2,uncharacterized protein,GO:0003333;GO:0004497;GO:0005506;GO:0015171;GO:0016021;GO:0016705;GO:0020037;GO:0055114
FGSG_10989,7,0.4407846407858764,2.9614334109260314,FGSG_02272;FGSG_02461;FGSG_03061;FGSG_03894;FGSG_05610;FGSG_08774;FGSG_09012,1,uncharacterized protein,
FGSG_03808,7,0.4347735604324941,2.9609262091772184,FGSG_02324;FGSG_02325;FGSG_02326;FGSG_02327;FGSG_02328;FGSG_02329;FGSG_11326,2,uncharacterized protein,GO:0003333;GO:0008152;GO:0015171;GO:0016021;GO:0016787
FGSG_09712,7,0.46739134526455134,2.960351345784618,FGSG_00743;FGSG_03061;FGSG_03894;FGSG_05610;FGSG_08774;FGSG_10922;FGSG_12180,1,uncharacterized protein,GO:0000139;GO:0005096;GO:0005793;GO:0006888;GO:0006890;GO:0030126;GO:0043547;GO:0048205
FGSG_04745,7,0.44099784822902816,2.959218775239551,FGSG_02077;FGSG_02325;FGSG_02326;FGSG_02327;FGSG_02328;FGSG_02329;FGSG_11326,2,uncharacterized protein,
FGSG_13731,7,0.46563097240712026,2.9564202340259844,FGSG_00743;FGSG_02272;FGSG_03061;FGSG_03894;FGSG_05610;FGSG_08774;FGSG_10922,1,TBC1 domain family member 22A,GO:0005634;GO:0005739;GO:0005794;GO:0005829;GO:0016192
FGSG_12690,7,0.4388369043486096,2.955439677542273,FGSG_02325;FGSG_02326;FGSG_02327;FGSG_02328;FGSG_02329;FGSG_08083;FGSG_11326,2,uncharacterized protein,
FGSG_12387,7,0.4354409834282646,2.9553387151277835,FGSG_02324;FGSG_02325;FGSG_02326;FGSG_02327;FGSG_02328;FGSG_02329;FGSG_11326,2,uncharacterized protein,
FGSG_09726,7,0.4368689953726726,2.954371800079712,FGSG_02271;FGSG_02272;FGSG_02461;FGSG_03061;FGSG_03894;FGSG_05610;FGSG_13136,1,uncharacterized protein,GO:0000981;GO:0005634;GO:0006357;GO:0008270
FGSG_08023,7,0.43467701859414976,2.951688195101784,FGSG_01866;FGSG_02326;FGSG_02327;FGSG_02328;FGSG_02329;FGSG_08083;FGSG_13952,2,uncharacterized protein,GO:0004497;GO:0005506;GO:0016021;GO:0016705;GO:0020037;GO:0055114
FGSG_11305,7,0.4328642642535301,2.9510677007010124,FGSG_02324;FGSG_02325;FGSG_02326;FGSG_02327;FGSG_02328;FGSG_02329;FGSG_11326,2,uncharacterized protein,GO:0005739;GO:0005768;GO:0005811;GO:0005829;GO:0008526;GO:0015914;GO:0030433;GO:0031505;GO:0043001;GO:0045717;GO:0046488;GO:1901352;GO:2001247
FGSG_04827,7,0.44809005414715053,2.9509733897336865,FGSG_00007;FGSG_02327;FGSG_03539;FGSG_03842;FGSG_08082;FGSG_08083;FGSG_13952,2,uncharacterized protein,GO:0016021;GO:0055085
FGSG_11337,7,0.4287608134506219,2.9497627710988366,FGSG_02324;FGSG_02325;FGSG_02326;FGSG_02327;FGSG_02328;FGSG_02329;FGSG_11326,2,ribokinase,GO:0004747;GO:0006014;GO:0046835
FGSG_02052,7,0.44172986389826874,2.9496911778799673,FGSG_00743;FGSG_02272;FGSG_03061;FGSG_03894;FGSG_04589;FGSG_05610;FGSG_08712,1,uncharacterized protein,
FGSG_04016,7,0.4327165128314066,2.9495300343173314,FGSG_02324;FGSG_02325;FGSG_02326;FGSG_02327;FGSG_02328;FGSG_02329;FGSG_11326,2,uncharacterized protein,GO:0005634;GO:0005829;GO:0016787
FGSG_02702,7,0.4456450598065987,2.949017185930104,FGSG_00765;FGSG_02272;FGSG_02461;FGSG_03061;FGSG_03894;FGSG_05610;FGSG_08774,1,uncharacterized protein,GO:0000294;GO:0004521;GO:0005634;GO:0005829;GO:0032790;GO:0043022;GO:0046872;GO:0070317;GO:0070481;GO:0070651;GO:0070966;GO:0071025;GO:0090502
FGSG_06672,7,0.4510752577185169,2.947592266965996,FGSG_00743;FGSG_02272;FGSG_03061;FGSG_03894;FGSG_04589;FGSG_05610;FGSG_12180,1,uncharacterized protein,
FGSG_01494,7,0.43454092382194304,2.946775470886897,FGSG_02324;FGSG_02325;FGSG_02326;FGSG_02327;FGSG_02328;FGSG_02329;FGSG_11326,2,uncharacterized protein,
FGSG_07873,7,0.46149767581964424,2.9467684526902405,FGSG_00743;FGSG_00765;FGSG_02272;FGSG_02461;FGSG_03894;FGSG_05610;FGSG_08774,1,uncharacterized protein,GO:0000329;GO:0005783;GO:0006511;GO:0006623;GO:0016021;GO:0030001
FGSG_06197,7,0.45492417815282216,2.945759287718352,FGSG_00743;FGSG_03894;FGSG_04589;FGSG_05610;FGSG_08774;FGSG_10922;FGSG_12180,1,uncharacterized protein,GO:0008483
FGSG_02485,7,0.4437465540082792,2.9454708799010842,FGSG_02272;FGSG_02461;FGSG_03061;FGSG_03894;FGSG_05610;FGSG_08774;FGSG_09012,1,uncharacterized protein,GO:0006541;GO:0006725;GO:0008198;GO:0008270;GO:0016701;GO:0016740;GO:0051213;GO:0055114
FGSG_11892,7,0.43340611085674574,2.944055119295886,FGSG_00330;FGSG_03546;FGSG_03548;FGSG_04458;FGSG_08601;FGSG_09834;FGSG_10347,1,uncharacterized protein,GO:0016021;GO:0030001;GO:0046873;GO:0055085
FGSG_12138,7,0.4481532120302737,2.9435317433397867,FGSG_00765;FGSG_02272;FGSG_02461;FGSG_03061;FGSG_03894;FGSG_05610;FGSG_08774,1,uncharacterized protein,GO:0016021
FGSG_01986,7,0.435669681556122,2.9433399877162394,FGSG_02324;FGSG_02325;FGSG_02326;FGSG_02327;FGSG_02328;FGSG_02329;FGSG_11326,2,uncharacterized protein,GO:0016021;GO:0055085
FGSG_10807,7,0.4631535069645998,2.9412228668616596,FGSG_00743;FGSG_03747;FGSG_03894;FGSG_05610;FGSG_08493;FGSG_08774;FGSG_10922,1,uncharacterized protein,GO:0016021;GO:0016491;GO:0055114
FGSG_09531,7,0.4682745250566263,2.9389980973471466,FGSG_00743;FGSG_02272;FGSG_02461;FGSG_03894;FGSG_05610;FGSG_08774;FGSG_10922,1,uncharacterized protein,GO:0003735;GO:0003924;GO:0005200;GO:0005525;GO:0005634;GO:0005762;GO:0005874;GO:0007017;GO:0019843;GO:0032543
FGSG_01147,7,0.4344446354369287,2.938814491570261,FGSG_03546;FGSG_03548;FGSG_04458;FGSG_08601;FGSG_09456;FGSG_09834;FGSG_10347,1,uncharacterized protein,GO:0000981;GO:0005634;GO:0006357;GO:0008270
FGSG_03985,7,0.43742758249071284,2.9387503978454,FGSG_00330;FGSG_03546;FGSG_03547;FGSG_03548;FGSG_04458;FGSG_08601;FGSG_10347,1,uncharacterized protein,GO:0000329;GO:0003333;GO:0005789;GO:0005887;GO:0006631;GO:0006970;GO:0015171;GO:0015203;GO:0015226;GO:1902047;GO:1902269;GO:1902274;GO:1902603
FGSG_05659,7,0.43811066138028415,2.937801004935041,FGSG_00743;FGSG_03894;FGSG_04458;FGSG_04589;FGSG_08601;FGSG_10347;FGSG_12180,1,uncharacterized protein,GO:0005315;GO:0006817;GO:0016021;GO:0055085
FGSG_09892,7,0.43825369457862845,2.9373992960723836,FGSG_00330;FGSG_03546;FGSG_03547;FGSG_03548;FGSG_04458;FGSG_08601;FGSG_10347,1,uncharacterized protein,GO:0005829;GO:0005847;GO:0006378;GO:0006379;GO:0008270;GO:0016567;GO:0036002
FGSG_01653,7,0.4405027388587017,2.9360412721986626,FGSG_02272;FGSG_02461;FGSG_03061;FGSG_03894;FGSG_05610;FGSG_08774;FGSG_09012,1,uncharacterized protein,GO:0003735;GO:0005763;GO:0032543
FGSG_09019,7,0.43013202177510496,2.9339024124927766,FGSG_02320;FGSG_02326;FGSG_02327;FGSG_02328;FGSG_02329;FGSG_08078;FGSG_12211,2,uncharacterized protein,GO:0000105;GO:0000978;GO:0001077;GO:0005634;GO:0005829;GO:0006338;GO:0006366;GO:0009113;GO:0043388;GO:0045937;GO:0045944
FGSG_10935,7,0.43570823509831974,2.9334036737520015,FGSG_02271;FGSG_02272;FGSG_02461;FGSG_03061;FGSG_05610;FGSG_07075;FGSG_07528,1,uncharacterized protein,GO:0000329;GO:0005524;GO:0016021;GO:0016887
FGSG_02251,7,0.4389040184478323,2.9324711605973204,FGSG_00007;FGSG_01866;FGSG_02326;FGSG_02327;FGSG_03842;FGSG_08083;FGSG_13952,2,uncharacterized protein,GO:0003824;GO:0008152
FGSG_06061,7,0.43793139076481025,2.930669427032253,FGSG_03546;FGSG_03548;FGSG_03992;FGSG_04458;FGSG_09280;FGSG_09456;FGSG_09834,1,uncharacterized protein,GO:0005887;GO:0015088;GO:0015677;GO:0035434
FGSG_12997,7,0.4462075717156299,2.929084960376149,FGSG_02272;FGSG_02461;FGSG_03061;FGSG_03894;FGSG_05610;FGSG_08774;FGSG_09012,1,uncharacterized protein,GO:0003735;GO:0005762;GO:0032543
FGSG_02211,7,0.4457888054974305,2.9288590059140356,FGSG_00007;FGSG_01866;FGSG_02327;FGSG_03532;FGSG_03881;FGSG_08083;FGSG_13952,2,uncharacterized protein,
FGSG_10417,7,0.4426577439122994,2.9281346159545834,FGSG_00007;FGSG_03532;FGSG_03539;FGSG_03842;FGSG_08081;FGSG_08083;FGSG_13952,2,uncharacterized protein,GO:0005623;GO:0006662;GO:0015035;GO:0045454;GO:0055114
FGSG_03326,7,0.4330582408294227,2.9280437604942855,FGSG_02272;FGSG_02461;FGSG_03061;FGSG_03894;FGSG_05610;FGSG_08774;FGSG_09012,1,uncharacterized protein,
FGSG_08377,7,0.45178025007109196,2.927940259440534,FGSG_00743;FGSG_00765;FGSG_02272;FGSG_03061;FGSG_03894;FGSG_05610;FGSG_08774,1,uncharacterized protein,GO:0004497;GO:0005506;GO:0016021;GO:0016705;GO:0020037;GO:0055114
FGSG_13975,7,0.4398233729798402,2.9270777251936257,FGSG_02324;FGSG_02325;FGSG_02326;FGSG_02327;FGSG_02328;FGSG_02329;FGSG_11326,2,uncharacterized protein,GO:0016787
FGSG_03920,7,0.4312170811028062,2.9264159233856937,FGSG_02324;FGSG_02325;FGSG_02326;FGSG_02327;FGSG_02328;FGSG_02329;FGSG_11326,2,uncharacterized protein,GO:0005506;GO:0016021;GO:0016705;GO:0020037;GO:0022891;GO:0055085;GO:0055114
FGSG_02087,7,0.4318511410107855,2.9254415021966524,FGSG_00007;FGSG_03539;FGSG_03842;FGSG_08081;FGSG_08082;FGSG_08083;FGSG_13952,2,uncharacterized protein,GO:0016491;GO:0055114
FGSG_04339,7,0.45217917639338023,2.9248410330149164,FGSG_02272;FGSG_02461;FGSG_03061;FGSG_03894;FGSG_05610;FGSG_08774;FGSG_09012,1,uncharacterized protein,GO:0005634;GO:0005829;GO:0006886;GO:0016021;GO:0016192;GO:0030897;GO:0031932;GO:0097576
FGSG_01095,7,0.4297227430830756,2.924708580989928,FGSG_02320;FGSG_02326;FGSG_02327;FGSG_02328;FGSG_02329;FGSG_08078;FGSG_12211,2,uncharacterized protein,GO:0006508;GO:0008236
FGSG_10656,7,0.43169018172595136,2.923956453291783,FGSG_02324;FGSG_02325;FGSG_02326;FGSG_02327;FGSG_02328;FGSG_03842;FGSG_13952,2,uncharacterized protein,
FGSG_06745,7,0.4271599121892162,2.923266165864586,FGSG_02324;FGSG_02326;FGSG_02327;FGSG_02328;FGSG_02329;FGSG_11326;FGSG_13952,2,uncharacterized protein,
FGSG_03500,7,0.4432819282610257,2.921807083528662,FGSG_00007;FGSG_01866;FGSG_02327;FGSG_03532;FGSG_08081;FGSG_08083;FGSG_13952,2,uncharacterized protein,GO:0009401;GO:0016021
FGSG_09063,7,0.4374933621398657,2.919455047228547,FGSG_00007;FGSG_01866;FGSG_03532;FGSG_03881;FGSG_08081;FGSG_08083;FGSG_13952,2,uncharacterized protein,GO:0004497;GO:0016021;GO:0055114;GO:0071949
FGSG_12754,7,0.4348637961651641,2.918851095303242,FGSG_00007;FGSG_01866;FGSG_03539;FGSG_03842;FGSG_08081;FGSG_08083;FGSG_13952,2,uncharacterized protein,
FGSG_03847,7,0.43638958234847247,2.9181827086853973,FGSG_02272;FGSG_02461;FGSG_03061;FGSG_03894;FGSG_05610;FGSG_08774;FGSG_09012,1,uncharacterized protein,GO:0005739;GO:0016021
FGSG_01769,7,0.42984545389544954,2.917256607930629,FGSG_02326;FGSG_02327;FGSG_02328;FGSG_02329;FGSG_08083;FGSG_11326;FGSG_13952,2,uncharacterized protein,
FGSG_06509,7,0.425240798931433,2.9163083441700746,FGSG_02324;FGSG_02325;FGSG_02326;FGSG_02327;FGSG_02328;FGSG_02329;FGSG_11326,2,PNS1 protein,GO:0005886;GO:0006810;GO:0016021
FGSG_01099,7,0.43705572361095985,2.9159798977292533,FGSG_02272;FGSG_02461;FGSG_03061;FGSG_03894;FGSG_05610;FGSG_09012;FGSG_09456,1,GTP-binding nuclear protein GSP1/Ran,GO:0003924;GO:0005525;GO:0005634;GO:0005829;GO:0007264;GO:0010972;GO:0016973
FGSG_04375,7,0.460377744349919,2.915343767262804,FGSG_00743;FGSG_00765;FGSG_02272;FGSG_02461;FGSG_03894;FGSG_05610;FGSG_08774,1,uncharacterized protein,GO:0004252;GO:0006508
FGSG_10299,7,0.42349392187890705,2.9142947320323502,FGSG_02272;FGSG_02461;FGSG_03061;FGSG_03894;FGSG_05610;FGSG_09012;FGSG_09456,1,uncharacterized protein,GO:0005634;GO:0016573;GO:0017198;GO:0018002;GO:0022626;GO:0031415;GO:1990189;GO:1990190
FGSG_00729,7,0.442420712261123,2.910310099314791,FGSG_00007;FGSG_01866;FGSG_02327;FGSG_03532;FGSG_03881;FGSG_08083;FGSG_13952,2,uncharacterized protein,
FGSG_00812,7,0.4293441293010272,2.9073406461843554,FGSG_02324;FGSG_02325;FGSG_02326;FGSG_02327;FGSG_02328;FGSG_02329;FGSG_08083,2,uncharacterized protein,GO:0016021
FGSG_02292,7,0.433472550773347,2.907031327539162,FGSG_02324;FGSG_02325;FGSG_02326;FGSG_02327;FGSG_02328;FGSG_02329;FGSG_11326,2,uncharacterized protein,GO:0016021;GO:0022891;GO:0055085
FGSG_05394,7,0.43342110554485663,2.906258454489401,FGSG_00743;FGSG_03894;FGSG_04458;FGSG_04589;FGSG_08601;FGSG_10347;FGSG_12180,1,uncharacterized protein,GO:0005743;GO:0006461;GO:0007007;GO:0008654;GO:0031307;GO:0035965;GO:0042775;GO:0047184
FGSG_10767,7,0.43850201999566335,2.9059918562727813,FGSG_00007;FGSG_01866;FGSG_03532;FGSG_03881;FGSG_08081;FGSG_08083;FGSG_13952,2,uncharacterized protein,GO:0005524
FGSG_06267,7,0.4298347943392436,2.905373431666229,FGSG_02272;FGSG_02461;FGSG_03061;FGSG_03894;FGSG_05610;FGSG_09012;FGSG_09456,1,uncharacterized protein,GO:0016021
FGSG_08064,7,0.4246751366015622,2.905354770846393,FGSG_02324;FGSG_02325;FGSG_02326;FGSG_02327;FGSG_02328;FGSG_02329;FGSG_11326,2,uncharacterized protein,GO:0000981;GO:0003677;GO:0005634;GO:0006351;GO:0006357;GO:0008270
FGSG_09204,7,0.4344735496583807,2.903873721769198,FGSG_00007;FGSG_01866;FGSG_03532;FGSG_03539;FGSG_08081;FGSG_08083;FGSG_13952,2,metacaspase-1 precursor,GO:0004198;GO:0005634;GO:0005829;GO:0006515;GO:0006915;GO:0043065
FGSG_11090,7,0.4323857912270682,2.9025777656143976,FGSG_00007;FGSG_01866;FGSG_02326;FGSG_02327;FGSG_03842;FGSG_08083;FGSG_13952,2,uncharacterized protein,GO:0003824;GO:0009058
FGSG_13754,7,0.4285365198328247,2.901004922768224,FGSG_00330;FGSG_03546;FGSG_03548;FGSG_04458;FGSG_08601;FGSG_09834;FGSG_10347,1,uncharacterized protein,
FGSG_09301,7,0.4308441694761873,2.9008275937969104,FGSG_00007;FGSG_03539;FGSG_03842;FGSG_08081;FGSG_08082;FGSG_08083;FGSG_13952,2,uncharacterized protein,GO:0008080
FGSG_04186,7,0.42383138879148524,2.900402939794311,FGSG_02324;FGSG_02325;FGSG_02326;FGSG_02327;FGSG_02328;FGSG_02329;FGSG_11326,2,uncharacterized protein,GO:0008374;GO:0044255
FGSG_00681,7,0.4274961821420579,2.898930806025378,FGSG_02321;FGSG_02324;FGSG_02325;FGSG_02326;FGSG_02327;FGSG_02328;FGSG_02329,2,uncharacterized protein,
FGSG_05471,7,0.4359684833616825,2.8984882604047986,FGSG_02324;FGSG_02325;FGSG_02326;FGSG_02327;FGSG_02328;FGSG_02903;FGSG_11326,2,uncharacterized protein,GO:0004190;GO:0006508;GO:0016021
FGSG_00879,7,0.43584315416098973,2.8982320479085693,FGSG_00007;FGSG_01866;FGSG_02326;FGSG_02327;FGSG_03881;FGSG_08083;FGSG_13952,2,uncharacterized protein,
FGSG_07087,7,0.4524829646594562,2.896843584740906,FGSG_00743;FGSG_03894;FGSG_04589;FGSG_05610;FGSG_08774;FGSG_10922;FGSG_12180,1,uncharacterized protein,GO:0000436;GO:0006366;GO:0016602;GO:0043457;GO:0043565;GO:0046982
FGSG_02834,7,0.42154951994177764,2.895974565979468,FGSG_01866;FGSG_02326;FGSG_02327;FGSG_02328;FGSG_02329;FGSG_08083;FGSG_13952,2,uncharacterized protein,GO:0004553;GO:0005975
FGSG_01250,7,0.4261136066089582,2.895812566483578,FGSG_02320;FGSG_02326;FGSG_02327;FGSG_02328;FGSG_02329;FGSG_08078;FGSG_12211,2,uncharacterized protein,GO:0005975;GO:0009277
FGSG_12275,7,0.4222737695818608,2.8947098243229803,FGSG_02324;FGSG_02325;FGSG_02326;FGSG_02327;FGSG_02328;FGSG_02329;FGSG_11326,2,uncharacterized protein,GO:0000724;GO:0003688;GO:0005524;GO:0005656;GO:0005664;GO:0006267;GO:0006270;GO:0030466;GO:0031261;GO:0031297;GO:0031938
FGSG_05335,7,0.42258003715081693,2.893546700339638,FGSG_00007;FGSG_03539;FGSG_03842;FGSG_08081;FGSG_08082;FGSG_08083;FGSG_13952,2,uncharacterized protein,GO:0006520;GO:0016829
FGSG_02986,7,0.4342600440345674,2.8912949081365613,FGSG_00743;FGSG_00765;FGSG_02272;FGSG_02461;FGSG_03061;FGSG_03894;FGSG_05610,1,uncharacterized protein,GO:0016021
FGSG_01387,7,0.4250307109733841,2.8903544188245176,FGSG_03546;FGSG_03548;FGSG_03894;FGSG_04458;FGSG_08601;FGSG_09834;FGSG_10347,1,uncharacterized protein,
FGSG_06959,7,0.4249730006968726,2.8901976773440143,FGSG_02324;FGSG_02325;FGSG_02326;FGSG_02327;FGSG_02328;FGSG_02329;FGSG_10670,2,serine/threonine-protein kinase 6,GO:0000281;GO:0000778;GO:0004674;GO:0005524;GO:0005828;GO:0007034;GO:0007094;GO:0008608;GO:0032133;GO:0032465;GO:0034501;GO:0034503;GO:0044774;GO:0045143;GO:0045144;GO:0051228;GO:0090232;GO:0098783;GO:1901925;GO:1990023;GO:2000775
FGSG_12469,7,0.4253065391805384,2.8898316285127197,FGSG_02271;FGSG_02272;FGSG_03061;FGSG_07075;FGSG_07528;FGSG_09456;FGSG_09834,1,uncharacterized protein,
FGSG_10451,7,0.4204615542777037,2.8888469800498866,FGSG_02324;FGSG_02325;FGSG_02326;FGSG_02327;FGSG_02328;FGSG_02329;FGSG_11326,2,benzoate 4-monooxygenase,GO:0004497;GO:0005506;GO:0016021;GO:0016705;GO:0020037;GO:0055114
FGSG_06236,7,0.4383564691973687,2.888303624218888,FGSG_00007;FGSG_01866;FGSG_02326;FGSG_02327;FGSG_03532;FGSG_08083;FGSG_13952,2,uncharacterized protein,
FGSG_08062,7,0.4386841646091744,2.887963444921158,FGSG_00007;FGSG_01866;FGSG_02327;FGSG_03532;FGSG_03881;FGSG_08083;FGSG_13952,2,uncharacterized protein,GO:0016491;GO:0055114
FGSG_03482,7,0.44481812644767205,2.8869338269932703,FGSG_02272;FGSG_02461;FGSG_03061;FGSG_03894;FGSG_05610;FGSG_08774;FGSG_09012,1,uncharacterized protein,GO:0008080
FGSG_11686,7,0.42026020476385295,2.8864657498665376,FGSG_02324;FGSG_02325;FGSG_02326;FGSG_02327;FGSG_02328;FGSG_02329;FGSG_11326,2,uncharacterized protein,GO:0000981;GO:0005634;GO:0006357;GO:0008270
FGSG_02723,7,0.4224999790770803,2.8859265201424282,FGSG_01866;FGSG_02326;FGSG_02327;FGSG_02328;FGSG_02329;FGSG_08083;FGSG_13952,2,uncharacterized protein,GO:0016021
FGSG_00424,7,0.4211076721811724,2.885273025074534,FGSG_01866;FGSG_02326;FGSG_02327;FGSG_02328;FGSG_02329;FGSG_03532;FGSG_08083,2,uncharacterized protein,
FGSG_02116,7,0.4280304087476752,2.883345711774481,FGSG_00007;FGSG_03539;FGSG_03842;FGSG_08081;FGSG_08082;FGSG_08083;FGSG_13952,2,uncharacterized protein,GO:0016021
FGSG_06012,7,0.43053690381005816,2.8831359845007936,FGSG_02324;FGSG_02325;FGSG_02326;FGSG_02327;FGSG_02328;FGSG_03842;FGSG_11326,2,uncharacterized protein,GO:0005325;GO:0005524;GO:0005779;GO:0006635;GO:0015910;GO:0042626;GO:0042758;GO:0042760;GO:1902001
FGSG_10966,7,0.43287598618353207,2.8826121683443264,FGSG_01866;FGSG_02326;FGSG_02327;FGSG_02328;FGSG_02329;FGSG_08083;FGSG_13952,2,uncharacterized protein,GO:0016740
FGSG_02699,7,0.4227304779004462,2.8818531006396553,FGSG_03546;FGSG_03548;FGSG_03894;FGSG_04458;FGSG_04589;FGSG_08601;FGSG_10347,1,uncharacterized protein,GO:0016021
FGSG_11176,7,0.4316521697457862,2.879016767577681,FGSG_02324;FGSG_02325;FGSG_02326;FGSG_02327;FGSG_02328;FGSG_03842;FGSG_11326,2,uncharacterized protein,
FGSG_05197,7,0.4263092597955228,2.8761649784615586,FGSG_00330;FGSG_03546;FGSG_03548;FGSG_03992;FGSG_04458;FGSG_09834;FGSG_10347,1,uncharacterized protein,GO:0008137;GO:0009055;GO:0016020;GO:0042773;GO:0051536
FGSG_09611,7,0.42093174307985076,2.8756358363557597,FGSG_03546;FGSG_03548;FGSG_03894;FGSG_04458;FGSG_04589;FGSG_08601;FGSG_10347,1,uncharacterized protein,GO:0005524;GO:0016021;GO:0042626;GO:0055085
FGSG_10779,7,0.42027388071375865,2.8748378371856935,FGSG_00007;FGSG_03539;FGSG_03842;FGSG_08081;FGSG_08082;FGSG_08083;FGSG_13952,2,SEC14 cytosolic factor,GO:0005628;GO:0005634;GO:0008525;GO:0008526;GO:0010570;GO:0015914;GO:0031322;GO:0032153;GO:0035838;GO:0048193;GO:0060187
FGSG_10759,7,0.4463139615558295,2.8730481814171203,FGSG_00743;FGSG_00765;FGSG_01981;FGSG_03894;FGSG_05610;FGSG_08774;FGSG_10922,1,uncharacterized protein,
FGSG_03292,7,0.42392069251908815,2.8724367144554304,FGSG_00007;FGSG_02326;FGSG_02327;FGSG_02328;FGSG_02329;FGSG_08083;FGSG_13952,2,uncharacterized protein,GO:0000981;GO:0003677;GO:0005634;GO:0006351;GO:0006357;GO:0008270
FGSG_12662,7,0.41761174534705436,2.8700613359002856,FGSG_03546;FGSG_03548;FGSG_04458;FGSG_08601;FGSG_09012;FGSG_09456;FGSG_09834,1,uncharacterized protein,
FGSG_04675,7,0.412091458507881,2.86538969023135,FGSG_02324;FGSG_02325;FGSG_02326;FGSG_02327;FGSG_02328;FGSG_02329;FGSG_11326,2,uncharacterized protein,GO:0008168;GO:0032259
FGSG_09400,7,0.4305426559417771,2.862143173763873,FGSG_00007;FGSG_01866;FGSG_02327;FGSG_03842;FGSG_08081;FGSG_08083;FGSG_13952,2,uncharacterized protein,GO:0008152;GO:0016021;GO:0016407
FGSG_07285,7,0.41423704010080115,2.8537494717625367,FGSG_03546;FGSG_03548;FGSG_03894;FGSG_04458;FGSG_08601;FGSG_09012;FGSG_09834,1,uncharacterized protein,GO:0003735;GO:0005762;GO:0032543
FGSG_11192,7,0.430710402540985,2.8535564114931957,FGSG_02324;FGSG_02325;FGSG_02326;FGSG_02327;FGSG_03842;FGSG_11326;FGSG_13952,2,uncharacterized protein,GO:0016491;GO:0055114
FGSG_05741,7,0.41507139518246866,2.849677789099871,FGSG_02324;FGSG_02325;FGSG_02326;FGSG_02327;FGSG_02328;FGSG_02329;FGSG_11326,2,uncharacterized protein,
FGSG_12732,7,0.41464373440297575,2.845678023901424,FGSG_02324;FGSG_02325;FGSG_02326;FGSG_02327;FGSG_02328;FGSG_02329;FGSG_11326,2,uncharacterized protein,
FGSG_03071,6,0.45297134860263133,2.644233863109395,FGSG_02272;FGSG_02461;FGSG_03061;FGSG_03894;FGSG_05610;FGSG_13136,1,uncharacterized protein,GO:0016491;GO:0055114
FGSG_10375,6,0.45416105456422884,2.6389563103616953,FGSG_02271;FGSG_02272;FGSG_02461;FGSG_03061;FGSG_03894;FGSG_05610,1,uncharacterized protein,GO:0016021
FGSG_05970,6,0.45384384326809035,2.635783285925579,FGSG_00743;FGSG_02272;FGSG_02461;FGSG_03061;FGSG_03894;FGSG_05610,1,uncharacterized protein,GO:0016021
FGSG_09799,6,0.4558936531328212,2.593473142785702,FGSG_02272;FGSG_02461;FGSG_03061;FGSG_03894;FGSG_05610;FGSG_08774,1,uncharacterized protein,
FGSG_04181,6,0.4440581178901448,2.590857223948343,FGSG_02272;FGSG_02461;FGSG_03061;FGSG_03894;FGSG_05610;FGSG_13136,1,elongation factor 3,GO:0003746;GO:0005524;GO:0006414;GO:0016887
FGSG_01170,6,0.442653721629895,2.5883972864794416,FGSG_02272;FGSG_02461;FGSG_03061;FGSG_03894;FGSG_05610;FGSG_08774,1,uncharacterized protein,GO:0005783;GO:0005794;GO:0009055;GO:0015035;GO:0015038;GO:0016021;GO:0031965;GO:0042175;GO:0045454;GO:0055114
FGSG_01438,6,0.4522882102195233,2.587212570079162,FGSG_02271;FGSG_02272;FGSG_02461;FGSG_03061;FGSG_03894;FGSG_05610,1,uncharacterized protein,GO:0000079;GO:0000122;GO:0000307;GO:0005634;GO:0006875;GO:0016242;GO:0016538;GO:0019901;GO:0032880;GO:0045936;GO:0050849
FGSG_01543,6,0.44522409628856374,2.585583557231489,FGSG_02271;FGSG_02272;FGSG_02461;FGSG_03061;FGSG_03894;FGSG_05610,1,uncharacterized protein,GO:0016021
FGSG_04911,6,0.4391734181812072,2.583419309170385,FGSG_02272;FGSG_02461;FGSG_03061;FGSG_03894;FGSG_04309;FGSG_05610,1,endoplasmic oxidoreductin-1 precursor,GO:0003756;GO:0005783;GO:0006457;GO:0016671;GO:0016972;GO:0055114
FGSG_02606,6,0.46606227323361543,2.580309237397445,FGSG_00743;FGSG_03894;FGSG_05610;FGSG_08774;FGSG_10922;FGSG_12180,1,30S ribosomal protein S10,GO:0003735;GO:0005739;GO:0005840;GO:0032543
FGSG_10383,6,0.47172059103998015,2.5787230325623094,FGSG_00743;FGSG_03894;FGSG_05610;FGSG_08774;FGSG_10922;FGSG_12180,1,uncharacterized protein,GO:0016021
FGSG_05501,6,0.4431722929062726,2.578367816981021,FGSG_02272;FGSG_02461;FGSG_03061;FGSG_03894;FGSG_05610;FGSG_09012,1,vacuolar protein sorting-associated protein 21,GO:0000011;GO:0003924;GO:0005525;GO:0005741;GO:0005769;GO:0005770;GO:0005829;GO:0005886;GO:0006623;GO:0006895;GO:0006897;GO:0007264;GO:0030139;GO:0032511;GO:0036010;GO:0036258
FGSG_04949,6,0.44172955634788647,2.5782460460926067,FGSG_02326;FGSG_02327;FGSG_02328;FGSG_02329;FGSG_08083;FGSG_11326,2,uncharacterized protein,GO:0016021
FGSG_06262,6,0.44378689937652555,2.5777524176002165,FGSG_00743;FGSG_02272;FGSG_02461;FGSG_03061;FGSG_03894;FGSG_05610,1,uncharacterized protein,GO:0046983
FGSG_06706,6,0.4461773575722877,2.576566368826594,FGSG_02272;FGSG_02461;FGSG_03061;FGSG_03894;FGSG_05610;FGSG_09012,1,uncharacterized protein,GO:0000166;GO:0003676;GO:0005622;GO:0006810
FGSG_01724,6,0.44576339074930155,2.572551932920221,FGSG_02325;FGSG_02326;FGSG_02327;FGSG_02328;FGSG_02329;FGSG_11326,2,uncharacterized protein,GO:0000981;GO:0003677;GO:0005634;GO:0006351;GO:0006357;GO:0008270
FGSG_06582,6,0.4404709771543043,2.569525683737808,FGSG_02272;FGSG_02461;FGSG_03061;FGSG_03894;FGSG_05610;FGSG_13136,1,uncharacterized protein,GO:0000837;GO:0004842;GO:0005637;GO:0008270;GO:0016567;GO:0016874;GO:0030176;GO:0030433
FGSG_04958,6,0.4387386233785206,2.568238246135519,FGSG_02326;FGSG_02327;FGSG_02328;FGSG_02329;FGSG_08083;FGSG_13952,2,uncharacterized protein,GO:0006508;GO:0008239
FGSG_00053,6,0.4420767042986671,2.565668868973949,FGSG_02320;FGSG_02326;FGSG_02327;FGSG_02328;FGSG_02329;FGSG_11326,2,aryl-alcohol dehydrogenase,
FGSG_10738,6,0.44012954364465146,2.5626518696058405,FGSG_02326;FGSG_02327;FGSG_02328;FGSG_02329;FGSG_08083;FGSG_11326,2,26S proteasome regulatory subunit rpn-8,GO:0005635;GO:0008541;GO:0034515;GO:1990023
FGSG_01066,6,0.43761266436327706,2.5572686575959445,FGSG_02272;FGSG_02461;FGSG_03061;FGSG_03894;FGSG_05610;FGSG_13136,1,uncharacterized protein,GO:0008271;GO:0016021;GO:1902358
FGSG_04659,6,0.44178999779426603,2.5571748942518338,FGSG_00007;FGSG_02327;FGSG_03539;FGSG_03842;FGSG_08083;FGSG_13952,2,uncharacterized protein,GO:0016021;GO:0055085
FGSG_09009,6,0.44633555733193647,2.557005051680807,FGSG_00743;FGSG_02272;FGSG_02461;FGSG_03061;FGSG_03894;FGSG_05610,1,uncharacterized protein,GO:0003723;GO:0004525;GO:0006396;GO:0090502
FGSG_09003,6,0.46735583134376923,2.5569199848206443,FGSG_00743;FGSG_00765;FGSG_03894;FGSG_05610;FGSG_08774;FGSG_10922,1,uncharacterized protein,GO:0003735;GO:0005762;GO:0032543
FGSG_07155,6,0.4611184688134144,2.5558644872550236,FGSG_00743;FGSG_03894;FGSG_05610;FGSG_08774;FGSG_10922;FGSG_12180,1,uncharacterized protein,GO:0004842;GO:0005634;GO:0005829;GO:0006449;GO:0008270;GO:0016567
FGSG_05646,6,0.45065751373564883,2.554379417076529,FGSG_00743;FGSG_02272;FGSG_02461;FGSG_03061;FGSG_03894;FGSG_05610,1,uncharacterized protein,GO:0000981;GO:0003677;GO:0005634;GO:0006351;GO:0006357;GO:0008270
FGSG_08797,6,0.43498445921043016,2.551094027703027,FGSG_02324;FGSG_02326;FGSG_02327;FGSG_02328;FGSG_02329;FGSG_11326,2,uncharacterized protein,GO:0004553;GO:0005975;GO:0030246
FGSG_03957,6,0.4373009590821582,2.5493439476672717,FGSG_00007;FGSG_03539;FGSG_03842;FGSG_08082;FGSG_08083;FGSG_13952,2,uncharacterized protein,GO:0008643;GO:0016021;GO:0022891;GO:0055085
FGSG_00190,6,0.44395671422036503,2.5479192863578755,FGSG_02272;FGSG_02461;FGSG_03061;FGSG_03894;FGSG_05610;FGSG_09012,1,uncharacterized protein,GO:0016021
FGSG_01122,6,0.43603302888992856,2.5464171014682795,FGSG_02324;FGSG_02326;FGSG_02327;FGSG_02328;FGSG_02329;FGSG_11326,2,uncharacterized protein,
FGSG_10471,6,0.43681266107393885,2.5458132295925195,FGSG_02325;FGSG_02326;FGSG_02327;FGSG_02328;FGSG_02329;FGSG_11326,2,uncharacterized protein,GO:0004386;GO:0005524;GO:0008270
FGSG_08659,6,0.4622641344757968,2.5444845888607217,FGSG_00743;FGSG_03894;FGSG_05610;FGSG_08774;FGSG_10922;FGSG_12180,1,uncharacterized protein,GO:0016021
FGSG_06336,6,0.43722550768696794,2.544352845737495,FGSG_02326;FGSG_02327;FGSG_02328;FGSG_02329;FGSG_08083;FGSG_11326,2,uncharacterized protein,GO:0016021;GO:0055085
FGSG_03426,6,0.448230982542021,2.5441189030381564,FGSG_00007;FGSG_02327;FGSG_03842;FGSG_08082;FGSG_08083;FGSG_13952,2,uncharacterized protein,GO:0016491;GO:0016884;GO:0055114
FGSG_06752,6,0.43469486458781953,2.5432188561956046,FGSG_02272;FGSG_02461;FGSG_03061;FGSG_03894;FGSG_05610;FGSG_13136,1,succinate-semialdehyde dehydrogenase,GO:0009013;GO:0009450;GO:0055114
FGSG_03787,6,0.4373975493704938,2.5420477067467093,FGSG_02320;FGSG_02326;FGSG_02327;FGSG_02328;FGSG_02329;FGSG_11326,2,uncharacterized protein,GO:0008168;GO:0032259
FGSG_11756,6,0.4301930061740843,2.540740117460345,FGSG_02272;FGSG_02461;FGSG_03061;FGSG_05610;FGSG_09456;FGSG_09834,1,uncharacterized protein,
FGSG_00415,6,0.43406407647737494,2.5396166534500817,FGSG_02326;FGSG_02327;FGSG_02328;FGSG_02329;FGSG_08083;FGSG_12211,2,uncharacterized protein,
FGSG_04829,6,0.43846954226556756,2.538097760549725,FGSG_00007;FGSG_03539;FGSG_03842;FGSG_08081;FGSG_08083;FGSG_13952,2,uncharacterized protein,GO:0005737;GO:0006569;GO:0019805;GO:0030170;GO:0030429;GO:0034354;GO:0043420;GO:0097053
FGSG_02072,6,0.43384148972017206,2.538085807020905,FGSG_02326;FGSG_02327;FGSG_02328;FGSG_02329;FGSG_08083;FGSG_11326,2,uncharacterized protein,GO:0003951;GO:0005759;GO:0006741;GO:0016310;GO:0019674;GO:0034599;GO:0042736
FGSG_09334,6,0.45975764160256477,2.537753562912444,FGSG_00743;FGSG_03747;FGSG_03894;FGSG_05610;FGSG_08774;FGSG_10922,1,uncharacterized protein,
FGSG_02516,6,0.44652598032720664,2.537041451306936,FGSG_00743;FGSG_03894;FGSG_04589;FGSG_05610;FGSG_10922;FGSG_12180,1,uncharacterized protein,GO:0003677;GO:0046983
FGSG_05737,6,0.4469532478632236,2.5347671790581052,FGSG_02272;FGSG_02461;FGSG_03061;FGSG_03894;FGSG_05610;FGSG_08774,1,uncharacterized protein,GO:0000166;GO:0003676;GO:0005685;GO:0006376;GO:0048026;GO:0071004
FGSG_02708,6,0.4346385278563183,2.534133964533548,FGSG_00007;FGSG_03539;FGSG_03842;FGSG_08081;FGSG_08083;FGSG_13952,2,uncharacterized protein,
FGSG_04233,6,0.4618634706976005,2.533066538502166,FGSG_00743;FGSG_00765;FGSG_03894;FGSG_05610;FGSG_08774;FGSG_10922,1,uncharacterized protein,GO:0016021;GO:0016757
FGSG_06168,6,0.4562083291876078,2.5323986241051655,FGSG_02272;FGSG_02461;FGSG_03894;FGSG_05610;FGSG_08774;FGSG_09012,1,uncharacterized protein,GO:0003677;GO:0005634;GO:0006351;GO:0008270
FGSG_10318,6,0.4314482673961574,2.5320521297734575,FGSG_02324;FGSG_02326;FGSG_02327;FGSG_02328;FGSG_02329;FGSG_11326,2,uncharacterized protein,GO:0000981;GO:0005634;GO:0006357;GO:0008270;GO:0016884
FGSG_08103,6,0.435970779506932,2.528661782846243,FGSG_02320;FGSG_02326;FGSG_02327;FGSG_02328;FGSG_02329;FGSG_08078,2,uncharacterized protein,
FGSG_02420,6,0.4398369983772955,2.528152995821875,FGSG_00330;FGSG_03546;FGSG_03548;FGSG_04458;FGSG_08601;FGSG_10347,1,uncharacterized protein,GO:0008168;GO:0032259
FGSG_05133,6,0.435364302709686,2.5268345692572964,FGSG_00743;FGSG_03894;FGSG_04589;FGSG_08601;FGSG_10922;FGSG_12180,1,uncharacterized protein,GO:0005634;GO:0006413;GO:0006457;GO:0022627;GO:0051082;GO:0051787;GO:0070843;GO:0071630
FGSG_13728,6,0.4485072557251144,2.5254737233073525,FGSG_00743;FGSG_03894;FGSG_04589;FGSG_05610;FGSG_10922;FGSG_12180,1,uncharacterized protein,GO:0000166;GO:0003729;GO:0006378;GO:0006379;GO:0010494;GO:0019013
FGSG_05855,6,0.4535813246920669,2.5250063622175376,FGSG_00743;FGSG_03894;FGSG_05610;FGSG_08774;FGSG_10922;FGSG_12180,1,uncharacterized protein,GO:0003677;GO:0005634;GO:0005737;GO:0008168;GO:0008270;GO:0016706;GO:0032259;GO:0034649;GO:0034720;GO:0055114;GO:0097549
FGSG_04129,6,0.43631340060888585,2.524669270666575,FGSG_00743;FGSG_03894;FGSG_04589;FGSG_08601;FGSG_10922;FGSG_12180,1,uncharacterized protein,GO:0016021
FGSG_03711,6,0.4261773822591048,2.5237730800452076,FGSG_02326;FGSG_02327;FGSG_02328;FGSG_02329;FGSG_08083;FGSG_13952,2,quinate permease,GO:0016021;GO:0022891;GO:0055085
FGSG_03777,6,0.43891374762974145,2.521899602197113,FGSG_02324;FGSG_02327;FGSG_03842;FGSG_08082;FGSG_08083;FGSG_13952,2,uncharacterized protein,GO:0005737;GO:0006207;GO:0016627;GO:0019898;GO:0055114
FGSG_12151,6,0.4608274530299664,2.52128164481451,FGSG_00743;FGSG_02461;FGSG_03894;FGSG_05610;FGSG_08774;FGSG_09012,1,uncharacterized protein,GO:0005737;GO:0016021
FGSG_12335,6,0.43475859226892155,2.5210702682084882,FGSG_02324;FGSG_02326;FGSG_02327;FGSG_03842;FGSG_08083;FGSG_13952,2,uncharacterized protein,GO:0016021;GO:0055085
FGSG_10675,6,0.4330421051747569,2.5201472286450977,FGSG_00007;FGSG_03539;FGSG_03842;FGSG_08082;FGSG_08083;FGSG_13952,2,uncharacterized protein,
FGSG_09226,6,0.4399502419546649,2.5200112440870273,FGSG_00007;FGSG_01866;FGSG_03532;FGSG_03881;FGSG_08083;FGSG_13952,2,uncharacterized protein,GO:0004553;GO:0005975
FGSG_03395,6,0.4273714508581371,2.519222943332126,FGSG_01866;FGSG_02326;FGSG_02327;FGSG_02328;FGSG_02329;FGSG_08083,2,uncharacterized protein,
FGSG_09944,6,0.4267967557618998,2.5190952064157193,FGSG_01866;FGSG_02326;FGSG_02327;FGSG_02328;FGSG_02329;FGSG_08083,2,uncharacterized protein,GO:0008080
FGSG_01163,6,0.4534619478484101,2.5171288266132725,FGSG_00743;FGSG_00765;FGSG_02272;FGSG_03061;FGSG_03894;FGSG_05610,1,uncharacterized protein,
FGSG_08739,6,0.43171793686931664,2.516225997925579,FGSG_00765;FGSG_02272;FGSG_02461;FGSG_03061;FGSG_03894;FGSG_05610,1,uncharacterized protein,GO:0005509;GO:0005544
FGSG_05544,6,0.4522624170549299,2.5160911090937437,FGSG_00743;FGSG_03894;FGSG_05610;FGSG_08774;FGSG_10922;FGSG_12180,1,uncharacterized protein,GO:0007165
FGSG_03667,6,0.43307968096328064,2.5146923904301737,FGSG_00007;FGSG_03539;FGSG_03842;FGSG_08081;FGSG_08083;FGSG_13952,2,uncharacterized protein,GO:0008199;GO:0009712;GO:0018576;GO:0055114
FGSG_05342,6,0.42785530995767074,2.514090163670054,FGSG_02271;FGSG_02272;FGSG_02461;FGSG_03061;FGSG_05610;FGSG_13136,1,uncharacterized protein,
FGSG_00209,6,0.44309042862758663,2.5140469623375523,FGSG_00007;FGSG_02327;FGSG_03842;FGSG_08082;FGSG_08083;FGSG_13952,2,uncharacterized protein,GO:0016021
FGSG_10891,6,0.42505927328150167,2.5125496310116326,FGSG_02324;FGSG_02326;FGSG_02327;FGSG_02328;FGSG_02329;FGSG_11326,2,uncharacterized protein,GO:0003677;GO:0005634;GO:0006351;GO:0006355;GO:0008270
FGSG_00478,6,0.4549108102296025,2.5109989380265723,FGSG_00743;FGSG_00765;FGSG_03894;FGSG_05610;FGSG_08774;FGSG_10922,1,phospho-2-dehydro-3-deoxyheptonate aldolase,GO:0003849;GO:0005634;GO:0005739;GO:0009073;GO:0009423
FGSG_08111,6,0.4389446278534201,2.5092130223483946,FGSG_00007;FGSG_01866;FGSG_02327;FGSG_03881;FGSG_08083;FGSG_13952,2,uncharacterized protein,
FGSG_03360,6,0.42508321982173314,2.504764969692226,FGSG_02326;FGSG_02327;FGSG_02328;FGSG_02329;FGSG_08083;FGSG_13952,2,uncharacterized protein,GO:0016021;GO:0055085
FGSG_06183,6,0.4329768410446387,2.50418511074983,FGSG_00743;FGSG_03061;FGSG_03894;FGSG_04589;FGSG_05610;FGSG_12180,1,ATP-dependent protease La,GO:0004176;GO:0004252;GO:0005524;GO:0005759;GO:0006515;GO:0034599;GO:0043565;GO:0051131;GO:0070407;GO:0090296
FGSG_02210,6,0.43355825452715363,2.5039744176168917,FGSG_00007;FGSG_03539;FGSG_03842;FGSG_08082;FGSG_08083;FGSG_13952,2,uncharacterized protein,
FGSG_08765,6,0.43449225554424425,2.503872800154165,FGSG_00330;FGSG_03546;FGSG_03548;FGSG_04458;FGSG_08601;FGSG_10347,1,uncharacterized protein,
FGSG_07455,6,0.4493329387172452,2.503596562424546,FGSG_00743;FGSG_02272;FGSG_03061;FGSG_03894;FGSG_05610;FGSG_09012,1,uncharacterized protein,GO:0016021
FGSG_05679,6,0.44061594719053215,2.5033633292492867,FGSG_00007;FGSG_03532;FGSG_03539;FGSG_03881;FGSG_08083;FGSG_13952,2,uncharacterized protein,GO:0016021
FGSG_03935,6,0.4302973277640186,2.502904860952945,FGSG_00007;FGSG_03539;FGSG_03842;FGSG_08082;FGSG_08083;FGSG_13952,2,uncharacterized protein,
FGSG_06398,6,0.4373311962918543,2.5007438105987654,FGSG_02324;FGSG_02325;FGSG_02326;FGSG_02327;FGSG_02328;FGSG_11326,2,uncharacterized protein,
FGSG_03024,6,0.4303842888426478,2.5005064837725297,FGSG_02272;FGSG_02461;FGSG_03061;FGSG_05610;FGSG_09456;FGSG_09834,1,uncharacterized protein,GO:0016021;GO:0055085
FGSG_03004,6,0.4534457644318371,2.4990329682229144,FGSG_00743;FGSG_02461;FGSG_03894;FGSG_05610;FGSG_08774;FGSG_09012,1,uncharacterized protein,
FGSG_02570,6,0.4366484185297094,2.4988778607944067,FGSG_00007;FGSG_01866;FGSG_03532;FGSG_03881;FGSG_08083;FGSG_13952,2,uncharacterized protein,GO:0003746;GO:0003924;GO:0005525;GO:0005737;GO:0006414;GO:0042256
FGSG_02117,6,0.4246789952686607,2.4988338040088154,FGSG_00007;FGSG_03539;FGSG_03842;FGSG_08082;FGSG_08083;FGSG_13952,2,uncharacterized protein,GO:0004497;GO:0005506;GO:0016705;GO:0020037;GO:0055114
FGSG_12048,6,0.4231745871054678,2.498626473716113,FGSG_02326;FGSG_02327;FGSG_02328;FGSG_02329;FGSG_08083;FGSG_13952,2,uncharacterized protein,GO:0000981;GO:0003857;GO:0005634;GO:0006357;GO:0006631;GO:0008270;GO:0055114
FGSG_05957,6,0.430441297089156,2.4977544447756115,FGSG_02324;FGSG_02327;FGSG_03842;FGSG_08082;FGSG_08083;FGSG_13952,2,uncharacterized protein,GO:0072380
FGSG_01810,6,0.4383382834853557,2.49467441696247,FGSG_00007;FGSG_01866;FGSG_03532;FGSG_03881;FGSG_08083;FGSG_13952,2,uncharacterized protein,GO:0016787
FGSG_13825,6,0.4398370138177659,2.492680589952732,FGSG_00007;FGSG_02326;FGSG_02327;FGSG_03842;FGSG_08083;FGSG_13952,2,uncharacterized protein,GO:0005507;GO:0016021;GO:0016491;GO:0055114
FGSG_01962,6,0.436925991315174,2.49059362620352,FGSG_02272;FGSG_02461;FGSG_03061;FGSG_07075;FGSG_09456;FGSG_09834,1,argininosuccinate synthase,GO:0004055;GO:0005524;GO:0006526
FGSG_07336,6,0.43294543939713837,2.4888600691461873,FGSG_00330;FGSG_03546;FGSG_03548;FGSG_04458;FGSG_08601;FGSG_10347,1,uncharacterized protein,GO:0003747;GO:0005743;GO:0005762;GO:0006415;GO:0016787
FGSG_03123,6,0.43088729878173637,2.488447073559183,FGSG_00007;FGSG_03539;FGSG_03842;FGSG_08081;FGSG_08083;FGSG_13952,2,uncharacterized protein,
FGSG_05734,6,0.4218341704995936,2.4877093407599133,FGSG_02324;FGSG_02326;FGSG_02327;FGSG_02328;FGSG_02329;FGSG_11326,2,serine/threonine-protein kinase 24,GO:0004672;GO:0005524;GO:0005628;GO:0006468;GO:0030476
FGSG_00604,6,0.43784440749391124,2.4867489118205275,FGSG_02272;FGSG_02461;FGSG_03894;FGSG_05610;FGSG_08774;FGSG_09012,1,uncharacterized protein,GO:0004066;GO:0006529
FGSG_02591,6,0.448734280798531,2.485147689794972,FGSG_00743;FGSG_00765;FGSG_02272;FGSG_03894;FGSG_05610;FGSG_08774,1,uncharacterized protein,GO:0005634;GO:0006281;GO:0008081
FGSG_00659,6,0.42421440541962924,2.484417399901399,FGSG_02326;FGSG_02327;FGSG_02328;FGSG_02329;FGSG_08078;FGSG_08083,2,uncharacterized protein,GO:0004571;GO:0005509;GO:0005783;GO:0016021;GO:0030433
FGSG_04654,6,0.41985228649024153,2.4842494402265407,FGSG_01866;FGSG_02326;FGSG_02327;FGSG_02328;FGSG_02329;FGSG_08083,2,uncharacterized protein,GO:0008061;GO:0016021
FGSG_08138,6,0.4253496860326565,2.483774849879722,FGSG_02325;FGSG_02326;FGSG_02327;FGSG_02328;FGSG_02329;FGSG_11326,2,uncharacterized protein,GO:0046872
FGSG_09784,6,0.4352842644018151,2.4837039790528364,FGSG_01866;FGSG_02326;FGSG_02327;FGSG_02328;FGSG_02329;FGSG_08083,2,serine/threonine-protein kinase RIO2,GO:0000462;GO:0004674;GO:0005487;GO:0005524;GO:0005634;GO:0005829;GO:0006468;GO:0006913;GO:0046830
FGSG_00319,6,0.43728788406602664,2.482809346542566,FGSG_02272;FGSG_02461;FGSG_03894;FGSG_05610;FGSG_08774;FGSG_09012,1,uncharacterized protein,GO:0001300;GO:0002098;GO:0005634;GO:0005829;GO:0016300;GO:0030488;GO:0035690
FGSG_09161,6,0.42083212799956554,2.482674762721955,FGSG_02324;FGSG_02325;FGSG_02326;FGSG_02327;FGSG_02328;FGSG_02329,2,uncharacterized protein,
FGSG_01401,6,0.4235973433289674,2.4820005004549537,FGSG_01422;FGSG_02272;FGSG_03061;FGSG_03894;FGSG_05610;FGSG_10347,1,uncharacterized protein,
FGSG_00091,6,0.4362947054605029,2.480926470678298,FGSG_00743;FGSG_02272;FGSG_02461;FGSG_03061;FGSG_03894;FGSG_05610,1,uncharacterized protein,GO:0016740
FGSG_02724,6,0.42081532026836377,2.4808862322818976,FGSG_02324;FGSG_02326;FGSG_02327;FGSG_02328;FGSG_02329;FGSG_11326,2,DNA repair protein RAD5,GO:0000209;GO:0000400;GO:0000403;GO:0000781;GO:0000790;GO:0005524;GO:0005737;GO:0006302;GO:0008094;GO:0008270;GO:0009378;GO:0010994;GO:0016021;GO:0032508;GO:0042276
FGSG_10333,6,0.4243353998839724,2.480464501952535,FGSG_02324;FGSG_02325;FGSG_02326;FGSG_02327;FGSG_02328;FGSG_02329,2,uncharacterized protein,GO:0016021
FGSG_08775,6,0.4491583149751189,2.4804306991901557,FGSG_00743;FGSG_00765;FGSG_03894;FGSG_05610;FGSG_08774;FGSG_10922,1,uncharacterized protein,GO:0008080
FGSG_06167,6,0.4461665198605654,2.479253618022002,FGSG_00743;FGSG_02272;FGSG_02461;FGSG_03894;FGSG_05610;FGSG_08774,1,uncharacterized protein,GO:0003735;GO:0005762;GO:0032543
FGSG_08906,6,0.43665268803794116,2.479030170615154,FGSG_00765;FGSG_02272;FGSG_02461;FGSG_03894;FGSG_05610;FGSG_08774,1,uncharacterized protein,GO:0004672;GO:0005524;GO:0006468
FGSG_07625,6,0.42120127166416843,2.4785391131535808,FGSG_03546;FGSG_03548;FGSG_04458;FGSG_08601;FGSG_09456;FGSG_09834,1,alpha-L-arabinofuranosidase precursor,GO:0046373;GO:0046556
FGSG_03766,6,0.4259469125743433,2.478357841675801,FGSG_02324;FGSG_02325;FGSG_02326;FGSG_02327;FGSG_02328;FGSG_02329,2,uncharacterized protein,
FGSG_10713,6,0.4267209713943754,2.478234580542616,FGSG_02324;FGSG_02325;FGSG_02326;FGSG_02327;FGSG_02328;FGSG_02329,2,uncharacterized protein,GO:0016787
FGSG_11552,6,0.43736373190985955,2.476865581983395,FGSG_00007;FGSG_01866;FGSG_02326;FGSG_02327;FGSG_08083;FGSG_13952,2,uncharacterized protein,GO:0003677;GO:0005634;GO:0006351;GO:0008270;GO:0016021;GO:0055085
FGSG_09624,6,0.43045211110865106,2.475783112947477,FGSG_03546;FGSG_03548;FGSG_04458;FGSG_04589;FGSG_08601;FGSG_10347,1,uncharacterized protein,GO:0005524;GO:0005743;GO:0006515;GO:0016558;GO:0034599
FGSG_07134,6,0.4279966289150627,2.475057263303123,FGSG_00743;FGSG_03894;FGSG_04589;FGSG_08601;FGSG_10922;FGSG_12180,1,uncharacterized protein,GO:0016021;GO:0055085
FGSG_04204,6,0.427720629343884,2.4730663687153687,FGSG_00007;FGSG_03532;FGSG_03539;FGSG_08081;FGSG_08083;FGSG_13952,2,uncharacterized protein,GO:0005739;GO:0005886;GO:0006849;GO:0015355;GO:0015992;GO:0016021;GO:0035879;GO:0097079;GO:0097080
FGSG_12231,6,0.42762783560438794,2.4717375187839057,FGSG_00330;FGSG_03546;FGSG_03547;FGSG_03548;FGSG_04458;FGSG_08601,1,uncharacterized protein,GO:0003840;GO:0006749
FGSG_10994,6,0.42539001874991167,2.470330886306669,FGSG_02324;FGSG_02325;FGSG_02326;FGSG_02327;FGSG_02328;FGSG_11326,2,uncharacterized protein,
FGSG_03368,6,0.4327700249912817,2.46729890542242,FGSG_02324;FGSG_02325;FGSG_02326;FGSG_02327;FGSG_02903;FGSG_11326,2,uncharacterized protein,
FGSG_03518,6,0.42299386943139816,2.462956121648096,FGSG_02326;FGSG_02329;FGSG_08077;FGSG_08078;FGSG_10206;FGSG_12211,2,uncharacterized protein,
FGSG_01797,6,0.437262604143764,2.4576381242639287,FGSG_00007;FGSG_01866;FGSG_02327;FGSG_03532;FGSG_08083;FGSG_13952,2,uncharacterized protein,GO:0016853
FGSG_13672,6,0.414731738039422,2.457075986649518,FGSG_03546;FGSG_03548;FGSG_03894;FGSG_04458;FGSG_08601;FGSG_10347,1,uncharacterized protein,
FGSG_06612,6,0.41642795083329237,2.4555430364565365,FGSG_01866;FGSG_02326;FGSG_02327;FGSG_02328;FGSG_02329;FGSG_08083,2,uncharacterized protein,GO:0033609;GO:0045735
FGSG_02862,6,0.41647863215310243,2.4538302806688272,FGSG_01866;FGSG_02326;FGSG_02327;FGSG_02328;FGSG_02329;FGSG_08083,2,uncharacterized protein,GO:0005975;GO:0016021;GO:0016758
FGSG_10824,6,0.41840050680227403,2.4526760575225994,FGSG_00330;FGSG_03546;FGSG_03548;FGSG_04458;FGSG_08601;FGSG_10347,1,uncharacterized protein,
FGSG_01195,6,0.4248809854955035,2.451845560029969,FGSG_02272;FGSG_02461;FGSG_03548;FGSG_09012;FGSG_09456;FGSG_09834,1,uncharacterized protein,GO:0005524;GO:0005750;GO:0006122;GO:0008270;GO:0016787;GO:0016874;GO:0030163
FGSG_10314,6,0.42247390681607505,2.451046666795055,FGSG_03546;FGSG_03548;FGSG_04458;FGSG_04589;FGSG_08601;FGSG_10347,1,uncharacterized protein,
FGSG_04534,6,0.4209266795272462,2.450843939319662,FGSG_02324;FGSG_02325;FGSG_02326;FGSG_02327;FGSG_02328;FGSG_02329,2,uncharacterized protein,
FGSG_09317,6,0.41989734731365874,2.450254417851848,FGSG_03546;FGSG_03548;FGSG_04458;FGSG_08601;FGSG_09834;FGSG_10347,1,uncharacterized protein,GO:0016021
FGSG_09630,6,0.4147747522018528,2.4496152932600177,FGSG_00007;FGSG_03539;FGSG_08081;FGSG_08082;FGSG_08083;FGSG_13952,2,ubiquitin-conjugating enzyme E2 14,GO:0005524;GO:0030466
FGSG_07166,6,0.4276250070232275,2.4483387893439916,FGSG_00330;FGSG_03546;FGSG_03548;FGSG_04458;FGSG_08601;FGSG_10347,1,uncharacterized protein,GO:0000070;GO:0000941;GO:0005829;GO:0016021;GO:0031511;GO:0034501;GO:0034506;GO:0034508;GO:0044732;GO:0061641
FGSG_04288,6,0.4157421696068068,2.4428807262172367,FGSG_02272;FGSG_02461;FGSG_03061;FGSG_03894;FGSG_05610;FGSG_13136,1,uncharacterized protein,GO:0000122;GO:0000502;GO:0000978;GO:0001077;GO:0005634;GO:0006282;GO:0006366;GO:0032436;GO:0036003;GO:0046872
FGSG_08973,6,0.41099030833444844,2.4406399618064514,FGSG_02325;FGSG_02326;FGSG_02327;FGSG_02328;FGSG_02329;FGSG_02903,2,uncharacterized protein,GO:0016021
FGSG_01751,6,0.41395158839597757,2.4405597339533434,FGSG_02324;FGSG_02326;FGSG_02327;FGSG_02328;FGSG_02329;FGSG_11326,2,uncharacterized protein,GO:0004672;GO:0005524;GO:0006468
FGSG_00172,6,0.41120275519740346,2.438790035316315,FGSG_02324;FGSG_02325;FGSG_02326;FGSG_02327;FGSG_02328;FGSG_02329,2,uncharacterized protein,GO:0016740
FGSG_01508,6,0.4106465561511487,2.437180002513154,FGSG_03546;FGSG_03548;FGSG_04458;FGSG_08601;FGSG_09834;FGSG_10347,1,uncharacterized protein,GO:0002143;GO:0004792;GO:0005739
FGSG_08628,6,0.4115368732485225,2.436568216484928,FGSG_00743;FGSG_03894;FGSG_04458;FGSG_04589;FGSG_08601;FGSG_10347,1,uncharacterized protein,GO:0003824;GO:0005739;GO:0005783;GO:0050662
FGSG_06950,6,0.4070908608090244,2.424793965366142,FGSG_02271;FGSG_02272;FGSG_03061;FGSG_07075;FGSG_09456;FGSG_09834,1,sorting nexin-41,GO:0004484;GO:0006370;GO:0035091
FGSG_11918,5,0.4450175611585908,2.1684284018827613,FGSG_00743;FGSG_02272;FGSG_03061;FGSG_03894;FGSG_05610,1,uncharacterized protein,
FGSG_00068,5,0.43796958764574706,2.168284467683032,FGSG_02326;FGSG_02327;FGSG_02328;FGSG_02329;FGSG_08083,2,alpha-galactosidase C precursor,GO:0004557;GO:0005975
FGSG_13883,5,0.43971679220042,2.1605758137327804,FGSG_02326;FGSG_02327;FGSG_02328;FGSG_02329;FGSG_08083,2,uncharacterized protein,GO:0004563;GO:0005975;GO:0016021
FGSG_11051,5,0.44151391627257586,2.157172074117332,FGSG_02326;FGSG_02327;FGSG_02328;FGSG_02329;FGSG_11326,2,uncharacterized protein,GO:0000981;GO:0003677;GO:0005634;GO:0006351;GO:0006357;GO:0008270
FGSG_09966,5,0.44023058427168205,2.1553043136383456,FGSG_02272;FGSG_02461;FGSG_03061;FGSG_03894;FGSG_05610,1,uncharacterized protein,GO:0001731;GO:0003729;GO:0003743;GO:0005850;GO:0016282;GO:0031369;GO:0043614
FGSG_11949,5,0.465467452386974,2.152028325041025,FGSG_00743;FGSG_03894;FGSG_05610;FGSG_08774;FGSG_10922,1,uncharacterized protein,GO:0016021
FGSG_12488,5,0.43315294769276114,2.1470605494132853,FGSG_02326;FGSG_02327;FGSG_02328;FGSG_02329;FGSG_08083,2,uncharacterized protein,GO:0004553;GO:0005975
FGSG_02684,5,0.4415462662495943,2.146989923078213,FGSG_02326;FGSG_02327;FGSG_02328;FGSG_02329;FGSG_11326,2,uncharacterized protein,GO:0016021
FGSG_02806,5,0.43436212426124476,2.1455783925388716,FGSG_02272;FGSG_02461;FGSG_03061;FGSG_03894;FGSG_05610,1,uncharacterized protein,
FGSG_02950,5,0.45007542146401947,2.1428982929762577,FGSG_00743;FGSG_03894;FGSG_04589;FGSG_10922;FGSG_12180,1,uncharacterized protein,GO:0016021
FGSG_12820,5,0.4375599482697254,2.1407909937192913,FGSG_02326;FGSG_02327;FGSG_02328;FGSG_02329;FGSG_11326,2,uncharacterized protein,
FGSG_04881,5,0.4387165088228674,2.1383217712167104,FGSG_02325;FGSG_02326;FGSG_02327;FGSG_02328;FGSG_02329,2,uncharacterized protein,
FGSG_02640,5,0.43604823656156466,2.1366692039836903,FGSG_00007;FGSG_03539;FGSG_03842;FGSG_08083;FGSG_13952,2,uncharacterized protein,GO:0004843;GO:0005737;GO:0008270;GO:0016579;GO:0043161;GO:0045721
FGSG_06117,5,0.4390017706628545,2.1362910795301953,FGSG_02326;FGSG_02327;FGSG_02328;FGSG_02329;FGSG_11326,2,uncharacterized protein,GO:0005975;GO:0016829;GO:0030246
FGSG_03851,5,0.4633004564939173,2.135316015446117,FGSG_00743;FGSG_03894;FGSG_05610;FGSG_08774;FGSG_10922,1,uncharacterized protein,GO:0005783;GO:0016021;GO:0016491;GO:0016746;GO:0055114
FGSG_10116,5,0.43520364976302534,2.1335595871869883,FGSG_02326;FGSG_02327;FGSG_02328;FGSG_02329;FGSG_11326,2,chitin synthase 1,GO:0004100;GO:0006031;GO:0016021
FGSG_07522,5,0.4556352803322619,2.13315697774291,FGSG_00743;FGSG_03894;FGSG_08774;FGSG_10922;FGSG_12180,1,uncharacterized protein,
FGSG_07842,5,0.44288167733649236,2.1329510017558726,FGSG_00743;FGSG_03894;FGSG_04589;FGSG_10922;FGSG_12180,1,uncharacterized protein,GO:0010181;GO:0016491;GO:0055114
FGSG_10431,5,0.4299428497181545,2.1275865514242915,FGSG_02326;FGSG_02327;FGSG_02328;FGSG_02329;FGSG_08083,2,uncharacterized protein,
FGSG_12976,5,0.44505956450326767,2.126607889873004,FGSG_00743;FGSG_02272;FGSG_03061;FGSG_03894;FGSG_05610,1,uncharacterized protein,
FGSG_02512,5,0.44531879610768926,2.126297690851361,FGSG_00743;FGSG_03894;FGSG_04589;FGSG_10922;FGSG_12180,1,uncharacterized protein,
FGSG_04619,5,0.4318803718917047,2.12534207999823,FGSG_02326;FGSG_02327;FGSG_02328;FGSG_02329;FGSG_08083,2,uncharacterized protein,GO:0001172;GO:0003968
FGSG_04038,5,0.4406704691190881,2.1232273124136887,FGSG_02327;FGSG_03842;FGSG_08082;FGSG_08083;FGSG_13952,2,XPA-binding protein 1,GO:0003924;GO:0005829;GO:0007064;GO:0016887;GO:0044376
FGSG_13948,5,0.45933225849629683,2.122904136181755,FGSG_00743;FGSG_03894;FGSG_05610;FGSG_08774;FGSG_10922,1,uncharacterized protein,
FGSG_03856,5,0.4333686056198491,2.1228930003032316,FGSG_02326;FGSG_02327;FGSG_02328;FGSG_02329;FGSG_11326,2,uncharacterized protein,GO:0008152;GO:0016787
FGSG_05942,5,0.43412682480134085,2.122079943518826,FGSG_02326;FGSG_02327;FGSG_02328;FGSG_02329;FGSG_08083,2,uncharacterized protein,
FGSG_00907,5,0.4583278078911217,2.121927190397662,FGSG_00743;FGSG_03894;FGSG_08774;FGSG_10922;FGSG_12180,1,uncharacterized protein,
FGSG_07616,5,0.43157949670108475,2.121473093434656,FGSG_02326;FGSG_02327;FGSG_02328;FGSG_02329;FGSG_08083,2,uncharacterized protein,GO:0016021;GO:0022891;GO:0055085
FGSG_03277,5,0.435201523779577,2.121156603738484,FGSG_02326;FGSG_02327;FGSG_02328;FGSG_02329;FGSG_08083,2,uncharacterized protein,GO:0016021
FGSG_11251,5,0.43580195060657173,2.1176092331632246,FGSG_02326;FGSG_02327;FGSG_02328;FGSG_02329;FGSG_11326,2,uncharacterized protein,
FGSG_05481,5,0.4356317445931762,2.116798195690857,FGSG_02271;FGSG_02272;FGSG_02461;FGSG_03061;FGSG_05610,1,uncharacterized protein,GO:0008152;GO:0008483
FGSG_01355,5,0.4282923355448575,2.1160608371483223,FGSG_02272;FGSG_02461;FGSG_03061;FGSG_03894;FGSG_05610,1,uncharacterized protein,GO:0005829;GO:0018064;GO:0042038
FGSG_07377,5,0.4373435066452797,2.1160380482205685,FGSG_02326;FGSG_02327;FGSG_02328;FGSG_02329;FGSG_11326,2,uncharacterized protein,GO:0005634;GO:0006334
FGSG_13624,5,0.4355944633519307,2.1154059404605694,FGSG_02272;FGSG_02461;FGSG_03061;FGSG_03894;FGSG_05610,1,uncharacterized protein,
FGSG_12555,5,0.42903831689916827,2.1153970913998044,FGSG_02271;FGSG_02272;FGSG_02461;FGSG_03061;FGSG_05610,1,uncharacterized protein,
FGSG_05521,5,0.4348882888960183,2.115370741334157,FGSG_02271;FGSG_02272;FGSG_02461;FGSG_03061;FGSG_05610,1,uncharacterized protein,
FGSG_01267,5,0.4381633710473741,2.115313089202656,FGSG_00007;FGSG_03539;FGSG_03842;FGSG_08083;FGSG_13952,2,uncharacterized protein,
FGSG_09567,5,0.43759546828680856,2.1142118479222356,FGSG_00743;FGSG_02272;FGSG_03061;FGSG_03894;FGSG_05610,1,uncharacterized protein,GO:0016021;GO:0055085
FGSG_10865,5,0.42857173718852426,2.114030616489164,FGSG_02326;FGSG_02327;FGSG_02328;FGSG_02329;FGSG_08083,2,uncharacterized protein,GO:0005643;GO:0005783;GO:0016021;GO:0019031;GO:0031965;GO:0043495;GO:0044732;GO:0071790;GO:0090307
FGSG_04117,5,0.454224978682601,2.112272711748454,FGSG_00743;FGSG_00765;FGSG_03894;FGSG_05610;FGSG_08774,1,NAD-specific glutamate dehydrogenase,GO:0004352;GO:0005739;GO:0005829;GO:0019551;GO:0055114
FGSG_04285,5,0.42704045333443685,2.110162053096813,FGSG_02326;FGSG_02327;FGSG_02328;FGSG_02329;FGSG_08083,2,vacuolar ATP synthase subunit D,GO:0042626;GO:0055085
FGSG_10639,5,0.4317127398719382,2.109778600097115,FGSG_02326;FGSG_02327;FGSG_02328;FGSG_02329;FGSG_08083,2,uncharacterized protein,GO:0000981;GO:0003677;GO:0005634;GO:0006351;GO:0006357;GO:0008270
FGSG_04455,5,0.45406172158387015,2.1096158337959396,FGSG_00743;FGSG_00765;FGSG_03894;FGSG_05610;FGSG_08774,1,uncharacterized protein,GO:0016301;GO:0016310
FGSG_00277,5,0.45379074627167837,2.1091659170258668,FGSG_00743;FGSG_00765;FGSG_03894;FGSG_05610;FGSG_08774,1,uncharacterized protein,
FGSG_13869,5,0.433999073600738,2.1079534657449464,FGSG_02326;FGSG_02327;FGSG_02328;FGSG_02329;FGSG_11326,2,uncharacterized protein,
FGSG_07219,5,0.43596379205374175,2.1065467712731465,FGSG_02272;FGSG_02461;FGSG_03061;FGSG_03894;FGSG_05610,1,uncharacterized protein,GO:0000981;GO:0005634;GO:0006357;GO:0008270
FGSG_05940,5,0.4368640316538889,2.106168717791576,FGSG_02324;FGSG_02327;FGSG_03842;FGSG_08083;FGSG_13952,2,uncharacterized protein,GO:0005524
FGSG_06894,5,0.43332049752630053,2.105771879227611,FGSG_00007;FGSG_03539;FGSG_03842;FGSG_08083;FGSG_13952,2,uncharacterized protein,GO:0005085;GO:0005730;GO:0005829;GO:0042256;GO:0043547
FGSG_02567,5,0.43817499222493345,2.1054168796384003,FGSG_02272;FGSG_02461;FGSG_03061;FGSG_03894;FGSG_05610,1,uncharacterized protein,GO:0000725;GO:0000781;GO:0005634;GO:0006301;GO:0006348;GO:0006351;GO:0031151;GO:0031493;GO:0031573;GO:0034729;GO:0044783;GO:0051598;GO:0070911
FGSG_12691,5,0.45754605077992627,2.1047189511236857,FGSG_00743;FGSG_03894;FGSG_05610;FGSG_08774;FGSG_10922,1,uncharacterized protein,
FGSG_09488,5,0.4332403330630605,2.1045360044892383,FGSG_03546;FGSG_03548;FGSG_04458;FGSG_09456;FGSG_09834,1,uncharacterized protein,GO:0005634;GO:0005829
FGSG_04927,5,0.4436867838882486,2.103342166378918,FGSG_02272;FGSG_02461;FGSG_03894;FGSG_05610;FGSG_08774,1,uncharacterized protein,
FGSG_07942,5,0.44537873699427566,2.102360702172693,FGSG_00743;FGSG_02272;FGSG_03061;FGSG_03894;FGSG_05610,1,uncharacterized protein,GO:0004865;GO:0005634;GO:0005829;GO:0031139;GO:0035308;GO:0042149;GO:0045842;GO:0051286;GO:2001216
FGSG_10770,5,0.43818345468112074,2.1023232788458457,FGSG_02272;FGSG_02461;FGSG_03061;FGSG_03894;FGSG_05610,1,uncharacterized protein,
FGSG_10278,5,0.4318607274368461,2.1019643494365052,FGSG_00743;FGSG_03894;FGSG_04589;FGSG_10922;FGSG_12180,1,uncharacterized protein,GO:0005488;GO:0016021
FGSG_07411,5,0.4281212005567956,2.1013399493705602,FGSG_00743;FGSG_03894;FGSG_04589;FGSG_10922;FGSG_12180,1,uncharacterized protein,GO:0016021;GO:0055085
FGSG_03413,5,0.4234275178512748,2.1002483445152094,FGSG_02326;FGSG_02327;FGSG_02328;FGSG_02329;FGSG_08083,2,uncharacterized protein,GO:0008270;GO:0016491;GO:0055114
FGSG_02941,5,0.43740016626822664,2.100054309169042,FGSG_00007;FGSG_03532;FGSG_03881;FGSG_08083;FGSG_13952,2,uncharacterized protein,GO:0006147;GO:0008270;GO:0008892
FGSG_07114,5,0.4480635078185448,2.0987732225042848,FGSG_00743;FGSG_00765;FGSG_02272;FGSG_03894;FGSG_05610,1,uncharacterized protein,GO:0016021;GO:0055085
FGSG_12056,5,0.4337354083916963,2.0986645371319783,FGSG_02326;FGSG_02327;FGSG_02328;FGSG_02329;FGSG_11326,2,uncharacterized protein,GO:0005488
FGSG_01070,5,0.43538533559393516,2.0984608870254755,FGSG_02271;FGSG_02272;FGSG_02461;FGSG_03061;FGSG_05610,1,uncharacterized protein,
FGSG_10305,5,0.4286272545510553,2.0982755726647797,FGSG_02272;FGSG_02461;FGSG_03894;FGSG_05610;FGSG_09012,1,uncharacterized protein,GO:0005750;GO:0006122;GO:0008121;GO:0009060;GO:1902600
FGSG_05381,5,0.4281778926323881,2.096762670005004,FGSG_00007;FGSG_03539;FGSG_03842;FGSG_08083;FGSG_13952,2,uncharacterized protein,GO:0003676
FGSG_03078,5,0.43407318314311694,2.095944606962423,FGSG_00007;FGSG_03539;FGSG_08081;FGSG_08083;FGSG_13952,2,uncharacterized protein,
FGSG_01888,5,0.4237651090702861,2.0957514295581756,FGSG_03546;FGSG_03548;FGSG_04458;FGSG_09456;FGSG_09834,1,uncharacterized protein,GO:0016021
FGSG_04259,5,0.4252033975181221,2.0951716432847274,FGSG_02324;FGSG_02325;FGSG_02327;FGSG_03842;FGSG_13952,2,uncharacterized protein,GO:0005622;GO:0007034
FGSG_11897,5,0.44896771703597,2.094692682159273,FGSG_00743;FGSG_00765;FGSG_03894;FGSG_05610;FGSG_08774,1,uncharacterized protein,GO:0003951;GO:0006741;GO:0016310;GO:0019674
FGSG_12879,5,0.42295004934520547,2.094579571881993,FGSG_02272;FGSG_02461;FGSG_03061;FGSG_03894;FGSG_05610,1,uncharacterized protein,
FGSG_10881,5,0.4508498924567166,2.0945089243521258,FGSG_00743;FGSG_00765;FGSG_03894;FGSG_05610;FGSG_08774,1,uncharacterized protein,GO:0005758;GO:0009055;GO:0020037;GO:0046872;GO:0055114;GO:0070469
FGSG_12325,5,0.4353574048967664,2.0936777700793043,FGSG_00007;FGSG_03842;FGSG_08082;FGSG_08083;FGSG_13952,2,uncharacterized protein,GO:0016021
FGSG_02144,5,0.45520186205368085,2.0935381871594014,FGSG_00743;FGSG_03894;FGSG_05610;FGSG_08774;FGSG_10922,1,uncharacterized protein,
FGSG_02499,5,0.43715832535017135,2.093523307002906,FGSG_02272;FGSG_02461;FGSG_03061;FGSG_03894;FGSG_05610,1,uncharacterized protein,GO:0000329;GO:0005302;GO:0006868;GO:0007034;GO:0015186;GO:0015188;GO:0015803;GO:0015828;GO:0016021;GO:0098655;GO:1902475
FGSG_13716,5,0.42969078848735603,2.090761814222889,FGSG_02272;FGSG_02461;FGSG_03061;FGSG_03894;FGSG_05610,1,uncharacterized protein,
FGSG_06800,5,0.426237070114873,2.090597530533597,FGSG_00007;FGSG_01866;FGSG_08081;FGSG_08083;FGSG_13952,2,uncharacterized protein,GO:0005787;GO:0006465;GO:0008233;GO:0016021;GO:0045047
FGSG_01985,5,0.42414805295872,2.090161226011915,FGSG_02326;FGSG_02327;FGSG_02328;FGSG_02329;FGSG_08083,2,uncharacterized protein,GO:0008080
FGSG_12419,5,0.45443972378507064,2.089927288281727,FGSG_00743;FGSG_02461;FGSG_03894;FGSG_05610;FGSG_08774,1,uncharacterized protein,GO:0016021
FGSG_11554,5,0.4337614158546468,2.0897087267996466,FGSG_00007;FGSG_02327;FGSG_03881;FGSG_08083;FGSG_13952,2,uncharacterized protein,GO:0004499;GO:0016021;GO:0050660;GO:0050661;GO:0055114
FGSG_09062,5,0.4364419830141401,2.087679453777746,FGSG_00007;FGSG_01866;FGSG_03532;FGSG_08083;FGSG_13952,2,uncharacterized protein,
FGSG_13917,5,0.4354196318254326,2.0876026068431424,FGSG_02272;FGSG_02461;FGSG_03894;FGSG_05610;FGSG_08774,1,uncharacterized protein,
FGSG_10948,5,0.43939943265799813,2.087436066168485,FGSG_02324;FGSG_02327;FGSG_03842;FGSG_08083;FGSG_13952,2,uncharacterized protein,
FGSG_01003,5,0.4324614649251554,2.0872882777991824,FGSG_00743;FGSG_03894;FGSG_04589;FGSG_10922;FGSG_12180,1,uncharacterized protein,GO:0016021
FGSG_08145,5,0.4346590513895229,2.086721262835873,FGSG_00007;FGSG_01866;FGSG_03532;FGSG_08083;FGSG_13952,2,uncharacterized protein,
FGSG_04507,5,0.4329771918800811,2.086676313975659,FGSG_02324;FGSG_02327;FGSG_03842;FGSG_08083;FGSG_13952,2,uncharacterized protein,GO:0008289
FGSG_09749,5,0.42942801755591253,2.0864804241112846,FGSG_02272;FGSG_02461;FGSG_03894;FGSG_05610;FGSG_09012,1,uncharacterized protein,GO:0016021
FGSG_09865,5,0.43035777744177406,2.086360619373596,FGSG_02272;FGSG_02461;FGSG_03894;FGSG_05610;FGSG_08774,1,uncharacterized protein,GO:0003735;GO:0005739;GO:0005840;GO:0006412;GO:0016021;GO:0046964;GO:1902557;GO:1902558;GO:1902559
FGSG_13507,5,0.43547175884835676,2.0863102426132496,FGSG_00007;FGSG_01866;FGSG_03532;FGSG_03881;FGSG_08083,2,uncharacterized protein,GO:0000287;GO:0003677;GO:0004141;GO:0005524;GO:0005634;GO:0006355;GO:0008483;GO:0009102;GO:0030170
FGSG_13194,5,0.42145761852467883,2.085600172790974,FGSG_02326;FGSG_02327;FGSG_02328;FGSG_02329;FGSG_08083,2,uncharacterized protein,
FGSG_01536,5,0.4234396974714901,2.085360581999551,FGSG_02272;FGSG_02461;FGSG_03061;FGSG_03894;FGSG_05610,1,uncharacterized protein,GO:0008270
FGSG_02048,5,0.43039777587417444,2.085152615905761,FGSG_02272;FGSG_02461;FGSG_03061;FGSG_03894;FGSG_05610,1,uncharacterized protein,
FGSG_02643,5,0.4248637286128624,2.084880703286455,FGSG_03546;FGSG_03548;FGSG_04458;FGSG_08601;FGSG_10347,1,uncharacterized protein,GO:0016021
FGSG_06662,5,0.44118812643641925,2.0844998368608505,FGSG_00765;FGSG_02461;FGSG_03894;FGSG_05610;FGSG_08774,1,uncharacterized protein,GO:0005684;GO:0045292
FGSG_05311,5,0.42706642126152256,2.083820821274377,FGSG_02271;FGSG_02272;FGSG_02461;FGSG_03061;FGSG_05610,1,uncharacterized protein,GO:0016788
FGSG_09198,5,0.42573400745836787,2.0825709105274757,FGSG_03546;FGSG_03547;FGSG_03548;FGSG_04458;FGSG_08601,1,uncharacterized protein,GO:0006631;GO:0016491;GO:0050151;GO:0055114;GO:0071949
FGSG_05907,5,0.44752345667551624,2.080997364381002,FGSG_00743;FGSG_00765;FGSG_03894;FGSG_05610;FGSG_08774,1,uncharacterized protein,GO:0003735;GO:0005840;GO:0006412
FGSG_06294,5,0.42926266673875163,2.0803637735090605,FGSG_02326;FGSG_02327;FGSG_02328;FGSG_02329;FGSG_08083,2,uncharacterized protein,GO:0005634;GO:0005829;GO:0005844;GO:0006457;GO:0007021;GO:0015631;GO:0016272
FGSG_06143,5,0.424512669193023,2.080078132990612,FGSG_00007;FGSG_03539;FGSG_08081;FGSG_08083;FGSG_13952,2,uncharacterized protein,
FGSG_05594,5,0.42725314712328655,2.079803090961014,FGSG_02326;FGSG_02327;FGSG_02328;FGSG_02329;FGSG_11326,2,uncharacterized protein,
FGSG_01314,5,0.43074318706762227,2.0792100756824037,FGSG_02272;FGSG_02461;FGSG_03061;FGSG_05610;FGSG_09456,1,eukaryotic translation initiation factor 3 subunit 7,GO:0001731;GO:0003743;GO:0005634;GO:0005829;GO:0006446;GO:0016282;GO:0033290;GO:0071540;GO:0071541
FGSG_05689,5,0.4266325015771273,2.079168725086946,FGSG_02272;FGSG_02461;FGSG_03061;FGSG_03894;FGSG_05610,1,UDP-glucose 4-epimerase,GO:0003978;GO:0004034;GO:0005829;GO:0033499;GO:0050662
FGSG_03810,5,0.4194214431612287,2.078684437021378,FGSG_02326;FGSG_02327;FGSG_02328;FGSG_02329;FGSG_08083,2,uncharacterized protein,
FGSG_07245,5,0.4215354094389572,2.0770668862207238,FGSG_03546;FGSG_03548;FGSG_04458;FGSG_09456;FGSG_09834,1,pre-mRNA-splicing factor rse-1,GO:0000245;GO:0003676;GO:0005686;GO:0071004
FGSG_02044,5,0.42294607172727106,2.076516977130263,FGSG_00743;FGSG_03894;FGSG_04589;FGSG_10922;FGSG_12180,1,uncharacterized protein,
FGSG_01344,5,0.4231574270827289,2.0758621810002564,FGSG_02272;FGSG_02461;FGSG_03061;FGSG_03894;FGSG_05610,1,uncharacterized protein,GO:0000001;GO:0005634;GO:0005743;GO:0006873;GO:0016021;GO:1900208
FGSG_04480,5,0.4212137326735093,2.0744609335476287,FGSG_00743;FGSG_02272;FGSG_03061;FGSG_03894;FGSG_05610,1,uncharacterized protein,GO:0000981;GO:0005634;GO:0006357;GO:0008270
FGSG_01439,5,0.41858048678655935,2.0733439014451314,FGSG_00743;FGSG_02272;FGSG_03061;FGSG_03894;FGSG_05610,1,uncharacterized protein,GO:0005829
FGSG_04266,5,0.4225795438329701,2.073037712573681,FGSG_02272;FGSG_02461;FGSG_03061;FGSG_03894;FGSG_05610,1,uncharacterized protein,GO:0000407;GO:0005794;GO:0006888;GO:0007126;GO:0016050;GO:0030008;GO:0030242;GO:0031410;GO:0032258;GO:0034497;GO:0034727
FGSG_00523,5,0.42185225560454126,2.0728474138925037,FGSG_02326;FGSG_02327;FGSG_02328;FGSG_02329;FGSG_12211,2,uncharacterized protein,
FGSG_07776,5,0.41920446621964363,2.0725636492596804,FGSG_02326;FGSG_02327;FGSG_02328;FGSG_02329;FGSG_08083,2,uncharacterized protein,GO:0016021;GO:0055085
FGSG_04656,5,0.42249523844756737,2.0714603376746332,FGSG_00007;FGSG_03539;FGSG_03842;FGSG_08082;FGSG_13952,2,uncharacterized protein,
FGSG_06850,5,0.43343329457761737,2.0714235577237172,FGSG_03295;FGSG_03548;FGSG_03992;FGSG_09456;FGSG_09834,1,valyl-tRNA synthetase,GO:0002161;GO:0004832;GO:0005524;GO:0005739;GO:0006438;GO:0006450
FGSG_12076,5,0.4182333468695986,2.071346213784252,FGSG_02326;FGSG_02327;FGSG_02328;FGSG_02329;FGSG_08083,2,uncharacterized protein,GO:0016021
FGSG_13442,5,0.4198562354140974,2.071276649093504,FGSG_02271;FGSG_02272;FGSG_02461;FGSG_03061;FGSG_05610,1,uncharacterized protein,
FGSG_10367,5,0.429032429064519,2.0704299209324972,FGSG_02326;FGSG_02327;FGSG_02328;FGSG_02329;FGSG_08083,2,uncharacterized protein,GO:0005634;GO:0005829
FGSG_10231,5,0.42240999986901095,2.0703821622086798,FGSG_02272;FGSG_02461;FGSG_03061;FGSG_03894;FGSG_05610,1,NADH dehydrogenase flavoprotein 2,GO:0016491;GO:0046872;GO:0051537;GO:0055114
FGSG_03336,5,0.4313286900764567,2.069859926800838,FGSG_03295;FGSG_03548;FGSG_03992;FGSG_09456;FGSG_09834,1,uncharacterized protein,GO:0016021
FGSG_01501,5,0.4212321911608946,2.069839144530744,FGSG_02272;FGSG_02461;FGSG_03061;FGSG_03894;FGSG_05610,1,uncharacterized protein,GO:0000166;GO:0005507;GO:0016021;GO:0019829;GO:0030001;GO:0098655
FGSG_03880,5,0.42757821781656874,2.068712938009858,FGSG_00007;FGSG_03532;FGSG_08081;FGSG_08083;FGSG_13952,2,uncharacterized protein,GO:0004764;GO:0055114
FGSG_07881,5,0.43651104290890225,2.0684927936383115,FGSG_00007;FGSG_01866;FGSG_02327;FGSG_03532;FGSG_08083,2,uncharacterized protein,GO:0016021;GO:0022857;GO:0055085
FGSG_13015,5,0.43288906403537536,2.067355668972638,FGSG_02461;FGSG_03894;FGSG_05610;FGSG_08774;FGSG_09012,1,uncharacterized protein,GO:0004185;GO:0005773;GO:0006508
FGSG_10848,5,0.4226044882022379,2.0663471516794827,FGSG_02324;FGSG_02325;FGSG_02326;FGSG_02327;FGSG_02328,2,uncharacterized protein,GO:0016021;GO:0016491;GO:0055114
FGSG_04256,5,0.42434450374037835,2.066247858470301,FGSG_03894;FGSG_04458;FGSG_04589;FGSG_08601;FGSG_10347,1,uncharacterized protein,GO:0005634;GO:0005737;GO:0009058;GO:0030170;GO:0047536
FGSG_04993,5,0.42944340730808384,2.065998322374857,FGSG_00007;FGSG_03539;FGSG_08081;FGSG_08083;FGSG_13952,2,uncharacterized protein,GO:0008080
FGSG_01861,5,0.42411186793455885,2.0649164961727386,FGSG_02326;FGSG_02327;FGSG_02328;FGSG_02329;FGSG_12211,2,uncharacterized protein,GO:0004930;GO:0007166;GO:0007186;GO:0016021
FGSG_03241,5,0.41637393989939037,2.064671548822763,FGSG_02326;FGSG_02327;FGSG_02328;FGSG_02329;FGSG_08083,2,uncharacterized protein,
FGSG_08292,5,0.4222258604167212,2.064340276153137,FGSG_02324;FGSG_02325;FGSG_02326;FGSG_02327;FGSG_02328,2,uncharacterized protein,GO:0016021
FGSG_12683,5,0.4301696250375148,2.0638864263632,FGSG_02272;FGSG_02461;FGSG_03061;FGSG_05610;FGSG_09012,1,ubiquitin-conjugating enzyme E2 2,GO:0000209;GO:0000722;GO:0000724;GO:0000781;GO:0005524;GO:0005634;GO:0005829;GO:0006338;GO:0006348;GO:0006353;GO:0006366;GO:0010390;GO:0010620;GO:0016874;GO:0030433;GO:0030435;GO:0030466;GO:0031497;GO:0031571;GO:0033503;GO:0042138;GO:0042275;GO:0042276;GO:0042787;GO:0051569;GO:0061631;GO:0070987;GO:0071455;GO:0071596;GO:0071894;GO:0090089;GO:0097505;GO:1901487
FGSG_00563,5,0.42344479707138616,2.0632546808033525,FGSG_00007;FGSG_01866;FGSG_08081;FGSG_08083;FGSG_13952,2,uncharacterized protein,
FGSG_12796,5,0.41822112883549845,2.062642729501843,FGSG_02271;FGSG_02272;FGSG_02461;FGSG_03061;FGSG_05610,1,uncharacterized protein,GO:0016021
FGSG_00499,5,0.42438795850503613,2.0616597869940287,FGSG_00007;FGSG_01866;FGSG_08081;FGSG_08083;FGSG_13952,2,uncharacterized protein,GO:0004579;GO:0005789;GO:0006487;GO:0016021
FGSG_12179,5,0.4219004132077753,2.0603888518947793,FGSG_00743;FGSG_03894;FGSG_04589;FGSG_08601;FGSG_12180,1,uncharacterized protein,GO:0005623;GO:0006662;GO:0015035;GO:0045454;GO:0055114
FGSG_04712,5,0.423568675377688,2.0602378127789844,FGSG_02272;FGSG_02461;FGSG_03061;FGSG_03894;FGSG_05610,1,uncharacterized protein,GO:0016021
FGSG_08429,5,0.42893356858819065,2.0600400404993806,FGSG_03295;FGSG_03548;FGSG_07075;FGSG_09456;FGSG_09834,1,uncharacterized protein,GO:0004644;GO:0005634;GO:0005737;GO:0006189;GO:0046084
FGSG_07302,5,0.43417569125019684,2.059116662318989,FGSG_00007;FGSG_03539;FGSG_08081;FGSG_08083;FGSG_13952,2,uncharacterized protein,GO:0001760;GO:0006568;GO:0016787;GO:1904984
FGSG_13091,5,0.4243136045946186,2.059115185482745,FGSG_02324;FGSG_02327;FGSG_03842;FGSG_08083;FGSG_13952,2,uncharacterized protein,GO:0016021
FGSG_10140,5,0.41577423416066067,2.057577199397397,FGSG_02272;FGSG_02461;FGSG_03061;FGSG_05610;FGSG_13136,1,uncharacterized protein,GO:0005759;GO:0006121;GO:0018293;GO:0030437;GO:0045944
FGSG_04260,5,0.41868828793971646,2.0567525853411275,FGSG_03546;FGSG_03548;FGSG_04458;FGSG_09456;FGSG_09834,1,uncharacterized protein,GO:0016491;GO:0055114
FGSG_08974,5,0.42007010023554603,2.056746720611999,FGSG_02326;FGSG_02327;FGSG_02328;FGSG_02329;FGSG_08083,2,uncharacterized protein,
FGSG_11383,5,0.4167814601917509,2.0560940220404778,FGSG_02326;FGSG_02327;FGSG_02328;FGSG_02329;FGSG_08083,2,uncharacterized protein,
FGSG_11567,5,0.4270257237139694,2.0559254214810068,FGSG_03894;FGSG_04458;FGSG_04589;FGSG_08601;FGSG_12180,1,uncharacterized protein,GO:0016021;GO:0055085
FGSG_11549,5,0.4162745896502962,2.0552208661517444,FGSG_02324;FGSG_02326;FGSG_02327;FGSG_02328;FGSG_11326,2,uncharacterized protein,GO:0016491;GO:0055114
FGSG_01891,5,0.4305669015649516,2.0522385989753262,FGSG_00007;FGSG_01866;FGSG_02327;FGSG_08083;FGSG_13952,2,uncharacterized protein,GO:0000131;GO:0000742;GO:0005509;GO:0005823;GO:0005934;GO:0005935;GO:0006607;GO:0006661;GO:0006898;GO:0007114;GO:0009847;GO:0015078;GO:0015991;GO:0016021;GO:0016237;GO:0031521;GO:0033179;GO:0042144;GO:0042991;GO:0043332;GO:0048306;GO:0051300;GO:0051726
FGSG_04189,5,0.4201775836342159,2.050277311509247,FGSG_02272;FGSG_02461;FGSG_03061;FGSG_03894;FGSG_05610,1,uncharacterized protein,GO:0008152;GO:0016787
FGSG_00299,5,0.4228107597546454,2.0500533760802293,FGSG_02324;FGSG_02325;FGSG_02327;FGSG_03842;FGSG_13952,2,uncharacterized protein,GO:0004573;GO:0009311
FGSG_05974,5,0.4276707541365594,2.0499043938996016,FGSG_00330;FGSG_03546;FGSG_03548;FGSG_04458;FGSG_08601,1,uncharacterized protein,GO:0005509;GO:0006874;GO:0006884;GO:0015275;GO:0016021;GO:0070588;GO:0097038
FGSG_10286,5,0.42893621647422914,2.0498549537875443,FGSG_02324;FGSG_02325;FGSG_02327;FGSG_02903;FGSG_11326,2,uncharacterized protein,GO:0003676;GO:0008270
FGSG_11295,5,0.4258869403591283,2.0497598954570018,FGSG_02324;FGSG_02325;FGSG_02326;FGSG_02327;FGSG_11326,2,uncharacterized protein,GO:0003824;GO:0008152
FGSG_09519,5,0.4165076571627652,2.048381357331286,FGSG_02326;FGSG_02327;FGSG_02328;FGSG_02329;FGSG_11326,2,uncharacterized protein,GO:0005634
FGSG_09782,5,0.4293887604487595,2.0476688103437555,FGSG_02461;FGSG_03894;FGSG_05610;FGSG_08774;FGSG_09012,1,uncharacterized protein,GO:0005427;GO:0005887;GO:0035672
FGSG_07040,5,0.4223175333230028,2.046754145886275,FGSG_00007;FGSG_03842;FGSG_08082;FGSG_08083;FGSG_13952,2,uncharacterized protein,
FGSG_03891,5,0.41562950126139725,2.046017428062741,FGSG_02272;FGSG_02461;FGSG_03061;FGSG_03894;FGSG_05610,1,uncharacterized protein,GO:0016021;GO:0022891;GO:0055085
FGSG_11097,5,0.41478320192343304,2.0443220481082034,FGSG_03546;FGSG_03548;FGSG_04458;FGSG_09456;FGSG_09834,1,uncharacterized protein,
FGSG_00750,5,0.41492006908315915,2.0442776910381575,FGSG_02326;FGSG_02327;FGSG_02328;FGSG_02329;FGSG_08083,2,uncharacterized protein,GO:0003677;GO:0005634;GO:0005829;GO:0046983
FGSG_12769,5,0.41261888535065094,2.0430130617693747,FGSG_02326;FGSG_02327;FGSG_02328;FGSG_02329;FGSG_11326,2,uncharacterized protein,GO:0016021;GO:0055085
FGSG_05245,5,0.42185485996752053,2.042745662181954,FGSG_00007;FGSG_01866;FGSG_08081;FGSG_08083;FGSG_13952,2,uncharacterized protein,GO:0004177;GO:0005576;GO:0006508;GO:0046872
FGSG_01235,5,0.41713287546201294,2.0421516682438563,FGSG_02326;FGSG_02327;FGSG_02328;FGSG_02329;FGSG_08083,2,"oligo-1,6-glucosidase",GO:0005975;GO:0016787
FGSG_03362,5,0.41484295200406707,2.04162958431962,FGSG_02326;FGSG_02327;FGSG_02328;FGSG_02329;FGSG_08083,2,uncharacterized protein,
FGSG_11998,5,0.4163201397208467,2.0412086861542784,FGSG_02326;FGSG_02327;FGSG_02328;FGSG_02329;FGSG_08083,2,uncharacterized protein,
FGSG_12875,5,0.4205432166920476,2.0400565345310553,FGSG_00330;FGSG_03546;FGSG_03548;FGSG_04458;FGSG_08601,1,uncharacterized protein,GO:0000981;GO:0005634;GO:0006357;GO:0008270
FGSG_00488,5,0.4141607203187398,2.0386140215028035,FGSG_02326;FGSG_02327;FGSG_02328;FGSG_02329;FGSG_08083,2,uncharacterized protein,
FGSG_05276,5,0.41740819132681456,2.037994079382787,FGSG_02271;FGSG_07075;FGSG_07528;FGSG_09456;FGSG_09834,1,uncharacterized protein,GO:0005634;GO:0005737;GO:0008536;GO:0008565;GO:0042991
FGSG_02907,5,0.4138499523758846,2.034950714507617,FGSG_03546;FGSG_03548;FGSG_04458;FGSG_08601;FGSG_10347,1,uncharacterized protein,GO:0016021
FGSG_09715,5,0.40836748368100173,2.033647938919656,FGSG_02326;FGSG_02327;FGSG_02328;FGSG_02329;FGSG_08083,2,DNA-binding protein creA,GO:0003677;GO:0005634;GO:0006351;GO:0006355;GO:0046872
FGSG_07640,5,0.4147936758258887,2.0331630143282684,FGSG_02326;FGSG_02327;FGSG_02328;FGSG_02329;FGSG_08083,2,uncharacterized protein,GO:0016491;GO:0055114
FGSG_10265,5,0.4151245241556022,2.0324923273850204,FGSG_02324;FGSG_02325;FGSG_02327;FGSG_03842;FGSG_13952,2,uncharacterized protein,GO:0016021
FGSG_01378,5,0.41269378839702636,2.032042957178215,FGSG_02326;FGSG_02327;FGSG_02328;FGSG_02329;FGSG_08078,2,uncharacterized protein,GO:0000981;GO:0003677;GO:0005634;GO:0006351;GO:0006357;GO:0008270
FGSG_07871,5,0.40990331594595647,2.0314071443280026,FGSG_02326;FGSG_02327;FGSG_02328;FGSG_02329;FGSG_11326,2,uncharacterized protein,
FGSG_08339,5,0.41084295795192355,2.0291058789616554,FGSG_02272;FGSG_02461;FGSG_03894;FGSG_05610;FGSG_09012,1,uncharacterized protein,GO:0005739
FGSG_02416,5,0.4112714956245808,2.028137677596124,FGSG_02326;FGSG_02327;FGSG_02328;FGSG_02329;FGSG_08078,2,uncharacterized protein,
FGSG_10918,5,0.4085616545551827,2.0280549112371915,FGSG_02326;FGSG_02327;FGSG_02328;FGSG_02329;FGSG_08083,2,uncharacterized protein,GO:0016021;GO:0016757
FGSG_05828,5,0.40790178312561737,2.0274900177279407,FGSG_02324;FGSG_02326;FGSG_02327;FGSG_02328;FGSG_02329,2,uncharacterized protein,
FGSG_03117,5,0.40774579485423945,2.023247373882029,FGSG_02326;FGSG_02327;FGSG_02328;FGSG_02329;FGSG_11326,2,uncharacterized protein,GO:0005488
FGSG_04655,4,0.43753332468257106,1.7302789311268354,FGSG_02326;FGSG_02327;FGSG_02328;FGSG_02329,2,uncharacterized protein,GO:0006355
FGSG_11462,4,0.43744494104436327,1.7193985027979142,FGSG_02326;FGSG_02327;FGSG_02328;FGSG_02329,2,uncharacterized protein,GO:0000981;GO:0003677;GO:0003824;GO:0005634;GO:0006351;GO:0006357;GO:0008270
FGSG_02580,4,0.44943096641082103,1.7130273105325353,FGSG_00743;FGSG_03894;FGSG_10922;FGSG_12180,1,uncharacterized protein,GO:0016021;GO:0022891;GO:0055085
FGSG_03960,4,0.4351171547619526,1.7109273613309446,FGSG_02326;FGSG_02327;FGSG_02328;FGSG_02329,2,uncharacterized protein,GO:0005199;GO:0009277
FGSG_08816,4,0.4341095291567501,1.7073288018405504,FGSG_02326;FGSG_02327;FGSG_02328;FGSG_02329,2,uncharacterized protein,GO:0016491;GO:0055114
FGSG_00639,4,0.4320143285103385,1.7066279149931072,FGSG_02326;FGSG_02327;FGSG_02328;FGSG_02329,2,tubulin alpha chain,GO:0003924;GO:0005200;GO:0005525;GO:0005737;GO:0005874;GO:0007017
FGSG_08776,4,0.4516677908459777,1.704703840739396,FGSG_00743;FGSG_03894;FGSG_05610;FGSG_10922,1,uncharacterized protein,
FGSG_05921,4,0.4435705842231285,1.7044992092155669,FGSG_00743;FGSG_03894;FGSG_10922;FGSG_12180,1,uncharacterized protein,GO:0016614;GO:0050660;GO:0055114
FGSG_03265,4,0.44834026180305964,1.7019522959019695,FGSG_00743;FGSG_03894;FGSG_08774;FGSG_10922,1,uncharacterized protein,GO:0016021
FGSG_02096,4,0.44794540822813017,1.6978924583829254,FGSG_00743;FGSG_03894;FGSG_10922;FGSG_12180,1,uncharacterized protein,GO:0005634;GO:0005829;GO:0016021;GO:0016872
FGSG_02920,4,0.4302465857874468,1.695776697990279,FGSG_02326;FGSG_02327;FGSG_02328;FGSG_02329,2,uncharacterized protein,GO:0004553;GO:0005975;GO:0030246
FGSG_00147,4,0.4253985524519066,1.6942363867161958,FGSG_02326;FGSG_02327;FGSG_02328;FGSG_02329,2,uncharacterized protein,GO:0000981;GO:0003677;GO:0005634;GO:0006351;GO:0006357;GO:0008270;GO:0016021
FGSG_13465,4,0.43074521345772954,1.6937451564746617,FGSG_02326;FGSG_02327;FGSG_02328;FGSG_02329,2,uncharacterized protein,
FGSG_03296,4,0.42667881348922254,1.6931128544415583,FGSG_02326;FGSG_02327;FGSG_02328;FGSG_02329,2,uncharacterized protein,GO:0016021
FGSG_01372,4,0.44043423270038823,1.6910398199944514,FGSG_00743;FGSG_03894;FGSG_10922;FGSG_12180,1,uncharacterized protein,GO:0005643;GO:0005829;GO:0006897;GO:0008092;GO:0030041;GO:0030479;GO:0030674;GO:0032153;GO:0042802;GO:0043130;GO:0051286
FGSG_11219,4,0.4266438329404224,1.689327091463409,FGSG_02326;FGSG_02327;FGSG_02328;FGSG_02329,2,uncharacterized protein,GO:0016021;GO:0055085
FGSG_12281,4,0.4460758811962594,1.6892945906566603,FGSG_00743;FGSG_03061;FGSG_03894;FGSG_05610,1,uncharacterized protein,GO:0008270;GO:0016874
FGSG_10752,4,0.4321828748530989,1.6890882657692718,FGSG_02324;FGSG_02327;FGSG_03842;FGSG_13952,2,uncharacterized protein,GO:0016021
FGSG_02678,4,0.43578066476033017,1.6887811464627789,FGSG_00007;FGSG_03539;FGSG_08083;FGSG_13952,2,uncharacterized protein,
FGSG_01210,4,0.45135325297105344,1.6883577685046016,FGSG_00743;FGSG_03894;FGSG_08774;FGSG_10922,1,uncharacterized protein,GO:0000388;GO:0003676;GO:0004004;GO:0005524;GO:0005681;GO:0005682;GO:0005829;GO:0046540
FGSG_09399,4,0.42759799366637286,1.688306776963684,FGSG_02326;FGSG_02327;FGSG_02328;FGSG_02329,2,uncharacterized protein,GO:0006487;GO:0008250;GO:0016021;GO:0016740
FGSG_01027,4,0.43654058319579925,1.6883059590271208,FGSG_00743;FGSG_03894;FGSG_04589;FGSG_10922,1,uncharacterized protein,GO:0010181;GO:0016491;GO:0020037;GO:0046872;GO:0055114
FGSG_13894,4,0.4535775904649391,1.6856926319872148,FGSG_00743;FGSG_03894;FGSG_05610;FGSG_08774,1,uncharacterized protein,
FGSG_06251,4,0.4457675671538782,1.6853311251885297,FGSG_00743;FGSG_03894;FGSG_08774;FGSG_10922,1,uncharacterized protein,
FGSG_12460,4,0.4464909626663076,1.6847872928980994,FGSG_02461;FGSG_03894;FGSG_05610;FGSG_08774,1,uncharacterized protein,
FGSG_03694,4,0.4250275205241599,1.6828821830480856,FGSG_02326;FGSG_02327;FGSG_02328;FGSG_02329,2,argininosuccinate lyase,GO:0004056;GO:0005829;GO:0042450;GO:0051262
FGSG_09244,4,0.45191599460163606,1.6825890499858864,FGSG_02461;FGSG_03894;FGSG_05610;FGSG_08774,1,uncharacterized protein,GO:0000131;GO:0000145;GO:0001927;GO:0005546;GO:0005934;GO:0005935;GO:0006893;GO:0017049;GO:0043332;GO:0048309;GO:0051601;GO:0090522
FGSG_08487,4,0.4412308681223908,1.6815935620510012,FGSG_00743;FGSG_03894;FGSG_08774;FGSG_10922,1,uncharacterized protein,GO:0005643;GO:0006810
FGSG_10098,4,0.4343337633191396,1.6812666875623135,FGSG_02324;FGSG_02327;FGSG_03842;FGSG_13952,2,uncharacterized protein,GO:0008152;GO:0016021;GO:0019120;GO:0055085
FGSG_05705,4,0.4324814972661762,1.6800189962937675,FGSG_00743;FGSG_03894;FGSG_04589;FGSG_08601,1,uncharacterized protein,GO:0016021;GO:0055085
FGSG_11307,4,0.42727865614179045,1.6790325655579892,FGSG_02326;FGSG_02327;FGSG_02328;FGSG_02329,2,uncharacterized protein,GO:0016021
FGSG_03798,4,0.42375251940162045,1.6784272251265226,FGSG_02324;FGSG_02327;FGSG_03842;FGSG_13952,2,uncharacterized protein,GO:0005779;GO:0016559
FGSG_12306,4,0.44259822130110016,1.6776201742044763,FGSG_00765;FGSG_03894;FGSG_05610;FGSG_08774,1,uncharacterized protein,
FGSG_10971,4,0.4248522317732193,1.6774285895843364,FGSG_02326;FGSG_02327;FGSG_02328;FGSG_02329,2,uncharacterized protein,
FGSG_04894,4,0.4374176024684732,1.6762448478165823,FGSG_00743;FGSG_03894;FGSG_10922;FGSG_12180,1,uncharacterized protein,
FGSG_04966,4,0.4346089045366254,1.6757947461257605,FGSG_00007;FGSG_03539;FGSG_08083;FGSG_13952,2,uncharacterized protein,GO:0016021;GO:0016620;GO:0055114
FGSG_04907,4,0.44592599805196487,1.6756546294144532,FGSG_00743;FGSG_03894;FGSG_05610;FGSG_10922,1,uncharacterized protein,GO:0003723;GO:0005739;GO:0005829;GO:0005847;GO:0006369;GO:0006378;GO:0006379
FGSG_12968,4,0.4518186935706683,1.6754762863654076,FGSG_03894;FGSG_05610;FGSG_08774;FGSG_09012,1,uncharacterized protein,GO:0000166;GO:0003676;GO:0005685;GO:0019013;GO:0071004
FGSG_06723,4,0.4409599078877985,1.6745704605771374,FGSG_02461;FGSG_03894;FGSG_05610;FGSG_08774,1,import inner membrane translocase subunit TIM14,GO:0001671;GO:0005743;GO:0008565;GO:0016021;GO:0030150;GO:0032781
FGSG_04584,4,0.42249246269318774,1.6736122933979503,FGSG_02326;FGSG_02327;FGSG_02328;FGSG_02329,2,uncharacterized protein,GO:0008496;GO:0016021;GO:0016052
FGSG_09424,4,0.438567191839324,1.6729743084216198,FGSG_00007;FGSG_03539;FGSG_08083;FGSG_13952,2,uncharacterized protein,GO:0008152;GO:0016874
FGSG_07492,4,0.4235722501355103,1.672768512251268,FGSG_02326;FGSG_02327;FGSG_02328;FGSG_02329,2,uncharacterized protein,GO:0004568;GO:0005975;GO:0006032
FGSG_05385,4,0.4359411172953161,1.6727132267573204,FGSG_00743;FGSG_03747;FGSG_03894;FGSG_10922,1,uncharacterized protein,GO:0016021;GO:0016491;GO:0055114
FGSG_02700,4,0.4361835042109361,1.67248969420962,FGSG_00765;FGSG_02461;FGSG_03894;FGSG_05610,1,uncharacterized protein,GO:0005730;GO:0005829;GO:0042254
FGSG_05596,4,0.42279735672960816,1.6718040040266255,FGSG_02272;FGSG_02461;FGSG_03061;FGSG_05610,1,peroxisomal biogenesis factor 6,GO:0001302;GO:0005524;GO:0005777;GO:0005829;GO:0016562;GO:0016887;GO:0046982
FGSG_06440,4,0.43369026030413504,1.6711888770031784,FGSG_03548;FGSG_07075;FGSG_09456;FGSG_09834,1,uncharacterized protein,GO:0016021
FGSG_01415,4,0.4318660235914586,1.6708489159588138,FGSG_02272;FGSG_02461;FGSG_03061;FGSG_05610,1,uncharacterized protein,GO:0016021
FGSG_00192,4,0.4306588946998707,1.67067749094026,FGSG_03842;FGSG_08082;FGSG_08083;FGSG_13952,2,cerevisin precursor,GO:0004252;GO:0006508
FGSG_06486,4,0.42479816431406625,1.6704787449171838,FGSG_02326;FGSG_02327;FGSG_02328;FGSG_02329,2,uncharacterized protein,GO:0004553;GO:0005975;GO:0030246
FGSG_04544,4,0.43158544511312574,1.6703129299488584,FGSG_00007;FGSG_01866;FGSG_08083;FGSG_13952,2,uncharacterized protein,GO:0016021;GO:0022891;GO:0055085
FGSG_07556,4,0.42714695467395036,1.6700180950186923,FGSG_02326;FGSG_02327;FGSG_02328;FGSG_02329,2,uncharacterized protein,GO:0016491;GO:0055114
FGSG_00525,4,0.42591311715026386,1.6684496643004936,FGSG_02326;FGSG_02327;FGSG_02328;FGSG_02329,2,uncharacterized protein,
FGSG_04168,4,0.4391748807337315,1.6683099802134036,FGSG_00743;FGSG_03894;FGSG_04589;FGSG_05610,1,uncharacterized protein,GO:0000045;GO:0005086;GO:0005770;GO:0005798;GO:0005802;GO:0005829;GO:0006888;GO:0006891;GO:0032012;GO:0043547
FGSG_00298,4,0.4458181300842609,1.6679447530321563,FGSG_00765;FGSG_03894;FGSG_05610;FGSG_08774,1,uncharacterized protein,GO:0006486;GO:0045547
FGSG_06784,4,0.4361867893074478,1.6674314815092663,FGSG_00007;FGSG_03539;FGSG_08083;FGSG_13952,2,farnesyl pyrophosphate synthetase,GO:0004161;GO:0004337;GO:0005783;GO:0006696;GO:0033384;GO:0045337;GO:0046872
FGSG_13435,4,0.44508558194162284,1.666879260041634,FGSG_00743;FGSG_03894;FGSG_05610;FGSG_10922,1,uncharacterized protein,
FGSG_00595,4,0.4412203063643222,1.666805408897083,FGSG_00743;FGSG_03894;FGSG_05610;FGSG_10922,1,uncharacterized protein,GO:0000287;GO:0004012;GO:0005524;GO:0016021;GO:0045332
FGSG_06047,4,0.4416224436084493,1.6666674873303813,FGSG_00765;FGSG_03894;FGSG_05610;FGSG_08774,1,uncharacterized protein,GO:0000784;GO:0000790;GO:0004402;GO:0006348;GO:0016573;GO:0033255;GO:0043486
FGSG_04201,4,0.4365668777344891,1.6666564099699126,FGSG_00743;FGSG_03894;FGSG_05610;FGSG_12180,1,uncharacterized protein,
FGSG_12704,4,0.44073761730292127,1.6650202421620266,FGSG_00765;FGSG_03894;FGSG_05610;FGSG_08774,1,uncharacterized protein,GO:0005524;GO:0016021;GO:0042626;GO:0055085
FGSG_00934,4,0.4258922733412029,1.6647965531662154,FGSG_02272;FGSG_02461;FGSG_03894;FGSG_05610,1,uncharacterized protein,GO:0000183;GO:0005634;GO:0005737;GO:0008168;GO:0032259;GO:0034649;GO:0034720;GO:0060623;GO:0097549
FGSG_05949,4,0.4180539834086284,1.6647225481031753,FGSG_02326;FGSG_02327;FGSG_02328;FGSG_02329,2,uncharacterized protein,GO:0000737;GO:0003677;GO:0005524;GO:0005694;GO:0016889;GO:0042138
FGSG_06324,4,0.4223641086868151,1.6643619842014745,FGSG_02272;FGSG_02461;FGSG_03894;FGSG_05610,1,uncharacterized protein,GO:0000981;GO:0005634;GO:0006357;GO:0008270
FGSG_01658,4,0.4466088517926977,1.6643260068464636,FGSG_00765;FGSG_03894;FGSG_05610;FGSG_08774,1,uncharacterized protein,GO:0005637;GO:0034506;GO:0034992;GO:0044732;GO:0071765;GO:0072766
FGSG_13782,4,0.4221550543272418,1.6636293569005005,FGSG_03546;FGSG_03548;FGSG_04458;FGSG_08601,1,uncharacterized protein,
FGSG_04386,4,0.43626834741668624,1.663530822853268,FGSG_00743;FGSG_00765;FGSG_03894;FGSG_05610,1,uncharacterized protein,GO:0003677;GO:0005634;GO:0005737;GO:0006281;GO:0008821;GO:0090305
FGSG_09776,4,0.42796859478030863,1.6635250656745395,FGSG_00007;FGSG_03539;FGSG_08083;FGSG_13952,2,uncharacterized protein,GO:0005634;GO:0005737;GO:0016740
FGSG_00524,4,0.4234389123008792,1.6630852068655633,FGSG_03842;FGSG_08082;FGSG_08083;FGSG_13952,2,UTP-glucose-1-phosphate uridylyltransferase,GO:0003983;GO:0006011
FGSG_08557,4,0.4384159515424446,1.6629132380649252,FGSG_00743;FGSG_03894;FGSG_08774;FGSG_10922,1,uncharacterized protein,GO:0035859;GO:0097042
FGSG_06207,4,0.4313492903502587,1.6608689372130374,FGSG_00743;FGSG_03894;FGSG_10922;FGSG_12180,1,uncharacterized protein,GO:0005524;GO:0005759;GO:0042026;GO:0045041;GO:0051082;GO:0051087;GO:0051131
FGSG_13702,4,0.421815776871911,1.6607233626255617,FGSG_03546;FGSG_03547;FGSG_03548;FGSG_08601,1,uncharacterized protein,GO:0016021
FGSG_00613,4,0.4269111785475256,1.660338122120676,FGSG_02272;FGSG_02461;FGSG_03894;FGSG_05610,1,general amino-acid permease GAP1,GO:0003333;GO:0015171;GO:0016021
FGSG_11245,4,0.422115399043001,1.6601182454312378,FGSG_02326;FGSG_02327;FGSG_02328;FGSG_02329,2,uncharacterized protein,
FGSG_09943,4,0.43807880302462404,1.6599184340370945,FGSG_00743;FGSG_03894;FGSG_04589;FGSG_10922,1,uncharacterized protein,
FGSG_07260,4,0.41807885104584874,1.6593387293712136,FGSG_02272;FGSG_02461;FGSG_03894;FGSG_05610,1,uncharacterized protein,GO:0016787
FGSG_09949,4,0.42160585042843707,1.6591925385296187,FGSG_02324;FGSG_02327;FGSG_03842;FGSG_13952,2,uncharacterized protein,GO:0016021;GO:0016740
FGSG_12669,4,0.4241820376247096,1.6583037972040915,FGSG_00007;FGSG_03532;FGSG_08081;FGSG_08083,2,1-aminocyclopropane-1-carboxylate deaminase,GO:0008660;GO:0009310;GO:0030170
FGSG_04928,4,0.422552105735909,1.658242507122639,FGSG_02326;FGSG_02327;FGSG_02328;FGSG_02329,2,uncharacterized protein,GO:0016021
FGSG_01389,4,0.43120201372702727,1.6581981906023782,FGSG_00007;FGSG_03532;FGSG_08083;FGSG_13952,2,uncharacterized protein,GO:0008483;GO:0009058;GO:0030170
FGSG_00655,4,0.4212487800911211,1.6581122866295974,FGSG_02324;FGSG_02327;FGSG_03842;FGSG_13952,2,uncharacterized protein,GO:0008270;GO:0016491;GO:0055114
FGSG_07708,4,0.42395032366523916,1.658040336166401,FGSG_02326;FGSG_02327;FGSG_02328;FGSG_02329,2,uncharacterized protein,
FGSG_04887,4,0.4211342461366636,1.6579970795102046,FGSG_00743;FGSG_03061;FGSG_03894;FGSG_05610,1,uncharacterized protein,GO:0000408;GO:0000723;GO:0000781;GO:0005634;GO:0006351;GO:0006355;GO:0008033
FGSG_12797,4,0.4407790535228307,1.6574430278204668,FGSG_00765;FGSG_03894;FGSG_05610;FGSG_08774,1,uncharacterized protein,
FGSG_05789,4,0.42077044441058137,1.6563342510683032,FGSG_02324;FGSG_02327;FGSG_03842;FGSG_13952,2,uncharacterized protein,GO:0000981;GO:0005634;GO:0006357;GO:0008270
FGSG_07416,4,0.41789853538018895,1.6561555429336807,FGSG_02326;FGSG_02327;FGSG_02328;FGSG_02329,2,uncharacterized protein,GO:0005783;GO:0016021
FGSG_01018,4,0.42220157008600834,1.6561261956271067,FGSG_02326;FGSG_02327;FGSG_02328;FGSG_02329,2,uncharacterized protein,GO:0005524;GO:0005634;GO:0005829;GO:0016310;GO:0046177;GO:0046316
FGSG_03897,4,0.42245879651444607,1.6553332279464419,FGSG_02326;FGSG_02327;FGSG_02328;FGSG_02329,2,uncharacterized protein,GO:0016021
FGSG_05654,4,0.4159475355781221,1.655220396748852,FGSG_02326;FGSG_02327;FGSG_02328;FGSG_02329,2,uncharacterized protein,GO:0016021
FGSG_00504,4,0.41700542570570925,1.6550464941202248,FGSG_02326;FGSG_02327;FGSG_02328;FGSG_02329,2,DNA replication licensing factor mcm4,GO:0003682;GO:0003697;GO:0003724;GO:0003727;GO:0005524;GO:0030875;GO:0032508;GO:0033679;GO:0042555;GO:0043596;GO:0051301;GO:0097373;GO:1902450;GO:1902975;GO:1990518
FGSG_03139,4,0.42092503429135186,1.654995475332254,FGSG_02326;FGSG_02327;FGSG_02328;FGSG_02329,2,uncharacterized protein,GO:0008422;GO:0030245;GO:0102483
FGSG_03833,4,0.41943920140368596,1.6549404064325288,FGSG_02326;FGSG_02327;FGSG_02328;FGSG_02329,2,uncharacterized protein,GO:0008168;GO:0032259
FGSG_10950,4,0.43464575115215215,1.6543463805321421,FGSG_00007;FGSG_01866;FGSG_03532;FGSG_08083,2,uncharacterized protein,GO:0003995;GO:0050660;GO:0055114
FGSG_08419,4,0.41638253632936495,1.6537336923246497,FGSG_02326;FGSG_02327;FGSG_02328;FGSG_02329,2,uncharacterized protein,GO:0016021
FGSG_12067,4,0.42194365738966455,1.6533786437695246,FGSG_02326;FGSG_02327;FGSG_02328;FGSG_02329,2,uncharacterized protein,GO:0004177;GO:0006508
FGSG_00323,4,0.4279195210159673,1.6531964163818917,FGSG_03546;FGSG_03548;FGSG_04458;FGSG_08601,1,deoxyhypusine synthase,GO:0005634;GO:0005829;GO:0008612;GO:0034038
FGSG_05085,4,0.4208070614749483,1.6529811605622533,FGSG_02326;FGSG_02327;FGSG_02328;FGSG_02329,2,uncharacterized protein,GO:0005634;GO:0005829
FGSG_10963,4,0.4192814595475853,1.6528617789732103,FGSG_02326;FGSG_02327;FGSG_08083;FGSG_13952,2,uncharacterized protein,GO:0005737;GO:0006457;GO:0007021;GO:0015631;GO:0016272;GO:0032968;GO:0051082
FGSG_05818,4,0.42116641090872353,1.6527918619772355,FGSG_02326;FGSG_02327;FGSG_02328;FGSG_02329,2,uncharacterized protein,GO:0016021
FGSG_00162,4,0.42547008301669964,1.6524710807313552,FGSG_02272;FGSG_07075;FGSG_09456;FGSG_09834,1,uncharacterized protein,GO:0016491;GO:0055114
FGSG_00767,4,0.435289840867178,1.6521773060027871,FGSG_00007;FGSG_02327;FGSG_08083;FGSG_13952,2,uncharacterized protein,GO:0008422;GO:0030245;GO:0102483
FGSG_03577,4,0.4205121862853489,1.6515962293610142,FGSG_02326;FGSG_02327;FGSG_02328;FGSG_02329,2,uncharacterized protein,GO:0016021;GO:0016491;GO:0055114
FGSG_01994,4,0.41936301876250814,1.651298416572422,FGSG_02326;FGSG_02327;FGSG_02328;FGSG_02329,2,uncharacterized protein,GO:0015299;GO:0016021;GO:1902600
FGSG_11773,4,0.421895207167588,1.6502696713327942,FGSG_03894;FGSG_04589;FGSG_10922;FGSG_12180,1,uncharacterized protein,
FGSG_02406,4,0.417009673758513,1.649838028640327,FGSG_02326;FGSG_02327;FGSG_02328;FGSG_02329,2,uncharacterized protein,GO:0016021;GO:0055085
FGSG_09243,4,0.4195163360629398,1.6497052660791516,FGSG_00743;FGSG_03061;FGSG_03894;FGSG_05610,1,uncharacterized protein,
FGSG_09074,4,0.42201036870687647,1.6492576740920164,FGSG_02327;FGSG_03842;FGSG_08083;FGSG_13952,2,uncharacterized protein,GO:0016021;GO:0022857;GO:0055085
FGSG_02425,4,0.4203080537059323,1.649066002676533,FGSG_02326;FGSG_02327;FGSG_02328;FGSG_02329,2,uncharacterized protein,GO:0005524
FGSG_05906,4,0.4240700242330816,1.648904587261474,FGSG_02324;FGSG_02325;FGSG_02327;FGSG_02903,2,uncharacterized protein,GO:0004806;GO:0006629
FGSG_07557,4,0.4158057070729576,1.6486663572292684,FGSG_02326;FGSG_02327;FGSG_02328;FGSG_02329,2,uncharacterized protein,GO:0000122;GO:0001102;GO:0005634;GO:0005737;GO:0006012;GO:0016491;GO:0019210;GO:0033673;GO:0043433;GO:0055114
FGSG_13736,4,0.42280520319236226,1.648492155290537,FGSG_02327;FGSG_03842;FGSG_08083;FGSG_13952,2,uncharacterized protein,GO:0005829;GO:0016491;GO:0055114
FGSG_09115,4,0.4211330599969024,1.6471170415661154,FGSG_02326;FGSG_02327;FGSG_02328;FGSG_02329,2,uncharacterized protein,GO:0004252;GO:0006508
FGSG_13551,4,0.42304306614616305,1.646923144550132,FGSG_02272;FGSG_02461;FGSG_03894;FGSG_05610,1,uncharacterized protein,GO:0070403
FGSG_12206,4,0.4195368688349926,1.6462480472276726,FGSG_08077;FGSG_08078;FGSG_10206;FGSG_12211,2,uncharacterized protein,GO:0016491;GO:0055114
FGSG_02703,4,0.4179647106834037,1.6459022368115082,FGSG_00007;FGSG_08081;FGSG_08083;FGSG_13952,2,uncharacterized protein,GO:0004032;GO:0005634;GO:0005737;GO:0019568;GO:0034599;GO:0042843;GO:0055114
FGSG_11803,4,0.4254274408082619,1.6458179400059343,FGSG_02326;FGSG_02327;FGSG_02329;FGSG_08083,2,uncharacterized protein,
FGSG_03361,4,0.42031821258456414,1.6457745982738552,FGSG_02326;FGSG_02327;FGSG_02328;FGSG_02329,2,uncharacterized protein,GO:0000981;GO:0005634;GO:0006357;GO:0008270
FGSG_03664,4,0.4194797876785908,1.6456957345244185,FGSG_00007;FGSG_03842;FGSG_08083;FGSG_13952,2,uncharacterized protein,GO:0004180;GO:0006508
FGSG_07432,4,0.41389704021093326,1.6455492032078733,FGSG_02272;FGSG_02461;FGSG_03061;FGSG_05610,1,uncharacterized protein,GO:0005634;GO:0005794;GO:0006623;GO:0006896;GO:0008565;GO:0030123
FGSG_10164,4,0.42447249468059417,1.6453619927871512,FGSG_03532;FGSG_08079;FGSG_08083;FGSG_08084,2,uncharacterized protein,GO:0005739
FGSG_02434,4,0.41719893595277496,1.6443811406625384,FGSG_02326;FGSG_02327;FGSG_02328;FGSG_02329,2,uncharacterized protein,
FGSG_03952,4,0.4206079116815317,1.6417096839934202,FGSG_03842;FGSG_08082;FGSG_08083;FGSG_13952,2,uncharacterized protein,GO:0005737;GO:0008677;GO:0009063;GO:0015940;GO:0016021;GO:0050661;GO:0055114
FGSG_07350,4,0.4180418468564277,1.6414961219061146,FGSG_02326;FGSG_02327;FGSG_02328;FGSG_02329,2,uncharacterized protein,GO:0016021;GO:0022891;GO:0055085
FGSG_06448,4,0.41605217319148907,1.6406152799618092,FGSG_02326;FGSG_02327;FGSG_02328;FGSG_02329,2,uncharacterized protein,GO:0000981;GO:0003677;GO:0005634;GO:0006351;GO:0006357;GO:0008270
FGSG_03103,4,0.4132211443445766,1.6402003386747253,FGSG_02326;FGSG_02327;FGSG_02328;FGSG_02329,2,uncharacterized protein,
FGSG_07766,4,0.4171884895195543,1.6400183039285954,FGSG_02324;FGSG_02325;FGSG_02327;FGSG_02903,2,uncharacterized protein,
FGSG_11262,4,0.4149869065437349,1.639915242324335,FGSG_02326;FGSG_02327;FGSG_02328;FGSG_02329,2,uncharacterized protein,GO:0000981;GO:0005634;GO:0006357;GO:0008270
FGSG_04397,4,0.4276633261616231,1.639736778495341,FGSG_01866;FGSG_02327;FGSG_03532;FGSG_08083,2,uncharacterized protein,GO:0004190;GO:0006508
FGSG_13459,4,0.41872095806679355,1.6389190559454785,FGSG_02326;FGSG_02327;FGSG_02328;FGSG_02329,2,uncharacterized protein,GO:0004497;GO:0005506;GO:0008168;GO:0016021;GO:0016705;GO:0020037;GO:0032259;GO:0055114
FGSG_11440,4,0.4148627883384357,1.6375671698568517,FGSG_03546;FGSG_03547;FGSG_03548;FGSG_08601,1,uncharacterized protein,GO:0005506;GO:0016491;GO:0055114
FGSG_06265,4,0.4166638652690472,1.6374832666470314,FGSG_00330;FGSG_04458;FGSG_08601;FGSG_10347,1,uncharacterized protein,GO:0000139;GO:0005198;GO:0030127;GO:0090114
FGSG_07508,4,0.4115960746137591,1.637325626852923,FGSG_03546;FGSG_03548;FGSG_04458;FGSG_08601,1,uncharacterized protein,GO:0016787
FGSG_11468,4,0.41200984154880865,1.6370837833981602,FGSG_02326;FGSG_02327;FGSG_02328;FGSG_02329,2,xylosidase/arabinosidase,GO:0004553;GO:0045493
FGSG_13993,4,0.4136737059016577,1.6364374442689817,FGSG_02326;FGSG_02329;FGSG_08078;FGSG_12211,2,uncharacterized protein,GO:0016021;GO:0055085
FGSG_12220,4,0.41473852781139764,1.6356037600417945,FGSG_02326;FGSG_02327;FGSG_02328;FGSG_02329,2,uncharacterized protein,GO:0004672;GO:0005524;GO:0006468
FGSG_12483,4,0.41605048710816783,1.6354675962989669,FGSG_02324;FGSG_02327;FGSG_03842;FGSG_13952,2,aldehyde reductase 1,GO:0016491;GO:0055114
FGSG_02786,4,0.4183275814210167,1.6351836905789239,FGSG_02326;FGSG_02327;FGSG_02328;FGSG_02329,2,uncharacterized protein,GO:0005524;GO:0016021;GO:0042626;GO:0055085
FGSG_03402,4,0.4143602469881727,1.6350303628950122,FGSG_02326;FGSG_02327;FGSG_02328;FGSG_02329,2,uncharacterized protein,GO:0003993;GO:0016311
FGSG_11690,4,0.41461585218678376,1.6345868315844345,FGSG_02326;FGSG_02327;FGSG_02328;FGSG_02329,2,uncharacterized protein,
FGSG_03521,4,0.4143934150231613,1.6344164497298432,FGSG_03546;FGSG_03548;FGSG_09280;FGSG_09834,1,uncharacterized protein,
FGSG_04571,4,0.4137242035355787,1.634042133008139,FGSG_02326;FGSG_02327;FGSG_02328;FGSG_02329,2,uncharacterized protein,GO:0004306;GO:0005634;GO:0005829;GO:0006646
FGSG_03252,4,0.4256074244542246,1.6328964044206655,FGSG_02324;FGSG_02325;FGSG_02327;FGSG_11326,2,uncharacterized protein,GO:0046872
FGSG_11698,4,0.41620828313613195,1.6321515164922136,FGSG_02271;FGSG_02272;FGSG_02461;FGSG_07075,1,ADP-ribose pyrophosphatase,GO:0005634;GO:0005739;GO:0005829;GO:0019693;GO:0047631
FGSG_02115,4,0.41516509762529,1.6312433680959693,FGSG_02327;FGSG_03842;FGSG_08083;FGSG_13952,2,uncharacterized protein,GO:0016021
FGSG_13999,4,0.40915171083221286,1.6308239164213494,FGSG_02326;FGSG_02327;FGSG_02328;FGSG_02329,2,uncharacterized protein,
FGSG_04637,4,0.4111788227005452,1.630671692203761,FGSG_02326;FGSG_02327;FGSG_02328;FGSG_02329,2,amino-acid permease inda1,GO:0003333;GO:0015171;GO:0016021
FGSG_05831,4,0.4106563405634269,1.6295071863869632,FGSG_02271;FGSG_07075;FGSG_07528;FGSG_09456,1,aldehyde dehydrogenase,GO:0016620;GO:0055114
FGSG_00832,4,0.41216151536770124,1.6292226522396924,FGSG_00007;FGSG_03539;FGSG_03842;FGSG_13952,2,uncharacterized protein,GO:0005739;GO:0016787
FGSG_04091,4,0.41193925056532077,1.6284168707945423,FGSG_02271;FGSG_02272;FGSG_02461;FGSG_07075,1,uncharacterized protein,GO:0006620;GO:0009408;GO:0032947;GO:0072380
FGSG_03517,4,0.4165592634854515,1.6276948773401196,FGSG_02272;FGSG_02461;FGSG_03894;FGSG_05610,1,uncharacterized protein,GO:0016491;GO:0055114
FGSG_08394,4,0.41331232282023617,1.6274216841024551,FGSG_02272;FGSG_02461;FGSG_03894;FGSG_05610,1,uncharacterized protein,GO:0005737;GO:0008677;GO:0015940;GO:0050661;GO:0055114
FGSG_00345,4,0.4095065879510573,1.6264374589168102,FGSG_02326;FGSG_02327;FGSG_02328;FGSG_02329,2,uncharacterized protein,GO:0016021;GO:0055085
FGSG_07066,4,0.41100799537102367,1.626159081807055,FGSG_02272;FGSG_03061;FGSG_04590;FGSG_09834,1,uncharacterized protein,GO:0016021
FGSG_06764,4,0.41004662527742686,1.6256198466511096,FGSG_03548;FGSG_04458;FGSG_08601;FGSG_10347,1,uncharacterized protein,
FGSG_12474,4,0.41298349418491304,1.6246259380880677,FGSG_02271;FGSG_02272;FGSG_02461;FGSG_09456,1,uncharacterized protein,GO:0016021
FGSG_08997,4,0.40918652430404845,1.6214734537264914,FGSG_02324;FGSG_02326;FGSG_02327;FGSG_02328,2,vacuolar protein 8,GO:0000011;GO:0000329;GO:0005794;GO:0016236;GO:0042144;GO:0043495;GO:0071255;GO:0071561;GO:0071562;GO:0071563
FGSG_11389,4,0.40828475950613086,1.6209781523544526,FGSG_02326;FGSG_02327;FGSG_02328;FGSG_02329,2,uncharacterized protein,GO:0004497;GO:0005506;GO:0016705;GO:0020037;GO:0055114
FGSG_11947,4,0.4081939688259958,1.6204485906625037,FGSG_02326;FGSG_02327;FGSG_02328;FGSG_02329,2,uncharacterized protein,GO:0016021
FGSG_09916,4,0.41435933318848933,1.620434655684862,FGSG_00007;FGSG_03539;FGSG_08083;FGSG_13952,2,uncharacterized protein,GO:0004497;GO:0005506;GO:0016021;GO:0016705;GO:0020037;GO:0055114
FGSG_13865,4,0.40823512424613345,1.6203823859931203,FGSG_02324;FGSG_02325;FGSG_02327;FGSG_02328,2,uncharacterized protein,GO:0016620;GO:0055114
FGSG_02154,4,0.4072184581635341,1.617336815155066,FGSG_02326;FGSG_02327;FGSG_02328;FGSG_02329,2,uncharacterized protein,
FGSG_12573,4,0.40531508913042097,1.6100603785094918,FGSG_02325;FGSG_02326;FGSG_02327;FGSG_02328,2,uncharacterized protein,GO:0008152;GO:0016853
FGSG_03330,4,0.403624245471021,1.6084768237346472,FGSG_02326;FGSG_02328;FGSG_02329;FGSG_11326,2,uncharacterized protein,GO:0005215;GO:0016021;GO:0055085
FGSG_10997,4,0.4061900379419919,1.6081152814354251,FGSG_00007;FGSG_03539;FGSG_08082;FGSG_13952,2,uncharacterized protein,GO:0016021
FGSG_05146,3,0.4371103521931165,1.2881397053110022,FGSG_00743;FGSG_03894;FGSG_10922,1,uncharacterized protein,
FGSG_11777,3,0.4352514598248838,1.2771255488492677,FGSG_00743;FGSG_03894;FGSG_10922,1,uncharacterized protein,GO:0004553;GO:0005975;GO:0016021
FGSG_09318,3,0.4430794898864965,1.2768035863233702,FGSG_00743;FGSG_03894;FGSG_10922,1,uncharacterized protein,GO:0000981;GO:0003677;GO:0005634;GO:0006351;GO:0006357;GO:0008270
FGSG_09708,3,0.43786618804623906,1.2752431358067142,FGSG_00765;FGSG_03894;FGSG_05610,1,uncharacterized protein,
FGSG_13562,3,0.4434123248452727,1.2718844798537456,FGSG_00765;FGSG_03894;FGSG_05610,1,uncharacterized protein,GO:0003333;GO:0015171;GO:0016021
FGSG_06735,3,0.4452523909240353,1.2687768217722493,FGSG_00765;FGSG_03894;FGSG_08774,1,uncharacterized protein,GO:0005524;GO:0005829;GO:0016310;GO:0032958;GO:0035299
FGSG_09122,3,0.42717719566605045,1.2683960124974314,FGSG_00007;FGSG_03532;FGSG_08083,2,uncharacterized protein,
FGSG_00165,3,0.4357013215049949,1.2680843640679684,FGSG_00007;FGSG_08083;FGSG_13952,2,uncharacterized protein,GO:0016787
FGSG_00426,3,0.4385340874109898,1.267113452422911,FGSG_00743;FGSG_03894;FGSG_10922,1,uncharacterized protein,GO:0046872
FGSG_07319,3,0.4481564647994524,1.266450665424443,FGSG_03894;FGSG_08774;FGSG_10922,1,uncharacterized protein,GO:0016787;GO:0055114
FGSG_00435,3,0.43199935157975927,1.2656155475810702,FGSG_00743;FGSG_03894;FGSG_10922,1,uncharacterized protein,GO:0003824
FGSG_08550,3,0.42245793764108297,1.2647240175727035,FGSG_00007;FGSG_08083;FGSG_13952,2,uncharacterized protein,GO:0005634;GO:0005829
FGSG_08351,3,0.43802123781225377,1.2631182170209356,FGSG_03894;FGSG_08774;FGSG_10922,1,glycine cleavage system H protein,GO:0005960;GO:0019464
FGSG_01049,3,0.4308457738729111,1.2625100844194324,FGSG_00743;FGSG_03894;FGSG_10922,1,uncharacterized protein,GO:0005488;GO:0016020
FGSG_08333,3,0.44440722719068776,1.2589092684545395,FGSG_00765;FGSG_03894;FGSG_08774,1,import inner membrane translocase subunit TIM16,GO:0001405;GO:0019904;GO:0030150
FGSG_00803,3,0.43125288872276396,1.2586443445207482,FGSG_00743;FGSG_03894;FGSG_10922,1,uncharacterized protein,
FGSG_05306,3,0.4213237416648917,1.2586198457066713,FGSG_02272;FGSG_03061;FGSG_05610,1,uncharacterized protein,GO:0000011;GO:0004672;GO:0005524;GO:0005739;GO:0006468;GO:0006623;GO:0016236;GO:0030242;GO:0032968;GO:0034271;GO:0034272;GO:0043130;GO:0045053;GO:0045324;GO:0048017;GO:0071561
FGSG_02460,3,0.4311833891537714,1.2580992826782884,FGSG_02272;FGSG_02461;FGSG_05610,1,cation-transporting ATPase 4,GO:0005524;GO:0005789;GO:0005801;GO:0006812;GO:0006874;GO:0015662;GO:0016021;GO:0030026;GO:0034220;GO:0046872;GO:0055092
FGSG_09006,3,0.4288586298213274,1.2569411212564323,FGSG_00007;FGSG_03539;FGSG_13952,2,NAD(P) transhydrogenase,GO:0008750;GO:0015992;GO:0016021;GO:0050661;GO:0055114
FGSG_09774,3,0.43001747720671546,1.2544476862957683,FGSG_03548;FGSG_09456;FGSG_09834,1,NBP35 protein,GO:0002098;GO:0005506;GO:0005524;GO:0005634;GO:0005737;GO:0016226;GO:0016887;GO:0051539
FGSG_04095,3,0.4309641199408265,1.2534716463060822,FGSG_03894;FGSG_10922;FGSG_12180,1,Na(+)/H(+) antiporter 1,GO:0005886;GO:0006970;GO:0015385;GO:0016021;GO:0030007;GO:0036376;GO:0045121;GO:0097623;GO:1902600
FGSG_07496,3,0.4261885501106784,1.2533374621279445,FGSG_02324;FGSG_03842;FGSG_13952,2,uncharacterized protein,GO:0003333;GO:0015171;GO:0016021
FGSG_12937,3,0.4179616556511242,1.252703599226154,FGSG_00007;FGSG_03532;FGSG_08083,2,uncharacterized protein,GO:0003785;GO:0005622;GO:0016301;GO:0016310;GO:0030042;GO:0042989;GO:0044396;GO:0051014;GO:0051015
FGSG_09753,3,0.42500609212621865,1.2525444834025592,FGSG_02324;FGSG_03842;FGSG_13952,2,uncharacterized protein,GO:0016021
FGSG_06557,3,0.42465224363773885,1.2521200894784061,FGSG_00007;FGSG_03532;FGSG_08083,2,uncharacterized protein,GO:0000287;GO:0003824;GO:0030976
FGSG_09180,3,0.438319461251118,1.2521143818594502,FGSG_03894;FGSG_05610;FGSG_08774,1,uncharacterized protein,GO:0010508
FGSG_03191,3,0.428298965845325,1.2519768557498216,FGSG_00007;FGSG_03532;FGSG_08083,2,uncharacterized protein,GO:0004497;GO:0005506;GO:0016021;GO:0016705;GO:0020037;GO:0055114
FGSG_09031,3,0.4242469021627979,1.2505962267659418,FGSG_02324;FGSG_03842;FGSG_13952,2,uncharacterized protein,GO:0008152;GO:0016758
FGSG_08964,3,0.42436769575687777,1.2501693067239952,FGSG_02272;FGSG_02461;FGSG_05610,1,signal recognition particle 54 kDa protein,GO:0003924;GO:0005525;GO:0005786;GO:0006614;GO:0008312
FGSG_05016,3,0.43605180763384793,1.2490340246498535,FGSG_03894;FGSG_05610;FGSG_08774,1,uncharacterized protein,GO:0000002;GO:0003677;GO:0003899;GO:0006390;GO:0034245;GO:0042645
FGSG_08474,3,0.43636814443683786,1.2488819550267232,FGSG_00765;FGSG_03894;FGSG_10922,1,uncharacterized protein,GO:0000289;GO:0000749;GO:0005634;GO:0005829;GO:0006368;GO:0007124;GO:0030015;GO:0032968;GO:0051726
FGSG_09343,3,0.43032496409151233,1.2487810002857676,FGSG_00743;FGSG_03894;FGSG_10922,1,uncharacterized protein,GO:0004842;GO:0016567;GO:0046872
FGSG_07515,3,0.4377387768774461,1.2478503455007721,FGSG_00765;FGSG_03894;FGSG_08774,1,uncharacterized protein,GO:0003824;GO:0005634;GO:0005829;GO:0009058
FGSG_07872,3,0.4278735935565916,1.24720871865686,FGSG_02327;FGSG_08083;FGSG_13952,2,uncharacterized protein,GO:0004719;GO:0005622;GO:0006479;GO:0007034;GO:0030001
FGSG_09999,3,0.4204696295199704,1.2455967916824875,FGSG_03546;FGSG_03548;FGSG_08601,1,uncharacterized protein,GO:0005737;GO:0070042;GO:0070475
FGSG_12516,3,0.4212480798688554,1.2454595645010853,FGSG_02324;FGSG_02325;FGSG_02327,2,uncharacterized protein,GO:0003777;GO:0005871
FGSG_05701,3,0.4204244534216489,1.245455789026053,FGSG_00007;FGSG_03532;FGSG_08083,2,qutG protein,GO:0016021;GO:0046854
FGSG_04222,3,0.42740775246676765,1.2454016015707388,FGSG_02272;FGSG_02461;FGSG_05610,1,uncharacterized protein,GO:0000103;GO:0004325;GO:0019354;GO:0043115;GO:0055114
FGSG_05793,3,0.4210348861510676,1.2452669625275528,FGSG_00007;FGSG_03532;FGSG_08083,2,uncharacterized protein,GO:0016021
FGSG_04934,3,0.42016919088893273,1.2448948646936566,FGSG_00007;FGSG_03532;FGSG_08083,2,aspartyl-tRNA synthetase,GO:0004815;GO:0005524;GO:0005739;GO:0070146
FGSG_07520,3,0.429210561126396,1.2448468863324815,FGSG_00765;FGSG_03894;FGSG_05610,1,uncharacterized protein,GO:0004672;GO:0005524;GO:0006468;GO:0016021
FGSG_12386,3,0.42254278951135094,1.2434949153383539,FGSG_02324;FGSG_02325;FGSG_02327,2,uncharacterized protein,GO:0008270;GO:0016491;GO:0055114
FGSG_00973,3,0.42285308773455454,1.2430077494221634,FGSG_00007;FGSG_03532;FGSG_08083,2,uncharacterized protein,
FGSG_11891,3,0.4264814251155869,1.2427859534899661,FGSG_00765;FGSG_03894;FGSG_05610,1,uncharacterized protein,GO:0000981;GO:0005634;GO:0006357;GO:0008270
FGSG_13499,3,0.43130944488575423,1.2426958854044252,FGSG_00765;FGSG_03894;FGSG_05610,1,uncharacterized protein,GO:0016021
FGSG_01183,3,0.42372017230574455,1.2419276607667795,FGSG_00765;FGSG_03894;FGSG_05610,1,uncharacterized protein,GO:0005829;GO:0016514;GO:0045944
FGSG_00295,3,0.4251533996893794,1.241683626626696,FGSG_02324;FGSG_02325;FGSG_02903,2,uncharacterized protein,GO:0016020
FGSG_03703,3,0.41882182543790153,1.2414970465857558,FGSG_00007;FGSG_03539;FGSG_13952,2,uncharacterized protein,GO:0005975;GO:0016787
FGSG_07060,3,0.4248393556461456,1.2411153889890612,FGSG_02272;FGSG_02461;FGSG_05610,1,uncharacterized protein,GO:0005777;GO:0006281;GO:0008413
FGSG_03934,3,0.42332204595509115,1.2410442426522343,FGSG_01866;FGSG_03532;FGSG_08083,2,uncharacterized protein,GO:0008643;GO:0016021;GO:0022891;GO:0055085
FGSG_06629,3,0.43428723380305295,1.2408405179169275,FGSG_00743;FGSG_03894;FGSG_10922,1,uncharacterized protein,
FGSG_09722,3,0.4150815243890345,1.2405633559401155,FGSG_00007;FGSG_03532;FGSG_08083,2,isopentenyl-diphosphate Delta-isomerase,GO:0004452;GO:0005634;GO:0016787;GO:0045337
FGSG_06511,3,0.41730123697710314,1.2400855268275561,FGSG_00007;FGSG_03532;FGSG_08083,2,uncharacterized protein,GO:0004198;GO:0005622;GO:0006508
FGSG_10571,3,0.42629346801155144,1.2400162123285101,FGSG_00007;FGSG_03532;FGSG_08083,2,uncharacterized protein,GO:0004497;GO:0005506;GO:0016021;GO:0016705;GO:0020037;GO:0055114
FGSG_02128,3,0.4168544216051189,1.2399018154807628,FGSG_00007;FGSG_08083;FGSG_13952,2,uncharacterized protein,
FGSG_04044,3,0.4307920251958334,1.2385920073159173,FGSG_03894;FGSG_08774;FGSG_09012,1,dolichol-phosphate mannosyltransferase,GO:0004582;GO:0005741;GO:0005783;GO:0006487;GO:0006493;GO:0006506;GO:0042175;GO:0097502
FGSG_03743,3,0.41584735728681776,1.237289615607008,FGSG_03546;FGSG_03548;FGSG_08601,1,uncharacterized protein,
FGSG_09076,3,0.41707379139526063,1.2370182198846071,FGSG_02326;FGSG_02328;FGSG_02329,2,uncharacterized protein,GO:0001172;GO:0003968
FGSG_04439,3,0.42429104854858046,1.236371743990258,FGSG_03546;FGSG_03548;FGSG_08601,1,uncharacterized protein,GO:0005215;GO:0005618;GO:0006810;GO:0016020;GO:0030599;GO:0042545;GO:0045330
FGSG_09266,3,0.4280587204630237,1.2362860679782135,FGSG_00007;FGSG_03539;FGSG_08081,2,hydroxymethylglutaryl-CoA synthase,GO:0004421;GO:0006696;GO:0008299
FGSG_07613,3,0.41818820920373734,1.234825474452807,FGSG_02326;FGSG_02328;FGSG_02329,2,uncharacterized protein,
FGSG_01853,3,0.42659673252113056,1.2344816370856009,FGSG_00743;FGSG_00765;FGSG_03894,1,uncharacterized protein,GO:0000981;GO:0005634;GO:0006357;GO:0008270
FGSG_02418,3,0.4168724222711148,1.2344792353291822,FGSG_02326;FGSG_02328;FGSG_02329,2,uncharacterized protein,
FGSG_04908,3,0.4252871519226109,1.2334977528103193,FGSG_00765;FGSG_03894;FGSG_05610,1,uncharacterized protein,
FGSG_08623,3,0.41800052283816547,1.2330578165270327,FGSG_02326;FGSG_02328;FGSG_02329,2,uncharacterized protein,GO:0000935;GO:0004553;GO:0005783;GO:0005975;GO:0016021;GO:0031520;GO:1904541;GO:1990819
FGSG_02390,3,0.425902906325361,1.2328342307276354,FGSG_00007;FGSG_02327;FGSG_08083,2,uncharacterized protein,GO:0003824
FGSG_09718,3,0.4177034741630374,1.2324922603323896,FGSG_02326;FGSG_02328;FGSG_02329,2,uncharacterized protein,
FGSG_09252,3,0.41638410791172586,1.232334374241588,FGSG_02326;FGSG_02328;FGSG_02329,2,uncharacterized protein,GO:0016021
FGSG_04130,3,0.4166467739198181,1.23212544915845,FGSG_00765;FGSG_03894;FGSG_05610,1,external NADH-ubiquinone oxidoreductase 1,GO:0016021;GO:0016491;GO:0055114
FGSG_09555,3,0.4166519275468903,1.2321172320509004,FGSG_03548;FGSG_09456;FGSG_09834,1,electron transfer flavoprotein subunit beta,GO:0003779;GO:0005096;GO:0005739;GO:0005768;GO:0005793;GO:0005802;GO:0005856;GO:0006888;GO:0006890;GO:0009055;GO:0030037;GO:0043001;GO:0043547
FGSG_10598,3,0.4136462296276661,1.2321027086200922,FGSG_03894;FGSG_04589;FGSG_10922,1,uncharacterized protein,
FGSG_03073,3,0.4145011959006186,1.2318126447552098,FGSG_00007;FGSG_03532;FGSG_08083,2,uncharacterized protein,GO:0003842;GO:0006537;GO:0006561;GO:0016620;GO:0055114
FGSG_05050,3,0.4203432000479096,1.2317788015539033,FGSG_03546;FGSG_03548;FGSG_08601,1,uncharacterized protein,GO:0004181;GO:0006508
FGSG_04227,3,0.4146484394456698,1.2314849060327302,FGSG_02326;FGSG_02328;FGSG_02329,2,uncharacterized protein,GO:0003824;GO:0050662
FGSG_05859,3,0.4225157553464843,1.2314097840813905,FGSG_02271;FGSG_02272;FGSG_02461,1,uncharacterized protein,GO:0003333;GO:0015171;GO:0016021
FGSG_02038,3,0.4210896154435528,1.2313856983194131,FGSG_02271;FGSG_02272;FGSG_07075,1,uncharacterized protein,
FGSG_05952,3,0.41450844242587065,1.2312948688751686,FGSG_03546;FGSG_03548;FGSG_09834,1,uncharacterized protein,GO:0000151;GO:0000917;GO:0005829;GO:0007190;GO:0019933;GO:0030674;GO:0045014;GO:0051087;GO:0051382;GO:0071852
FGSG_12344,3,0.4185506997471525,1.2308412793308765,FGSG_02461;FGSG_03894;FGSG_05610,1,uncharacterized protein,GO:0006520;GO:0016829
FGSG_09787,3,0.4144461410182888,1.2303919788724387,FGSG_03894;FGSG_04589;FGSG_10922,1,uncharacterized protein,GO:0000131;GO:0000902;GO:0005933;GO:0007118;GO:0043332
FGSG_10853,3,0.4130684538092089,1.230282612692168,FGSG_02324;FGSG_03842;FGSG_13952,2,nonspecific lipid-transfer protein,GO:0008152;GO:0016747
FGSG_13185,3,0.4134754259589011,1.2294473077878778,FGSG_00007;FGSG_03532;FGSG_08083,2,uncharacterized protein,GO:0005507;GO:0016021;GO:0016491;GO:0055114
FGSG_02835,3,0.4153085814463372,1.228883322356615,FGSG_02326;FGSG_02328;FGSG_02329,2,uncharacterized protein,GO:0003677;GO:0005634;GO:0006351;GO:0006355;GO:0008270;GO:0016021
FGSG_03116,3,0.42035167062481965,1.2287580356922032,FGSG_00007;FGSG_03532;FGSG_08083,2,uncharacterized protein,
FGSG_03155,3,0.4158200010181249,1.228697743774474,FGSG_02326;FGSG_02328;FGSG_02329,2,uncharacterized protein,
FGSG_10823,3,0.42057793479171124,1.2285854625928159,FGSG_03548;FGSG_09456;FGSG_09834,1,uncharacterized protein,GO:0016021;GO:0055085
FGSG_07513,3,0.4158054725339861,1.2285157623113752,FGSG_02326;FGSG_02328;FGSG_02329,2,uncharacterized protein,
FGSG_05184,3,0.4125241370397659,1.2279959168413828,FGSG_00007;FGSG_08083;FGSG_13952,2,uncharacterized protein,GO:0003824;GO:0009058;GO:0030170
FGSG_02936,3,0.4185117295431346,1.2277914550584006,FGSG_03842;FGSG_08083;FGSG_13952,2,uncharacterized protein,GO:0016021
FGSG_00904,3,0.4181669351234287,1.2267887533788575,FGSG_08081;FGSG_08083;FGSG_13952,2,deoxyuridine 5'-triphosphate nucleotidohydrolase,GO:0004170;GO:0005634;GO:0005737;GO:0035863;GO:0035870;GO:0046081
FGSG_07282,3,0.41657825713660224,1.2267561289884108,FGSG_00007;FGSG_03532;FGSG_08083,2,proteasome component PRE6,GO:0004298;GO:0005739;GO:0010499;GO:0019773;GO:0034399;GO:0034515;GO:0042175;GO:0043161
FGSG_10009,3,0.41069513288628773,1.2262589128097199,FGSG_02272;FGSG_03061;FGSG_05610,1,uncharacterized protein,
FGSG_12374,3,0.41696847689289745,1.2261485217722399,FGSG_02324;FGSG_02325;FGSG_02327,2,uncharacterized protein,GO:0015109;GO:0015703;GO:0016021
FGSG_08453,3,0.41724889517322755,1.22545441173509,FGSG_03894;FGSG_04589;FGSG_08601,1,uncharacterized protein,GO:0004395;GO:0006744;GO:0008425;GO:0031314;GO:0032259;GO:0061543
FGSG_04024,3,0.41281260952477933,1.2247885776397274,FGSG_02326;FGSG_02328;FGSG_02329,2,uncharacterized protein,GO:0016616;GO:0051287;GO:0055114
FGSG_07143,3,0.4135061923202255,1.2247375990440408,FGSG_02326;FGSG_02328;FGSG_02329,2,uncharacterized protein,GO:0003777;GO:0005524;GO:0005874;GO:0008017;GO:0072383
FGSG_09501,3,0.41177858454546745,1.2242713644709116,FGSG_02324;FGSG_03842;FGSG_13952,2,uncharacterized protein,
FGSG_12599,3,0.4127701222756848,1.2237948197490955,FGSG_02326;FGSG_02328;FGSG_02329,2,uncharacterized protein,GO:0004497;GO:0005506;GO:0016021;GO:0016705;GO:0020037;GO:0055114
FGSG_01779,3,0.415169990371925,1.2233208285463837,FGSG_02326;FGSG_02328;FGSG_02329,2,uncharacterized protein,
FGSG_11821,3,0.41038260514160235,1.2230603398378679,FGSG_03546;FGSG_03548;FGSG_08601,1,uncharacterized protein,GO:0000981;GO:0004814;GO:0005524;GO:0005634;GO:0005829;GO:0006357;GO:0006420;GO:0008270;GO:0016021
FGSG_06822,3,0.41502620705582494,1.2224262180476595,FGSG_02272;FGSG_02461;FGSG_05610,1,glycogen synthase,GO:0004373;GO:0005978
FGSG_06640,3,0.41186183532858317,1.222339634953881,FGSG_02326;FGSG_02328;FGSG_02329,2,ADP-ribosylation factor 1,GO:0005525;GO:0005737;GO:0006457;GO:0007021;GO:0007264
FGSG_13875,3,0.41618861889020914,1.2220330261816192,FGSG_02324;FGSG_02325;FGSG_02903,2,uncharacterized protein,GO:0004499;GO:0050660;GO:0050661;GO:0055114
FGSG_12006,3,0.40901651158012553,1.2215135503513341,FGSG_02326;FGSG_02328;FGSG_02329,2,uncharacterized protein,GO:0000981;GO:0003677;GO:0005634;GO:0006351;GO:0006357;GO:0008270
FGSG_05450,3,0.414151490956632,1.221173507439357,FGSG_02324;FGSG_02903;FGSG_11326,2,uncharacterized protein,GO:0005623;GO:0016491;GO:0045454;GO:0050660;GO:0055114
FGSG_02262,3,0.40949682286476696,1.2210463266559544,FGSG_02461;FGSG_03894;FGSG_05610,1,uncharacterized protein,GO:0004553;GO:0005975
FGSG_05642,3,0.4086898159937021,1.2209743287703354,FGSG_02271;FGSG_02272;FGSG_02461,1,uncharacterized protein,GO:0005829;GO:0030036;GO:0030479;GO:0032153;GO:0051286
FGSG_13326,3,0.4089231446966276,1.2206630831983407,FGSG_04458;FGSG_09834;FGSG_10347,1,uncharacterized protein,
FGSG_02801,3,0.4133052400009302,1.2201198624791143,FGSG_00765;FGSG_03894;FGSG_05610,1,uncharacterized protein,GO:0000122;GO:0000124;GO:0003712;GO:0005829;GO:0016573;GO:0017025;GO:0045944
FGSG_02692,3,0.41151429513868504,1.2200752390251894,FGSG_03546;FGSG_03547;FGSG_03548,1,uncharacterized protein,GO:0051213;GO:0055114
FGSG_02479,3,0.4092628525207887,1.2197459807639897,FGSG_02326;FGSG_02328;FGSG_02329,2,uncharacterized protein,GO:0003924;GO:0005525;GO:0005829;GO:0006886;GO:0007264;GO:0042147
FGSG_06425,3,0.4155503263868955,1.2197306989804977,FGSG_02324;FGSG_03842;FGSG_13952,2,uncharacterized protein,GO:0005634;GO:0008270
FGSG_11201,3,0.4143404357642617,1.2193616980684998,FGSG_02326;FGSG_02327;FGSG_02328,2,uncharacterized protein,
FGSG_12956,3,0.41079220519073606,1.2193528278997938,FGSG_03546;FGSG_03548;FGSG_09280,1,uncharacterized protein,GO:0015986;GO:0045261;GO:0046933;GO:0046961
FGSG_03156,3,0.412105164582134,1.219195498652474,FGSG_02326;FGSG_02328;FGSG_02329,2,uncharacterized protein,
FGSG_04938,3,0.4131166103747727,1.2190424569054121,FGSG_02326;FGSG_02327;FGSG_02328,2,uncharacterized protein,
FGSG_03011,3,0.4085170285234139,1.2186118272760134,FGSG_02327;FGSG_03842;FGSG_13952,2,uncharacterized protein,GO:0008168;GO:0032259
FGSG_12660,3,0.40901620852559567,1.2183556404882587,FGSG_00007;FGSG_08083;FGSG_13952,2,uncharacterized protein,GO:0000981;GO:0005634;GO:0006357;GO:0008270
FGSG_11416,3,0.40953642248244093,1.2183460440508727,FGSG_02326;FGSG_02327;FGSG_02328,2,uncharacterized protein,GO:0003677;GO:0005634;GO:0006355;GO:0016021;GO:0046872;GO:0055085
FGSG_01039,3,0.4095101852677804,1.2179171849315729,FGSG_02272;FGSG_02461;FGSG_05610,1,uncharacterized protein,
FGSG_01345,3,0.4065635402415599,1.2176499886259804,FGSG_02324;FGSG_02325;FGSG_02903,2,uncharacterized protein,GO:0000447;GO:0000472;GO:0003723;GO:0005730;GO:0005829;GO:0006461;GO:0051082
FGSG_13422,3,0.4109595179550527,1.217606268234646,FGSG_02326;FGSG_02328;FGSG_02329,2,uncharacterized protein,GO:0007155;GO:0030246
FGSG_11438,3,0.4095722163293081,1.2174179919998112,FGSG_02326;FGSG_02327;FGSG_02329,2,uncharacterized protein,
FGSG_03725,3,0.40836212784654885,1.2173278929920999,FGSG_02272;FGSG_02461;FGSG_09456,1,uncharacterized protein,GO:0016021;GO:0055085
FGSG_09903,3,0.4095922838921172,1.2168590901489047,FGSG_04589;FGSG_08601;FGSG_10347,1,kinase byr1,GO:0000196;GO:0000751;GO:0001402;GO:0001403;GO:0004674;GO:0004708;GO:0005524;GO:0005634;GO:0005829;GO:0007124;GO:0010525;GO:0032153;GO:0043332;GO:0051286;GO:0071507;GO:0071508;GO:1903695
FGSG_11032,3,0.4082750642168885,1.2157116720311774,FGSG_02329;FGSG_08078;FGSG_12211,2,galactose oxidase precursor,GO:0005576;GO:0045480;GO:0046872;GO:0055114
FGSG_05545,3,0.4101706227450977,1.2150353157207858,FGSG_00330;FGSG_04458;FGSG_08601,1,GPI mannosyltransferase 3,GO:0004584;GO:0005789;GO:0006506;GO:0016021;GO:0097502
FGSG_04981,3,0.4126968242107838,1.2148402602932515,FGSG_02272;FGSG_02461;FGSG_03894,1,uncharacterized protein,GO:0005634;GO:0005829;GO:0016301;GO:0016310
FGSG_03160,3,0.4061850730396233,1.2146944922822456,FGSG_02326;FGSG_02328;FGSG_02329,2,uncharacterized protein,GO:0008152;GO:0016829
FGSG_08948,3,0.4110989585789721,1.214354610612731,FGSG_00743;FGSG_04589;FGSG_08712,1,uncharacterized protein,GO:0000156;GO:0000165;GO:0000167;GO:0004707;GO:0005737;GO:0007234;GO:0010971;GO:0030295;GO:0031098;GO:0031435;GO:0031954;GO:0032153;GO:0032872;GO:0042803;GO:1990315;GO:2000251
FGSG_13137,3,0.4090606968723359,1.2139142248692272,FGSG_02326;FGSG_02328;FGSG_02329,2,uncharacterized protein,GO:0005743;GO:0006099;GO:0008177;GO:0022900;GO:0035091;GO:0050660
FGSG_10839,3,0.41001230856078813,1.2134873726067397,FGSG_02327;FGSG_03842;FGSG_13952,2,uncharacterized protein,GO:0000166;GO:0003899;GO:0006351
FGSG_07276,3,0.40941750266766586,1.213206877164573,FGSG_04589;FGSG_08601;FGSG_10347,1,uncharacterized protein,GO:0016491;GO:0055114
FGSG_10086,3,0.4071726203981972,1.2121138210785194,FGSG_02326;FGSG_02327;FGSG_02329,2,uncharacterized protein,
FGSG_01881,3,0.40455193549986973,1.212110891711344,FGSG_02272;FGSG_03061;FGSG_05610,1,uncharacterized protein,GO:0000838;GO:0000839;GO:0008270;GO:0016021;GO:0016567;GO:0016874;GO:0030433;GO:0030968;GO:0031505;GO:0061630
FGSG_04142,3,0.40604450602541414,1.2110657266452092,FGSG_02272;FGSG_02461;FGSG_05610,1,uncharacterized protein,
FGSG_12781,3,0.4063798550855044,1.2100212657264295,FGSG_02326;FGSG_02328;FGSG_02329,2,uncharacterized protein,GO:0000124;GO:0000183;GO:0000781;GO:0001786;GO:0003677;GO:0003682;GO:0003713;GO:0004402;GO:0005671;GO:0006348;GO:0006357;GO:0008270;GO:0010520;GO:0016573;GO:0035066;GO:0046695;GO:0071470
FGSG_06503,3,0.40776607940668064,1.2092977783917842,FGSG_03894;FGSG_04589;FGSG_10922,1,uncharacterized protein,GO:0000981;GO:0003677;GO:0005634;GO:0006351;GO:0006357;GO:0008270
FGSG_09540,3,0.40486095398093114,1.2087882616530305,FGSG_03548;FGSG_09456;FGSG_09834,1,uncharacterized protein,
FGSG_09928,2,0.4527283952046383,0.8767016009382472,FGSG_03894;FGSG_08774,1,uncharacterized protein,GO:0005768;GO:0005794;GO:0016021;GO:0016192;GO:0032120;GO:0032153;GO:0044853;GO:0051286;GO:0070056
FGSG_09515,2,0.4380721077611166,0.8699181224126116,FGSG_03894;FGSG_10922,1,uncharacterized protein,GO:0005388;GO:0005524;GO:0016021;GO:0046872;GO:0070588
FGSG_06775,2,0.4367708280133388,0.8695738257953064,FGSG_03894;FGSG_10922,1,uncharacterized protein,
FGSG_09980,2,0.440916166986823,0.8669290647390655,FGSG_03894;FGSG_10922,1,"1,3-beta-glucanosyltransferase gel1 precursor",GO:0005886;GO:0006074;GO:0009277;GO:0016021;GO:0016787;GO:0031225;GO:0042124
FGSG_02918,2,0.43749261606897694,0.8611931615905485,FGSG_03894;FGSG_10922,1,uncharacterized protein,GO:0004190;GO:0006508
FGSG_09887,2,0.44101550164122527,0.8581933361315641,FGSG_03894;FGSG_08774,1,uncharacterized protein,GO:0016301;GO:0016310
FGSG_06645,2,0.43225412267284635,0.8578796621678038,FGSG_03894;FGSG_10922,1,uncharacterized protein,GO:0004806;GO:0005525;GO:0005783;GO:0005794;GO:0006886;GO:0016021;GO:0016042;GO:0016192
FGSG_10949,2,0.4293919216558098,0.8563759230758101,FGSG_03894;FGSG_10922,1,homoaconitase,GO:0004409;GO:0005739;GO:0019878;GO:0046872;GO:0051539
FGSG_10585,2,0.43666980708982295,0.8545287254325113,FGSG_03894;FGSG_10922,1,uncharacterized protein,
FGSG_08350,2,0.43369526243348605,0.8535382722746012,FGSG_03894;FGSG_10922,1,serine hydroxymethyltransferase,GO:0004372;GO:0006544;GO:0006563;GO:0008168;GO:0030170;GO:0032259;GO:0035999
FGSG_05068,2,0.4270941992809394,0.8518187241133215,FGSG_03842;FGSG_13952,2,uncharacterized protein,GO:0000981;GO:0005634;GO:0006357;GO:0008270
FGSG_08750,2,0.42688115831124096,0.8499915820735493,FGSG_03894;FGSG_10922,1,uncharacterized protein,
FGSG_03190,2,0.4275311605739227,0.8485778680444593,FGSG_03894;FGSG_10922,1,uncharacterized protein,
FGSG_01409,2,0.4259799845083499,0.8484045052896945,FGSG_03842;FGSG_13952,2,uncharacterized protein,
FGSG_05458,2,0.43890164777244844,0.8474512171624943,FGSG_03894;FGSG_08774,1,uncharacterized protein,
FGSG_09698,2,0.42453702567864215,0.846774283842549,FGSG_03894;FGSG_10922,1,uncharacterized protein,
FGSG_01595,2,0.4370100298147449,0.8464030943715173,FGSG_00765;FGSG_03894,1,uncharacterized protein,
FGSG_04146,2,0.4307861825711629,0.845049896131254,FGSG_03894;FGSG_10922,1,uncharacterized protein,GO:0005975;GO:0008061;GO:0016810
FGSG_00174,2,0.4340999619975641,0.8445243236117257,FGSG_03894;FGSG_10922,1,uncharacterized protein,GO:0008080
FGSG_12864,2,0.424467088683876,0.8443548530368952,FGSG_00743;FGSG_03894,1,uncharacterized protein,GO:0003676;GO:0046872
FGSG_06537,2,0.43269692797928283,0.8435843710590905,FGSG_03894;FGSG_10922,1,N amino acid transport system protein,GO:0016021
FGSG_11903,2,0.42601509967737194,0.8426503397033194,FGSG_03894;FGSG_10922,1,uncharacterized protein,GO:0004568;GO:0005975;GO:0006032
FGSG_03068,2,0.4236796602898583,0.842141927627104,FGSG_03842;FGSG_13952,2,uncharacterized protein,GO:0000981;GO:0003677;GO:0005634;GO:0006351;GO:0006357;GO:0008270
FGSG_07431,2,0.43774878966338593,0.8414750174426481,FGSG_03894;FGSG_08774,1,uncharacterized protein,GO:0005743;GO:0006744;GO:0045333;GO:0048039
FGSG_06673,2,0.43812598452769125,0.840312496814923,FGSG_03894;FGSG_08774,1,uncharacterized protein,
FGSG_07894,2,0.4341156054448051,0.8401040362416574,FGSG_03894;FGSG_08774,1,uncharacterized protein,GO:0005315;GO:0006817;GO:0016021;GO:0055085
FGSG_01964,2,0.4314036541588552,0.8393483320637047,FGSG_00765;FGSG_03894,1,uncharacterized protein,GO:0003677;GO:0003774;GO:0004100;GO:0005524;GO:0016021;GO:0016459
FGSG_10355,2,0.4289058473033945,0.8384785185905752,FGSG_00765;FGSG_03894,1,uncharacterized protein,GO:0003735;GO:0005762;GO:0032543
FGSG_10248,2,0.429710791692276,0.8380436626488932,FGSG_03894;FGSG_10922,1,uncharacterized protein,
FGSG_07013,2,0.4220755962478298,0.8378523974133238,FGSG_03894;FGSG_10922,1,uncharacterized protein,GO:0003677;GO:0003910;GO:0005524;GO:0006266;GO:0006281;GO:0006310
FGSG_06010,2,0.43236511535027655,0.8355298198324644,FGSG_03894;FGSG_08774,1,uncharacterized protein,
FGSG_00959,2,0.4336282269059756,0.8351718368275949,FGSG_03894;FGSG_05610,1,uncharacterized protein,
FGSG_02444,2,0.43327783567701844,0.834627503033641,FGSG_03894;FGSG_10922,1,uncharacterized protein,GO:0008080
FGSG_13963,2,0.4197178705860526,0.8344151924015928,FGSG_03894;FGSG_10922,1,uncharacterized protein,GO:0003857;GO:0006631;GO:0055114
FGSG_04499,2,0.4238405768839129,0.833899275816822,FGSG_02271;FGSG_02272,1,uncharacterized protein,GO:0016740
FGSG_03318,2,0.41812913324569734,0.8336126732752625,FGSG_03842;FGSG_13952,2,uncharacterized protein,GO:0016021
FGSG_00738,2,0.4184635063636957,0.8333445191067257,FGSG_00743;FGSG_03894,1,uncharacterized protein,GO:0016021
FGSG_06355,2,0.42272268048964484,0.8329990520638338,FGSG_03894;FGSG_10922,1,uncharacterized protein,GO:0005634
FGSG_01620,2,0.4258289208706023,0.8318422242405912,FGSG_03894;FGSG_08774,1,uncharacterized protein,GO:0001671;GO:0005789;GO:0016021;GO:0030433;GO:0032781
FGSG_04015,2,0.42364467166051284,0.8315154337295031,FGSG_00007;FGSG_08083,2,uncharacterized protein,
FGSG_10741,2,0.4196745202789981,0.8309644917993984,FGSG_03532;FGSG_08083,2,uncharacterized protein,GO:0010189;GO:0032259;GO:0051741
FGSG_02022,2,0.4284684986658915,0.8308242579336067,FGSG_03894;FGSG_10922,1,"1,3-beta-glucanosyltransferase gel4 precursor",GO:0000936;GO:0005621;GO:0005739;GO:0005886;GO:0005975;GO:0006342;GO:0016021;GO:0030134;GO:0030447;GO:0031225;GO:0031505;GO:0034399;GO:0042124;GO:0045121
FGSG_02550,2,0.42855211826751216,0.8305712566465714,FGSG_03894;FGSG_08774,1,uncharacterized protein,GO:0004601;GO:0006979;GO:0020037;GO:0046872;GO:0055114;GO:0098869
FGSG_09038,2,0.4230037092477822,0.8302191699662476,FGSG_03894;FGSG_10922,1,uncharacterized protein,
FGSG_06308,2,0.41794092477404354,0.8299835129767092,FGSG_03894;FGSG_10922,1,uncharacterized protein,GO:0003735;GO:0005739;GO:0015935;GO:0032543
FGSG_03650,2,0.42257621566217957,0.8298854200378712,FGSG_02324;FGSG_02325,2,uncharacterized protein,GO:0003677;GO:0005634;GO:0006351;GO:0008270;GO:0016021;GO:0016787
FGSG_12934,2,0.4209968882069908,0.8296477061002231,FGSG_09456;FGSG_09834,1,anthranilate synthase component 1,GO:0000162;GO:0004049;GO:0005634;GO:0005829
FGSG_12442,2,0.41782365761233914,0.8295282533744636,FGSG_00007;FGSG_03532,2,uncharacterized protein,GO:0005634;GO:0005829;GO:0016884
FGSG_07214,2,0.42367441472199696,0.8292455431328356,FGSG_03894;FGSG_10922,1,pre-mRNA-splicing factor cwc22,GO:0000398;GO:0003723;GO:0071006
FGSG_07516,2,0.41644021267012804,0.8290842402614547,FGSG_04589;FGSG_08601,1,uncharacterized protein,GO:0005524;GO:0005794;GO:0005886;GO:0015421;GO:0016021;GO:0032153;GO:0035672;GO:0043332;GO:0051286;GO:1990847
FGSG_12505,2,0.41992539064374756,0.8289940109339236,FGSG_03532;FGSG_08083,2,uncharacterized protein,GO:0016021;GO:0055085
FGSG_13370,2,0.42294545680345613,0.8277914017272279,FGSG_03894;FGSG_08774,1,uncharacterized protein,GO:0000183;GO:0005737;GO:0006769;GO:0008757;GO:0032259
FGSG_09066,2,0.4162365050229801,0.8274177535499091,FGSG_03532;FGSG_08083,2,uncharacterized protein,
FGSG_01765,2,0.4217613023019659,0.8273395909193408,FGSG_03532;FGSG_08083,2,uncharacterized protein,GO:0016021;GO:0033961
FGSG_08843,2,0.42240408214769626,0.827239428003375,FGSG_01866;FGSG_08083,2,uncharacterized protein,GO:0008152;GO:0016874
FGSG_12774,2,0.42692380339936326,0.8271462139158297,FGSG_03894;FGSG_08774,1,uncharacterized protein,
FGSG_03148,2,0.4174325777082298,0.8270367923600542,FGSG_03532;FGSG_08083,2,uncharacterized protein,GO:0005634;GO:0005829
FGSG_06215,2,0.4151405544549829,0.8269717010326857,FGSG_03894;FGSG_10922,1,uncharacterized protein,GO:0004506;GO:0005783;GO:0005811;GO:0006696;GO:0008144;GO:0016021;GO:0050660;GO:0055114
FGSG_11939,2,0.4200414756225557,0.82673350688185,FGSG_03894;FGSG_10922,1,uncharacterized protein,GO:0005245;GO:0005509;GO:0005891;GO:0034765;GO:0070588
FGSG_10146,2,0.4182965129062313,0.8264075899059444,FGSG_03842;FGSG_13952,2,uncharacterized protein,GO:0004180;GO:0006508;GO:0035241;GO:0035247
FGSG_03765,2,0.42618802772814934,0.8262726765670121,FGSG_08083;FGSG_13952,2,uncharacterized protein,
FGSG_10323,2,0.419893759988857,0.8262302120269633,FGSG_01866;FGSG_08083,2,uncharacterized protein,
FGSG_03088,2,0.41676706981327033,0.8261998155642628,FGSG_03842;FGSG_13952,2,uncharacterized protein,GO:0051213;GO:0055114
FGSG_10222,2,0.4143519494767372,0.8260455095701191,FGSG_03894;FGSG_10922,1,uncharacterized protein,GO:0005886;GO:0016021
FGSG_07412,2,0.4163347352560032,0.8256049301498289,FGSG_09456;FGSG_09834,1,uncharacterized protein,GO:0005789;GO:0016021
FGSG_09337,2,0.41694311858443883,0.8251275619041062,FGSG_00007;FGSG_08083,2,uncharacterized protein,GO:0016884
FGSG_07865,2,0.4213686449954208,0.8242937738002472,FGSG_02461;FGSG_03894,1,uncharacterized protein,GO:0005739;GO:0009107
FGSG_02749,2,0.4175380430196037,0.8235850285867139,FGSG_03894;FGSG_10922,1,uncharacterized protein,GO:0005524;GO:0016021;GO:0042626;GO:0055085
FGSG_08446,2,0.4154501660044302,0.8235054548731708,FGSG_03894;FGSG_10922,1,rho GTPase 1,GO:0000001;GO:0003924;GO:0005509;GO:0005525;GO:0005635;GO:0005829;GO:0007264;GO:0010821;GO:0031307;GO:0032865;GO:0055091;GO:1990456
FGSG_08272,2,0.4193759221744801,0.823466909575349,FGSG_02324;FGSG_02327,2,uncharacterized protein,
FGSG_05822,2,0.41982285638162,0.8234046342065473,FGSG_09456;FGSG_09834,1,uncharacterized protein,GO:0005829;GO:0006541;GO:0016740
FGSG_13377,2,0.4141890664475313,0.8234020499594044,FGSG_03894;FGSG_10922,1,uncharacterized protein,GO:0016021
FGSG_03831,2,0.41272008124762233,0.8231234648191783,FGSG_03532;FGSG_08083,2,uncharacterized protein,GO:0016021;GO:0016491;GO:0055114
FGSG_12711,2,0.416136951673275,0.8230354376599935,FGSG_03894;FGSG_04589,1,uncharacterized protein,GO:0000723;GO:0000727;GO:0000784;GO:0000981;GO:0003684;GO:0003723;GO:0004003;GO:0005635;GO:0006303;GO:0006333;GO:0006357;GO:0008270;GO:0030466;GO:0032508;GO:0042162;GO:0043564;GO:0097552
FGSG_13142,2,0.41875663223072745,0.8229468110337831,FGSG_03894;FGSG_10922,1,uncharacterized protein,GO:0016740
FGSG_10595,2,0.411539692511035,0.8227332182606844,FGSG_08083;FGSG_13952,2,uncharacterized protein,GO:0004252;GO:0006508
FGSG_06125,2,0.41577782259941903,0.8226501940198593,FGSG_08083;FGSG_13952,2,uncharacterized protein,GO:0005634
FGSG_08624,2,0.4121549973676344,0.8223483687746398,FGSG_03532;FGSG_08083,2,uncharacterized protein,GO:0008168;GO:0032259
FGSG_08490,2,0.4192245981301945,0.8223243895954169,FGSG_00765;FGSG_03894,1,uncharacterized protein,
FGSG_03095,2,0.4193012648020332,0.8222607771493134,FGSG_02324;FGSG_02327,2,uncharacterized protein,GO:0016787
FGSG_10811,2,0.4137663345268679,0.8217574466699427,FGSG_00743;FGSG_03894,1,uncharacterized protein,
FGSG_04290,2,0.4125532558119242,0.821316647217549,FGSG_02461;FGSG_09012,1,histone H3,GO:0000786;GO:0003677;GO:0005643;GO:0006334;GO:0006913;GO:0017056;GO:0046982
FGSG_03674,2,0.41142390358445646,0.8209654198399492,FGSG_03532;FGSG_08083,2,uncharacterized protein,
FGSG_09691,2,0.4169117609302709,0.8209637508154084,FGSG_03894;FGSG_10922,1,uncharacterized protein,
FGSG_02992,2,0.4104212042840066,0.8207247148225695,FGSG_03842;FGSG_13952,2,uncharacterized protein,GO:0016021;GO:0055085
FGSG_01115,2,0.41050709919702116,0.8206112488915136,FGSG_03842;FGSG_13952,2,uncharacterized protein,GO:0016311;GO:0016791
FGSG_05619,2,0.41182442449465273,0.8206072259890733,FGSG_03894;FGSG_10922,1,clathrin heavy chain,GO:0005198;GO:0006886;GO:0006897;GO:0030130;GO:0030132
FGSG_05468,2,0.418283975520455,0.8201671574641721,FGSG_02324;FGSG_02325,2,uncharacterized protein,GO:0008168;GO:0019825;GO:0020037;GO:0032259
FGSG_10135,2,0.41004172144225043,0.8195894265496595,FGSG_00765;FGSG_03894,1,uncharacterized protein,
FGSG_04888,2,0.413766650898907,0.818815761048106,FGSG_03894;FGSG_10922,1,uncharacterized protein,GO:0000978;GO:0001077;GO:0005634;GO:0006366;GO:0008270;GO:0035948;GO:0061414;GO:2000218
FGSG_02667,2,0.411318170236627,0.8188008413361494,FGSG_02326;FGSG_02329,2,uncharacterized protein,
FGSG_05384,2,0.41714359331990875,0.8186181863471561,FGSG_00007;FGSG_03539,2,uncharacterized protein,GO:0000139;GO:0005351;GO:0008643;GO:0015992;GO:0016021
FGSG_12430,2,0.4124669434077357,0.8185305732342405,FGSG_02326;FGSG_02329,2,uncharacterized protein,GO:0005525
FGSG_05763,2,0.4093011893688195,0.8183155458114486,FGSG_03842;FGSG_13952,2,uncharacterized protein,
FGSG_09687,2,0.4159028981032269,0.8181452960049436,FGSG_00743;FGSG_03894,1,uncharacterized protein,
FGSG_06276,2,0.4177204812412229,0.8177649231915352,FGSG_02461;FGSG_09012,1,uncharacterized protein,GO:0006450
FGSG_10763,2,0.4103710498082711,0.8177641252461556,FGSG_00743;FGSG_03894,1,uncharacterized protein,GO:0005876;GO:0008608;GO:0042729
FGSG_04299,2,0.41339868033913857,0.8173464221775133,FGSG_03546;FGSG_08601,1,uncharacterized protein,GO:0006072;GO:0009331;GO:0016021;GO:0052591;GO:0055114
FGSG_06264,2,0.41234374323740053,0.8172541424536803,FGSG_02461;FGSG_09012,1,uncharacterized protein,GO:0016021
FGSG_05510,2,0.4139239650283291,0.8171950067987186,FGSG_02324;FGSG_02325,2,uncharacterized protein,GO:0003924;GO:0005525;GO:0005794;GO:0006886;GO:0007264;GO:0033365;GO:0042175;GO:0043001
FGSG_01007,2,0.40877308217568925,0.8171215261471491,FGSG_03842;FGSG_13952,2,DNA replication complex GINS protein PSF1,GO:0000727;GO:0000811;GO:0005829;GO:0031298;GO:1902975;GO:1902983
FGSG_05584,2,0.4108016332264981,0.8171171631588916,FGSG_03842;FGSG_13952,2,uncharacterized protein,GO:0016021
FGSG_11562,2,0.4169193605852737,0.8171081829734805,FGSG_03894;FGSG_10922,1,uncharacterized protein,GO:0016787
FGSG_08177,2,0.4122361239541045,0.817037742321435,FGSG_02326;FGSG_02329,2,uncharacterized protein,GO:0016021;GO:0022891;GO:0055085
FGSG_09576,2,0.4108970196325917,0.8166979362103188,FGSG_02324;FGSG_03842,2,uncharacterized protein,GO:0016021
FGSG_06718,2,0.4136145400489047,0.8164254869404346,FGSG_09456;FGSG_09834,1,uncharacterized protein,GO:0004035;GO:0004721;GO:0006470
FGSG_05125,2,0.41312552370082667,0.816311422673208,FGSG_09456;FGSG_09834,1,uncharacterized protein,GO:0016021
FGSG_11054,2,0.4154885945376743,0.8162970831244947,FGSG_03546;FGSG_08601,1,homocitrate synthase,GO:0019752;GO:0046912
FGSG_02933,2,0.41096684575081543,0.8162394065667523,FGSG_02326;FGSG_02329,2,uncharacterized protein,GO:0016021
FGSG_06680,2,0.4161200994955573,0.816222797955191,FGSG_00007;FGSG_08083,2,uncharacterized protein,GO:0000282;GO:0005634;GO:0005737;GO:0005886;GO:0005935;GO:0008105;GO:0051666
FGSG_05416,2,0.41071330268899187,0.8161008196325285,FGSG_03842;FGSG_13952,2,uncharacterized protein,
FGSG_00347,2,0.41146107236795976,0.8160751847973485,FGSG_03894;FGSG_10922,1,uncharacterized protein,
FGSG_09352,2,0.41017889841227523,0.8158788088669072,FGSG_03842;FGSG_13952,2,uncharacterized protein,GO:0016021
FGSG_05624,2,0.4101207120355917,0.8154979337432053,FGSG_02326;FGSG_02329,2,uncharacterized protein,GO:0003830;GO:0006487;GO:0016021
FGSG_02817,2,0.4106259429359385,0.8153864193392433,FGSG_02326;FGSG_02329,2,uncharacterized protein,
FGSG_07162,2,0.41227572208517427,0.8153317953844448,FGSG_03894;FGSG_10922,1,uncharacterized protein,GO:0003941;GO:0004794;GO:0006565;GO:0006567;GO:0030170;GO:0042645
FGSG_11576,2,0.4128977434396181,0.8151786560785792,FGSG_03532;FGSG_08083,2,uncharacterized protein,
FGSG_11594,2,0.4102229271226833,0.8151472882623836,FGSG_00007;FGSG_03539,2,uncharacterized protein,GO:0003972;GO:0004113;GO:0005524;GO:0005637;GO:0005829;GO:0006388;GO:0016310;GO:0030969;GO:0032056;GO:0051730
FGSG_11932,2,0.4082803572880333,0.8145363454514813,FGSG_00765;FGSG_03894,1,uncharacterized protein,
FGSG_01889,2,0.40759064149686425,0.8143989387996318,FGSG_03546;FGSG_03548,1,uncharacterized protein,
FGSG_06710,2,0.4082503872028969,0.8143075439763716,FGSG_02326;FGSG_02329,2,uncharacterized protein,GO:0000288;GO:0003729;GO:0007005;GO:0008298;GO:0009060;GO:0032473;GO:0051646
FGSG_02809,2,0.4099202266750153,0.814306522639399,FGSG_02326;FGSG_02329,2,uncharacterized protein,
FGSG_10179,2,0.4129432410316307,0.8142510353771891,FGSG_03532;FGSG_08083,2,multiprotein-bridging factor 1,GO:0003713;GO:0005634;GO:0005739;GO:0006351;GO:0043565;GO:0045944
FGSG_10177,2,0.41347112494574834,0.8136279620392682,FGSG_03532;FGSG_08083,2,uncharacterized protein,GO:0008152;GO:0016846
FGSG_07549,2,0.4132381199144692,0.8135165874861836,FGSG_02324;FGSG_02325,2,uncharacterized protein,GO:0000400;GO:0000710;GO:0005524;GO:0005829;GO:0016887;GO:0032137;GO:0032138;GO:0032301;GO:0036297;GO:0043570
FGSG_03418,2,0.4078405361307291,0.8131440062119687,FGSG_00765;FGSG_03894,1,chitin synthase 1,GO:0004100;GO:0006031;GO:0016021
FGSG_01803,2,0.40895114545650213,0.8130660924510936,FGSG_00765;FGSG_03894,1,alpha-galactosidase C precursor,GO:0005975;GO:0052692
FGSG_12869,2,0.4077324502237303,0.8130031999577161,FGSG_02327;FGSG_08083,2,uncharacterized protein,
FGSG_00138,2,0.41218271303822135,0.8129945405069792,FGSG_03532;FGSG_08083,2,uncharacterized protein,GO:0016620;GO:0051287;GO:0055114
FGSG_01897,2,0.408329642370958,0.8129577525045284,FGSG_03842;FGSG_13952,2,uncharacterized protein,GO:0016021;GO:0016740
FGSG_08468,2,0.4073731622411257,0.8129083437553313,FGSG_02326;FGSG_02329,2,cell division control protein 2,GO:0000235;GO:0000307;GO:0000706;GO:0000993;GO:0004693;GO:0005524;GO:0005634;GO:0005783;GO:0005816;GO:0005840;GO:0005935;GO:0006338;GO:0006370;GO:0007130;GO:0010568;GO:0010569;GO:0010570;GO:0010571;GO:0010696;GO:0010898;GO:0016192;GO:0018105;GO:0032880;GO:0042393;GO:0045875;GO:0045892;GO:0045930;GO:0045931;GO:0045944;GO:0051301;GO:0051446;GO:0051447;GO:0070816;GO:2001033
FGSG_05137,2,0.4095480470432032,0.8127272574836917,FGSG_03548;FGSG_09834,1,uncharacterized protein,GO:0005730;GO:0005737;GO:0016021;GO:0016151;GO:0019627
FGSG_00375,2,0.4072295099020667,0.8125236096611261,FGSG_04589;FGSG_08601,1,uncharacterized protein,GO:0006744;GO:0016709;GO:0016712;GO:0031314;GO:0055114;GO:0071949
FGSG_06350,2,0.4113022740173308,0.811973442172438,FGSG_03894;FGSG_05610,1,uncharacterized protein,GO:0005794;GO:0006886;GO:0016192;GO:0030131
FGSG_00760,2,0.40884991583770053,0.8119522037661915,FGSG_02326;FGSG_02329,2,uncharacterized protein,GO:0000166;GO:0003676
FGSG_10364,2,0.4079721045194995,0.8118805342027835,FGSG_02324;FGSG_02903,2,uncharacterized protein,GO:0000981;GO:0005634;GO:0006357;GO:0008270
FGSG_13711,2,0.40880822956889057,0.8118308668691232,FGSG_02326;FGSG_02329,2,uncharacterized protein,GO:0003676;GO:0046872
FGSG_13212,2,0.40594041124718194,0.8116219487902037,FGSG_02324;FGSG_02903,2,uncharacterized protein,
FGSG_08590,2,0.4103099833493852,0.811340263219889,FGSG_02326;FGSG_02327,2,uncharacterized protein,GO:0016021
FGSG_12543,2,0.406968477789233,0.8112482424397264,FGSG_03894;FGSG_05610,1,uncharacterized protein,
FGSG_01930,2,0.40574582829959793,0.8112182248346846,FGSG_00765;FGSG_03894,1,uncharacterized protein,GO:0016021;GO:0055085
FGSG_08983,2,0.4069803863330262,0.8112033863085055,FGSG_02326;FGSG_02329,2,uncharacterized protein,
FGSG_08661,2,0.4057455225054618,0.8111472444566239,FGSG_09456;FGSG_09834,1,uncharacterized protein,
FGSG_01640,2,0.4085088727522318,0.8110787407375503,FGSG_03842;FGSG_13952,2,"alpha-1,3-mannosyltransferase alg-2",GO:0006490;GO:0016021;GO:0016757
FGSG_08516,2,0.40741252925264543,0.8102002676471464,FGSG_03894;FGSG_10922,1,uncharacterized protein,GO:0005737;GO:0008134;GO:0008270;GO:0030174;GO:0031939;GO:0032221;GO:0033698;GO:0035064;GO:0061186;GO:0061188;GO:0070210
FGSG_01575,2,0.4055278057682285,0.810156117525634,FGSG_02327;FGSG_08083,2,uncharacterized protein,GO:0003743;GO:0005085;GO:0005851;GO:0006413;GO:0006446;GO:0032045;GO:0043547
FGSG_09116,2,0.4056367366019947,0.8101409828475726,FGSG_02326;FGSG_02329,2,uncharacterized protein,GO:0005524
FGSG_10600,2,0.4092606381108234,0.8100798977042728,FGSG_02326;FGSG_02329,2,uncharacterized protein,
FGSG_12577,2,0.40901089661076795,0.8100325935120346,FGSG_02461;FGSG_03894,1,pre-mRNA-splicing factor slt-11,GO:0000166;GO:0000398;GO:0000974;GO:0003676;GO:0005681
FGSG_06225,2,0.4086608946408154,0.810017607987731,FGSG_09456;FGSG_09834,1,uncharacterized protein,GO:0003676;GO:0005829;GO:0006139;GO:0008168;GO:0032259
FGSG_02624,2,0.4092110307596644,0.8100083160135076,FGSG_02324;FGSG_02325,2,iron sulfur cluster assembly protein 1,GO:0005506;GO:0005759;GO:0006879;GO:0036455;GO:0043234;GO:0044571;GO:0051537;GO:0097428
FGSG_07346,2,0.40785178162761104,0.8099942883885918,FGSG_09456;FGSG_09834,1,uncharacterized protein,
FGSG_06479,2,0.4096799083546586,0.8099632366871792,FGSG_03894;FGSG_10922,1,uncharacterized protein,
FGSG_10041,2,0.40744383694135555,0.8096952583275085,FGSG_02272;FGSG_05610,1,uncharacterized protein,GO:0005783;GO:0016021;GO:0051301
FGSG_12561,2,0.40864645423094115,0.8096868133807082,FGSG_02326;FGSG_02329,2,uncharacterized protein,GO:0005524
FGSG_02555,2,0.4073865072939714,0.8095011861083247,FGSG_03992;FGSG_09834,1,glutaminyl-tRNA synthetase,GO:0004819;GO:0005524;GO:0005739;GO:0005829;GO:0006425
FGSG_04512,2,0.40608264163024516,0.8094590278973268,FGSG_02324;FGSG_02903,2,uncharacterized protein,GO:0005524;GO:0016021;GO:0016787;GO:0046872
FGSG_09158,2,0.4063812662840859,0.8094340897251852,FGSG_02272;FGSG_02461,1,uncharacterized protein,GO:0005739;GO:0016021;GO:0043022
FGSG_08065,2,0.40511665234081856,0.8093961834672546,FGSG_00007;FGSG_08081,2,uncharacterized protein,
FGSG_05773,2,0.4064179132235447,0.809386157624163,FGSG_03842;FGSG_13952,2,uncharacterized protein,
FGSG_03032,2,0.40753700952705935,0.8090432192717392,FGSG_02326;FGSG_02329,2,uncharacterized protein,GO:0005524;GO:0016021;GO:0042626;GO:0055085
FGSG_12878,2,0.405872834618501,0.8086260395811443,FGSG_00330;FGSG_08601,1,uncharacterized protein,GO:0000149;GO:0004190;GO:0005886;GO:0006511;GO:0009306;GO:0016192;GO:0043130
FGSG_07919,2,0.40544217794409504,0.8084738380049188,FGSG_08081;FGSG_08083,2,uncharacterized protein,
FGSG_12982,2,0.4057598962123773,0.8082909109052179,FGSG_02461;FGSG_09012,1,uncharacterized protein,
FGSG_06052,2,0.4062496846166019,0.8080806071714661,FGSG_03546;FGSG_03548,1,uncharacterized protein,
FGSG_09438,2,0.40597281654487305,0.8078982417068887,FGSG_03894;FGSG_10922,1,ribosomal protein S16,GO:0003735;GO:0005763;GO:0032543
FGSG_06687,2,0.40682004210386713,0.807791349962139,FGSG_00743;FGSG_04589,1,polyadenylation factor subunit 2,GO:0000790;GO:0005730;GO:0005829;GO:0005847;GO:0006378;GO:0006379;GO:0007059
FGSG_09101,2,0.4067713725485261,0.8077349738827906,FGSG_03894;FGSG_10922,1,uncharacterized protein,GO:0016491;GO:0055114
FGSG_03912,2,0.40558679785047796,0.8075401363026447,FGSG_02326;FGSG_02329,2,uncharacterized protein,GO:0000981;GO:0005634;GO:0006357;GO:0008270
FGSG_10978,2,0.4041450238297057,0.8075132213530374,FGSG_02326;FGSG_02329,2,uncharacterized protein,GO:0016757
FGSG_11060,2,0.4042245382123426,0.8074607525297421,FGSG_02326;FGSG_02329,2,uncharacterized protein,
FGSG_01484,2,0.4040999580863627,0.8069988901458764,FGSG_02326;FGSG_02329,2,uncharacterized protein,GO:0008643;GO:0016021;GO:0022891;GO:0055085
FGSG_12270,2,0.40673514548688783,0.8069390801640833,FGSG_02461;FGSG_03894,1,uncharacterized protein,
FGSG_03922,2,0.40506366668216587,0.8069016564864374,FGSG_02326;FGSG_02329,2,uncharacterized protein,GO:0004571;GO:0005509;GO:0008152;GO:0016020
FGSG_03860,2,0.4061494209891604,0.8068146443431183,FGSG_02326;FGSG_02329,2,uncharacterized protein,GO:0004497;GO:0005506;GO:0016705;GO:0020037;GO:0055114
FGSG_13044,2,0.4046738954662105,0.8066672540185118,FGSG_02326;FGSG_02329,2,uncharacterized protein,
FGSG_08043,2,0.4038789951999616,0.8065738068588486,FGSG_02326;FGSG_02329,2,uncharacterized protein,GO:0000981;GO:0005634;GO:0006357;GO:0008270
FGSG_09401,2,0.4059909946582852,0.8065206018837023,FGSG_01866;FGSG_08083,2,uncharacterized protein,GO:0006508;GO:0008233;GO:0016740;GO:0046872
FGSG_11522,2,0.4032504947429644,0.8064593002270695,FGSG_02324;FGSG_03842,2,uncharacterized protein,GO:0005506;GO:0051213;GO:0055114
FGSG_00487,2,0.40589415344732804,0.8063951526320013,FGSG_03546;FGSG_03548,1,uncharacterized protein,GO:0016021
FGSG_08825,2,0.4037772348200939,0.8063012144832189,FGSG_02326;FGSG_02329,2,uncharacterized protein,GO:0016787
FGSG_07541,2,0.40412696987931973,0.8057765725396904,FGSG_02324;FGSG_13952,2,uncharacterized protein,
FGSG_02233,2,0.40310353092856477,0.8057627654000565,FGSG_03894;FGSG_10922,1,uncharacterized protein,GO:0005643;GO:0005829;GO:0006607;GO:0006610;GO:0008139;GO:0008536;GO:0008565;GO:0016021;GO:0031965;GO:0034399;GO:2000220
FGSG_02266,2,0.40337825506275304,0.8057138999819919,FGSG_02326;FGSG_02327,2,uncharacterized protein,GO:0016491;GO:0055114
FGSG_00365,2,0.4049276297713976,0.8054763791353017,FGSG_00765;FGSG_03894,1,DNA-directed RNA polymerases I and III 40 kDa polypeptide,GO:0001054;GO:0001056;GO:0003677;GO:0005666;GO:0005736;GO:0005829;GO:0006360;GO:0042797;GO:0046983
FGSG_00350,2,0.40289175613979,0.8054752178525044,FGSG_02327;FGSG_02903,2,uncharacterized protein,GO:0000781;GO:0005634;GO:0005829;GO:0006335;GO:0006336;GO:0006337;GO:0006348;GO:0006351;GO:0016573;GO:0030466;GO:0032968;GO:0033523;GO:0035066;GO:0042393;GO:0043486;GO:0043618
FGSG_09037,2,0.4051772196458467,0.8052095347304464,FGSG_03894;FGSG_05610,1,uncharacterized protein,GO:0000462;GO:0000469;GO:0004521;GO:0005730;GO:0005737;GO:0030688;GO:0043248;GO:0070181;GO:0090502
FGSG_02143,2,0.40369491212399333,0.8041908255442085,FGSG_02461;FGSG_03894,1,plasma membrane iron permease,GO:0005381;GO:0006827;GO:0033573
FGSG_12898,2,0.40211476895012777,0.8036588264670463,FGSG_09456;FGSG_09834,1,uncharacterized protein,
FGSG_05358,2,0.4016486179501266,0.8030474810090318,FGSG_08082;FGSG_13952,2,uncharacterized protein,
FGSG_02963,2,0.40251192567838506,0.8026016824702207,FGSG_03539;FGSG_13952,2,uncharacterized protein,
FGSG_05631,2,0.40114514937144047,0.8020017062064697,FGSG_02326;FGSG_02327,2,proteasome component PRE3 precursor,GO:0004298;GO:0005634;GO:0005789;GO:0010499;GO:0019774;GO:0034515;GO:0043161
FGSG_12705,2,0.40153619991316725,0.8019371342166906,FGSG_03061;FGSG_05610,1,uncharacterized protein,
FGSG_10992,2,0.40076629119494617,0.8008387889061879,FGSG_03546;FGSG_08601,1,uncharacterized protein,GO:0005975;GO:0016810
FGSG_02338,1,0.8134855499699695,0.8134855499699695,FGSG_09184,11,uncharacterized protein,
FGSG_04702,1,0.8134855499699695,0.8134855499699695,FGSG_09184,11,uncharacterized protein,GO:0016491;GO:0055114
FGSG_04770,1,0.8134855499699695,0.8134855499699695,FGSG_09184,11,uncharacterized protein,GO:0004672;GO:0005524;GO:0006468
FGSG_09467,1,0.8134855499699695,0.8134855499699695,FGSG_09184,11,uncharacterized protein,
FGSG_20591,1,0.8134855499699695,0.8134855499699695,FGSG_09184,11,tRNA-Lys,
FGSG_04796,1,0.8134855499699694,0.8134855499699694,FGSG_09184,11,uncharacterized protein,
FGSG_04861,1,0.8134855499699694,0.8134855499699694,FGSG_09184,11,uncharacterized protein,
FGSG_07533,1,0.8134855499699694,0.8134855499699694,FGSG_09184,11,uncharacterized protein,GO:0005576;GO:0005618;GO:0030599;GO:0042545;GO:0045330;GO:0045490
FGSG_07990,1,0.8134855499699694,0.8134855499699694,FGSG_09184,11,uncharacterized protein,
FGSG_08165,1,0.8134855499699694,0.8134855499699694,FGSG_09184,11,uncharacterized protein,GO:0016021
FGSG_08197,1,0.8134855499699694,0.8134855499699694,FGSG_09184,11,uncharacterized protein,
FGSG_11728,1,0.8134855499699694,0.8134855499699694,FGSG_09184,11,uncharacterized protein,
FGSG_12197,1,0.8134855499699694,0.8134855499699694,FGSG_09184,11,uncharacterized protein,
FGSG_12501,1,0.8134855499699694,0.8134855499699694,FGSG_09184,11,uncharacterized protein,GO:0016021;GO:0055085
FGSG_12504,1,0.8134855499699694,0.8134855499699694,FGSG_09184,11,uncharacterized protein,
FGSG_12834,1,0.8134855499699694,0.8134855499699694,FGSG_09184,11,uncharacterized protein,
FGSG_20744,1,0.8134855499699694,0.8134855499699694,FGSG_09184,11,tRNA-Gln,
FGSG_03728,1,0.8134855499699692,0.8134855499699692,FGSG_09184,11,uncharacterized protein,
FGSG_07760,1,0.8134855499699692,0.8134855499699692,FGSG_09184,11,uncharacterized protein,GO:0000166;GO:0004055;GO:0006520;GO:0044249;GO:1901566
FGSG_12391,1,0.8134855499699692,0.8134855499699692,FGSG_09184,11,uncharacterized protein,
FGSG_02032,1,0.8134855499699691,0.8134855499699691,FGSG_09184,11,uncharacterized protein,GO:0016021
FGSG_03092,1,0.8134855499699691,0.8134855499699691,FGSG_09184,11,uncharacterized protein,
FGSG_03939,1,0.8134855499699691,0.8134855499699691,FGSG_09184,11,uncharacterized protein,GO:0004672;GO:0005524;GO:0006468
FGSG_04462,1,0.8134855499699691,0.8134855499699691,FGSG_09184,11,uncharacterized protein,
FGSG_05825,1,0.8134855499699691,0.8134855499699691,FGSG_09184,11,uncharacterized protein,GO:0016021;GO:0016740
FGSG_06608,1,0.8134855499699691,0.8134855499699691,FGSG_09184,11,uncharacterized protein,
FGSG_06622,1,0.8134855499699691,0.8134855499699691,FGSG_09184,11,uncharacterized protein,GO:0016021;GO:0016853
FGSG_07809,1,0.8134855499699691,0.8134855499699691,FGSG_09184,11,uncharacterized protein,
FGSG_08091,1,0.8134855499699691,0.8134855499699691,FGSG_09184,11,uncharacterized protein,GO:0004222;GO:0006508
FGSG_08185,1,0.8134855499699691,0.8134855499699691,FGSG_09184,11,uncharacterized protein,GO:0008152;GO:0016747
FGSG_08245,1,0.8134855499699691,0.8134855499699691,FGSG_09184,11,uncharacterized protein,
FGSG_08246,1,0.8134855499699691,0.8134855499699691,FGSG_09184,11,uncharacterized protein,GO:0046872
FGSG_08837,1,0.8134855499699691,0.8134855499699691,FGSG_09184,11,uncharacterized protein,
FGSG_10644,1,0.8134855499699691,0.8134855499699691,FGSG_09184,11,uncharacterized protein,GO:0003723;GO:0004540;GO:0090501
FGSG_11040,1,0.8134855499699691,0.8134855499699691,FGSG_09184,11,glutathione S-transferase,GO:0016021;GO:0016740
FGSG_11182,1,0.8134855499699691,0.8134855499699691,FGSG_09184,11,uncharacterized protein,GO:0016021;GO:0022891;GO:0055085
FGSG_11579,1,0.8134855499699691,0.8134855499699691,FGSG_09184,11,uncharacterized protein,GO:0016020
FGSG_11641,1,0.8134855499699691,0.8134855499699691,FGSG_09184,11,uncharacterized protein,
FGSG_11711,1,0.8134855499699691,0.8134855499699691,FGSG_09184,11,uncharacterized protein,
FGSG_12156,1,0.8134855499699691,0.8134855499699691,FGSG_09184,11,uncharacterized protein,GO:0000398;GO:0004519;GO:0005634;GO:0017069;GO:0090305
FGSG_12478,1,0.8134855499699691,0.8134855499699691,FGSG_09184,11,uncharacterized protein,
FGSG_12688,1,0.8134855499699691,0.8134855499699691,FGSG_09184,11,uncharacterized protein,
FGSG_13226,1,0.8134855499699691,0.8134855499699691,FGSG_09184,11,uncharacterized protein,GO:0016021
FGSG_13429,1,0.8134855499699691,0.8134855499699691,FGSG_09184,11,uncharacterized protein,GO:0016021
FGSG_13733,1,0.8134855499699691,0.8134855499699691,FGSG_09184,11,uncharacterized protein,
FGSG_13849,1,0.8134855499699691,0.8134855499699691,FGSG_09184,11,uncharacterized protein,
FGSG_14004,1,0.8134855499699691,0.8134855499699691,FGSG_09184,11,uncharacterized protein,
FGSG_20788,1,0.8134855499699691,0.8134855499699691,FGSG_09184,11,tRNA-Gly,
FGSG_04700,1,0.8070374832038357,0.8070374832038357,FGSG_03122,5,uncharacterized protein,GO:0008643;GO:0016021;GO:0022891;GO:0055085
FGSG_02548,1,0.8070374832038356,0.8070374832038356,FGSG_03122,5,uncharacterized protein,GO:0016021
FGSG_02711,1,0.8070374832038356,0.8070374832038356,FGSG_03122,5,uncharacterized protein,
FGSG_03758,1,0.8070374832038356,0.8070374832038356,FGSG_03122,5,uncharacterized protein,
FGSG_06249,1,0.8070374832038356,0.8070374832038356,FGSG_03122,5,uncharacterized protein,
FGSG_11983,1,0.8070374832038356,0.8070374832038356,FGSG_03122,5,uncharacterized protein,
FGSG_03350,1,0.8070374832038355,0.8070374832038355,FGSG_03122,5,uncharacterized protein,GO:0006950;GO:0016021
FGSG_03612,1,0.8070374832038355,0.8070374832038355,FGSG_03122,5,uncharacterized protein,GO:0016788
FGSG_03615,1,0.8070374832038355,0.8070374832038355,FGSG_03122,5,uncharacterized protein,GO:0016614;GO:0055114
FGSG_04742,1,0.807037483203832,0.807037483203832,FGSG_03122,5,uncharacterized protein,GO:0016021
FGSG_05061,1,0.807037483203832,0.807037483203832,FGSG_03122,5,uncharacterized protein,
FGSG_12674,1,0.807037483203832,0.807037483203832,FGSG_03122,5,uncharacterized protein,
FGSG_00079,1,0.8070374832038318,0.8070374832038318,FGSG_03122,5,uncharacterized protein,
FGSG_03470,1,0.8070374832038318,0.8070374832038318,FGSG_03122,5,uncharacterized protein,
FGSG_07976,1,0.8070374832038318,0.8070374832038318,FGSG_03122,5,uncharacterized protein,
FGSG_08050,1,0.8070374832038318,0.8070374832038318,FGSG_03122,5,uncharacterized protein,GO:0016020
FGSG_08074,1,0.8070374832038318,0.8070374832038318,FGSG_03122,5,uncharacterized protein,
FGSG_08161,1,0.8070374832038318,0.8070374832038318,FGSG_03122,5,uncharacterized protein,
FGSG_08169,1,0.8070374832038318,0.8070374832038318,FGSG_03122,5,uncharacterized protein,GO:0003333;GO:0015171;GO:0016021
FGSG_10575,1,0.8070374832038318,0.8070374832038318,FGSG_03122,5,uncharacterized protein,GO:0016021
FGSG_10633,1,0.8070374832038318,0.8070374832038318,FGSG_03122,5,uncharacterized protein,GO:0016020
FGSG_10651,1,0.8070374832038318,0.8070374832038318,FGSG_03122,5,uncharacterized protein,GO:0016021;GO:0016491;GO:0055114;GO:0071949
FGSG_10715,1,0.8070374832038318,0.8070374832038318,FGSG_03122,5,uncharacterized protein,GO:0016021
FGSG_11726,1,0.8070374832038318,0.8070374832038318,FGSG_03122,5,uncharacterized protein,GO:0000775;GO:0003677;GO:0003682;GO:0005634;GO:0046872
FGSG_11860,1,0.8070374832038318,0.8070374832038318,FGSG_03122,5,uncharacterized protein,
FGSG_11972,1,0.8070374832038318,0.8070374832038318,FGSG_03122,5,uncharacterized protein,GO:0016020
FGSG_11973,1,0.8070374832038318,0.8070374832038318,FGSG_03122,5,phosphate-repressible phosphate permease,GO:0005315;GO:0006817;GO:0016021;GO:0055085
FGSG_12121,1,0.8070374832038318,0.8070374832038318,FGSG_03122,5,uncharacterized protein,GO:0016021
FGSG_12236,1,0.8070374832038318,0.8070374832038318,FGSG_03122,5,uncharacterized protein,
FGSG_12393,1,0.8070374832038318,0.8070374832038318,FGSG_03122,5,uncharacterized protein,
FGSG_13271,1,0.8070374832038318,0.8070374832038318,FGSG_03122,5,uncharacterized protein,
FGSG_20010,1,0.8070374832038318,0.8070374832038318,FGSG_03122,5,5S ribosomal RNA,
FGSG_20522,1,0.8070374832038318,0.8070374832038318,FGSG_03122,5,tRNA-Leu,
FGSG_20544,1,0.8070374832038318,0.8070374832038318,FGSG_03122,5,tRNA-Glu,
FGSG_20571,1,0.8070374832038318,0.8070374832038318,FGSG_03122,5,tRNA-Gln,
FGSG_20583,1,0.8070374832038318,0.8070374832038318,FGSG_03122,5,tRNA-Leu,
FGSG_20805,1,0.8070374832038318,0.8070374832038318,FGSG_03122,5,tRNA-Ser,
FGSG_02954,1,0.8070374832038317,0.8070374832038317,FGSG_03122,5,uncharacterized protein,
FGSG_03253,1,0.8070374832038317,0.8070374832038317,FGSG_03122,5,uncharacterized protein,
FGSG_05703,1,0.8070374832038317,0.8070374832038317,FGSG_03122,5,3-dehydroshikimate dehydratase,GO:0051213;GO:0055114
FGSG_05786,1,0.8070374832038317,0.8070374832038317,FGSG_03122,5,uncharacterized protein,GO:0016021
FGSG_07714,1,0.8070374832038317,0.8070374832038317,FGSG_03122,5,uncharacterized protein,
FGSG_07791,1,0.8070374832038317,0.8070374832038317,FGSG_03122,5,uncharacterized protein,
FGSG_07915,1,0.8070374832038317,0.8070374832038317,FGSG_03122,5,uncharacterized protein,GO:0016021
FGSG_11071,1,0.8070374832038317,0.8070374832038317,FGSG_03122,5,uncharacterized protein,GO:0016021
FGSG_11181,1,0.8070374832038317,0.8070374832038317,FGSG_03122,5,uncharacterized protein,
FGSG_12514,1,0.8070374832038317,0.8070374832038317,FGSG_03122,5,uncharacterized protein,
FGSG_12843,1,0.8070374832038317,0.8070374832038317,FGSG_03122,5,uncharacterized protein,
FGSG_13139,1,0.8070374832038317,0.8070374832038317,FGSG_03122,5,uncharacterized protein,
FGSG_20722,1,0.8070374832038317,0.8070374832038317,FGSG_03122,5,tRNA-Leu,
FGSG_20760,1,0.8070374832038317,0.8070374832038317,FGSG_03122,5,tRNA-Asp,
FGSG_20792,1,0.8070374832038317,0.8070374832038317,FGSG_03122,5,tRNA-Arg,
FGSG_02437,1,0.799435336318776,0.799435336318776,FGSG_04848,9,uncharacterized protein,
FGSG_06432,1,0.799435336318776,0.799435336318776,FGSG_04848,9,uncharacterized protein,
FGSG_07627,1,0.799435336318776,0.799435336318776,FGSG_04848,9,uncharacterized protein,GO:0016614;GO:0050660;GO:0055114
FGSG_07828,1,0.799435336318776,0.799435336318776,FGSG_04848,9,uncharacterized protein,
FGSG_11392,1,0.799435336318776,0.799435336318776,FGSG_04848,9,uncharacterized protein,
FGSG_12162,1,0.799435336318776,0.799435336318776,FGSG_04848,9,uncharacterized protein,
FGSG_13003,1,0.799435336318776,0.799435336318776,FGSG_04848,9,uncharacterized protein,
FGSG_20673,1,0.799435336318776,0.799435336318776,FGSG_04848,9,tRNA-Val,
FGSG_01714,1,0.7994353363187758,0.7994353363187758,FGSG_04848,9,uncharacterized protein,
FGSG_01723,1,0.7994353363187758,0.7994353363187758,FGSG_04848,9,uncharacterized protein,GO:0016020
FGSG_04466,1,0.7994353363187758,0.7994353363187758,FGSG_04848,9,uncharacterized protein,
FGSG_04640,1,0.7994353363187758,0.7994353363187758,FGSG_04848,9,uncharacterized protein,
FGSG_06505,1,0.7994353363187758,0.7994353363187758,FGSG_04848,9,uncharacterized protein,
FGSG_07996,1,0.7994353363187758,0.7994353363187758,FGSG_04848,9,uncharacterized protein,
FGSG_08279,1,0.7994353363187758,0.7994353363187758,FGSG_04848,9,uncharacterized protein,GO:0016021
FGSG_09200,1,0.7994353363187758,0.7994353363187758,FGSG_04848,9,uncharacterized protein,GO:0004842;GO:0016567;GO:0046872
FGSG_09208,1,0.7994353363187758,0.7994353363187758,FGSG_04848,9,uncharacterized protein,
FGSG_09336,1,0.7994353363187758,0.7994353363187758,FGSG_04848,9,uncharacterized protein,
FGSG_11503,1,0.7994353363187758,0.7994353363187758,FGSG_04848,9,uncharacterized protein,
FGSG_11801,1,0.7994353363187758,0.7994353363187758,FGSG_04848,9,uncharacterized protein,
FGSG_12058,1,0.7994353363187758,0.7994353363187758,FGSG_04848,9,uncharacterized protein,
FGSG_12462,1,0.7994353363187758,0.7994353363187758,FGSG_04848,9,uncharacterized protein,
FGSG_12503,1,0.7994353363187758,0.7994353363187758,FGSG_04848,9,uncharacterized protein,
FGSG_12585,1,0.7994353363187758,0.7994353363187758,FGSG_04848,9,uncharacterized protein,GO:0003824
FGSG_12804,1,0.7994353363187758,0.7994353363187758,FGSG_04848,9,uncharacterized protein,
FGSG_12810,1,0.7994353363187758,0.7994353363187758,FGSG_04848,9,uncharacterized protein,
FGSG_12823,1,0.7994353363187758,0.7994353363187758,FGSG_04848,9,uncharacterized protein,
FGSG_12924,1,0.7994353363187758,0.7994353363187758,FGSG_04848,9,uncharacterized protein,
FGSG_13618,1,0.7994353363187758,0.7994353363187758,FGSG_04848,9,uncharacterized protein,
FGSG_20626,1,0.7994353363187758,0.7994353363187758,FGSG_04848,9,tRNA-Glu,
FGSG_20702,1,0.7994353363187758,0.7994353363187758,FGSG_04848,9,tRNA-Glu,
FGSG_20786,1,0.7994353363187758,0.7994353363187758,FGSG_04848,9,tRNA-Val,
FGSG_20816,1,0.7994353363187758,0.7994353363187758,FGSG_04848,9,tRNA-Leu,
FGSG_02123,1,0.7994353363187756,0.7994353363187756,FGSG_04848,9,uncharacterized protein,GO:0016021;GO:0055085
FGSG_02841,1,0.7994353363187754,0.7994353363187754,FGSG_04848,9,uncharacterized protein,
FGSG_08247,1,0.7994353363187753,0.7994353363187753,FGSG_04848,9,uncharacterized protein,GO:0016021
FGSG_11248,1,0.7994353363187753,0.7994353363187753,FGSG_04848,9,uncharacterized protein,GO:0006950;GO:0016021
FGSG_11304,1,0.7994353363187753,0.7994353363187753,FGSG_04848,9,"endo-1,4-beta-xylanase",GO:0005576;GO:0008810;GO:0009405;GO:0030245;GO:0030248;GO:0031176;GO:0045493
FGSG_11911,1,0.7994353363187753,0.7994353363187753,FGSG_04848,9,uncharacterized protein,
FGSG_05883,1,0.7756761452660282,0.7756761452660282,FGSG_14010,6,uncharacterized protein,GO:0010181;GO:0016491;GO:0055114
FGSG_06132,1,0.7756761452660282,0.7756761452660282,FGSG_14010,6,uncharacterized protein,
FGSG_10692,1,0.7756761452660282,0.7756761452660282,FGSG_14010,6,uncharacterized protein,GO:0004622;GO:0009395
FGSG_20753,1,0.7756761452660282,0.7756761452660282,FGSG_14010,6,tRNA-Glu,
FGSG_06461,1,0.775676145266028,0.775676145266028,FGSG_14010,6,uncharacterized protein,GO:0003677;GO:0005634;GO:0006351;GO:0008270;GO:0016021;GO:0055085
FGSG_06470,1,0.775676145266028,0.775676145266028,FGSG_14010,6,uncharacterized protein,GO:0016021
FGSG_08098,1,0.775676145266028,0.775676145266028,FGSG_14010,6,uncharacterized protein,GO:0016020
FGSG_12201,1,0.775676145266028,0.775676145266028,FGSG_14010,6,uncharacterized protein,
FGSG_12208,1,0.775676145266028,0.775676145266028,FGSG_14010,6,uncharacterized protein,GO:0004568;GO:0005975;GO:0006032;GO:0008061;GO:0016021
FGSG_01775,1,0.7756761452660279,0.7756761452660279,FGSG_14010,6,uncharacterized protein,GO:0004672;GO:0005524;GO:0006468;GO:0016020
FGSG_01815,1,0.7756761452660279,0.7756761452660279,FGSG_14010,6,uncharacterized protein,GO:0000981;GO:0005634;GO:0006357;GO:0008270
FGSG_03421,1,0.7756761452660279,0.7756761452660279,FGSG_14010,6,uncharacterized protein,
FGSG_04870,1,0.7756761452660279,0.7756761452660279,FGSG_14010,6,uncharacterized protein,GO:0016021
FGSG_04942,1,0.7756761452660279,0.7756761452660279,FGSG_14010,6,uncharacterized protein,
FGSG_06431,1,0.7756761452660279,0.7756761452660279,FGSG_14010,6,uncharacterized protein,
FGSG_07692,1,0.7756761452660279,0.7756761452660279,FGSG_14010,6,glucosamine-6-phosphate isomerase,GO:0004342;GO:0005975;GO:0006044;GO:0016787
FGSG_07797,1,0.7756761452660279,0.7756761452660279,FGSG_14010,6,uncharacterized protein,GO:0016746;GO:0016787
FGSG_10330,1,0.7756761452660279,0.7756761452660279,FGSG_14010,6,uncharacterized protein,GO:0016021;GO:0016491;GO:0055114;GO:0071949
FGSG_10710,1,0.7756761452660279,0.7756761452660279,FGSG_14010,6,uncharacterized protein,
FGSG_11302,1,0.7756761452660279,0.7756761452660279,FGSG_14010,6,uncharacterized protein,GO:0016021
FGSG_11333,1,0.7756761452660279,0.7756761452660279,FGSG_14010,6,uncharacterized protein,
FGSG_11340,1,0.7756761452660279,0.7756761452660279,FGSG_14010,6,uncharacterized protein,GO:0016021;GO:0055085
FGSG_11351,1,0.7756761452660279,0.7756761452660279,FGSG_14010,6,uncharacterized protein,GO:0016021
FGSG_11450,1,0.7756761452660279,0.7756761452660279,FGSG_14010,6,uncharacterized protein,GO:0004497;GO:0046872;GO:0055114
FGSG_11874,1,0.7756761452660279,0.7756761452660279,FGSG_14010,6,uncharacterized protein,GO:0016021
FGSG_12486,1,0.7756761452660279,0.7756761452660279,FGSG_14010,6,uncharacterized protein,
FGSG_13354,1,0.7756761452660279,0.7756761452660279,FGSG_14010,6,uncharacterized protein,
FGSG_13597,1,0.7756761452660279,0.7756761452660279,FGSG_14010,6,uncharacterized protein,GO:0016021
FGSG_13721,1,0.7756761452660279,0.7756761452660279,FGSG_14010,6,uncharacterized protein,
FGSG_20527,1,0.7756761452660279,0.7756761452660279,FGSG_14010,6,tRNA-Ala,
FGSG_20729,1,0.7756761452660279,0.7756761452660279,FGSG_14010,6,tRNA-Gly,
FGSG_01302,1,0.7756761452660277,0.7756761452660277,FGSG_14010,6,uncharacterized protein,GO:0016021;GO:0055085
FGSG_02241,1,0.7756761452660277,0.7756761452660277,FGSG_14010,6,uncharacterized protein,
FGSG_02303,1,0.7756761452660277,0.7756761452660277,FGSG_14010,6,uncharacterized protein,GO:0008152;GO:0016874
FGSG_02382,1,0.7756761452660277,0.7756761452660277,FGSG_14010,6,uncharacterized protein,GO:0016021;GO:0055085
FGSG_02436,1,0.7756761452660277,0.7756761452660277,FGSG_14010,6,uncharacterized protein,
FGSG_03131,1,0.7756761452660277,0.7756761452660277,FGSG_14010,6,uncharacterized protein,GO:0016829
FGSG_10774,1,0.7756761452660277,0.7756761452660277,FGSG_14010,6,uncharacterized protein,
FGSG_10930,1,0.7756761452660277,0.7756761452660277,FGSG_14010,6,uncharacterized protein,GO:0016021
FGSG_11000,1,0.7756761452660277,0.7756761452660277,FGSG_14010,6,uncharacterized protein,
FGSG_12050,1,0.7756761452660277,0.7756761452660277,FGSG_14010,6,uncharacterized protein,
FGSG_12526,1,0.7756761452660277,0.7756761452660277,FGSG_14010,6,uncharacterized protein,
FGSG_13915,1,0.7756761452660277,0.7756761452660277,FGSG_14010,6,uncharacterized protein,
FGSG_20538,1,0.7756761452660277,0.7756761452660277,FGSG_14010,6,tRNA-Ser,
FGSG_04787,1,0.7450841076429459,0.7450841076429459,FGSG_02447,7,uncharacterized protein,
FGSG_11514,1,0.7450841076429459,0.7450841076429459,FGSG_02447,7,uncharacterized protein,
FGSG_00208,1,0.7450841076429457,0.7450841076429457,FGSG_02447,7,uncharacterized protein,GO:0004622;GO:0005789;GO:0016042
FGSG_00216,1,0.7450841076429457,0.7450841076429457,FGSG_02447,7,uncharacterized protein,
FGSG_00344,1,0.7450841076429457,0.7450841076429457,FGSG_02447,7,uncharacterized protein,GO:0016021
FGSG_01074,1,0.7450841076429457,0.7450841076429457,FGSG_02447,7,uncharacterized protein,
FGSG_02370,1,0.7450841076429457,0.7450841076429457,FGSG_02447,7,uncharacterized protein,GO:0016491;GO:0055114;GO:0071949
FGSG_02853,1,0.7450841076429457,0.7450841076429457,FGSG_02447,7,uncharacterized protein,GO:0016021
FGSG_02988,1,0.7450841076429457,0.7450841076429457,FGSG_02447,7,uncharacterized protein,
FGSG_03047,1,0.7450841076429457,0.7450841076429457,FGSG_02447,7,uncharacterized protein,GO:0016021
FGSG_05115,1,0.7450841076429457,0.7450841076429457,FGSG_02447,7,uncharacterized protein,
FGSG_05866,1,0.7450841076429457,0.7450841076429457,FGSG_02447,7,uncharacterized protein,GO:0004674;GO:0005524;GO:0006468
FGSG_06559,1,0.7450841076429457,0.7450841076429457,FGSG_02447,7,uncharacterized protein,
FGSG_07717,1,0.7450841076429457,0.7450841076429457,FGSG_02447,7,uncharacterized protein,
FGSG_08033,1,0.7450841076429457,0.7450841076429457,FGSG_02447,7,uncharacterized protein,
FGSG_08073,1,0.7450841076429457,0.7450841076429457,FGSG_02447,7,uncharacterized protein,GO:0016021
FGSG_08100,1,0.7450841076429457,0.7450841076429457,FGSG_02447,7,uncharacterized protein,GO:0016021
FGSG_09133,1,0.7450841076429457,0.7450841076429457,FGSG_02447,7,uncharacterized protein,
FGSG_10641,1,0.7450841076429457,0.7450841076429457,FGSG_02447,7,uncharacterized protein,GO:0003824;GO:0008152
FGSG_11037,1,0.7450841076429457,0.7450841076429457,FGSG_02447,7,endoglucanase-1 precursor,GO:0000272;GO:0008810
FGSG_11538,1,0.7450841076429457,0.7450841076429457,FGSG_02447,7,uncharacterized protein,GO:0016021
FGSG_11727,1,0.7450841076429457,0.7450841076429457,FGSG_02447,7,uncharacterized protein,GO:0005524
FGSG_12074,1,0.7450841076429457,0.7450841076429457,FGSG_02447,7,uncharacterized protein,
FGSG_12287,1,0.7450841076429457,0.7450841076429457,FGSG_02447,7,uncharacterized protein,GO:0016021
FGSG_12293,1,0.7450841076429457,0.7450841076429457,FGSG_02447,7,uncharacterized protein,
FGSG_12876,1,0.7450841076429457,0.7450841076429457,FGSG_02447,7,uncharacterized protein,
FGSG_13065,1,0.7450841076429457,0.7450841076429457,FGSG_02447,7,uncharacterized protein,
FGSG_13096,1,0.7450841076429457,0.7450841076429457,FGSG_02447,7,uncharacterized protein,
FGSG_13814,1,0.7450841076429457,0.7450841076429457,FGSG_02447,7,uncharacterized protein,
FGSG_20038,1,0.7450841076429457,0.7450841076429457,FGSG_02447,7,5S ribosomal RNA,
FGSG_20054,1,0.7450841076429457,0.7450841076429457,FGSG_02447,7,18S ribosomal RNA,
FGSG_11584,1,0.7450841076429456,0.7450841076429456,FGSG_02447,7,uncharacterized protein,GO:0003824;GO:0005524;GO:0009116
FGSG_11668,1,0.7450841076429456,0.7450841076429456,FGSG_02447,7,uncharacterized protein,
FGSG_02568,1,0.7450841076429454,0.7450841076429454,FGSG_02447,7,uncharacterized protein,
FGSG_09143,1,0.7450841076429447,0.7450841076429447,FGSG_02447,7,uncharacterized protein,
FGSG_06488,1,0.7450841076429446,0.7450841076429446,FGSG_02447,7,uncharacterized protein,
FGSG_08183,1,0.7450841076429445,0.7450841076429445,FGSG_02447,7,uncharacterized protein,GO:0004497;GO:0005506;GO:0016021;GO:0016705;GO:0020037;GO:0055114
FGSG_12011,1,0.7450841076429445,0.7450841076429445,FGSG_02447,7,uncharacterized protein,GO:0016021
FGSG_12408,1,0.7450841076429445,0.7450841076429445,FGSG_02447,7,uncharacterized protein,
FGSG_12763,1,0.7450841076429445,0.7450841076429445,FGSG_02447,7,uncharacterized protein,
FGSG_04789,1,0.735538904035648,0.735538904035648,FGSG_09127,8,uncharacterized protein,GO:0016491;GO:0050662;GO:0055114
FGSG_01740,1,0.7355389040356479,0.7355389040356479,FGSG_09127,8,uncharacterized protein,GO:0004497;GO:0005506;GO:0016021;GO:0016705;GO:0020037;GO:0055114
FGSG_02948,1,0.7355389040356479,0.7355389040356479,FGSG_09127,8,uncharacterized protein,GO:0016021
FGSG_07682,1,0.7355389040356479,0.7355389040356479,FGSG_09127,8,uncharacterized protein,GO:0016021;GO:0055085
FGSG_09191,1,0.7355389040356479,0.7355389040356479,FGSG_09127,8,uncharacterized protein,GO:0000324;GO:0005215;GO:0006821;GO:0016021
FGSG_09194,1,0.7355389040356479,0.7355389040356479,FGSG_09127,8,uncharacterized protein,
FGSG_10729,1,0.7355389040356479,0.7355389040356479,FGSG_09127,8,chitinase 1 precursor,GO:0004568;GO:0005975;GO:0006032;GO:0010997;GO:0050790;GO:0097027
FGSG_11975,1,0.7355389040356479,0.7355389040356479,FGSG_09127,8,uncharacterized protein,
FGSG_12847,1,0.7355389040356479,0.7355389040356479,FGSG_09127,8,uncharacterized protein,GO:0016021
FGSG_20575,1,0.7355389040356479,0.7355389040356479,FGSG_09127,8,tRNA-Thr,
FGSG_12412,1,0.7355389040356471,0.7355389040356471,FGSG_09127,8,uncharacterized protein,
FGSG_00937,1,0.7355389040356458,0.7355389040356458,FGSG_09127,8,uncharacterized protein,
FGSG_01400,1,0.7355389040356458,0.7355389040356458,FGSG_09127,8,uncharacterized protein,
FGSG_02394,1,0.7355389040356458,0.7355389040356458,FGSG_09127,8,uncharacterized protein,GO:0003824;GO:0008152;GO:0031177
FGSG_02674,1,0.7355389040356458,0.7355389040356458,FGSG_09127,8,uncharacterized protein,
FGSG_03887,1,0.7355389040356458,0.7355389040356458,FGSG_09127,8,uncharacterized protein,GO:0006508;GO:0008236;GO:0016021;GO:0055085
FGSG_03909,1,0.7355389040356458,0.7355389040356458,FGSG_09127,8,uncharacterized protein,GO:0005576;GO:0030570
FGSG_04331,1,0.7355389040356458,0.7355389040356458,FGSG_09127,8,uncharacterized protein,
FGSG_04753,1,0.7355389040356458,0.7355389040356458,FGSG_09127,8,uncharacterized protein,
FGSG_07818,1,0.7355389040356458,0.7355389040356458,FGSG_09127,8,uncharacterized protein,GO:0016021
FGSG_13325,1,0.7355389040356458,0.7355389040356458,FGSG_09127,8,uncharacterized protein,
FGSG_13406,1,0.7355389040356458,0.7355389040356458,FGSG_09127,8,uncharacterized protein,
FGSG_13684,1,0.7355389040356458,0.7355389040356458,FGSG_09127,8,uncharacterized protein,
FGSG_20028,1,0.7355389040356458,0.7355389040356458,FGSG_09127,8,5S ribosomal RNA,
FGSG_20519,1,0.7355389040356458,0.7355389040356458,FGSG_09127,8,tRNA-Thr,
FGSG_20579,1,0.7355389040356458,0.7355389040356458,FGSG_09127,8,tRNA-Phe,
FGSG_20643,1,0.7355389040356458,0.7355389040356458,FGSG_09127,8,tRNA-Val,
FGSG_06457,1,0.7355389040356457,0.7355389040356457,FGSG_09127,8,uncharacterized protein,GO:0003824;GO:0008152
FGSG_12959,1,0.7355389040356457,0.7355389040356457,FGSG_09127,8,uncharacterized protein,
FGSG_20662,1,0.7355389040356457,0.7355389040356457,FGSG_09127,8,tRNA-Arg,
FGSG_20789,1,0.7355389040356457,0.7355389040356457,FGSG_09127,8,tRNA-Asn,
FGSG_20796,1,0.7355389040356457,0.7355389040356457,FGSG_09127,8,tRNA-Leu,
FGSG_03429,1,0.7355389040356456,0.7355389040356456,FGSG_09127,8,uncharacterized protein,GO:0016021;GO:0055085
FGSG_05340,1,0.7355389040356456,0.7355389040356456,FGSG_09127,8,uncharacterized protein,GO:0016021
FGSG_11028,1,0.7355389040356456,0.7355389040356456,FGSG_09127,8,uncharacterized protein,GO:0005524;GO:0016021;GO:0042626;GO:0055085
FGSG_11031,1,0.7355389040356456,0.7355389040356456,FGSG_09127,8,uncharacterized protein,
FGSG_11714,1,0.7355389040356456,0.7355389040356456,FGSG_09127,8,uncharacterized protein,GO:0003854;GO:0006694;GO:0055114
FGSG_11751,1,0.7355389040356456,0.7355389040356456,FGSG_09127,8,uncharacterized protein,
FGSG_11817,1,0.7355389040356456,0.7355389040356456,FGSG_09127,8,uncharacterized protein,
FGSG_12015,1,0.7355389040356456,0.7355389040356456,FGSG_09127,8,uncharacterized protein,
FGSG_12535,1,0.7355389040356456,0.7355389040356456,FGSG_09127,8,uncharacterized protein,
FGSG_20625,1,0.7355389040356456,0.7355389040356456,FGSG_09127,8,tRNA-Asn,
FGSG_20782,1,0.7355389040356456,0.7355389040356456,FGSG_09127,8,tRNA-Gly,
FGSG_07668,1,0.6950599928599299,0.6950599928599299,FGSG_10462,14,uncharacterized protein,GO:0004181;GO:0006508;GO:0008270
FGSG_08353,1,0.6950599928599299,0.6950599928599299,FGSG_10462,14,uncharacterized protein,
FGSG_20507,1,0.6950599928599299,0.6950599928599299,FGSG_10462,14,tRNA-Ile,
FGSG_00944,1,0.6950599928599291,0.6950599928599291,FGSG_10462,14,uncharacterized protein,
FGSG_11885,1,0.6950599928599291,0.6950599928599291,FGSG_10462,14,uncharacterized protein,
FGSG_01789,1,0.6950599928599289,0.6950599928599289,FGSG_10462,14,uncharacterized protein,GO:0004181;GO:0006508;GO:0008270;GO:0016021;GO:0016491;GO:0055114
FGSG_04614,1,0.6950599928599289,0.6950599928599289,FGSG_10462,14,uncharacterized protein,
FGSG_05118,1,0.6950599928599289,0.6950599928599289,FGSG_10462,14,uncharacterized protein,
FGSG_07981,1,0.6950599928599289,0.6950599928599289,FGSG_10462,14,uncharacterized protein,
FGSG_08027,1,0.6950599928599289,0.6950599928599289,FGSG_10462,14,uncharacterized protein,GO:0005524;GO:0016021;GO:0042626;GO:0055085
FGSG_08278,1,0.6950599928599289,0.6950599928599289,FGSG_10462,14,uncharacterized protein,
FGSG_08294,1,0.6950599928599289,0.6950599928599289,FGSG_10462,14,uncharacterized protein,
FGSG_08483,1,0.6950599928599289,0.6950599928599289,FGSG_10462,14,uncharacterized protein,GO:0016021
FGSG_11530,1,0.6950599928599289,0.6950599928599289,FGSG_10462,14,uncharacterized protein,GO:0009055;GO:0022900;GO:0046872;GO:0051537
FGSG_12835,1,0.6950599928599289,0.6950599928599289,FGSG_10462,14,uncharacterized protein,
FGSG_20817,1,0.6950599928599289,0.6950599928599289,FGSG_10462,14,tRNA-Gly,
FGSG_11303,1,0.6950599928599288,0.6950599928599288,FGSG_10462,14,uncharacterized protein,GO:0004497;GO:0005506;GO:0016021;GO:0016705;GO:0020037;GO:0055114
FGSG_12902,1,0.6950599928599288,0.6950599928599288,FGSG_10462,14,uncharacterized protein,
FGSG_20060,1,0.6950599928599288,0.6950599928599288,FGSG_10462,14,5S ribosomal RNA,
FGSG_02916,1,0.6950599928599287,0.6950599928599287,FGSG_10462,14,uncharacterized protein,
FGSG_04541,1,0.6950599928599287,0.6950599928599287,FGSG_10462,14,uncharacterized protein,
FGSG_12498,1,0.6950599928599287,0.6950599928599287,FGSG_10462,14,uncharacterized protein,
FGSG_20020,1,0.6950599928599287,0.6950599928599287,FGSG_10462,14,5S ribosomal RNA,
FGSG_20023,1,0.6950599928599287,0.6950599928599287,FGSG_10462,14,5S ribosomal RNA,
FGSG_04776,1,0.6247921689486009,0.6247921689486009,FGSG_04848,9,uncharacterized protein,GO:0016491;GO:0055114;GO:0071949
FGSG_20651,1,0.5944607915122804,0.5944607915122804,FGSG_03122,5,tRNA-Met,
FGSG_13082,1,0.5622283292381541,0.5622283292381541,FGSG_09127,8,uncharacterized protein,
FGSG_11426,1,0.5612767297599556,0.5612767297599556,FGSG_03122,5,uncharacterized protein,
FGSG_12237,1,0.554800763997039,0.554800763997039,FGSG_14010,6,uncharacterized protein,
FGSG_05756,1,0.5047324642299053,0.5047324642299053,FGSG_09127,8,uncharacterized protein,GO:0016021
FGSG_06046,1,0.49968060398137937,0.49968060398137937,FGSG_09127,8,uncharacterized protein,
FGSG_20510,1,0.49016495009575234,0.49016495009575234,FGSG_02447,7,tRNA-Val,
FGSG_20616,1,0.48899377450589454,0.48899377450589454,FGSG_02447,7,tRNA-Ser,
FGSG_20633,1,0.48899377450589454,0.48899377450589454,FGSG_02447,7,tRNA-Ala,
FGSG_11276,1,0.4762361713994163,0.4762361713994163,FGSG_04848,9,uncharacterized protein,
FGSG_12811,1,0.4762361713994163,0.4762361713994163,FGSG_04848,9,uncharacterized protein,
FGSG_08046,1,0.4752121889533376,0.4752121889533376,FGSG_02447,7,uncharacterized protein,GO:0016491;GO:0055114
FGSG_00952,1,0.4481647009595958,0.4481647009595958,FGSG_03122,5,uncharacterized protein,GO:0004568;GO:0005975;GO:0006032
FGSG_07901,1,0.4477668214339368,0.4477668214339368,FGSG_14010,6,uncharacterized protein,
FGSG_11325,1,0.4371054451269851,0.4371054451269851,FGSG_04848,9,uncharacterized protein,GO:0008270;GO:0016021
FGSG_07221,1,0.430340455393023,0.430340455393023,FGSG_03894,1,uncharacterized protein,
FGSG_06074,1,0.4283717965151434,0.4283717965151434,FGSG_03894,1,uncharacterized protein,GO:0004842;GO:0005680;GO:0005829;GO:0007091;GO:0010458;GO:0016567;GO:0031145
FGSG_00741,1,0.4282422224955472,0.4282422224955472,FGSG_03894,1,uncharacterized protein,GO:0000124;GO:0004402;GO:0005671;GO:0016573;GO:0046695
FGSG_02939,1,0.42801190797611915,0.42801190797611915,FGSG_10922,1,uncharacterized protein,GO:0003700;GO:0006355;GO:0043565
FGSG_12970,1,0.42716603137217357,0.42716603137217357,FGSG_04848,9,uncharacterized protein,GO:0000122;GO:0000917;GO:0001078;GO:0003677;GO:0005634;GO:0005737;GO:0006351;GO:0007126;GO:0009272;GO:0030437;GO:0045944;GO:0046872;GO:0071454;GO:0071469
FGSG_06418,1,0.42643532292884473,0.42643532292884473,FGSG_10922,1,uncharacterized protein,
FGSG_09444,1,0.42632880637185494,0.42632880637185494,FGSG_03894,1,lipoic acid synthetase,GO:0005739;GO:0009107;GO:0009249;GO:0016992;GO:0046872;GO:0051539
FGSG_08930,1,0.4246712644215173,0.4246712644215173,FGSG_03894,1,uncharacterized protein,GO:0000981;GO:0005634;GO:0006357;GO:0008270
FGSG_04270,1,0.42417889830954025,0.42417889830954025,FGSG_10922,1,uncharacterized protein,GO:0000139;GO:0006486;GO:0016021;GO:0017110;GO:0017111;GO:0030137
FGSG_08122,1,0.42246004654555114,0.42246004654555114,FGSG_03894,1,uncharacterized protein,
FGSG_04350,1,0.42010519735610996,0.42010519735610996,FGSG_10922,1,ATP-dependent RNA helicase HAS1,GO:0000462;GO:0000463;GO:0003723;GO:0004004;GO:0005524;GO:0005635;GO:0005730;GO:0030687;GO:1990417
FGSG_04160,1,0.41996017863686097,0.41996017863686097,FGSG_03894,1,uncharacterized protein,GO:0008168;GO:0032259
FGSG_06273,1,0.4198374547776713,0.4198374547776713,FGSG_03894,1,uncharacterized protein,GO:0005840
FGSG_13505,1,0.41973629598636436,0.41973629598636436,FGSG_02324,2,uncharacterized protein,
FGSG_11839,1,0.419501310315506,0.419501310315506,FGSG_03894,1,uncharacterized protein,GO:0003735;GO:0005840;GO:0006412
FGSG_05144,1,0.4194684804724635,0.4194684804724635,FGSG_10922,1,uncharacterized protein,GO:0005623;GO:0045454
FGSG_02843,1,0.41863325570434573,0.41863325570434573,FGSG_08083,2,uncharacterized protein,GO:0008171;GO:0032259
FGSG_13157,1,0.4185737645171821,0.4185737645171821,FGSG_03894,1,uncharacterized protein,GO:0000947;GO:0004022;GO:0005739;GO:0006113;GO:0046872
FGSG_05355,1,0.41854667633014714,0.41854667633014714,FGSG_03894,1,uncharacterized protein,GO:0001919;GO:0007040;GO:0032008;GO:0032439;GO:0042632;GO:0043410;GO:0071230;GO:0071986
FGSG_00362,1,0.41751743761885685,0.41751743761885685,FGSG_03894,1,uncharacterized protein,GO:0000131;GO:0000902;GO:0004674;GO:0005524;GO:0005737;GO:0005933;GO:0006468;GO:0007118;GO:0031505;GO:0043332
FGSG_07867,1,0.41736348528712924,0.41736348528712924,FGSG_02461,1,uncharacterized protein,GO:0016020;GO:0016651;GO:0051539;GO:0055114
FGSG_09497,1,0.41701450488285624,0.41701450488285624,FGSG_03894,1,uncharacterized protein,
FGSG_06069,1,0.41679513273517604,0.41679513273517604,FGSG_03894,1,uncharacterized protein,GO:0016021
FGSG_10173,1,0.4166123024924393,0.4166123024924393,FGSG_03894,1,uncharacterized protein,GO:0046872
FGSG_10275,1,0.41616995306497423,0.41616995306497423,FGSG_03894,1,uncharacterized protein,GO:0016021;GO:0016740
FGSG_11734,1,0.4159287964322853,0.4159287964322853,FGSG_03894,1,uncharacterized protein,
FGSG_12461,1,0.41587519294948455,0.41587519294948455,FGSG_00007,2,uncharacterized protein,GO:0004553;GO:0005975
FGSG_05973,1,0.4158673027597092,0.4158673027597092,FGSG_03532,2,uncharacterized protein,GO:0005788;GO:0005975;GO:0009272;GO:0030246;GO:0033919
FGSG_08959,1,0.4155480569895602,0.4155480569895602,FGSG_08083,2,uncharacterized protein,GO:0003824;GO:0009116;GO:0043531
FGSG_01082,1,0.41548823784291433,0.41548823784291433,FGSG_03894,1,uncharacterized protein,GO:0000398;GO:0005682;GO:0005685;GO:0005686;GO:0005829;GO:0019013;GO:0046540;GO:0071004
FGSG_00450,1,0.41546177277511204,0.41546177277511204,FGSG_10922,1,uncharacterized protein,
FGSG_10909,1,0.41507598743737933,0.41507598743737933,FGSG_10922,1,uncharacterized protein,GO:0016020
FGSG_06121,1,0.4150579573265818,0.4150579573265818,FGSG_03894,1,uncharacterized protein,
FGSG_13516,1,0.4150550652555413,0.4150550652555413,FGSG_14010,6,uncharacterized protein,
FGSG_08047,1,0.4149905317786332,0.4149905317786332,FGSG_02324,2,uncharacterized protein,GO:0016021;GO:0055085
FGSG_03830,1,0.4147255599415801,0.4147255599415801,FGSG_08083,2,uncharacterized protein,GO:0016021;GO:0022891;GO:0055085
FGSG_01529,1,0.4145570869716516,0.4145570869716516,FGSG_03894,1,uncharacterized protein,
FGSG_05493,1,0.4141767895054932,0.4141767895054932,FGSG_02324,2,40S ribosomal protein S20,GO:0000462;GO:0002181;GO:0003723;GO:0003735;GO:0022627
FGSG_09677,1,0.4140800944845023,0.4140800944845023,FGSG_03894,1,uncharacterized protein,
FGSG_11445,1,0.41388165961951895,0.41388165961951895,FGSG_08601,1,uncharacterized protein,
FGSG_06842,1,0.41334632648371145,0.41334632648371145,FGSG_10922,1,uncharacterized protein,GO:0016021
FGSG_01405,1,0.4132476621854396,0.4132476621854396,FGSG_03532,2,uncharacterized protein,
FGSG_11006,1,0.41324422941500816,0.41324422941500816,FGSG_00007,2,"glucan endo-1,3-beta-glucosidase",GO:0016787
FGSG_04092,1,0.41323240653585364,0.41323240653585364,FGSG_10922,1,cytochrome P450 51,GO:0004497;GO:0005506;GO:0008168;GO:0016021;GO:0016705;GO:0020037;GO:0032259;GO:0055114
FGSG_09214,1,0.4131862015428803,0.4131862015428803,FGSG_03894,1,uncharacterized protein,GO:0008168;GO:0032259
FGSG_05116,1,0.41315876076270336,0.41315876076270336,FGSG_08083,2,uncharacterized protein,
FGSG_08595,1,0.4131140820820702,0.4131140820820702,FGSG_02461,1,uncharacterized protein,GO:0000287;GO:0004012;GO:0005524;GO:0016021;GO:0045332
FGSG_08978,1,0.41282577423332023,0.41282577423332023,FGSG_03894,1,uncharacterized protein,GO:0016491
FGSG_08281,1,0.4128129982869838,0.4128129982869838,FGSG_09127,8,uncharacterized protein,GO:0006672;GO:0016021;GO:0016811
FGSG_00324,1,0.41277838628633673,0.41277838628633673,FGSG_10922,1,uncharacterized protein,GO:0003677;GO:0030472;GO:0042729;GO:0072686
FGSG_10351,1,0.4127781605731073,0.4127781605731073,FGSG_03894,1,uncharacterized protein,GO:0005737;GO:0006399;GO:0051500;GO:0097358;GO:1900829;GO:1900832
FGSG_04555,1,0.41254881958175477,0.41254881958175477,FGSG_02461,1,uncharacterized protein,
FGSG_00247,1,0.4124325552384487,0.4124325552384487,FGSG_10922,1,uncharacterized protein,
FGSG_04382,1,0.41237965490191303,0.41237965490191303,FGSG_02461,1,serine/threonine-protein kinase nrc-2,GO:0004674;GO:0005524;GO:0006468
FGSG_03213,1,0.4115580752890457,0.4115580752890457,FGSG_08601,1,uncharacterized protein,GO:0005506;GO:0005634;GO:0005829;GO:0006995;GO:0031929;GO:0051213;GO:0055114;GO:1902828;GO:1902835
FGSG_11848,1,0.41141214574778895,0.41141214574778895,FGSG_03894,1,uncharacterized protein,GO:0005770;GO:0006623;GO:0016021;GO:0032511;GO:0033263;GO:0043495;GO:0051020
FGSG_00736,1,0.411259944497655,0.411259944497655,FGSG_03894,1,uncharacterized protein,GO:0005635;GO:0006974;GO:0008270;GO:0010224;GO:0010225;GO:0016925
FGSG_01585,1,0.4107160362565341,0.4107160362565341,FGSG_02324,2,uncharacterized protein,
FGSG_01807,1,0.4105740611488871,0.4105740611488871,FGSG_00007,2,uncharacterized protein,
FGSG_10062,1,0.4105578702739685,0.4105578702739685,FGSG_03894,1,yebR protein,GO:0005737;GO:0034599;GO:0055114;GO:0070191
FGSG_00620,1,0.4103440474365153,0.4103440474365153,FGSG_08601,1,ammonium transporter MEP2,GO:0008519;GO:0016021;GO:0072488
FGSG_00508,1,0.41021470848046004,0.41021470848046004,FGSG_03894,1,calcium-transporting ATPase 1,GO:0000139;GO:0005388;GO:0005509;GO:0005524;GO:0006874;GO:0006887;GO:0015410;GO:0016021;GO:0070588;GO:0071421
FGSG_03364,1,0.41015837967837815,0.41015837967837815,FGSG_08083,2,uncharacterized protein,
FGSG_05758,1,0.41011182635391585,0.41011182635391585,FGSG_04589,1,uncharacterized protein,
FGSG_02791,1,0.4097785425455708,0.4097785425455708,FGSG_02461,1,uncharacterized protein,GO:0003677
FGSG_04278,1,0.4097663020900092,0.4097663020900092,FGSG_03894,1,mannan polymerase II complex ANP1 subunit,GO:0000009;GO:0000136;GO:0005783;GO:0006487;GO:0097502
FGSG_04939,1,0.409588493286132,0.409588493286132,FGSG_08083,2,uncharacterized protein,GO:0016020;GO:0016740;GO:0044238;GO:0071704
FGSG_04930,1,0.4092148381468426,0.4092148381468426,FGSG_03532,2,uncharacterized protein,GO:0004571;GO:0005509;GO:0008152;GO:0016021
FGSG_03333,1,0.4091121882118374,0.4091121882118374,FGSG_03532,2,uncharacterized protein,
FGSG_07503,1,0.4090392133643143,0.4090392133643143,FGSG_03532,2,uncharacterized protein,GO:0005975;GO:0016810
FGSG_11638,1,0.4090009452779533,0.4090009452779533,FGSG_03894,1,uncharacterized protein,
FGSG_06790,1,0.40898289391628395,0.40898289391628395,FGSG_03894,1,uncharacterized protein,GO:0003743;GO:0005737;GO:0006413
FGSG_03643,1,0.4088383378075175,0.4088383378075175,FGSG_08078,2,uncharacterized protein,GO:0016021;GO:0055085
FGSG_06090,1,0.4088288065447741,0.4088288065447741,FGSG_08078,2,uncharacterized protein,GO:0006629;GO:0016021;GO:0030729
FGSG_08946,1,0.4085802877881663,0.4085802877881663,FGSG_08083,2,xylosidase/arabinosidase,GO:0004553;GO:0045493
FGSG_11260,1,0.4084141775108618,0.4084141775108618,FGSG_02329,2,uncharacterized protein,GO:0016491;GO:0055114
FGSG_01975,1,0.40836000227429037,0.40836000227429037,FGSG_10922,1,uncharacterized protein,GO:0008152;GO:0016787
FGSG_07208,1,0.4083242076589364,0.4083242076589364,FGSG_10206,2,uncharacterized protein,GO:0016021
FGSG_10658,1,0.4082119162579076,0.4082119162579076,FGSG_08601,1,uncharacterized protein,
FGSG_04085,1,0.40820389822257885,0.40820389822257885,FGSG_09834,1,uncharacterized protein,GO:0004335;GO:0005524;GO:0005737;GO:0006012;GO:0046835
FGSG_07081,1,0.4079686705478903,0.4079686705478903,FGSG_10922,1,uncharacterized protein,
FGSG_06041,1,0.4079672163860695,0.4079672163860695,FGSG_10922,1,uncharacterized protein,GO:0004043;GO:0005829;GO:0019878;GO:0031177;GO:0055114;GO:1902987
FGSG_08529,1,0.40791804003138454,0.40791804003138454,FGSG_02461,1,uncharacterized protein,GO:0004647;GO:0006564;GO:0016311
FGSG_01569,1,0.4078595677883937,0.4078595677883937,FGSG_08601,1,uncharacterized protein,GO:0004198;GO:0005622;GO:0006508
FGSG_09451,1,0.4077855939534112,0.4077855939534112,FGSG_08078,2,uncharacterized protein,GO:0003824;GO:0008270
FGSG_04897,1,0.4077718532434376,0.4077718532434376,FGSG_08078,2,uncharacterized protein,
FGSG_07205,1,0.4077280500829107,0.4077280500829107,FGSG_08078,2,uncharacterized protein,GO:0006807;GO:0016021;GO:0016810
FGSG_06234,1,0.4076459113229798,0.4076459113229798,FGSG_10206,2,uncharacterized protein,
FGSG_09626,1,0.4076381338214764,0.4076381338214764,FGSG_10922,1,uncharacterized protein,
FGSG_00491,1,0.40762695745376143,0.40762695745376143,FGSG_03295,1,uncharacterized protein,GO:0005509;GO:0006457;GO:0030176;GO:0030433;GO:0051082
FGSG_04172,1,0.4075496591601173,0.4075496591601173,FGSG_02461,1,uncharacterized protein,GO:0016021
FGSG_07389,1,0.40751531335481395,0.40751531335481395,FGSG_02329,2,uncharacterized protein,GO:0016491;GO:0055114
FGSG_07696,1,0.4074056958015091,0.4074056958015091,FGSG_09456,1,uncharacterized protein,GO:0016021
FGSG_11492,1,0.40733403365479176,0.40733403365479176,FGSG_03894,1,uncharacterized protein,GO:0004499;GO:0050660;GO:0050661;GO:0055114
FGSG_07851,1,0.4072314169625364,0.4072314169625364,FGSG_02461,1,uncharacterized protein,GO:0016021
FGSG_06320,1,0.40720599598620266,0.40720599598620266,FGSG_03894,1,uncharacterized protein,
FGSG_01686,1,0.40714620327018197,0.40714620327018197,FGSG_10922,1,uncharacterized protein,GO:0008106;GO:0008270;GO:0047924;GO:0055114
FGSG_06532,1,0.40707394958309295,0.40707394958309295,FGSG_00007,2,peptidyl-prolyl cis-trans isomerase ssp-1,GO:0000083;GO:0000117;GO:0000122;GO:0000413;GO:0003755;GO:0005634;GO:0006369;GO:0031064;GO:0035307;GO:0045899;GO:0080182;GO:1901407;GO:2000059;GO:2000749
FGSG_09558,1,0.40704285921591415,0.40704285921591415,FGSG_03894,1,uncharacterized protein,GO:0004190;GO:0006508;GO:0016021
FGSG_02816,1,0.4069476192321456,0.4069476192321456,FGSG_02327,2,uncharacterized protein,
FGSG_04560,1,0.4068327142959692,0.4068327142959692,FGSG_00743,1,uncharacterized protein,GO:0016021
FGSG_00886,1,0.40682566760002986,0.40682566760002986,FGSG_02329,2,uncharacterized protein,GO:0005643;GO:0005777;GO:0005868;GO:0005881;GO:0008152;GO:0030029;GO:0030473;GO:0040001;GO:0051292;GO:1990429;GO:2000582
FGSG_11069,1,0.4067974949433149,0.4067974949433149,FGSG_08078,2,uncharacterized protein,GO:0015663;GO:0016021;GO:0035353
FGSG_07368,1,0.4067955079384722,0.4067955079384722,FGSG_02271,1,uncharacterized protein,GO:0000981;GO:0003677;GO:0005634;GO:0006351;GO:0006357;GO:0008270
FGSG_05456,1,0.40665138217633334,0.40665138217633334,FGSG_03894,1,uncharacterized protein,GO:0016021;GO:0030001;GO:0046873;GO:0055085
FGSG_02474,1,0.4066225323850401,0.4066225323850401,FGSG_02461,1,uncharacterized protein,GO:0016651;GO:0022900
FGSG_05744,1,0.40654763162626023,0.40654763162626023,FGSG_10922,1,uncharacterized protein,GO:0016021
FGSG_05890,1,0.4064543569884934,0.4064543569884934,FGSG_08083,2,uncharacterized protein,GO:0016787;GO:0046856
FGSG_12519,1,0.40643717106509025,0.40643717106509025,FGSG_08078,2,uncharacterized protein,GO:0004657;GO:0006562;GO:0008483;GO:0009058;GO:0030170;GO:0055114
FGSG_13341,1,0.40635884311372694,0.40635884311372694,FGSG_02461,1,ATP synthase subunit D protein,GO:0000274;GO:0006461;GO:0015986;GO:0046933;GO:0046961
FGSG_06474,1,0.4062653910727398,0.4062653910727398,FGSG_13952,2,uncharacterized protein,GO:0003779;GO:0005622
FGSG_03816,1,0.40622495306732376,0.40622495306732376,FGSG_08078,2,uncharacterized protein,GO:0016787
FGSG_06089,1,0.4061119944893097,0.4061119944893097,FGSG_10922,1,uncharacterized protein,GO:0000124;GO:0006281;GO:0016301;GO:0016310;GO:0016573;GO:0035267;GO:0045944;GO:0046695
FGSG_12981,1,0.40610124149398935,0.40610124149398935,FGSG_03894,1,uncharacterized protein,GO:0016021
FGSG_08067,1,0.40609543391498454,0.40609543391498454,FGSG_02329,2,uncharacterized protein,GO:0006650;GO:0008080;GO:0008081;GO:0016884;GO:0047396
FGSG_10131,1,0.4060837107605832,0.4060837107605832,FGSG_00007,2,uncharacterized protein,GO:0016787
FGSG_07119,1,0.40606463563234546,0.40606463563234546,FGSG_03894,1,uncharacterized protein,
FGSG_02517,1,0.4060097068947201,0.4060097068947201,FGSG_04589,1,uncharacterized protein,
FGSG_04920,1,0.4059675389332954,0.4059675389332954,FGSG_02461,1,uncharacterized protein,GO:0016021
FGSG_07315,1,0.4059254174270568,0.4059254174270568,FGSG_08078,2,C-8 sterol isomerase,GO:0000247;GO:0005783;GO:0006696;GO:0016021
FGSG_04271,1,0.40592484227113734,0.40592484227113734,FGSG_10922,1,uncharacterized protein,GO:0005635;GO:0005829;GO:0006020
FGSG_02336,1,0.405924730751143,0.405924730751143,FGSG_08078,2,uncharacterized protein,
FGSG_04064,1,0.40588362394033756,0.40588362394033756,FGSG_02329,2,uncharacterized protein,GO:0016491;GO:0055114
FGSG_10376,1,0.4057798066586236,0.4057798066586236,FGSG_03894,1,uncharacterized protein,GO:0000921;GO:0006882;GO:0030176;GO:0032541;GO:0036228;GO:0048309;GO:0097038
FGSG_10925,1,0.40574909618357324,0.40574909618357324,FGSG_10922,1,saccharopine dehydrogenase,GO:0004754;GO:0019878;GO:0055114
FGSG_02308,1,0.40573721626690396,0.40573721626690396,FGSG_02324,2,uncharacterized protein,
FGSG_01965,1,0.4054468486424915,0.4054468486424915,FGSG_00765,1,uncharacterized protein,
FGSG_10514,1,0.4054288329280339,0.4054288329280339,FGSG_02329,2,uncharacterized protein,GO:0000122;GO:0003690;GO:0006335;GO:0006336;GO:0006368;GO:0042393;GO:0070869
FGSG_06940,1,0.40531342757531263,0.40531342757531263,FGSG_08083,2,uncharacterized protein,GO:0004674;GO:0005524;GO:0006468
FGSG_05091,1,0.4052977440444081,0.4052977440444081,FGSG_02329,2,spt3 protein,GO:0003743;GO:0006366;GO:0006413;GO:0046982
FGSG_02538,1,0.4052733177760141,0.4052733177760141,FGSG_08601,1,uncharacterized protein,GO:0003677
FGSG_11941,1,0.405254469061859,0.405254469061859,FGSG_04589,1,uncharacterized protein,GO:0005524;GO:0005634;GO:0006298;GO:0007131;GO:0030983
FGSG_06045,1,0.40524075772333307,0.40524075772333307,FGSG_09834,1,uncharacterized protein,GO:0008541;GO:0030234;GO:0042176;GO:0050790
FGSG_09709,1,0.4052305312434795,0.4052305312434795,FGSG_03894,1,uncharacterized protein,GO:0003677;GO:0003700;GO:0006355
FGSG_11074,1,0.4052231508329043,0.4052231508329043,FGSG_08078,2,uncharacterized protein,GO:0008168;GO:0032259
FGSG_03657,1,0.4052058919432136,0.4052058919432136,FGSG_02324,2,uncharacterized protein,GO:0004497;GO:0016021;GO:0055114;GO:0071949
FGSG_00139,1,0.4052022854043781,0.4052022854043781,FGSG_03532,2,aldehyde dehydrogenase,GO:0016620;GO:0055114
FGSG_02000,1,0.40516946153131095,0.40516946153131095,FGSG_03532,2,uncharacterized protein,GO:0016740
FGSG_10636,1,0.4051441508791725,0.4051441508791725,FGSG_08078,2,uncharacterized protein,
FGSG_00776,1,0.4051290107328197,0.4051290107328197,FGSG_02327,2,uncharacterized protein,GO:0005768;GO:0005794;GO:0005829;GO:0006895;GO:0030036;GO:0030125;GO:0030276;GO:0032266;GO:0032511;GO:0034498;GO:0071985;GO:0080025
FGSG_06022,1,0.40510247702855806,0.40510247702855806,FGSG_03532,2,uncharacterized protein,GO:0005215;GO:0005743;GO:0006281;GO:0016021;GO:0051382;GO:0055085
FGSG_01755,1,0.4051014494905727,0.4051014494905727,FGSG_10922,1,uncharacterized protein,GO:0008080
FGSG_12097,1,0.4050719165446273,0.4050719165446273,FGSG_04589,1,uncharacterized protein,
FGSG_05997,1,0.40500740397833157,0.40500740397833157,FGSG_08078,2,uncharacterized protein,GO:0016491;GO:0055114
FGSG_02104,1,0.4049817916983112,0.4049817916983112,FGSG_08601,1,uncharacterized protein,
FGSG_11284,1,0.4049490483889837,0.4049490483889837,FGSG_02327,2,uncharacterized protein,GO:0016021
FGSG_02767,1,0.4049428933851925,0.4049428933851925,FGSG_02461,1,general amino acid permease AGP3,GO:0003333;GO:0015171;GO:0016021
FGSG_03569,1,0.4048791242543509,0.4048791242543509,FGSG_02329,2,galactose oxidase precursor,GO:0045480;GO:0055114
FGSG_08102,1,0.40485890557743687,0.40485890557743687,FGSG_02329,2,uncharacterized protein,GO:0004252;GO:0006508
FGSG_07295,1,0.40483366993802916,0.40483366993802916,FGSG_02329,2,MAP kinase kinase MKK2/SSP33,GO:0000165;GO:0000187;GO:0004674;GO:0004708;GO:0004713;GO:0005524;GO:0005634;GO:0005829;GO:0018108;GO:0030428;GO:1901196
FGSG_01084,1,0.40474451404295386,0.40474451404295386,FGSG_00765,1,uncharacterized protein,
FGSG_00201,1,0.40470021473198886,0.40470021473198886,FGSG_03532,2,uncharacterized protein,GO:0016021
FGSG_05762,1,0.4046730396840939,0.4046730396840939,FGSG_02329,2,uncharacterized protein,
FGSG_04170,1,0.4046695192435536,0.4046695192435536,FGSG_08083,2,uncharacterized protein,GO:0000981;GO:0003677;GO:0005634;GO:0006351;GO:0006357;GO:0008270
FGSG_01839,1,0.4045384474222275,0.4045384474222275,FGSG_02329,2,DNA primase large subunit,GO:0000731;GO:0003677;GO:0003896;GO:0005635;GO:0005658;GO:0005829;GO:0006269;GO:0006270;GO:0006273;GO:0006302;GO:0016021;GO:0046872;GO:0051539;GO:1990077
FGSG_00434,1,0.4044728967035108,0.4044728967035108,FGSG_03894,1,uncharacterized protein,
FGSG_09767,1,0.40440988607697065,0.40440988607697065,FGSG_09456,1,uncharacterized protein,
FGSG_05604,1,0.4043977888768848,0.4043977888768848,FGSG_10922,1,uncharacterized protein,
FGSG_01643,1,0.4042849137913462,0.4042849137913462,FGSG_03894,1,chorismate synthase,GO:0004107;GO:0005634;GO:0005829;GO:0009073;GO:0009423;GO:0042602;GO:0055114
FGSG_08194,1,0.4042478113983957,0.4042478113983957,FGSG_08083,2,cyanamide hydratase,GO:0008270;GO:0018820;GO:0018890
FGSG_03925,1,0.40413444493367834,0.40413444493367834,FGSG_02324,2,uncharacterized protein,GO:0003847;GO:0015996;GO:0016042;GO:0016491;GO:0047746;GO:0055114
FGSG_05379,1,0.4040757911488372,0.4040757911488372,FGSG_03894,1,uncharacterized protein,GO:0000295;GO:0005779;GO:0006635;GO:0007031;GO:0015867;GO:0055085
FGSG_00422,1,0.40399833075302977,0.40399833075302977,FGSG_08601,1,uncharacterized protein,
FGSG_07795,1,0.403933233598566,0.403933233598566,FGSG_10922,1,uncharacterized protein,
FGSG_06272,1,0.4039273204062418,0.4039273204062418,FGSG_10922,1,uncharacterized protein,GO:0004842;GO:0005634;GO:0016567;GO:0016874;GO:0032153;GO:0044732;GO:0051286
FGSG_01214,1,0.40389368829219113,0.40389368829219113,FGSG_02461,1,uncharacterized protein,GO:0046872
FGSG_02811,1,0.40385854691961415,0.40385854691961415,FGSG_03546,1,uncharacterized protein,GO:0005737;GO:0006303;GO:0006511;GO:0043130
FGSG_07875,1,0.40382213899143715,0.40382213899143715,FGSG_03894,1,tricarboxylate transport protein,GO:0005739;GO:0016021;GO:0055085
FGSG_03915,1,0.4038172647283954,0.4038172647283954,FGSG_03539,2,uncharacterized protein,GO:0004497;GO:0055114
FGSG_05900,1,0.40381020387363153,0.40381020387363153,FGSG_00007,2,uncharacterized protein,GO:0003824;GO:0005737;GO:0046872
FGSG_04890,1,0.40380606660415247,0.40380606660415247,FGSG_02329,2,uncharacterized protein,GO:0000132;GO:0005524;GO:0005880;GO:0005881;GO:0008017;GO:0008152;GO:0008574;GO:0030472;GO:0030473;GO:0031115;GO:0032888;GO:0051228;GO:0070462;GO:0070463;GO:0090307
FGSG_07159,1,0.4037622288085294,0.4037622288085294,FGSG_04458,1,uncharacterized protein,GO:0000138;GO:0000321;GO:0000324;GO:0005635;GO:0005783;GO:0016239;GO:0031030;GO:0031573;GO:0061509;GO:0071957
FGSG_07792,1,0.40364108726796616,0.40364108726796616,FGSG_03842,2,uncharacterized protein,GO:0016021
FGSG_07817,1,0.403623591795041,0.403623591795041,FGSG_08083,2,uncharacterized protein,GO:0004672;GO:0005524;GO:0006468
FGSG_11479,1,0.40360190122575357,0.40360190122575357,FGSG_02329,2,uncharacterized protein,
FGSG_03467,1,0.4035334117375049,0.4035334117375049,FGSG_02329,2,extracellular elastinolytic metalloproteinase precursor,GO:0004222;GO:0005615;GO:0006508;GO:0008270
FGSG_02575,1,0.40351620635574476,0.40351620635574476,FGSG_02461,1,uncharacterized protein,GO:0000166;GO:0001731;GO:0003743;GO:0005829;GO:0033592;GO:0034057;GO:0043024;GO:0097010
FGSG_09728,1,0.40344210403875513,0.40344210403875513,FGSG_02326,2,uncharacterized protein,GO:0000404;GO:0000710;GO:0000713;GO:0003697;GO:0005524;GO:0005739;GO:0005829;GO:0007131;GO:0016887;GO:0032139;GO:0032389;GO:0032390;GO:0044732;GO:0097587
FGSG_09621,1,0.403393130395767,0.403393130395767,FGSG_00743,1,uncharacterized protein,
FGSG_01476,1,0.4033632822687901,0.4033632822687901,FGSG_08078,2,uncharacterized protein,GO:0004222;GO:0005524;GO:0006508;GO:0016021;GO:0050662
FGSG_00369,1,0.4033295849294603,0.4033295849294603,FGSG_08601,1,uncharacterized protein,GO:0006888;GO:0030134;GO:0030173;GO:0030176
FGSG_00744,1,0.4031725479956074,0.4031725479956074,FGSG_10922,1,tyrosyl-tRNA synthetase,GO:0003723;GO:0004831;GO:0005524;GO:0005739;GO:0070184
FGSG_12131,1,0.403157708638113,0.403157708638113,FGSG_08078,2,uncharacterized protein,GO:0016407
FGSG_00109,1,0.4031104713490055,0.4031104713490055,FGSG_09456,1,uncharacterized protein,GO:0008152;GO:0008483
FGSG_09294,1,0.4030205063486284,0.4030205063486284,FGSG_09456,1,uncharacterized protein,GO:0016020;GO:0051301
FGSG_04176,1,0.40300577785317443,0.40300577785317443,FGSG_02329,2,uncharacterized protein,
FGSG_02289,1,0.4029893198326414,0.4029893198326414,FGSG_02329,2,uncharacterized protein,GO:0006629;GO:0008081;GO:0016021
FGSG_02070,1,0.40292909427734525,0.40292909427734525,FGSG_13952,2,uncharacterized protein,GO:0016021;GO:0055085
FGSG_07885,1,0.4029206941390082,0.4029206941390082,FGSG_13952,2,uncharacterized protein,
FGSG_05792,1,0.40291493654453214,0.40291493654453214,FGSG_08083,2,uncharacterized protein,GO:0008171;GO:0032259
FGSG_01731,1,0.4028507466668356,0.4028507466668356,FGSG_03894,1,uncharacterized protein,GO:0000981;GO:0003677;GO:0005634;GO:0006351;GO:0006357;GO:0008270
FGSG_03399,1,0.40277174186151093,0.40277174186151093,FGSG_08078,2,uncharacterized protein,GO:0000981;GO:0005634;GO:0006357;GO:0008270
FGSG_04366,1,0.40270673528241935,0.40270673528241935,FGSG_00765,1,uncharacterized protein,GO:0000131;GO:0000133;GO:0003779;GO:0005519;GO:0005816;GO:0005934;GO:0005935;GO:0007118;GO:0007121;GO:0007124;GO:0008047;GO:0030953;GO:0032880;GO:0034652;GO:0035838;GO:0035839;GO:0043085;GO:0043332;GO:0051017;GO:0051519;GO:0090338;GO:2000251
FGSG_07710,1,0.40262747695040096,0.40262747695040096,FGSG_02324,2,uncharacterized protein,
FGSG_10317,1,0.40261432299107014,0.40261432299107014,FGSG_08083,2,uncharacterized protein,GO:0005886;GO:0006897;GO:0015233;GO:0015887;GO:0016021
FGSG_10322,1,0.40261313939172955,0.40261313939172955,FGSG_00007,2,uncharacterized protein,GO:0005524;GO:0016301;GO:0016310;GO:0016887
FGSG_09282,1,0.40260769113191575,0.40260769113191575,FGSG_00765,1,uncharacterized protein,GO:0097159;GO:1901363
FGSG_05754,1,0.40249961346648994,0.40249961346648994,FGSG_08078,2,uncharacterized protein,GO:0016021
FGSG_04444,1,0.4024447733477681,0.4024447733477681,FGSG_02272,1,uncharacterized protein,
FGSG_01224,1,0.4023141796792366,0.4023141796792366,FGSG_02461,1,uncharacterized protein,
FGSG_00626,1,0.4022423991901687,0.4022423991901687,FGSG_03894,1,uncharacterized protein,GO:0003676;GO:0005524;GO:0006310;GO:0008026
FGSG_20764,1,0.4022153780529667,0.4022153780529667,FGSG_03894,1,tRNA-Glu,
FGSG_02368,1,0.40218608058409916,0.40218608058409916,FGSG_02329,2,uncharacterized protein,GO:0000981;GO:0003677;GO:0005634;GO:0006351;GO:0006357;GO:0008270
FGSG_05539,1,0.4021361424400373,0.4021361424400373,FGSG_03894,1,uncharacterized protein,GO:0016021
FGSG_11448,1,0.4020183740489178,0.4020183740489178,FGSG_02329,2,uncharacterized protein,
FGSG_04216,1,0.4020030761885676,0.4020030761885676,FGSG_13952,2,uncharacterized protein,GO:0008168;GO:0032259
FGSG_03716,1,0.40196424439315365,0.40196424439315365,FGSG_03532,2,uncharacterized protein,GO:0016021;GO:0055085
FGSG_07684,1,0.4018202297579627,0.4018202297579627,FGSG_03894,1,uncharacterized protein,
FGSG_06338,1,0.40177488520009,0.40177488520009,FGSG_03894,1,tRNA (guanine-N(1)-)-methyltransferase,GO:0005634;GO:0005737;GO:0030488;GO:0052905
FGSG_08150,1,0.4017574594799082,0.4017574594799082,FGSG_02329,2,uncharacterized protein,GO:0004622;GO:0009395
FGSG_10013,1,0.40175288413708865,0.40175288413708865,FGSG_13952,2,uncharacterized protein,
FGSG_08669,1,0.4017234796137319,0.4017234796137319,FGSG_09834,1,uncharacterized protein,GO:0003735;GO:0005783;GO:0005794;GO:0005840;GO:0005886;GO:0006412;GO:0016021;GO:1901583;GO:1901584
FGSG_08788,1,0.4017197000573641,0.4017197000573641,FGSG_00765,1,uncharacterized protein,GO:0016021
FGSG_00708,1,0.40170055730075116,0.40170055730075116,FGSG_08083,2,uncharacterized protein,GO:0016740;GO:0016884
FGSG_12415,1,0.40169582529746023,0.40169582529746023,FGSG_02329,2,uncharacterized protein,GO:0016021;GO:0055085
FGSG_07892,1,0.40156045077627,0.40156045077627,FGSG_10922,1,uncharacterized protein,GO:0000272;GO:0008810;GO:0016021
FGSG_05314,1,0.40155652265040176,0.40155652265040176,FGSG_03894,1,mitochondria fission 1 protein,GO:0000266;GO:0001300;GO:0005741;GO:0005777;GO:0016021;GO:0016559;GO:0090141
FGSG_10973,1,0.4015552827436066,0.4015552827436066,FGSG_08078,2,uncharacterized protein,GO:0016021
FGSG_11217,1,0.401530590491696,0.401530590491696,FGSG_03532,2,uncharacterized protein,GO:0016616;GO:0044710;GO:0050662
FGSG_05411,1,0.4015202478278086,0.4015202478278086,FGSG_08601,1,uncharacterized protein,GO:0000290;GO:0000932;GO:0003723;GO:0005634;GO:0030145;GO:0031087;GO:0034063;GO:0050072
FGSG_08881,1,0.4015019696284141,0.4015019696284141,FGSG_03532,2,uncharacterized protein,GO:0005789;GO:0016021;GO:0034599
FGSG_04537,1,0.4014791588751677,0.4014791588751677,FGSG_02329,2,uncharacterized protein,GO:0016021;GO:0022891;GO:0055085
FGSG_01977,1,0.4014336766436351,0.4014336766436351,FGSG_08078,2,uncharacterized protein,
FGSG_02521,1,0.40131544516623013,0.40131544516623013,FGSG_10922,1,uncharacterized protein,
FGSG_06323,1,0.40130403102935114,0.40130403102935114,FGSG_08601,1,uncharacterized protein,
FGSG_06755,1,0.40127674095106924,0.40127674095106924,FGSG_00765,1,uncharacterized protein,GO:0003735;GO:0005762;GO:0016787;GO:0032543
FGSG_00605,1,0.40114517804981026,0.40114517804981026,FGSG_03894,1,uncharacterized protein,
FGSG_07846,1,0.4011043553915059,0.4011043553915059,FGSG_08083,2,uncharacterized protein,GO:0004499;GO:0050660;GO:0050661;GO:0055114
FGSG_09042,1,0.4009639347744327,0.4009639347744327,FGSG_08078,2,formamidase,GO:0016811
FGSG_04412,1,0.4009105076514186,0.4009105076514186,FGSG_10922,1,uncharacterized protein,GO:0000009;GO:0000032;GO:0000136;GO:0005783;GO:0006487;GO:0097502
FGSG_04139,1,0.4008762060771877,0.4008762060771877,FGSG_02329,2,prephenate dehydrogenase,GO:0004665;GO:0006571;GO:0008977;GO:0055114
FGSG_07110,1,0.40084808226812363,0.40084808226812363,FGSG_02329,2,type-2 proteins geranylgeranyltransferase subunit beta,GO:0004663;GO:0018344
FGSG_09548,1,0.40082481272758824,0.40082481272758824,FGSG_02329,2,uncharacterized protein,GO:0005576
FGSG_06844,1,0.40079059279257656,0.40079059279257656,FGSG_08083,2,uncharacterized protein,GO:0005634;GO:0005829
FGSG_01969,1,0.40079009751020644,0.40079009751020644,FGSG_05610,1,uncharacterized protein,GO:0004622;GO:0009395;GO:0016021
FGSG_00246,1,0.40077280690899525,0.40077280690899525,FGSG_08083,2,uncharacterized protein,GO:0016209;GO:0016491;GO:0055114;GO:0098869
FGSG_07086,1,0.40068527301670964,0.40068527301670964,FGSG_10922,1,uncharacterized protein,GO:0001042;GO:0001082;GO:0001169;GO:0001179;GO:0001180;GO:0001181;GO:0003743;GO:0005730;GO:0005829;GO:0006356;GO:0006413
FGSG_09446,1,0.40066895323806384,0.40066895323806384,FGSG_03894,1,uncharacterized protein,GO:0005829;GO:0008168;GO:0032259
FGSG_00475,1,0.40062659964773173,0.40062659964773173,FGSG_03894,1,uncharacterized protein,GO:0005634;GO:0005829;GO:0016020;GO:0016226;GO:0051536
FGSG_01434,1,0.4006051942186416,0.4006051942186416,FGSG_03894,1,uncharacterized protein,GO:0005680;GO:0030071;GO:0031145
FGSG_00236,1,0.4005994883457664,0.4005994883457664,FGSG_02329,2,uncharacterized protein,GO:0008270;GO:0016491;GO:0016747;GO:0055114
FGSG_07523,1,0.40056152442237425,0.40056152442237425,FGSG_03894,1,uncharacterized protein,
FGSG_10276,1,0.4005203980975992,0.4005203980975992,FGSG_02461,1,NADH dehydrogenase iron-sulfur protein 7,GO:0008137;GO:0046872;GO:0048038;GO:0051539;GO:0055114
FGSG_05105,1,0.40047573292861977,0.40047573292861977,FGSG_02329,2,uncharacterized protein,GO:0000217;GO:0000799;GO:0003680;GO:0003682;GO:0005524;GO:0007076;GO:0007130;GO:0010032;GO:0051307;GO:0070058;GO:0070550
FGSG_03439,1,0.40041669156115267,0.40041669156115267,FGSG_08078,2,uncharacterized protein,GO:0004497;GO:0010181;GO:0016758;GO:0055114
FGSG_06019,1,0.400389968516555,0.400389968516555,FGSG_02327,2,40S ribosomal protein S5-B,GO:0002181;GO:0003723;GO:0003735;GO:0006407;GO:0022627
FGSG_03823,1,0.40037108569749513,0.40037108569749513,FGSG_02329,2,uncharacterized protein,GO:0016021
FGSG_07940,1,0.40034593862873397,0.40034593862873397,FGSG_03532,2,uncharacterized protein,GO:0003980;GO:0006486;GO:0097359
FGSG_02776,1,0.4003246232933164,0.4003246232933164,FGSG_10922,1,uncharacterized protein,
FGSG_02765,1,0.40029587905775155,0.40029587905775155,FGSG_02324,2,uncharacterized protein,
FGSG_05537,1,0.4002539851983356,0.4002539851983356,FGSG_09456,1,uncharacterized protein,GO:0000287;GO:0001732;GO:0005524;GO:0005634;GO:0005829;GO:0006417;GO:0007049;GO:0007346;GO:0051301
FGSG_12895,1,0.40021169527293166,0.40021169527293166,FGSG_08083,2,uncharacterized protein,
FGSG_05359,1,0.400147312387776,0.400147312387776,FGSG_02329,2,uncharacterized protein,
FGSG_02722,1,0.40014107011905403,0.40014107011905403,FGSG_08078,2,uncharacterized protein,GO:0005524;GO:0016020;GO:0016773
FGSG_00522,1,0.40013037497639037,0.40013037497639037,FGSG_03061,1,uncharacterized protein,
FGSG_03718,1,0.4000355098009385,0.4000355098009385,FGSG_02327,2,uncharacterized protein,GO:0004386
FGSG_04879,1,0.4000304848053085,0.4000304848053085,FGSG_03532,2,uncharacterized protein,GO:0003333;GO:0015171;GO:0016021
