candidate,n_goi_partners,max_TOM,sum_TOM,goi_partners,module,product,GO,gba_weight,n_deg_goi_partners,own_l2fc,own_padj,own_sig,score
FGSG_09697,54,0.5006458524741463,25.121069773849257,FGSG_00043;FGSG_00044;FGSG_00330;FGSG_00743;FGSG_01346;FGSG_01422;FGSG_01947;FGSG_02030;FGSG_02271;FGSG_02272;FGSG_02461;FGSG_02554;FGSG_03061;FGSG_03295;FGSG_03340;FGSG_03546;FGSG_03547;FGSG_03548;FGSG_03894;FGSG_03992;FGSG_04458;FGSG_04490;FGSG_04588;FGSG_04589;FGSG_04590;FGSG_04591;FGSG_04592;FGSG_04593;FGSG_04595;FGSG_04596;FGSG_04763;FGSG_04852;FGSG_05610;FGSG_05843;FGSG_05926;FGSG_06055;FGSG_06257;FGSG_06702;FGSG_07075;FGSG_07528;FGSG_08601;FGSG_08712;FGSG_08774;FGSG_09012;FGSG_09280;FGSG_09456;FGSG_09826;FGSG_09834;FGSG_10347;FGSG_10922;FGSG_10947;FGSG_12180;FGSG_12223;FGSG_13136,1,uncharacterized protein,GO:0016021;GO:0055085,20.15654689902171,43,-6.25762971307426,0.0,1,0.9972501676727029
FGSG_07721,52,0.4879225227439048,23.59155864717132,FGSG_00043;FGSG_00044;FGSG_00048;FGSG_00330;FGSG_00743;FGSG_01346;FGSG_01422;FGSG_01947;FGSG_02030;FGSG_02271;FGSG_02272;FGSG_02461;FGSG_02554;FGSG_03061;FGSG_03295;FGSG_03340;FGSG_03546;FGSG_03547;FGSG_03548;FGSG_03894;FGSG_03992;FGSG_04458;FGSG_04490;FGSG_04589;FGSG_04590;FGSG_04591;FGSG_04592;FGSG_04593;FGSG_04595;FGSG_04596;FGSG_04763;FGSG_04852;FGSG_05610;FGSG_05843;FGSG_05926;FGSG_06055;FGSG_06257;FGSG_07075;FGSG_07528;FGSG_08601;FGSG_08712;FGSG_08774;FGSG_09012;FGSG_09280;FGSG_09456;FGSG_09826;FGSG_09834;FGSG_10347;FGSG_10947;FGSG_11658;FGSG_12180;FGSG_12223,1,uncharacterized protein,GO:0004065;GO:0018958,18.773419868103705,41,-6.76668500159176,1.09171389291893e-41,1,0.9934942991281019
FGSG_03970,56,0.5020912668499565,25.91618142566074,FGSG_00175;FGSG_00330;FGSG_00743;FGSG_00765;FGSG_01346;FGSG_01422;FGSG_01947;FGSG_02030;FGSG_02271;FGSG_02272;FGSG_02461;FGSG_02782;FGSG_03061;FGSG_03295;FGSG_03340;FGSG_03546;FGSG_03547;FGSG_03548;FGSG_03894;FGSG_03992;FGSG_04458;FGSG_04490;FGSG_04588;FGSG_04589;FGSG_04590;FGSG_04591;FGSG_04592;FGSG_04593;FGSG_04595;FGSG_04596;FGSG_04763;FGSG_05368;FGSG_05610;FGSG_05843;FGSG_05926;FGSG_06055;FGSG_06257;FGSG_06506;FGSG_06702;FGSG_07075;FGSG_07528;FGSG_08601;FGSG_08712;FGSG_08774;FGSG_09012;FGSG_09280;FGSG_09456;FGSG_09826;FGSG_09834;FGSG_10347;FGSG_10947;FGSG_11206;FGSG_12180;FGSG_12222;FGSG_12223;FGSG_13136,1,uncharacterized protein,,20.018983376892976,43,-4.53849179240524,5.50197415115623e-87,1,0.9923541247484909
FGSG_11112,53,0.5004425183568165,24.632602538286708,FGSG_00330;FGSG_00743;FGSG_01346;FGSG_01422;FGSG_01947;FGSG_02030;FGSG_02271;FGSG_02272;FGSG_02461;FGSG_02554;FGSG_03061;FGSG_03295;FGSG_03340;FGSG_03546;FGSG_03547;FGSG_03548;FGSG_03894;FGSG_03992;FGSG_04458;FGSG_04490;FGSG_04588;FGSG_04589;FGSG_04590;FGSG_04591;FGSG_04592;FGSG_04593;FGSG_04595;FGSG_04596;FGSG_04763;FGSG_05368;FGSG_05610;FGSG_05843;FGSG_05926;FGSG_06055;FGSG_06257;FGSG_06702;FGSG_07075;FGSG_07528;FGSG_08601;FGSG_08712;FGSG_08774;FGSG_09012;FGSG_09280;FGSG_09456;FGSG_09826;FGSG_09834;FGSG_10347;FGSG_10947;FGSG_11206;FGSG_12180;FGSG_12222;FGSG_12223;FGSG_13136,1,uncharacterized protein,,19.225798183193817,41,-5.15524459742437,5.61132142275653e-191,1,0.9920858484238766
FGSG_06048,53,0.49278070800971063,24.351571067143055,FGSG_00043;FGSG_00044;FGSG_00048;FGSG_00330;FGSG_00743;FGSG_01346;FGSG_01422;FGSG_01947;FGSG_02030;FGSG_02271;FGSG_02272;FGSG_02461;FGSG_02554;FGSG_03061;FGSG_03295;FGSG_03340;FGSG_03546;FGSG_03547;FGSG_03548;FGSG_03894;FGSG_03992;FGSG_04458;FGSG_04490;FGSG_04589;FGSG_04590;FGSG_04591;FGSG_04592;FGSG_04593;FGSG_04595;FGSG_04596;FGSG_04763;FGSG_04852;FGSG_05610;FGSG_05843;FGSG_05926;FGSG_06055;FGSG_06257;FGSG_06702;FGSG_07075;FGSG_07528;FGSG_08601;FGSG_08712;FGSG_08774;FGSG_09012;FGSG_09280;FGSG_09456;FGSG_09826;FGSG_09834;FGSG_10347;FGSG_10947;FGSG_11658;FGSG_12180;FGSG_12223,1,uncharacterized protein,GO:0015986;GO:0015991;GO:0016021;GO:0045263;GO:0046961,19.05617342683655,41,-5.20719851626053,0.0,1,0.9916163648558014
FGSG_03422,52,0.4986504916911885,24.33767930439982,FGSG_00043;FGSG_00330;FGSG_00743;FGSG_01346;FGSG_01422;FGSG_01947;FGSG_02030;FGSG_02271;FGSG_02272;FGSG_02461;FGSG_02554;FGSG_03061;FGSG_03295;FGSG_03340;FGSG_03546;FGSG_03547;FGSG_03548;FGSG_03894;FGSG_03992;FGSG_04458;FGSG_04490;FGSG_04588;FGSG_04589;FGSG_04590;FGSG_04591;FGSG_04592;FGSG_04593;FGSG_04596;FGSG_04763;FGSG_05368;FGSG_05610;FGSG_05843;FGSG_05926;FGSG_06055;FGSG_06257;FGSG_07075;FGSG_07528;FGSG_08601;FGSG_08712;FGSG_08774;FGSG_09012;FGSG_09280;FGSG_09456;FGSG_09826;FGSG_09834;FGSG_10347;FGSG_10922;FGSG_10947;FGSG_12180;FGSG_12222;FGSG_12223;FGSG_13136,1,uncharacterized protein,GO:0016831,19.737904523941612,42,-4.32097412642301,6.686961467235039e-42,1,0.9898054996646546
FGSG_03005,52,0.4951646941890259,23.890040664913247,FGSG_00043;FGSG_00330;FGSG_00743;FGSG_01346;FGSG_01422;FGSG_01947;FGSG_02030;FGSG_02271;FGSG_02272;FGSG_02461;FGSG_02554;FGSG_03061;FGSG_03295;FGSG_03340;FGSG_03546;FGSG_03547;FGSG_03548;FGSG_03894;FGSG_03992;FGSG_04458;FGSG_04490;FGSG_04588;FGSG_04589;FGSG_04590;FGSG_04591;FGSG_04592;FGSG_04593;FGSG_04596;FGSG_04763;FGSG_05368;FGSG_05610;FGSG_05843;FGSG_05926;FGSG_06055;FGSG_06257;FGSG_07075;FGSG_07528;FGSG_08601;FGSG_08712;FGSG_08774;FGSG_09012;FGSG_09280;FGSG_09456;FGSG_09826;FGSG_09834;FGSG_10347;FGSG_10922;FGSG_10947;FGSG_12180;FGSG_12222;FGSG_12223;FGSG_13136,1,uncharacterized protein,GO:0016021,19.375607257032147,42,-4.42498803626092,7.16213219214666e-15,1,0.9897384305835011
FGSG_07660,55,0.5028936903533245,25.470373246126115,FGSG_00330;FGSG_00743;FGSG_00765;FGSG_01346;FGSG_01422;FGSG_01947;FGSG_02030;FGSG_02271;FGSG_02272;FGSG_02461;FGSG_02554;FGSG_02782;FGSG_03061;FGSG_03295;FGSG_03340;FGSG_03546;FGSG_03547;FGSG_03548;FGSG_03894;FGSG_03992;FGSG_04458;FGSG_04490;FGSG_04588;FGSG_04589;FGSG_04590;FGSG_04591;FGSG_04592;FGSG_04593;FGSG_04595;FGSG_04596;FGSG_04763;FGSG_05368;FGSG_05610;FGSG_05843;FGSG_05926;FGSG_06055;FGSG_06257;FGSG_07075;FGSG_07528;FGSG_08601;FGSG_08712;FGSG_08774;FGSG_09012;FGSG_09280;FGSG_09456;FGSG_09826;FGSG_09834;FGSG_10347;FGSG_10922;FGSG_10947;FGSG_11206;FGSG_12180;FGSG_12222;FGSG_12223;FGSG_13136,1,uncharacterized protein,GO:0008168;GO:0032259,19.6100970562372,42,-4.12191480495044,1.30863565143599e-19,1,0.9881287726358149
FGSG_03494,56,0.5053725776999882,26.273338997842902,FGSG_00043;FGSG_00044;FGSG_00330;FGSG_00743;FGSG_01346;FGSG_01422;FGSG_01947;FGSG_02030;FGSG_02271;FGSG_02272;FGSG_02461;FGSG_02554;FGSG_03061;FGSG_03295;FGSG_03340;FGSG_03546;FGSG_03547;FGSG_03548;FGSG_03894;FGSG_03992;FGSG_04458;FGSG_04490;FGSG_04588;FGSG_04589;FGSG_04590;FGSG_04591;FGSG_04592;FGSG_04593;FGSG_04595;FGSG_04596;FGSG_04763;FGSG_04852;FGSG_05368;FGSG_05610;FGSG_05843;FGSG_05926;FGSG_06055;FGSG_06257;FGSG_06702;FGSG_07075;FGSG_07528;FGSG_08601;FGSG_08712;FGSG_08774;FGSG_09012;FGSG_09280;FGSG_09456;FGSG_09826;FGSG_09834;FGSG_10347;FGSG_10922;FGSG_10947;FGSG_12180;FGSG_12222;FGSG_12223;FGSG_13136,1,uncharacterized protein,,21.204927843068255,45,-3.58961544507125,1.97146528856337e-67,1,0.9869885982562039
FGSG_02281,49,0.5003656970438197,22.712239993724545,FGSG_00330;FGSG_00743;FGSG_00765;FGSG_01422;FGSG_02030;FGSG_02271;FGSG_02272;FGSG_02461;FGSG_02782;FGSG_03061;FGSG_03295;FGSG_03546;FGSG_03547;FGSG_03548;FGSG_03894;FGSG_03992;FGSG_04458;FGSG_04490;FGSG_04588;FGSG_04589;FGSG_04590;FGSG_04591;FGSG_04592;FGSG_04593;FGSG_04596;FGSG_04763;FGSG_05368;FGSG_05610;FGSG_05843;FGSG_06055;FGSG_06257;FGSG_07075;FGSG_07528;FGSG_08601;FGSG_08712;FGSG_08774;FGSG_09012;FGSG_09280;FGSG_09456;FGSG_09826;FGSG_09834;FGSG_10347;FGSG_10922;FGSG_10947;FGSG_11206;FGSG_12180;FGSG_12222;FGSG_12223;FGSG_13136,1,uncharacterized protein,GO:0016021;GO:0055085,17.639856461608957,38,-5.55914159462049,4.22293776719935e-164,1,0.9859825620389
FGSG_11757,52,0.5072631565634188,24.238185837579117,FGSG_00330;FGSG_00743;FGSG_00765;FGSG_01422;FGSG_02030;FGSG_02271;FGSG_02272;FGSG_02461;FGSG_02782;FGSG_03061;FGSG_03295;FGSG_03340;FGSG_03546;FGSG_03547;FGSG_03548;FGSG_03894;FGSG_03992;FGSG_04309;FGSG_04458;FGSG_04490;FGSG_04588;FGSG_04589;FGSG_04590;FGSG_04591;FGSG_04592;FGSG_04593;FGSG_04596;FGSG_04763;FGSG_05368;FGSG_05610;FGSG_05843;FGSG_06055;FGSG_06257;FGSG_06506;FGSG_07075;FGSG_07528;FGSG_08601;FGSG_08712;FGSG_08774;FGSG_09012;FGSG_09280;FGSG_09456;FGSG_09826;FGSG_09834;FGSG_10347;FGSG_10922;FGSG_10947;FGSG_11206;FGSG_12180;FGSG_12222;FGSG_12223;FGSG_13136,1,uncharacterized protein,,18.674385288995197,40,-4.11975468375023,2.34334535495951e-237,1,0.9855801475519785
FGSG_04708,53,0.4992052715194907,24.697909868985462,FGSG_00043;FGSG_00330;FGSG_00743;FGSG_01346;FGSG_01422;FGSG_01947;FGSG_02030;FGSG_02271;FGSG_02272;FGSG_02461;FGSG_02554;FGSG_03061;FGSG_03295;FGSG_03340;FGSG_03546;FGSG_03547;FGSG_03548;FGSG_03894;FGSG_03992;FGSG_04458;FGSG_04490;FGSG_04588;FGSG_04589;FGSG_04590;FGSG_04591;FGSG_04592;FGSG_04593;FGSG_04595;FGSG_04596;FGSG_04763;FGSG_04852;FGSG_05610;FGSG_05843;FGSG_05926;FGSG_06055;FGSG_06257;FGSG_06702;FGSG_07075;FGSG_07528;FGSG_08601;FGSG_08712;FGSG_08774;FGSG_09012;FGSG_09280;FGSG_09456;FGSG_09826;FGSG_09834;FGSG_10347;FGSG_10947;FGSG_12180;FGSG_12222;FGSG_12223;FGSG_13136,1,uncharacterized protein,GO:0008483;GO:0030170,19.703601169066857,42,-3.71082659776876,8.86695912711086e-131,1,0.9850435949027498
FGSG_12851,51,0.48672771172564105,23.127268559630455,FGSG_00043;FGSG_00330;FGSG_00743;FGSG_01346;FGSG_01422;FGSG_01947;FGSG_02030;FGSG_02271;FGSG_02272;FGSG_02461;FGSG_02554;FGSG_03061;FGSG_03295;FGSG_03340;FGSG_03546;FGSG_03547;FGSG_03548;FGSG_03894;FGSG_03992;FGSG_04458;FGSG_04490;FGSG_04589;FGSG_04590;FGSG_04591;FGSG_04592;FGSG_04593;FGSG_04595;FGSG_04596;FGSG_04763;FGSG_04852;FGSG_05610;FGSG_05843;FGSG_05926;FGSG_06055;FGSG_06257;FGSG_06702;FGSG_07075;FGSG_07528;FGSG_08601;FGSG_08712;FGSG_08774;FGSG_09012;FGSG_09280;FGSG_09456;FGSG_09826;FGSG_09834;FGSG_10347;FGSG_10947;FGSG_12180;FGSG_12223;FGSG_13136,1,allantoicase,GO:0000256;GO:0004037,18.278570026073314,40,-4.13218603870606,7.4404329171677e-76,1,0.9840375586854461
FGSG_02291,51,0.4941405134384616,23.034741381299412,FGSG_00175;FGSG_00330;FGSG_00500;FGSG_00743;FGSG_01346;FGSG_01422;FGSG_01947;FGSG_02030;FGSG_02271;FGSG_02272;FGSG_02461;FGSG_02782;FGSG_03061;FGSG_03295;FGSG_03546;FGSG_03547;FGSG_03548;FGSG_03894;FGSG_03992;FGSG_04458;FGSG_04490;FGSG_04588;FGSG_04589;FGSG_04590;FGSG_04591;FGSG_04592;FGSG_04593;FGSG_04595;FGSG_04596;FGSG_04763;FGSG_05610;FGSG_05843;FGSG_05926;FGSG_06055;FGSG_06257;FGSG_06702;FGSG_07075;FGSG_07528;FGSG_08601;FGSG_08712;FGSG_08774;FGSG_09012;FGSG_09280;FGSG_09456;FGSG_09826;FGSG_09834;FGSG_10347;FGSG_10947;FGSG_12180;FGSG_12223;FGSG_13136,1,uncharacterized protein,GO:0008270;GO:0016491;GO:0055114,17.744924838492025,39,-4.26711776072734,5.46632982383028e-105,1,0.9814889336016097
FGSG_13521,52,0.4989807545809944,23.93858762655312,FGSG_00175;FGSG_00330;FGSG_00743;FGSG_00765;FGSG_01422;FGSG_01947;FGSG_02030;FGSG_02271;FGSG_02272;FGSG_02461;FGSG_02782;FGSG_03061;FGSG_03295;FGSG_03546;FGSG_03547;FGSG_03548;FGSG_03894;FGSG_03992;FGSG_04458;FGSG_04490;FGSG_04588;FGSG_04589;FGSG_04590;FGSG_04591;FGSG_04592;FGSG_04593;FGSG_04595;FGSG_04596;FGSG_04763;FGSG_05368;FGSG_05610;FGSG_05843;FGSG_06055;FGSG_06257;FGSG_06506;FGSG_06702;FGSG_07075;FGSG_07528;FGSG_08601;FGSG_08712;FGSG_08774;FGSG_09012;FGSG_09280;FGSG_09456;FGSG_09826;FGSG_09834;FGSG_10347;FGSG_10947;FGSG_11206;FGSG_12180;FGSG_12223;FGSG_13136,1,uncharacterized protein,,18.482505539458543,40,-3.71325487079395,2.5497075535559497e-153,1,0.9814889336016097
FGSG_06480,44,0.48406985612391745,19.405234780852428,FGSG_00043;FGSG_00044;FGSG_00047;FGSG_00048;FGSG_00330;FGSG_00743;FGSG_01346;FGSG_01422;FGSG_01947;FGSG_02272;FGSG_02461;FGSG_03061;FGSG_03295;FGSG_03340;FGSG_03546;FGSG_03547;FGSG_03548;FGSG_03894;FGSG_03992;FGSG_04458;FGSG_04490;FGSG_04589;FGSG_04590;FGSG_04591;FGSG_04592;FGSG_04595;FGSG_04596;FGSG_04763;FGSG_04852;FGSG_05610;FGSG_05843;FGSG_05926;FGSG_06055;FGSG_06257;FGSG_06702;FGSG_08601;FGSG_08712;FGSG_09012;FGSG_09280;FGSG_09456;FGSG_09826;FGSG_09834;FGSG_10347;FGSG_11658,1,uncharacterized protein,GO:0000257;GO:0006807,16.012879895943446,36,-7.09888689154907,0.0,1,0.9801475519785379
FGSG_05401,50,0.49188618977654924,22.639763671951073,FGSG_00043;FGSG_00175;FGSG_00330;FGSG_00500;FGSG_00743;FGSG_01346;FGSG_01422;FGSG_01947;FGSG_02030;FGSG_02271;FGSG_02272;FGSG_02461;FGSG_03061;FGSG_03295;FGSG_03546;FGSG_03547;FGSG_03548;FGSG_03894;FGSG_03992;FGSG_04458;FGSG_04490;FGSG_04589;FGSG_04590;FGSG_04591;FGSG_04592;FGSG_04593;FGSG_04595;FGSG_04596;FGSG_04763;FGSG_05610;FGSG_05843;FGSG_05926;FGSG_06055;FGSG_06257;FGSG_06702;FGSG_07075;FGSG_07528;FGSG_08601;FGSG_08712;FGSG_08774;FGSG_09012;FGSG_09280;FGSG_09456;FGSG_09826;FGSG_09834;FGSG_10347;FGSG_10947;FGSG_12180;FGSG_12223;FGSG_13136,1,uncharacterized protein,,17.7504983424745,39,-3.93115923833008,3.9540375626569995e-130,1,0.9794097920858484
FGSG_10618,51,0.4894309056273302,23.586803107735935,FGSG_00043;FGSG_00330;FGSG_00743;FGSG_01346;FGSG_01422;FGSG_01947;FGSG_02030;FGSG_02271;FGSG_02272;FGSG_02461;FGSG_02554;FGSG_03061;FGSG_03295;FGSG_03340;FGSG_03546;FGSG_03547;FGSG_03548;FGSG_03894;FGSG_03992;FGSG_04458;FGSG_04490;FGSG_04588;FGSG_04589;FGSG_04590;FGSG_04591;FGSG_04592;FGSG_04593;FGSG_04595;FGSG_04596;FGSG_04763;FGSG_05610;FGSG_05843;FGSG_05926;FGSG_06055;FGSG_06257;FGSG_06702;FGSG_07075;FGSG_07528;FGSG_08601;FGSG_08712;FGSG_08774;FGSG_09012;FGSG_09280;FGSG_09456;FGSG_09826;FGSG_09834;FGSG_10347;FGSG_10947;FGSG_12180;FGSG_12223;FGSG_13136,1,uncharacterized protein,GO:0016021,18.64583854680784,40,-3.4419309007392,1.20206979920858e-08,1,0.9789403085177734
FGSG_03984,50,0.49988454611874594,22.648083876593397,FGSG_00175;FGSG_00330;FGSG_00500;FGSG_00743;FGSG_01422;FGSG_01947;FGSG_02030;FGSG_02271;FGSG_02272;FGSG_02461;FGSG_02782;FGSG_03061;FGSG_03295;FGSG_03546;FGSG_03547;FGSG_03548;FGSG_03894;FGSG_03992;FGSG_04458;FGSG_04490;FGSG_04588;FGSG_04589;FGSG_04590;FGSG_04591;FGSG_04592;FGSG_04593;FGSG_04595;FGSG_04596;FGSG_04763;FGSG_05610;FGSG_05843;FGSG_06055;FGSG_06257;FGSG_06702;FGSG_07075;FGSG_07528;FGSG_08601;FGSG_08712;FGSG_08774;FGSG_09012;FGSG_09280;FGSG_09456;FGSG_09826;FGSG_09834;FGSG_10347;FGSG_10947;FGSG_11206;FGSG_12180;FGSG_12223;FGSG_13136,1,uncharacterized protein,GO:0004497;GO:0010181;GO:0055114,17.363532120383613,38,-4.10779441493921,1.5955468412815401e-245,1,0.9778001341381624
FGSG_09373,52,0.4987977650654687,23.941672288526338,FGSG_00175;FGSG_00330;FGSG_00500;FGSG_00743;FGSG_01346;FGSG_01422;FGSG_01947;FGSG_02030;FGSG_02271;FGSG_02272;FGSG_02461;FGSG_02782;FGSG_03061;FGSG_03295;FGSG_03546;FGSG_03547;FGSG_03548;FGSG_03894;FGSG_03992;FGSG_04458;FGSG_04490;FGSG_04588;FGSG_04589;FGSG_04590;FGSG_04591;FGSG_04592;FGSG_04593;FGSG_04595;FGSG_04596;FGSG_04763;FGSG_05368;FGSG_05610;FGSG_05843;FGSG_06055;FGSG_06257;FGSG_06702;FGSG_07075;FGSG_07528;FGSG_08601;FGSG_08712;FGSG_08774;FGSG_09012;FGSG_09280;FGSG_09456;FGSG_09826;FGSG_09834;FGSG_10347;FGSG_10947;FGSG_11206;FGSG_12180;FGSG_12223;FGSG_13136,1,uncharacterized protein,GO:0000104;GO:0055114,18.12662947209308,39,-3.49099985523799,8.45100032087325e-223,1,0.9771294433266264
FGSG_07130,55,0.5000308623733534,25.55654177609423,FGSG_00043;FGSG_00330;FGSG_00743;FGSG_01346;FGSG_01422;FGSG_01947;FGSG_02030;FGSG_02271;FGSG_02272;FGSG_02461;FGSG_02554;FGSG_03061;FGSG_03295;FGSG_03340;FGSG_03546;FGSG_03547;FGSG_03548;FGSG_03894;FGSG_03992;FGSG_04458;FGSG_04490;FGSG_04588;FGSG_04589;FGSG_04590;FGSG_04591;FGSG_04592;FGSG_04593;FGSG_04595;FGSG_04596;FGSG_04763;FGSG_04852;FGSG_05368;FGSG_05610;FGSG_05843;FGSG_05926;FGSG_06055;FGSG_06257;FGSG_07075;FGSG_07528;FGSG_08601;FGSG_08712;FGSG_08774;FGSG_09012;FGSG_09280;FGSG_09456;FGSG_09826;FGSG_09834;FGSG_10347;FGSG_10922;FGSG_10947;FGSG_11206;FGSG_12180;FGSG_12222;FGSG_12223;FGSG_13136,1,uncharacterized protein,,20.560784643460956,44,-2.86589052915663,2.17071789137271e-253,1,0.9767940979208585
FGSG_03913,52,0.5050120767244248,24.22376184144619,FGSG_00330;FGSG_00743;FGSG_00765;FGSG_01422;FGSG_02030;FGSG_02271;FGSG_02272;FGSG_02461;FGSG_02554;FGSG_02972;FGSG_03061;FGSG_03295;FGSG_03340;FGSG_03546;FGSG_03547;FGSG_03548;FGSG_03747;FGSG_03894;FGSG_03992;FGSG_04458;FGSG_04490;FGSG_04588;FGSG_04589;FGSG_04590;FGSG_04591;FGSG_04592;FGSG_04593;FGSG_04596;FGSG_04763;FGSG_05368;FGSG_05610;FGSG_06055;FGSG_06257;FGSG_07075;FGSG_07528;FGSG_08493;FGSG_08601;FGSG_08712;FGSG_08774;FGSG_09012;FGSG_09280;FGSG_09456;FGSG_09826;FGSG_09834;FGSG_10347;FGSG_10922;FGSG_10947;FGSG_11206;FGSG_12180;FGSG_12222;FGSG_12223;FGSG_13136,1,uncharacterized protein,GO:0008270;GO:0016491;GO:0055114,18.689388730413928,40,-3.19087084548749,2.79132110180597e-44,1,0.9765258215962442
FGSG_10224,49,0.4976190295823862,22.335322996878258,FGSG_00175;FGSG_00330;FGSG_00500;FGSG_00743;FGSG_01422;FGSG_01947;FGSG_02030;FGSG_02271;FGSG_02272;FGSG_02461;FGSG_02782;FGSG_03061;FGSG_03295;FGSG_03546;FGSG_03547;FGSG_03548;FGSG_03894;FGSG_03992;FGSG_04458;FGSG_04490;FGSG_04588;FGSG_04589;FGSG_04590;FGSG_04591;FGSG_04592;FGSG_04593;FGSG_04595;FGSG_04596;FGSG_04763;FGSG_05610;FGSG_05843;FGSG_06055;FGSG_06257;FGSG_06702;FGSG_07075;FGSG_07528;FGSG_08601;FGSG_08712;FGSG_08774;FGSG_09012;FGSG_09280;FGSG_09456;FGSG_09826;FGSG_09834;FGSG_10347;FGSG_10947;FGSG_12180;FGSG_12223;FGSG_13136,1,uncharacterized protein,GO:0016021,17.384996269943954,38,-3.77766387500693,8.97768117610778e-263,1,0.9761234071093225
FGSG_01596,42,0.4825217536527184,18.40283201922782,FGSG_00043;FGSG_00044;FGSG_00047;FGSG_00048;FGSG_00330;FGSG_00743;FGSG_01346;FGSG_01422;FGSG_01947;FGSG_02272;FGSG_02461;FGSG_03061;FGSG_03340;FGSG_03546;FGSG_03547;FGSG_03548;FGSG_03894;FGSG_03992;FGSG_04458;FGSG_04490;FGSG_04589;FGSG_04590;FGSG_04591;FGSG_04592;FGSG_04596;FGSG_04763;FGSG_04852;FGSG_05610;FGSG_05926;FGSG_06055;FGSG_06257;FGSG_06702;FGSG_08601;FGSG_08712;FGSG_09012;FGSG_09280;FGSG_09456;FGSG_09826;FGSG_09834;FGSG_10347;FGSG_11658;FGSG_12927,1,uncharacterized protein,GO:0004553;GO:0005975,15.86392262677099,36,-5.09187892787765,3.38737424478639e-124,1,0.9755868544600939
FGSG_02978,54,0.4944578067964548,24.682008942871633,FGSG_00043;FGSG_00175;FGSG_00330;FGSG_00500;FGSG_00743;FGSG_01346;FGSG_01422;FGSG_01947;FGSG_02030;FGSG_02271;FGSG_02272;FGSG_02461;FGSG_03061;FGSG_03295;FGSG_03340;FGSG_03546;FGSG_03547;FGSG_03548;FGSG_03558;FGSG_03894;FGSG_03992;FGSG_04458;FGSG_04490;FGSG_04588;FGSG_04589;FGSG_04590;FGSG_04591;FGSG_04592;FGSG_04593;FGSG_04595;FGSG_04596;FGSG_04763;FGSG_05610;FGSG_05843;FGSG_05926;FGSG_06055;FGSG_06257;FGSG_06444;FGSG_06702;FGSG_07075;FGSG_07528;FGSG_08601;FGSG_08712;FGSG_08774;FGSG_09012;FGSG_09280;FGSG_09456;FGSG_09826;FGSG_09834;FGSG_10347;FGSG_10947;FGSG_12180;FGSG_12223;FGSG_13136,1,uncharacterized protein,GO:0016021;GO:0022891;GO:0055085,19.32447674640833,42,-3.03486947279415,0.0,1,0.9755197853789404
FGSG_02379,43,0.4839291073755309,18.907910102984548,FGSG_00043;FGSG_00044;FGSG_00047;FGSG_00048;FGSG_00330;FGSG_00743;FGSG_01346;FGSG_01422;FGSG_01947;FGSG_02272;FGSG_02461;FGSG_03061;FGSG_03340;FGSG_03546;FGSG_03547;FGSG_03548;FGSG_03894;FGSG_03992;FGSG_04458;FGSG_04490;FGSG_04589;FGSG_04590;FGSG_04591;FGSG_04592;FGSG_04595;FGSG_04596;FGSG_04763;FGSG_04852;FGSG_05610;FGSG_05843;FGSG_05926;FGSG_06055;FGSG_06257;FGSG_06702;FGSG_08601;FGSG_08712;FGSG_09012;FGSG_09280;FGSG_09456;FGSG_09826;FGSG_09834;FGSG_10347;FGSG_11658,1,uncharacterized protein,GO:0016627;GO:0050660;GO:0055114,15.950542808407837,36,-4.78676912128611,7.54884383886112e-259,1,0.9748490945674044
FGSG_09103,44,0.4784343255460696,19.336593962808163,FGSG_00043;FGSG_00044;FGSG_00330;FGSG_00743;FGSG_01346;FGSG_01422;FGSG_01947;FGSG_02272;FGSG_02461;FGSG_03061;FGSG_03295;FGSG_03546;FGSG_03547;FGSG_03548;FGSG_03894;FGSG_03992;FGSG_04458;FGSG_04490;FGSG_04589;FGSG_04590;FGSG_04591;FGSG_04592;FGSG_04593;FGSG_04595;FGSG_04596;FGSG_04763;FGSG_04852;FGSG_05610;FGSG_05843;FGSG_05926;FGSG_06055;FGSG_06257;FGSG_06702;FGSG_07075;FGSG_07528;FGSG_08601;FGSG_08712;FGSG_09012;FGSG_09280;FGSG_09456;FGSG_09826;FGSG_09834;FGSG_10347;FGSG_10947,1,uncharacterized protein,GO:0005506;GO:0016491;GO:0055114,15.898556434294917,36,-4.59543969178527,1.46415805483477e-33,1,0.9740442655935613
FGSG_03590,49,0.4994457857222056,22.249958562793974,FGSG_00330;FGSG_00743;FGSG_00765;FGSG_01422;FGSG_02030;FGSG_02271;FGSG_02272;FGSG_02461;FGSG_02782;FGSG_03061;FGSG_03295;FGSG_03546;FGSG_03547;FGSG_03548;FGSG_03894;FGSG_03992;FGSG_04458;FGSG_04490;FGSG_04588;FGSG_04589;FGSG_04590;FGSG_04591;FGSG_04592;FGSG_04593;FGSG_04596;FGSG_04763;FGSG_05368;FGSG_05610;FGSG_05843;FGSG_06055;FGSG_06257;FGSG_07075;FGSG_07528;FGSG_08601;FGSG_08712;FGSG_08774;FGSG_09012;FGSG_09280;FGSG_09456;FGSG_09826;FGSG_09834;FGSG_10347;FGSG_10922;FGSG_10947;FGSG_11206;FGSG_12180;FGSG_12222;FGSG_12223;FGSG_13136,1,uncharacterized protein,GO:0016787,17.273210570459486,38,-3.48627214537295,1.37052340060544e-88,1,0.9727699530516433
FGSG_02824,48,0.4977125591080108,21.32526300301679,FGSG_00330;FGSG_00743;FGSG_00765;FGSG_01422;FGSG_02030;FGSG_02271;FGSG_02272;FGSG_02461;FGSG_02554;FGSG_02972;FGSG_03061;FGSG_03340;FGSG_03546;FGSG_03547;FGSG_03548;FGSG_03747;FGSG_03894;FGSG_03992;FGSG_04458;FGSG_04490;FGSG_04588;FGSG_04589;FGSG_04590;FGSG_04591;FGSG_04592;FGSG_04593;FGSG_04596;FGSG_05368;FGSG_05610;FGSG_06055;FGSG_07075;FGSG_08493;FGSG_08601;FGSG_08712;FGSG_08774;FGSG_09012;FGSG_09280;FGSG_09456;FGSG_09826;FGSG_09834;FGSG_10347;FGSG_10444;FGSG_10922;FGSG_10947;FGSG_12180;FGSG_12222;FGSG_12223;FGSG_13136,1,uncharacterized protein,GO:0004622;GO:0009395;GO:0016021;GO:0055085,16.890705483774177,38,-3.6120303664755,3.59715005549009e-76,1,0.9723675385647217
FGSG_01695,54,0.5034920183632031,25.284489278382328,FGSG_00330;FGSG_00743;FGSG_00765;FGSG_01422;FGSG_01947;FGSG_02030;FGSG_02271;FGSG_02272;FGSG_02461;FGSG_02554;FGSG_02782;FGSG_03061;FGSG_03295;FGSG_03340;FGSG_03546;FGSG_03547;FGSG_03548;FGSG_03894;FGSG_03992;FGSG_04458;FGSG_04490;FGSG_04588;FGSG_04589;FGSG_04590;FGSG_04591;FGSG_04592;FGSG_04593;FGSG_04596;FGSG_04763;FGSG_05368;FGSG_05610;FGSG_05843;FGSG_05926;FGSG_06055;FGSG_06257;FGSG_07075;FGSG_07528;FGSG_08493;FGSG_08601;FGSG_08712;FGSG_08774;FGSG_09012;FGSG_09280;FGSG_09456;FGSG_09826;FGSG_09834;FGSG_10347;FGSG_10922;FGSG_10947;FGSG_11206;FGSG_12180;FGSG_12222;FGSG_12223;FGSG_13136,1,uncharacterized protein,GO:0016021,19.330956602382273,41,-2.79951104514031,9.02959175652048e-56,1,0.9720992622401073
FGSG_12977,44,0.502321484395592,19.384691364604898,FGSG_00330;FGSG_00743;FGSG_00765;FGSG_01422;FGSG_02030;FGSG_02271;FGSG_02272;FGSG_02461;FGSG_02972;FGSG_03061;FGSG_03340;FGSG_03546;FGSG_03547;FGSG_03548;FGSG_03747;FGSG_03894;FGSG_03992;FGSG_04458;FGSG_04588;FGSG_04589;FGSG_04590;FGSG_04591;FGSG_04592;FGSG_04593;FGSG_05368;FGSG_05610;FGSG_06055;FGSG_07075;FGSG_08493;FGSG_08601;FGSG_08712;FGSG_08774;FGSG_09012;FGSG_09280;FGSG_09456;FGSG_09826;FGSG_09834;FGSG_10347;FGSG_10922;FGSG_10947;FGSG_12180;FGSG_12222;FGSG_12223;FGSG_13136,1,uncharacterized protein,,15.380429401386268,35,-4.47262626310504,2.2489782044722e-22,1,0.9715627095908785
FGSG_02823,42,0.49870000638575684,18.15858477717843,FGSG_00330;FGSG_00743;FGSG_00765;FGSG_01422;FGSG_02030;FGSG_02272;FGSG_02461;FGSG_02554;FGSG_02972;FGSG_03061;FGSG_03340;FGSG_03546;FGSG_03547;FGSG_03548;FGSG_03747;FGSG_03894;FGSG_03992;FGSG_04458;FGSG_04490;FGSG_04588;FGSG_04589;FGSG_04590;FGSG_04591;FGSG_04592;FGSG_04593;FGSG_04596;FGSG_05368;FGSG_05610;FGSG_06055;FGSG_08493;FGSG_08601;FGSG_08712;FGSG_08774;FGSG_09012;FGSG_09456;FGSG_09826;FGSG_09834;FGSG_10347;FGSG_10922;FGSG_10947;FGSG_12180;FGSG_12223,1,uncharacterized protein,GO:0004622;GO:0009395;GO:0016021;GO:0055085,13.846566797930276,32,-7.17754242451482,2.40849288716895e-09,1,0.9714285714285714
FGSG_07925,51,0.4890281216390156,22.92672316295986,FGSG_00175;FGSG_00330;FGSG_00500;FGSG_00743;FGSG_01346;FGSG_01422;FGSG_01947;FGSG_02030;FGSG_02271;FGSG_02272;FGSG_02461;FGSG_02782;FGSG_03061;FGSG_03295;FGSG_03546;FGSG_03547;FGSG_03548;FGSG_03558;FGSG_03894;FGSG_03992;FGSG_04458;FGSG_04490;FGSG_04588;FGSG_04589;FGSG_04590;FGSG_04591;FGSG_04592;FGSG_04593;FGSG_04595;FGSG_04596;FGSG_04763;FGSG_05610;FGSG_05843;FGSG_05926;FGSG_06055;FGSG_06257;FGSG_06702;FGSG_07075;FGSG_07528;FGSG_08601;FGSG_08712;FGSG_08774;FGSG_09012;FGSG_09280;FGSG_09456;FGSG_09826;FGSG_09834;FGSG_10347;FGSG_10947;FGSG_12223;FGSG_13136,1,uncharacterized protein,GO:0019825;GO:0020037,17.21058136094016,38,-3.42132559508161,7.21579034841546e-101,1,0.9713615023474178
FGSG_08695,49,0.5052055681242327,22.092276189086665,FGSG_00330;FGSG_00743;FGSG_00765;FGSG_01422;FGSG_01621;FGSG_02030;FGSG_02271;FGSG_02272;FGSG_02461;FGSG_02554;FGSG_02972;FGSG_03061;FGSG_03340;FGSG_03546;FGSG_03547;FGSG_03548;FGSG_03747;FGSG_03894;FGSG_03992;FGSG_04458;FGSG_04588;FGSG_04589;FGSG_04590;FGSG_04591;FGSG_04592;FGSG_04593;FGSG_05368;FGSG_05610;FGSG_06055;FGSG_07075;FGSG_07528;FGSG_08493;FGSG_08601;FGSG_08712;FGSG_08774;FGSG_09012;FGSG_09280;FGSG_09456;FGSG_09826;FGSG_09834;FGSG_10347;FGSG_10444;FGSG_10922;FGSG_10947;FGSG_11206;FGSG_12180;FGSG_12222;FGSG_12223;FGSG_13136,1,uncharacterized protein,GO:0016021,16.584625761716335,37,-3.6749568908052,4.9838443120839e-183,1,0.9712944332662643
FGSG_00321,52,0.48397219385146506,23.478286487075856,FGSG_00043;FGSG_00044;FGSG_00048;FGSG_00330;FGSG_00743;FGSG_01346;FGSG_01422;FGSG_01947;FGSG_02030;FGSG_02271;FGSG_02272;FGSG_02461;FGSG_02554;FGSG_03061;FGSG_03295;FGSG_03340;FGSG_03546;FGSG_03547;FGSG_03548;FGSG_03894;FGSG_03992;FGSG_04458;FGSG_04490;FGSG_04589;FGSG_04590;FGSG_04591;FGSG_04592;FGSG_04593;FGSG_04595;FGSG_04596;FGSG_04763;FGSG_04852;FGSG_05610;FGSG_05843;FGSG_05926;FGSG_06055;FGSG_06257;FGSG_07075;FGSG_07528;FGSG_08601;FGSG_08712;FGSG_08774;FGSG_09012;FGSG_09280;FGSG_09456;FGSG_09826;FGSG_09834;FGSG_10347;FGSG_10947;FGSG_11658;FGSG_12180;FGSG_12223,1,uncharacterized protein,,18.67384729262691,41,-2.8095511651879,3.55535451904671e-172,1,0.970355466130114
FGSG_12110,42,0.49991482533315135,18.71545112368482,FGSG_00175;FGSG_00330;FGSG_00500;FGSG_00743;FGSG_01422;FGSG_02030;FGSG_02271;FGSG_02272;FGSG_02461;FGSG_02782;FGSG_03061;FGSG_03295;FGSG_03546;FGSG_03547;FGSG_03548;FGSG_03894;FGSG_03992;FGSG_04458;FGSG_04588;FGSG_04589;FGSG_04590;FGSG_04591;FGSG_04593;FGSG_04595;FGSG_04763;FGSG_05610;FGSG_05843;FGSG_06055;FGSG_06257;FGSG_07075;FGSG_07528;FGSG_08601;FGSG_08712;FGSG_08774;FGSG_09012;FGSG_09280;FGSG_09456;FGSG_09826;FGSG_09834;FGSG_10347;FGSG_10947;FGSG_13136,1,uncharacterized protein,GO:0016021,14.319465121749367,32,-5.13795755219034,0.0,1,0.9700201207243462
FGSG_11565,41,0.47779513263958334,17.84501116508295,FGSG_00043;FGSG_00044;FGSG_00047;FGSG_00048;FGSG_00330;FGSG_00743;FGSG_01346;FGSG_01422;FGSG_01947;FGSG_02272;FGSG_02461;FGSG_03061;FGSG_03340;FGSG_03546;FGSG_03547;FGSG_03548;FGSG_03894;FGSG_03992;FGSG_04458;FGSG_04490;FGSG_04589;FGSG_04590;FGSG_04591;FGSG_04592;FGSG_04596;FGSG_04763;FGSG_04852;FGSG_05610;FGSG_05926;FGSG_06055;FGSG_06257;FGSG_08601;FGSG_08712;FGSG_09012;FGSG_09280;FGSG_09456;FGSG_09826;FGSG_09834;FGSG_10347;FGSG_10947;FGSG_11658,1,uncharacterized protein,GO:0004497;GO:0016705;GO:0055114,15.321668661917975,35,-3.81517484419789,1.68069969991488e-27,1,0.9668008048289738
FGSG_09896,46,0.4752722011903243,20.371342554058778,FGSG_00043;FGSG_00044;FGSG_00330;FGSG_00743;FGSG_01346;FGSG_01422;FGSG_01947;FGSG_02030;FGSG_02272;FGSG_02461;FGSG_02554;FGSG_03061;FGSG_03340;FGSG_03546;FGSG_03547;FGSG_03548;FGSG_03894;FGSG_03992;FGSG_04458;FGSG_04490;FGSG_04589;FGSG_04590;FGSG_04591;FGSG_04592;FGSG_04593;FGSG_04596;FGSG_04763;FGSG_04852;FGSG_05610;FGSG_05926;FGSG_06055;FGSG_06257;FGSG_08601;FGSG_08712;FGSG_08774;FGSG_09012;FGSG_09280;FGSG_09456;FGSG_09826;FGSG_09834;FGSG_10347;FGSG_10922;FGSG_10947;FGSG_11658;FGSG_12180;FGSG_12223,1,isocitrate lyase,GO:0004451;GO:0006097;GO:0006099;GO:0009514;GO:0046421;GO:0046872,16.47669684056651,37,-3.32768431415286,1.01238442024514e-271,1,0.9662642521797452
FGSG_06830,44,0.5013367386285924,19.613627672290512,FGSG_00175;FGSG_00330;FGSG_00500;FGSG_00743;FGSG_01422;FGSG_02030;FGSG_02271;FGSG_02272;FGSG_02461;FGSG_02782;FGSG_03061;FGSG_03295;FGSG_03546;FGSG_03547;FGSG_03548;FGSG_03894;FGSG_03992;FGSG_04458;FGSG_04588;FGSG_04589;FGSG_04590;FGSG_04591;FGSG_04593;FGSG_04595;FGSG_04763;FGSG_05610;FGSG_05843;FGSG_06055;FGSG_06257;FGSG_07075;FGSG_07528;FGSG_08601;FGSG_08712;FGSG_08774;FGSG_09012;FGSG_09280;FGSG_09456;FGSG_09826;FGSG_09834;FGSG_10347;FGSG_10947;FGSG_11206;FGSG_12180;FGSG_13136,1,uncharacterized protein,,14.798960379147937,33,-3.91984460728947,0.0,1,0.9656606304493629
FGSG_10126,43,0.47072439995139176,18.603886167835793,FGSG_00043;FGSG_00044;FGSG_00330;FGSG_00743;FGSG_01346;FGSG_01422;FGSG_01947;FGSG_02272;FGSG_02461;FGSG_02554;FGSG_03061;FGSG_03340;FGSG_03546;FGSG_03547;FGSG_03548;FGSG_03894;FGSG_03992;FGSG_04458;FGSG_04490;FGSG_04589;FGSG_04590;FGSG_04591;FGSG_04592;FGSG_04593;FGSG_04596;FGSG_04763;FGSG_04852;FGSG_05610;FGSG_05926;FGSG_06055;FGSG_06257;FGSG_08601;FGSG_08712;FGSG_09012;FGSG_09280;FGSG_09456;FGSG_09826;FGSG_09834;FGSG_10347;FGSG_10947;FGSG_11658;FGSG_12180;FGSG_12223,1,uncharacterized protein,GO:0003824;GO:0008152,15.623145047896717,36,-3.54830342658538,5.30535245753655e-23,1,0.9650570087189805
FGSG_07722,36,0.47750461471904226,15.408471621606697,FGSG_00330;FGSG_00743;FGSG_01422;FGSG_02272;FGSG_02461;FGSG_02554;FGSG_03061;FGSG_03340;FGSG_03546;FGSG_03547;FGSG_03548;FGSG_03894;FGSG_03992;FGSG_04458;FGSG_04490;FGSG_04589;FGSG_04590;FGSG_04591;FGSG_04592;FGSG_04593;FGSG_04596;FGSG_05610;FGSG_05926;FGSG_06055;FGSG_08601;FGSG_08712;FGSG_08774;FGSG_09012;FGSG_09280;FGSG_09456;FGSG_09826;FGSG_09834;FGSG_10347;FGSG_10947;FGSG_12180;FGSG_12223,1,uncharacterized protein,GO:0006820;GO:0016021;GO:0022857;GO:0055085,12.846874936268366,30,-5.10146174867541,1.71028379908324e-06,1,0.9642521797451375
FGSG_06482,30,0.4804845209737889,13.01860443308279,FGSG_00043;FGSG_00044;FGSG_00047;FGSG_00048;FGSG_00330;FGSG_01346;FGSG_01422;FGSG_01947;FGSG_02272;FGSG_03061;FGSG_03546;FGSG_03547;FGSG_03548;FGSG_03992;FGSG_04458;FGSG_04490;FGSG_04589;FGSG_04590;FGSG_04591;FGSG_04596;FGSG_04852;FGSG_05610;FGSG_05926;FGSG_08601;FGSG_08712;FGSG_09280;FGSG_09456;FGSG_09834;FGSG_10347;FGSG_11658,1,uncharacterized protein,,11.756839158949905,27,-9.08062989922062,7.54163424436186e-147,1,0.9640509725016768
FGSG_04086,40,0.48142455830952385,17.622563051880366,FGSG_00043;FGSG_00330;FGSG_00743;FGSG_01346;FGSG_01422;FGSG_01947;FGSG_02272;FGSG_02461;FGSG_03061;FGSG_03295;FGSG_03340;FGSG_03546;FGSG_03547;FGSG_03548;FGSG_03894;FGSG_03992;FGSG_04458;FGSG_04490;FGSG_04589;FGSG_04590;FGSG_04591;FGSG_04592;FGSG_04593;FGSG_04595;FGSG_04596;FGSG_04763;FGSG_05610;FGSG_05926;FGSG_06055;FGSG_06257;FGSG_07075;FGSG_08601;FGSG_08712;FGSG_09012;FGSG_09280;FGSG_09456;FGSG_09826;FGSG_09834;FGSG_10347;FGSG_10947,1,uncharacterized protein,,15.039586669655609,34,-3.52073997125568,5.37779646993254e-14,1,0.9634473507712944
FGSG_00663,54,0.49693154178221405,24.848103470187546,FGSG_00043;FGSG_00330;FGSG_00743;FGSG_01346;FGSG_01422;FGSG_01947;FGSG_02030;FGSG_02271;FGSG_02272;FGSG_02461;FGSG_02554;FGSG_02972;FGSG_03061;FGSG_03295;FGSG_03340;FGSG_03546;FGSG_03547;FGSG_03548;FGSG_03894;FGSG_03992;FGSG_04458;FGSG_04490;FGSG_04588;FGSG_04589;FGSG_04590;FGSG_04591;FGSG_04592;FGSG_04593;FGSG_04596;FGSG_04763;FGSG_04852;FGSG_05368;FGSG_05610;FGSG_05843;FGSG_05926;FGSG_06055;FGSG_06257;FGSG_07075;FGSG_07528;FGSG_08601;FGSG_08712;FGSG_08774;FGSG_09012;FGSG_09280;FGSG_09456;FGSG_09826;FGSG_09834;FGSG_10347;FGSG_10922;FGSG_10947;FGSG_12180;FGSG_12222;FGSG_12223;FGSG_13136,1,uncharacterized protein,GO:0016021,19.91682316575966,43,-2.29991623279604,1.40126564751518e-149,1,0.9629107981220658
FGSG_08697,37,0.4901601796597039,16.156835423056734,FGSG_00175;FGSG_00330;FGSG_00500;FGSG_00743;FGSG_01422;FGSG_02030;FGSG_02271;FGSG_02272;FGSG_02461;FGSG_03061;FGSG_03295;FGSG_03546;FGSG_03547;FGSG_03548;FGSG_03894;FGSG_03992;FGSG_04458;FGSG_04590;FGSG_04591;FGSG_04763;FGSG_05610;FGSG_05843;FGSG_06055;FGSG_06257;FGSG_06702;FGSG_07075;FGSG_07528;FGSG_08601;FGSG_08712;FGSG_08774;FGSG_09012;FGSG_09280;FGSG_09456;FGSG_09834;FGSG_10347;FGSG_10947;FGSG_13136,1,uncharacterized protein,GO:0005375;GO:0016021;GO:0035434,11.874884082331638,27,-4.89556181274913,7.23681791020535e-26,1,0.9598256203890008
FGSG_02502,46,0.49033174769331644,20.412766814240662,FGSG_00175;FGSG_00330;FGSG_00500;FGSG_00743;FGSG_01346;FGSG_01422;FGSG_01947;FGSG_02030;FGSG_02271;FGSG_02272;FGSG_02461;FGSG_03061;FGSG_03295;FGSG_03546;FGSG_03547;FGSG_03548;FGSG_03558;FGSG_03894;FGSG_03992;FGSG_04458;FGSG_04490;FGSG_04589;FGSG_04590;FGSG_04591;FGSG_04592;FGSG_04593;FGSG_04595;FGSG_04596;FGSG_04763;FGSG_05610;FGSG_05843;FGSG_06055;FGSG_06257;FGSG_06444;FGSG_06702;FGSG_07075;FGSG_07528;FGSG_08601;FGSG_08712;FGSG_09012;FGSG_09280;FGSG_09456;FGSG_09826;FGSG_09834;FGSG_10347;FGSG_10947,1,C-5 sterol desaturase,GO:0000248;GO:0005506;GO:0005788;GO:0006633;GO:0006696;GO:0016021;GO:0055114,15.639990693934308,35,-3.12430374831569,4.61989865123149e-300,1,0.9596244131455399
FGSG_00712,46,0.4850356224145214,20.420314324788034,FGSG_00043;FGSG_00044;FGSG_00047;FGSG_00048;FGSG_00330;FGSG_00743;FGSG_01346;FGSG_01422;FGSG_01947;FGSG_02272;FGSG_02461;FGSG_03061;FGSG_03295;FGSG_03340;FGSG_03546;FGSG_03547;FGSG_03548;FGSG_03894;FGSG_03992;FGSG_04458;FGSG_04490;FGSG_04589;FGSG_04590;FGSG_04591;FGSG_04592;FGSG_04593;FGSG_04595;FGSG_04596;FGSG_04763;FGSG_04852;FGSG_05610;FGSG_05843;FGSG_05926;FGSG_06055;FGSG_06257;FGSG_06702;FGSG_08601;FGSG_08712;FGSG_09012;FGSG_09280;FGSG_09456;FGSG_09826;FGSG_09834;FGSG_10347;FGSG_10947;FGSG_11658,1,uncharacterized protein,GO:0004499;GO:0050660;GO:0050661;GO:0055114,16.59197625740396,37,-2.73147019982772,2.1921183842422298e-170,1,0.9587525150905432
FGSG_09178,52,0.5085298581547711,24.46827278976764,FGSG_00330;FGSG_00743;FGSG_00765;FGSG_01422;FGSG_02030;FGSG_02271;FGSG_02272;FGSG_02461;FGSG_02554;FGSG_02782;FGSG_03061;FGSG_03295;FGSG_03340;FGSG_03546;FGSG_03547;FGSG_03548;FGSG_03894;FGSG_03992;FGSG_04458;FGSG_04490;FGSG_04588;FGSG_04589;FGSG_04590;FGSG_04591;FGSG_04592;FGSG_04593;FGSG_04596;FGSG_04763;FGSG_05368;FGSG_05610;FGSG_05843;FGSG_06055;FGSG_06257;FGSG_07075;FGSG_07528;FGSG_08493;FGSG_08601;FGSG_08712;FGSG_08774;FGSG_09012;FGSG_09280;FGSG_09456;FGSG_09826;FGSG_09834;FGSG_10347;FGSG_10922;FGSG_10947;FGSG_11206;FGSG_12180;FGSG_12222;FGSG_12223;FGSG_13136,1,uncharacterized protein,GO:0000981;GO:0003677;GO:0005634;GO:0006351;GO:0006357;GO:0008270,18.481230579006542,39,-2.32289544292291,5.844862225309509e-83,1,0.9584842387659288
FGSG_06508,44,0.5031895309374719,19.468715684448167,FGSG_00330;FGSG_00743;FGSG_00765;FGSG_01422;FGSG_01621;FGSG_02030;FGSG_02271;FGSG_02272;FGSG_02461;FGSG_02972;FGSG_03061;FGSG_03546;FGSG_03548;FGSG_03747;FGSG_03894;FGSG_03992;FGSG_04458;FGSG_04588;FGSG_04589;FGSG_04590;FGSG_04591;FGSG_04592;FGSG_04593;FGSG_05368;FGSG_05610;FGSG_06055;FGSG_07075;FGSG_07528;FGSG_08493;FGSG_08601;FGSG_08712;FGSG_08774;FGSG_09012;FGSG_09456;FGSG_09826;FGSG_09834;FGSG_10347;FGSG_10922;FGSG_10947;FGSG_11206;FGSG_12180;FGSG_12222;FGSG_12223;FGSG_13136,1,uncharacterized protein,GO:0003333;GO:0015171;GO:0016021,14.544898126122188,33,-3.26685293528189,1.25433864073916e-16,1,0.9576123407109323
FGSG_12009,52,0.5057864023006504,23.92824916725581,FGSG_00330;FGSG_00743;FGSG_00765;FGSG_01422;FGSG_01621;FGSG_02030;FGSG_02271;FGSG_02272;FGSG_02461;FGSG_02782;FGSG_03061;FGSG_03295;FGSG_03340;FGSG_03546;FGSG_03547;FGSG_03548;FGSG_03894;FGSG_03992;FGSG_04309;FGSG_04458;FGSG_04490;FGSG_04588;FGSG_04589;FGSG_04590;FGSG_04591;FGSG_04592;FGSG_04593;FGSG_04596;FGSG_05368;FGSG_05610;FGSG_06055;FGSG_06257;FGSG_06506;FGSG_07075;FGSG_07528;FGSG_08493;FGSG_08601;FGSG_08712;FGSG_08774;FGSG_09012;FGSG_09280;FGSG_09456;FGSG_09826;FGSG_09834;FGSG_10347;FGSG_10922;FGSG_10947;FGSG_11206;FGSG_12180;FGSG_12222;FGSG_12223;FGSG_13136,1,uncharacterized protein,,17.958903562635815,39,-2.36506088627708,8.39617480877687e-129,1,0.9572769953051643
FGSG_09570,47,0.4764188101617438,20.801451453211865,FGSG_00043;FGSG_00044;FGSG_00048;FGSG_00330;FGSG_00743;FGSG_01346;FGSG_01422;FGSG_01947;FGSG_02030;FGSG_02272;FGSG_02461;FGSG_02554;FGSG_03061;FGSG_03295;FGSG_03340;FGSG_03546;FGSG_03547;FGSG_03548;FGSG_03894;FGSG_03992;FGSG_04458;FGSG_04490;FGSG_04589;FGSG_04590;FGSG_04591;FGSG_04592;FGSG_04593;FGSG_04596;FGSG_04763;FGSG_04852;FGSG_05610;FGSG_05843;FGSG_05926;FGSG_06055;FGSG_06257;FGSG_08601;FGSG_08712;FGSG_09012;FGSG_09280;FGSG_09456;FGSG_09826;FGSG_09834;FGSG_10347;FGSG_10947;FGSG_11658;FGSG_12180;FGSG_12223,1,uncharacterized protein,,16.553488148273352,37,-2.689350259557,1.03307086947001e-88,1,0.9567404426559356
FGSG_03006,34,0.4997553394459561,14.956011338894028,FGSG_00330;FGSG_00743;FGSG_01422;FGSG_02030;FGSG_02271;FGSG_02272;FGSG_02461;FGSG_03061;FGSG_03295;FGSG_03546;FGSG_03547;FGSG_03548;FGSG_03894;FGSG_03992;FGSG_04458;FGSG_04589;FGSG_04590;FGSG_04591;FGSG_04593;FGSG_05610;FGSG_06055;FGSG_06257;FGSG_07075;FGSG_07528;FGSG_08601;FGSG_08712;FGSG_08774;FGSG_09012;FGSG_09280;FGSG_09456;FGSG_09834;FGSG_10347;FGSG_10947;FGSG_13136,1,uncharacterized protein,GO:0016747,11.883879371336064,27,-4.18576995949051,1.9464460792278001e-47,1,0.9567404426559356
FGSG_02552,48,0.49859566589208615,21.33841313046835,FGSG_00330;FGSG_00743;FGSG_00765;FGSG_01422;FGSG_02030;FGSG_02271;FGSG_02272;FGSG_02461;FGSG_02554;FGSG_03061;FGSG_03295;FGSG_03340;FGSG_03546;FGSG_03547;FGSG_03548;FGSG_03894;FGSG_03992;FGSG_04458;FGSG_04490;FGSG_04588;FGSG_04589;FGSG_04590;FGSG_04591;FGSG_04592;FGSG_04593;FGSG_04596;FGSG_04763;FGSG_05368;FGSG_05610;FGSG_06055;FGSG_06257;FGSG_07075;FGSG_07528;FGSG_08601;FGSG_08712;FGSG_08774;FGSG_09012;FGSG_09280;FGSG_09456;FGSG_09826;FGSG_09834;FGSG_10347;FGSG_10922;FGSG_10947;FGSG_11206;FGSG_12180;FGSG_12223;FGSG_13136,1,uncharacterized protein,,16.95168935748686,38,-2.46350904284738,1.18660009448967e-28,1,0.9545942320590208
FGSG_11566,30,0.4761375547659451,12.9459058181212,FGSG_00043;FGSG_00330;FGSG_00743;FGSG_01346;FGSG_01422;FGSG_01947;FGSG_02272;FGSG_02461;FGSG_03061;FGSG_03340;FGSG_03546;FGSG_03547;FGSG_03548;FGSG_03894;FGSG_03992;FGSG_04458;FGSG_04490;FGSG_04589;FGSG_04590;FGSG_04591;FGSG_04596;FGSG_05610;FGSG_05926;FGSG_08601;FGSG_08712;FGSG_09012;FGSG_09280;FGSG_09456;FGSG_09834;FGSG_10347,1,uncharacterized protein,GO:0008270;GO:0016491;GO:0055114,11.273242923310148,26,-4.11473115280946,5.70064383154562e-18,1,0.9537894030851777
FGSG_11585,42,0.5008700894765332,18.779434469499154,FGSG_00330;FGSG_00743;FGSG_01422;FGSG_02030;FGSG_02271;FGSG_02272;FGSG_02461;FGSG_02782;FGSG_03061;FGSG_03295;FGSG_03546;FGSG_03547;FGSG_03548;FGSG_03894;FGSG_03992;FGSG_04458;FGSG_04588;FGSG_04589;FGSG_04590;FGSG_04591;FGSG_04593;FGSG_04763;FGSG_05610;FGSG_05843;FGSG_06055;FGSG_06257;FGSG_07075;FGSG_07528;FGSG_08601;FGSG_08712;FGSG_08774;FGSG_09012;FGSG_09280;FGSG_09456;FGSG_09826;FGSG_09834;FGSG_10347;FGSG_10947;FGSG_11206;FGSG_12180;FGSG_12223;FGSG_13136,1,cytochrome P450 55A2,GO:0004497;GO:0005506;GO:0016705;GO:0020037;GO:0055114,14.35791221349467,32,-3.03644851352226,9.48960926942297e-95,1,0.9537223340040242
FGSG_00773,29,0.474238050482383,12.494159925214655,FGSG_00175;FGSG_00330;FGSG_00500;FGSG_01422;FGSG_02271;FGSG_02272;FGSG_02461;FGSG_03061;FGSG_03295;FGSG_03546;FGSG_03548;FGSG_03558;FGSG_03894;FGSG_03992;FGSG_04458;FGSG_04590;FGSG_05610;FGSG_05843;FGSG_06257;FGSG_06702;FGSG_07075;FGSG_07528;FGSG_08601;FGSG_08712;FGSG_09012;FGSG_09280;FGSG_09456;FGSG_09834;FGSG_10347,1,uncharacterized protein,GO:0005375;GO:0016021;GO:0035434,9.569530848499927,22,-6.86391018172995,1.95119779982404e-15,1,0.9537223340040242
FGSG_05338,41,0.49553827684850904,18.03054774582038,FGSG_00330;FGSG_00743;FGSG_01422;FGSG_02030;FGSG_02271;FGSG_02272;FGSG_02461;FGSG_02554;FGSG_03061;FGSG_03340;FGSG_03546;FGSG_03547;FGSG_03548;FGSG_03894;FGSG_03992;FGSG_04458;FGSG_04490;FGSG_04589;FGSG_04590;FGSG_04591;FGSG_04592;FGSG_04593;FGSG_04596;FGSG_04763;FGSG_05610;FGSG_06055;FGSG_07075;FGSG_08601;FGSG_08712;FGSG_08774;FGSG_09012;FGSG_09280;FGSG_09456;FGSG_09826;FGSG_09834;FGSG_10347;FGSG_10922;FGSG_10947;FGSG_12180;FGSG_12223;FGSG_13136,1,uncharacterized protein,GO:0016021,14.92300137854344,34,-2.85437094565587,2.69497288625078e-18,1,0.9536552649228706
FGSG_10855,48,0.48380937502768345,21.21145344070344,FGSG_00043;FGSG_00175;FGSG_00330;FGSG_00500;FGSG_00743;FGSG_01346;FGSG_01422;FGSG_01947;FGSG_02030;FGSG_02271;FGSG_02272;FGSG_02461;FGSG_03061;FGSG_03295;FGSG_03546;FGSG_03547;FGSG_03548;FGSG_03558;FGSG_03894;FGSG_03992;FGSG_04458;FGSG_04490;FGSG_04589;FGSG_04590;FGSG_04591;FGSG_04592;FGSG_04593;FGSG_04595;FGSG_04596;FGSG_04763;FGSG_05610;FGSG_05843;FGSG_05926;FGSG_06055;FGSG_06257;FGSG_06444;FGSG_06702;FGSG_07075;FGSG_07528;FGSG_08601;FGSG_08712;FGSG_09012;FGSG_09280;FGSG_09456;FGSG_09826;FGSG_09834;FGSG_10347;FGSG_10947,1,alcohol dehydrogenase 1,GO:0004022;GO:0005737;GO:0008270;GO:0055114,16.428409501051743,37,-2.45023668620974,0.0,1,0.9513749161636486
FGSG_06124,53,0.5079947770729131,24.611695545441673,FGSG_00330;FGSG_00743;FGSG_00765;FGSG_01422;FGSG_01621;FGSG_02030;FGSG_02271;FGSG_02272;FGSG_02461;FGSG_02554;FGSG_02972;FGSG_03061;FGSG_03295;FGSG_03340;FGSG_03546;FGSG_03547;FGSG_03548;FGSG_03747;FGSG_03894;FGSG_03992;FGSG_04458;FGSG_04490;FGSG_04588;FGSG_04589;FGSG_04590;FGSG_04591;FGSG_04592;FGSG_04593;FGSG_04596;FGSG_04763;FGSG_05368;FGSG_05610;FGSG_06055;FGSG_06257;FGSG_07075;FGSG_07528;FGSG_08493;FGSG_08601;FGSG_08712;FGSG_08774;FGSG_09012;FGSG_09280;FGSG_09456;FGSG_09826;FGSG_09834;FGSG_10347;FGSG_10922;FGSG_10947;FGSG_11206;FGSG_12180;FGSG_12222;FGSG_12223;FGSG_13136,1,uncharacterized protein,GO:0016021,18.63515125146888,40,-2.04571990498276,3.0207165025396303e-279,1,0.950167672702884
FGSG_08403,54,0.4975943633313555,24.964425700996514,FGSG_00043;FGSG_00330;FGSG_00743;FGSG_01346;FGSG_01422;FGSG_01947;FGSG_02030;FGSG_02271;FGSG_02272;FGSG_02461;FGSG_02554;FGSG_03061;FGSG_03295;FGSG_03340;FGSG_03546;FGSG_03547;FGSG_03548;FGSG_03894;FGSG_03992;FGSG_04458;FGSG_04490;FGSG_04588;FGSG_04589;FGSG_04590;FGSG_04591;FGSG_04592;FGSG_04593;FGSG_04595;FGSG_04596;FGSG_04763;FGSG_05368;FGSG_05610;FGSG_05843;FGSG_05926;FGSG_06055;FGSG_06257;FGSG_07075;FGSG_07528;FGSG_08601;FGSG_08712;FGSG_08774;FGSG_09012;FGSG_09280;FGSG_09456;FGSG_09826;FGSG_09834;FGSG_10347;FGSG_10922;FGSG_10947;FGSG_11206;FGSG_12180;FGSG_12222;FGSG_12223;FGSG_13136,1,uncharacterized protein,GO:0032933;GO:0046983,19.974319360376874,43,-1.88973449829571,3.74015237759676e-178,1,0.94916163648558
FGSG_06062,26,0.47869287216619616,11.329226851051162,FGSG_00330;FGSG_00743;FGSG_01422;FGSG_02272;FGSG_02461;FGSG_03061;FGSG_03546;FGSG_03547;FGSG_03548;FGSG_03894;FGSG_03992;FGSG_04458;FGSG_04589;FGSG_04590;FGSG_04591;FGSG_04593;FGSG_05610;FGSG_07075;FGSG_08601;FGSG_08712;FGSG_08774;FGSG_09012;FGSG_09280;FGSG_09456;FGSG_09834;FGSG_10347,1,uncharacterized protein,,9.565551608836563,22,-4.71122495848804,1.52266843346527e-05,1,0.9489604292421194
FGSG_09335,48,0.49419035005700845,21.670665020948572,FGSG_00330;FGSG_00500;FGSG_00743;FGSG_01346;FGSG_01422;FGSG_01947;FGSG_02030;FGSG_02271;FGSG_02272;FGSG_02461;FGSG_03061;FGSG_03295;FGSG_03546;FGSG_03547;FGSG_03548;FGSG_03894;FGSG_03992;FGSG_04458;FGSG_04490;FGSG_04589;FGSG_04590;FGSG_04591;FGSG_04592;FGSG_04593;FGSG_04595;FGSG_04596;FGSG_04763;FGSG_05610;FGSG_05843;FGSG_05926;FGSG_06055;FGSG_06257;FGSG_06702;FGSG_07075;FGSG_07528;FGSG_08601;FGSG_08712;FGSG_08774;FGSG_09012;FGSG_09280;FGSG_09456;FGSG_09826;FGSG_09834;FGSG_10347;FGSG_10947;FGSG_12180;FGSG_12223;FGSG_13136,1,uncharacterized protein,GO:0016021;GO:0055085,16.84195013411559,37,-2.28728692817836,2.76640898954033e-124,1,0.9488933601609658
FGSG_04693,49,0.4783962122934973,21.98889839031454,FGSG_00043;FGSG_00044;FGSG_00330;FGSG_00500;FGSG_00743;FGSG_01346;FGSG_01422;FGSG_01947;FGSG_02030;FGSG_02271;FGSG_02272;FGSG_02461;FGSG_03061;FGSG_03295;FGSG_03340;FGSG_03546;FGSG_03547;FGSG_03548;FGSG_03894;FGSG_03992;FGSG_04458;FGSG_04490;FGSG_04589;FGSG_04590;FGSG_04591;FGSG_04592;FGSG_04593;FGSG_04595;FGSG_04596;FGSG_04763;FGSG_04852;FGSG_05610;FGSG_05843;FGSG_05926;FGSG_06055;FGSG_06257;FGSG_06702;FGSG_07075;FGSG_07528;FGSG_08601;FGSG_08712;FGSG_09012;FGSG_09280;FGSG_09456;FGSG_09826;FGSG_09834;FGSG_10347;FGSG_10947;FGSG_12223,1,uncharacterized protein,GO:0016021,17.599359035727176,39,-2.1683281577796,4.89157296687179e-66,1,0.9482226693494299
FGSG_03162,23,0.4755049453008167,10.162776613632015,FGSG_00330;FGSG_00743;FGSG_01422;FGSG_02272;FGSG_02461;FGSG_03061;FGSG_03546;FGSG_03547;FGSG_03548;FGSG_03894;FGSG_03992;FGSG_04458;FGSG_04589;FGSG_04590;FGSG_04591;FGSG_05610;FGSG_08601;FGSG_08712;FGSG_09012;FGSG_09280;FGSG_09456;FGSG_09834;FGSG_10347,1,uncharacterized protein,GO:0005215;GO:0006810;GO:0016021,8.869427620053914,20,-5.94369715966343,6.7726905539296e-05,1,0.9474178403755869
FGSG_09378,51,0.5020813020494181,23.691260704326798,FGSG_00330;FGSG_00743;FGSG_00765;FGSG_01422;FGSG_02030;FGSG_02271;FGSG_02272;FGSG_02461;FGSG_02554;FGSG_03061;FGSG_03295;FGSG_03340;FGSG_03546;FGSG_03547;FGSG_03548;FGSG_03894;FGSG_03992;FGSG_04458;FGSG_04490;FGSG_04588;FGSG_04589;FGSG_04590;FGSG_04591;FGSG_04592;FGSG_04593;FGSG_04596;FGSG_04763;FGSG_05368;FGSG_05610;FGSG_05843;FGSG_05926;FGSG_06055;FGSG_06257;FGSG_07075;FGSG_07528;FGSG_08601;FGSG_08712;FGSG_08774;FGSG_09012;FGSG_09280;FGSG_09456;FGSG_09826;FGSG_09834;FGSG_10347;FGSG_10922;FGSG_10947;FGSG_11206;FGSG_12180;FGSG_12222;FGSG_12223;FGSG_13136,1,uncharacterized protein,,18.650328875371663,40,-1.90823997292213,6.4569332685792596e-49,1,0.945741113346747
FGSG_07129,45,0.4757182073232348,19.812578898816753,FGSG_00043;FGSG_00044;FGSG_00048;FGSG_00330;FGSG_00743;FGSG_01346;FGSG_01422;FGSG_01947;FGSG_02030;FGSG_02272;FGSG_02461;FGSG_02554;FGSG_03061;FGSG_03340;FGSG_03546;FGSG_03547;FGSG_03548;FGSG_03894;FGSG_03992;FGSG_04458;FGSG_04490;FGSG_04589;FGSG_04590;FGSG_04591;FGSG_04592;FGSG_04593;FGSG_04596;FGSG_04763;FGSG_04852;FGSG_05610;FGSG_05926;FGSG_06055;FGSG_06257;FGSG_08601;FGSG_08712;FGSG_09012;FGSG_09280;FGSG_09456;FGSG_09826;FGSG_09834;FGSG_10347;FGSG_10947;FGSG_11658;FGSG_12180;FGSG_12223,1,uncharacterized protein,GO:0000324;GO:0005768;GO:0015184;GO:0015811;GO:0016021,16.373548033767218,37,-2.257071827717,8.87981049497616e-72,1,0.9456740442655935
FGSG_00793,23,0.47045383204263425,10.097310886910284,FGSG_00330;FGSG_00743;FGSG_01422;FGSG_02272;FGSG_02461;FGSG_03061;FGSG_03546;FGSG_03547;FGSG_03548;FGSG_03894;FGSG_03992;FGSG_04458;FGSG_04589;FGSG_04590;FGSG_04591;FGSG_05610;FGSG_08601;FGSG_08712;FGSG_09012;FGSG_09280;FGSG_09456;FGSG_09834;FGSG_10347,1,uncharacterized protein,GO:0016021,8.80775484278413,20,-5.27445706836701,1.5652657910786e-06,1,0.9452045606975186
FGSG_10542,32,0.4840082035104424,13.839206477922605,FGSG_00043;FGSG_00044;FGSG_00330;FGSG_01346;FGSG_01422;FGSG_01947;FGSG_02272;FGSG_02461;FGSG_03061;FGSG_03546;FGSG_03547;FGSG_03548;FGSG_03894;FGSG_03992;FGSG_04458;FGSG_04590;FGSG_04591;FGSG_04595;FGSG_04763;FGSG_05610;FGSG_05843;FGSG_06055;FGSG_06257;FGSG_06702;FGSG_07075;FGSG_08601;FGSG_08712;FGSG_09012;FGSG_09280;FGSG_09456;FGSG_09834;FGSG_10347,1,uncharacterized protein,,11.760111929255995,27,-3.06581858164314,3.48486010660855e-49,1,0.9443997317236754
FGSG_13155,23,0.47999587768887686,10.095527282601862,FGSG_00330;FGSG_00743;FGSG_01422;FGSG_02272;FGSG_02461;FGSG_03061;FGSG_03546;FGSG_03547;FGSG_03548;FGSG_03894;FGSG_03992;FGSG_04458;FGSG_04589;FGSG_04590;FGSG_04591;FGSG_05610;FGSG_08601;FGSG_08712;FGSG_09012;FGSG_09280;FGSG_09456;FGSG_09834;FGSG_10347,1,uncharacterized protein,,8.852244086967215,20,-4.89268140944292,8.21973490625019e-05,1,0.9441985244802146
FGSG_02084,33,0.47761600088711265,14.288277167614112,FGSG_00330;FGSG_00743;FGSG_01422;FGSG_02030;FGSG_02271;FGSG_02272;FGSG_02461;FGSG_03061;FGSG_03295;FGSG_03546;FGSG_03547;FGSG_03548;FGSG_03894;FGSG_03992;FGSG_04458;FGSG_04589;FGSG_04590;FGSG_04591;FGSG_05610;FGSG_05843;FGSG_06055;FGSG_06257;FGSG_07075;FGSG_07528;FGSG_08601;FGSG_08712;FGSG_08774;FGSG_09012;FGSG_09280;FGSG_09456;FGSG_09834;FGSG_10347;FGSG_10947,1,uncharacterized protein,GO:0006950;GO:0016021,10.897046764399608,25,-3.24751533352656,9.705677867966521e-15,1,0.9435949027498323
FGSG_03025,31,0.5029405902366193,13.377277148239628,FGSG_00743;FGSG_00765;FGSG_01422;FGSG_02030;FGSG_02271;FGSG_02272;FGSG_02461;FGSG_03061;FGSG_03894;FGSG_04458;FGSG_04588;FGSG_04589;FGSG_04590;FGSG_04593;FGSG_05368;FGSG_05610;FGSG_07075;FGSG_08493;FGSG_08601;FGSG_08712;FGSG_08774;FGSG_09012;FGSG_09456;FGSG_09834;FGSG_10347;FGSG_10922;FGSG_10947;FGSG_11206;FGSG_12180;FGSG_12223;FGSG_13136,1,uncharacterized protein,,9.481364484790982,22,-3.86413826227882,9.56094320640114e-07,1,0.943460764587525
FGSG_08322,26,0.49586780301712857,11.569446454039294,FGSG_00330;FGSG_00743;FGSG_01422;FGSG_02271;FGSG_02272;FGSG_02461;FGSG_03061;FGSG_03295;FGSG_03546;FGSG_03548;FGSG_03894;FGSG_03992;FGSG_04458;FGSG_04590;FGSG_05610;FGSG_06055;FGSG_06257;FGSG_07075;FGSG_07528;FGSG_08601;FGSG_08712;FGSG_08774;FGSG_09012;FGSG_09456;FGSG_09834;FGSG_10347,1,uncharacterized protein,,9.372159729846961,21,-3.85237382723856,3.04399447866735e-29,1,0.9427900737759892
FGSG_08266,55,0.5080748394685509,25.9393596329031,FGSG_00330;FGSG_00743;FGSG_00765;FGSG_01422;FGSG_02030;FGSG_02271;FGSG_02272;FGSG_02461;FGSG_02554;FGSG_02972;FGSG_03061;FGSG_03295;FGSG_03340;FGSG_03546;FGSG_03547;FGSG_03548;FGSG_03747;FGSG_03894;FGSG_03992;FGSG_04458;FGSG_04490;FGSG_04588;FGSG_04589;FGSG_04590;FGSG_04591;FGSG_04592;FGSG_04593;FGSG_04596;FGSG_04763;FGSG_05368;FGSG_05610;FGSG_05843;FGSG_05926;FGSG_06055;FGSG_06257;FGSG_07075;FGSG_07528;FGSG_08493;FGSG_08601;FGSG_08712;FGSG_08774;FGSG_09012;FGSG_09280;FGSG_09456;FGSG_09826;FGSG_09834;FGSG_10347;FGSG_10444;FGSG_10922;FGSG_10947;FGSG_11206;FGSG_12180;FGSG_12222;FGSG_12223;FGSG_13136,1,acetyl-CoA hydrolase,GO:0003986;GO:0005739;GO:0005829;GO:0006083;GO:0006084;GO:0008775,19.91148437836694,42,-1.71734092564531,1.7590606009170801e-106,1,0.9421864520456069
FGSG_12280,33,0.4946960271425268,14.10575661129406,FGSG_00330;FGSG_00743;FGSG_01422;FGSG_02030;FGSG_02272;FGSG_02461;FGSG_02554;FGSG_02972;FGSG_03061;FGSG_03340;FGSG_03546;FGSG_03548;FGSG_03747;FGSG_03894;FGSG_04458;FGSG_04589;FGSG_04590;FGSG_04592;FGSG_04593;FGSG_05368;FGSG_05610;FGSG_08493;FGSG_08601;FGSG_08712;FGSG_08774;FGSG_09012;FGSG_09826;FGSG_10347;FGSG_10444;FGSG_10922;FGSG_10947;FGSG_12180;FGSG_12223,1,uncharacterized protein,,10.265009980682848,24,-3.28758506711433,1.32286329440465e-16,1,0.9416498993963782
FGSG_01672,46,0.48452857215128226,20.404057340506654,FGSG_00043;FGSG_00044;FGSG_00047;FGSG_00048;FGSG_00330;FGSG_00743;FGSG_01346;FGSG_01422;FGSG_01947;FGSG_02272;FGSG_02461;FGSG_03061;FGSG_03295;FGSG_03340;FGSG_03546;FGSG_03547;FGSG_03548;FGSG_03894;FGSG_03992;FGSG_04458;FGSG_04490;FGSG_04589;FGSG_04590;FGSG_04591;FGSG_04592;FGSG_04595;FGSG_04596;FGSG_04763;FGSG_04852;FGSG_05610;FGSG_05843;FGSG_05926;FGSG_06055;FGSG_06257;FGSG_06702;FGSG_07075;FGSG_08601;FGSG_08712;FGSG_09012;FGSG_09280;FGSG_09456;FGSG_09826;FGSG_09834;FGSG_10347;FGSG_10947;FGSG_11658,1,pyrimidine precursor biosynthesis enzyme THI12,GO:0009228,16.5549787506223,37,-2.10991289036192,3.19853683732516e-231,1,0.941515761234071
FGSG_07530,28,0.46802520749731125,12.287459467327285,FGSG_01866;FGSG_02077;FGSG_02255;FGSG_02320;FGSG_02321;FGSG_02323;FGSG_02324;FGSG_02325;FGSG_02326;FGSG_02327;FGSG_02328;FGSG_02329;FGSG_02840;FGSG_02903;FGSG_03574;FGSG_03599;FGSG_03600;FGSG_03842;FGSG_03881;FGSG_05919;FGSG_08082;FGSG_08083;FGSG_08795;FGSG_09187;FGSG_10670;FGSG_11184;FGSG_11326;FGSG_13952,2,alcohol oxidase,GO:0008812;GO:0047639;GO:0050660;GO:0055114,8.45686386186303,19,6.76763101088669,0.0,1,0.9413145539906104
FGSG_05730,54,0.5065874580863649,25.292159088096096,FGSG_00330;FGSG_00743;FGSG_00765;FGSG_01422;FGSG_02030;FGSG_02271;FGSG_02272;FGSG_02461;FGSG_02554;FGSG_02972;FGSG_03061;FGSG_03295;FGSG_03340;FGSG_03546;FGSG_03547;FGSG_03548;FGSG_03747;FGSG_03894;FGSG_03992;FGSG_04458;FGSG_04490;FGSG_04588;FGSG_04589;FGSG_04590;FGSG_04591;FGSG_04592;FGSG_04593;FGSG_04596;FGSG_04763;FGSG_05368;FGSG_05610;FGSG_05926;FGSG_06055;FGSG_06257;FGSG_07075;FGSG_07528;FGSG_08493;FGSG_08601;FGSG_08712;FGSG_08774;FGSG_09012;FGSG_09280;FGSG_09456;FGSG_09826;FGSG_09834;FGSG_10347;FGSG_10444;FGSG_10922;FGSG_10947;FGSG_11206;FGSG_12180;FGSG_12222;FGSG_12223;FGSG_13136,1,uncharacterized protein,GO:0016021,19.680658359016803,42,-1.70815742316887,1.15020386975153e-68,1,0.9409792085848424
FGSG_13689,47,0.48703517290595444,21.054524293413465,FGSG_00043;FGSG_00330;FGSG_00743;FGSG_01346;FGSG_01422;FGSG_01947;FGSG_02030;FGSG_02271;FGSG_02272;FGSG_02461;FGSG_03061;FGSG_03295;FGSG_03340;FGSG_03546;FGSG_03547;FGSG_03548;FGSG_03894;FGSG_03992;FGSG_04458;FGSG_04490;FGSG_04589;FGSG_04590;FGSG_04591;FGSG_04592;FGSG_04593;FGSG_04595;FGSG_04596;FGSG_04763;FGSG_05610;FGSG_05843;FGSG_05926;FGSG_06055;FGSG_06257;FGSG_06702;FGSG_07075;FGSG_07528;FGSG_08601;FGSG_08712;FGSG_08774;FGSG_09012;FGSG_09280;FGSG_09456;FGSG_09826;FGSG_09834;FGSG_10347;FGSG_10947;FGSG_12223,1,uncharacterized protein,,16.699163231428535,37,-2.05177875458193,1.2113932343764701e-113,1,0.9408450704225353
FGSG_02895,24,0.48285532712387047,10.537201139534647,FGSG_00330;FGSG_01422;FGSG_01947;FGSG_02272;FGSG_02461;FGSG_03061;FGSG_03546;FGSG_03547;FGSG_03548;FGSG_03894;FGSG_03992;FGSG_04458;FGSG_04590;FGSG_04591;FGSG_05610;FGSG_06257;FGSG_07075;FGSG_08601;FGSG_08712;FGSG_09012;FGSG_09280;FGSG_09456;FGSG_09834;FGSG_10347,1,uncharacterized protein,GO:0016021,9.69180701614802,22,-3.40337584421099,6.5434825082896006e-21,1,0.9405767940979208
FGSG_02165,23,0.4775097396377181,10.266923575191358,FGSG_00330;FGSG_00743;FGSG_01422;FGSG_02271;FGSG_02272;FGSG_02461;FGSG_03061;FGSG_03546;FGSG_03548;FGSG_03894;FGSG_03992;FGSG_04458;FGSG_04589;FGSG_04590;FGSG_05610;FGSG_07075;FGSG_08601;FGSG_08712;FGSG_09012;FGSG_09280;FGSG_09456;FGSG_09834;FGSG_10347,1,uncharacterized protein,GO:0008270;GO:0016491;GO:0055114,8.934043202975618,20,-3.93426149300178,1.32257521253257e-12,1,0.9401073105298458
FGSG_01149,35,0.5004236135719827,15.438117181535903,FGSG_00330;FGSG_00743;FGSG_00765;FGSG_01422;FGSG_01621;FGSG_02030;FGSG_02271;FGSG_02272;FGSG_02461;FGSG_02972;FGSG_03061;FGSG_03747;FGSG_03894;FGSG_04458;FGSG_04588;FGSG_04589;FGSG_04590;FGSG_04593;FGSG_05368;FGSG_05610;FGSG_08493;FGSG_08601;FGSG_08712;FGSG_08774;FGSG_09012;FGSG_09834;FGSG_10347;FGSG_10444;FGSG_10922;FGSG_10947;FGSG_11206;FGSG_12180;FGSG_12222;FGSG_12223;FGSG_13136,1,uncharacterized protein,GO:0016021,10.556536938470888,24,-3.00048933703873,5.14444331918616e-112,1,0.9389000670690812
FGSG_02469,32,0.4847393815294527,14.000105211547305,FGSG_00175;FGSG_00330;FGSG_00500;FGSG_00743;FGSG_01422;FGSG_02271;FGSG_02272;FGSG_02461;FGSG_03061;FGSG_03295;FGSG_03546;FGSG_03548;FGSG_03894;FGSG_03992;FGSG_04458;FGSG_04590;FGSG_04595;FGSG_05610;FGSG_05843;FGSG_06055;FGSG_06257;FGSG_06444;FGSG_06702;FGSG_07075;FGSG_07528;FGSG_08601;FGSG_08712;FGSG_09012;FGSG_09280;FGSG_09456;FGSG_09834;FGSG_10347,1,uncharacterized protein,GO:0000002;GO:0005634;GO:0005829;GO:0006950;GO:0008198;GO:0009228;GO:0016491;GO:0042802;GO:0052837;GO:0055114,11.034786707524017,25,-2.85160040526452,0.0,1,0.9386988598256204
FGSG_06307,49,0.48933882464182277,22.180593932516413,FGSG_00043;FGSG_00330;FGSG_00743;FGSG_01346;FGSG_01422;FGSG_01947;FGSG_02030;FGSG_02271;FGSG_02272;FGSG_02461;FGSG_02554;FGSG_03061;FGSG_03295;FGSG_03340;FGSG_03546;FGSG_03547;FGSG_03548;FGSG_03894;FGSG_03992;FGSG_04458;FGSG_04490;FGSG_04588;FGSG_04589;FGSG_04590;FGSG_04591;FGSG_04592;FGSG_04593;FGSG_04596;FGSG_04763;FGSG_05368;FGSG_05610;FGSG_05926;FGSG_06055;FGSG_06257;FGSG_07075;FGSG_07528;FGSG_08601;FGSG_08712;FGSG_08774;FGSG_09012;FGSG_09280;FGSG_09456;FGSG_09826;FGSG_09834;FGSG_10347;FGSG_10922;FGSG_10947;FGSG_12180;FGSG_12223,1,uncharacterized protein,GO:0000122;GO:0000183;GO:0000781;GO:0006281;GO:0006348;GO:0008080;GO:0016573;GO:0030466;GO:0043565,18.16770844756994,40,-1.75263294461114,1.5787821333998601e-46,1,0.937625754527163
FGSG_13153,23,0.46904097854555243,10.146549551770136,FGSG_00330;FGSG_00743;FGSG_01422;FGSG_02272;FGSG_02461;FGSG_03061;FGSG_03546;FGSG_03548;FGSG_03894;FGSG_03992;FGSG_04458;FGSG_04589;FGSG_04590;FGSG_04591;FGSG_04593;FGSG_05610;FGSG_08601;FGSG_08712;FGSG_08774;FGSG_09012;FGSG_09456;FGSG_09834;FGSG_10347,1,uncharacterized protein,GO:0003824;GO:0008152;GO:0016021,8.427731092002047,19,-5.0141772025552,3.61020543627675e-06,1,0.9373574782025487
FGSG_05842,51,0.5050383834771327,23.35299026261538,FGSG_00330;FGSG_00743;FGSG_00765;FGSG_01422;FGSG_02030;FGSG_02271;FGSG_02272;FGSG_02461;FGSG_02554;FGSG_02972;FGSG_03061;FGSG_03295;FGSG_03340;FGSG_03546;FGSG_03547;FGSG_03548;FGSG_03747;FGSG_03894;FGSG_03992;FGSG_04458;FGSG_04490;FGSG_04588;FGSG_04589;FGSG_04590;FGSG_04591;FGSG_04592;FGSG_04593;FGSG_04596;FGSG_05368;FGSG_05610;FGSG_06055;FGSG_07075;FGSG_07528;FGSG_08493;FGSG_08601;FGSG_08712;FGSG_08774;FGSG_09012;FGSG_09280;FGSG_09456;FGSG_09826;FGSG_09834;FGSG_10347;FGSG_10444;FGSG_10922;FGSG_10947;FGSG_11206;FGSG_12180;FGSG_12222;FGSG_12223;FGSG_13136,1,uncharacterized protein,,17.880618019142272,39,-1.77160585721176,5.38118961801308e-27,1,0.9372904091213952
FGSG_07913,55,0.5061728569303587,25.95142185759076,FGSG_00043;FGSG_00330;FGSG_00743;FGSG_00765;FGSG_01346;FGSG_01422;FGSG_01947;FGSG_02030;FGSG_02271;FGSG_02272;FGSG_02461;FGSG_02554;FGSG_03061;FGSG_03295;FGSG_03340;FGSG_03546;FGSG_03547;FGSG_03548;FGSG_03894;FGSG_03992;FGSG_04458;FGSG_04490;FGSG_04588;FGSG_04589;FGSG_04590;FGSG_04591;FGSG_04592;FGSG_04593;FGSG_04595;FGSG_04596;FGSG_04763;FGSG_05368;FGSG_05610;FGSG_05843;FGSG_05926;FGSG_06055;FGSG_06257;FGSG_07075;FGSG_07528;FGSG_08601;FGSG_08712;FGSG_08774;FGSG_09012;FGSG_09280;FGSG_09456;FGSG_09826;FGSG_09834;FGSG_10347;FGSG_10922;FGSG_10947;FGSG_11206;FGSG_12180;FGSG_12222;FGSG_12223;FGSG_13136,1,uncharacterized protein,GO:0006810;GO:0016021,20.438721770328314,43,-1.60380836139693,6.64190892135598e-84,1,0.9371562709590879
FGSG_08049,34,0.4722224651729281,15.306117539894514,FGSG_00007;FGSG_01866;FGSG_02255;FGSG_02320;FGSG_02321;FGSG_02323;FGSG_02324;FGSG_02325;FGSG_02326;FGSG_02327;FGSG_02328;FGSG_02329;FGSG_02840;FGSG_02903;FGSG_03532;FGSG_03539;FGSG_03541;FGSG_03543;FGSG_03599;FGSG_03600;FGSG_03842;FGSG_03881;FGSG_05919;FGSG_08081;FGSG_08082;FGSG_08083;FGSG_08795;FGSG_09064;FGSG_09187;FGSG_10670;FGSG_11184;FGSG_11326;FGSG_12211;FGSG_13952,2,uncharacterized protein,,9.02224996947601,20,3.37349067818281,8.13182588866703e-206,1,0.935680751173709
FGSG_08425,44,0.503645445227916,19.522473175818135,FGSG_00330;FGSG_00743;FGSG_00765;FGSG_01422;FGSG_02030;FGSG_02271;FGSG_02272;FGSG_02461;FGSG_02554;FGSG_02972;FGSG_03061;FGSG_03546;FGSG_03548;FGSG_03747;FGSG_03894;FGSG_03992;FGSG_04458;FGSG_04588;FGSG_04589;FGSG_04590;FGSG_04591;FGSG_04592;FGSG_04593;FGSG_05368;FGSG_05610;FGSG_06055;FGSG_07075;FGSG_08493;FGSG_08601;FGSG_08712;FGSG_08774;FGSG_09012;FGSG_09456;FGSG_09826;FGSG_09834;FGSG_10347;FGSG_10444;FGSG_10922;FGSG_10947;FGSG_11206;FGSG_12180;FGSG_12222;FGSG_12223;FGSG_13136,1,uncharacterized protein,GO:0005739;GO:0016491;GO:0051536;GO:0055114,14.569369357256223,33,-2.1433926505028,2.36539390547503e-64,1,0.9345405767940979
FGSG_03662,48,0.4968581200388667,21.7232722166528,FGSG_00330;FGSG_00743;FGSG_00765;FGSG_01422;FGSG_01621;FGSG_02030;FGSG_02271;FGSG_02272;FGSG_02461;FGSG_02782;FGSG_03061;FGSG_03295;FGSG_03546;FGSG_03547;FGSG_03548;FGSG_03894;FGSG_03992;FGSG_04309;FGSG_04458;FGSG_04588;FGSG_04589;FGSG_04590;FGSG_04591;FGSG_04592;FGSG_04593;FGSG_05368;FGSG_05610;FGSG_06055;FGSG_06257;FGSG_06506;FGSG_07075;FGSG_07528;FGSG_08601;FGSG_08712;FGSG_08774;FGSG_09012;FGSG_09280;FGSG_09456;FGSG_09826;FGSG_09834;FGSG_10347;FGSG_10922;FGSG_10947;FGSG_11206;FGSG_12180;FGSG_12222;FGSG_12223;FGSG_13136,1,uncharacterized protein,,16.274384167378788,36,-1.93676110571614,4.78801034223319e-91,1,0.9344735077129445
FGSG_10802,32,0.4919638425140745,13.693238982494961,FGSG_00330;FGSG_00743;FGSG_01422;FGSG_02030;FGSG_02272;FGSG_02461;FGSG_02554;FGSG_02972;FGSG_03061;FGSG_03340;FGSG_03546;FGSG_03548;FGSG_03747;FGSG_03894;FGSG_04458;FGSG_04589;FGSG_04590;FGSG_04593;FGSG_05368;FGSG_05610;FGSG_08493;FGSG_08601;FGSG_08712;FGSG_08774;FGSG_09012;FGSG_09826;FGSG_10347;FGSG_10444;FGSG_10922;FGSG_10947;FGSG_12180;FGSG_12223,1,uncharacterized protein,GO:0016021,9.855767292919305,23,-2.88017659170595,5.07196591799751e-42,1,0.9344064386317907
FGSG_10739,49,0.48239220870828076,22.152627716282154,FGSG_00043;FGSG_00330;FGSG_00743;FGSG_01346;FGSG_01422;FGSG_01947;FGSG_02030;FGSG_02271;FGSG_02272;FGSG_02461;FGSG_02554;FGSG_03061;FGSG_03295;FGSG_03340;FGSG_03546;FGSG_03547;FGSG_03548;FGSG_03894;FGSG_03992;FGSG_04458;FGSG_04490;FGSG_04589;FGSG_04590;FGSG_04591;FGSG_04592;FGSG_04593;FGSG_04595;FGSG_04596;FGSG_04763;FGSG_05610;FGSG_05843;FGSG_05926;FGSG_06055;FGSG_06257;FGSG_07075;FGSG_07528;FGSG_08601;FGSG_08712;FGSG_08774;FGSG_09012;FGSG_09280;FGSG_09456;FGSG_09826;FGSG_09834;FGSG_10347;FGSG_10947;FGSG_12180;FGSG_12223;FGSG_13136,1,coproporphyrinogen III oxidase,GO:0004109;GO:0005829;GO:0006783;GO:0016021;GO:0055114,17.734604117308113,39,-1.72320446993917,6.83395597568968e-59,1,0.9339369550637157
FGSG_01823,23,0.4722554572749229,10.097439942949363,FGSG_02321;FGSG_02323;FGSG_02324;FGSG_02325;FGSG_02326;FGSG_02327;FGSG_02328;FGSG_02329;FGSG_02840;FGSG_02903;FGSG_03541;FGSG_03599;FGSG_03600;FGSG_03842;FGSG_05919;FGSG_08082;FGSG_08083;FGSG_08795;FGSG_09187;FGSG_10670;FGSG_11184;FGSG_11326;FGSG_13952,2,uncharacterized protein,GO:0008152;GO:0016021;GO:0016740,8.40764485293211,19,4.23921508619831,1.9574181158342602e-112,1,0.9334674714956405
FGSG_05040,44,0.4816688853335962,19.247881292097773,FGSG_00043;FGSG_00175;FGSG_00330;FGSG_00500;FGSG_00743;FGSG_01346;FGSG_01422;FGSG_01947;FGSG_02030;FGSG_02271;FGSG_02272;FGSG_02461;FGSG_03061;FGSG_03295;FGSG_03546;FGSG_03547;FGSG_03548;FGSG_03558;FGSG_03894;FGSG_03992;FGSG_04458;FGSG_04490;FGSG_04589;FGSG_04590;FGSG_04591;FGSG_04595;FGSG_04596;FGSG_04763;FGSG_05610;FGSG_05843;FGSG_06055;FGSG_06257;FGSG_06702;FGSG_07075;FGSG_07528;FGSG_08601;FGSG_08712;FGSG_09012;FGSG_09280;FGSG_09456;FGSG_09826;FGSG_09834;FGSG_10347;FGSG_10947,1,uncharacterized protein,GO:0016787,14.561662354843385,33,-2.10411199205673,4.63672430997948e-47,1,0.9332662642521797
FGSG_04183,48,0.49601427137701126,21.83594517032267,FGSG_00330;FGSG_00743;FGSG_01422;FGSG_01947;FGSG_02030;FGSG_02271;FGSG_02272;FGSG_02461;FGSG_03061;FGSG_03295;FGSG_03340;FGSG_03546;FGSG_03547;FGSG_03548;FGSG_03894;FGSG_03992;FGSG_04458;FGSG_04490;FGSG_04588;FGSG_04589;FGSG_04590;FGSG_04591;FGSG_04592;FGSG_04593;FGSG_04595;FGSG_04596;FGSG_04763;FGSG_05368;FGSG_05610;FGSG_05843;FGSG_06055;FGSG_06257;FGSG_07075;FGSG_07528;FGSG_08601;FGSG_08712;FGSG_08774;FGSG_09012;FGSG_09280;FGSG_09456;FGSG_09826;FGSG_09834;FGSG_10347;FGSG_10947;FGSG_11206;FGSG_12180;FGSG_12223;FGSG_13136,1,uncharacterized protein,GO:0005634;GO:0005829;GO:0031505,17.76750401738936,39,-1.69559018695569,4.96449278569937e-24,1,0.9326626425217974
FGSG_03693,22,0.47187662677010783,9.487126737231417,FGSG_00175;FGSG_00330;FGSG_01422;FGSG_02271;FGSG_02272;FGSG_02461;FGSG_03061;FGSG_03295;FGSG_03546;FGSG_03548;FGSG_03894;FGSG_03992;FGSG_04458;FGSG_04590;FGSG_05610;FGSG_07075;FGSG_07528;FGSG_08712;FGSG_09012;FGSG_09456;FGSG_09834;FGSG_10347,1,uncharacterized protein,GO:0005375;GO:0016021;GO:0035434,8.19270033673958,19,-6.13795390131518,5.2041148977379e-43,1,0.9317907444668008
FGSG_00260,31,0.497720512480886,13.688667097237671,FGSG_00743;FGSG_00765;FGSG_01422;FGSG_01621;FGSG_02030;FGSG_02272;FGSG_02461;FGSG_02972;FGSG_03061;FGSG_03747;FGSG_03894;FGSG_04458;FGSG_04588;FGSG_04589;FGSG_04590;FGSG_04593;FGSG_05368;FGSG_05610;FGSG_08493;FGSG_08712;FGSG_08774;FGSG_09012;FGSG_10347;FGSG_10444;FGSG_10922;FGSG_10947;FGSG_11206;FGSG_12180;FGSG_12222;FGSG_12223;FGSG_13136,1,uncharacterized protein,,8.84054107452401,20,-3.28102546497427,2.57245470518957e-139,1,0.9315224681421864
FGSG_05164,54,0.4927540459088681,24.933848962454658,FGSG_00043;FGSG_00330;FGSG_00743;FGSG_01346;FGSG_01422;FGSG_01947;FGSG_02030;FGSG_02271;FGSG_02272;FGSG_02461;FGSG_02554;FGSG_02782;FGSG_03061;FGSG_03295;FGSG_03340;FGSG_03546;FGSG_03547;FGSG_03548;FGSG_03894;FGSG_03992;FGSG_04458;FGSG_04490;FGSG_04588;FGSG_04589;FGSG_04590;FGSG_04591;FGSG_04592;FGSG_04593;FGSG_04596;FGSG_04763;FGSG_05368;FGSG_05610;FGSG_05843;FGSG_05926;FGSG_06055;FGSG_06257;FGSG_06702;FGSG_07075;FGSG_07528;FGSG_08601;FGSG_08712;FGSG_08774;FGSG_09012;FGSG_09280;FGSG_09456;FGSG_09826;FGSG_09834;FGSG_10347;FGSG_10922;FGSG_10947;FGSG_12180;FGSG_12222;FGSG_12223;FGSG_13136,1,inositolphosphorylceramide-B C-26 hydroxylase,GO:0005506;GO:0005789;GO:0006633;GO:0006675;GO:0016021;GO:0020037;GO:0055114;GO:0080132,19.558595304814297,42,-1.54989949200339,9.743814836479369e-48,1,0.9306505700871898
FGSG_00489,44,0.48192439987092645,19.202394162545602,FGSG_00043;FGSG_00044;FGSG_00047;FGSG_00048;FGSG_00330;FGSG_00743;FGSG_01346;FGSG_01422;FGSG_01947;FGSG_02272;FGSG_02461;FGSG_03061;FGSG_03295;FGSG_03546;FGSG_03547;FGSG_03548;FGSG_03894;FGSG_03992;FGSG_04458;FGSG_04490;FGSG_04589;FGSG_04590;FGSG_04591;FGSG_04592;FGSG_04595;FGSG_04596;FGSG_04763;FGSG_04852;FGSG_05610;FGSG_05843;FGSG_05926;FGSG_06055;FGSG_06257;FGSG_06702;FGSG_07075;FGSG_08601;FGSG_08712;FGSG_09012;FGSG_09280;FGSG_09456;FGSG_09826;FGSG_09834;FGSG_10347;FGSG_10784,1,uncharacterized protein,GO:0004497;GO:0055114;GO:0071949,16.18804165429082,37,-1.8171617163508,4.49816809671788e-102,1,0.930449362843729
FGSG_00483,28,0.4915522960903908,12.290032849288512,FGSG_00743;FGSG_00765;FGSG_01422;FGSG_02030;FGSG_02271;FGSG_02272;FGSG_02461;FGSG_03061;FGSG_03295;FGSG_03894;FGSG_04309;FGSG_04458;FGSG_04588;FGSG_04590;FGSG_04593;FGSG_05368;FGSG_05610;FGSG_07075;FGSG_07528;FGSG_08712;FGSG_08774;FGSG_09012;FGSG_09456;FGSG_09834;FGSG_10347;FGSG_11206;FGSG_12180;FGSG_13136,1,uncharacterized protein,,8.356264831512316,19,-3.92309241021193,7.01545733098567e-171,1,0.929979879275654
FGSG_08347,45,0.48840688494455714,20.010151107691403,FGSG_00175;FGSG_00330;FGSG_00500;FGSG_00743;FGSG_01346;FGSG_01422;FGSG_01947;FGSG_02030;FGSG_02271;FGSG_02272;FGSG_02461;FGSG_03061;FGSG_03295;FGSG_03546;FGSG_03547;FGSG_03548;FGSG_03894;FGSG_03992;FGSG_04458;FGSG_04490;FGSG_04589;FGSG_04590;FGSG_04591;FGSG_04592;FGSG_04593;FGSG_04595;FGSG_04596;FGSG_04763;FGSG_05610;FGSG_05843;FGSG_05926;FGSG_06055;FGSG_06257;FGSG_06702;FGSG_07075;FGSG_07528;FGSG_08601;FGSG_08712;FGSG_09012;FGSG_09280;FGSG_09456;FGSG_09826;FGSG_09834;FGSG_10347;FGSG_10947,1,uncharacterized protein,GO:0003333;GO:0015171;GO:0016021,15.635105864347842,35,-1.90639159885861,5.87924888224386e-108,1,0.9298457411133468
FGSG_04780,22,0.4594539593951032,9.522150176895675,FGSG_00330;FGSG_00743;FGSG_01422;FGSG_02272;FGSG_02461;FGSG_03061;FGSG_03546;FGSG_03548;FGSG_03894;FGSG_03992;FGSG_04458;FGSG_04589;FGSG_04590;FGSG_05610;FGSG_07075;FGSG_08601;FGSG_08712;FGSG_09012;FGSG_09280;FGSG_09456;FGSG_09834;FGSG_10347,1,uncharacterized protein,GO:0016021;GO:0016491;GO:0055114,8.2532638639022,19,-4.40759034462377,0.0030158459289354,1,0.929309188464118
FGSG_09535,57,0.5022633709179902,26.658460264929893,FGSG_00043;FGSG_00330;FGSG_00743;FGSG_00765;FGSG_01346;FGSG_01422;FGSG_01947;FGSG_02030;FGSG_02271;FGSG_02272;FGSG_02461;FGSG_02554;FGSG_02782;FGSG_03061;FGSG_03295;FGSG_03340;FGSG_03546;FGSG_03547;FGSG_03548;FGSG_03894;FGSG_03992;FGSG_04458;FGSG_04490;FGSG_04588;FGSG_04589;FGSG_04590;FGSG_04591;FGSG_04592;FGSG_04593;FGSG_04595;FGSG_04596;FGSG_04763;FGSG_05368;FGSG_05610;FGSG_05843;FGSG_05926;FGSG_06055;FGSG_06257;FGSG_06702;FGSG_07075;FGSG_07528;FGSG_08601;FGSG_08712;FGSG_08774;FGSG_09012;FGSG_09280;FGSG_09456;FGSG_09826;FGSG_09834;FGSG_10347;FGSG_10922;FGSG_10947;FGSG_11206;FGSG_12180;FGSG_12222;FGSG_12223;FGSG_13136,1,uncharacterized protein,GO:0001671;GO:0005829;GO:0006457;GO:0006950;GO:0032781;GO:0051087,20.342115587318965,43,-1.49494071243479,2.16751364937042e-56,1,0.9291750503018108
FGSG_03026,29,0.4960436132989882,12.624528288932172,FGSG_00743;FGSG_00765;FGSG_01422;FGSG_02030;FGSG_02272;FGSG_02461;FGSG_02972;FGSG_03061;FGSG_03747;FGSG_03894;FGSG_04588;FGSG_04589;FGSG_04590;FGSG_04593;FGSG_05368;FGSG_05610;FGSG_08493;FGSG_08712;FGSG_08774;FGSG_09012;FGSG_10347;FGSG_10444;FGSG_10922;FGSG_10947;FGSG_11206;FGSG_12180;FGSG_12222;FGSG_12223;FGSG_13136,1,uncharacterized protein,GO:0006260;GO:0008998;GO:0051536;GO:0055114,8.28481815777035,19,-4.11755116080653,3.21685561047806e-43,1,0.9285043594902751
FGSG_05039,43,0.4703880009546993,18.805824624092267,FGSG_00043;FGSG_00330;FGSG_00743;FGSG_01346;FGSG_01422;FGSG_01947;FGSG_02030;FGSG_02271;FGSG_02272;FGSG_02461;FGSG_03061;FGSG_03295;FGSG_03546;FGSG_03547;FGSG_03548;FGSG_03894;FGSG_03992;FGSG_04458;FGSG_04490;FGSG_04589;FGSG_04590;FGSG_04591;FGSG_04592;FGSG_04593;FGSG_04596;FGSG_04763;FGSG_05610;FGSG_05843;FGSG_05926;FGSG_06055;FGSG_06257;FGSG_06702;FGSG_07075;FGSG_07528;FGSG_08601;FGSG_08712;FGSG_09012;FGSG_09280;FGSG_09456;FGSG_09826;FGSG_09834;FGSG_10347;FGSG_10947,1,uncharacterized protein,GO:0016021,14.913745178653416,34,-1.91327598534621,7.37435095960358e-38,1,0.9283702213279679
FGSG_12883,48,0.47890533528663515,21.373655626710544,FGSG_00043;FGSG_00330;FGSG_00743;FGSG_01346;FGSG_01422;FGSG_01947;FGSG_02030;FGSG_02271;FGSG_02272;FGSG_02461;FGSG_02554;FGSG_03061;FGSG_03295;FGSG_03340;FGSG_03546;FGSG_03547;FGSG_03548;FGSG_03894;FGSG_03992;FGSG_04458;FGSG_04490;FGSG_04589;FGSG_04590;FGSG_04591;FGSG_04592;FGSG_04593;FGSG_04595;FGSG_04596;FGSG_04763;FGSG_04852;FGSG_05610;FGSG_05843;FGSG_05926;FGSG_06055;FGSG_06257;FGSG_07075;FGSG_07528;FGSG_08601;FGSG_08712;FGSG_08774;FGSG_09012;FGSG_09280;FGSG_09456;FGSG_09826;FGSG_09834;FGSG_10347;FGSG_10947;FGSG_12223,1,uncharacterized protein,GO:0005634;GO:0006281;GO:0006855;GO:0008081;GO:0015238;GO:0015297;GO:0016021,17.044081555909234,38,-1.69403924060779,8.24436810872028e-54,1,0.9281690140845069
FGSG_10617,53,0.4918756963118269,24.357737197940622,FGSG_00043;FGSG_00044;FGSG_00048;FGSG_00330;FGSG_00743;FGSG_01346;FGSG_01422;FGSG_01947;FGSG_02030;FGSG_02271;FGSG_02272;FGSG_02461;FGSG_02554;FGSG_03061;FGSG_03295;FGSG_03340;FGSG_03546;FGSG_03547;FGSG_03548;FGSG_03894;FGSG_03992;FGSG_04458;FGSG_04490;FGSG_04589;FGSG_04590;FGSG_04591;FGSG_04592;FGSG_04593;FGSG_04595;FGSG_04596;FGSG_04763;FGSG_04852;FGSG_05610;FGSG_05843;FGSG_05926;FGSG_06055;FGSG_06257;FGSG_06702;FGSG_07075;FGSG_07528;FGSG_08601;FGSG_08712;FGSG_08774;FGSG_09012;FGSG_09280;FGSG_09456;FGSG_09826;FGSG_09834;FGSG_10347;FGSG_10947;FGSG_11658;FGSG_12180;FGSG_12223,1,uncharacterized protein,GO:0003824;GO:0008152;GO:0031177,19.05607033040097,41,-1.52113423784339,3.41606414770277e-132,1,0.9274312541918175
FGSG_11888,36,0.4719845503613281,16.119950275169963,FGSG_00007;FGSG_01866;FGSG_02077;FGSG_02255;FGSG_02320;FGSG_02321;FGSG_02323;FGSG_02324;FGSG_02325;FGSG_02326;FGSG_02327;FGSG_02328;FGSG_02329;FGSG_02840;FGSG_02903;FGSG_03532;FGSG_03539;FGSG_03541;FGSG_03543;FGSG_03574;FGSG_03599;FGSG_03600;FGSG_03842;FGSG_03881;FGSG_05919;FGSG_08081;FGSG_08082;FGSG_08083;FGSG_08795;FGSG_09064;FGSG_09187;FGSG_10670;FGSG_11184;FGSG_11326;FGSG_12211;FGSG_13952,2,uncharacterized protein,GO:0016021,9.103246561164665,20,2.77579027647374,3.3593554316437298e-195,1,0.9270959087860495
FGSG_11819,19,0.4708750523258792,8.25938571075999,FGSG_00330;FGSG_01422;FGSG_02272;FGSG_03061;FGSG_03546;FGSG_03547;FGSG_03548;FGSG_03992;FGSG_04458;FGSG_04590;FGSG_04591;FGSG_05610;FGSG_07075;FGSG_08601;FGSG_08712;FGSG_09280;FGSG_09456;FGSG_09834;FGSG_10347,1,uncharacterized protein,,7.8372670850460935,18,-7.25860181508448,6.95757238090299e-07,1,0.9268276324614353
FGSG_02967,42,0.495586967591204,18.49078973234682,FGSG_00330;FGSG_00743;FGSG_00765;FGSG_01422;FGSG_02030;FGSG_02271;FGSG_02272;FGSG_02461;FGSG_02782;FGSG_03061;FGSG_03295;FGSG_03546;FGSG_03548;FGSG_03894;FGSG_03992;FGSG_04309;FGSG_04458;FGSG_04588;FGSG_04589;FGSG_04590;FGSG_04591;FGSG_04593;FGSG_05368;FGSG_05610;FGSG_05843;FGSG_06055;FGSG_06257;FGSG_06506;FGSG_07075;FGSG_07528;FGSG_08601;FGSG_08712;FGSG_08774;FGSG_09012;FGSG_09280;FGSG_09456;FGSG_09834;FGSG_10347;FGSG_10947;FGSG_11206;FGSG_12180;FGSG_13136,1,uncharacterized protein,,13.28472194202702,30,-2.0781423959403,3.9257673113334e-58,1,0.9266264252179744
FGSG_02814,49,0.4993404882638255,22.57229235320608,FGSG_00330;FGSG_00743;FGSG_00765;FGSG_01422;FGSG_02030;FGSG_02271;FGSG_02272;FGSG_02461;FGSG_02782;FGSG_03061;FGSG_03295;FGSG_03546;FGSG_03547;FGSG_03548;FGSG_03894;FGSG_03992;FGSG_04458;FGSG_04490;FGSG_04588;FGSG_04589;FGSG_04590;FGSG_04591;FGSG_04592;FGSG_04593;FGSG_04595;FGSG_04596;FGSG_04763;FGSG_05368;FGSG_05610;FGSG_05843;FGSG_06055;FGSG_06257;FGSG_07075;FGSG_07528;FGSG_08601;FGSG_08712;FGSG_08774;FGSG_09012;FGSG_09280;FGSG_09456;FGSG_09826;FGSG_09834;FGSG_10347;FGSG_10947;FGSG_11206;FGSG_12180;FGSG_12222;FGSG_12223;FGSG_13136,1,uncharacterized protein,GO:0046983,17.570569963165042,38,-1.60726071266413,7.06066630944325e-103,1,0.9261569416498994
FGSG_05294,31,0.4952910622193914,13.485834087011739,FGSG_00743;FGSG_00765;FGSG_01422;FGSG_01621;FGSG_02030;FGSG_02271;FGSG_02272;FGSG_02461;FGSG_02972;FGSG_03061;FGSG_03747;FGSG_03894;FGSG_04588;FGSG_04589;FGSG_04590;FGSG_04593;FGSG_05368;FGSG_05610;FGSG_08493;FGSG_08712;FGSG_08774;FGSG_09012;FGSG_10347;FGSG_10444;FGSG_10922;FGSG_10947;FGSG_11206;FGSG_12180;FGSG_12222;FGSG_12223;FGSG_13136,1,uncharacterized protein,,8.692665792238772,20,-2.93500562290276,4.93233459739103e-96,1,0.9246814218645205
FGSG_03033,39,0.4993656151675221,16.73942003863593,FGSG_00330;FGSG_00743;FGSG_00765;FGSG_01422;FGSG_02030;FGSG_02271;FGSG_02272;FGSG_02461;FGSG_02554;FGSG_02972;FGSG_03061;FGSG_03546;FGSG_03548;FGSG_03747;FGSG_03894;FGSG_03992;FGSG_04458;FGSG_04588;FGSG_04589;FGSG_04590;FGSG_04593;FGSG_05368;FGSG_05610;FGSG_06055;FGSG_08493;FGSG_08601;FGSG_08712;FGSG_08774;FGSG_09012;FGSG_09826;FGSG_09834;FGSG_10347;FGSG_10444;FGSG_10922;FGSG_10947;FGSG_11206;FGSG_12180;FGSG_12223;FGSG_13136,1,uncharacterized protein,GO:0016021;GO:0055085,12.019965150975946,28,-2.10516768237281,2.09180373555504e-49,1,0.9233400402414487
FGSG_06719,38,0.4835133984787418,16.681152389777175,FGSG_00043;FGSG_00044;FGSG_00048;FGSG_00330;FGSG_00743;FGSG_01346;FGSG_01422;FGSG_01947;FGSG_02272;FGSG_02461;FGSG_03061;FGSG_03546;FGSG_03547;FGSG_03548;FGSG_03894;FGSG_03992;FGSG_04458;FGSG_04490;FGSG_04589;FGSG_04590;FGSG_04591;FGSG_04592;FGSG_04595;FGSG_04596;FGSG_04763;FGSG_04852;FGSG_05610;FGSG_05926;FGSG_06055;FGSG_06257;FGSG_08601;FGSG_08712;FGSG_09012;FGSG_09280;FGSG_09456;FGSG_09826;FGSG_09834;FGSG_10347,1,uncharacterized protein,,14.947754565457737,34,-1.72913790066663,8.40049264301434e-66,1,0.9217974513749161
FGSG_00108,21,0.4772479984448872,9.184027176963273,FGSG_00330;FGSG_01422;FGSG_02272;FGSG_03061;FGSG_03546;FGSG_03547;FGSG_03548;FGSG_03894;FGSG_03992;FGSG_04458;FGSG_04589;FGSG_04590;FGSG_04591;FGSG_05610;FGSG_08601;FGSG_08712;FGSG_09012;FGSG_09280;FGSG_09456;FGSG_09834;FGSG_10347,1,uncharacterized protein,GO:0016021;GO:0055085,8.7560875629311,20,-2.6540318952294,2.56366697972387e-07,1,0.921327967806841
FGSG_08321,46,0.49795605183342584,20.748145159947473,FGSG_00330;FGSG_00743;FGSG_00765;FGSG_01422;FGSG_02030;FGSG_02271;FGSG_02272;FGSG_02461;FGSG_02782;FGSG_03061;FGSG_03295;FGSG_03546;FGSG_03547;FGSG_03548;FGSG_03894;FGSG_03992;FGSG_04458;FGSG_04588;FGSG_04589;FGSG_04590;FGSG_04591;FGSG_04592;FGSG_04593;FGSG_04763;FGSG_05368;FGSG_05610;FGSG_05843;FGSG_06055;FGSG_06257;FGSG_06506;FGSG_07075;FGSG_07528;FGSG_08601;FGSG_08712;FGSG_08774;FGSG_09012;FGSG_09280;FGSG_09456;FGSG_09826;FGSG_09834;FGSG_10347;FGSG_10947;FGSG_11206;FGSG_12180;FGSG_12223;FGSG_13136,1,uncharacterized protein,GO:0000981;GO:0005634;GO:0006357;GO:0008270,15.824012929642068,35,-1.66297712909852,4.94313681294382e-68,1,0.9210596914822267
FGSG_00878,42,0.4925163855564073,18.384811200908487,FGSG_00330;FGSG_00743;FGSG_01422;FGSG_02030;FGSG_02271;FGSG_02272;FGSG_02461;FGSG_03061;FGSG_03295;FGSG_03340;FGSG_03546;FGSG_03547;FGSG_03548;FGSG_03894;FGSG_03992;FGSG_04458;FGSG_04490;FGSG_04588;FGSG_04589;FGSG_04590;FGSG_04591;FGSG_04592;FGSG_04593;FGSG_04596;FGSG_05368;FGSG_05610;FGSG_05926;FGSG_06055;FGSG_07075;FGSG_07528;FGSG_08601;FGSG_08712;FGSG_08774;FGSG_09012;FGSG_09280;FGSG_09456;FGSG_09826;FGSG_09834;FGSG_10347;FGSG_10947;FGSG_12180;FGSG_12223,1,uncharacterized protein,,15.30375384100394,35,-1.70399127963225,2.56990326578773e-18,1,0.9210596914822267
FGSG_01814,20,0.4694015679828285,8.660419488841534,FGSG_02321;FGSG_02323;FGSG_02324;FGSG_02325;FGSG_02326;FGSG_02327;FGSG_02328;FGSG_02329;FGSG_02840;FGSG_02903;FGSG_03599;FGSG_03842;FGSG_05919;FGSG_08083;FGSG_08795;FGSG_09187;FGSG_10670;FGSG_11184;FGSG_11326;FGSG_13952,2,uncharacterized protein,GO:0016021;GO:0055085,7.812767828389141,18,4.82416602917433,6.47529076956261e-08,1,0.9206572769953052
FGSG_03306,31,0.4717809293167548,13.7475061829109,FGSG_00007;FGSG_01866;FGSG_02077;FGSG_02255;FGSG_02320;FGSG_02321;FGSG_02323;FGSG_02324;FGSG_02325;FGSG_02326;FGSG_02327;FGSG_02328;FGSG_02329;FGSG_02840;FGSG_02903;FGSG_03539;FGSG_03541;FGSG_03599;FGSG_03600;FGSG_03842;FGSG_03881;FGSG_05919;FGSG_08081;FGSG_08082;FGSG_08083;FGSG_08795;FGSG_09187;FGSG_10670;FGSG_11184;FGSG_11326;FGSG_13952,2,uncharacterized protein,GO:0016021;GO:0022857;GO:0055085,8.580384062006933,19,2.75587460206212,1.1236854221417301e-46,1,0.9195841716968478
FGSG_07921,34,0.4678230122288464,15.115616466643106,FGSG_00007;FGSG_01866;FGSG_02255;FGSG_02320;FGSG_02321;FGSG_02323;FGSG_02324;FGSG_02325;FGSG_02326;FGSG_02327;FGSG_02328;FGSG_02329;FGSG_02840;FGSG_02903;FGSG_03532;FGSG_03539;FGSG_03541;FGSG_03543;FGSG_03599;FGSG_03600;FGSG_03842;FGSG_03881;FGSG_05919;FGSG_08081;FGSG_08082;FGSG_08083;FGSG_08795;FGSG_09064;FGSG_09187;FGSG_10670;FGSG_11184;FGSG_11326;FGSG_12211;FGSG_13952,2,uncharacterized protein,GO:0000981;GO:0004553;GO:0005634;GO:0006357;GO:0008270;GO:0016052;GO:0030246,8.99288333292871,20,2.41792212037584,6.19123430611108e-72,1,0.9195171026156941
FGSG_04223,34,0.49220210121045305,15.04558608858013,FGSG_00330;FGSG_00500;FGSG_00743;FGSG_01422;FGSG_02030;FGSG_02271;FGSG_02272;FGSG_02461;FGSG_03061;FGSG_03295;FGSG_03546;FGSG_03547;FGSG_03548;FGSG_03894;FGSG_03992;FGSG_04458;FGSG_04589;FGSG_04590;FGSG_04591;FGSG_04595;FGSG_04763;FGSG_05610;FGSG_05843;FGSG_06055;FGSG_06257;FGSG_07075;FGSG_07528;FGSG_08601;FGSG_08712;FGSG_09012;FGSG_09280;FGSG_09456;FGSG_09834;FGSG_10347,1,aldehyde reductase 1,GO:0016491;GO:0055114,12.016285070978457,27,-1.94751681627339,6.64456295550388e-90,1,0.9184439973172367
FGSG_11270,36,0.4750382610625339,16.154685843166604,FGSG_00007;FGSG_01866;FGSG_02255;FGSG_02320;FGSG_02321;FGSG_02323;FGSG_02324;FGSG_02325;FGSG_02326;FGSG_02327;FGSG_02328;FGSG_02329;FGSG_02840;FGSG_02903;FGSG_03532;FGSG_03539;FGSG_03541;FGSG_03543;FGSG_03599;FGSG_03600;FGSG_03842;FGSG_03881;FGSG_05919;FGSG_07896;FGSG_08081;FGSG_08082;FGSG_08083;FGSG_08084;FGSG_08795;FGSG_09064;FGSG_09187;FGSG_10670;FGSG_11184;FGSG_11326;FGSG_12211;FGSG_13952,2,uncharacterized protein,GO:0004497;GO:0055114,8.964475455474174,20,2.38269105971568,1.0312651879396499e-135,1,0.9177062374245474
FGSG_13378,23,0.4651458502189547,9.974182975122444,FGSG_00330;FGSG_00743;FGSG_01422;FGSG_02272;FGSG_02461;FGSG_03061;FGSG_03546;FGSG_03547;FGSG_03548;FGSG_03894;FGSG_03992;FGSG_04458;FGSG_04589;FGSG_04590;FGSG_04591;FGSG_05610;FGSG_08601;FGSG_08712;FGSG_09012;FGSG_09280;FGSG_09456;FGSG_09834;FGSG_10347,1,uncharacterized protein,,8.718361236240536,20,-2.51282642207099,8.20889231490025e-09,1,0.9172367538564723
FGSG_05829,22,0.4703445855088344,9.585930451636138,FGSG_02077;FGSG_02321;FGSG_02323;FGSG_02324;FGSG_02325;FGSG_02326;FGSG_02327;FGSG_02328;FGSG_02329;FGSG_02840;FGSG_02903;FGSG_03599;FGSG_03600;FGSG_03842;FGSG_05919;FGSG_08083;FGSG_08795;FGSG_09187;FGSG_10670;FGSG_11184;FGSG_11326;FGSG_13952,2,uncharacterized protein,GO:0006508;GO:0008236,8.311245014069506,19,2.88558933604572,3.6084266587105596e-48,1,0.9166331321260898
FGSG_07263,29,0.4847527486493921,12.499788820494148,FGSG_00330;FGSG_00743;FGSG_01422;FGSG_02030;FGSG_02272;FGSG_02461;FGSG_02554;FGSG_03061;FGSG_03546;FGSG_03548;FGSG_03894;FGSG_03992;FGSG_04458;FGSG_04490;FGSG_04589;FGSG_04590;FGSG_04591;FGSG_04593;FGSG_05610;FGSG_06055;FGSG_08601;FGSG_08712;FGSG_08774;FGSG_09012;FGSG_09456;FGSG_09834;FGSG_10347;FGSG_12180;FGSG_12223,1,uncharacterized protein,GO:0004417;GO:0004789;GO:0009228;GO:0016310;GO:0016491;GO:0055114,9.933233816335251,23,-2.06903482531721,1.2157569546765e-17,1,0.9140845070422536
FGSG_02050,20,0.4706504810944625,8.582948854162325,FGSG_00330;FGSG_01422;FGSG_02271;FGSG_02272;FGSG_02461;FGSG_03061;FGSG_03295;FGSG_03546;FGSG_03548;FGSG_03992;FGSG_04458;FGSG_04590;FGSG_05610;FGSG_07075;FGSG_08601;FGSG_08712;FGSG_09280;FGSG_09456;FGSG_09834;FGSG_10347,1,uncharacterized protein,,7.344379568874701,17,-6.38241850447078,2.75173411352094e-09,1,0.9132796780684105
FGSG_01883,37,0.47979191198261933,15.992975251066886,FGSG_00043;FGSG_00044;FGSG_00047;FGSG_00048;FGSG_00330;FGSG_00743;FGSG_01346;FGSG_01422;FGSG_01947;FGSG_02272;FGSG_02461;FGSG_03061;FGSG_03546;FGSG_03547;FGSG_03548;FGSG_03894;FGSG_03992;FGSG_04458;FGSG_04490;FGSG_04589;FGSG_04590;FGSG_04591;FGSG_04596;FGSG_04763;FGSG_04852;FGSG_05610;FGSG_05926;FGSG_06055;FGSG_06257;FGSG_06702;FGSG_08601;FGSG_08712;FGSG_09012;FGSG_09280;FGSG_09456;FGSG_09834;FGSG_10347,1,uncharacterized protein,GO:0008324;GO:0016021;GO:0098655,13.909845065938985,32,-1.64867087026863,7.664657514618889e-42,1,0.913011401743796
FGSG_12607,24,0.487307886121232,10.410424371849281,FGSG_00175;FGSG_00743;FGSG_01422;FGSG_02030;FGSG_02271;FGSG_02272;FGSG_02461;FGSG_02782;FGSG_03061;FGSG_03295;FGSG_03548;FGSG_03894;FGSG_04458;FGSG_04590;FGSG_05610;FGSG_05843;FGSG_07075;FGSG_07528;FGSG_08712;FGSG_09012;FGSG_09456;FGSG_09834;FGSG_10347;FGSG_13136,1,uncharacterized protein,GO:0016021,7.44248041876794,17,-4.37915158725562,4.16063761456383e-203,1,0.912541918175721
FGSG_04950,32,0.49466235966847644,14.088281743373608,FGSG_00743;FGSG_00765;FGSG_01422;FGSG_01621;FGSG_02030;FGSG_02271;FGSG_02272;FGSG_02461;FGSG_03061;FGSG_03894;FGSG_04309;FGSG_04458;FGSG_04588;FGSG_04589;FGSG_04590;FGSG_04593;FGSG_05368;FGSG_05610;FGSG_07075;FGSG_07528;FGSG_08493;FGSG_08712;FGSG_08774;FGSG_09012;FGSG_09456;FGSG_09834;FGSG_10347;FGSG_10922;FGSG_10947;FGSG_11206;FGSG_12180;FGSG_13136,1,uncharacterized protein,,9.218548949864015,21,-2.13444358829365,1.47957348580003e-68,1,0.9117370892018779
FGSG_02522,45,0.5021178354844014,19.722670182518666,FGSG_00330;FGSG_00743;FGSG_00765;FGSG_01422;FGSG_01621;FGSG_02030;FGSG_02271;FGSG_02272;FGSG_02461;FGSG_02554;FGSG_02972;FGSG_03061;FGSG_03340;FGSG_03546;FGSG_03548;FGSG_03747;FGSG_03894;FGSG_03992;FGSG_04458;FGSG_04588;FGSG_04589;FGSG_04590;FGSG_04591;FGSG_04592;FGSG_04593;FGSG_05368;FGSG_05610;FGSG_07075;FGSG_08493;FGSG_08601;FGSG_08712;FGSG_08774;FGSG_09012;FGSG_09456;FGSG_09826;FGSG_09834;FGSG_10347;FGSG_10444;FGSG_10922;FGSG_10947;FGSG_11206;FGSG_12180;FGSG_12222;FGSG_12223;FGSG_13136,1,SUR2 protein,GO:0000170;GO:0005506;GO:0005789;GO:0006633;GO:0006665;GO:0016021;GO:0055114,14.403657542143234,33,-1.58762117439898,1.1834457703462299e-40,1,0.9116700201207244
FGSG_05928,21,0.46188288374607667,9.016432169710374,FGSG_00330;FGSG_01422;FGSG_02271;FGSG_02272;FGSG_02461;FGSG_03061;FGSG_03295;FGSG_03546;FGSG_03548;FGSG_03894;FGSG_03992;FGSG_04458;FGSG_04590;FGSG_05610;FGSG_07075;FGSG_07528;FGSG_08712;FGSG_09012;FGSG_09456;FGSG_09834;FGSG_10347,1,uncharacterized protein,GO:0016021,7.736541677890679,18,-3.69130962736449,5.140659738232959e-40,1,0.9110663983903421
FGSG_07085,53,0.5041778137440777,24.274889043314577,FGSG_00330;FGSG_00743;FGSG_00765;FGSG_01422;FGSG_01621;FGSG_02030;FGSG_02271;FGSG_02272;FGSG_02461;FGSG_02554;FGSG_02782;FGSG_03061;FGSG_03295;FGSG_03340;FGSG_03546;FGSG_03547;FGSG_03548;FGSG_03747;FGSG_03894;FGSG_03992;FGSG_04458;FGSG_04490;FGSG_04588;FGSG_04589;FGSG_04590;FGSG_04591;FGSG_04592;FGSG_04593;FGSG_04596;FGSG_04763;FGSG_05368;FGSG_05610;FGSG_06055;FGSG_06257;FGSG_07075;FGSG_07528;FGSG_08493;FGSG_08601;FGSG_08712;FGSG_08774;FGSG_09012;FGSG_09280;FGSG_09456;FGSG_09826;FGSG_09834;FGSG_10347;FGSG_10922;FGSG_10947;FGSG_11206;FGSG_12180;FGSG_12222;FGSG_12223;FGSG_13136,1,uncharacterized protein,,18.36226868927729,40,-1.30130527061897,7.43864984620029e-50,1,0.9105298457411133
FGSG_09054,35,0.4803230103496369,15.172054294032256,FGSG_00330;FGSG_00743;FGSG_01422;FGSG_02030;FGSG_02272;FGSG_02461;FGSG_03061;FGSG_03546;FGSG_03547;FGSG_03548;FGSG_03894;FGSG_03992;FGSG_04458;FGSG_04490;FGSG_04589;FGSG_04590;FGSG_04591;FGSG_04593;FGSG_04596;FGSG_04763;FGSG_05610;FGSG_06055;FGSG_07075;FGSG_08601;FGSG_08712;FGSG_08774;FGSG_09012;FGSG_09280;FGSG_09456;FGSG_09826;FGSG_09834;FGSG_10347;FGSG_10947;FGSG_12180;FGSG_12223,1,uncharacterized protein,GO:0004497;GO:0055114,12.583646754414632,29,-1.70042838832986,3.06945786698711e-07,1,0.9105298457411133
FGSG_06468,28,0.46982152857355153,12.059915757791941,FGSG_00007;FGSG_01866;FGSG_02255;FGSG_02321;FGSG_02323;FGSG_02324;FGSG_02325;FGSG_02326;FGSG_02327;FGSG_02328;FGSG_02329;FGSG_02840;FGSG_02903;FGSG_03539;FGSG_03541;FGSG_03599;FGSG_03600;FGSG_03842;FGSG_03881;FGSG_05919;FGSG_08081;FGSG_08082;FGSG_08083;FGSG_08795;FGSG_09187;FGSG_11184;FGSG_11326;FGSG_13952,2,uncharacterized protein,GO:0016021;GO:0055085,7.8669798117895775,18,3.14129380555698,4.79167743832581e-14,1,0.9095908786049631
FGSG_10962,24,0.4913449034323741,10.542644227104825,FGSG_00743;FGSG_01422;FGSG_02030;FGSG_02271;FGSG_02272;FGSG_02461;FGSG_02782;FGSG_03061;FGSG_03295;FGSG_03894;FGSG_03992;FGSG_04458;FGSG_04590;FGSG_05610;FGSG_06506;FGSG_07075;FGSG_07528;FGSG_08712;FGSG_08774;FGSG_09012;FGSG_09456;FGSG_09834;FGSG_10347;FGSG_13136,1,uncharacterized protein,,7.505498125454118,17,-3.73340138820241,1.79414619935088e-129,1,0.9095908786049631
FGSG_13514,28,0.472997661338197,12.190646401916695,FGSG_00007;FGSG_01866;FGSG_02255;FGSG_02320;FGSG_02321;FGSG_02323;FGSG_02324;FGSG_02325;FGSG_02326;FGSG_02327;FGSG_02328;FGSG_02329;FGSG_02840;FGSG_02903;FGSG_03541;FGSG_03599;FGSG_03600;FGSG_03842;FGSG_03881;FGSG_05919;FGSG_08082;FGSG_08083;FGSG_08795;FGSG_09187;FGSG_10670;FGSG_11184;FGSG_11326;FGSG_13952,2,uncharacterized protein,,8.43260780418897,19,2.3900059651907,7.38727670624273e-54,1,0.9095238095238096
FGSG_08448,38,0.499649282714527,16.867680648116448,FGSG_00330;FGSG_00743;FGSG_00765;FGSG_01422;FGSG_02030;FGSG_02271;FGSG_02272;FGSG_02461;FGSG_02782;FGSG_03061;FGSG_03295;FGSG_03546;FGSG_03548;FGSG_03894;FGSG_03992;FGSG_04458;FGSG_04588;FGSG_04589;FGSG_04590;FGSG_04591;FGSG_04593;FGSG_05610;FGSG_06055;FGSG_06257;FGSG_07075;FGSG_07528;FGSG_08601;FGSG_08712;FGSG_08774;FGSG_09012;FGSG_09280;FGSG_09456;FGSG_09834;FGSG_10347;FGSG_10947;FGSG_11206;FGSG_12180;FGSG_13136,1,uncharacterized protein,GO:0016874,12.473941061408027,28,-1.68508498567884,2.98739072107936e-96,1,0.9092555331991952
FGSG_04696,22,0.4698362734611304,9.560183432442944,FGSG_02321;FGSG_02323;FGSG_02324;FGSG_02325;FGSG_02326;FGSG_02327;FGSG_02328;FGSG_02329;FGSG_02840;FGSG_02903;FGSG_03599;FGSG_03600;FGSG_03842;FGSG_05919;FGSG_08082;FGSG_08083;FGSG_08795;FGSG_09187;FGSG_10670;FGSG_11184;FGSG_11326;FGSG_13952,2,uncharacterized protein,GO:0016021,8.289320354597686,19,2.48654274265382,4.55696259301395e-32,1,0.9083165660630449
FGSG_11205,34,0.4844033634812022,14.85126763603969,FGSG_00330;FGSG_00743;FGSG_01422;FGSG_02030;FGSG_02271;FGSG_02272;FGSG_02461;FGSG_02782;FGSG_03061;FGSG_03295;FGSG_03546;FGSG_03548;FGSG_03894;FGSG_03992;FGSG_04458;FGSG_04588;FGSG_04590;FGSG_04593;FGSG_05368;FGSG_05610;FGSG_05843;FGSG_06506;FGSG_07075;FGSG_07528;FGSG_08601;FGSG_08712;FGSG_08774;FGSG_09012;FGSG_09280;FGSG_09456;FGSG_09834;FGSG_10347;FGSG_10947;FGSG_13136,1,uncharacterized protein,,10.922721479585903,25,-1.75373596651263,1.56065628097861e-37,1,0.907981220657277
FGSG_04694,23,0.4787746783387218,9.992832275360888,FGSG_00043;FGSG_00044;FGSG_00330;FGSG_01346;FGSG_01422;FGSG_01947;FGSG_02272;FGSG_03061;FGSG_03546;FGSG_03547;FGSG_03548;FGSG_03992;FGSG_04458;FGSG_04589;FGSG_04590;FGSG_04591;FGSG_05610;FGSG_08601;FGSG_08712;FGSG_09280;FGSG_09456;FGSG_09834;FGSG_10347,1,uncharacterized protein,GO:0016491;GO:0016740;GO:0031177;GO:0055114,9.168074296432346,21,-2.00508419187342,2.7856228742422197e-36,1,0.9078470824949698
FGSG_05683,38,0.4990304215930862,16.390136330552924,FGSG_00330;FGSG_00743;FGSG_00765;FGSG_01422;FGSG_02030;FGSG_02272;FGSG_02461;FGSG_02554;FGSG_02972;FGSG_03061;FGSG_03340;FGSG_03546;FGSG_03548;FGSG_03747;FGSG_03894;FGSG_04458;FGSG_04588;FGSG_04589;FGSG_04590;FGSG_04591;FGSG_04592;FGSG_04593;FGSG_05368;FGSG_05610;FGSG_08493;FGSG_08601;FGSG_08712;FGSG_08774;FGSG_09012;FGSG_09826;FGSG_09834;FGSG_10347;FGSG_10444;FGSG_10922;FGSG_10947;FGSG_12180;FGSG_12222;FGSG_12223,1,uncharacterized protein,GO:0004499;GO:0050660;GO:0050661;GO:0055114,12.062313992424533,28,-1.66365303534438,6.055440577462971e-19,1,0.9073105298457411
FGSG_09693,20,0.46447713864169465,8.594240330850438,FGSG_00330;FGSG_00743;FGSG_01422;FGSG_02272;FGSG_03061;FGSG_03546;FGSG_03547;FGSG_03548;FGSG_03894;FGSG_03992;FGSG_04458;FGSG_04589;FGSG_05610;FGSG_08601;FGSG_08712;FGSG_09012;FGSG_09456;FGSG_09834;FGSG_10347;FGSG_12180,1,uncharacterized protein,GO:0004930;GO:0007166;GO:0007186;GO:0016021,7.755438600302958,18,-3.3265821423701,0.0003674591569744,1,0.9071763916834339
FGSG_10655,19,0.4710546574137929,8.14879569449987,FGSG_00330;FGSG_01422;FGSG_02271;FGSG_02272;FGSG_03061;FGSG_03295;FGSG_03546;FGSG_03548;FGSG_03992;FGSG_04458;FGSG_04590;FGSG_05610;FGSG_07075;FGSG_08601;FGSG_08712;FGSG_09280;FGSG_09456;FGSG_09834;FGSG_10347,1,uncharacterized protein,GO:0016021;GO:0016491;GO:0055114,7.314046644519635,17,-4.56919577523869,1.14768395758207e-28,1,0.9067739771965124
FGSG_03821,31,0.4714143163815564,13.523574198715373,FGSG_00007;FGSG_01866;FGSG_02077;FGSG_02255;FGSG_02320;FGSG_02321;FGSG_02323;FGSG_02324;FGSG_02325;FGSG_02326;FGSG_02327;FGSG_02328;FGSG_02329;FGSG_02840;FGSG_02903;FGSG_03539;FGSG_03541;FGSG_03599;FGSG_03600;FGSG_03842;FGSG_03881;FGSG_05919;FGSG_08081;FGSG_08082;FGSG_08083;FGSG_08795;FGSG_09187;FGSG_10670;FGSG_11184;FGSG_11326;FGSG_13952,2,uncharacterized protein,GO:0008168;GO:0032259,8.464581042989849,19,2.2683348513366,3.08267229020919e-25,1,0.9066398390342052
FGSG_05166,22,0.4776363042804892,9.645248842184317,FGSG_00330;FGSG_00743;FGSG_01422;FGSG_02272;FGSG_02461;FGSG_03061;FGSG_03546;FGSG_03548;FGSG_03894;FGSG_03992;FGSG_04458;FGSG_04589;FGSG_04590;FGSG_04593;FGSG_05610;FGSG_08601;FGSG_08712;FGSG_08774;FGSG_09012;FGSG_09456;FGSG_09834;FGSG_10347,1,uncharacterized protein,,7.880411968520111,18,-2.81713081236614,0.0002247992231938,1,0.905700871898055
FGSG_11379,24,0.47340708472872955,10.151493346405497,FGSG_00330;FGSG_00743;FGSG_01422;FGSG_02272;FGSG_02461;FGSG_02554;FGSG_03061;FGSG_03340;FGSG_03546;FGSG_03548;FGSG_03894;FGSG_04458;FGSG_04589;FGSG_04592;FGSG_05610;FGSG_08601;FGSG_08712;FGSG_08774;FGSG_09012;FGSG_09826;FGSG_09834;FGSG_10347;FGSG_10922;FGSG_12180,1,uncharacterized protein,,8.060008273615729,19,-2.5916265017851,3.52925483023609e-08,1,0.9054325955734406
FGSG_03288,22,0.49295605227135436,9.641000565848152,FGSG_00330;FGSG_00743;FGSG_01422;FGSG_02271;FGSG_02272;FGSG_02461;FGSG_03061;FGSG_03546;FGSG_03548;FGSG_03894;FGSG_03992;FGSG_04458;FGSG_04590;FGSG_05610;FGSG_07075;FGSG_07528;FGSG_08712;FGSG_09012;FGSG_09456;FGSG_09834;FGSG_10347;FGSG_13136,1,uncharacterized protein,GO:0004553;GO:0005975;GO:0016021,8.2981155943091,19,-2.36541549529682,3.54668563769456e-80,1,0.9050972501676727
FGSG_03638,33,0.4728151780967738,14.869094354596834,FGSG_00007;FGSG_01866;FGSG_02255;FGSG_02320;FGSG_02321;FGSG_02323;FGSG_02324;FGSG_02325;FGSG_02326;FGSG_02327;FGSG_02328;FGSG_02329;FGSG_02840;FGSG_02903;FGSG_03532;FGSG_03539;FGSG_03541;FGSG_03543;FGSG_03599;FGSG_03600;FGSG_03842;FGSG_03881;FGSG_05919;FGSG_08081;FGSG_08082;FGSG_08083;FGSG_08795;FGSG_09064;FGSG_09187;FGSG_10670;FGSG_11184;FGSG_11326;FGSG_13952,2,uncharacterized protein,GO:0016614;GO:0050660;GO:0055114,8.642053363486822,19,2.1612789708573,6.91577359972124e-67,1,0.9050301810865191
FGSG_10202,51,0.4970771582123552,23.235163817651394,FGSG_00330;FGSG_00743;FGSG_00765;FGSG_01422;FGSG_01621;FGSG_02030;FGSG_02271;FGSG_02272;FGSG_02461;FGSG_02782;FGSG_03061;FGSG_03295;FGSG_03340;FGSG_03546;FGSG_03547;FGSG_03548;FGSG_03894;FGSG_03992;FGSG_04458;FGSG_04588;FGSG_04589;FGSG_04590;FGSG_04591;FGSG_04592;FGSG_04593;FGSG_04596;FGSG_04763;FGSG_05368;FGSG_05610;FGSG_05843;FGSG_06055;FGSG_06257;FGSG_06506;FGSG_07075;FGSG_07528;FGSG_08601;FGSG_08712;FGSG_08774;FGSG_09012;FGSG_09280;FGSG_09456;FGSG_09826;FGSG_09834;FGSG_10347;FGSG_10922;FGSG_10947;FGSG_11206;FGSG_12180;FGSG_12222;FGSG_12223;FGSG_13136,1,uncharacterized protein,GO:0005829;GO:0008270;GO:0071243,17.781735858261513,39,-1.28005266767901,2.07223373774842e-34,1,0.9048289738430584
FGSG_03180,48,0.49496347428712256,21.45397131572678,FGSG_00330;FGSG_00743;FGSG_01422;FGSG_02030;FGSG_02271;FGSG_02272;FGSG_02461;FGSG_02554;FGSG_02972;FGSG_03061;FGSG_03340;FGSG_03546;FGSG_03547;FGSG_03548;FGSG_03747;FGSG_03894;FGSG_03992;FGSG_04458;FGSG_04490;FGSG_04588;FGSG_04589;FGSG_04590;FGSG_04591;FGSG_04592;FGSG_04593;FGSG_04596;FGSG_04763;FGSG_05368;FGSG_05610;FGSG_05926;FGSG_06055;FGSG_07075;FGSG_08493;FGSG_08601;FGSG_08712;FGSG_08774;FGSG_09012;FGSG_09280;FGSG_09456;FGSG_09826;FGSG_09834;FGSG_10347;FGSG_10444;FGSG_10922;FGSG_10947;FGSG_12180;FGSG_12222;FGSG_12223,1,peroxiredoxin 1,GO:0051920;GO:0055114;GO:0098869,17.43419328438236,39,-1.29249716201084,2.76492347855957e-78,1,0.9038900067069081
FGSG_04788,22,0.47686061850875155,9.581752150220446,FGSG_00330;FGSG_01422;FGSG_02271;FGSG_02272;FGSG_02461;FGSG_03061;FGSG_03295;FGSG_03546;FGSG_03548;FGSG_03894;FGSG_03992;FGSG_04458;FGSG_04590;FGSG_05610;FGSG_07075;FGSG_08601;FGSG_08712;FGSG_09012;FGSG_09280;FGSG_09456;FGSG_09834;FGSG_10347,1,uncharacterized protein,,8.322381294831304,19,-2.24771423362887,4.9763509648129297e-29,1,0.9022803487592219
FGSG_13382,22,0.4822211912096739,9.654686607075659,FGSG_00330;FGSG_00743;FGSG_01422;FGSG_02271;FGSG_02272;FGSG_02461;FGSG_03061;FGSG_03546;FGSG_03548;FGSG_03894;FGSG_03992;FGSG_04458;FGSG_04590;FGSG_05610;FGSG_07075;FGSG_08601;FGSG_08712;FGSG_08774;FGSG_09012;FGSG_09456;FGSG_09834;FGSG_10347,1,uncharacterized protein,GO:0016021;GO:0055085,7.907189988661607,18,-2.520279434331,3.58710689784349e-05,1,0.901810865191147
FGSG_13615,34,0.4934090321201889,14.872430735237451,FGSG_00743;FGSG_00765;FGSG_01422;FGSG_01621;FGSG_02030;FGSG_02271;FGSG_02272;FGSG_02461;FGSG_02782;FGSG_03061;FGSG_03894;FGSG_04309;FGSG_04458;FGSG_04588;FGSG_04589;FGSG_04590;FGSG_04593;FGSG_05368;FGSG_05610;FGSG_06506;FGSG_07075;FGSG_07528;FGSG_08712;FGSG_08774;FGSG_09012;FGSG_09456;FGSG_09834;FGSG_10347;FGSG_10922;FGSG_10947;FGSG_11206;FGSG_12180;FGSG_12223;FGSG_13136,1,uncharacterized protein,,10.055968327485438,23,-1.70684846352288,1.03191120625e-31,1,0.9018108651911468
FGSG_02738,44,0.5017237537299707,19.6755817525293,FGSG_00330;FGSG_00743;FGSG_00765;FGSG_01422;FGSG_01621;FGSG_02030;FGSG_02271;FGSG_02272;FGSG_02461;FGSG_03061;FGSG_03295;FGSG_03546;FGSG_03548;FGSG_03894;FGSG_03992;FGSG_04309;FGSG_04458;FGSG_04588;FGSG_04589;FGSG_04590;FGSG_04591;FGSG_04593;FGSG_05368;FGSG_05610;FGSG_06055;FGSG_07075;FGSG_07528;FGSG_08493;FGSG_08601;FGSG_08712;FGSG_08774;FGSG_09012;FGSG_09280;FGSG_09456;FGSG_09826;FGSG_09834;FGSG_10347;FGSG_10922;FGSG_10947;FGSG_11206;FGSG_12180;FGSG_12222;FGSG_12223;FGSG_13136,1,uncharacterized protein,,14.300052678202134,32,-1.46802624621551,7.4216864383151e-85,1,0.9018108651911468
FGSG_11670,18,0.4682811306624361,7.776008381334801,FGSG_00330;FGSG_01422;FGSG_02272;FGSG_03061;FGSG_03546;FGSG_03547;FGSG_03548;FGSG_03992;FGSG_04458;FGSG_04590;FGSG_04591;FGSG_05610;FGSG_07075;FGSG_08601;FGSG_09280;FGSG_09456;FGSG_09834;FGSG_10347,1,uncharacterized protein,GO:0005634;GO:0005829,7.365449956122975,17,-3.51702654160681,1.1059442575896401e-09,1,0.9015425888665325
FGSG_10991,20,0.4754371677995601,8.741522611303461,FGSG_00330;FGSG_00743;FGSG_01422;FGSG_02272;FGSG_02461;FGSG_03061;FGSG_03546;FGSG_03548;FGSG_03894;FGSG_04458;FGSG_04589;FGSG_04590;FGSG_05610;FGSG_08601;FGSG_08712;FGSG_08774;FGSG_09012;FGSG_09456;FGSG_09834;FGSG_10347,1,uncharacterized protein,GO:0004497;GO:0005506;GO:0016021;GO:0016705;GO:0020037;GO:0055114,6.983541262095619,16,-4.41624331662176,0.0003159986036211,1,0.9010731052984574
FGSG_11474,29,0.4737198396600717,12.752500032645626,FGSG_00007;FGSG_01866;FGSG_02255;FGSG_02321;FGSG_02323;FGSG_02324;FGSG_02325;FGSG_02326;FGSG_02327;FGSG_02328;FGSG_02329;FGSG_02840;FGSG_02903;FGSG_03539;FGSG_03541;FGSG_03599;FGSG_03600;FGSG_03842;FGSG_03881;FGSG_05919;FGSG_08081;FGSG_08082;FGSG_08083;FGSG_08795;FGSG_09187;FGSG_10670;FGSG_11184;FGSG_11326;FGSG_13952,2,uncharacterized protein,,8.502163591434435,19,2.07106646677348,1.9749294888124098e-99,1,0.9009389671361503
FGSG_05348,32,0.4679505611077337,14.070087917607495,FGSG_00007;FGSG_01866;FGSG_02255;FGSG_02321;FGSG_02323;FGSG_02324;FGSG_02325;FGSG_02326;FGSG_02327;FGSG_02328;FGSG_02329;FGSG_02840;FGSG_02903;FGSG_03532;FGSG_03539;FGSG_03541;FGSG_03543;FGSG_03599;FGSG_03600;FGSG_03842;FGSG_03881;FGSG_05919;FGSG_07896;FGSG_08081;FGSG_08082;FGSG_08083;FGSG_08795;FGSG_09187;FGSG_10670;FGSG_11184;FGSG_11326;FGSG_13952,2,uncharacterized protein,GO:0016021,8.362285216130545,19,2.17163159122477,4.0634567507252303e-91,1,0.900670690811536
FGSG_10803,19,0.4591018386272414,8.177743147091737,FGSG_00330;FGSG_00743;FGSG_01422;FGSG_02272;FGSG_03061;FGSG_03546;FGSG_03548;FGSG_03894;FGSG_03992;FGSG_04458;FGSG_04589;FGSG_05610;FGSG_08601;FGSG_08712;FGSG_09012;FGSG_09456;FGSG_09834;FGSG_10347;FGSG_12180,1,uncharacterized protein,,7.330418026045041,17,-3.509066907591,2.29950763198397e-09,1,0.9004024144869215
FGSG_12204,20,0.47115269130543064,8.612934125235073,FGSG_00330;FGSG_00743;FGSG_01422;FGSG_02271;FGSG_02272;FGSG_02461;FGSG_03061;FGSG_03546;FGSG_03548;FGSG_03894;FGSG_04458;FGSG_04590;FGSG_05610;FGSG_07075;FGSG_08601;FGSG_08712;FGSG_09012;FGSG_09456;FGSG_09834;FGSG_10347,1,uncharacterized protein,GO:0016021;GO:0055085,7.3210260083252985,17,-3.56379805723525,4.81656414351879e-07,1,0.9003353454057679
FGSG_06560,50,0.4967686857874771,22.749865957913393,FGSG_00330;FGSG_00743;FGSG_01422;FGSG_01947;FGSG_02030;FGSG_02271;FGSG_02272;FGSG_02461;FGSG_02782;FGSG_03061;FGSG_03295;FGSG_03340;FGSG_03546;FGSG_03547;FGSG_03548;FGSG_03894;FGSG_03992;FGSG_04458;FGSG_04490;FGSG_04588;FGSG_04589;FGSG_04590;FGSG_04591;FGSG_04592;FGSG_04593;FGSG_04595;FGSG_04596;FGSG_04763;FGSG_05368;FGSG_05610;FGSG_05843;FGSG_06055;FGSG_06257;FGSG_07075;FGSG_07528;FGSG_08601;FGSG_08712;FGSG_08774;FGSG_09012;FGSG_09280;FGSG_09456;FGSG_09826;FGSG_09834;FGSG_10347;FGSG_10947;FGSG_11206;FGSG_12180;FGSG_12222;FGSG_12223;FGSG_13136,1,methionine aminopeptidase 2B,GO:0005829;GO:0006508;GO:0046872;GO:0070006;GO:0070084,18.24704082158139,40,-1.19451402426261,3.1915235595104797e-40,1,0.899195171026157
FGSG_04728,26,0.4636510694703825,11.304598600280158,FGSG_01866;FGSG_02077;FGSG_02255;FGSG_02320;FGSG_02321;FGSG_02323;FGSG_02324;FGSG_02325;FGSG_02326;FGSG_02327;FGSG_02328;FGSG_02329;FGSG_02840;FGSG_02903;FGSG_03574;FGSG_03600;FGSG_03842;FGSG_03881;FGSG_05919;FGSG_08083;FGSG_08795;FGSG_09187;FGSG_10670;FGSG_11184;FGSG_11326;FGSG_13952,2,uncharacterized protein,GO:0016614;GO:0050660;GO:0055114,7.890074511555377,18,2.45148882500721,1.46639183168414e-27,1,0.8987927565392353
FGSG_11285,22,0.46883003902711956,9.529365687335112,FGSG_02321;FGSG_02323;FGSG_02324;FGSG_02325;FGSG_02326;FGSG_02327;FGSG_02328;FGSG_02329;FGSG_02840;FGSG_02903;FGSG_03599;FGSG_03600;FGSG_03842;FGSG_05919;FGSG_08082;FGSG_08083;FGSG_08795;FGSG_09187;FGSG_10670;FGSG_11184;FGSG_11326;FGSG_13952,2,uncharacterized protein,GO:0016021,8.261013412866816,19,2.23154059404156,1.01555171144633e-80,1,0.8987256874580819
FGSG_09039,26,0.47279536987420784,11.114457305117961,FGSG_00043;FGSG_00044;FGSG_00048;FGSG_00330;FGSG_01422;FGSG_01947;FGSG_02272;FGSG_03061;FGSG_03546;FGSG_03547;FGSG_03548;FGSG_03894;FGSG_03992;FGSG_04458;FGSG_04589;FGSG_04591;FGSG_05610;FGSG_05926;FGSG_08601;FGSG_08712;FGSG_09012;FGSG_09280;FGSG_09456;FGSG_09834;FGSG_10347;FGSG_11658,1,N amino acid transport system protein,GO:0016021,10.294963148053906,24,-1.62592138980945,1.2772728427793001e-45,1,0.8982562038900068
FGSG_04971,34,0.46347269809298797,14.99206110273155,FGSG_00007;FGSG_01866;FGSG_02255;FGSG_02320;FGSG_02321;FGSG_02323;FGSG_02324;FGSG_02325;FGSG_02326;FGSG_02327;FGSG_02328;FGSG_02329;FGSG_02840;FGSG_02903;FGSG_03532;FGSG_03539;FGSG_03541;FGSG_03543;FGSG_03600;FGSG_03842;FGSG_03881;FGSG_07896;FGSG_08081;FGSG_08082;FGSG_08083;FGSG_08084;FGSG_08795;FGSG_09064;FGSG_09187;FGSG_10670;FGSG_11184;FGSG_11326;FGSG_12211;FGSG_13952,2,uncharacterized protein,,7.949378871153384,18,2.3471642494607,8.75945597587799e-42,1,0.8978537894030851
FGSG_02314,25,0.45663835243149686,10.690288885122193,FGSG_01866;FGSG_02077;FGSG_02255;FGSG_02320;FGSG_02321;FGSG_02323;FGSG_02324;FGSG_02325;FGSG_02326;FGSG_02327;FGSG_02328;FGSG_02329;FGSG_02840;FGSG_02903;FGSG_03574;FGSG_03842;FGSG_03881;FGSG_05919;FGSG_08083;FGSG_08795;FGSG_09187;FGSG_10670;FGSG_11326;FGSG_12211;FGSG_13952,2,uncharacterized protein,GO:0000272;GO:0004185;GO:0005576;GO:0006508;GO:0052761,7.308589027986876,17,3.44858082529038,1.91360097126303e-64,1,0.8977867203219316
FGSG_03283,22,0.486134310850105,9.584670287901217,FGSG_00330;FGSG_00743;FGSG_01422;FGSG_02271;FGSG_02272;FGSG_02461;FGSG_03061;FGSG_03546;FGSG_03548;FGSG_03894;FGSG_03992;FGSG_04458;FGSG_04590;FGSG_05610;FGSG_07075;FGSG_07528;FGSG_08712;FGSG_09012;FGSG_09456;FGSG_09834;FGSG_10347;FGSG_13136,1,uncharacterized protein,GO:0016020,8.263184405770119,19,-2.19422329140678,1.57112224153304e-18,1,0.897719651240778
FGSG_08760,30,0.49521922757462367,13.083553088417473,FGSG_00175;FGSG_00330;FGSG_00743;FGSG_01422;FGSG_02030;FGSG_02271;FGSG_02272;FGSG_02461;FGSG_02782;FGSG_03061;FGSG_03295;FGSG_03548;FGSG_03894;FGSG_03992;FGSG_04458;FGSG_04590;FGSG_05610;FGSG_05843;FGSG_06055;FGSG_06257;FGSG_07075;FGSG_07528;FGSG_08712;FGSG_08774;FGSG_09012;FGSG_09280;FGSG_09456;FGSG_09834;FGSG_10347;FGSG_13136,1,cytochrome c oxidase assembly protein COX15,GO:0005739;GO:0006784;GO:0016021;GO:0016627;GO:0055114,9.632714596382137,22,-1.65743646747002,2.7805960780312298e-56,1,0.896914822266935
FGSG_05128,24,0.4874127302525338,10.726183646536565,FGSG_00330;FGSG_00743;FGSG_01422;FGSG_02271;FGSG_02272;FGSG_02461;FGSG_03061;FGSG_03295;FGSG_03546;FGSG_03548;FGSG_03894;FGSG_03992;FGSG_04458;FGSG_04590;FGSG_05610;FGSG_07075;FGSG_07528;FGSG_08601;FGSG_08712;FGSG_09012;FGSG_09280;FGSG_09456;FGSG_09834;FGSG_10347,1,uncharacterized protein,GO:0008152;GO:0016829,8.9817349373497,20,-1.75205075234544,2.77137273211699e-30,1,0.8968477531857812
FGSG_07720,18,0.47215385484816585,7.748222868603832,FGSG_00330;FGSG_00743;FGSG_01422;FGSG_02272;FGSG_03061;FGSG_03546;FGSG_03547;FGSG_03548;FGSG_03894;FGSG_03992;FGSG_04458;FGSG_04589;FGSG_04591;FGSG_05610;FGSG_08601;FGSG_08712;FGSG_09834;FGSG_10347,1,uncharacterized protein,GO:0005215;GO:0016021;GO:0055085,6.916596781609877,16,-4.20833344903238,2.24551409527709e-17,1,0.8961099932930918
FGSG_04182,52,0.4924231672463764,24.035230232477666,FGSG_00043;FGSG_00330;FGSG_00743;FGSG_01346;FGSG_01422;FGSG_01947;FGSG_02030;FGSG_02271;FGSG_02272;FGSG_02461;FGSG_02554;FGSG_03061;FGSG_03295;FGSG_03340;FGSG_03546;FGSG_03547;FGSG_03548;FGSG_03894;FGSG_03992;FGSG_04458;FGSG_04490;FGSG_04588;FGSG_04589;FGSG_04590;FGSG_04591;FGSG_04592;FGSG_04593;FGSG_04595;FGSG_04596;FGSG_04763;FGSG_05368;FGSG_05610;FGSG_05843;FGSG_05926;FGSG_06055;FGSG_06257;FGSG_06702;FGSG_07075;FGSG_07528;FGSG_08601;FGSG_08712;FGSG_08774;FGSG_09012;FGSG_09280;FGSG_09456;FGSG_09826;FGSG_09834;FGSG_10347;FGSG_10947;FGSG_12180;FGSG_12223;FGSG_13136,1,uncharacterized protein,GO:0003333;GO:0015171;GO:0016021,19.080894277091993,41,-1.13559015933635,1.34543078679561e-37,1,0.8960429242119383
FGSG_02274,20,0.4557301690062512,8.712035300745175,FGSG_00330;FGSG_00743;FGSG_01422;FGSG_02272;FGSG_02461;FGSG_03061;FGSG_03546;FGSG_03548;FGSG_03894;FGSG_03992;FGSG_04458;FGSG_04589;FGSG_04590;FGSG_05610;FGSG_08601;FGSG_08712;FGSG_09012;FGSG_09456;FGSG_09834;FGSG_10347,1,uncharacterized protein,GO:0016021,7.429620695465734,17,-2.84310919334786,3.92175054778518e-05,1,0.8949027498323274
FGSG_10008,38,0.4858421755704119,16.658309881521816,FGSG_00330;FGSG_00743;FGSG_01422;FGSG_02030;FGSG_02272;FGSG_02461;FGSG_02554;FGSG_02972;FGSG_03061;FGSG_03340;FGSG_03546;FGSG_03547;FGSG_03548;FGSG_03894;FGSG_03992;FGSG_04458;FGSG_04490;FGSG_04589;FGSG_04590;FGSG_04591;FGSG_04592;FGSG_04593;FGSG_04596;FGSG_05610;FGSG_05926;FGSG_06055;FGSG_08601;FGSG_08712;FGSG_08774;FGSG_09012;FGSG_09280;FGSG_09826;FGSG_09834;FGSG_10347;FGSG_10922;FGSG_10947;FGSG_12180;FGSG_12223,1,uncharacterized protein,GO:0016021,13.181468255959244,30,-1.42880377160279,4.75992693233919e-108,1,0.894634473507713
FGSG_00278,33,0.4901774345118496,14.34862757783482,FGSG_00175;FGSG_00330;FGSG_00743;FGSG_01422;FGSG_02030;FGSG_02271;FGSG_02272;FGSG_02461;FGSG_02782;FGSG_03061;FGSG_03295;FGSG_03546;FGSG_03548;FGSG_03894;FGSG_03992;FGSG_04458;FGSG_04590;FGSG_05610;FGSG_05843;FGSG_06055;FGSG_06257;FGSG_07075;FGSG_07528;FGSG_08601;FGSG_08712;FGSG_08774;FGSG_09012;FGSG_09280;FGSG_09456;FGSG_09834;FGSG_10347;FGSG_10947;FGSG_13136,1,biotin synthase,GO:0004076;GO:0009102;GO:0046872;GO:0051537;GO:0051539,10.47365203964899,24,-1.56181529900349,3.0507862543877e-26,1,0.8945674044265594
FGSG_12702,31,0.4744960709834854,13.410979172548913,FGSG_00330;FGSG_00743;FGSG_01422;FGSG_02272;FGSG_02461;FGSG_03061;FGSG_03340;FGSG_03546;FGSG_03547;FGSG_03548;FGSG_03894;FGSG_03992;FGSG_04458;FGSG_04589;FGSG_04590;FGSG_04591;FGSG_04592;FGSG_04593;FGSG_04596;FGSG_05610;FGSG_06055;FGSG_08601;FGSG_08712;FGSG_08774;FGSG_09012;FGSG_09280;FGSG_09456;FGSG_09826;FGSG_09834;FGSG_10347;FGSG_10947,1,uncharacterized protein,GO:0016021,11.24529345231922,26,-1.51297513340616,5.73709312302314e-10,1,0.8944332662642522
FGSG_10990,22,0.4730746482033296,9.690470686217418,FGSG_00330;FGSG_00743;FGSG_01422;FGSG_02271;FGSG_02272;FGSG_02461;FGSG_03061;FGSG_03546;FGSG_03548;FGSG_03894;FGSG_03992;FGSG_04458;FGSG_04590;FGSG_05610;FGSG_07075;FGSG_08601;FGSG_08712;FGSG_09012;FGSG_09280;FGSG_09456;FGSG_09834;FGSG_10347,1,uncharacterized protein,GO:0003824;GO:0008152;GO:0031177,8.389906419782305,19,-1.89361489520554,2.65577441843641e-16,1,0.8922870556673373
FGSG_09678,49,0.4961671072133995,22.312398715526182,FGSG_00330;FGSG_00743;FGSG_01422;FGSG_01947;FGSG_02030;FGSG_02271;FGSG_02272;FGSG_02461;FGSG_02554;FGSG_03061;FGSG_03295;FGSG_03340;FGSG_03546;FGSG_03547;FGSG_03548;FGSG_03894;FGSG_03992;FGSG_04458;FGSG_04490;FGSG_04588;FGSG_04589;FGSG_04590;FGSG_04591;FGSG_04592;FGSG_04593;FGSG_04596;FGSG_04763;FGSG_05368;FGSG_05610;FGSG_05843;FGSG_05926;FGSG_06055;FGSG_06257;FGSG_07075;FGSG_07528;FGSG_08601;FGSG_08712;FGSG_08774;FGSG_09012;FGSG_09280;FGSG_09456;FGSG_09826;FGSG_09834;FGSG_10347;FGSG_10922;FGSG_10947;FGSG_12180;FGSG_12223;FGSG_13136,1,uncharacterized protein,GO:0004152;GO:0005737;GO:0006207;GO:0016020;GO:0055114,18.246699111889157,40,-1.12668901067701,2.16166849364098e-22,1,0.89121395036888
FGSG_07630,25,0.4803924415639492,10.916549096399915,FGSG_00743;FGSG_00765;FGSG_01422;FGSG_02030;FGSG_02271;FGSG_02272;FGSG_02461;FGSG_02782;FGSG_03061;FGSG_03295;FGSG_03894;FGSG_04309;FGSG_04588;FGSG_04590;FGSG_05368;FGSG_05610;FGSG_06506;FGSG_07075;FGSG_07528;FGSG_08712;FGSG_08774;FGSG_09012;FGSG_09456;FGSG_09834;FGSG_13136,1,uncharacterized protein,GO:0016021,7.04917700547547,16,-3.12827013338841,1.34543078679561e-37,1,0.8909456740442656
FGSG_13299,48,0.5033050127325581,21.873753402620007,FGSG_00330;FGSG_00743;FGSG_00765;FGSG_01422;FGSG_01621;FGSG_02030;FGSG_02271;FGSG_02272;FGSG_02461;FGSG_02782;FGSG_03061;FGSG_03295;FGSG_03546;FGSG_03547;FGSG_03548;FGSG_03747;FGSG_03894;FGSG_03992;FGSG_04309;FGSG_04458;FGSG_04588;FGSG_04589;FGSG_04590;FGSG_04591;FGSG_04592;FGSG_04593;FGSG_05368;FGSG_05610;FGSG_06055;FGSG_07075;FGSG_07528;FGSG_08493;FGSG_08601;FGSG_08712;FGSG_08774;FGSG_09012;FGSG_09280;FGSG_09456;FGSG_09826;FGSG_09834;FGSG_10347;FGSG_10922;FGSG_10947;FGSG_11206;FGSG_12180;FGSG_12222;FGSG_12223;FGSG_13136,1,uncharacterized protein,GO:0008152;GO:0016021;GO:0016746,15.962445797605225,35,-1.22932996218316,1.9995284980866203e-61,1,0.8906773977196512
FGSG_04188,24,0.46997462189688743,10.291543181392587,FGSG_01866;FGSG_02321;FGSG_02323;FGSG_02324;FGSG_02325;FGSG_02326;FGSG_02327;FGSG_02328;FGSG_02329;FGSG_02840;FGSG_02903;FGSG_03539;FGSG_03541;FGSG_03599;FGSG_03600;FGSG_03842;FGSG_08082;FGSG_08083;FGSG_08795;FGSG_09187;FGSG_10670;FGSG_11184;FGSG_11326;FGSG_13952,2,uncharacterized protein,GO:0016021;GO:0055085,7.80967646029203,18,2.30108087368038,2.28278480646118e-17,1,0.8906103286384977
FGSG_05045,45,0.49327011048737396,20.14720984608809,FGSG_00330;FGSG_00743;FGSG_01346;FGSG_01422;FGSG_02030;FGSG_02271;FGSG_02272;FGSG_02461;FGSG_02554;FGSG_03061;FGSG_03295;FGSG_03340;FGSG_03546;FGSG_03547;FGSG_03548;FGSG_03894;FGSG_03992;FGSG_04458;FGSG_04490;FGSG_04589;FGSG_04590;FGSG_04591;FGSG_04592;FGSG_04593;FGSG_04595;FGSG_04596;FGSG_04763;FGSG_05610;FGSG_06055;FGSG_06257;FGSG_07075;FGSG_07528;FGSG_08601;FGSG_08712;FGSG_08774;FGSG_09012;FGSG_09280;FGSG_09456;FGSG_09826;FGSG_09834;FGSG_10347;FGSG_10947;FGSG_12180;FGSG_12223;FGSG_13136,1,uncharacterized protein,GO:0016021;GO:0016307;GO:0046854,16.179167384198937,36,-1.21938688087427,6.72110735023327e-50,1,0.8904091213950369
FGSG_03692,18,0.4686272271477499,7.7634380617014696,FGSG_01422;FGSG_02271;FGSG_02272;FGSG_02461;FGSG_03061;FGSG_03295;FGSG_03548;FGSG_03894;FGSG_03992;FGSG_04458;FGSG_04590;FGSG_05610;FGSG_07075;FGSG_07528;FGSG_08712;FGSG_09456;FGSG_09834;FGSG_10347,1,uncharacterized protein,GO:0016021;GO:0016491;GO:0055114,6.479840353373413,15,-5.24362985694952,6.16280461596686e-160,1,0.8895372233400403
FGSG_01403,45,0.5000203843597464,20.256422048975327,FGSG_00330;FGSG_00500;FGSG_00743;FGSG_01422;FGSG_01947;FGSG_02030;FGSG_02271;FGSG_02272;FGSG_02461;FGSG_03061;FGSG_03295;FGSG_03546;FGSG_03547;FGSG_03548;FGSG_03894;FGSG_03992;FGSG_04458;FGSG_04490;FGSG_04589;FGSG_04590;FGSG_04591;FGSG_04592;FGSG_04593;FGSG_04595;FGSG_04596;FGSG_04763;FGSG_05610;FGSG_05843;FGSG_06055;FGSG_06257;FGSG_07075;FGSG_07528;FGSG_08601;FGSG_08712;FGSG_08774;FGSG_09012;FGSG_09280;FGSG_09456;FGSG_09826;FGSG_09834;FGSG_10347;FGSG_10947;FGSG_12180;FGSG_12223;FGSG_13136,1,uncharacterized protein,GO:0010181;GO:0016491;GO:0045892;GO:0055114,16.24361456432657,36,-1.20313098666727,1.96589370567042e-74,1,0.8894701542588866
FGSG_09526,40,0.49377417102081617,17.235682153070563,FGSG_00330;FGSG_00743;FGSG_00765;FGSG_01422;FGSG_02030;FGSG_02272;FGSG_02461;FGSG_02554;FGSG_02972;FGSG_03061;FGSG_03340;FGSG_03546;FGSG_03547;FGSG_03548;FGSG_03747;FGSG_03894;FGSG_03992;FGSG_04458;FGSG_04490;FGSG_04589;FGSG_04590;FGSG_04591;FGSG_04592;FGSG_04593;FGSG_04596;FGSG_05368;FGSG_05610;FGSG_06055;FGSG_08601;FGSG_08712;FGSG_08774;FGSG_09012;FGSG_09826;FGSG_09834;FGSG_10347;FGSG_10444;FGSG_10922;FGSG_10947;FGSG_12180;FGSG_12223,1,uncharacterized protein,GO:0016021,13.342214545386625,31,-1.31975978853039,2.02529895995349e-45,1,0.8890677397719651
FGSG_02343,36,0.47521124848523305,16.115150202229394,FGSG_00007;FGSG_01866;FGSG_02077;FGSG_02255;FGSG_02320;FGSG_02321;FGSG_02323;FGSG_02324;FGSG_02325;FGSG_02326;FGSG_02327;FGSG_02328;FGSG_02329;FGSG_02840;FGSG_02903;FGSG_03532;FGSG_03539;FGSG_03541;FGSG_03543;FGSG_03574;FGSG_03599;FGSG_03600;FGSG_03842;FGSG_03881;FGSG_05919;FGSG_08081;FGSG_08082;FGSG_08083;FGSG_08795;FGSG_09064;FGSG_09187;FGSG_10670;FGSG_11184;FGSG_11326;FGSG_12211;FGSG_13952,2,uncharacterized protein,GO:0005215;GO:0016021;GO:0055085,9.09213047219653,20,1.5888849767439,1.8963040605160502e-63,1,0.8890677397719651
FGSG_00871,49,0.498632636809053,22.618369674146408,FGSG_00330;FGSG_00743;FGSG_00765;FGSG_01422;FGSG_02030;FGSG_02271;FGSG_02272;FGSG_02461;FGSG_02782;FGSG_03061;FGSG_03295;FGSG_03546;FGSG_03547;FGSG_03548;FGSG_03894;FGSG_03992;FGSG_04458;FGSG_04490;FGSG_04588;FGSG_04589;FGSG_04590;FGSG_04591;FGSG_04592;FGSG_04593;FGSG_04596;FGSG_04763;FGSG_05368;FGSG_05610;FGSG_05843;FGSG_06055;FGSG_06257;FGSG_06506;FGSG_07075;FGSG_07528;FGSG_08601;FGSG_08712;FGSG_08774;FGSG_09012;FGSG_09280;FGSG_09456;FGSG_09826;FGSG_09834;FGSG_10347;FGSG_10947;FGSG_11206;FGSG_12180;FGSG_12222;FGSG_12223;FGSG_13136,1,thioredoxin reductase,GO:0004791;GO:0005634;GO:0005829;GO:0019430;GO:0055114,17.58265932208965,38,-1.13761398104889,2.38088685625072e-44,1,0.8889336016096578
FGSG_07590,21,0.47202837384675206,9.032277882335274,FGSG_00330;FGSG_00743;FGSG_01422;FGSG_02272;FGSG_02461;FGSG_02554;FGSG_03061;FGSG_03340;FGSG_03546;FGSG_03548;FGSG_03894;FGSG_04458;FGSG_04589;FGSG_05610;FGSG_08601;FGSG_08712;FGSG_08774;FGSG_09012;FGSG_09834;FGSG_10347;FGSG_12180,1,uncharacterized protein,GO:0051213;GO:0055114,6.928652818017922,16,-3.32945989484006,2.68887892386388e-17,1,0.8887323943661971
FGSG_06544,35,0.49313966247496477,15.345433298205233,FGSG_00175;FGSG_00330;FGSG_00500;FGSG_00743;FGSG_01422;FGSG_02030;FGSG_02271;FGSG_02272;FGSG_02461;FGSG_03061;FGSG_03295;FGSG_03546;FGSG_03547;FGSG_03548;FGSG_03894;FGSG_03992;FGSG_04458;FGSG_04590;FGSG_04591;FGSG_04763;FGSG_05610;FGSG_05843;FGSG_06055;FGSG_06257;FGSG_07075;FGSG_07528;FGSG_08601;FGSG_08712;FGSG_08774;FGSG_09012;FGSG_09280;FGSG_09456;FGSG_09834;FGSG_10347;FGSG_13136,1,cystathionine beta-synthase,GO:0004122;GO:0005739;GO:0006535;GO:0007089;GO:0019343;GO:0019346;GO:0070814,11.87864230662667,27,-1.38006383353483,4.2824555840135196e-33,1,0.8881287726358149
FGSG_09906,50,0.48247494459105844,22.64563413157108,FGSG_00043;FGSG_00044;FGSG_00330;FGSG_00743;FGSG_01346;FGSG_01422;FGSG_01947;FGSG_02030;FGSG_02271;FGSG_02272;FGSG_02461;FGSG_02554;FGSG_03061;FGSG_03295;FGSG_03340;FGSG_03546;FGSG_03547;FGSG_03548;FGSG_03894;FGSG_03992;FGSG_04458;FGSG_04490;FGSG_04589;FGSG_04590;FGSG_04591;FGSG_04592;FGSG_04593;FGSG_04595;FGSG_04596;FGSG_04763;FGSG_04852;FGSG_05610;FGSG_05843;FGSG_05926;FGSG_06055;FGSG_06257;FGSG_07075;FGSG_07528;FGSG_08601;FGSG_08712;FGSG_08774;FGSG_09012;FGSG_09280;FGSG_09456;FGSG_09826;FGSG_09834;FGSG_10347;FGSG_10947;FGSG_12180;FGSG_12223,1,uncharacterized protein,,18.237651062909876,40,-1.10180262935565,4.33905353505842e-78,1,0.8880617035546614
FGSG_09814,21,0.46641426676577274,9.06267858451159,FGSG_00330;FGSG_01422;FGSG_02271;FGSG_02272;FGSG_02461;FGSG_03061;FGSG_03295;FGSG_03546;FGSG_03548;FGSG_03992;FGSG_04458;FGSG_04590;FGSG_05610;FGSG_07075;FGSG_07528;FGSG_08601;FGSG_08712;FGSG_09280;FGSG_09456;FGSG_09834;FGSG_10347,1,uncharacterized protein,GO:0016021,7.784885102239635,18,-2.24467009445314,2.3557813247327002e-32,1,0.887122736418511
FGSG_14016,26,0.459189711841002,11.158017101625314,FGSG_00007;FGSG_01866;FGSG_02255;FGSG_02320;FGSG_02321;FGSG_02323;FGSG_02324;FGSG_02325;FGSG_02326;FGSG_02327;FGSG_02328;FGSG_02329;FGSG_02840;FGSG_02903;FGSG_03574;FGSG_03600;FGSG_03842;FGSG_03881;FGSG_08082;FGSG_08083;FGSG_08795;FGSG_09187;FGSG_10670;FGSG_11326;FGSG_12211;FGSG_13952,2,uncharacterized protein,,7.393022816437865,17,2.47644631869644,2.1523928203905e-39,1,0.8869885982562039
FGSG_07174,27,0.4769184167323913,11.482751812930895,FGSG_00330;FGSG_00743;FGSG_01422;FGSG_02272;FGSG_02461;FGSG_02554;FGSG_03061;FGSG_03340;FGSG_03546;FGSG_03548;FGSG_03894;FGSG_04458;FGSG_04490;FGSG_04589;FGSG_04593;FGSG_04596;FGSG_05610;FGSG_08601;FGSG_08712;FGSG_08774;FGSG_09012;FGSG_09826;FGSG_09834;FGSG_10347;FGSG_10922;FGSG_12180;FGSG_12223,1,NADP-specific glutamate dehydrogenase,GO:0004354;GO:0005829;GO:0006520;GO:0055114,9.35500438436371,22,-1.51960920074948,2.99016714709104e-32,1,0.8858484238765929
FGSG_01379,32,0.46997141489397015,14.099096651353557,FGSG_00007;FGSG_01866;FGSG_02255;FGSG_02321;FGSG_02323;FGSG_02324;FGSG_02325;FGSG_02326;FGSG_02327;FGSG_02328;FGSG_02329;FGSG_03532;FGSG_03535;FGSG_03539;FGSG_03541;FGSG_03543;FGSG_03600;FGSG_03842;FGSG_03881;FGSG_07896;FGSG_08079;FGSG_08081;FGSG_08082;FGSG_08083;FGSG_08084;FGSG_08795;FGSG_09064;FGSG_09187;FGSG_10670;FGSG_11184;FGSG_11326;FGSG_13952,2,uncharacterized protein,GO:0008152;GO:0016021;GO:0016874,6.54242211436949,15,3.91408478299052,0.0,1,0.8856472166331322
FGSG_09098,18,0.46824860615034236,7.802173180169171,FGSG_02321;FGSG_02323;FGSG_02324;FGSG_02325;FGSG_02326;FGSG_02327;FGSG_02328;FGSG_02329;FGSG_02840;FGSG_02903;FGSG_03599;FGSG_03600;FGSG_03842;FGSG_05919;FGSG_08083;FGSG_11184;FGSG_11326;FGSG_13952,2,uncharacterized protein,GO:0016757,6.9532015133275324,16,2.97421004529934,8.445102269894759e-36,1,0.8856472166331321
FGSG_06060,19,0.474791298330982,8.328928616030684,FGSG_00330;FGSG_01422;FGSG_01947;FGSG_02272;FGSG_03061;FGSG_03546;FGSG_03547;FGSG_03548;FGSG_03992;FGSG_04458;FGSG_04590;FGSG_04591;FGSG_05610;FGSG_08601;FGSG_08712;FGSG_09280;FGSG_09456;FGSG_09834;FGSG_10347,1,uncharacterized protein,GO:0016021;GO:0016491;GO:0055114,7.908724432101088,18,-1.97322753206167,3.18839124745154e-22,1,0.8846411804158284
FGSG_09185,45,0.49461098700030864,20.14523417797491,FGSG_00330;FGSG_00743;FGSG_00765;FGSG_01422;FGSG_02030;FGSG_02271;FGSG_02272;FGSG_02461;FGSG_02782;FGSG_03061;FGSG_03295;FGSG_03546;FGSG_03547;FGSG_03548;FGSG_03894;FGSG_03992;FGSG_04458;FGSG_04588;FGSG_04589;FGSG_04590;FGSG_04591;FGSG_04592;FGSG_04593;FGSG_04596;FGSG_04763;FGSG_05368;FGSG_05610;FGSG_05843;FGSG_06055;FGSG_06257;FGSG_07075;FGSG_07528;FGSG_08601;FGSG_08712;FGSG_08774;FGSG_09012;FGSG_09280;FGSG_09456;FGSG_09826;FGSG_09834;FGSG_10347;FGSG_10947;FGSG_12180;FGSG_12223;FGSG_13136,1,adenylosuccinate lyase,GO:0004018;GO:0006189;GO:0044208;GO:0051262;GO:0070626,15.712356765541806,35,-1.18044456435318,6.98606702206519e-24,1,0.8843058350100603
FGSG_12181,41,0.4898750711787,18.075681879365067,FGSG_00175;FGSG_00330;FGSG_00743;FGSG_01422;FGSG_02030;FGSG_02271;FGSG_02272;FGSG_02461;FGSG_02782;FGSG_03061;FGSG_03295;FGSG_03546;FGSG_03547;FGSG_03548;FGSG_03894;FGSG_03992;FGSG_04458;FGSG_04589;FGSG_04590;FGSG_04591;FGSG_04592;FGSG_04593;FGSG_04763;FGSG_05610;FGSG_05843;FGSG_06055;FGSG_06257;FGSG_06702;FGSG_07075;FGSG_07528;FGSG_08601;FGSG_08712;FGSG_08774;FGSG_09012;FGSG_09280;FGSG_09456;FGSG_09826;FGSG_09834;FGSG_10347;FGSG_10947;FGSG_13136,1,cytochrome c oxidase polypeptide IV,GO:0004129;GO:0005751;GO:0006123;GO:0008270;GO:0009060;GO:0018580;GO:1902600,13.712813219251782,31,-1.2558667843794,8.12801184758732e-40,1,0.8843058350100603
FGSG_06987,45,0.5041379876276639,19.746879183335313,FGSG_00330;FGSG_00743;FGSG_00765;FGSG_01422;FGSG_01621;FGSG_02030;FGSG_02271;FGSG_02272;FGSG_02461;FGSG_02972;FGSG_03061;FGSG_03546;FGSG_03548;FGSG_03747;FGSG_03894;FGSG_03992;FGSG_04458;FGSG_04588;FGSG_04589;FGSG_04590;FGSG_04591;FGSG_04592;FGSG_04593;FGSG_05368;FGSG_05610;FGSG_06055;FGSG_07075;FGSG_07528;FGSG_08493;FGSG_08601;FGSG_08712;FGSG_08774;FGSG_09012;FGSG_09456;FGSG_09826;FGSG_09834;FGSG_10347;FGSG_10444;FGSG_10922;FGSG_10947;FGSG_11206;FGSG_12180;FGSG_12222;FGSG_12223;FGSG_13136,1,uncharacterized protein,,14.874193983454314,34,-1.20332844404686,1.0492810984027e-28,1,0.8841716968477531
FGSG_08638,56,0.5095394502385343,26.52892248990451,FGSG_00043;FGSG_00330;FGSG_00743;FGSG_00765;FGSG_01346;FGSG_01422;FGSG_01947;FGSG_02030;FGSG_02271;FGSG_02272;FGSG_02461;FGSG_02554;FGSG_03061;FGSG_03295;FGSG_03340;FGSG_03546;FGSG_03547;FGSG_03548;FGSG_03894;FGSG_03992;FGSG_04458;FGSG_04490;FGSG_04588;FGSG_04589;FGSG_04590;FGSG_04591;FGSG_04592;FGSG_04593;FGSG_04595;FGSG_04596;FGSG_04763;FGSG_05368;FGSG_05610;FGSG_05843;FGSG_05926;FGSG_06055;FGSG_06257;FGSG_06702;FGSG_07075;FGSG_07528;FGSG_08601;FGSG_08712;FGSG_08774;FGSG_09012;FGSG_09280;FGSG_09456;FGSG_09826;FGSG_09834;FGSG_10347;FGSG_10922;FGSG_10947;FGSG_11206;FGSG_12180;FGSG_12222;FGSG_12223;FGSG_13136,1,uncharacterized protein,GO:0001101;GO:0005096;GO:0005546;GO:0005829;GO:0005933;GO:0007231;GO:0010314;GO:0030479;GO:0032153;GO:0032266;GO:0035024;GO:0043547;GO:0070273;GO:0080025,20.574441415671526,43,-1.01784285593963,2.49866927272566e-59,1,0.8840375586854461
FGSG_04456,31,0.4921544530308062,13.567499385802723,FGSG_00743;FGSG_00765;FGSG_01422;FGSG_01621;FGSG_02030;FGSG_02271;FGSG_02272;FGSG_02461;FGSG_03061;FGSG_03894;FGSG_04309;FGSG_04458;FGSG_04588;FGSG_04589;FGSG_04590;FGSG_04593;FGSG_05368;FGSG_05610;FGSG_07075;FGSG_07528;FGSG_08712;FGSG_08774;FGSG_09012;FGSG_09456;FGSG_09834;FGSG_10347;FGSG_10922;FGSG_10947;FGSG_11206;FGSG_12180;FGSG_13136,1,uncharacterized protein,GO:0016740,9.171256727310537,21,-1.50743365917646,3.3138651535315902e-111,1,0.8839034205231389
FGSG_04494,20,0.4568201083937841,8.604702547530627,FGSG_00330;FGSG_00743;FGSG_01422;FGSG_02272;FGSG_02461;FGSG_03061;FGSG_03546;FGSG_03548;FGSG_03894;FGSG_03992;FGSG_04458;FGSG_04590;FGSG_05610;FGSG_07075;FGSG_08601;FGSG_08712;FGSG_09012;FGSG_09456;FGSG_09834;FGSG_10347,1,uncharacterized protein,,7.329922951891064,17,-2.45273767254912,2.32674792605382e-08,1,0.8834339369550637
FGSG_03430,24,0.48293643788108903,10.1936695603412,FGSG_00743;FGSG_01422;FGSG_02272;FGSG_02461;FGSG_02554;FGSG_02972;FGSG_03061;FGSG_03340;FGSG_03747;FGSG_03894;FGSG_04458;FGSG_04589;FGSG_04593;FGSG_05610;FGSG_08601;FGSG_08712;FGSG_08774;FGSG_09012;FGSG_09826;FGSG_10347;FGSG_10922;FGSG_10947;FGSG_12180;FGSG_12223,1,uncharacterized protein,GO:0016491;GO:0055114,7.247069443841915,17,-2.54527772632834,1.17057557483642e-62,1,0.8830315224681422
FGSG_00603,43,0.5018009248784328,19.185951695866716,FGSG_00330;FGSG_00743;FGSG_00765;FGSG_01422;FGSG_01621;FGSG_02030;FGSG_02271;FGSG_02272;FGSG_02461;FGSG_02972;FGSG_03061;FGSG_03546;FGSG_03548;FGSG_03747;FGSG_03894;FGSG_03992;FGSG_04309;FGSG_04458;FGSG_04588;FGSG_04589;FGSG_04590;FGSG_04593;FGSG_05368;FGSG_05610;FGSG_07075;FGSG_07528;FGSG_08493;FGSG_08601;FGSG_08712;FGSG_08774;FGSG_09012;FGSG_09456;FGSG_09826;FGSG_09834;FGSG_10347;FGSG_10444;FGSG_10922;FGSG_10947;FGSG_11206;FGSG_12180;FGSG_12222;FGSG_12223;FGSG_13136,1,uncharacterized protein,GO:0016021,13.740742963956306,31,-1.23848897517003,3.34649017065828e-51,1,0.8827632461435279
FGSG_07275,39,0.4874077921483013,16.963573908376734,FGSG_00330;FGSG_00743;FGSG_01422;FGSG_02030;FGSG_02272;FGSG_02461;FGSG_02554;FGSG_02972;FGSG_03061;FGSG_03340;FGSG_03546;FGSG_03547;FGSG_03548;FGSG_03894;FGSG_03992;FGSG_04458;FGSG_04490;FGSG_04589;FGSG_04590;FGSG_04591;FGSG_04592;FGSG_04593;FGSG_04596;FGSG_05610;FGSG_05926;FGSG_06055;FGSG_08601;FGSG_08712;FGSG_08774;FGSG_09012;FGSG_09280;FGSG_09456;FGSG_09826;FGSG_09834;FGSG_10347;FGSG_10922;FGSG_10947;FGSG_12180;FGSG_12223,1,uncharacterized protein,GO:0008152;GO:0016846,13.516288046747555,31,-1.24999086950167,6.6291972848445194e-43,1,0.8826961770623742
FGSG_12150,21,0.4793758372840754,9.033055840545963,FGSG_00330;FGSG_00743;FGSG_01422;FGSG_02272;FGSG_02461;FGSG_03061;FGSG_03546;FGSG_03548;FGSG_03894;FGSG_04458;FGSG_04589;FGSG_04590;FGSG_05610;FGSG_08601;FGSG_08712;FGSG_08774;FGSG_09012;FGSG_09456;FGSG_09834;FGSG_10347;FGSG_12180,1,uncharacterized protein,,7.292481833867776,17,-2.49260737235549,4.17181887403402e-07,1,0.8826291079812206
FGSG_06813,47,0.4787693588992993,20.729145313203805,FGSG_00043;FGSG_00044;FGSG_00047;FGSG_00048;FGSG_00330;FGSG_00743;FGSG_01346;FGSG_01422;FGSG_01947;FGSG_02272;FGSG_02461;FGSG_03061;FGSG_03295;FGSG_03340;FGSG_03546;FGSG_03547;FGSG_03548;FGSG_03894;FGSG_03992;FGSG_04458;FGSG_04490;FGSG_04589;FGSG_04590;FGSG_04591;FGSG_04592;FGSG_04593;FGSG_04595;FGSG_04596;FGSG_04763;FGSG_04852;FGSG_05610;FGSG_05843;FGSG_05926;FGSG_06055;FGSG_06257;FGSG_06702;FGSG_07075;FGSG_07528;FGSG_08601;FGSG_08712;FGSG_09012;FGSG_09280;FGSG_09456;FGSG_09826;FGSG_09834;FGSG_10347;FGSG_10947,1,uncharacterized protein,GO:0003857;GO:0006631;GO:0055114;GO:0070403,17.24943226391004,39,-1.09974244419841,4.1069727450742e-29,1,0.882562038900067
FGSG_00713,25,0.475075971700077,10.799140724278645,FGSG_00043;FGSG_00044;FGSG_00330;FGSG_01422;FGSG_01947;FGSG_02272;FGSG_03061;FGSG_03546;FGSG_03547;FGSG_03548;FGSG_03894;FGSG_03992;FGSG_04458;FGSG_04589;FGSG_04590;FGSG_04591;FGSG_05610;FGSG_05926;FGSG_08601;FGSG_08712;FGSG_09012;FGSG_09280;FGSG_09456;FGSG_09834;FGSG_10347,1,uncharacterized protein,GO:0000981;GO:0003677;GO:0005634;GO:0006351;GO:0008270;GO:0009410;GO:0043619,10.374926609933604,24,-1.35504408544212,3.12920990276459e-26,1,0.880617035546613
FGSG_02616,32,0.48089160971552863,13.868276485184886,FGSG_00043;FGSG_00044;FGSG_00048;FGSG_00330;FGSG_00743;FGSG_01346;FGSG_01422;FGSG_01947;FGSG_02272;FGSG_03061;FGSG_03546;FGSG_03547;FGSG_03548;FGSG_03894;FGSG_03992;FGSG_04458;FGSG_04490;FGSG_04589;FGSG_04590;FGSG_04591;FGSG_04596;FGSG_04852;FGSG_05610;FGSG_05926;FGSG_08601;FGSG_08712;FGSG_09012;FGSG_09280;FGSG_09456;FGSG_09834;FGSG_10347;FGSG_11658,1,uncharacterized protein,GO:0016787,12.192706976912138,28,-1.27174121772701,1.39369023525063e-10,1,0.8804158283031522
FGSG_00052,19,0.4724215198201437,8.20311845492304,FGSG_00330;FGSG_00743;FGSG_01422;FGSG_02272;FGSG_03061;FGSG_03546;FGSG_03547;FGSG_03548;FGSG_03894;FGSG_03992;FGSG_04458;FGSG_04589;FGSG_04590;FGSG_04591;FGSG_05610;FGSG_08601;FGSG_08712;FGSG_09834;FGSG_10347,1,uncharacterized protein,GO:0000981;GO:0003677;GO:0005634;GO:0006351;GO:0006357;GO:0008270,7.3663265656528445,17,-2.28897528435231,7.07213925619794e-09,1,0.8800134138162308
FGSG_03079,29,0.46948282955961257,12.523603087897072,FGSG_00007;FGSG_01866;FGSG_02255;FGSG_02321;FGSG_02323;FGSG_02324;FGSG_02325;FGSG_02326;FGSG_02327;FGSG_02328;FGSG_02329;FGSG_02840;FGSG_02903;FGSG_03539;FGSG_03541;FGSG_03599;FGSG_03600;FGSG_03842;FGSG_03881;FGSG_05919;FGSG_08081;FGSG_08082;FGSG_08083;FGSG_08795;FGSG_09187;FGSG_10670;FGSG_11184;FGSG_11326;FGSG_13952,2,uncharacterized protein,,8.334313022364961,19,1.64820302439156,2.72314174703631e-44,1,0.8798792756539235
FGSG_08596,45,0.4932919778617025,20.057522568389516,FGSG_00330;FGSG_00743;FGSG_01346;FGSG_01422;FGSG_02030;FGSG_02271;FGSG_02272;FGSG_02461;FGSG_02554;FGSG_03061;FGSG_03295;FGSG_03340;FGSG_03546;FGSG_03547;FGSG_03548;FGSG_03894;FGSG_03992;FGSG_04458;FGSG_04490;FGSG_04589;FGSG_04590;FGSG_04591;FGSG_04592;FGSG_04593;FGSG_04596;FGSG_04763;FGSG_05610;FGSG_06055;FGSG_06257;FGSG_07075;FGSG_07528;FGSG_08601;FGSG_08712;FGSG_08774;FGSG_09012;FGSG_09280;FGSG_09456;FGSG_09826;FGSG_09834;FGSG_10347;FGSG_10922;FGSG_10947;FGSG_12180;FGSG_12223;FGSG_13136,1,uncharacterized protein,GO:0007131;GO:0016620;GO:0055114,16.093966700616807,36,-1.11923901288424,2.8757924248469903e-15,1,0.8793427230046948
FGSG_13004,50,0.4974442421775172,22.687243035255662,FGSG_00330;FGSG_00743;FGSG_01422;FGSG_02030;FGSG_02271;FGSG_02272;FGSG_02461;FGSG_02554;FGSG_03061;FGSG_03295;FGSG_03340;FGSG_03546;FGSG_03547;FGSG_03548;FGSG_03894;FGSG_03992;FGSG_04458;FGSG_04490;FGSG_04588;FGSG_04589;FGSG_04590;FGSG_04591;FGSG_04592;FGSG_04593;FGSG_04596;FGSG_04763;FGSG_05368;FGSG_05610;FGSG_05843;FGSG_05926;FGSG_06055;FGSG_06257;FGSG_07075;FGSG_07528;FGSG_08601;FGSG_08712;FGSG_08774;FGSG_09012;FGSG_09280;FGSG_09456;FGSG_09826;FGSG_09834;FGSG_10347;FGSG_10922;FGSG_10947;FGSG_11206;FGSG_12180;FGSG_12222;FGSG_12223;FGSG_13136,1,uncharacterized protein,GO:0003677;GO:0006904;GO:0008168;GO:0016491;GO:0032259;GO:0055114,18.2229393415315,40,-1.03995154346264,2.95117734483507e-19,1,0.8792756539235411
FGSG_13110,38,0.48839396391340806,16.520748676651486,FGSG_00330;FGSG_00743;FGSG_01422;FGSG_02030;FGSG_02272;FGSG_02461;FGSG_02554;FGSG_02972;FGSG_03061;FGSG_03340;FGSG_03546;FGSG_03547;FGSG_03548;FGSG_03747;FGSG_03894;FGSG_03992;FGSG_04458;FGSG_04490;FGSG_04589;FGSG_04590;FGSG_04591;FGSG_04592;FGSG_04593;FGSG_04596;FGSG_05610;FGSG_06055;FGSG_08601;FGSG_08712;FGSG_08774;FGSG_09012;FGSG_09280;FGSG_09826;FGSG_09834;FGSG_10347;FGSG_10922;FGSG_10947;FGSG_12180;FGSG_12223,1,D-lactate dehydrogenase 2,GO:0000981;GO:0005634;GO:0006357;GO:0008270;GO:0016614;GO:0050660;GO:0055114,13.042403717361283,30,-1.23017652136212,3.4321984483449797e-43,1,0.8789403085177733
FGSG_00492,40,0.4988129701887453,17.495416045601917,FGSG_00330;FGSG_00743;FGSG_00765;FGSG_01422;FGSG_01621;FGSG_02030;FGSG_02271;FGSG_02272;FGSG_02461;FGSG_02782;FGSG_03061;FGSG_03546;FGSG_03548;FGSG_03894;FGSG_03992;FGSG_04458;FGSG_04588;FGSG_04589;FGSG_04590;FGSG_04593;FGSG_05368;FGSG_05610;FGSG_07075;FGSG_07528;FGSG_08493;FGSG_08601;FGSG_08712;FGSG_08774;FGSG_09012;FGSG_09456;FGSG_09826;FGSG_09834;FGSG_10347;FGSG_10922;FGSG_10947;FGSG_11206;FGSG_12180;FGSG_12222;FGSG_12223;FGSG_13136,1,uncharacterized protein,,12.628533586470551,29,-1.23799447616651,9.20328811260203e-23,1,0.8786049631120054
FGSG_07017,40,0.49746700703105484,17.603403915646005,FGSG_00330;FGSG_00743;FGSG_00765;FGSG_01422;FGSG_01621;FGSG_02030;FGSG_02271;FGSG_02272;FGSG_02461;FGSG_02782;FGSG_03061;FGSG_03546;FGSG_03548;FGSG_03894;FGSG_03992;FGSG_04309;FGSG_04458;FGSG_04588;FGSG_04589;FGSG_04590;FGSG_04593;FGSG_05368;FGSG_05610;FGSG_07075;FGSG_07528;FGSG_08493;FGSG_08601;FGSG_08712;FGSG_08774;FGSG_09012;FGSG_09456;FGSG_09834;FGSG_10347;FGSG_10922;FGSG_10947;FGSG_11206;FGSG_12180;FGSG_12222;FGSG_12223;FGSG_13136,1,uncharacterized protein,GO:0004371;GO:0005524;GO:0006071;GO:0016310,12.270634513691395,28,-1.24010141411634,8.67536354490662e-35,1,0.877867203219316
FGSG_14015,33,0.47343064977985966,14.818880717065165,FGSG_00007;FGSG_01866;FGSG_02077;FGSG_02255;FGSG_02320;FGSG_02321;FGSG_02323;FGSG_02324;FGSG_02325;FGSG_02326;FGSG_02327;FGSG_02328;FGSG_02329;FGSG_02840;FGSG_02903;FGSG_03532;FGSG_03539;FGSG_03541;FGSG_03543;FGSG_03599;FGSG_03600;FGSG_03842;FGSG_03881;FGSG_05919;FGSG_08081;FGSG_08082;FGSG_08083;FGSG_08795;FGSG_09187;FGSG_10670;FGSG_11184;FGSG_11326;FGSG_13952,2,uncharacterized protein,GO:0008168;GO:0032259,8.723955972414972,19,1.51072944064139,2.40477126288694e-179,1,0.8778672032193158
FGSG_03789,19,0.45610396229987216,8.221773749931963,FGSG_00330;FGSG_00743;FGSG_01422;FGSG_02272;FGSG_02461;FGSG_03061;FGSG_03546;FGSG_03548;FGSG_03894;FGSG_03992;FGSG_04458;FGSG_04589;FGSG_04590;FGSG_05610;FGSG_08601;FGSG_08712;FGSG_09456;FGSG_09834;FGSG_10347,1,uncharacterized protein,,6.972234100417263,16,-2.48221063160363,0.0001829222598124,1,0.8776659959758552
FGSG_06184,46,0.4842428203860338,20.349386085010405,FGSG_00043;FGSG_00044;FGSG_00330;FGSG_00743;FGSG_01346;FGSG_01422;FGSG_01947;FGSG_02030;FGSG_02271;FGSG_02272;FGSG_02461;FGSG_03061;FGSG_03295;FGSG_03546;FGSG_03547;FGSG_03548;FGSG_03894;FGSG_03992;FGSG_04458;FGSG_04490;FGSG_04589;FGSG_04590;FGSG_04591;FGSG_04592;FGSG_04593;FGSG_04595;FGSG_04596;FGSG_04763;FGSG_04852;FGSG_05610;FGSG_05843;FGSG_05926;FGSG_06055;FGSG_06257;FGSG_06702;FGSG_07075;FGSG_07528;FGSG_08601;FGSG_08712;FGSG_09012;FGSG_09280;FGSG_09456;FGSG_09826;FGSG_09834;FGSG_10347;FGSG_10947,1,acyl-CoA desaturase,GO:0004768;GO:0006636;GO:0009055;GO:0020037;GO:0030176;GO:0046872;GO:0055114,16.495853931507412,37,-1.08246168503143,1.8414958777447198e-69,1,0.8763246143527834
FGSG_10747,31,0.4913601413073371,13.58608647424598,FGSG_00330;FGSG_00743;FGSG_01422;FGSG_02030;FGSG_02271;FGSG_02272;FGSG_02461;FGSG_03061;FGSG_03295;FGSG_03546;FGSG_03547;FGSG_03548;FGSG_03894;FGSG_03992;FGSG_04458;FGSG_04590;FGSG_04591;FGSG_05610;FGSG_05843;FGSG_06055;FGSG_06257;FGSG_07075;FGSG_07528;FGSG_08601;FGSG_08712;FGSG_08774;FGSG_09012;FGSG_09280;FGSG_09456;FGSG_09834;FGSG_10347,1,uncharacterized protein,GO:0016021;GO:0022891;GO:0055085,10.562924049320467,24,-1.28590713658626,3.05667041667315e-17,1,0.8755197853789403
FGSG_09827,17,0.4380208493934337,7.109056204641961,FGSG_00330;FGSG_00743;FGSG_01422;FGSG_02272;FGSG_03061;FGSG_03546;FGSG_03548;FGSG_03894;FGSG_03992;FGSG_04458;FGSG_04589;FGSG_04590;FGSG_05610;FGSG_08601;FGSG_08712;FGSG_09834;FGSG_10347,1,uncharacterized protein,,6.283835879658487,15,-3.46453719816604,0.004915115585755,1,0.8739101274312542
FGSG_06154,49,0.5025269992444406,21.650465778295665,FGSG_00330;FGSG_00743;FGSG_00765;FGSG_01422;FGSG_02030;FGSG_02271;FGSG_02272;FGSG_02461;FGSG_02554;FGSG_02972;FGSG_03061;FGSG_03340;FGSG_03546;FGSG_03547;FGSG_03548;FGSG_03747;FGSG_03894;FGSG_03992;FGSG_04458;FGSG_04490;FGSG_04588;FGSG_04589;FGSG_04590;FGSG_04591;FGSG_04592;FGSG_04593;FGSG_04596;FGSG_05368;FGSG_05610;FGSG_06055;FGSG_07075;FGSG_08493;FGSG_08601;FGSG_08712;FGSG_08774;FGSG_09012;FGSG_09280;FGSG_09456;FGSG_09826;FGSG_09834;FGSG_10347;FGSG_10444;FGSG_10922;FGSG_10947;FGSG_11206;FGSG_12180;FGSG_12222;FGSG_12223;FGSG_13136,1,heat shock protein SSC1,GO:0005524;GO:0006457;GO:0051082,16.701567730324147,38,-1.04660375278798,1.75680751001765e-49,1,0.8735747820254862
FGSG_08270,23,0.48384570142315153,10.248915018791168,FGSG_00330;FGSG_00743;FGSG_01422;FGSG_02271;FGSG_02272;FGSG_02461;FGSG_03061;FGSG_03546;FGSG_03548;FGSG_03894;FGSG_03992;FGSG_04458;FGSG_04589;FGSG_04590;FGSG_05610;FGSG_07075;FGSG_08601;FGSG_08712;FGSG_08774;FGSG_09012;FGSG_09456;FGSG_09834;FGSG_10347,1,uncharacterized protein,,8.482391575889835,19,-1.49294459974136,2.11109594519999e-19,1,0.8729040912139505
FGSG_13617,38,0.48254517721562173,16.45929409456006,FGSG_00330;FGSG_00743;FGSG_01422;FGSG_02030;FGSG_02271;FGSG_02272;FGSG_02461;FGSG_02782;FGSG_03061;FGSG_03295;FGSG_03546;FGSG_03547;FGSG_03548;FGSG_03894;FGSG_03992;FGSG_04458;FGSG_04588;FGSG_04589;FGSG_04590;FGSG_04591;FGSG_04592;FGSG_04593;FGSG_05610;FGSG_05843;FGSG_06055;FGSG_06257;FGSG_07075;FGSG_07528;FGSG_08601;FGSG_08712;FGSG_08774;FGSG_09012;FGSG_09280;FGSG_09456;FGSG_09826;FGSG_09834;FGSG_10347;FGSG_10947,1,D-amino-acid oxidase,GO:0003884;GO:0046416;GO:0055114;GO:0071949,12.587605880847233,29,-1.17704070268765,2.94308658317471e-19,1,0.8723675385647217
FGSG_08240,33,0.4595998502753863,14.31814014429057,FGSG_00007;FGSG_01866;FGSG_02255;FGSG_02320;FGSG_02321;FGSG_02323;FGSG_02324;FGSG_02325;FGSG_02326;FGSG_02327;FGSG_02328;FGSG_02329;FGSG_02840;FGSG_02903;FGSG_03532;FGSG_03539;FGSG_03541;FGSG_03543;FGSG_03600;FGSG_03842;FGSG_03881;FGSG_05919;FGSG_08081;FGSG_08082;FGSG_08083;FGSG_08795;FGSG_09064;FGSG_09187;FGSG_10670;FGSG_11184;FGSG_11326;FGSG_12211;FGSG_13952,2,uncharacterized protein,,8.295389966441043,19,1.53784232072941,0.0024380505766457,1,0.8716297786720322
FGSG_07588,28,0.4685451381836227,12.321297666261982,FGSG_00007;FGSG_01866;FGSG_02077;FGSG_02255;FGSG_02320;FGSG_02321;FGSG_02323;FGSG_02324;FGSG_02325;FGSG_02326;FGSG_02327;FGSG_02328;FGSG_02329;FGSG_02840;FGSG_02903;FGSG_03599;FGSG_03600;FGSG_03842;FGSG_03881;FGSG_05919;FGSG_08082;FGSG_08083;FGSG_08795;FGSG_09187;FGSG_10670;FGSG_11184;FGSG_11326;FGSG_13952,2,uncharacterized protein,GO:0019867,8.493385741445753,19,1.46282773655016,2.4314118655541e-94,1,0.871495640509725
FGSG_09333,21,0.4656006880203428,9.154844284199026,FGSG_00330;FGSG_00743;FGSG_01422;FGSG_02272;FGSG_02461;FGSG_03061;FGSG_03546;FGSG_03548;FGSG_03894;FGSG_03992;FGSG_04458;FGSG_04589;FGSG_04590;FGSG_05610;FGSG_08601;FGSG_08712;FGSG_09012;FGSG_09456;FGSG_09834;FGSG_10347;FGSG_12180,1,RDR1 protein,GO:0000981;GO:0003677;GO:0005634;GO:0006351;GO:0006357;GO:0008270;GO:0009410,7.880103007501961,18,-1.66981458616321,3.55226146324625e-18,1,0.8712944332662642
FGSG_11610,32,0.4707256285703251,14.166653019817726,FGSG_00007;FGSG_01866;FGSG_02255;FGSG_02320;FGSG_02321;FGSG_02323;FGSG_02324;FGSG_02325;FGSG_02326;FGSG_02327;FGSG_02328;FGSG_02329;FGSG_02840;FGSG_02903;FGSG_03532;FGSG_03539;FGSG_03541;FGSG_03543;FGSG_03599;FGSG_03600;FGSG_03842;FGSG_03881;FGSG_05919;FGSG_08081;FGSG_08082;FGSG_08083;FGSG_08795;FGSG_09187;FGSG_10670;FGSG_11184;FGSG_11326;FGSG_13952,2,uncharacterized protein,GO:0000981;GO:0005634;GO:0006357;GO:0008270,8.511516510839172,19,1.45555405830138,2.9065195004160203e-68,1,0.8712273641851107
FGSG_03862,22,0.47217095032379514,9.51265962194913,FGSG_02321;FGSG_02323;FGSG_02324;FGSG_02325;FGSG_02326;FGSG_02327;FGSG_02328;FGSG_02329;FGSG_02840;FGSG_02903;FGSG_03599;FGSG_03600;FGSG_03842;FGSG_05919;FGSG_08082;FGSG_08083;FGSG_08795;FGSG_09187;FGSG_10670;FGSG_11184;FGSG_11326;FGSG_13952,2,uncharacterized protein,GO:0016021;GO:0055085,8.250210704165097,19,1.56539690401882,1.0581293794998101e-15,1,0.8712273641851106
FGSG_02966,21,0.4884695696125668,9.138587626191512,FGSG_00743;FGSG_01422;FGSG_02030;FGSG_02271;FGSG_02272;FGSG_02461;FGSG_02782;FGSG_03061;FGSG_03295;FGSG_03894;FGSG_04309;FGSG_04590;FGSG_05610;FGSG_07075;FGSG_07528;FGSG_08712;FGSG_08774;FGSG_09012;FGSG_09456;FGSG_09834;FGSG_13136,1,uncharacterized protein,GO:0016021;GO:0055085,5.762837264453624,13,-4.48934047600804,1.1473997205522701e-240,1,0.8704896042924212
FGSG_06566,20,0.47939690648343236,8.741752249672642,FGSG_00330;FGSG_01422;FGSG_02272;FGSG_02461;FGSG_03061;FGSG_03295;FGSG_03546;FGSG_03547;FGSG_03548;FGSG_03992;FGSG_04458;FGSG_04590;FGSG_05610;FGSG_07075;FGSG_08601;FGSG_08712;FGSG_09280;FGSG_09456;FGSG_09834;FGSG_10347,1,succinate/fumarate transporter,GO:0005469;GO:0015741;GO:0016021;GO:0071422,7.499193359103117,17,-1.82962723378766,6.29218196494244e-64,1,0.8704225352112676
FGSG_10433,20,0.4778250923374285,8.570691491215358,FGSG_00330;FGSG_00743;FGSG_01422;FGSG_02272;FGSG_02461;FGSG_03061;FGSG_03546;FGSG_03548;FGSG_03894;FGSG_04458;FGSG_04589;FGSG_05610;FGSG_08601;FGSG_08712;FGSG_08774;FGSG_09012;FGSG_09834;FGSG_10347;FGSG_10922;FGSG_12180,1,uncharacterized protein,GO:0004252;GO:0006508,6.867976083642975,16,-2.41498319691157,3.52891289144377e-07,1,0.8704225352112676
FGSG_10728,20,0.4712613509380244,8.624808909116311,FGSG_00330;FGSG_00743;FGSG_01422;FGSG_02272;FGSG_03061;FGSG_03546;FGSG_03547;FGSG_03548;FGSG_03894;FGSG_03992;FGSG_04458;FGSG_04589;FGSG_04591;FGSG_05610;FGSG_08601;FGSG_08712;FGSG_09012;FGSG_09456;FGSG_09834;FGSG_10347,1,uncharacterized protein,GO:0004568;GO:0005975;GO:0006032;GO:0006508;GO:0007130;GO:0008047;GO:0010997;GO:0030476;GO:0043085;GO:0044778;GO:0045732;GO:0097027,7.786139346254429,18,-1.74119988360062,5.48594014532922e-08,1,0.8701542588866532
FGSG_09706,22,0.47189620948249633,9.59611664109362,FGSG_02321;FGSG_02323;FGSG_02324;FGSG_02325;FGSG_02326;FGSG_02327;FGSG_02328;FGSG_02329;FGSG_02840;FGSG_02903;FGSG_03599;FGSG_03600;FGSG_03842;FGSG_05919;FGSG_08082;FGSG_08083;FGSG_08795;FGSG_09187;FGSG_10670;FGSG_11184;FGSG_11326;FGSG_13952,2,uncharacterized protein,GO:0005524;GO:0016887,8.318612161730012,19,1.50278761310808,2.03443375260839e-39,1,0.8693494299128102
FGSG_11750,44,0.4827432789248851,19.4952117713152,FGSG_00043;FGSG_00330;FGSG_00743;FGSG_01346;FGSG_01422;FGSG_01947;FGSG_02030;FGSG_02272;FGSG_02461;FGSG_02554;FGSG_03061;FGSG_03340;FGSG_03546;FGSG_03547;FGSG_03548;FGSG_03894;FGSG_03992;FGSG_04458;FGSG_04490;FGSG_04589;FGSG_04590;FGSG_04591;FGSG_04592;FGSG_04593;FGSG_04596;FGSG_04763;FGSG_05610;FGSG_05926;FGSG_06055;FGSG_06257;FGSG_07075;FGSG_08601;FGSG_08712;FGSG_08774;FGSG_09012;FGSG_09280;FGSG_09456;FGSG_09826;FGSG_09834;FGSG_10347;FGSG_10922;FGSG_10947;FGSG_12180;FGSG_12223,1,uncharacterized protein,GO:0000981;GO:0003677;GO:0005634;GO:0006351;GO:0006357;GO:0008270,16.003529403703407,36,-1.04248133391684,1.01932242475203e-31,1,0.8690140845070423
FGSG_12700,29,0.48125932469786525,12.496160702930673,FGSG_00330;FGSG_00743;FGSG_01422;FGSG_02030;FGSG_02271;FGSG_02272;FGSG_02461;FGSG_03061;FGSG_03295;FGSG_03546;FGSG_03548;FGSG_03894;FGSG_03992;FGSG_04458;FGSG_04589;FGSG_04590;FGSG_04593;FGSG_05610;FGSG_07075;FGSG_07528;FGSG_08601;FGSG_08712;FGSG_08774;FGSG_09012;FGSG_09280;FGSG_09456;FGSG_09834;FGSG_10347;FGSG_10947,1,uncharacterized protein,GO:0016021;GO:0055085,9.49871966972963,22,-1.27494402545886,1.3598883891241002e-16,1,0.8689470154258887
FGSG_04457,26,0.4717878627589193,11.380272162071993,FGSG_01866;FGSG_02077;FGSG_02320;FGSG_02321;FGSG_02323;FGSG_02324;FGSG_02325;FGSG_02326;FGSG_02327;FGSG_02328;FGSG_02329;FGSG_02840;FGSG_02903;FGSG_03599;FGSG_03600;FGSG_03842;FGSG_03881;FGSG_05919;FGSG_08082;FGSG_08083;FGSG_08795;FGSG_09187;FGSG_10670;FGSG_11184;FGSG_11326;FGSG_13952,2,uncharacterized protein,,8.452850258570964,19,1.44268156381642,1.4153275403040998e-125,1,0.8689470154258886
FGSG_03737,18,0.48161086597421066,7.836116921601429,FGSG_00743;FGSG_01422;FGSG_02272;FGSG_02461;FGSG_03061;FGSG_03548;FGSG_03894;FGSG_04458;FGSG_04589;FGSG_04590;FGSG_05610;FGSG_08601;FGSG_08712;FGSG_08774;FGSG_09012;FGSG_09456;FGSG_09834;FGSG_10347,1,uncharacterized protein,GO:0016021;GO:0055085,6.064424767307846,14,-3.38249008311198,0.0017304415795912,1,0.8682092555331993
FGSG_02657,23,0.4719009423574953,9.990189984952375,FGSG_00330;FGSG_00743;FGSG_01422;FGSG_02272;FGSG_02461;FGSG_03061;FGSG_03546;FGSG_03547;FGSG_03548;FGSG_03894;FGSG_03992;FGSG_04458;FGSG_04589;FGSG_04590;FGSG_04591;FGSG_05610;FGSG_08601;FGSG_08712;FGSG_09012;FGSG_09280;FGSG_09456;FGSG_09834;FGSG_10347,1,uncharacterized protein,GO:0020037;GO:0051213;GO:0055114,8.725167560145255,20,-1.35354210034978,3.02271782327115e-17,1,0.8680080482897384
FGSG_04087,23,0.4610901772479629,9.975201919102856,FGSG_00330;FGSG_00743;FGSG_01422;FGSG_02272;FGSG_02461;FGSG_03061;FGSG_03546;FGSG_03547;FGSG_03548;FGSG_03894;FGSG_03992;FGSG_04458;FGSG_04589;FGSG_04590;FGSG_05610;FGSG_08601;FGSG_08712;FGSG_08774;FGSG_09012;FGSG_09280;FGSG_09456;FGSG_09834;FGSG_10347,1,uncharacterized protein,GO:0006672;GO:0016021;GO:0016811,8.268558644693663,19,-1.50610755740473,5.60576125522635e-16,1,0.8677397719651241
FGSG_13196,28,0.46557763384647366,12.185895339194495,FGSG_01866;FGSG_02077;FGSG_02255;FGSG_02320;FGSG_02321;FGSG_02323;FGSG_02324;FGSG_02325;FGSG_02326;FGSG_02327;FGSG_02328;FGSG_02329;FGSG_02840;FGSG_02903;FGSG_03574;FGSG_03599;FGSG_03600;FGSG_03842;FGSG_03881;FGSG_05919;FGSG_08082;FGSG_08083;FGSG_08795;FGSG_09187;FGSG_10670;FGSG_11184;FGSG_11326;FGSG_13952,2,uncharacterized protein,GO:0016491;GO:0055114,8.352727789759664,19,1.4489483255992,4.12856879603503e-13,1,0.8668678739101274
FGSG_08230,22,0.4883512853449976,9.58086835813469,FGSG_00743;FGSG_01422;FGSG_02030;FGSG_02271;FGSG_02272;FGSG_02461;FGSG_03061;FGSG_03295;FGSG_03548;FGSG_03894;FGSG_04458;FGSG_04590;FGSG_05610;FGSG_07075;FGSG_07528;FGSG_08712;FGSG_08774;FGSG_09012;FGSG_09456;FGSG_09834;FGSG_10347;FGSG_13136,1,uncharacterized protein,GO:0016021;GO:0055085,6.986820516742787,16,-2.13270354052949,2.08789341036544e-13,1,0.8668008048289738
FGSG_10884,21,0.4724366833122894,9.070567910275392,FGSG_00043;FGSG_00044;FGSG_00047;FGSG_00048;FGSG_00330;FGSG_01422;FGSG_01947;FGSG_02272;FGSG_03061;FGSG_03546;FGSG_03547;FGSG_03548;FGSG_03992;FGSG_04458;FGSG_04590;FGSG_04591;FGSG_08601;FGSG_09280;FGSG_09456;FGSG_09834;FGSG_10347,1,uncharacterized protein,GO:0004674;GO:0006468,8.658675562577804,20,-1.34586603854145,2.47583257477289e-19,1,0.8666666666666667
FGSG_00054,33,0.46527046747544465,14.446987342474761,FGSG_00007;FGSG_01866;FGSG_02077;FGSG_02255;FGSG_02320;FGSG_02321;FGSG_02323;FGSG_02324;FGSG_02325;FGSG_02326;FGSG_02327;FGSG_02328;FGSG_02329;FGSG_02840;FGSG_02903;FGSG_03532;FGSG_03539;FGSG_03541;FGSG_03574;FGSG_03600;FGSG_03842;FGSG_03881;FGSG_05919;FGSG_08081;FGSG_08082;FGSG_08083;FGSG_08795;FGSG_09187;FGSG_10670;FGSG_11184;FGSG_11326;FGSG_12211;FGSG_13952,2,uncharacterized protein,GO:0005488;GO:0006355,8.484813117256474,19,1.3760701782257,1.12757953036096e-38,1,0.8654594232059021
FGSG_08681,20,0.4658916547152065,8.761346582832081,FGSG_00330;FGSG_00743;FGSG_01422;FGSG_02272;FGSG_02461;FGSG_03061;FGSG_03546;FGSG_03548;FGSG_03894;FGSG_03992;FGSG_04458;FGSG_04589;FGSG_04590;FGSG_05610;FGSG_08601;FGSG_08712;FGSG_09012;FGSG_09456;FGSG_09834;FGSG_10347,1,uncharacterized protein,,7.455626516120094,17,-1.72993092034522,0.0002217175153802,1,0.8651911468812877
FGSG_09232,33,0.49723168116976657,14.420175570816626,FGSG_00743;FGSG_00765;FGSG_01422;FGSG_01621;FGSG_02030;FGSG_02271;FGSG_02272;FGSG_02461;FGSG_03061;FGSG_03894;FGSG_04309;FGSG_04458;FGSG_04588;FGSG_04589;FGSG_04590;FGSG_04593;FGSG_05368;FGSG_05610;FGSG_07075;FGSG_07528;FGSG_08493;FGSG_08712;FGSG_08774;FGSG_09012;FGSG_09456;FGSG_09834;FGSG_10347;FGSG_10922;FGSG_10947;FGSG_11206;FGSG_12180;FGSG_12223;FGSG_13136,1,uncharacterized protein,GO:0005267;GO:0016021;GO:0071805,9.59406370389133,22,-1.22834996634885,3.10918070476539e-26,1,0.8648558014755198
FGSG_04582,43,0.4991227971093977,19.394772854973283,FGSG_00330;FGSG_00743;FGSG_01422;FGSG_02030;FGSG_02271;FGSG_02272;FGSG_02461;FGSG_03061;FGSG_03295;FGSG_03546;FGSG_03547;FGSG_03548;FGSG_03894;FGSG_03992;FGSG_04458;FGSG_04490;FGSG_04589;FGSG_04590;FGSG_04591;FGSG_04592;FGSG_04593;FGSG_04595;FGSG_04596;FGSG_04763;FGSG_05610;FGSG_05843;FGSG_06055;FGSG_06257;FGSG_07075;FGSG_07528;FGSG_08601;FGSG_08712;FGSG_08774;FGSG_09012;FGSG_09280;FGSG_09456;FGSG_09826;FGSG_09834;FGSG_10347;FGSG_10947;FGSG_12180;FGSG_12223;FGSG_13136,1,uncharacterized protein,GO:0004818;GO:0005524;GO:0005634;GO:0005739;GO:0005829;GO:0006424;GO:0017102,15.80368748192093,35,-1.02193872747785,1.24921477520544e-38,1,0.8645204560697519
FGSG_09104,12,0.46269369127673415,5.29239256977313,FGSG_00330;FGSG_03546;FGSG_03547;FGSG_03548;FGSG_03992;FGSG_04458;FGSG_04591;FGSG_08601;FGSG_09280;FGSG_09456;FGSG_09834;FGSG_10347,1,uncharacterized protein,GO:0016021;GO:0016491;GO:0046872;GO:0055085;GO:0055114,5.29239256977313,12,-5.82289762178675,0.0001392449982034,1,0.8637826961770624
FGSG_03701,39,0.4985890237483785,16.905155397018465,FGSG_00330;FGSG_00743;FGSG_01422;FGSG_02030;FGSG_02271;FGSG_02272;FGSG_02461;FGSG_03061;FGSG_03340;FGSG_03546;FGSG_03547;FGSG_03548;FGSG_03894;FGSG_03992;FGSG_04458;FGSG_04588;FGSG_04589;FGSG_04590;FGSG_04591;FGSG_04592;FGSG_04593;FGSG_05368;FGSG_05610;FGSG_06055;FGSG_07075;FGSG_08601;FGSG_08712;FGSG_08774;FGSG_09012;FGSG_09280;FGSG_09456;FGSG_09826;FGSG_09834;FGSG_10347;FGSG_10922;FGSG_10947;FGSG_12180;FGSG_12223;FGSG_13136,1,uncharacterized protein,,14.22048103318967,33,-1.06072636991777,1.01699651103418e-08,1,0.8635814889336015
FGSG_08191,28,0.45859889199822707,12.010006343018164,FGSG_00007;FGSG_01866;FGSG_02077;FGSG_02255;FGSG_02320;FGSG_02321;FGSG_02323;FGSG_02324;FGSG_02325;FGSG_02326;FGSG_02327;FGSG_02328;FGSG_02329;FGSG_02840;FGSG_02903;FGSG_03532;FGSG_03574;FGSG_03600;FGSG_03842;FGSG_03881;FGSG_08082;FGSG_08083;FGSG_08795;FGSG_09187;FGSG_10670;FGSG_11326;FGSG_12211;FGSG_13952,2,uncharacterized protein,GO:0004497;GO:0005506;GO:0016021;GO:0016705;GO:0020037;GO:0055114,7.4082843701330825,17,1.74713500737946,0.0029872000287688,1,0.8632461435278337
FGSG_03951,24,0.4803025217628744,10.68308294510282,FGSG_00330;FGSG_00743;FGSG_01422;FGSG_02272;FGSG_02461;FGSG_03061;FGSG_03546;FGSG_03547;FGSG_03548;FGSG_03894;FGSG_03992;FGSG_04458;FGSG_04589;FGSG_04590;FGSG_04591;FGSG_05610;FGSG_06055;FGSG_08601;FGSG_08712;FGSG_09012;FGSG_09280;FGSG_09456;FGSG_09834;FGSG_10347,1,uncharacterized protein,GO:0006665;GO:0008168;GO:0016021;GO:0032259,9.377816226641514,21,-1.21203216847654,1.3970761779511e-27,1,0.8627766599597586
FGSG_13868,21,0.4682957158043724,9.069907139289366,FGSG_00330;FGSG_01422;FGSG_02271;FGSG_02272;FGSG_02461;FGSG_03061;FGSG_03295;FGSG_03546;FGSG_03548;FGSG_03894;FGSG_03992;FGSG_04458;FGSG_04590;FGSG_05610;FGSG_07075;FGSG_08601;FGSG_08712;FGSG_09280;FGSG_09456;FGSG_09834;FGSG_10347,1,uncharacterized protein,GO:0016021,7.801287375155106,18,-1.5839436789847,8.842723327492619e-11,1,0.8622401073105298
FGSG_07862,20,0.48038474940170506,8.685634222363149,FGSG_00743;FGSG_01422;FGSG_02271;FGSG_02272;FGSG_02461;FGSG_02782;FGSG_03061;FGSG_03295;FGSG_03894;FGSG_04458;FGSG_04590;FGSG_05610;FGSG_05843;FGSG_07075;FGSG_07528;FGSG_08712;FGSG_09012;FGSG_09456;FGSG_09834;FGSG_10347,1,uncharacterized protein,GO:0008080,6.128209286289696,14,-2.78178742742163,4.42477099819281e-40,1,0.8621730382293763
FGSG_07646,16,0.46561384059822497,6.931514617908716,FGSG_02321;FGSG_02323;FGSG_02324;FGSG_02325;FGSG_02326;FGSG_02327;FGSG_02328;FGSG_02329;FGSG_02840;FGSG_02903;FGSG_03599;FGSG_03842;FGSG_08083;FGSG_10670;FGSG_11326;FGSG_13952,2,uncharacterized protein,GO:0046353;GO:0046677,6.08108733478669,14,2.86346479744678,3.86953385755072e-25,1,0.8621730382293762
FGSG_08700,25,0.4691432429224517,10.593195254181184,FGSG_00330;FGSG_00743;FGSG_01422;FGSG_02272;FGSG_02461;FGSG_02554;FGSG_03061;FGSG_03340;FGSG_03546;FGSG_03548;FGSG_03894;FGSG_04458;FGSG_04490;FGSG_04589;FGSG_04596;FGSG_05610;FGSG_08601;FGSG_08712;FGSG_08774;FGSG_09012;FGSG_09826;FGSG_10347;FGSG_10922;FGSG_12180;FGSG_12223,1,malate synthase,GO:0004474;GO:0006097;GO:0006099,8.486922150007864,20,-1.3128821462662,8.74794090312508e-62,1,0.8620389000670691
FGSG_03956,15,0.46219184471086294,6.484212637987857,FGSG_02321;FGSG_02323;FGSG_02324;FGSG_02325;FGSG_02326;FGSG_02327;FGSG_02328;FGSG_02329;FGSG_02840;FGSG_02903;FGSG_03599;FGSG_03842;FGSG_08083;FGSG_11326;FGSG_13952,2,uncharacterized protein,GO:0016021;GO:0055085,5.640577162251828,13,3.75200907528077,4.45179597312545e-24,1,0.8619718309859155
FGSG_04312,47,0.49509658569579756,21.039817315602534,FGSG_00330;FGSG_00743;FGSG_00765;FGSG_01422;FGSG_01621;FGSG_02030;FGSG_02271;FGSG_02272;FGSG_02461;FGSG_02782;FGSG_03061;FGSG_03295;FGSG_03546;FGSG_03547;FGSG_03548;FGSG_03894;FGSG_03992;FGSG_04309;FGSG_04458;FGSG_04588;FGSG_04589;FGSG_04590;FGSG_04591;FGSG_04592;FGSG_04593;FGSG_05368;FGSG_05610;FGSG_06055;FGSG_06506;FGSG_07075;FGSG_07528;FGSG_08601;FGSG_08712;FGSG_08774;FGSG_09012;FGSG_09280;FGSG_09456;FGSG_09826;FGSG_09834;FGSG_10347;FGSG_10922;FGSG_10947;FGSG_11206;FGSG_12180;FGSG_12222;FGSG_12223;FGSG_13136,1,uncharacterized protein,GO:0005524;GO:0005754;GO:0015991;GO:0042776;GO:0043531;GO:0046933;GO:0046961,15.636801953225445,35,-1.01100607409286,6.38423763639811e-29,1,0.8616364855801475
FGSG_04159,21,0.4645462088001984,8.987843687205096,FGSG_00330;FGSG_00743;FGSG_01422;FGSG_02272;FGSG_03061;FGSG_03546;FGSG_03547;FGSG_03548;FGSG_03894;FGSG_03992;FGSG_04458;FGSG_04589;FGSG_04591;FGSG_05610;FGSG_08601;FGSG_08712;FGSG_09012;FGSG_09280;FGSG_09456;FGSG_09834;FGSG_10347,1,uncharacterized protein,GO:0016021,8.162413988909575,19,-1.45932579438354,4.86801595512093e-07,1,0.8610328638497653
FGSG_04735,25,0.4888490317579672,10.791682146220401,FGSG_00743;FGSG_00765;FGSG_01422;FGSG_01621;FGSG_02030;FGSG_02272;FGSG_02461;FGSG_02972;FGSG_03061;FGSG_03747;FGSG_03894;FGSG_04588;FGSG_04589;FGSG_04593;FGSG_05368;FGSG_05610;FGSG_08493;FGSG_08712;FGSG_08774;FGSG_09012;FGSG_10444;FGSG_10922;FGSG_11206;FGSG_12180;FGSG_13136,1,uncharacterized protein,,6.483766666668853,15,-2.38242182686172,4.78683857437472e-114,1,0.860429242119383
FGSG_12741,27,0.4815924893987139,11.600492553079564,FGSG_00330;FGSG_00743;FGSG_01422;FGSG_02030;FGSG_02271;FGSG_02272;FGSG_02461;FGSG_03061;FGSG_03295;FGSG_03546;FGSG_03548;FGSG_03894;FGSG_03992;FGSG_04458;FGSG_04588;FGSG_04590;FGSG_04593;FGSG_05610;FGSG_07075;FGSG_07528;FGSG_08712;FGSG_08774;FGSG_09012;FGSG_09456;FGSG_09834;FGSG_10347;FGSG_10947,1,uncharacterized protein,GO:0000981;GO:0003677;GO:0005506;GO:0005634;GO:0006351;GO:0006357;GO:0008270;GO:0016021;GO:0016705;GO:0031418;GO:0055114,8.592477206154147,20,-1.28670149971828,1.34525191257148e-14,1,0.8603621730382294
FGSG_07592,21,0.46763441402403744,9.241855122745728,FGSG_00330;FGSG_00743;FGSG_01422;FGSG_02271;FGSG_02272;FGSG_02461;FGSG_03061;FGSG_03546;FGSG_03548;FGSG_03894;FGSG_03992;FGSG_04458;FGSG_04590;FGSG_05610;FGSG_07075;FGSG_08601;FGSG_08712;FGSG_09012;FGSG_09456;FGSG_09834;FGSG_10347,1,uncharacterized protein,GO:0008080,7.940229006615963,18,-1.47429849813013,1.21374531403623e-06,1,0.8602951039570758
FGSG_13391,18,0.47771505123824515,7.803259196321566,FGSG_00743;FGSG_01422;FGSG_02271;FGSG_02272;FGSG_02461;FGSG_03061;FGSG_03548;FGSG_03894;FGSG_04458;FGSG_04590;FGSG_05610;FGSG_07075;FGSG_08712;FGSG_08774;FGSG_09012;FGSG_09456;FGSG_09834;FGSG_10347,1,uncharacterized protein,,6.075460970177215,14,-2.73142328294116,9.281161282097511e-17,1,0.8594232059020792
FGSG_01617,16,0.45978125373227685,6.848516850982037,FGSG_01422;FGSG_02271;FGSG_02272;FGSG_02461;FGSG_03061;FGSG_03546;FGSG_03548;FGSG_03894;FGSG_04458;FGSG_04590;FGSG_05610;FGSG_07075;FGSG_09012;FGSG_09456;FGSG_09834;FGSG_10347,1,uncharacterized protein,,5.983533801091981,14,-3.02393321395775,5.63816893899279e-07,1,0.859289067739772
FGSG_13840,15,0.46876061891292065,6.5580166968285925,FGSG_02321;FGSG_02323;FGSG_02324;FGSG_02325;FGSG_02326;FGSG_02327;FGSG_02328;FGSG_02329;FGSG_02840;FGSG_02903;FGSG_03599;FGSG_03842;FGSG_08083;FGSG_11326;FGSG_13952,2,uncharacterized protein,GO:0016614;GO:0050660;GO:0055114,5.708083392499138,13,3.27837463727588,1.30695791255912e-15,1,0.8587525150905433
FGSG_03420,16,0.49219893419392347,6.999317951156034,FGSG_00743;FGSG_01422;FGSG_02272;FGSG_02461;FGSG_03061;FGSG_03894;FGSG_04458;FGSG_04589;FGSG_04590;FGSG_05610;FGSG_08712;FGSG_08774;FGSG_09012;FGSG_09834;FGSG_10347;FGSG_12180,1,uncharacterized protein,GO:0016021,5.2276773307672455,12,-5.01478258939941,4.20736764811855e-05,1,0.8584171696847753
FGSG_02267,30,0.46654024778858333,13.18872903202886,FGSG_00007;FGSG_01866;FGSG_02255;FGSG_02321;FGSG_02323;FGSG_02324;FGSG_02325;FGSG_02326;FGSG_02327;FGSG_02328;FGSG_02329;FGSG_02840;FGSG_03532;FGSG_03535;FGSG_03539;FGSG_03541;FGSG_03543;FGSG_03600;FGSG_03842;FGSG_03881;FGSG_07896;FGSG_08081;FGSG_08082;FGSG_08083;FGSG_08795;FGSG_09187;FGSG_10670;FGSG_11184;FGSG_11326;FGSG_13952,2,uncharacterized protein,GO:0016491;GO:0055114,7.025742130222375,16,1.80462665227932,2.65671702379197e-84,1,0.8581488933601609
FGSG_12548,23,0.47728081434278974,9.741350453610421,FGSG_00743;FGSG_01422;FGSG_02272;FGSG_02461;FGSG_02554;FGSG_03061;FGSG_03340;FGSG_03546;FGSG_03548;FGSG_03894;FGSG_04458;FGSG_04589;FGSG_04593;FGSG_05610;FGSG_08601;FGSG_08712;FGSG_08774;FGSG_09012;FGSG_09826;FGSG_10347;FGSG_10922;FGSG_12180;FGSG_12223,1,uncharacterized protein,GO:0005576;GO:0016021;GO:0016998;GO:0030600,7.643148262290031,18,-1.57343827593901,1.13303048457766e-26,1,0.8580147551978538
FGSG_05011,31,0.47668708780594377,13.20126997311331,FGSG_00043;FGSG_00044;FGSG_00048;FGSG_00330;FGSG_00743;FGSG_01346;FGSG_01422;FGSG_01947;FGSG_02272;FGSG_03061;FGSG_03340;FGSG_03546;FGSG_03547;FGSG_03548;FGSG_03894;FGSG_03992;FGSG_04458;FGSG_04490;FGSG_04589;FGSG_04591;FGSG_04596;FGSG_05610;FGSG_05926;FGSG_08601;FGSG_08712;FGSG_09012;FGSG_09280;FGSG_09456;FGSG_09834;FGSG_10347;FGSG_11658,1,uncharacterized protein,GO:0016021;GO:0055085,11.551346088307128,27,-1.08752961036243,1.5520333225442098e-33,1,0.8577464788732394
FGSG_09230,32,0.47687514426640504,13.774719866777195,FGSG_00330;FGSG_00743;FGSG_01422;FGSG_02030;FGSG_02271;FGSG_02272;FGSG_02461;FGSG_02782;FGSG_03061;FGSG_03295;FGSG_03546;FGSG_03547;FGSG_03548;FGSG_03894;FGSG_03992;FGSG_04458;FGSG_04590;FGSG_04591;FGSG_05610;FGSG_05843;FGSG_06257;FGSG_07075;FGSG_07528;FGSG_08601;FGSG_08712;FGSG_08774;FGSG_09012;FGSG_09280;FGSG_09456;FGSG_09834;FGSG_10347;FGSG_10947,1,uncharacterized protein,,9.955046455310677,23,-1.13359478255373,9.678107386979e-23,1,0.8577464788732394
FGSG_08352,33,0.5000898315877034,14.631712363925793,FGSG_00743;FGSG_00765;FGSG_01422;FGSG_01621;FGSG_02030;FGSG_02271;FGSG_02272;FGSG_02461;FGSG_02972;FGSG_03061;FGSG_03747;FGSG_03894;FGSG_04458;FGSG_04588;FGSG_04589;FGSG_04590;FGSG_04593;FGSG_05368;FGSG_05610;FGSG_08493;FGSG_08601;FGSG_08712;FGSG_08774;FGSG_09012;FGSG_10347;FGSG_10444;FGSG_10922;FGSG_10947;FGSG_11206;FGSG_12180;FGSG_12222;FGSG_12223;FGSG_13136,1,glycine dehydrogenase,GO:0004375;GO:0005739;GO:0006730;GO:0019464;GO:0055114,9.73369421201437,22,-1.13944667980193,2.5586504346881597e-43,1,0.857478202548625
FGSG_08375,19,0.4703595624392712,8.159825777279426,FGSG_02321;FGSG_02323;FGSG_02324;FGSG_02325;FGSG_02326;FGSG_02327;FGSG_02328;FGSG_02329;FGSG_02840;FGSG_02903;FGSG_03599;FGSG_03842;FGSG_05919;FGSG_08083;FGSG_09187;FGSG_10670;FGSG_11184;FGSG_11326;FGSG_13952,2,uncharacterized protein,GO:0000111;GO:0003684;GO:0005829;GO:0006289;GO:0006298;GO:0016021;GO:0043161;GO:0055085;GO:0072686,7.311085593711035,17,1.72069124542237,8.508109740145439e-30,1,0.8573440643863179
FGSG_09483,15,0.4659709835563371,6.493089399809789,FGSG_02321;FGSG_02323;FGSG_02324;FGSG_02325;FGSG_02326;FGSG_02327;FGSG_02328;FGSG_02329;FGSG_02840;FGSG_02903;FGSG_03599;FGSG_05919;FGSG_08083;FGSG_11326;FGSG_13952,2,uncharacterized protein,GO:0004617;GO:0006564;GO:0016597;GO:0051287;GO:0055114,5.6513518244343635,13,3.18435221117278,7.5558332695902e-44,1,0.8557344064386319
FGSG_02220,19,0.4634492561896599,8.003375781694963,FGSG_00330;FGSG_00743;FGSG_01422;FGSG_02272;FGSG_03061;FGSG_03340;FGSG_03546;FGSG_03548;FGSG_03894;FGSG_04458;FGSG_04589;FGSG_05610;FGSG_08601;FGSG_08712;FGSG_08774;FGSG_09012;FGSG_10347;FGSG_10922;FGSG_12180,1,uncharacterized protein,GO:0016620;GO:0055114,6.752541434927173,16,-2.02569629465335,3.13131863397796e-27,1,0.8556002682763246
FGSG_08773,34,0.5001922138502812,14.753660463074203,FGSG_00743;FGSG_00765;FGSG_01422;FGSG_01621;FGSG_02030;FGSG_02271;FGSG_02272;FGSG_02461;FGSG_02972;FGSG_03061;FGSG_03747;FGSG_03894;FGSG_04458;FGSG_04588;FGSG_04589;FGSG_04590;FGSG_04593;FGSG_05368;FGSG_05610;FGSG_08493;FGSG_08601;FGSG_08712;FGSG_08774;FGSG_09012;FGSG_09826;FGSG_10347;FGSG_10444;FGSG_10922;FGSG_10947;FGSG_11206;FGSG_12180;FGSG_12222;FGSG_12223;FGSG_13136,1,mannose-1-phosphate guanyltransferase,GO:0000032;GO:0004475;GO:0005525;GO:0005829;GO:0006486;GO:0007049;GO:0009272;GO:0009298;GO:0051286,9.98514103546825,23,-1.11116373986153,9.48937950554011e-21,1,0.8551978537894032
FGSG_05706,23,0.4692337367963815,9.956116528979845,FGSG_02321;FGSG_02323;FGSG_02324;FGSG_02325;FGSG_02326;FGSG_02327;FGSG_02328;FGSG_02329;FGSG_02840;FGSG_02903;FGSG_03539;FGSG_03541;FGSG_03599;FGSG_03600;FGSG_03842;FGSG_05919;FGSG_08082;FGSG_08083;FGSG_08795;FGSG_09187;FGSG_11184;FGSG_11326;FGSG_13952,2,uncharacterized protein,,7.868457437404177,18,1.43348235933504,9.305857952422611e-46,1,0.8546613011401744
FGSG_04886,21,0.4947654839452862,9.143299217016711,FGSG_00743;FGSG_01422;FGSG_02030;FGSG_02271;FGSG_02272;FGSG_02461;FGSG_03061;FGSG_03295;FGSG_03894;FGSG_04458;FGSG_04590;FGSG_05610;FGSG_07075;FGSG_07528;FGSG_08712;FGSG_08774;FGSG_09012;FGSG_09456;FGSG_09834;FGSG_10347;FGSG_13136,1,uncharacterized protein,GO:0004657;GO:0005739;GO:0010133;GO:0055114,6.570878659859962,15,-2.06820048490769,9.03487968737209e-130,1,0.85439302481556
FGSG_08188,21,0.45223762190015265,9.007994037916978,FGSG_01866;FGSG_02077;FGSG_02320;FGSG_02321;FGSG_02323;FGSG_02324;FGSG_02325;FGSG_02326;FGSG_02327;FGSG_02328;FGSG_02329;FGSG_02903;FGSG_03574;FGSG_03881;FGSG_08083;FGSG_08795;FGSG_09187;FGSG_10670;FGSG_11326;FGSG_12211;FGSG_13952,2,uncharacterized protein,GO:0000166;GO:0005507;GO:0016021;GO:0019829;GO:0030001;GO:0098655,6.0283865554613705,14,2.59720677259977,4.7556182404436097e-122,1,0.8536552649228706
FGSG_09402,35,0.5022581035478713,15.294004886452232,FGSG_00330;FGSG_00743;FGSG_00765;FGSG_01422;FGSG_01621;FGSG_02030;FGSG_02271;FGSG_02272;FGSG_02461;FGSG_03061;FGSG_03548;FGSG_03747;FGSG_03894;FGSG_04458;FGSG_04588;FGSG_04589;FGSG_04590;FGSG_04593;FGSG_05368;FGSG_05610;FGSG_07075;FGSG_08493;FGSG_08601;FGSG_08712;FGSG_08774;FGSG_09012;FGSG_09456;FGSG_09834;FGSG_10347;FGSG_10922;FGSG_10947;FGSG_11206;FGSG_12180;FGSG_12223;FGSG_13136,1,uncharacterized protein,GO:0008654;GO:0016021;GO:0016780,10.89166975008825,25,-1.05299105035353,5.37545335249321e-31,1,0.8509725016767271
FGSG_09210,15,0.45536516854438897,6.4519179888359455,FGSG_02321;FGSG_02323;FGSG_02324;FGSG_02325;FGSG_02326;FGSG_02327;FGSG_02328;FGSG_02329;FGSG_02840;FGSG_03599;FGSG_03842;FGSG_08083;FGSG_11184;FGSG_11326;FGSG_13952,2,uncharacterized protein,GO:0006950;GO:0016021;GO:0055085,5.618924631340082,13,2.9142982736054,1.56988858821233e-92,1,0.8504359490274983
FGSG_10190,23,0.4900772425989529,10.010417036191983,FGSG_00330;FGSG_00743;FGSG_01422;FGSG_02030;FGSG_02272;FGSG_02461;FGSG_03061;FGSG_03546;FGSG_03548;FGSG_03894;FGSG_04458;FGSG_04589;FGSG_04590;FGSG_04593;FGSG_05610;FGSG_06055;FGSG_08601;FGSG_08712;FGSG_08774;FGSG_09012;FGSG_09834;FGSG_10347;FGSG_12180,1,uncharacterized protein,GO:0008168;GO:0032259,7.8300768135315035,18,-1.3850630060637,1.0034505755069899e-12,1,0.8502347417840377
FGSG_01352,28,0.4822109257712637,12.418184234705278,FGSG_00330;FGSG_00743;FGSG_01422;FGSG_02271;FGSG_02272;FGSG_02461;FGSG_03061;FGSG_03546;FGSG_03547;FGSG_03548;FGSG_03894;FGSG_03992;FGSG_04458;FGSG_04589;FGSG_04590;FGSG_04591;FGSG_04763;FGSG_05610;FGSG_06055;FGSG_06257;FGSG_07075;FGSG_08601;FGSG_08712;FGSG_09012;FGSG_09280;FGSG_09456;FGSG_09834;FGSG_10347,1,uncharacterized protein,GO:0016021;GO:0055085,11.09318670221911,25,-1.04120274337953,1.78660088073832e-22,1,0.8501006036217303
FGSG_02218,19,0.4674671622607109,8.199472165734695,FGSG_02321;FGSG_02323;FGSG_02324;FGSG_02325;FGSG_02326;FGSG_02327;FGSG_02328;FGSG_02329;FGSG_02840;FGSG_02903;FGSG_03599;FGSG_03600;FGSG_03842;FGSG_05919;FGSG_08083;FGSG_09187;FGSG_11184;FGSG_11326;FGSG_13952,2,uncharacterized protein,GO:0008152;GO:0016787,7.355304497851607,17,1.55685392588263,1.81617968317062e-65,1,0.8494969818913481
FGSG_07173,22,0.47310125853402096,9.592714626348506,FGSG_00330;FGSG_01422;FGSG_02272;FGSG_02461;FGSG_03061;FGSG_03546;FGSG_03547;FGSG_03548;FGSG_03894;FGSG_03992;FGSG_04458;FGSG_04590;FGSG_04591;FGSG_05610;FGSG_07075;FGSG_08601;FGSG_08712;FGSG_09012;FGSG_09280;FGSG_09456;FGSG_09834;FGSG_10347,1,alpha-methylacyl-CoA racemase,GO:0003824,8.740375829284602,20,-1.15165002564252,4.5789289239828896e-11,1,0.8494299128101945
FGSG_09351,34,0.45913738060938364,14.888087755769442,FGSG_00007;FGSG_01866;FGSG_02255;FGSG_02320;FGSG_02321;FGSG_02323;FGSG_02324;FGSG_02325;FGSG_02326;FGSG_02327;FGSG_02328;FGSG_02329;FGSG_02840;FGSG_02903;FGSG_03532;FGSG_03539;FGSG_03541;FGSG_03543;FGSG_03574;FGSG_03600;FGSG_03842;FGSG_03881;FGSG_08078;FGSG_08081;FGSG_08082;FGSG_08083;FGSG_08084;FGSG_08795;FGSG_09064;FGSG_09187;FGSG_10670;FGSG_11326;FGSG_12211;FGSG_13952,2,uncharacterized protein,GO:0004497;GO:0005506;GO:0008168;GO:0016021;GO:0016705;GO:0020037;GO:0032259;GO:0055114,7.512996433923175,17,1.46155607837141,6.46726418452773e-112,1,0.8494299128101945
FGSG_07741,29,0.461718707677008,12.618898594974706,FGSG_00007;FGSG_01866;FGSG_02255;FGSG_02321;FGSG_02323;FGSG_02324;FGSG_02325;FGSG_02326;FGSG_02327;FGSG_02328;FGSG_02329;FGSG_02840;FGSG_03532;FGSG_03539;FGSG_03541;FGSG_03543;FGSG_03600;FGSG_03842;FGSG_03881;FGSG_07896;FGSG_08081;FGSG_08082;FGSG_08083;FGSG_08795;FGSG_09187;FGSG_10670;FGSG_11184;FGSG_11326;FGSG_13952,2,uncharacterized protein,GO:0005576;GO:0009405,6.961494983089338,16,1.65593577444309,3.52712840980643e-13,1,0.8480214621059692
FGSG_01162,28,0.49022962186181696,12.401147099720477,FGSG_00330;FGSG_00743;FGSG_01422;FGSG_02271;FGSG_02272;FGSG_02461;FGSG_03061;FGSG_03295;FGSG_03546;FGSG_03548;FGSG_03894;FGSG_03992;FGSG_04458;FGSG_04589;FGSG_04590;FGSG_05610;FGSG_06055;FGSG_06257;FGSG_07075;FGSG_07528;FGSG_08601;FGSG_08712;FGSG_08774;FGSG_09012;FGSG_09280;FGSG_09456;FGSG_09834;FGSG_10347,1,uncharacterized protein,GO:0008324;GO:0016021;GO:0098655,10.220725865241661,23,-1.05031038694932,1.3193349394043099e-11,1,0.8479543930248156
FGSG_05532,14,0.4615335276388739,6.060406837625568,FGSG_02321;FGSG_02323;FGSG_02324;FGSG_02325;FGSG_02326;FGSG_02327;FGSG_02328;FGSG_02329;FGSG_02840;FGSG_02903;FGSG_03599;FGSG_05919;FGSG_11326;FGSG_13952,2,uncharacterized protein,GO:0016021,5.2291679113928415,12,3.35043065500121,5.71818846051082e-75,1,0.847216633132126
FGSG_00199,19,0.456702705545805,8.19809799569525,FGSG_01866;FGSG_02077;FGSG_02320;FGSG_02321;FGSG_02323;FGSG_02324;FGSG_02325;FGSG_02326;FGSG_02327;FGSG_02328;FGSG_02329;FGSG_02840;FGSG_02903;FGSG_03574;FGSG_05919;FGSG_08083;FGSG_08795;FGSG_10670;FGSG_11326,2,uncharacterized protein,,5.644827753460723,13,2.63916990543893,1.91071877613186e-103,1,0.8469483568075118
FGSG_07705,17,0.45991503881836876,7.356980622077346,FGSG_02077;FGSG_02320;FGSG_02321;FGSG_02323;FGSG_02324;FGSG_02325;FGSG_02326;FGSG_02327;FGSG_02328;FGSG_02329;FGSG_02840;FGSG_02903;FGSG_05919;FGSG_08083;FGSG_08795;FGSG_10670;FGSG_11326,2,uncharacterized protein,,5.65317309795657,13,2.60044254257386,1.33763661954243e-32,1,0.8469483568075117
FGSG_04692,24,0.48390802739974675,10.613870233210442,FGSG_00330;FGSG_00743;FGSG_01422;FGSG_02272;FGSG_02461;FGSG_03061;FGSG_03546;FGSG_03547;FGSG_03548;FGSG_03894;FGSG_03992;FGSG_04458;FGSG_04589;FGSG_04590;FGSG_04591;FGSG_05610;FGSG_07075;FGSG_08601;FGSG_08712;FGSG_09012;FGSG_09280;FGSG_09456;FGSG_09834;FGSG_10347,1,uncharacterized protein,GO:0016747,9.34274051208061,21,-1.08256800122788,8.25950968509844e-38,1,0.8468812877263581
FGSG_08210,14,0.45948085029948404,6.041820196252678,FGSG_02321;FGSG_02323;FGSG_02324;FGSG_02325;FGSG_02326;FGSG_02327;FGSG_02328;FGSG_02329;FGSG_02903;FGSG_03599;FGSG_03842;FGSG_08083;FGSG_11326;FGSG_13952,2,uncharacterized protein,,5.204046564499709,12,3.41971933237931,1.45532297173441e-09,1,0.8461435278336686
FGSG_02464,31,0.49841119317874755,13.530236876719004,FGSG_00743;FGSG_00765;FGSG_01422;FGSG_01621;FGSG_02030;FGSG_02271;FGSG_02272;FGSG_02461;FGSG_03061;FGSG_03747;FGSG_03894;FGSG_04458;FGSG_04588;FGSG_04589;FGSG_04590;FGSG_04593;FGSG_05368;FGSG_05610;FGSG_07075;FGSG_08493;FGSG_08712;FGSG_08774;FGSG_09012;FGSG_10347;FGSG_10922;FGSG_10947;FGSG_11206;FGSG_12180;FGSG_12222;FGSG_12223;FGSG_13136,1,uncharacterized protein,,9.152785521354849,21,-1.08206039116004,1.44601912945133e-38,1,0.8456740442655934
FGSG_08907,20,0.45751210857694463,8.578225621682812,FGSG_00330;FGSG_01422;FGSG_02271;FGSG_02272;FGSG_02461;FGSG_03061;FGSG_03546;FGSG_03548;FGSG_03894;FGSG_03992;FGSG_04458;FGSG_04590;FGSG_05610;FGSG_07075;FGSG_08601;FGSG_08712;FGSG_09012;FGSG_09456;FGSG_09834;FGSG_10347,1,uncharacterized protein,,7.708605007162253,18,-1.37778675903207,4.4761930840259894e-11,1,0.8453386988598257
FGSG_03143,14,0.46839340993183,6.102250809463038,FGSG_02321;FGSG_02323;FGSG_02324;FGSG_02325;FGSG_02326;FGSG_02327;FGSG_02328;FGSG_02329;FGSG_02840;FGSG_03842;FGSG_08083;FGSG_08795;FGSG_11326;FGSG_13952,2,uncharacterized protein,GO:0016787,5.252351901624415,12,3.10209685956738,1.45093739893867e-21,1,0.8446009389671361
FGSG_08851,21,0.46631405564146955,9.137643877559034,FGSG_00330;FGSG_01422;FGSG_02271;FGSG_02272;FGSG_02461;FGSG_03061;FGSG_03295;FGSG_03546;FGSG_03548;FGSG_03894;FGSG_03992;FGSG_04458;FGSG_04590;FGSG_05610;FGSG_07075;FGSG_07528;FGSG_08601;FGSG_08712;FGSG_09456;FGSG_09834;FGSG_10347,1,2-methylcitrate dehydratase,GO:0019629;GO:0047547;GO:0051537,7.845803137309283,18,-1.28949819870355,3.70793459989286e-48,1,0.8431924882629107
FGSG_11230,22,0.47054488199370514,9.512574585921676,FGSG_02321;FGSG_02323;FGSG_02324;FGSG_02325;FGSG_02326;FGSG_02327;FGSG_02328;FGSG_02329;FGSG_02840;FGSG_02903;FGSG_03599;FGSG_03600;FGSG_03842;FGSG_05919;FGSG_08082;FGSG_08083;FGSG_08795;FGSG_09187;FGSG_10670;FGSG_11184;FGSG_11326;FGSG_13952,2,uncharacterized protein,,8.259655422109468,19,1.18678241165529,7.17338033790453e-50,1,0.8424547283702213
FGSG_02805,21,0.472274950766667,9.011191755954165,FGSG_00743;FGSG_01422;FGSG_02271;FGSG_02272;FGSG_02461;FGSG_02782;FGSG_03061;FGSG_03295;FGSG_03548;FGSG_03894;FGSG_04458;FGSG_04590;FGSG_05610;FGSG_07075;FGSG_07528;FGSG_08712;FGSG_08774;FGSG_09012;FGSG_09456;FGSG_09834;FGSG_10347,1,uncharacterized protein,GO:0000981;GO:0005634;GO:0006357;GO:0008270,6.463493160106155,15,-1.8660593811153,8.58299301507774e-11,1,0.842320590207914
FGSG_02578,15,0.4767508862382312,6.447930190136929,FGSG_00743;FGSG_01422;FGSG_02271;FGSG_02272;FGSG_02461;FGSG_03061;FGSG_03894;FGSG_04590;FGSG_05610;FGSG_07075;FGSG_07528;FGSG_09012;FGSG_09456;FGSG_09834;FGSG_13136,1,uncharacterized protein,GO:0016021,5.1644549031151294,12,-3.46681998586079,2.29938721692556e-175,1,0.8422535211267606
FGSG_05087,21,0.467891969319156,8.951365800788018,FGSG_00330;FGSG_01422;FGSG_02271;FGSG_02272;FGSG_02461;FGSG_03061;FGSG_03295;FGSG_03546;FGSG_03548;FGSG_03992;FGSG_04458;FGSG_04590;FGSG_05610;FGSG_07075;FGSG_07528;FGSG_08601;FGSG_08712;FGSG_09280;FGSG_09456;FGSG_09834;FGSG_10347,1,acetyl-CoA acetyltransferase,GO:0008152;GO:0016747,7.702058785626296,18,-1.32310683063488,5.37855110772366e-53,1,0.8419181757209926
FGSG_11073,21,0.4599202713258968,8.953630896775241,FGSG_00007;FGSG_01866;FGSG_02255;FGSG_02320;FGSG_02321;FGSG_02323;FGSG_02324;FGSG_02325;FGSG_02326;FGSG_02327;FGSG_02328;FGSG_02329;FGSG_02903;FGSG_03842;FGSG_03881;FGSG_08083;FGSG_08795;FGSG_09187;FGSG_10670;FGSG_11326;FGSG_13952,2,uncharacterized protein,GO:0004177;GO:0006508,6.034719994795662,14,2.18066650554661,9.50699103974834e-27,1,0.8416498993963784
FGSG_08201,13,0.4659019358152334,5.656958351150279,FGSG_02321;FGSG_02323;FGSG_02324;FGSG_02325;FGSG_02326;FGSG_02327;FGSG_02328;FGSG_02329;FGSG_02903;FGSG_08083;FGSG_10670;FGSG_11326;FGSG_13952,2,uncharacterized protein,,4.816398908637242,11,3.93723675274594,2.04153205785441e-05,1,0.8416498993963782
FGSG_08238,22,0.47645836950694265,9.477871850670644,FGSG_00743;FGSG_00765;FGSG_01422;FGSG_01621;FGSG_02030;FGSG_02271;FGSG_02272;FGSG_02461;FGSG_02782;FGSG_03061;FGSG_03894;FGSG_04309;FGSG_04588;FGSG_04590;FGSG_05368;FGSG_05610;FGSG_06506;FGSG_07075;FGSG_07528;FGSG_08774;FGSG_09012;FGSG_13136,1,uncharacterized protein,,5.6732434521032875,13,-2.34549770881132,2.5852242783063998e-28,1,0.8413816230717639
FGSG_03749,19,0.48905584939025937,8.228918195348676,FGSG_00743;FGSG_00765;FGSG_02272;FGSG_02461;FGSG_02972;FGSG_03061;FGSG_03747;FGSG_03894;FGSG_04589;FGSG_04593;FGSG_05368;FGSG_05610;FGSG_08493;FGSG_08774;FGSG_09012;FGSG_10444;FGSG_10922;FGSG_12180;FGSG_12223,1,uncharacterized protein,GO:0016021,5.637932121135394,13,-2.41417947737961,1.23067510678049e-15,1,0.8411133467471495
FGSG_06043,25,0.4762624742888374,10.795449173465457,FGSG_00330;FGSG_01422;FGSG_01947;FGSG_02272;FGSG_02461;FGSG_03061;FGSG_03546;FGSG_03547;FGSG_03548;FGSG_03894;FGSG_03992;FGSG_04458;FGSG_04590;FGSG_05610;FGSG_05843;FGSG_06257;FGSG_06702;FGSG_07075;FGSG_08601;FGSG_08712;FGSG_09012;FGSG_09280;FGSG_09456;FGSG_09834;FGSG_10347,1,uncharacterized protein,GO:0016021;GO:0016787,9.128068129499274,21,-1.04368012697383,1.77402608736975e-22,1,0.8409792085848424
FGSG_03678,19,0.4622001885616157,8.086298857855297,FGSG_02320;FGSG_02321;FGSG_02323;FGSG_02324;FGSG_02325;FGSG_02326;FGSG_02327;FGSG_02328;FGSG_02329;FGSG_02840;FGSG_02903;FGSG_03842;FGSG_05919;FGSG_08083;FGSG_08795;FGSG_09187;FGSG_10670;FGSG_11326;FGSG_13952,2,uncharacterized protein,,6.8235026951321025,16,1.643236113141,1.83968518158146e-07,1,0.840241448692153
FGSG_11439,12,0.46331980957560753,5.292758461590225,FGSG_00330;FGSG_03546;FGSG_03547;FGSG_03548;FGSG_03992;FGSG_04458;FGSG_04591;FGSG_08601;FGSG_09280;FGSG_09456;FGSG_09834;FGSG_10347,1,uncharacterized protein,GO:0005215;GO:0016021;GO:0055085,5.292758461590225,12,-2.69624164683911,3.74086573801727e-106,1,0.8401073105298458
FGSG_12129,17,0.4746283321491651,7.497340350319182,FGSG_00330;FGSG_01422;FGSG_02272;FGSG_03061;FGSG_03546;FGSG_03547;FGSG_03548;FGSG_03992;FGSG_04458;FGSG_04590;FGSG_04591;FGSG_08601;FGSG_08712;FGSG_09280;FGSG_09456;FGSG_09834;FGSG_10347,1,peroxisomal copper amine oxidase,GO:0005507;GO:0008131;GO:0009308;GO:0048038;GO:0055114,7.085091690681209,16,-1.48250117137679,8.032928829648411e-47,1,0.8395707578806171
FGSG_06108,25,0.4598979214653204,10.850296744109368,FGSG_01866;FGSG_02077;FGSG_02255;FGSG_02320;FGSG_02321;FGSG_02323;FGSG_02324;FGSG_02325;FGSG_02326;FGSG_02327;FGSG_02328;FGSG_02329;FGSG_02840;FGSG_02903;FGSG_03574;FGSG_03842;FGSG_03881;FGSG_05919;FGSG_08083;FGSG_08795;FGSG_09187;FGSG_10670;FGSG_11326;FGSG_12211;FGSG_13952,2,uncharacterized protein,GO:0016021,7.432050807172641,17,1.34016983534757,8.9445221017761e-90,1,0.8393695506371563
FGSG_03520,12,0.458669452304644,5.273578252293615,FGSG_00330;FGSG_03546;FGSG_03547;FGSG_03548;FGSG_03992;FGSG_04458;FGSG_04591;FGSG_08601;FGSG_09280;FGSG_09456;FGSG_09834;FGSG_10347,1,uncharacterized protein,GO:0003824;GO:0008270,5.273578252293615,12,-2.70254061636958,5.97404461757355e-285,1,0.8390342052313884
FGSG_03780,12,0.4531673280222917,5.242795837080346,FGSG_00330;FGSG_03546;FGSG_03547;FGSG_03548;FGSG_03992;FGSG_04458;FGSG_04591;FGSG_08601;FGSG_09280;FGSG_09456;FGSG_09834;FGSG_10347,1,uncharacterized protein,GO:0005215;GO:0016021;GO:0055085,5.242795837080346,12,-2.74982118261105,0.014443731012122,1,0.8383635144198525
FGSG_08193,26,0.44845728806941176,10.916529820691357,FGSG_00007;FGSG_01866;FGSG_02255;FGSG_02320;FGSG_02321;FGSG_02323;FGSG_02324;FGSG_02325;FGSG_02326;FGSG_02327;FGSG_02328;FGSG_02329;FGSG_02903;FGSG_03532;FGSG_03543;FGSG_03842;FGSG_03881;FGSG_08078;FGSG_08083;FGSG_08795;FGSG_09064;FGSG_09187;FGSG_10670;FGSG_11326;FGSG_12211;FGSG_13952,2,uncharacterized protein,GO:0003824,6.341326804976798,15,1.81826429561577,1.3112923030443799e-33,1,0.8378269617706238
FGSG_04126,12,0.4533823303438796,5.190287348002705,FGSG_00330;FGSG_03546;FGSG_03547;FGSG_03548;FGSG_03992;FGSG_04458;FGSG_04591;FGSG_08601;FGSG_09280;FGSG_09456;FGSG_09834;FGSG_10347,1,uricase,GO:0004846;GO:0005634;GO:0005777;GO:0005829;GO:0006144;GO:0019628;GO:0055114,5.190287348002705,12,-2.90192798463628,5.61278264932379e-197,1,0.8378269617706238
FGSG_09170,15,0.4648104300262781,6.4605743574254255,FGSG_02321;FGSG_02323;FGSG_02324;FGSG_02325;FGSG_02326;FGSG_02327;FGSG_02328;FGSG_02329;FGSG_02840;FGSG_02903;FGSG_08083;FGSG_08795;FGSG_10670;FGSG_11326;FGSG_13952,2,uncharacterized protein,,5.629226236890013,13,2.29373575261302,1.76198987335825e-07,1,0.8376928236083165
FGSG_09053,15,0.4715734519508047,6.504282946023425,FGSG_01422;FGSG_02271;FGSG_02272;FGSG_02461;FGSG_03061;FGSG_03894;FGSG_04458;FGSG_04590;FGSG_05610;FGSG_07075;FGSG_07528;FGSG_08712;FGSG_09012;FGSG_09456;FGSG_09834,1,uncharacterized protein,GO:0003333;GO:0015171;GO:0016021,5.627746371167315,13,-2.29678570550158,2.81298641059661e-41,1,0.8374245472837022
FGSG_04504,15,0.4624708929636305,6.487461235922899,FGSG_02321;FGSG_02323;FGSG_02324;FGSG_02325;FGSG_02326;FGSG_02327;FGSG_02328;FGSG_02329;FGSG_02840;FGSG_02903;FGSG_03599;FGSG_05919;FGSG_08083;FGSG_11326;FGSG_13952,2,uncharacterized protein,GO:0003993;GO:0016311;GO:0046872,5.65549686147915,13,2.24331305569405,1.03332258394741e-67,1,0.8370892018779343
FGSG_10080,28,0.4809833194826486,12.044574346812647,FGSG_00175;FGSG_00743;FGSG_01422;FGSG_02030;FGSG_02271;FGSG_02272;FGSG_02461;FGSG_02782;FGSG_03061;FGSG_03295;FGSG_03546;FGSG_03548;FGSG_03894;FGSG_03992;FGSG_04458;FGSG_04590;FGSG_05610;FGSG_05843;FGSG_06257;FGSG_07075;FGSG_07528;FGSG_08712;FGSG_08774;FGSG_09012;FGSG_09280;FGSG_09456;FGSG_09834;FGSG_10347,1,delta-aminolevulinic acid dehydratase,GO:0004655;GO:0006779;GO:0046872,8.64636753509505,20,-1.06541573064466,3.24756065720356e-29,1,0.8365526492287054
FGSG_06278,21,0.4622404804124193,8.906906116019083,FGSG_01866;FGSG_02321;FGSG_02323;FGSG_02324;FGSG_02325;FGSG_02326;FGSG_02327;FGSG_02328;FGSG_02329;FGSG_02840;FGSG_02903;FGSG_03600;FGSG_03842;FGSG_03881;FGSG_08082;FGSG_08083;FGSG_08795;FGSG_09187;FGSG_10670;FGSG_11326;FGSG_13952,2,glucoamylase precursor,GO:0000272;GO:0004339;GO:2001070,6.839247463023356,16,1.55972377707971,8.629282241881471e-09,1,0.8357478202548625
FGSG_08950,22,0.4767878651887478,9.562218359168543,FGSG_00043;FGSG_00330;FGSG_01422;FGSG_02272;FGSG_03061;FGSG_03546;FGSG_03547;FGSG_03548;FGSG_03894;FGSG_03992;FGSG_04458;FGSG_04589;FGSG_04590;FGSG_04591;FGSG_05610;FGSG_08601;FGSG_08712;FGSG_09012;FGSG_09280;FGSG_09456;FGSG_09834;FGSG_10347,1,uncharacterized protein,GO:0004725;GO:0035335,9.1410446983757,21,-1.00759395716742,1.13849572122715e-16,1,0.8350100603621731
FGSG_08357,27,0.46195865473732983,11.673598052271215,FGSG_00007;FGSG_01866;FGSG_02255;FGSG_02321;FGSG_02323;FGSG_02324;FGSG_02325;FGSG_02326;FGSG_02327;FGSG_02328;FGSG_02329;FGSG_02840;FGSG_03539;FGSG_03541;FGSG_03599;FGSG_03600;FGSG_03842;FGSG_03881;FGSG_07896;FGSG_08081;FGSG_08082;FGSG_08083;FGSG_08795;FGSG_09187;FGSG_11184;FGSG_11326;FGSG_13952,2,uncharacterized protein,GO:0008080,6.986591138161714,16,1.41088811376451,1.98984100848842e-37,1,0.8329309188464118
FGSG_02342,20,0.4478069029336557,8.535122391019057,FGSG_01866;FGSG_02077;FGSG_02320;FGSG_02321;FGSG_02323;FGSG_02324;FGSG_02325;FGSG_02326;FGSG_02327;FGSG_02328;FGSG_02329;FGSG_02903;FGSG_03574;FGSG_03881;FGSG_08078;FGSG_08083;FGSG_08795;FGSG_10670;FGSG_11326;FGSG_12211,2,cutinase precursor,GO:0005576;GO:0008152;GO:0050525,5.170884655073458,12,2.78068410234642,7.58348332488453e-58,1,0.8326626425217973
FGSG_06597,23,0.47962965678864244,9.945447157062855,FGSG_00743;FGSG_01422;FGSG_02030;FGSG_02271;FGSG_02272;FGSG_02461;FGSG_02782;FGSG_03061;FGSG_03295;FGSG_03894;FGSG_04458;FGSG_04590;FGSG_05610;FGSG_06506;FGSG_07075;FGSG_07528;FGSG_08712;FGSG_08774;FGSG_09012;FGSG_09456;FGSG_09834;FGSG_10347;FGSG_13136,1,uncharacterized protein,,6.952098367893612,16,-1.43039975383749,3.40814865485734e-24,1,0.8317907444668008
FGSG_12935,17,0.4700666991988677,7.354279144573263,FGSG_00330;FGSG_01422;FGSG_02272;FGSG_03061;FGSG_03546;FGSG_03547;FGSG_03548;FGSG_03894;FGSG_03992;FGSG_04458;FGSG_04589;FGSG_04591;FGSG_08601;FGSG_09280;FGSG_09456;FGSG_09834;FGSG_10347,1,uncharacterized protein,GO:0008270,6.947290986050678,16,-1.40116456736039,1.32257521253257e-12,1,0.8301140174379611
FGSG_06564,13,0.44907510474828854,5.576909004374431,FGSG_01422;FGSG_02271;FGSG_02272;FGSG_02461;FGSG_03061;FGSG_03295;FGSG_04458;FGSG_04590;FGSG_05610;FGSG_07075;FGSG_07528;FGSG_09456;FGSG_09834,1,uncharacterized protein,GO:0016021,4.322936414632159,10,-7.08936956470354,1.52234676186771e-86,1,0.8293091884641179
FGSG_03335,14,0.45994699819882573,6.025558428020418,FGSG_01422;FGSG_02271;FGSG_02272;FGSG_02461;FGSG_03061;FGSG_03295;FGSG_03894;FGSG_04458;FGSG_04590;FGSG_05610;FGSG_07075;FGSG_07528;FGSG_09456;FGSG_09834,1,uncharacterized protein,,4.760826648604781,11,-3.18777628160191,5.828332483522129e-227,1,0.8289067739771965
FGSG_04459,15,0.49138571526266783,6.460502081840577,FGSG_00743;FGSG_01422;FGSG_02272;FGSG_02461;FGSG_03061;FGSG_03894;FGSG_04458;FGSG_04589;FGSG_05610;FGSG_08712;FGSG_08774;FGSG_09012;FGSG_10347;FGSG_10922;FGSG_12180,1,uncharacterized protein,GO:0000981;GO:0005634;GO:0006357;GO:0008270,4.731046561379139,11,-3.28503766758583,2.34612371003674e-13,1,0.8274312541918176
FGSG_12926,12,0.45985781228354605,5.19566837333261,FGSG_00330;FGSG_03546;FGSG_03547;FGSG_03548;FGSG_03992;FGSG_04458;FGSG_04591;FGSG_08601;FGSG_09280;FGSG_09456;FGSG_09834;FGSG_10347,1,uncharacterized protein,GO:0000981;GO:0003677;GO:0005634;GO:0006351;GO:0006357;GO:0008270,5.19566837333261,12,-2.37089571022438,2.16500094930683e-39,1,0.8271629778672032
FGSG_03785,16,0.46672541541362766,6.888276253431489,FGSG_00330;FGSG_01422;FGSG_02272;FGSG_03061;FGSG_03295;FGSG_03546;FGSG_03548;FGSG_03992;FGSG_04458;FGSG_04590;FGSG_07075;FGSG_08601;FGSG_09280;FGSG_09456;FGSG_09834;FGSG_10347,1,uncharacterized protein,GO:0008152;GO:0016020;GO:0016787,6.06989909306637,14,-1.68645079259234,1.12610632590399e-13,1,0.8268947015425889
FGSG_02046,21,0.4840416081909867,9.292304811165451,FGSG_00330;FGSG_00743;FGSG_01422;FGSG_02271;FGSG_02272;FGSG_02461;FGSG_03061;FGSG_03546;FGSG_03548;FGSG_03894;FGSG_03992;FGSG_04458;FGSG_04590;FGSG_05610;FGSG_07075;FGSG_08601;FGSG_08712;FGSG_09012;FGSG_09456;FGSG_09834;FGSG_10347,1,uncharacterized protein,,7.967967636484755,18,-1.08270427696283,1.08054879773226e-05,1,0.8260898725687458
FGSG_12109,14,0.4980630681667592,6.106733068037936,FGSG_00743;FGSG_01422;FGSG_02272;FGSG_02461;FGSG_03061;FGSG_03894;FGSG_04589;FGSG_04593;FGSG_05610;FGSG_08712;FGSG_08774;FGSG_09012;FGSG_10922;FGSG_12180,1,uncharacterized protein,,4.352025241131107,10,-4.37192516142648,2.967048932202e-08,1,0.825888665325285
FGSG_08402,12,0.4677820740144965,5.18297466943402,FGSG_00330;FGSG_03546;FGSG_03547;FGSG_03548;FGSG_03992;FGSG_04458;FGSG_04589;FGSG_04591;FGSG_08601;FGSG_09280;FGSG_09834;FGSG_10347,1,nitrite reductase,GO:0008942;GO:0020037;GO:0042128;GO:0046872;GO:0050660;GO:0050661;GO:0051537;GO:0055114,5.18297466943402,12,-2.35460735690394,7.00432916981234e-106,1,0.8254191817572099
FGSG_11568,13,0.4647079976796502,5.59194374973334,FGSG_00330;FGSG_01422;FGSG_03546;FGSG_03547;FGSG_03548;FGSG_03992;FGSG_04458;FGSG_04589;FGSG_04591;FGSG_08601;FGSG_09280;FGSG_09834;FGSG_10347,1,uncharacterized protein,GO:0004499;GO:0050660;GO:0050661;GO:0055114,5.190351402225378,12,-2.30420084905206,2.88819376056776e-06,1,0.8251509054325956
FGSG_10403,25,0.48912508974145613,10.859372823522506,FGSG_00743;FGSG_01422;FGSG_02030;FGSG_02271;FGSG_02272;FGSG_02461;FGSG_03061;FGSG_03295;FGSG_03548;FGSG_03894;FGSG_03992;FGSG_04458;FGSG_04588;FGSG_04590;FGSG_05610;FGSG_07075;FGSG_07528;FGSG_08712;FGSG_08774;FGSG_09012;FGSG_09456;FGSG_09834;FGSG_10347;FGSG_10947;FGSG_13136,1,FMP21 protein,GO:0005759;GO:0034553,7.827804707975925,18,-1.12081463864245,3.56894956265259e-15,1,0.8250838363514419
FGSG_03799,20,0.49731071395762,8.825380861003925,FGSG_00743;FGSG_01422;FGSG_02030;FGSG_02271;FGSG_02272;FGSG_02461;FGSG_03061;FGSG_03894;FGSG_04458;FGSG_04590;FGSG_05610;FGSG_07075;FGSG_07528;FGSG_08712;FGSG_08774;FGSG_09012;FGSG_09456;FGSG_09834;FGSG_10347;FGSG_13136,1,general amino-acid permease GAP1,GO:0003333;GO:0015171;GO:0016021,6.606234642890136,15,-1.43917005331858,2.34863762803217e-38,1,0.8250167672702884
FGSG_02108,14,0.4597676787176576,6.044233213055633,FGSG_02321;FGSG_02323;FGSG_02324;FGSG_02325;FGSG_02326;FGSG_02327;FGSG_02328;FGSG_02329;FGSG_02903;FGSG_03599;FGSG_03842;FGSG_08083;FGSG_11326;FGSG_13952,2,uncharacterized protein,,5.208244925428012,12,2.25614850897612,5.32898474360974e-16,1,0.8249496981891349
FGSG_09330,21,0.48270067811840744,9.184299469741719,FGSG_00330;FGSG_00743;FGSG_01422;FGSG_02272;FGSG_02461;FGSG_03061;FGSG_03546;FGSG_03548;FGSG_03894;FGSG_04458;FGSG_04589;FGSG_04590;FGSG_05610;FGSG_08601;FGSG_08712;FGSG_08774;FGSG_09012;FGSG_09456;FGSG_09834;FGSG_10347;FGSG_12180,1,uncharacterized protein,GO:0016021,7.433942404956276,17,-1.18440137120394,2.38183916195352e-07,1,0.8247484909456742
FGSG_13017,23,0.49185853110070593,10.088156040645417,FGSG_00743;FGSG_00765;FGSG_01422;FGSG_02030;FGSG_02271;FGSG_02272;FGSG_02461;FGSG_03061;FGSG_03894;FGSG_04309;FGSG_04588;FGSG_04590;FGSG_04593;FGSG_05368;FGSG_05610;FGSG_07075;FGSG_07528;FGSG_08712;FGSG_08774;FGSG_09012;FGSG_11206;FGSG_12180;FGSG_13136,1,uncharacterized protein,,6.591043119095477,15,-1.43956362548559,5.66524921949738e-70,1,0.824748490945674
FGSG_12214,13,0.45569718948637966,5.539840847848863,FGSG_02321;FGSG_02323;FGSG_02324;FGSG_02325;FGSG_02326;FGSG_02327;FGSG_02328;FGSG_02329;FGSG_02903;FGSG_03599;FGSG_03842;FGSG_11326;FGSG_13952,2,uncharacterized protein,,4.717699872756512,11,3.15153896994297,5.35489390877033e-179,1,0.8246143527833669
FGSG_07517,30,0.49501261661429935,13.0591307652013,FGSG_00743;FGSG_00765;FGSG_01422;FGSG_01621;FGSG_02030;FGSG_02272;FGSG_02461;FGSG_02972;FGSG_03061;FGSG_03747;FGSG_03894;FGSG_04588;FGSG_04589;FGSG_04590;FGSG_04593;FGSG_05368;FGSG_05610;FGSG_08493;FGSG_08712;FGSG_08774;FGSG_09012;FGSG_10347;FGSG_10444;FGSG_10922;FGSG_10947;FGSG_11206;FGSG_12180;FGSG_12222;FGSG_12223;FGSG_13136,1,uncharacterized protein,,8.285804939080588,19,-1.02678623492839,3.5852936068330902e-25,1,0.8238095238095238
FGSG_07683,27,0.46213397897663816,11.729741256829337,FGSG_00007;FGSG_01866;FGSG_02255;FGSG_02321;FGSG_02323;FGSG_02324;FGSG_02325;FGSG_02326;FGSG_02327;FGSG_02328;FGSG_02329;FGSG_03532;FGSG_03539;FGSG_03541;FGSG_03543;FGSG_03600;FGSG_03842;FGSG_03881;FGSG_07896;FGSG_08081;FGSG_08082;FGSG_08083;FGSG_08795;FGSG_09187;FGSG_11184;FGSG_11326;FGSG_13952,2,uncharacterized protein,GO:0008270;GO:0016491;GO:0055114,6.126013135432515,14,1.58646888888788,1.58641311527328e-43,1,0.823608316566063
FGSG_05031,17,0.48685424898260526,7.263655305894795,FGSG_00743;FGSG_00765;FGSG_02272;FGSG_02461;FGSG_02972;FGSG_03061;FGSG_03747;FGSG_03894;FGSG_05368;FGSG_05610;FGSG_08493;FGSG_08774;FGSG_09012;FGSG_10444;FGSG_10922;FGSG_12180;FGSG_13136,1,uncharacterized protein,GO:0000166,4.701161647494334,11,-3.07907279922791,1.9991100303718e-21,1,0.8228034875922201
FGSG_02034,18,0.4858483953769044,7.79244519708528,FGSG_00743;FGSG_00765;FGSG_02272;FGSG_02461;FGSG_02972;FGSG_03061;FGSG_03747;FGSG_03894;FGSG_05368;FGSG_05610;FGSG_08493;FGSG_08774;FGSG_09012;FGSG_10444;FGSG_10922;FGSG_11206;FGSG_12180;FGSG_13136,1,alcohol dehydrogenase 1,GO:0008270;GO:0016491;GO:0055114,4.7696109013434045,11,-2.62405738499611,3.28662761543352e-37,1,0.821327967806841
FGSG_13992,16,0.4646238795538942,6.941805932241225,FGSG_02321;FGSG_02323;FGSG_02324;FGSG_02325;FGSG_02326;FGSG_02327;FGSG_02328;FGSG_02329;FGSG_02840;FGSG_03599;FGSG_03842;FGSG_08083;FGSG_09187;FGSG_11184;FGSG_11326;FGSG_13952,2,uncharacterized protein,,6.0968698034517494,14,1.56691091976854,6.05376436826813e-25,1,0.8212608987256875
FGSG_03639,17,0.4476931456729258,7.174855215628408,FGSG_01866;FGSG_02320;FGSG_02321;FGSG_02323;FGSG_02324;FGSG_02325;FGSG_02326;FGSG_02327;FGSG_02328;FGSG_02329;FGSG_02903;FGSG_03574;FGSG_08083;FGSG_08795;FGSG_10670;FGSG_11326;FGSG_12211,2,uncharacterized protein,GO:0016021,5.093141265502252,12,2.34469798992004,9.546635269602151e-68,1,0.8211267605633803
FGSG_06056,20,0.46416388940039377,8.620498171647153,FGSG_00330;FGSG_00743;FGSG_01422;FGSG_02272;FGSG_03061;FGSG_03340;FGSG_03546;FGSG_03548;FGSG_03894;FGSG_03992;FGSG_04458;FGSG_04589;FGSG_05610;FGSG_08601;FGSG_08712;FGSG_09012;FGSG_09456;FGSG_09834;FGSG_10347;FGSG_12180,1,uncharacterized protein,GO:0001104;GO:0006357;GO:0016592,7.769323360051705,18,-1.10420365386933,1.1382835321780698e-11,1,0.8209255533199196
FGSG_03715,12,0.4720397475731125,5.303501154735142,FGSG_00330;FGSG_03546;FGSG_03547;FGSG_03548;FGSG_03992;FGSG_04458;FGSG_04589;FGSG_04591;FGSG_08601;FGSG_09280;FGSG_09834;FGSG_10347,1,uncharacterized protein,,5.303501154735142,12,-1.99169970729506,3.54758671025435e-108,1,0.8207914151576123
FGSG_04357,22,0.46867724383560033,9.51502974400364,FGSG_01866;FGSG_02321;FGSG_02323;FGSG_02324;FGSG_02325;FGSG_02326;FGSG_02327;FGSG_02328;FGSG_02329;FGSG_02840;FGSG_02903;FGSG_03600;FGSG_03842;FGSG_03881;FGSG_08082;FGSG_08083;FGSG_08795;FGSG_09187;FGSG_10670;FGSG_11184;FGSG_11326;FGSG_13952,2,uncharacterized protein,GO:0016021,7.425913006920393,17,1.15750031472208,4.45159363430008e-37,1,0.8205902079141516
FGSG_12999,20,0.4773393594133511,8.817117855522268,FGSG_00330;FGSG_00743;FGSG_01422;FGSG_02271;FGSG_02272;FGSG_02461;FGSG_03061;FGSG_03546;FGSG_03548;FGSG_03894;FGSG_03992;FGSG_04458;FGSG_04590;FGSG_05610;FGSG_07075;FGSG_08601;FGSG_08712;FGSG_09456;FGSG_09834;FGSG_10347,1,uncharacterized protein,,7.497220787578225,17,-1.12991921179883,1.85444522690451e-16,1,0.8204560697518444
FGSG_02229,20,0.4595795662890244,8.655272941741108,FGSG_00330;FGSG_00743;FGSG_01422;FGSG_02272;FGSG_02461;FGSG_03061;FGSG_03546;FGSG_03548;FGSG_03894;FGSG_04458;FGSG_04589;FGSG_04590;FGSG_05610;FGSG_08601;FGSG_08712;FGSG_09012;FGSG_09456;FGSG_09834;FGSG_10347;FGSG_12180,1,uncharacterized protein,GO:0003333;GO:0015171;GO:0016021,7.3605535629477,17,-1.17815241731866,0.0023307958934403,1,0.8201877934272299
FGSG_12572,30,0.44296774791195437,12.64055033416253,FGSG_00007;FGSG_01866;FGSG_02255;FGSG_02320;FGSG_02321;FGSG_02323;FGSG_02324;FGSG_02325;FGSG_02326;FGSG_02327;FGSG_02328;FGSG_02329;FGSG_03532;FGSG_03543;FGSG_03842;FGSG_03881;FGSG_08077;FGSG_08078;FGSG_08079;FGSG_08081;FGSG_08082;FGSG_08083;FGSG_08084;FGSG_08795;FGSG_09064;FGSG_09187;FGSG_10670;FGSG_11326;FGSG_12211;FGSG_13952,2,uncharacterized protein,GO:0000981;GO:0005634;GO:0006357;GO:0008270,5.942191125069155,14,1.65739158770623,1.4987843908676799e-55,1,0.8191146881287726
FGSG_05486,11,0.46267449024806895,4.823040035485003,FGSG_00330;FGSG_03546;FGSG_03547;FGSG_03548;FGSG_03992;FGSG_04458;FGSG_04591;FGSG_08601;FGSG_09280;FGSG_09834;FGSG_10347,1,uncharacterized protein,,4.823040035485003,11,-2.35138370463804,2.33516091341881e-67,1,0.8180415828303151
FGSG_13458,18,0.4677766701494835,7.743240965156232,FGSG_00330;FGSG_01422;FGSG_02272;FGSG_02461;FGSG_03061;FGSG_03546;FGSG_03547;FGSG_03548;FGSG_03992;FGSG_04458;FGSG_04590;FGSG_05610;FGSG_07075;FGSG_08601;FGSG_09280;FGSG_09456;FGSG_09834;FGSG_10347,1,uncharacterized protein,GO:0016810,6.925895728305088,16,-1.24212778242358,8.04425049162754e-20,1,0.8162307176391683
FGSG_10108,19,0.47827702185639065,8.25164565538751,FGSG_00330;FGSG_00743;FGSG_01422;FGSG_02271;FGSG_02272;FGSG_02461;FGSG_03061;FGSG_03546;FGSG_03548;FGSG_03894;FGSG_04458;FGSG_04590;FGSG_05610;FGSG_07075;FGSG_08712;FGSG_09012;FGSG_09456;FGSG_09834;FGSG_10347,1,uncharacterized protein,,6.952618263740215,16,-1.21149838936173,1.7600925721215899e-12,1,0.8151576123407109
FGSG_03990,14,0.4598981261533846,6.030870573000054,FGSG_02321;FGSG_02323;FGSG_02324;FGSG_02325;FGSG_02326;FGSG_02327;FGSG_02328;FGSG_02329;FGSG_02903;FGSG_03842;FGSG_08083;FGSG_10670;FGSG_11326;FGSG_13952,2,uncharacterized protein,GO:0016311;GO:0016791;GO:0047407,5.192719707903626,12,1.99243862894777,2.69700137422238e-22,1,0.814486921529175
FGSG_11377,14,0.4616113343634117,6.004031335689958,FGSG_02077;FGSG_02321;FGSG_02323;FGSG_02324;FGSG_02325;FGSG_02326;FGSG_02327;FGSG_02328;FGSG_02329;FGSG_02840;FGSG_02903;FGSG_08083;FGSG_10670;FGSG_11326,2,uncharacterized protein,,4.783555286907245,11,2.26593614334115,2.2936477786863502e-17,1,0.8135479543930249
FGSG_02373,34,0.4607993762832298,14.805275659353214,FGSG_00007;FGSG_01866;FGSG_02255;FGSG_02320;FGSG_02321;FGSG_02323;FGSG_02324;FGSG_02325;FGSG_02326;FGSG_02327;FGSG_02328;FGSG_02329;FGSG_02840;FGSG_02903;FGSG_03532;FGSG_03539;FGSG_03541;FGSG_03543;FGSG_03600;FGSG_03842;FGSG_03881;FGSG_07896;FGSG_08081;FGSG_08082;FGSG_08083;FGSG_08084;FGSG_08795;FGSG_09064;FGSG_09187;FGSG_10670;FGSG_11184;FGSG_11326;FGSG_12211;FGSG_13952,2,uncharacterized protein,,7.851208919773409,18,1.01424869309196,1.00475206020625e-19,1,0.8114688128772636
FGSG_00285,19,0.45895244091228066,8.165075908547696,FGSG_00330;FGSG_00743;FGSG_01422;FGSG_02272;FGSG_02554;FGSG_03061;FGSG_03340;FGSG_03546;FGSG_03548;FGSG_03894;FGSG_04458;FGSG_04589;FGSG_05610;FGSG_08601;FGSG_08712;FGSG_09012;FGSG_09834;FGSG_10347;FGSG_12180,1,uncharacterized protein,GO:0016021,6.906026919469899,16,-1.19438630199233,7.0932437422298205e-25,1,0.8101274312541918
FGSG_09125,13,0.4502692757165696,5.52607352537604,FGSG_02321;FGSG_02323;FGSG_02324;FGSG_02325;FGSG_02326;FGSG_02327;FGSG_02328;FGSG_02329;FGSG_02903;FGSG_03842;FGSG_08083;FGSG_11326;FGSG_13952,2,uncharacterized protein,GO:0016491;GO:0055114,4.712893998821713,11,2.3770219356427,0.0164486909628677,1,0.8099932930918846
FGSG_01072,11,0.4538493948732345,4.764350131502839,FGSG_00330;FGSG_03546;FGSG_03547;FGSG_03548;FGSG_03992;FGSG_04458;FGSG_08601;FGSG_09280;FGSG_09456;FGSG_09834;FGSG_10347,1,uncharacterized protein,,4.764350131502839,11,-2.20128455585853,3.57349407115185e-08,1,0.8091884641180416
FGSG_00720,20,0.47758876740892436,8.667827811362997,FGSG_00330;FGSG_01422;FGSG_02271;FGSG_02272;FGSG_02461;FGSG_03061;FGSG_03295;FGSG_03548;FGSG_03894;FGSG_03992;FGSG_04458;FGSG_04590;FGSG_05610;FGSG_07075;FGSG_07528;FGSG_08712;FGSG_09012;FGSG_09456;FGSG_09834;FGSG_10347,1,uncharacterized protein,,7.371421165431302,17,-1.08218422168014,4.8366778189192e-47,1,0.8089872568745808
FGSG_11306,18,0.44229967105648593,7.533786882271825,FGSG_01866;FGSG_02320;FGSG_02321;FGSG_02323;FGSG_02324;FGSG_02325;FGSG_02326;FGSG_02327;FGSG_02328;FGSG_02329;FGSG_03532;FGSG_03881;FGSG_08078;FGSG_08083;FGSG_08795;FGSG_10670;FGSG_11326;FGSG_12211,2,uncharacterized protein,GO:0016021,4.655766109443791,11,2.43264342929091,8.415135260644811e-38,1,0.8085177733065056
FGSG_02074,18,0.44325331139398416,7.655594522370261,FGSG_00330;FGSG_00743;FGSG_01422;FGSG_02272;FGSG_02461;FGSG_03061;FGSG_03546;FGSG_03548;FGSG_03894;FGSG_04458;FGSG_04589;FGSG_05610;FGSG_08601;FGSG_08712;FGSG_09012;FGSG_09456;FGSG_09834;FGSG_10347,1,uncharacterized protein,GO:0016021,6.4103751246514005,15,-1.30267003286348,0.0064167721863025,1,0.8081824279007377
FGSG_00836,15,0.4709730641953174,6.638215471953117,FGSG_00330;FGSG_01422;FGSG_03546;FGSG_03547;FGSG_03548;FGSG_03992;FGSG_04458;FGSG_04590;FGSG_04591;FGSG_08601;FGSG_08712;FGSG_09280;FGSG_09456;FGSG_09834;FGSG_10347,1,uncharacterized protein,GO:0000002;GO:0000166;GO:0003676;GO:0031305,6.233087515370243,14,-1.33380882275176,1.5314177712288301e-52,1,0.8081153588195842
FGSG_08054,11,0.44551608428012945,4.708322777185982,FGSG_02321;FGSG_02323;FGSG_02324;FGSG_02325;FGSG_02326;FGSG_02327;FGSG_02328;FGSG_02329;FGSG_02903;FGSG_10670;FGSG_11326,2,uncharacterized protein,GO:0008270;GO:0016021;GO:0016491;GO:0055114,3.8928825831368696,9,5.7683369372994,1.59863293886833e-06,1,0.8065057008718981
FGSG_05995,17,0.4547185688918796,7.231588394995569,FGSG_00330;FGSG_00743;FGSG_01422;FGSG_02272;FGSG_03061;FGSG_03546;FGSG_03548;FGSG_03894;FGSG_03992;FGSG_04458;FGSG_04589;FGSG_04590;FGSG_05610;FGSG_08601;FGSG_08712;FGSG_09834;FGSG_10347,1,uncharacterized protein,,6.408479128065711,15,-1.29200044970652,8.357172562644221e-09,1,0.8063715627095909
FGSG_07687,16,0.4693236815478416,6.933976871980271,FGSG_01866;FGSG_02321;FGSG_02323;FGSG_02324;FGSG_02325;FGSG_02326;FGSG_02327;FGSG_02328;FGSG_02329;FGSG_03600;FGSG_03842;FGSG_08082;FGSG_08083;FGSG_09187;FGSG_11326;FGSG_13952,2,uncharacterized protein,,5.27983550221833,12,1.65622916728798,1.1329325786746e-08,1,0.8063044936284374
FGSG_10631,12,0.4571463956970505,5.211688332814158,FGSG_02321;FGSG_02323;FGSG_02324;FGSG_02325;FGSG_02326;FGSG_02327;FGSG_02328;FGSG_02329;FGSG_03842;FGSG_08083;FGSG_11326;FGSG_13952,2,uncharacterized protein,GO:0016614;GO:0050660;GO:0055114,4.38566053517186,10,2.52927644665704,3.037601388253e-06,1,0.8061703554661301
FGSG_11147,12,0.45589418683363886,5.139769216357379,FGSG_02321;FGSG_02323;FGSG_02324;FGSG_02325;FGSG_02326;FGSG_02327;FGSG_02328;FGSG_02329;FGSG_02903;FGSG_03842;FGSG_11326;FGSG_13952,2,uncharacterized protein,,4.315711204161399,10,2.86073016418827,2.2319541343330597e-11,1,0.8059020791415157
FGSG_03516,10,0.46207527671548604,4.3160793380024565,FGSG_00330;FGSG_03546;FGSG_03547;FGSG_03548;FGSG_04458;FGSG_04589;FGSG_04591;FGSG_08601;FGSG_09834;FGSG_10347,1,uncharacterized protein,GO:0016021,4.3160793380024565,10,-2.80439432497234,6.23524183755892e-58,1,0.8050301810865191
FGSG_08348,19,0.4574058983212489,7.976947452224586,FGSG_00330;FGSG_01422;FGSG_02271;FGSG_02272;FGSG_02461;FGSG_03061;FGSG_03295;FGSG_03546;FGSG_03548;FGSG_03992;FGSG_04458;FGSG_04590;FGSG_05610;FGSG_07075;FGSG_08601;FGSG_09280;FGSG_09456;FGSG_09834;FGSG_10347,1,uncharacterized protein,GO:0006541;GO:0016740,6.751903165381196,16,-1.18406031551952,1.7314412786078e-10,1,0.8046948356807512
FGSG_01836,13,0.4643546508990069,5.653100524175198,FGSG_02321;FGSG_02323;FGSG_02324;FGSG_02325;FGSG_02326;FGSG_02327;FGSG_02328;FGSG_02329;FGSG_02840;FGSG_02903;FGSG_08083;FGSG_11326;FGSG_13952,2,uncharacterized protein,GO:0005975;GO:0016758;GO:0030259,4.8127980464697595,11,1.95978650326939,1.5757146385690699e-13,1,0.8044265593561368
FGSG_09086,12,0.461225298051654,5.236498042316461,FGSG_02321;FGSG_02323;FGSG_02324;FGSG_02325;FGSG_02326;FGSG_02327;FGSG_02328;FGSG_02329;FGSG_02903;FGSG_03599;FGSG_05919;FGSG_11326,2,uncharacterized protein,GO:0004497;GO:0005506;GO:0016021;GO:0016705;GO:0020037;GO:0055114,4.406180139940387,10,2.41738296432719,3.9830899665745595e-42,1,0.8042924211938296
FGSG_02221,18,0.48197148132301343,7.842085201428888,FGSG_00743;FGSG_00765;FGSG_01422;FGSG_01621;FGSG_02030;FGSG_02271;FGSG_02272;FGSG_02461;FGSG_03061;FGSG_03894;FGSG_04309;FGSG_04588;FGSG_05368;FGSG_05610;FGSG_08774;FGSG_09012;FGSG_11206;FGSG_13136,1,uncharacterized protein,,3.979397678571229,9,-3.73480885697867,7.437951225920951e-144,1,0.8042924211938296
FGSG_09479,20,0.4707950185487007,8.708575003780172,FGSG_00330;FGSG_00743;FGSG_01422;FGSG_02272;FGSG_02461;FGSG_03061;FGSG_03546;FGSG_03548;FGSG_03894;FGSG_04458;FGSG_04589;FGSG_04590;FGSG_05610;FGSG_08601;FGSG_08712;FGSG_08774;FGSG_09012;FGSG_09456;FGSG_09834;FGSG_10347,1,uncharacterized protein,GO:0004672;GO:0005524;GO:0006468,6.989677740100961,16,-1.09711733175092,5.42947666410363e-05,1,0.8042924211938296
FGSG_07495,12,0.45350080358226874,5.174455877174929,FGSG_00330;FGSG_03546;FGSG_03547;FGSG_03548;FGSG_03992;FGSG_04458;FGSG_04591;FGSG_08601;FGSG_09280;FGSG_09456;FGSG_09834;FGSG_10347,1,uric acid-xanthine permease,GO:0005215;GO:0016021;GO:0055085,5.174455877174929,12,-1.75800123036142,7.82082817590977e-162,1,0.8042253521126761
FGSG_12251,11,0.4418581547780751,4.705681367459585,FGSG_00330;FGSG_03546;FGSG_03547;FGSG_03548;FGSG_03992;FGSG_04458;FGSG_08601;FGSG_09280;FGSG_09456;FGSG_09834;FGSG_10347,1,uncharacterized protein,GO:0004065;GO:0018958,4.705681367459585,11,-2.18410513490414,2.46364008849737e-05,1,0.803420523138833
FGSG_03063,10,0.42951191430892355,4.122592587331418,FGSG_00330;FGSG_03546;FGSG_03548;FGSG_03992;FGSG_04458;FGSG_08601;FGSG_09280;FGSG_09456;FGSG_09834;FGSG_10347,1,uncharacterized protein,GO:0005886;GO:0007124;GO:0008519;GO:0016021;GO:0019740;GO:0072488,4.122592587331418,10,-3.4576924048601,0.0016114612517732,1,0.8023474178403756
FGSG_04727,11,0.45244400406561214,4.717196347328428,FGSG_02321;FGSG_02323;FGSG_02324;FGSG_02325;FGSG_02326;FGSG_02327;FGSG_02328;FGSG_02329;FGSG_02903;FGSG_10670;FGSG_11326,2,uncharacterized protein,GO:0003677;GO:0005634;GO:0006351;GO:0008270;GO:0016491;GO:0055114;GO:0071949,3.8999452697896424,9,4.36946013156029,1.02571657311509e-07,1,0.8020120724346076
FGSG_00322,14,0.4573392616389467,5.85903388545956,FGSG_00743;FGSG_02272;FGSG_02461;FGSG_03061;FGSG_03546;FGSG_03548;FGSG_03894;FGSG_04458;FGSG_04589;FGSG_05610;FGSG_08601;FGSG_08774;FGSG_09012;FGSG_10347,1,uncharacterized protein,,4.615071068367387,11,-2.24531186294392,0.02196433181541,1,0.8015425888665325
FGSG_11653,15,0.4393920238998416,6.444681487481166,FGSG_00330;FGSG_01422;FGSG_02272;FGSG_02461;FGSG_03061;FGSG_03546;FGSG_03548;FGSG_03894;FGSG_04458;FGSG_05610;FGSG_08601;FGSG_09012;FGSG_09456;FGSG_09834;FGSG_10347,1,uncharacterized protein,GO:0000981;GO:0003677;GO:0005634;GO:0006351;GO:0006357;GO:0008270;GO:0008484,5.603677186918836,13,-1.50429520431727,0.0001331360745525,1,0.8014755197853789
FGSG_04943,13,0.43733569554080715,5.485500849331577,FGSG_01422;FGSG_02272;FGSG_02461;FGSG_03061;FGSG_03546;FGSG_03548;FGSG_03894;FGSG_04458;FGSG_05610;FGSG_09012;FGSG_09456;FGSG_09834;FGSG_10347,1,amino-acid permease inda1,GO:0003333;GO:0015171;GO:0016021,4.651689627707518,11,-2.23133153606471,9.42598644283561e-07,1,0.8014084507042254
FGSG_01580,21,0.4628869804984643,8.902781530725917,FGSG_00007;FGSG_01866;FGSG_02321;FGSG_02324;FGSG_02325;FGSG_02326;FGSG_02327;FGSG_02328;FGSG_02329;FGSG_03539;FGSG_03541;FGSG_03600;FGSG_03842;FGSG_03881;FGSG_06039;FGSG_07896;FGSG_08081;FGSG_08082;FGSG_08083;FGSG_09187;FGSG_13952,2,uncharacterized protein,GO:0016021,4.700448235238035,11,2.10918395632064,1.4663705097932198e-79,1,0.800335345405768
FGSG_10316,18,0.46714314291553544,7.786092880134798,FGSG_02321;FGSG_02323;FGSG_02324;FGSG_02325;FGSG_02326;FGSG_02327;FGSG_02328;FGSG_02329;FGSG_02840;FGSG_03599;FGSG_03600;FGSG_03842;FGSG_08082;FGSG_08083;FGSG_09187;FGSG_11184;FGSG_11326;FGSG_13952,2,uncharacterized protein,,6.536133854560927,15,1.17498441135458,4.67025189284259e-16,1,0.8001341381623073
FGSG_04874,14,0.45651507854841733,6.03439614487491,FGSG_02321;FGSG_02323;FGSG_02324;FGSG_02325;FGSG_02326;FGSG_02327;FGSG_02328;FGSG_02329;FGSG_02903;FGSG_03599;FGSG_03842;FGSG_08083;FGSG_11326;FGSG_13952,2,uncharacterized protein,GO:0008152,5.2001042696555615,12,1.62097451469385,3.45324980803738e-21,1,0.8000670690811535
FGSG_01159,15,0.4821495443651469,6.443776508941348,FGSG_00743;FGSG_00765;FGSG_02272;FGSG_02461;FGSG_03061;FGSG_03747;FGSG_03894;FGSG_05368;FGSG_05610;FGSG_08493;FGSG_08774;FGSG_10444;FGSG_10922;FGSG_12180;FGSG_13136,1,uncharacterized protein,GO:0000166;GO:0003723,4.272971188715539,10,-2.75859303486075,8.7298099813772e-18,1,0.799195171026157
FGSG_04514,20,0.46519096028786977,8.523452898423221,FGSG_01866;FGSG_02255;FGSG_02320;FGSG_02321;FGSG_02323;FGSG_02324;FGSG_02325;FGSG_02326;FGSG_02327;FGSG_02328;FGSG_02329;FGSG_02903;FGSG_03842;FGSG_03881;FGSG_08083;FGSG_08795;FGSG_09187;FGSG_10670;FGSG_11326;FGSG_13952,2,uncharacterized protein,,6.062203897715826,14,1.28386275349713,7.42655417678842e-20,1,0.7985244802146211
FGSG_04746,11,0.44947203770192773,4.664116572833167,FGSG_02077;FGSG_02320;FGSG_02324;FGSG_02325;FGSG_02326;FGSG_02327;FGSG_02328;FGSG_02329;FGSG_02903;FGSG_10670;FGSG_11326,2,uncharacterized protein,,3.8364604393206347,9,5.06103741877008,3.75901097725744e-71,1,0.7979879275653923
FGSG_06036,11,0.44394190634228564,4.6802311699990815,FGSG_00330;FGSG_03546;FGSG_03547;FGSG_03548;FGSG_03992;FGSG_04458;FGSG_08601;FGSG_09280;FGSG_09456;FGSG_09834;FGSG_10347,1,uncharacterized protein,,4.6802311699990815,11,-2.01849273792208,8.10724763914433e-06,1,0.796579476861167
FGSG_00331,26,0.4457505599083087,11.018337678652822,FGSG_00007;FGSG_01866;FGSG_02255;FGSG_02320;FGSG_02321;FGSG_02323;FGSG_02324;FGSG_02325;FGSG_02326;FGSG_02327;FGSG_02328;FGSG_02329;FGSG_02903;FGSG_03532;FGSG_03543;FGSG_03574;FGSG_03881;FGSG_08078;FGSG_08083;FGSG_08795;FGSG_09064;FGSG_09187;FGSG_10670;FGSG_11326;FGSG_12211;FGSG_13952,2,uncharacterized protein,,5.972500248009537,14,1.29675626642973,7.76755098807419e-48,1,0.7959087860496311
FGSG_04828,14,0.4575725842305006,6.040644427637613,FGSG_02321;FGSG_02323;FGSG_02324;FGSG_02325;FGSG_02326;FGSG_02327;FGSG_02328;FGSG_02329;FGSG_02903;FGSG_03599;FGSG_03842;FGSG_08083;FGSG_11326;FGSG_13952,2,uncharacterized protein,GO:0016021;GO:0020037;GO:0051213;GO:0055114,5.208532388391981,12,1.53930053148324,1.9007530313390002e-19,1,0.7956405097250168
FGSG_00517,16,0.45846864643192425,6.807992530356819,FGSG_00330;FGSG_00743;FGSG_01422;FGSG_02272;FGSG_03061;FGSG_03546;FGSG_03548;FGSG_03894;FGSG_04458;FGSG_04589;FGSG_05610;FGSG_08601;FGSG_08712;FGSG_09012;FGSG_09834;FGSG_10347,1,uncharacterized protein,GO:0016021,5.99087896310288,14,-1.2813079494119,3.46540428944023e-06,1,0.7956405097250168
FGSG_02691,12,0.45236256411902287,5.1968666144372255,FGSG_00330;FGSG_03546;FGSG_03547;FGSG_03548;FGSG_03992;FGSG_04458;FGSG_04591;FGSG_08601;FGSG_09280;FGSG_09456;FGSG_09834;FGSG_10347,1,uncharacterized protein,GO:0051213;GO:0055114,5.1968666144372255,12,-1.53805898071958,6.04272368068995e-51,1,0.7940979208584842
FGSG_10846,19,0.4494691086715181,8.122331380422647,FGSG_00330;FGSG_00743;FGSG_01422;FGSG_02272;FGSG_02461;FGSG_03061;FGSG_03546;FGSG_03548;FGSG_03894;FGSG_03992;FGSG_04458;FGSG_04590;FGSG_05610;FGSG_07075;FGSG_08601;FGSG_09012;FGSG_09456;FGSG_09834;FGSG_10347,1,cytochrome c oxidase assembly protein COX11,GO:0005507;GO:0005743;GO:0005758;GO:0005761;GO:0006461;GO:0009060;GO:0016021,6.862320606066762,16,-1.06818755832572,2.02602141013071e-08,1,0.793628437290409
FGSG_02828,15,0.4664333544047772,6.49958622080651,FGSG_02321;FGSG_02323;FGSG_02324;FGSG_02325;FGSG_02326;FGSG_02327;FGSG_02328;FGSG_02329;FGSG_02840;FGSG_02903;FGSG_08083;FGSG_08795;FGSG_10670;FGSG_11326;FGSG_13952,2,uncharacterized protein,,5.658455085395672,13,1.31393419706297,1.5210626625758598e-34,1,0.7935613682092555
FGSG_13807,10,0.4450578651429772,4.209026698593881,FGSG_02323;FGSG_02324;FGSG_02325;FGSG_02326;FGSG_02327;FGSG_02328;FGSG_02329;FGSG_03842;FGSG_11326;FGSG_13952,2,uncharacterized protein,GO:0016021;GO:0055085,3.807800584825577,9,4.83707783646383,3.08017112359787e-10,1,0.7924211938296446
FGSG_06438,20,0.4885250622943259,8.671233088144666,FGSG_00330;FGSG_00743;FGSG_01422;FGSG_02272;FGSG_02461;FGSG_03061;FGSG_03546;FGSG_03548;FGSG_03894;FGSG_04458;FGSG_04589;FGSG_04590;FGSG_05610;FGSG_08601;FGSG_08712;FGSG_08774;FGSG_09012;FGSG_09834;FGSG_10347;FGSG_12180,1,uncharacterized protein,GO:0016614;GO:0050660;GO:0055114,6.91088051708796,16,-1.04269305111154,0.0011218295001167,1,0.7922199865861836
FGSG_02822,26,0.46112343033283365,11.20084461318094,FGSG_00007;FGSG_01866;FGSG_02255;FGSG_02321;FGSG_02323;FGSG_02324;FGSG_02325;FGSG_02326;FGSG_02327;FGSG_02328;FGSG_02329;FGSG_02840;FGSG_03539;FGSG_03541;FGSG_03600;FGSG_03842;FGSG_03881;FGSG_07896;FGSG_08081;FGSG_08082;FGSG_08083;FGSG_08795;FGSG_09187;FGSG_11184;FGSG_11326;FGSG_13952,2,uncharacterized protein,,6.496132672937335,15,1.12031840984863,1.04511719239716e-19,1,0.7921529175050301
FGSG_00665,20,0.47180106913812403,8.690618359480924,FGSG_00330;FGSG_00743;FGSG_01422;FGSG_02272;FGSG_02461;FGSG_03061;FGSG_03546;FGSG_03548;FGSG_03894;FGSG_04458;FGSG_04589;FGSG_04590;FGSG_05610;FGSG_08601;FGSG_08712;FGSG_08774;FGSG_09012;FGSG_09834;FGSG_10347;FGSG_12180,1,uncharacterized protein,GO:0002943;GO:0005634;GO:0005737;GO:0017150;GO:0046872;GO:0050660;GO:0055114,6.985838709923381,16,-1.01293638230351,1.36883546690801e-05,1,0.7914151576123407
FGSG_10081,11,0.45556290693029705,4.751616377177759,FGSG_02321;FGSG_02323;FGSG_02324;FGSG_02325;FGSG_02326;FGSG_02327;FGSG_02328;FGSG_02329;FGSG_02903;FGSG_10670;FGSG_11326,2,uncharacterized protein,GO:0016021;GO:0016747,3.934098369615211,9,2.92385367920347,5.70975934794918e-33,1,0.7914151576123407
FGSG_01792,12,0.44045680925102887,5.066940052092015,FGSG_02321;FGSG_02323;FGSG_02324;FGSG_02325;FGSG_02326;FGSG_02327;FGSG_02328;FGSG_02329;FGSG_03842;FGSG_08083;FGSG_11326;FGSG_13952,2,uncharacterized protein,GO:0016021;GO:0055085,4.254176737680963,10,2.44778535653372,0.0012412302548577,1,0.790878604963112
FGSG_13676,14,0.4902059864033366,6.101438955706393,FGSG_00743;FGSG_01422;FGSG_02272;FGSG_02461;FGSG_03061;FGSG_03894;FGSG_04458;FGSG_04589;FGSG_05610;FGSG_08712;FGSG_08774;FGSG_09012;FGSG_10347;FGSG_12180,1,uncharacterized protein,,4.342914928208401,10,-2.13292401321783,0.014055218303062,1,0.7904761904761906
FGSG_09477,13,0.46275195090887694,5.634592098375037,FGSG_01866;FGSG_02321;FGSG_02323;FGSG_02324;FGSG_02325;FGSG_02326;FGSG_02327;FGSG_02328;FGSG_02329;FGSG_03842;FGSG_08083;FGSG_11326;FGSG_13952,2,uncharacterized protein,GO:0004733;GO:0005887;GO:0010181;GO:0015079;GO:0042823;GO:0055114;GO:0071805,4.392731714306375,10,1.99960342631395,8.49248799598248e-05,1,0.7902079141515761
FGSG_00443,12,0.4652110262840323,5.319837957040261,FGSG_00330;FGSG_03546;FGSG_03547;FGSG_03548;FGSG_03992;FGSG_04458;FGSG_04591;FGSG_08601;FGSG_09280;FGSG_09456;FGSG_09834;FGSG_10347,1,uncharacterized protein,GO:0003839;GO:0005634;GO:0005829;GO:0006751;GO:0016020,5.319837957040261,12,-1.37857930518452,9.37621488372075e-32,1,0.7898725687458081
FGSG_13252,17,0.47782579604270914,7.219984625494424,FGSG_00743;FGSG_01422;FGSG_02272;FGSG_02461;FGSG_03061;FGSG_03340;FGSG_03894;FGSG_04458;FGSG_04589;FGSG_05610;FGSG_08601;FGSG_08712;FGSG_08774;FGSG_09012;FGSG_10347;FGSG_10922;FGSG_12180,1,uncharacterized protein,,5.53599921675233,13,-1.33828680636992,2.56358435737095e-12,1,0.7898054996646546
FGSG_10352,17,0.4781865716353039,7.399269882129371,FGSG_01422;FGSG_02271;FGSG_02272;FGSG_02461;FGSG_03061;FGSG_03295;FGSG_03894;FGSG_04458;FGSG_04590;FGSG_05610;FGSG_07075;FGSG_07528;FGSG_08712;FGSG_09012;FGSG_09456;FGSG_09834;FGSG_10347,1,peptidyl-prolyl cis-trans isomerase D,GO:0000413;GO:0003755;GO:0005737;GO:0042026;GO:0042277;GO:0051082,6.093609244749274,14,-1.16888995816681,3.9305893835466295e-42,1,0.7895372233400403
FGSG_03818,11,0.45388911655626685,4.799076474603122,FGSG_02321;FGSG_02323;FGSG_02324;FGSG_02325;FGSG_02326;FGSG_02327;FGSG_02328;FGSG_02329;FGSG_02903;FGSG_03599;FGSG_11326,2,uncharacterized protein,,3.9734268310643097,9,2.69081942846213,3.2532510919955703e-240,1,0.7894701542588867
FGSG_08530,22,0.4735232314921558,9.446389260985507,FGSG_00743;FGSG_01422;FGSG_02271;FGSG_02272;FGSG_02461;FGSG_02782;FGSG_03061;FGSG_03295;FGSG_03546;FGSG_03548;FGSG_03894;FGSG_04458;FGSG_04590;FGSG_05610;FGSG_07075;FGSG_07528;FGSG_08712;FGSG_08774;FGSG_09012;FGSG_09456;FGSG_09834;FGSG_10347,1,uncharacterized protein,GO:0005739;GO:0016021,6.901965624215301,16,-1.02623443070187,1.04799836264429e-14,1,0.7892689470154258
FGSG_01733,13,0.4711836289800328,5.58788233292497,FGSG_01422;FGSG_02271;FGSG_02272;FGSG_02461;FGSG_03061;FGSG_03894;FGSG_04590;FGSG_05610;FGSG_07075;FGSG_09012;FGSG_09456;FGSG_09834;FGSG_13136,1,uncharacterized protein,GO:0016787,4.718190202044315,11,-1.73405874228643,1.71550428754244e-13,1,0.7888665325285044
FGSG_13726,21,0.4838604512383367,9.080941615054032,FGSG_00743;FGSG_01422;FGSG_02271;FGSG_02272;FGSG_02461;FGSG_02782;FGSG_03061;FGSG_03295;FGSG_03894;FGSG_04458;FGSG_04590;FGSG_05610;FGSG_07075;FGSG_07528;FGSG_08712;FGSG_08774;FGSG_09012;FGSG_09456;FGSG_09834;FGSG_10347;FGSG_13136,1,uncharacterized protein,GO:0005829;GO:0006595;GO:0016740,6.523505403539251,15,-1.08271414190405,3.38380283458172e-16,1,0.7883970489604293
FGSG_07973,11,0.4395526146508855,4.642177633767481,FGSG_00330;FGSG_03546;FGSG_03547;FGSG_03548;FGSG_03992;FGSG_04458;FGSG_08601;FGSG_09280;FGSG_09456;FGSG_09834;FGSG_10347,1,uncharacterized protein,GO:0016021,4.642177633767481,11,-1.8131845282925,2.4805960504995e-12,1,0.7877934272300471
FGSG_05260,16,0.4523134768411535,6.753488884415672,FGSG_00330;FGSG_00743;FGSG_01422;FGSG_02272;FGSG_03061;FGSG_03546;FGSG_03548;FGSG_03894;FGSG_04458;FGSG_04589;FGSG_05610;FGSG_08601;FGSG_08712;FGSG_09834;FGSG_10347;FGSG_12180,1,uncharacterized protein,GO:0005739;GO:0016021,5.927500256841789,14,-1.22850273832559,3.79336198566957e-23,1,0.7877263581488934
FGSG_10680,17,0.4613641466468826,7.1941875703807066,FGSG_00007;FGSG_01866;FGSG_02321;FGSG_02323;FGSG_02324;FGSG_02325;FGSG_02326;FGSG_02327;FGSG_02328;FGSG_02329;FGSG_03539;FGSG_03541;FGSG_03842;FGSG_08082;FGSG_08083;FGSG_11326;FGSG_13952,2,uncharacterized protein,GO:0016616;GO:0051287;GO:0055114,4.337287509706247,10,2.04074586763154,3.2027616962085196e-30,1,0.787458081824279
FGSG_04196,13,0.4866715498055397,5.7503456559010235,FGSG_00743;FGSG_01422;FGSG_02271;FGSG_02272;FGSG_02461;FGSG_03061;FGSG_03894;FGSG_04590;FGSG_05610;FGSG_08712;FGSG_08774;FGSG_09012;FGSG_13136,1,succinate-semialdehyde dehydrogenase,GO:0009013;GO:0009450;GO:0055114,4.010401369748976,9,-2.50561956045979,1.5216381439917998e-161,1,0.7871227364185112
FGSG_06595,13,0.4518038510625678,5.555897085681569,FGSG_01422;FGSG_02271;FGSG_02272;FGSG_02461;FGSG_03061;FGSG_03295;FGSG_04458;FGSG_04590;FGSG_05610;FGSG_07075;FGSG_07528;FGSG_09456;FGSG_09834,1,uncharacterized protein,,4.308638605090668,10,-2.14679001001007,1.3281616833486001e-55,1,0.7869885982562039
FGSG_09913,19,0.48578377217326796,8.244746612134481,FGSG_00330;FGSG_00743;FGSG_01422;FGSG_02272;FGSG_02461;FGSG_03061;FGSG_03546;FGSG_03548;FGSG_03894;FGSG_04458;FGSG_04589;FGSG_05610;FGSG_08601;FGSG_08712;FGSG_08774;FGSG_09012;FGSG_09834;FGSG_10347;FGSG_12180,1,uncharacterized protein,GO:0016021;GO:0055085,6.513825233337391,15,-1.07658850948282,5.20672075614808e-07,1,0.7860496311200537
FGSG_02319,13,0.4600886259519874,5.564024399182015,FGSG_01866;FGSG_02321;FGSG_02323;FGSG_02324;FGSG_02325;FGSG_02326;FGSG_02327;FGSG_02328;FGSG_02329;FGSG_08083;FGSG_10670;FGSG_11326;FGSG_13952,2,uncharacterized protein,GO:0016021,4.342088934559361,10,1.94459652085587,7.45641309145209e-06,1,0.7845741113346747
FGSG_20022,12,0.4845197075029485,5.288095739097714,FGSG_00743;FGSG_01422;FGSG_02271;FGSG_02272;FGSG_02461;FGSG_03061;FGSG_03894;FGSG_04588;FGSG_05368;FGSG_05610;FGSG_08774;FGSG_09012,1,5S ribosomal RNA,,3.5400759182800403,8,-5.01307688785919,4.75016388249925e-06,1,0.7845070422535212
FGSG_04554,21,0.4944926591696441,9.289805644914956,FGSG_00743;FGSG_01422;FGSG_02030;FGSG_02271;FGSG_02272;FGSG_02461;FGSG_03061;FGSG_03295;FGSG_03894;FGSG_04458;FGSG_04590;FGSG_05610;FGSG_07075;FGSG_07528;FGSG_08712;FGSG_08774;FGSG_09012;FGSG_09456;FGSG_09834;FGSG_10347;FGSG_13136,1,uncharacterized protein,GO:0004815;GO:0005524;GO:0005829;GO:0006422,6.665679057013834,15,-1.02097086182064,1.89980366927689e-30,1,0.7837692823608317
FGSG_04972,28,0.45976157452988475,12.105853964329892,FGSG_00007;FGSG_01866;FGSG_02255;FGSG_02321;FGSG_02326;FGSG_02327;FGSG_02328;FGSG_02329;FGSG_03532;FGSG_03534;FGSG_03535;FGSG_03537;FGSG_03539;FGSG_03541;FGSG_03543;FGSG_03600;FGSG_03842;FGSG_03881;FGSG_06039;FGSG_07896;FGSG_08079;FGSG_08081;FGSG_08082;FGSG_08083;FGSG_08084;FGSG_09064;FGSG_09187;FGSG_13952,2,uncharacterized protein,,3.9204707357099173,9,2.55093857406404,3.6233766845125603e-152,1,0.7835010060362173
FGSG_12154,12,0.46400777802377674,5.275197475258255,FGSG_00330;FGSG_03546;FGSG_03547;FGSG_03548;FGSG_03992;FGSG_04458;FGSG_04591;FGSG_08601;FGSG_09280;FGSG_09456;FGSG_09834;FGSG_10347,1,uncharacterized protein,GO:0004364;GO:0004602;GO:0005741;GO:0005783;GO:0006749;GO:0055114;GO:0098869,5.275197475258255,12,-1.30542848261866,2.38350652022537e-23,1,0.7834339369550638
FGSG_06609,14,0.45807296163058037,6.0202483055512515,FGSG_02321;FGSG_02323;FGSG_02324;FGSG_02325;FGSG_02326;FGSG_02327;FGSG_02328;FGSG_02329;FGSG_02903;FGSG_03842;FGSG_08083;FGSG_10670;FGSG_11326;FGSG_13952,2,uncharacterized protein,GO:0008080,5.178617808902435,12,1.39824646428101,3.5214964145442302e-09,1,0.7823608316566063
FGSG_13979,13,0.450895173112148,5.566033969603792,FGSG_02321;FGSG_02323;FGSG_02324;FGSG_02325;FGSG_02326;FGSG_02327;FGSG_02328;FGSG_02329;FGSG_03599;FGSG_03842;FGSG_08083;FGSG_11326;FGSG_13952,2,uncharacterized protein,GO:0008080;GO:0016021;GO:0055085,4.744493519518491,11,1.56843679826184,5.66036666728942e-60,1,0.7819584171696847
FGSG_02094,18,0.46697456222649014,7.678903430283008,FGSG_00330;FGSG_01422;FGSG_02272;FGSG_02461;FGSG_03061;FGSG_03295;FGSG_03546;FGSG_03548;FGSG_03992;FGSG_04458;FGSG_04590;FGSG_05610;FGSG_07075;FGSG_08601;FGSG_09280;FGSG_09456;FGSG_09834;FGSG_10347,1,uncharacterized protein,GO:0001403;GO:0005794;GO:0015200;GO:0015398;GO:0016021;GO:0072489,6.46156391125709,15,-1.05466142364539,3.32890669428394e-32,1,0.7814889336016096
FGSG_00769,12,0.46136490281402326,5.250782810143425,FGSG_00330;FGSG_03546;FGSG_03547;FGSG_03548;FGSG_03992;FGSG_04458;FGSG_04591;FGSG_08601;FGSG_09280;FGSG_09456;FGSG_09834;FGSG_10347,1,uncharacterized protein,GO:0016021;GO:0030001;GO:0046873;GO:0055085,5.250782810143425,12,-1.29843915642743,4.42068780500261e-30,1,0.7806841046277666
FGSG_06605,22,0.4634547212141085,9.445557642042735,FGSG_00007;FGSG_01866;FGSG_02321;FGSG_02324;FGSG_02325;FGSG_02326;FGSG_02327;FGSG_02328;FGSG_02329;FGSG_03539;FGSG_03541;FGSG_03600;FGSG_03842;FGSG_03881;FGSG_06039;FGSG_07896;FGSG_08081;FGSG_08082;FGSG_08083;FGSG_09187;FGSG_11326;FGSG_13952,2,beta-glucosidase 1 precursor,GO:0008422;GO:0030245;GO:0102483,5.1664366772096315,12,1.39358404151171,5.06936868593011e-20,1,0.7804828973843059
FGSG_02874,12,0.4470488234578068,5.093708346580979,FGSG_00007;FGSG_02321;FGSG_02324;FGSG_02325;FGSG_02326;FGSG_02327;FGSG_02328;FGSG_02329;FGSG_03842;FGSG_08083;FGSG_11326;FGSG_13952,2,uncharacterized protein,GO:0000981;GO:0005634;GO:0006357;GO:0008270,4.2912921667216475,10,1.94548268339104,3.65462849202574e-08,1,0.7796780684104628
FGSG_00136,15,0.4813544996937235,6.548275463349685,FGSG_00743;FGSG_00765;FGSG_02272;FGSG_02461;FGSG_02972;FGSG_03061;FGSG_03747;FGSG_03894;FGSG_05368;FGSG_05610;FGSG_08493;FGSG_08774;FGSG_10444;FGSG_10922;FGSG_12180,1,uncharacterized protein,GO:0016021,3.9455664741949894,9,-2.26073509516917,1.5382886992356298e-83,1,0.7780013413816231
FGSG_08458,16,0.4658025007537278,6.849024927907331,FGSG_00330;FGSG_01422;FGSG_02272;FGSG_03061;FGSG_03295;FGSG_03546;FGSG_03548;FGSG_03992;FGSG_04458;FGSG_04590;FGSG_07075;FGSG_08601;FGSG_09280;FGSG_09456;FGSG_09834;FGSG_10347,1,uncharacterized protein,GO:0003729;GO:0005634;GO:0005829;GO:0006166;GO:0006537;GO:0017061;GO:0019509,6.040746533177559,14,-1.09813915504783,1.17391074864407e-19,1,0.7778672032193159
FGSG_13704,15,0.4481626623747838,6.357664392512965,FGSG_00743;FGSG_01422;FGSG_02272;FGSG_02461;FGSG_03061;FGSG_03546;FGSG_03548;FGSG_03894;FGSG_04458;FGSG_05610;FGSG_08774;FGSG_09012;FGSG_09456;FGSG_09834;FGSG_10347,1,uncharacterized protein,,4.693470050852416,11,-1.57647591846508,0.0020956240487712,1,0.7778001341381624
FGSG_05526,15,0.45420905637992526,6.449904747264499,FGSG_00743;FGSG_01422;FGSG_02272;FGSG_02461;FGSG_03061;FGSG_03546;FGSG_03548;FGSG_03894;FGSG_04458;FGSG_05610;FGSG_08774;FGSG_09012;FGSG_09456;FGSG_09834;FGSG_10347,1,uncharacterized protein,,4.764829021893382,11,-1.48361423446303,0.0054950023690399,1,0.7773306505700872
FGSG_01990,19,0.4475267677259173,7.98069307097877,FGSG_00007;FGSG_01866;FGSG_02321;FGSG_02323;FGSG_02324;FGSG_02325;FGSG_02326;FGSG_02327;FGSG_02328;FGSG_02329;FGSG_03532;FGSG_03881;FGSG_08081;FGSG_08083;FGSG_08795;FGSG_10670;FGSG_11326;FGSG_12211;FGSG_13952,2,uncharacterized protein,GO:0003333;GO:0015171;GO:0016021,5.092537038617215,12,1.3528003559268,2.39304135822417e-26,1,0.7765258215962441
FGSG_04667,10,0.44297990223963196,4.1986481673288285,FGSG_00330;FGSG_03546;FGSG_03547;FGSG_03548;FGSG_04458;FGSG_08601;FGSG_09280;FGSG_09456;FGSG_09834;FGSG_10347,1,uncharacterized protein,GO:0005215;GO:0016021;GO:0051213;GO:0055085;GO:0055114,4.1986481673288285,10,-2.05469773386004,0.0007274116590076,1,0.7751844399731723
FGSG_04695,10,0.461761470865549,4.395824596972144,FGSG_02321;FGSG_02323;FGSG_02324;FGSG_02325;FGSG_02326;FGSG_02327;FGSG_02328;FGSG_02329;FGSG_02903;FGSG_11326,2,uncharacterized protein,GO:0016021,3.56708818990803,8,3.22927366593626,2.9785314068557397e-18,1,0.7734406438631791
FGSG_03942,13,0.46299681318489205,5.639953367305319,FGSG_02321;FGSG_02323;FGSG_02324;FGSG_02325;FGSG_02326;FGSG_02327;FGSG_02328;FGSG_02329;FGSG_02903;FGSG_03599;FGSG_08083;FGSG_11326;FGSG_13952,2,uncharacterized protein,,4.805116761228324,11,1.3784071012267,1.16990085285154e-12,1,0.773440643863179
FGSG_08465,13,0.4658145312401437,5.704330458354335,FGSG_01866;FGSG_02321;FGSG_02323;FGSG_02324;FGSG_02325;FGSG_02326;FGSG_02327;FGSG_02328;FGSG_02329;FGSG_03842;FGSG_08083;FGSG_11326;FGSG_13952,2,uncharacterized protein,,4.458124774934045,10,1.57576503909721,3.69393889104128e-10,1,0.7732394366197184
FGSG_06195,17,0.49110755704550463,7.447525880700403,FGSG_00743;FGSG_01422;FGSG_02272;FGSG_02461;FGSG_03061;FGSG_03894;FGSG_04458;FGSG_04589;FGSG_04590;FGSG_05610;FGSG_08601;FGSG_08712;FGSG_08774;FGSG_09012;FGSG_09834;FGSG_10347;FGSG_12180,1,uncharacterized protein,,5.668992607821037,13,-1.11276339908472,1.06059777100422e-09,1,0.7727699530516432
FGSG_02387,10,0.45316065211124507,4.353369505719496,FGSG_02321;FGSG_02323;FGSG_02324;FGSG_02325;FGSG_02326;FGSG_02327;FGSG_02328;FGSG_02329;FGSG_02903;FGSG_11326,2,uncharacterized protein,GO:0016491;GO:0055114,3.5399901106350056,8,3.32171841214901,5.0007871611752304e-23,1,0.7722334004024145
FGSG_10923,10,0.451337453266634,4.319488613381916,FGSG_02321;FGSG_02323;FGSG_02324;FGSG_02325;FGSG_02326;FGSG_02327;FGSG_02328;FGSG_02329;FGSG_02903;FGSG_11326,2,uncharacterized protein,GO:0006950;GO:0016021,3.5103044065962212,8,3.34375445840848,5.3499015397987896e-12,1,0.7714956405097251
FGSG_07192,17,0.4738725391615743,7.332063811118395,FGSG_00330;FGSG_00743;FGSG_01422;FGSG_02272;FGSG_02461;FGSG_03061;FGSG_03894;FGSG_04458;FGSG_04589;FGSG_04590;FGSG_05610;FGSG_08601;FGSG_08712;FGSG_08774;FGSG_09834;FGSG_10347;FGSG_12180,1,cutinase transcription factor 1 beta,GO:0000981;GO:0003677;GO:0005634;GO:0006351;GO:0006357;GO:0008270,5.613015217868291,13,-1.12918820147084,2.33810623182211e-11,1,0.7713615023474178
FGSG_03832,8,0.42652801380983474,3.3846153364984883,FGSG_02324;FGSG_02325;FGSG_02326;FGSG_02327;FGSG_02328;FGSG_02329;FGSG_02903;FGSG_11326,2,uncharacterized protein,,3.3846153364984883,8,5.96138650660104,6.7953027942526e-07,1,0.7708920187793427
FGSG_03845,11,0.4630483293074926,4.796293856502521,FGSG_02321;FGSG_02323;FGSG_02324;FGSG_02325;FGSG_02326;FGSG_02327;FGSG_02328;FGSG_02329;FGSG_08083;FGSG_11326;FGSG_13952,2,uncharacterized protein,GO:0016021,3.9693599231965684,9,2.00962947669452,1.51401089881474e-08,1,0.7704896042924212
FGSG_03120,14,0.452568338999411,5.897508047576219,FGSG_01866;FGSG_02320;FGSG_02321;FGSG_02323;FGSG_02324;FGSG_02325;FGSG_02326;FGSG_02327;FGSG_02328;FGSG_02329;FGSG_08083;FGSG_09187;FGSG_11326;FGSG_13952,2,uncharacterized protein,GO:0016021,4.265830392916965,10,1.78461435140401,1.5368692555720497e-11,1,0.770355466130114
FGSG_04658,13,0.4621208534225136,5.633081933421614,FGSG_01866;FGSG_02321;FGSG_02323;FGSG_02324;FGSG_02325;FGSG_02326;FGSG_02327;FGSG_02328;FGSG_02329;FGSG_03842;FGSG_08083;FGSG_11326;FGSG_13952,2,uncharacterized protein,GO:0016021;GO:0055085,4.381111040129207,10,1.56201884352502,1.1515843963846e-06,1,0.7695506371562709
FGSG_09366,16,0.4818299264964781,6.846177150611997,FGSG_00743;FGSG_02272;FGSG_02461;FGSG_02972;FGSG_03061;FGSG_03747;FGSG_03894;FGSG_04589;FGSG_05368;FGSG_05610;FGSG_08493;FGSG_08774;FGSG_09012;FGSG_10444;FGSG_10922;FGSG_12180,1,uncharacterized protein,GO:0004553;GO:0005975,4.6912811344842895,11,-1.47238777074207,1.91822351344936e-54,1,0.7694835680751173
FGSG_13708,10,0.4516495462715301,4.373283972740868,FGSG_02321;FGSG_02323;FGSG_02324;FGSG_02325;FGSG_02326;FGSG_02327;FGSG_02328;FGSG_02329;FGSG_02903;FGSG_11326,2,uncharacterized protein,GO:0008171;GO:0032259,3.5538986066459692,8,2.9664220226679,0.0,1,0.7692152917505031
FGSG_02051,11,0.4558177146847239,4.811019659846089,FGSG_00330;FGSG_03546;FGSG_03547;FGSG_03548;FGSG_03992;FGSG_04458;FGSG_08601;FGSG_09280;FGSG_09456;FGSG_09834;FGSG_10347,1,superoxide dismutase,GO:0004784;GO:0019430;GO:0046872;GO:0055114,4.811019659846089,11,-1.30224598912232,2.15484626211928e-41,1,0.7684104627766599
FGSG_05203,16,0.44185108211754787,6.675859271788371,FGSG_00743;FGSG_01422;FGSG_02272;FGSG_02461;FGSG_03061;FGSG_03546;FGSG_03548;FGSG_03894;FGSG_04458;FGSG_04589;FGSG_05610;FGSG_08601;FGSG_09012;FGSG_09456;FGSG_09834;FGSG_10347,1,meiotic coiled-coil protein 2,GO:0003723,5.4544568590900235,13,-1.12961113500018,0.0224646246006169,1,0.7676727028839705
FGSG_00392,11,0.4539409644506637,4.694451528665504,FGSG_02077;FGSG_02321;FGSG_02324;FGSG_02325;FGSG_02326;FGSG_02327;FGSG_02328;FGSG_02329;FGSG_02903;FGSG_10670;FGSG_11326,2,uncharacterized protein,,3.891402014702318,9,2.14712322849689,1.93445722651567e-29,1,0.7676056338028169
FGSG_05309,15,0.4624215622513945,6.442477138350614,FGSG_02321;FGSG_02323;FGSG_02324;FGSG_02325;FGSG_02326;FGSG_02327;FGSG_02328;FGSG_02329;FGSG_02840;FGSG_02903;FGSG_03599;FGSG_05919;FGSG_08083;FGSG_11326;FGSG_13952,2,uncharacterized protein,GO:0000981;GO:0003677;GO:0005634;GO:0006351;GO:0006357;GO:0008270,5.606403767562566,13,1.10203744737516,1.12519468474706e-33,1,0.7674714956405098
FGSG_00279,17,0.48837955856763293,7.438104289091827,FGSG_00743;FGSG_01422;FGSG_02272;FGSG_02461;FGSG_03061;FGSG_03894;FGSG_04458;FGSG_04589;FGSG_04590;FGSG_05610;FGSG_08601;FGSG_08712;FGSG_08774;FGSG_09012;FGSG_09834;FGSG_10347;FGSG_12180,1,uncharacterized protein,,5.672850331410147,13,-1.07382997173068,1.59518050511075e-15,1,0.767270288397049
FGSG_13994,12,0.45156231352120757,5.101995967793612,FGSG_02321;FGSG_02323;FGSG_02324;FGSG_02325;FGSG_02326;FGSG_02327;FGSG_02328;FGSG_02329;FGSG_03842;FGSG_08083;FGSG_11326;FGSG_13952,2,uncharacterized protein,,4.2897118331063915,10,1.66250411712805,1.3136577054813499e-12,1,0.7670690811535882
FGSG_06751,11,0.46569839646566974,4.7594349992549185,FGSG_00743;FGSG_02271;FGSG_02272;FGSG_02461;FGSG_03061;FGSG_03894;FGSG_04309;FGSG_05610;FGSG_08456;FGSG_09012;FGSG_13136,1,4-aminobutyrate aminotransferase,GO:0003867;GO:0009448;GO:0030170,3.4861012997027756,8,-3.09313182319922,1.8883406581465298e-232,1,0.7668008048289738
FGSG_10974,23,0.4601109326739432,9.865207642961648,FGSG_00007;FGSG_01866;FGSG_02321;FGSG_02324;FGSG_02325;FGSG_02326;FGSG_02327;FGSG_02328;FGSG_02329;FGSG_03535;FGSG_03539;FGSG_03541;FGSG_03600;FGSG_03842;FGSG_03881;FGSG_07896;FGSG_08081;FGSG_08082;FGSG_08083;FGSG_09187;FGSG_11184;FGSG_11326;FGSG_13952,2,uncharacterized protein,,5.572024912799086,13,1.10332898191525,3.29347494732905e-22,1,0.7667337357478202
FGSG_07366,9,0.4610556364171918,3.906923296102444,FGSG_02271;FGSG_02272;FGSG_02461;FGSG_03061;FGSG_03894;FGSG_05610;FGSG_07075;FGSG_09456;FGSG_13136,1,uncharacterized protein,GO:0016021,3.4533670877604723,8,-3.33218077356904,1.51229086888839e-156,1,0.7665325285043595
FGSG_09805,18,0.4782751972723575,7.708782866290098,FGSG_00743;FGSG_01422;FGSG_02272;FGSG_02461;FGSG_03061;FGSG_03546;FGSG_03548;FGSG_03894;FGSG_04458;FGSG_04589;FGSG_05610;FGSG_08601;FGSG_08712;FGSG_08774;FGSG_09012;FGSG_09834;FGSG_10347;FGSG_12180,1,uncharacterized protein,GO:0004081;GO:0005829;GO:0006154;GO:0017111,5.9829430673508694,14,-1.0305914838407,6.08957542870613e-07,1,0.7663983903420524
FGSG_08231,11,0.4579645326710749,4.753827359203852,FGSG_02321;FGSG_02323;FGSG_02324;FGSG_02325;FGSG_02326;FGSG_02327;FGSG_02328;FGSG_02329;FGSG_08083;FGSG_11326;FGSG_13952,2,uncharacterized protein,,3.931592614682403,9,1.98979320263716,4.228066479753631e-09,1,0.7663983903420524
FGSG_00470,13,0.45466210035659127,5.614544670460645,FGSG_02321;FGSG_02323;FGSG_02324;FGSG_02325;FGSG_02326;FGSG_02327;FGSG_02328;FGSG_02329;FGSG_03599;FGSG_03842;FGSG_08083;FGSG_11326;FGSG_13952,2,uncharacterized protein,GO:0016021,4.786625215454819,11,1.29028089897672,9.91172497519591e-10,1,0.7659959758551308
FGSG_10657,10,0.4325550077310014,4.15978679106894,FGSG_00330;FGSG_03546;FGSG_03548;FGSG_03992;FGSG_04458;FGSG_08601;FGSG_09280;FGSG_09456;FGSG_09834;FGSG_10347,1,uncharacterized protein,GO:0006355,4.15978679106894,10,-1.80495033640934,0.0153807388256007,1,0.7659289067739772
FGSG_04826,13,0.4724005306091232,5.613160452408733,FGSG_01422;FGSG_02271;FGSG_02272;FGSG_02461;FGSG_03061;FGSG_03894;FGSG_04590;FGSG_05610;FGSG_07075;FGSG_09012;FGSG_09456;FGSG_09834;FGSG_13136,1,L-xylulose reductase,GO:0005997;GO:0006006;GO:0050038;GO:0050085;GO:0051289;GO:0055114,4.738330890770449,11,-1.31924038247614,4.38944072312581e-63,1,0.764989939637827
FGSG_02137,10,0.4375418864780775,4.2557957721251105,FGSG_00330;FGSG_03546;FGSG_03548;FGSG_03992;FGSG_04458;FGSG_08601;FGSG_09280;FGSG_09456;FGSG_09834;FGSG_10347,1,uncharacterized protein,GO:0016491;GO:0020037;GO:0046872;GO:0055114,4.2557957721251105,10,-1.69534802044674,0.0033245789215036,1,0.7649228705566734
FGSG_01491,14,0.48728650471653684,6.009216935130839,FGSG_00743;FGSG_02272;FGSG_02461;FGSG_02972;FGSG_03061;FGSG_03747;FGSG_03894;FGSG_04589;FGSG_05610;FGSG_08774;FGSG_09012;FGSG_10347;FGSG_10922;FGSG_12180,1,uncharacterized protein,,4.291580863583795,10,-1.60674651042243,2.32561517780875e-08,1,0.7648558014755198
FGSG_03603,16,0.47877893304742264,6.924076982299015,FGSG_00743;FGSG_01422;FGSG_02271;FGSG_02272;FGSG_02461;FGSG_03061;FGSG_03894;FGSG_04458;FGSG_04590;FGSG_05610;FGSG_08712;FGSG_08774;FGSG_09012;FGSG_09456;FGSG_09834;FGSG_10347,1,uncharacterized protein,GO:0004631;GO:0005737;GO:0006695;GO:0009116;GO:0016310;GO:0016614;GO:0050660;GO:0055114,5.178755617591447,12,-1.17299998705361,0.0174919748428156,1,0.7629778672032194
FGSG_02695,10,0.4456495344789188,4.237768773912728,FGSG_02323;FGSG_02324;FGSG_02325;FGSG_02326;FGSG_02327;FGSG_02328;FGSG_02329;FGSG_03842;FGSG_11326;FGSG_13952,2,uncharacterized protein,GO:0016491;GO:0055114,3.831061755786186,9,2.18283501922136,4.71029470436827e-24,1,0.7624413145539906
FGSG_04368,11,0.4538358361392742,4.753240351623724,FGSG_02321;FGSG_02323;FGSG_02324;FGSG_02325;FGSG_02326;FGSG_02327;FGSG_02328;FGSG_02329;FGSG_02903;FGSG_11326;FGSG_13952,2,uncharacterized protein,GO:0016021;GO:0016491;GO:0022891;GO:0055085;GO:0055114;GO:0071949,3.9278961491074886,9,1.86292326080915,1.40204020965684e-32,1,0.7622401073105298
FGSG_05692,14,0.4355275902904762,5.825855341787829,FGSG_01866;FGSG_02320;FGSG_02321;FGSG_02325;FGSG_02326;FGSG_02327;FGSG_02328;FGSG_02329;FGSG_03574;FGSG_08078;FGSG_08083;FGSG_10670;FGSG_11326;FGSG_12211,2,uncharacterized protein,GO:0016021,3.754830999675099,9,2.41665961323044,4.1671803463784595e-56,1,0.7621059691482227
FGSG_03261,12,0.4573239126986209,5.162762122409899,FGSG_02321;FGSG_02323;FGSG_02324;FGSG_02325;FGSG_02326;FGSG_02327;FGSG_02328;FGSG_02329;FGSG_03842;FGSG_08083;FGSG_11326;FGSG_13952,2,uncharacterized protein,,4.34620458276454,10,1.48954810571365,2.26487919502577e-05,1,0.7620389000670691
FGSG_00857,13,0.47149444808794494,5.806618222652472,FGSG_00330;FGSG_01422;FGSG_03546;FGSG_03547;FGSG_03548;FGSG_03992;FGSG_04458;FGSG_04591;FGSG_08601;FGSG_09280;FGSG_09456;FGSG_09834;FGSG_10347,1,uncharacterized protein,,5.403726632366809,12,-1.07799371729704,1.6859787503610598e-49,1,0.7596914822266935
FGSG_02792,10,0.47012107575081824,4.375798565660665,FGSG_00743;FGSG_02271;FGSG_02272;FGSG_02461;FGSG_03061;FGSG_03894;FGSG_05610;FGSG_08774;FGSG_09012;FGSG_13136,1,uncharacterized protein,GO:0000042;GO:0005622;GO:0016491;GO:0055114,3.0863227779364526,7,-8.23006149071732,3.4590912878563904e-09,1,0.759289067739772
FGSG_10624,14,0.4614114079082381,5.988514353082421,FGSG_02321;FGSG_02323;FGSG_02324;FGSG_02325;FGSG_02326;FGSG_02327;FGSG_02328;FGSG_02329;FGSG_02903;FGSG_08083;FGSG_08795;FGSG_10670;FGSG_11326;FGSG_13952,2,uncharacterized protein,GO:0004488;GO:0009396;GO:0055114,5.1621967515627665,12,1.15839778579592,6.39998218247792e-09,1,0.7591549295774648
FGSG_12845,13,0.45080333182153487,5.52345741657607,FGSG_02321;FGSG_02323;FGSG_02324;FGSG_02325;FGSG_02326;FGSG_02327;FGSG_02328;FGSG_02329;FGSG_02903;FGSG_03842;FGSG_08083;FGSG_11326;FGSG_13952,2,uncharacterized protein,GO:0030529,4.69558573887751,11,1.30015623995365,0.0002537768324908,1,0.758953722334004
FGSG_20650,13,0.45432399337696855,5.546105569011973,FGSG_00743;FGSG_01422;FGSG_02272;FGSG_02461;FGSG_03061;FGSG_03894;FGSG_04458;FGSG_05610;FGSG_08774;FGSG_09012;FGSG_09456;FGSG_09834;FGSG_10347,1,tRNA-Ala,,3.8736813878177805,9,-1.93303686381063,0.0005535135881263,1,0.7587525150905432
FGSG_12445,14,0.457762026622236,6.001866198400723,FGSG_02321;FGSG_02323;FGSG_02324;FGSG_02325;FGSG_02326;FGSG_02327;FGSG_02328;FGSG_02329;FGSG_02903;FGSG_03599;FGSG_03842;FGSG_08083;FGSG_11326;FGSG_13952,2,uncharacterized protein,GO:0004527;GO:0016021;GO:0090305,5.175207070942641,12,1.1379976507994,1.01012138751844e-44,1,0.7586854460093897
FGSG_12782,10,0.4563568703391251,4.342076850225895,FGSG_02321;FGSG_02323;FGSG_02324;FGSG_02325;FGSG_02326;FGSG_02327;FGSG_02328;FGSG_02329;FGSG_08083;FGSG_11326,2,uncharacterized protein,GO:0000981;GO:0005634;GO:0006357;GO:0008270,3.5273446059388296,8,2.48856360548215,2.81366743343332e-24,1,0.7585513078470825
FGSG_07384,12,0.45702342780045935,5.171246670454171,FGSG_02321;FGSG_02323;FGSG_02324;FGSG_02325;FGSG_02326;FGSG_02327;FGSG_02328;FGSG_02329;FGSG_02903;FGSG_08083;FGSG_11326;FGSG_13952,2,uncharacterized protein,,4.343400179079976,10,1.43481624292656,4.11247499488398e-05,1,0.7582159624413145
FGSG_09889,15,0.46808787905101007,6.51234726001093,FGSG_02321;FGSG_02323;FGSG_02324;FGSG_02325;FGSG_02326;FGSG_02327;FGSG_02328;FGSG_02329;FGSG_02840;FGSG_02903;FGSG_03599;FGSG_05919;FGSG_08083;FGSG_11326;FGSG_13952,2,uncharacterized protein,,5.674374944603178,13,1.00073442518996,6.707843731791911e-31,1,0.7578806170355465
FGSG_13133,13,0.4397632536739108,5.5197607086569,FGSG_01422;FGSG_02272;FGSG_02461;FGSG_03061;FGSG_03546;FGSG_03548;FGSG_03894;FGSG_04458;FGSG_05610;FGSG_09012;FGSG_09456;FGSG_09834;FGSG_10347,1,uncharacterized protein,GO:0004129;GO:0005751;GO:0006123;GO:1902600,4.683750902869322,11,-1.29804377866931,3.23112041547013e-12,1,0.7576123407109323
FGSG_13347,17,0.4865663437060243,7.3364909781003655,FGSG_00743;FGSG_00765;FGSG_02272;FGSG_02461;FGSG_02972;FGSG_03061;FGSG_03747;FGSG_03894;FGSG_04589;FGSG_05368;FGSG_05610;FGSG_08493;FGSG_08774;FGSG_09012;FGSG_10444;FGSG_10922;FGSG_12180,1,uncharacterized protein,GO:0016021;GO:0016491;GO:0055114,4.749792581618631,11,-1.230953598894,6.19456552515934e-23,1,0.7571428571428571
FGSG_11269,22,0.4608929137497814,9.415526580461043,FGSG_00007;FGSG_01866;FGSG_02321;FGSG_02323;FGSG_02324;FGSG_02325;FGSG_02326;FGSG_02327;FGSG_02328;FGSG_02329;FGSG_03539;FGSG_03541;FGSG_03600;FGSG_03842;FGSG_03881;FGSG_07896;FGSG_08081;FGSG_08082;FGSG_08083;FGSG_09187;FGSG_11326;FGSG_13952,2,uncharacterized protein,GO:0045735,5.205133719759256,12,1.09705044902568,9.17383138203613e-16,1,0.7568745808182428
FGSG_04377,8,0.4482508232101177,3.4590232682723188,FGSG_02324;FGSG_02325;FGSG_02326;FGSG_02327;FGSG_02328;FGSG_02329;FGSG_02903;FGSG_11326,2,uncharacterized protein,,3.4590232682723188,8,2.68141836028785,1.27756205020946e-07,1,0.7568075117370893
FGSG_07296,11,0.4526969312695635,4.705435206873602,FGSG_02077;FGSG_02321;FGSG_02324;FGSG_02325;FGSG_02326;FGSG_02327;FGSG_02328;FGSG_02329;FGSG_02903;FGSG_10670;FGSG_11326,2,ATP-dependent RNA helicase DBP8,GO:0000447;GO:0000472;GO:0000480;GO:0003723;GO:0004004;GO:0005524;GO:0005730;GO:0030686,3.888633215089734,9,1.80448036826454,4.98977883221402e-88,1,0.756203890006707
FGSG_11992,10,0.4582071674319184,4.383496051904638,FGSG_02321;FGSG_02323;FGSG_02324;FGSG_02325;FGSG_02326;FGSG_02327;FGSG_02328;FGSG_02329;FGSG_02903;FGSG_11326,2,uncharacterized protein,GO:0003824;GO:0050662,3.5649910186060625,8,2.2569261526139,2.8636274344493e-19,1,0.7543930248155601
FGSG_03882,13,0.4818178499844452,5.564322741081865,FGSG_00743;FGSG_02272;FGSG_02461;FGSG_02972;FGSG_03061;FGSG_03747;FGSG_03894;FGSG_05610;FGSG_08493;FGSG_08774;FGSG_10444;FGSG_10922;FGSG_12180,1,uncharacterized protein,GO:0005524;GO:0005886;GO:0016021;GO:0042626;GO:0055085,3.448000998718152,8,-2.51392752475543,4.13787072634564e-10,1,0.7527833668678738
FGSG_06465,13,0.48064134832578653,5.6864260281141155,FGSG_00743;FGSG_01422;FGSG_02272;FGSG_02461;FGSG_03061;FGSG_03894;FGSG_04458;FGSG_04590;FGSG_05610;FGSG_08712;FGSG_08774;FGSG_09012;FGSG_10347,1,uncharacterized protein,GO:0016787,3.94467363669589,9,-1.60203897833075,0.0363528560831788,1,0.7519114688128773
FGSG_07743,12,0.47207110309709327,5.256948561748129,FGSG_00743;FGSG_00765;FGSG_02271;FGSG_02272;FGSG_02461;FGSG_03061;FGSG_03894;FGSG_04309;FGSG_05610;FGSG_08774;FGSG_09012;FGSG_13136,1,uncharacterized protein,,3.105149035409204,7,-4.06220835090625,2.04161745758742e-63,1,0.7511066398390343
FGSG_12583,9,0.44042705301424134,3.8241797940423616,FGSG_00330;FGSG_03546;FGSG_03548;FGSG_04458;FGSG_08601;FGSG_09280;FGSG_09456;FGSG_09834;FGSG_10347,1,uncharacterized protein,,3.8241797940423616,9,-1.9066091838355,0.0005349033511705,1,0.7511066398390343
FGSG_11061,14,0.46291474505590624,6.015451653838325,FGSG_02321;FGSG_02323;FGSG_02324;FGSG_02325;FGSG_02326;FGSG_02327;FGSG_02328;FGSG_02329;FGSG_02840;FGSG_02903;FGSG_08083;FGSG_10670;FGSG_11326;FGSG_13952,2,uncharacterized protein,GO:0046872;GO:0051087,5.185565820853483,12,1.07017591286845,1.21982024240112e-05,1,0.7511066398390343
FGSG_05922,12,0.46231910583635527,5.2370913091242794,FGSG_02321;FGSG_02323;FGSG_02324;FGSG_02325;FGSG_02326;FGSG_02327;FGSG_02328;FGSG_02329;FGSG_02903;FGSG_08083;FGSG_11326;FGSG_13952,2,uncharacterized protein,,4.401657277025874,10,1.27565529150598,2.1342403009914702e-09,1,0.7505700871898056
FGSG_03721,10,0.4462962262400467,4.191632416704903,FGSG_02323;FGSG_02324;FGSG_02325;FGSG_02326;FGSG_02327;FGSG_02328;FGSG_02329;FGSG_03842;FGSG_11326;FGSG_13952,2,uncharacterized protein,,3.787882354010032,9,1.95479475516886,6.35571505372656e-56,1,0.7499664654594231
FGSG_12136,15,0.48489673462397354,6.42010217535366,FGSG_00743;FGSG_01422;FGSG_02272;FGSG_02461;FGSG_03061;FGSG_03894;FGSG_04458;FGSG_04589;FGSG_05610;FGSG_08601;FGSG_08774;FGSG_09012;FGSG_10347;FGSG_10922;FGSG_12180,1,uncharacterized protein,GO:0016021;GO:0016746,4.714837647565579,11,-1.17638462201877,0.0003404330246059,1,0.7480885311871228
FGSG_11651,8,0.44083575175483813,3.4122754695969437,FGSG_02324;FGSG_02325;FGSG_02326;FGSG_02327;FGSG_02328;FGSG_02329;FGSG_02903;FGSG_11326,2,uncharacterized protein,,3.4122754695969437,8,2.54349682296808,1.23483421726132e-22,1,0.747887323943662
FGSG_05554,20,0.4812218227955044,8.650659579471222,FGSG_00743;FGSG_00765;FGSG_01422;FGSG_01621;FGSG_02030;FGSG_02271;FGSG_02272;FGSG_02461;FGSG_03061;FGSG_03894;FGSG_04309;FGSG_04588;FGSG_04590;FGSG_05368;FGSG_05610;FGSG_07075;FGSG_08774;FGSG_09012;FGSG_11206;FGSG_13136,1,4-aminobutyrate aminotransferase,GO:0003867;GO:0009448;GO:0030170,4.814143354068335,11,-1.08830890906738,7.08960358932136e-38,1,0.7457411133467471
FGSG_04917,15,0.47909188322822105,6.57537129035337,FGSG_00743;FGSG_01422;FGSG_02272;FGSG_02461;FGSG_03061;FGSG_03548;FGSG_03894;FGSG_04458;FGSG_05610;FGSG_08712;FGSG_08774;FGSG_09012;FGSG_09456;FGSG_09834;FGSG_10347,1,uncharacterized protein,,4.831025893914105,11,-1.08064623853791,2.63507764069188e-10,1,0.7450033534540577
FGSG_03630,10,0.4506693370938908,4.339106406567733,FGSG_02321;FGSG_02323;FGSG_02324;FGSG_02325;FGSG_02326;FGSG_02327;FGSG_02328;FGSG_02329;FGSG_02903;FGSG_11326,2,uncharacterized protein,,3.531618372300782,8,2.03953901129869,3.02755194288184e-89,1,0.7448692152917504
FGSG_13111,11,0.44603270988459237,4.6977011834414215,FGSG_00330;FGSG_03546;FGSG_03547;FGSG_03548;FGSG_03992;FGSG_04458;FGSG_08601;FGSG_09280;FGSG_09456;FGSG_09834;FGSG_10347,1,enoyl-CoA hydratase,GO:0008152;GO:0016853,4.6977011834414215,11,-1.1562528910368,1.54499073201e-26,1,0.7446009389671362
FGSG_03099,11,0.43790623229907755,4.6362360436678705,FGSG_02323;FGSG_02324;FGSG_02325;FGSG_02326;FGSG_02327;FGSG_02328;FGSG_02329;FGSG_03842;FGSG_08083;FGSG_11326;FGSG_13952,2,uncharacterized protein,GO:0016021,4.2320400423030415,10,1.4002065756702,0.0006095713546902,1,0.7442655935613682
FGSG_12764,12,0.45576885890493496,5.202839894860959,FGSG_02321;FGSG_02323;FGSG_02324;FGSG_02325;FGSG_02326;FGSG_02327;FGSG_02328;FGSG_02329;FGSG_02903;FGSG_10670;FGSG_11326;FGSG_13952,2,uncharacterized protein,,4.369721310969518,10,1.23691220222037,9.65741326028691e-31,1,0.7442655935613682
FGSG_09029,7,0.4433358350733606,3.0081963163392587,FGSG_02324;FGSG_02325;FGSG_02326;FGSG_02327;FGSG_02328;FGSG_02329;FGSG_11326,2,uncharacterized protein,GO:0016491;GO:0055114,3.0081963163392587,7,3.97041436305422,4.61042614165843e-08,1,0.7439973172367538
FGSG_02908,29,0.45537129649503605,12.421166267269099,FGSG_00007;FGSG_01866;FGSG_02255;FGSG_02321;FGSG_02326;FGSG_02327;FGSG_02328;FGSG_02329;FGSG_03532;FGSG_03535;FGSG_03539;FGSG_03541;FGSG_03543;FGSG_03600;FGSG_03842;FGSG_03881;FGSG_07896;FGSG_08077;FGSG_08078;FGSG_08079;FGSG_08081;FGSG_08082;FGSG_08083;FGSG_08084;FGSG_08795;FGSG_09064;FGSG_09187;FGSG_12211;FGSG_13952,2,uncharacterized protein,GO:0004497;GO:0005506;GO:0016708;GO:0019439;GO:0051537;GO:0055114,4.651775419092294,11,1.16264657464722,2.3507734262284497e-50,1,0.7428571428571429
FGSG_12254,12,0.4592204601448557,5.1991492272618824,FGSG_01866;FGSG_02321;FGSG_02324;FGSG_02325;FGSG_02326;FGSG_02327;FGSG_02328;FGSG_02329;FGSG_03842;FGSG_08083;FGSG_11326;FGSG_13952,2,uncharacterized protein,GO:0016021,4.375101994016902,10,1.21810555923593,0.0003208561754101,1,0.7425888665325285
FGSG_07489,10,0.4755693199255501,4.430022955073964,FGSG_00743;FGSG_02271;FGSG_02272;FGSG_02461;FGSG_03061;FGSG_03894;FGSG_05610;FGSG_08774;FGSG_09012;FGSG_13136,1,uncharacterized protein,GO:0016021,3.1129101453703774,7,-3.16930495751238,0.0001065745759734,1,0.7425888665325285
FGSG_06401,12,0.4541508348012365,5.0792624349231765,FGSG_00330;FGSG_03295;FGSG_03546;FGSG_03548;FGSG_03992;FGSG_04458;FGSG_07075;FGSG_08601;FGSG_09280;FGSG_09456;FGSG_09834;FGSG_10347,1,uncharacterized protein,GO:0006725;GO:0008198;GO:0008270;GO:0016701;GO:0051213;GO:0055114,4.6730550669679545,11,-1.145250190331,2.57691900015082e-21,1,0.742186452045607
FGSG_12387,7,0.4354409834282646,2.9553387151277835,FGSG_02324;FGSG_02325;FGSG_02326;FGSG_02327;FGSG_02328;FGSG_02329;FGSG_11326,2,uncharacterized protein,,2.9553387151277835,7,7.32192309270815,1.54796096130655e-22,1,0.7420523138832998
FGSG_00227,10,0.4434974871655493,4.212356009132148,FGSG_00330;FGSG_03546;FGSG_03547;FGSG_03548;FGSG_04458;FGSG_04591;FGSG_08601;FGSG_09280;FGSG_09834;FGSG_10347,1,uncharacterized protein,GO:0000981;GO:0003677;GO:0005634;GO:0006351;GO:0006357;GO:0008270,4.212356009132148,10,-1.37651435191297,2.33187618285005e-07,1,0.7417840375586855
FGSG_04058,14,0.4798536343689007,6.13239438970823,FGSG_00743;FGSG_00765;FGSG_01422;FGSG_02271;FGSG_02272;FGSG_02461;FGSG_03061;FGSG_03894;FGSG_04309;FGSG_05610;FGSG_08774;FGSG_09012;FGSG_11206;FGSG_13136,1,uncharacterized protein,GO:0016021,3.167464878719486,7,-2.94753890519179,2.14951183282292e-77,1,0.7409121395036888
FGSG_06875,16,0.4636515100287936,6.862649314813164,FGSG_00743;FGSG_01422;FGSG_02271;FGSG_02272;FGSG_02461;FGSG_03061;FGSG_03548;FGSG_03894;FGSG_04458;FGSG_05610;FGSG_07075;FGSG_08774;FGSG_09012;FGSG_09456;FGSG_09834;FGSG_10347,1,uncharacterized protein,GO:0005756;GO:0015986;GO:0046933;GO:0046961,5.172541443404907,12,-1.01026529562474,2.9490692381194904e-14,1,0.7401743796109993
FGSG_03955,8,0.43394434833147005,3.300859005610081,FGSG_02324;FGSG_02325;FGSG_02326;FGSG_02327;FGSG_02328;FGSG_03842;FGSG_11326;FGSG_13952,2,uncharacterized protein,GO:0005737;GO:0008677;GO:0009063;GO:0015940;GO:0050661;GO:0055114,3.300859005610081,8,2.7948394186168,0.0070108906614033,1,0.7399731723675386
FGSG_07539,54,0.4936488721976837,24.980893270011034,FGSG_00043;FGSG_00330;FGSG_00743;FGSG_01346;FGSG_01422;FGSG_01947;FGSG_02030;FGSG_02271;FGSG_02272;FGSG_02461;FGSG_02554;FGSG_03061;FGSG_03295;FGSG_03340;FGSG_03546;FGSG_03547;FGSG_03548;FGSG_03894;FGSG_03992;FGSG_04458;FGSG_04490;FGSG_04588;FGSG_04589;FGSG_04590;FGSG_04591;FGSG_04592;FGSG_04593;FGSG_04595;FGSG_04596;FGSG_04763;FGSG_05368;FGSG_05610;FGSG_05843;FGSG_05926;FGSG_06055;FGSG_06257;FGSG_06702;FGSG_07075;FGSG_07528;FGSG_08601;FGSG_08712;FGSG_08774;FGSG_09012;FGSG_09280;FGSG_09456;FGSG_09826;FGSG_09834;FGSG_10347;FGSG_10922;FGSG_10947;FGSG_12180;FGSG_12222;FGSG_12223;FGSG_13136,1,uncharacterized protein,GO:0000038;GO:0001676;GO:0004467;GO:0005324;GO:0005777;GO:0005783;GO:0005811;GO:0006633;GO:0015909;GO:0031235;GO:0031957,20.00284046126261,43,-0.992103122598634,1.05950057086148e-21,0,0.7394366197183099
FGSG_08823,8,0.4581744528503072,3.522182104043114,FGSG_02321;FGSG_02324;FGSG_02325;FGSG_02326;FGSG_02327;FGSG_02328;FGSG_02329;FGSG_11326,2,uncharacterized protein,GO:0005524;GO:0016021;GO:0042626;GO:0055085,3.1154444624644997,7,2.89137890799945,4.80610363943976e-06,1,0.7393024815560028
FGSG_01829,10,0.4449745950245527,4.259886726393075,FGSG_02324;FGSG_02325;FGSG_02326;FGSG_02327;FGSG_02328;FGSG_02329;FGSG_03842;FGSG_08083;FGSG_11326;FGSG_13952,2,uncharacterized protein,GO:0005975;GO:0016853;GO:0030246,4.259886726393075,10,1.29445043329649,0.0007256185791229,1,0.7390342052313883
FGSG_11828,54,0.49104708756870535,24.796631394491857,FGSG_00043;FGSG_00044;FGSG_00330;FGSG_00743;FGSG_01346;FGSG_01422;FGSG_01947;FGSG_02030;FGSG_02271;FGSG_02272;FGSG_02461;FGSG_02554;FGSG_03061;FGSG_03295;FGSG_03340;FGSG_03546;FGSG_03547;FGSG_03548;FGSG_03894;FGSG_03992;FGSG_04458;FGSG_04490;FGSG_04588;FGSG_04589;FGSG_04590;FGSG_04591;FGSG_04592;FGSG_04593;FGSG_04595;FGSG_04596;FGSG_04763;FGSG_04852;FGSG_05610;FGSG_05843;FGSG_05926;FGSG_06055;FGSG_06257;FGSG_06702;FGSG_07075;FGSG_07528;FGSG_08601;FGSG_08712;FGSG_08774;FGSG_09012;FGSG_09280;FGSG_09456;FGSG_09826;FGSG_09834;FGSG_10347;FGSG_10922;FGSG_10947;FGSG_12180;FGSG_12223;FGSG_13136,1,uncharacterized protein,GO:0016021,19.862722761287866,43,-0.984171401773484,1.16408761868892e-38,0,0.7386317907444668
FGSG_01599,13,0.4829584039459548,5.597651280149393,FGSG_00743;FGSG_02272;FGSG_02461;FGSG_02972;FGSG_03061;FGSG_03747;FGSG_03894;FGSG_05610;FGSG_08493;FGSG_08774;FGSG_10444;FGSG_10922;FGSG_12180,1,uncharacterized protein,GO:0016021,3.4610351076169077,8,-1.99484606127756,2.1557464717172901e-10,1,0.7385647216633132
FGSG_09088,7,0.432310663953986,2.977596631431842,FGSG_02324;FGSG_02325;FGSG_02326;FGSG_02327;FGSG_02328;FGSG_02329;FGSG_11326,2,uncharacterized protein,,2.977596631431842,7,4.11479907800594,0.0001657808740525,1,0.7376257545271631
FGSG_09308,52,0.4860040317806463,23.523161285505036,FGSG_00043;FGSG_00044;FGSG_00330;FGSG_00743;FGSG_01346;FGSG_01422;FGSG_01947;FGSG_02030;FGSG_02271;FGSG_02272;FGSG_02461;FGSG_02554;FGSG_03061;FGSG_03295;FGSG_03340;FGSG_03546;FGSG_03547;FGSG_03548;FGSG_03894;FGSG_03992;FGSG_04458;FGSG_04490;FGSG_04588;FGSG_04589;FGSG_04590;FGSG_04591;FGSG_04592;FGSG_04593;FGSG_04595;FGSG_04596;FGSG_04763;FGSG_04852;FGSG_05610;FGSG_05843;FGSG_05926;FGSG_06055;FGSG_06257;FGSG_07075;FGSG_07528;FGSG_08601;FGSG_08712;FGSG_08774;FGSG_09012;FGSG_09280;FGSG_09456;FGSG_09826;FGSG_09834;FGSG_10347;FGSG_10922;FGSG_10947;FGSG_12180;FGSG_12223,1,uncharacterized protein,GO:0046983,19.10476187628975,42,-0.84937978573516,7.75775233861201e-29,0,0.7366197183098592
FGSG_13095,11,0.48635737446741584,4.759771681003569,FGSG_00743;FGSG_02272;FGSG_02461;FGSG_03061;FGSG_03894;FGSG_04589;FGSG_05610;FGSG_08774;FGSG_09012;FGSG_10922;FGSG_12180,1,uncharacterized protein,,3.4506223166293397,8,-1.97421776998587,0.0001786502410869,1,0.7360831656606306
FGSG_01603,7,0.4461960535135604,3.024584137657163,FGSG_02324;FGSG_02325;FGSG_02326;FGSG_02327;FGSG_02328;FGSG_02329;FGSG_11326,2,uncharacterized protein,GO:0016787,3.024584137657163,7,3.06525532954135,1.46473758610343e-18,1,0.7358148893360161
FGSG_09383,12,0.4533599436140493,5.173412264678861,FGSG_02321;FGSG_02323;FGSG_02324;FGSG_02325;FGSG_02326;FGSG_02327;FGSG_02328;FGSG_02329;FGSG_03842;FGSG_08083;FGSG_11326;FGSG_13952,2,uncharacterized protein,GO:0008171;GO:0032259,4.349623814865884,10,1.16024993087454,1.01042390519672e-05,1,0.7357478202548625
FGSG_04677,12,0.44992212387154124,5.13456702287265,FGSG_02321;FGSG_02323;FGSG_02324;FGSG_02325;FGSG_02326;FGSG_02327;FGSG_02328;FGSG_02329;FGSG_03842;FGSG_08083;FGSG_11326;FGSG_13952,2,uncharacterized protein,GO:0016787,4.319750621796846,10,1.186593841244,0.0009288025718244,1,0.7352783366867874
FGSG_04610,8,0.4529655843089253,3.4811700817982443,FGSG_02321;FGSG_02324;FGSG_02325;FGSG_02326;FGSG_02327;FGSG_02328;FGSG_02329;FGSG_11326,2,uncharacterized protein,GO:0016021;GO:0022891;GO:0055085,3.075734198958751,7,2.82386239099407,3.28697618479765e-07,1,0.7350100603621731
FGSG_03920,7,0.4312170811028062,2.9264159233856937,FGSG_02324;FGSG_02325;FGSG_02326;FGSG_02327;FGSG_02328;FGSG_02329;FGSG_11326,2,uncharacterized protein,GO:0005506;GO:0016021;GO:0016705;GO:0020037;GO:0022891;GO:0055085;GO:0055114,2.9264159233856937,7,5.38909449136275,0.0003421793009567,1,0.7346076458752515
FGSG_12522,10,0.44248684084509793,4.203667256064474,FGSG_02271;FGSG_02272;FGSG_02461;FGSG_03061;FGSG_03295;FGSG_05610;FGSG_07075;FGSG_07528;FGSG_09456;FGSG_09834,1,uncharacterized protein,GO:0016740,3.382820427554521,8,-2.20991261655403,5.2734130018782e-09,1,0.7340040241448693
FGSG_06644,50,0.4906911227706263,22.78430288399456,FGSG_00330;FGSG_00743;FGSG_01422;FGSG_01947;FGSG_02030;FGSG_02271;FGSG_02272;FGSG_02461;FGSG_02554;FGSG_02782;FGSG_03061;FGSG_03295;FGSG_03340;FGSG_03546;FGSG_03547;FGSG_03548;FGSG_03894;FGSG_03992;FGSG_04458;FGSG_04490;FGSG_04588;FGSG_04589;FGSG_04590;FGSG_04591;FGSG_04592;FGSG_04593;FGSG_04596;FGSG_04763;FGSG_05368;FGSG_05610;FGSG_05843;FGSG_05926;FGSG_06055;FGSG_06257;FGSG_07075;FGSG_07528;FGSG_08601;FGSG_08712;FGSG_08774;FGSG_09012;FGSG_09280;FGSG_09456;FGSG_09826;FGSG_09834;FGSG_10347;FGSG_10922;FGSG_10947;FGSG_12180;FGSG_12223;FGSG_13136,1,uncharacterized protein,GO:0005737;GO:0006614;GO:0016021;GO:0046967,18.315071010699242,40,-0.570734410832084,3.01894324403826e-16,0,0.7338028169014085
FGSG_11655,10,0.44629034054287997,4.237341564798415,FGSG_00330;FGSG_03546;FGSG_03547;FGSG_03548;FGSG_04458;FGSG_04591;FGSG_08601;FGSG_09280;FGSG_09834;FGSG_10347,1,uncharacterized protein,GO:0004318;GO:0004497;GO:0005506;GO:0005835;GO:0006633;GO:0016705;GO:0020037;GO:0055114,4.237341564798415,10,-1.2578290464978,2.27193517840782e-59,1,0.7335345405767941
FGSG_00198,19,0.43484275377347414,7.965409302787954,FGSG_00007;FGSG_01866;FGSG_02320;FGSG_02321;FGSG_02326;FGSG_02327;FGSG_02328;FGSG_02329;FGSG_03532;FGSG_03543;FGSG_03881;FGSG_08077;FGSG_08078;FGSG_08083;FGSG_08084;FGSG_09064;FGSG_10670;FGSG_11326;FGSG_12211,2,uncharacterized protein,,3.3767960672087916,8,2.2159168525432,3.9666685151556596e-22,1,0.7333333333333334
FGSG_00644,51,0.5023705112203163,23.668986325768806,FGSG_00330;FGSG_00743;FGSG_00765;FGSG_01422;FGSG_02030;FGSG_02271;FGSG_02272;FGSG_02461;FGSG_02554;FGSG_02782;FGSG_03061;FGSG_03295;FGSG_03340;FGSG_03546;FGSG_03547;FGSG_03548;FGSG_03894;FGSG_03992;FGSG_04458;FGSG_04490;FGSG_04588;FGSG_04589;FGSG_04590;FGSG_04591;FGSG_04592;FGSG_04593;FGSG_04596;FGSG_04763;FGSG_05368;FGSG_05610;FGSG_05843;FGSG_06055;FGSG_06257;FGSG_07075;FGSG_07528;FGSG_08601;FGSG_08712;FGSG_08774;FGSG_09012;FGSG_09280;FGSG_09456;FGSG_09826;FGSG_09834;FGSG_10347;FGSG_10922;FGSG_10947;FGSG_11206;FGSG_12180;FGSG_12222;FGSG_12223;FGSG_13136,1,uncharacterized protein,GO:0005750;GO:0006122;GO:0008121;GO:0009060;GO:0030061;GO:0046872;GO:1902600,18.178195905903024,39,-0.970996069561759,1.33934037166162e-41,0,0.7325955734406439
FGSG_00300,50,0.49392227537347005,22.933695380802572,FGSG_00330;FGSG_00743;FGSG_00765;FGSG_01422;FGSG_01947;FGSG_02030;FGSG_02271;FGSG_02272;FGSG_02461;FGSG_02782;FGSG_03061;FGSG_03295;FGSG_03340;FGSG_03546;FGSG_03547;FGSG_03548;FGSG_03894;FGSG_03992;FGSG_04458;FGSG_04490;FGSG_04588;FGSG_04589;FGSG_04590;FGSG_04591;FGSG_04592;FGSG_04593;FGSG_04596;FGSG_04763;FGSG_05368;FGSG_05610;FGSG_05843;FGSG_06055;FGSG_06257;FGSG_07075;FGSG_07528;FGSG_08601;FGSG_08712;FGSG_08774;FGSG_09012;FGSG_09280;FGSG_09456;FGSG_09826;FGSG_09834;FGSG_10347;FGSG_10922;FGSG_10947;FGSG_11206;FGSG_12180;FGSG_12223;FGSG_13136,1,ATP synthase subunit 5,GO:0000274;GO:0015986;GO:0046933;GO:0046961,17.961782798469535,39,-0.811594557609221,1.5247611561912002e-26,0,0.7319919517102615
FGSG_09845,52,0.49932349135227616,23.22040978392834,FGSG_00330;FGSG_00743;FGSG_00765;FGSG_01422;FGSG_02030;FGSG_02271;FGSG_02272;FGSG_02461;FGSG_02554;FGSG_02972;FGSG_03061;FGSG_03295;FGSG_03340;FGSG_03546;FGSG_03547;FGSG_03548;FGSG_03747;FGSG_03894;FGSG_03992;FGSG_04458;FGSG_04490;FGSG_04588;FGSG_04589;FGSG_04590;FGSG_04591;FGSG_04592;FGSG_04593;FGSG_04596;FGSG_04763;FGSG_05368;FGSG_05610;FGSG_06055;FGSG_06257;FGSG_07075;FGSG_07528;FGSG_08493;FGSG_08601;FGSG_08712;FGSG_08774;FGSG_09012;FGSG_09280;FGSG_09456;FGSG_09826;FGSG_09834;FGSG_10347;FGSG_10922;FGSG_10947;FGSG_11206;FGSG_12180;FGSG_12222;FGSG_12223;FGSG_13136,1,uncharacterized protein,GO:0006629;GO:0016021;GO:0016491;GO:0055114,17.93682495077238,40,-0.998555530642753,2.8426189962847497e-41,0,0.7315895372233401
FGSG_13321,50,0.50299103253951,22.844574930258464,FGSG_00330;FGSG_00743;FGSG_00765;FGSG_01422;FGSG_02030;FGSG_02271;FGSG_02272;FGSG_02461;FGSG_02782;FGSG_03061;FGSG_03295;FGSG_03340;FGSG_03546;FGSG_03547;FGSG_03548;FGSG_03894;FGSG_03992;FGSG_04458;FGSG_04490;FGSG_04588;FGSG_04589;FGSG_04590;FGSG_04591;FGSG_04592;FGSG_04593;FGSG_04596;FGSG_04763;FGSG_05368;FGSG_05610;FGSG_06055;FGSG_06257;FGSG_07075;FGSG_07528;FGSG_08493;FGSG_08601;FGSG_08712;FGSG_08774;FGSG_09012;FGSG_09280;FGSG_09456;FGSG_09826;FGSG_09834;FGSG_10347;FGSG_10922;FGSG_10947;FGSG_11206;FGSG_12180;FGSG_12222;FGSG_12223;FGSG_13136,1,uncharacterized protein,GO:0005623;GO:0045454,17.80176434129489,39,-0.973823152643103,7.976925926499361e-20,0,0.7311871227364185
FGSG_09121,7,0.43958845139988356,2.9990661958043616,FGSG_02324;FGSG_02325;FGSG_02326;FGSG_02327;FGSG_02328;FGSG_02329;FGSG_11326,2,uncharacterized protein,GO:0004499;GO:0050660;GO:0050661;GO:0055114,2.9990661958043616,7,3.01438549155316,0.0043505566877364,1,0.7309859154929578
FGSG_04616,10,0.44661931531168586,4.332087696397951,FGSG_02321;FGSG_02323;FGSG_02324;FGSG_02325;FGSG_02326;FGSG_02327;FGSG_02328;FGSG_02329;FGSG_02903;FGSG_11326,2,uncharacterized protein,GO:0008152;GO:0016846,3.519483547833015,8,1.6995008582634,1.52157484969348e-10,1,0.7309188464118042
FGSG_11472,20,0.4362244814860651,8.32877989812851,FGSG_00007;FGSG_01866;FGSG_02320;FGSG_02321;FGSG_02326;FGSG_02327;FGSG_02328;FGSG_02329;FGSG_03532;FGSG_03543;FGSG_03881;FGSG_08078;FGSG_08081;FGSG_08083;FGSG_08084;FGSG_08795;FGSG_09064;FGSG_10670;FGSG_12211;FGSG_13952,2,uncharacterized protein,GO:0004252;GO:0005618;GO:0006508;GO:0016020,3.8037561043930137,9,1.52451992376166,6.07507444363052e-38,1,0.7302481556002683
FGSG_13975,7,0.4398233729798402,2.9270777251936257,FGSG_02324;FGSG_02325;FGSG_02326;FGSG_02327;FGSG_02328;FGSG_02329;FGSG_11326,2,uncharacterized protein,GO:0016787,2.9270777251936257,7,4.30977882696262,3.06588578410861e-08,1,0.7301140174379611
FGSG_06309,49,0.48797234980148757,22.059969188166548,FGSG_00043;FGSG_00330;FGSG_00743;FGSG_01346;FGSG_01422;FGSG_01947;FGSG_02030;FGSG_02271;FGSG_02272;FGSG_02461;FGSG_02554;FGSG_03061;FGSG_03295;FGSG_03340;FGSG_03546;FGSG_03547;FGSG_03548;FGSG_03894;FGSG_03992;FGSG_04458;FGSG_04490;FGSG_04588;FGSG_04589;FGSG_04590;FGSG_04591;FGSG_04592;FGSG_04593;FGSG_04596;FGSG_04763;FGSG_05610;FGSG_05843;FGSG_05926;FGSG_06055;FGSG_06257;FGSG_07075;FGSG_07528;FGSG_08601;FGSG_08712;FGSG_08774;FGSG_09012;FGSG_09280;FGSG_09456;FGSG_09826;FGSG_09834;FGSG_10347;FGSG_10947;FGSG_12180;FGSG_12223;FGSG_13136,1,uncharacterized protein,GO:0005840;GO:0016021,17.65196138475345,39,-0.62352224055206,8.02809694792905e-16,0,0.7299798792756539
FGSG_08888,12,0.44058874436227125,5.000207074348436,FGSG_02272;FGSG_02461;FGSG_03061;FGSG_03546;FGSG_03548;FGSG_04458;FGSG_05610;FGSG_08601;FGSG_09012;FGSG_09456;FGSG_09834;FGSG_10347,1,uncharacterized protein,GO:0004129;GO:0005751;GO:0009060;GO:0016021;GO:0030234;GO:0050790;GO:0097250;GO:1902600,4.5943855236907645,11,-1.07056255074347,2.38290379054692e-12,1,0.7299128101945004
FGSG_03727,11,0.4559696309275356,4.748041888228774,FGSG_02321;FGSG_02323;FGSG_02324;FGSG_02325;FGSG_02326;FGSG_02327;FGSG_02328;FGSG_02329;FGSG_08083;FGSG_11326;FGSG_13952,2,uncharacterized protein,GO:0000981;GO:0003677;GO:0005634;GO:0006351;GO:0006357;GO:0008270,3.926936696834523,9,1.30309806996525,5.08860011281392e-06,1,0.729644533869886
FGSG_09137,10,0.46696256141374515,4.219362914813118,FGSG_00743;FGSG_02272;FGSG_03061;FGSG_03894;FGSG_04589;FGSG_05610;FGSG_08774;FGSG_09012;FGSG_10922;FGSG_12180,1,uncharacterized protein,GO:0003824,3.370730809018156,8,-2.14069492938039,3.4706409160183e-05,1,0.7295774647887324
FGSG_00561,52,0.5059073584868032,23.47666579291321,FGSG_00330;FGSG_00743;FGSG_00765;FGSG_01422;FGSG_01621;FGSG_02030;FGSG_02271;FGSG_02272;FGSG_02461;FGSG_02554;FGSG_02972;FGSG_03061;FGSG_03295;FGSG_03340;FGSG_03546;FGSG_03547;FGSG_03548;FGSG_03747;FGSG_03894;FGSG_03992;FGSG_04458;FGSG_04490;FGSG_04588;FGSG_04589;FGSG_04590;FGSG_04591;FGSG_04592;FGSG_04593;FGSG_04596;FGSG_05368;FGSG_05610;FGSG_06055;FGSG_07075;FGSG_07528;FGSG_08493;FGSG_08601;FGSG_08712;FGSG_08774;FGSG_09012;FGSG_09280;FGSG_09456;FGSG_09826;FGSG_09834;FGSG_10347;FGSG_10444;FGSG_10922;FGSG_10947;FGSG_11206;FGSG_12180;FGSG_12222;FGSG_12223;FGSG_13136,1,cytochrome c1,GO:0005750;GO:0006122;GO:0020037;GO:0045153,17.59864572882296,39,-0.877314377342157,1.2087056990931699e-42,0,0.7293762575452717
FGSG_06327,11,0.4599534950392042,4.723394929396676,FGSG_00743;FGSG_01422;FGSG_02271;FGSG_02272;FGSG_02461;FGSG_03061;FGSG_03894;FGSG_05610;FGSG_09012;FGSG_09456;FGSG_09834,1,uncharacterized protein,,3.4464424089281995,8,-1.7879755723787,5.45519032708007e-05,1,0.7290409121395036
FGSG_08071,9,0.4501144833064921,3.818185012759115,FGSG_02321;FGSG_02324;FGSG_02325;FGSG_02326;FGSG_02327;FGSG_02328;FGSG_02329;FGSG_08083;FGSG_11326,2,uncharacterized protein,GO:0016021,3.414826365011557,8,1.92957794422216,2.46083220615858e-06,1,0.7288397048960429
FGSG_11257,10,0.45815457663552434,4.346630088386005,FGSG_02321;FGSG_02323;FGSG_02324;FGSG_02325;FGSG_02326;FGSG_02327;FGSG_02328;FGSG_02329;FGSG_08083;FGSG_11326,2,uncharacterized protein,GO:0006508;GO:0008236,3.529339097350961,8,1.65024005376476,6.55929086270951e-06,1,0.7288397048960429
FGSG_10362,49,0.4985455778945357,22.007888407643883,FGSG_00330;FGSG_00743;FGSG_00765;FGSG_01422;FGSG_02030;FGSG_02271;FGSG_02272;FGSG_02461;FGSG_02554;FGSG_03061;FGSG_03295;FGSG_03340;FGSG_03546;FGSG_03547;FGSG_03548;FGSG_03894;FGSG_03992;FGSG_04458;FGSG_04490;FGSG_04588;FGSG_04589;FGSG_04590;FGSG_04591;FGSG_04592;FGSG_04593;FGSG_04596;FGSG_04763;FGSG_05368;FGSG_05610;FGSG_06055;FGSG_06257;FGSG_07075;FGSG_07528;FGSG_08601;FGSG_08712;FGSG_08774;FGSG_09012;FGSG_09280;FGSG_09456;FGSG_09826;FGSG_09834;FGSG_10347;FGSG_10922;FGSG_10947;FGSG_11206;FGSG_12180;FGSG_12222;FGSG_12223;FGSG_13136,1,uncharacterized protein,GO:0003729;GO:0005778;GO:0005782;GO:0005829;GO:0033611;GO:0050203,17.55092645371121,39,-0.977205576116044,5.8350137092490094e-36,0,0.7287726358148894
FGSG_00838,51,0.5045388108650453,23.070655948665248,FGSG_00330;FGSG_00743;FGSG_00765;FGSG_01422;FGSG_01621;FGSG_02030;FGSG_02271;FGSG_02272;FGSG_02461;FGSG_02554;FGSG_02972;FGSG_03061;FGSG_03295;FGSG_03340;FGSG_03546;FGSG_03547;FGSG_03548;FGSG_03747;FGSG_03894;FGSG_03992;FGSG_04458;FGSG_04490;FGSG_04588;FGSG_04589;FGSG_04590;FGSG_04591;FGSG_04592;FGSG_04593;FGSG_04596;FGSG_05368;FGSG_05610;FGSG_06055;FGSG_07075;FGSG_07528;FGSG_08493;FGSG_08601;FGSG_08712;FGSG_08774;FGSG_09012;FGSG_09280;FGSG_09456;FGSG_09826;FGSG_09834;FGSG_10347;FGSG_10922;FGSG_10947;FGSG_11206;FGSG_12180;FGSG_12222;FGSG_12223;FGSG_13136,1,heat shock protein 70,GO:0005524;GO:0005634;GO:0005737;GO:0006457;GO:0006616;GO:0016021;GO:0051082,17.23799775707366,38,-0.929282067979812,8.594460399347669e-33,0,0.7275653923541248
FGSG_12594,9,0.43540507063609807,3.7793042488032236,FGSG_02324;FGSG_02325;FGSG_02326;FGSG_02327;FGSG_02328;FGSG_02329;FGSG_08083;FGSG_11326;FGSG_13952,2,uncharacterized protein,GO:0000166;GO:0004497;GO:0050662;GO:0055114,3.7793042488032236,9,1.51162823484346,0.0172729085892136,1,0.7272971160295104
FGSG_04315,48,0.49261386114610656,21.692679145801453,FGSG_00330;FGSG_00743;FGSG_00765;FGSG_01422;FGSG_02030;FGSG_02271;FGSG_02272;FGSG_02461;FGSG_02782;FGSG_03061;FGSG_03295;FGSG_03340;FGSG_03546;FGSG_03547;FGSG_03548;FGSG_03894;FGSG_03992;FGSG_04458;FGSG_04490;FGSG_04588;FGSG_04589;FGSG_04590;FGSG_04591;FGSG_04592;FGSG_04593;FGSG_04596;FGSG_04763;FGSG_05368;FGSG_05610;FGSG_05843;FGSG_06055;FGSG_06257;FGSG_07075;FGSG_07528;FGSG_08601;FGSG_08712;FGSG_08774;FGSG_09012;FGSG_09280;FGSG_09456;FGSG_09826;FGSG_09834;FGSG_10347;FGSG_10922;FGSG_10947;FGSG_12180;FGSG_12223;FGSG_13136,1,cytochrome c oxidase polypeptide V,GO:0004129;GO:0005739;GO:0016021;GO:1902600,17.19702736403621,38,-0.899009839765575,1.21500039855152e-22,0,0.7271629778672033
FGSG_02924,11,0.452136803952725,4.693811352622037,FGSG_01866;FGSG_02321;FGSG_02324;FGSG_02325;FGSG_02326;FGSG_02327;FGSG_02328;FGSG_02329;FGSG_08083;FGSG_11326;FGSG_13952,2,uncharacterized protein,GO:0016491;GO:0055114,3.872934161756267,9,1.34698380302405,2.3287840900864e-05,1,0.7269617706237426
FGSG_00863,49,0.49746686035494453,22.145117705570613,FGSG_00330;FGSG_00743;FGSG_00765;FGSG_01422;FGSG_02030;FGSG_02271;FGSG_02272;FGSG_02461;FGSG_02782;FGSG_03061;FGSG_03295;FGSG_03546;FGSG_03547;FGSG_03548;FGSG_03894;FGSG_03992;FGSG_04458;FGSG_04588;FGSG_04589;FGSG_04590;FGSG_04591;FGSG_04592;FGSG_04593;FGSG_04596;FGSG_04763;FGSG_05368;FGSG_05610;FGSG_05843;FGSG_06055;FGSG_06257;FGSG_06506;FGSG_07075;FGSG_07528;FGSG_08601;FGSG_08712;FGSG_08774;FGSG_09012;FGSG_09280;FGSG_09456;FGSG_09826;FGSG_09834;FGSG_10347;FGSG_10922;FGSG_10947;FGSG_11206;FGSG_12180;FGSG_12222;FGSG_12223;FGSG_13136,1,peptidase subunit beta,GO:0004222;GO:0006627;GO:0017087;GO:0046872,17.179780204904056,38,-0.961131583764784,1.89731253399813e-28,0,0.7269617706237425
FGSG_10320,47,0.4880707425415105,21.08845351095086,FGSG_00330;FGSG_00743;FGSG_01422;FGSG_01947;FGSG_02030;FGSG_02271;FGSG_02272;FGSG_02461;FGSG_02782;FGSG_03061;FGSG_03295;FGSG_03340;FGSG_03546;FGSG_03547;FGSG_03548;FGSG_03894;FGSG_03992;FGSG_04458;FGSG_04490;FGSG_04588;FGSG_04589;FGSG_04590;FGSG_04591;FGSG_04592;FGSG_04593;FGSG_04596;FGSG_04763;FGSG_05368;FGSG_05610;FGSG_05843;FGSG_06055;FGSG_06257;FGSG_07075;FGSG_07528;FGSG_08601;FGSG_08712;FGSG_08774;FGSG_09012;FGSG_09280;FGSG_09456;FGSG_09826;FGSG_09834;FGSG_10347;FGSG_10947;FGSG_12180;FGSG_12223;FGSG_13136,1,methionine aminopeptidase 2,GO:0005737;GO:0006508;GO:0046872;GO:0070006;GO:0070084,17.073109790942656,38,-0.98412314313019,1.1806402841302402e-25,0,0.7267605633802817
FGSG_03432,11,0.45500337580973443,4.760096832223701,FGSG_02321;FGSG_02323;FGSG_02324;FGSG_02325;FGSG_02326;FGSG_02327;FGSG_02328;FGSG_02329;FGSG_02903;FGSG_11326;FGSG_13952,2,uncharacterized protein,GO:0004190;GO:0006508,3.9368902903891607,9,1.25993862938562,5.658087156992921e-15,1,0.7265593561368209
FGSG_09933,48,0.47476611665700524,21.400713064683536,FGSG_00043;FGSG_00044;FGSG_00330;FGSG_00743;FGSG_01346;FGSG_01422;FGSG_01947;FGSG_02030;FGSG_02271;FGSG_02272;FGSG_02461;FGSG_03061;FGSG_03295;FGSG_03340;FGSG_03546;FGSG_03547;FGSG_03548;FGSG_03894;FGSG_03992;FGSG_04458;FGSG_04490;FGSG_04589;FGSG_04590;FGSG_04591;FGSG_04592;FGSG_04593;FGSG_04595;FGSG_04596;FGSG_04763;FGSG_05610;FGSG_05843;FGSG_05926;FGSG_06055;FGSG_06257;FGSG_06702;FGSG_07075;FGSG_07528;FGSG_08601;FGSG_08712;FGSG_08774;FGSG_09012;FGSG_09280;FGSG_09456;FGSG_09826;FGSG_09834;FGSG_10347;FGSG_10947;FGSG_12223,1,uncharacterized protein,GO:0005741;GO:0006820;GO:0008308;GO:0055085;GO:1903959,17.037428501777633,38,-0.821176952524366,9.168459225285469e-28,0,0.7263581488933601
FGSG_04725,8,0.4245231885286873,3.2949743930195847,FGSG_02324;FGSG_02325;FGSG_02326;FGSG_02327;FGSG_02328;FGSG_02329;FGSG_02903;FGSG_11326,2,uncharacterized protein,GO:0000981;GO:0003677;GO:0005634;GO:0006351;GO:0006357;GO:0008270,3.2949743930195847,8,2.24081755973482,2.241776622148e-15,1,0.7262910798122066
FGSG_07880,9,0.450529226451181,3.8788894881268434,FGSG_02321;FGSG_02324;FGSG_02325;FGSG_02326;FGSG_02327;FGSG_02328;FGSG_02329;FGSG_08083;FGSG_11326,2,uncharacterized protein,GO:0003871;GO:0008270;GO:0009086;GO:0032259,3.4734276299161815,8,1.65505937469644,0.0436022192861093,1,0.7259557344064387
FGSG_08459,45,0.4943169192783528,20.03744158748731,FGSG_00330;FGSG_00743;FGSG_01422;FGSG_02030;FGSG_02271;FGSG_02272;FGSG_02461;FGSG_03061;FGSG_03295;FGSG_03340;FGSG_03546;FGSG_03547;FGSG_03548;FGSG_03894;FGSG_03992;FGSG_04458;FGSG_04490;FGSG_04588;FGSG_04589;FGSG_04590;FGSG_04591;FGSG_04592;FGSG_04593;FGSG_04596;FGSG_05368;FGSG_05610;FGSG_05926;FGSG_06055;FGSG_06257;FGSG_07075;FGSG_07528;FGSG_08601;FGSG_08712;FGSG_08774;FGSG_09012;FGSG_09280;FGSG_09456;FGSG_09826;FGSG_09834;FGSG_10347;FGSG_10922;FGSG_10947;FGSG_12180;FGSG_12223;FGSG_13136,1,uncharacterized protein,,16.88136668348286,38,-0.581921735311747,4.0842026059044005e-15,0,0.7257545271629778
FGSG_04035,24,0.44637430646203624,10.111406173089645,FGSG_00007;FGSG_01866;FGSG_02326;FGSG_02327;FGSG_02328;FGSG_02329;FGSG_03532;FGSG_03535;FGSG_03539;FGSG_03541;FGSG_03543;FGSG_03842;FGSG_03881;FGSG_07896;FGSG_08077;FGSG_08078;FGSG_08079;FGSG_08081;FGSG_08082;FGSG_08083;FGSG_08084;FGSG_09064;FGSG_12211;FGSG_13952,2,uncharacterized protein,GO:0046983,3.363516852309863,8,2.01066685844863,8.67536354490662e-35,1,0.7253521126760563
FGSG_08492,46,0.4915442657444231,20.53685543789886,FGSG_00330;FGSG_00743;FGSG_01346;FGSG_01422;FGSG_02030;FGSG_02271;FGSG_02272;FGSG_02461;FGSG_02554;FGSG_03061;FGSG_03295;FGSG_03340;FGSG_03546;FGSG_03547;FGSG_03548;FGSG_03894;FGSG_03992;FGSG_04458;FGSG_04490;FGSG_04588;FGSG_04589;FGSG_04590;FGSG_04591;FGSG_04592;FGSG_04593;FGSG_04596;FGSG_04763;FGSG_05610;FGSG_05926;FGSG_06055;FGSG_06257;FGSG_07075;FGSG_07528;FGSG_08601;FGSG_08712;FGSG_08774;FGSG_09012;FGSG_09280;FGSG_09456;FGSG_09826;FGSG_09834;FGSG_10347;FGSG_10947;FGSG_12180;FGSG_12223;FGSG_13136,1,uncharacterized protein,GO:0005628;GO:0005634;GO:0005774;GO:0005794;GO:0005829;GO:0031321;GO:0033565;GO:0043130;GO:0043328,16.574378293302814,37,-0.466562338808645,1.3511482666254902e-09,0,0.7245472837022133
FGSG_01986,7,0.435669681556122,2.9433399877162394,FGSG_02324;FGSG_02325;FGSG_02326;FGSG_02327;FGSG_02328;FGSG_02329;FGSG_11326,2,uncharacterized protein,GO:0016021;GO:0055085,2.9433399877162394,7,3.34533471080266,1.48128711929675e-07,1,0.7241448692152919
FGSG_08389,13,0.4438999223006386,5.485589535601243,FGSG_00330;FGSG_00743;FGSG_01422;FGSG_03061;FGSG_03546;FGSG_03548;FGSG_03894;FGSG_04458;FGSG_04589;FGSG_05610;FGSG_08601;FGSG_08712;FGSG_10347,1,uncharacterized protein,,4.657296014845223,11,-1.0137533737097,0.0039449927659688,1,0.7236753856472167
FGSG_04203,46,0.48089604529864266,20.29971509558134,FGSG_00043;FGSG_00044;FGSG_00330;FGSG_00743;FGSG_01346;FGSG_01422;FGSG_01947;FGSG_02030;FGSG_02272;FGSG_02461;FGSG_02554;FGSG_03061;FGSG_03295;FGSG_03340;FGSG_03546;FGSG_03547;FGSG_03548;FGSG_03894;FGSG_03992;FGSG_04458;FGSG_04490;FGSG_04589;FGSG_04590;FGSG_04591;FGSG_04592;FGSG_04593;FGSG_04595;FGSG_04596;FGSG_04763;FGSG_04852;FGSG_05610;FGSG_05843;FGSG_05926;FGSG_06055;FGSG_06257;FGSG_07075;FGSG_08601;FGSG_08712;FGSG_09012;FGSG_09280;FGSG_09456;FGSG_09826;FGSG_09834;FGSG_10347;FGSG_10947;FGSG_12223,1,uncharacterized protein,GO:0000981;GO:0003677;GO:0005634;GO:0006351;GO:0006357;GO:0008270,16.470397175326614,37,-0.793760377465859,3.40898550131773e-20,0,0.7235412474849094
FGSG_06380,10,0.4229712509874402,4.100963060761537,FGSG_00743;FGSG_01422;FGSG_02272;FGSG_03061;FGSG_03894;FGSG_04458;FGSG_04589;FGSG_05610;FGSG_08601;FGSG_10347,1,uncharacterized protein,GO:0003677;GO:0005634;GO:0006351;GO:0006355;GO:0008270,3.2835204575119388,8,-2.17697169288498,0.0029461896120636,1,0.7234741784037559
FGSG_02864,8,0.43646555912287677,3.372048654060807,FGSG_02324;FGSG_02325;FGSG_02326;FGSG_02327;FGSG_02328;FGSG_03842;FGSG_11326;FGSG_13952,2,uncharacterized protein,,3.372048654060807,8,1.90787087973781,1.11268635102203e-16,1,0.7226693494299128
FGSG_07026,11,0.44717076018868096,4.640938247733949,FGSG_02321;FGSG_02323;FGSG_02324;FGSG_02325;FGSG_02326;FGSG_02327;FGSG_02328;FGSG_02329;FGSG_08083;FGSG_10670;FGSG_11326,2,uncharacterized protein,,3.830554703663841,9,1.33925493840987,1.73018097195981e-08,1,0.7221327967806841
FGSG_11161,8,0.4532444534059273,3.4854448258320834,FGSG_02321;FGSG_02324;FGSG_02325;FGSG_02326;FGSG_02327;FGSG_02328;FGSG_02329;FGSG_11326,2,uncharacterized protein,,3.082445018689067,7,2.23251426061174,3.7211356252976e-08,1,0.7213950368879947
FGSG_01317,45,0.5022386829806823,19.968924196888533,FGSG_00330;FGSG_00743;FGSG_00765;FGSG_01422;FGSG_02030;FGSG_02271;FGSG_02272;FGSG_02461;FGSG_03061;FGSG_03295;FGSG_03546;FGSG_03547;FGSG_03548;FGSG_03894;FGSG_03992;FGSG_04458;FGSG_04490;FGSG_04588;FGSG_04589;FGSG_04590;FGSG_04591;FGSG_04592;FGSG_04593;FGSG_04596;FGSG_05368;FGSG_05610;FGSG_06055;FGSG_07075;FGSG_07528;FGSG_08601;FGSG_08712;FGSG_08774;FGSG_09012;FGSG_09280;FGSG_09456;FGSG_09826;FGSG_09834;FGSG_10347;FGSG_10922;FGSG_10947;FGSG_11206;FGSG_12180;FGSG_12222;FGSG_12223;FGSG_13136,1,uncharacterized protein,GO:0005634;GO:0005829;GO:0006879;GO:0009055;GO:0015035;GO:0015038;GO:0045454;GO:0055114,15.937189831082568,36,-0.713273239882437,4.56017811082084e-14,0,0.7211267605633803
FGSG_06038,15,0.4555666250392281,6.373875201909386,FGSG_00007;FGSG_01866;FGSG_02321;FGSG_02323;FGSG_02324;FGSG_02325;FGSG_02326;FGSG_02327;FGSG_02328;FGSG_02329;FGSG_03842;FGSG_03881;FGSG_08083;FGSG_11326;FGSG_13952,2,uncharacterized protein,,4.331938630360037,10,1.06100452228007,9.66240591983915e-08,1,0.7210596914822267
FGSG_02815,15,0.4384630647469146,6.234294121108698,FGSG_01866;FGSG_02320;FGSG_02321;FGSG_02325;FGSG_02326;FGSG_02327;FGSG_02328;FGSG_02329;FGSG_03574;FGSG_03881;FGSG_08078;FGSG_08083;FGSG_10670;FGSG_11326;FGSG_12211,2,uncharacterized protein,GO:0003824;GO:0050662,3.7780890575948654,9,1.42448053641832,9.63577722111123e-25,1,0.7210596914822267
FGSG_07078,15,0.4960646983214398,6.538482851455479,FGSG_00743;FGSG_00765;FGSG_01422;FGSG_02030;FGSG_02272;FGSG_02461;FGSG_03061;FGSG_03894;FGSG_05610;FGSG_08712;FGSG_08774;FGSG_09012;FGSG_10922;FGSG_12180;FGSG_13136,1,uncharacterized protein,GO:0000209;GO:0004842;GO:0005779;GO:0005783;GO:0008270;GO:0016558;GO:1990429,3.9540941942074737,9,-1.18757152538953,1.4874957097992601e-15,1,0.7207914151576125
FGSG_02680,15,0.4577614496260228,6.32073833454133,FGSG_00007;FGSG_01866;FGSG_02324;FGSG_02325;FGSG_02326;FGSG_02327;FGSG_02328;FGSG_02329;FGSG_03539;FGSG_03842;FGSG_03881;FGSG_08082;FGSG_08083;FGSG_11326;FGSG_13952,2,uncharacterized protein,GO:0016021;GO:0016747,4.284143656896336,10,1.08824326718075,1.74587765308719e-05,1,0.7198524480214621
FGSG_04745,7,0.44099784822902816,2.959218775239551,FGSG_02077;FGSG_02325;FGSG_02326;FGSG_02327;FGSG_02328;FGSG_02329;FGSG_11326,2,uncharacterized protein,,2.5541415492174595,6,9.67786220137245,2.19787518526984e-161,1,0.7191146881287727
FGSG_08489,41,0.4767694850694253,17.85091010761841,FGSG_00043;FGSG_00044;FGSG_00048;FGSG_00330;FGSG_00743;FGSG_01346;FGSG_01422;FGSG_01947;FGSG_02272;FGSG_02461;FGSG_03061;FGSG_03340;FGSG_03546;FGSG_03547;FGSG_03548;FGSG_03894;FGSG_03992;FGSG_04458;FGSG_04490;FGSG_04589;FGSG_04590;FGSG_04591;FGSG_04592;FGSG_04593;FGSG_04596;FGSG_04763;FGSG_04852;FGSG_05610;FGSG_05843;FGSG_05926;FGSG_06055;FGSG_06257;FGSG_08601;FGSG_08712;FGSG_09012;FGSG_09280;FGSG_09456;FGSG_09826;FGSG_09834;FGSG_10347;FGSG_10947,1,2-oxodicarboxylate carrier 2,GO:0016021;GO:0055085,15.320014920419332,35,-0.747648868965447,2.90078713804624e-19,0,0.7187122736418512
FGSG_01057,41,0.49742279579022214,18.394884111091528,FGSG_00330;FGSG_00743;FGSG_01422;FGSG_02030;FGSG_02271;FGSG_02272;FGSG_02461;FGSG_03061;FGSG_03295;FGSG_03546;FGSG_03547;FGSG_03548;FGSG_03894;FGSG_03992;FGSG_04458;FGSG_04490;FGSG_04589;FGSG_04590;FGSG_04591;FGSG_04592;FGSG_04593;FGSG_04596;FGSG_04763;FGSG_05610;FGSG_06055;FGSG_06257;FGSG_07075;FGSG_07528;FGSG_08601;FGSG_08712;FGSG_08774;FGSG_09012;FGSG_09280;FGSG_09456;FGSG_09826;FGSG_09834;FGSG_10347;FGSG_10947;FGSG_12180;FGSG_12223;FGSG_13136,1,uncharacterized protein,GO:0005773;GO:0005783;GO:0005886;GO:0009651;GO:0030149;GO:0031307;GO:0046513;GO:0051278;GO:0052712,15.23338105226356,34,-0.793151699117109,5.68840006396261e-18,0,0.7183098591549296
FGSG_03199,27,0.4502600453904689,11.523405547135065,FGSG_00007;FGSG_01866;FGSG_02255;FGSG_02321;FGSG_02326;FGSG_02327;FGSG_02328;FGSG_02329;FGSG_03532;FGSG_03535;FGSG_03539;FGSG_03541;FGSG_03543;FGSG_03600;FGSG_03842;FGSG_03881;FGSG_07896;FGSG_08077;FGSG_08078;FGSG_08079;FGSG_08081;FGSG_08082;FGSG_08083;FGSG_08084;FGSG_09064;FGSG_09187;FGSG_13952,2,phenol 2-monooxygenase,GO:0004497;GO:0016021;GO:0055114;GO:0071949,3.84146262451832,9,1.28210306403747,3.46782427606044e-50,1,0.717907444668008
FGSG_09541,42,0.47162090496551373,18.15320477966521,FGSG_00043;FGSG_00330;FGSG_00743;FGSG_01346;FGSG_01422;FGSG_01947;FGSG_02030;FGSG_02272;FGSG_02461;FGSG_03061;FGSG_03295;FGSG_03340;FGSG_03546;FGSG_03547;FGSG_03548;FGSG_03894;FGSG_03992;FGSG_04458;FGSG_04490;FGSG_04589;FGSG_04590;FGSG_04591;FGSG_04592;FGSG_04593;FGSG_04596;FGSG_04763;FGSG_05610;FGSG_05926;FGSG_06055;FGSG_06257;FGSG_07075;FGSG_08601;FGSG_08712;FGSG_08774;FGSG_09012;FGSG_09280;FGSG_09456;FGSG_09826;FGSG_09834;FGSG_10347;FGSG_10947;FGSG_12180,1,uncharacterized protein,,14.782280583455695,34,-0.734714461475694,3.49548691468057e-10,0,0.7169014084507043
FGSG_03440,11,0.4658330592929872,4.767401809362241,FGSG_01422;FGSG_02271;FGSG_02272;FGSG_02461;FGSG_03061;FGSG_03894;FGSG_05610;FGSG_07075;FGSG_09012;FGSG_09456;FGSG_09834,1,uncharacterized protein,,3.905766937150637,9,-1.18717466384099,6.41189283850496e-06,1,0.7164319248826292
FGSG_05251,45,0.5006172870677247,19.774960297556323,FGSG_00330;FGSG_00743;FGSG_00765;FGSG_01422;FGSG_01621;FGSG_02030;FGSG_02271;FGSG_02272;FGSG_02461;FGSG_02782;FGSG_03061;FGSG_03295;FGSG_03546;FGSG_03548;FGSG_03894;FGSG_03992;FGSG_04458;FGSG_04588;FGSG_04589;FGSG_04590;FGSG_04591;FGSG_04592;FGSG_04593;FGSG_05368;FGSG_05610;FGSG_06055;FGSG_07075;FGSG_07528;FGSG_08493;FGSG_08601;FGSG_08712;FGSG_08774;FGSG_09012;FGSG_09280;FGSG_09456;FGSG_09826;FGSG_09834;FGSG_10347;FGSG_10922;FGSG_10947;FGSG_11206;FGSG_12180;FGSG_12222;FGSG_12223;FGSG_13136,1,uncharacterized protein,GO:0003676;GO:0005634;GO:0005750;GO:0006122;GO:0008121;GO:0009060;GO:0046872;GO:0051537;GO:1902600,14.524139835941561,33,-0.98870468561117,4.43014597419718e-21,0,0.7160965794768612
FGSG_11236,13,0.4522958475915362,5.458533184988843,FGSG_00007;FGSG_01866;FGSG_02321;FGSG_02324;FGSG_02326;FGSG_02327;FGSG_02328;FGSG_02329;FGSG_03842;FGSG_03881;FGSG_08083;FGSG_11326;FGSG_13952,2,uncharacterized protein,GO:0016788,3.833864290119863,9,1.26938778687406,0.0002488338496849,1,0.715962441314554
FGSG_04317,41,0.49619516262143376,17.99790559395091,FGSG_00330;FGSG_00743;FGSG_01422;FGSG_02030;FGSG_02271;FGSG_02272;FGSG_02461;FGSG_02554;FGSG_03061;FGSG_03295;FGSG_03340;FGSG_03546;FGSG_03547;FGSG_03548;FGSG_03894;FGSG_03992;FGSG_04458;FGSG_04490;FGSG_04588;FGSG_04589;FGSG_04590;FGSG_04591;FGSG_04592;FGSG_04593;FGSG_04596;FGSG_05610;FGSG_06055;FGSG_07075;FGSG_08601;FGSG_08712;FGSG_08774;FGSG_09012;FGSG_09280;FGSG_09456;FGSG_09826;FGSG_09834;FGSG_10347;FGSG_10922;FGSG_10947;FGSG_12180;FGSG_12223,1,uncharacterized protein,GO:0016021;GO:0055085,14.505575560195377,33,-0.568746260084587,6.18691882397269e-15,0,0.7158953722334004
FGSG_02546,40,0.4972177477966877,17.604250316302345,FGSG_00330;FGSG_00743;FGSG_01422;FGSG_02030;FGSG_02271;FGSG_02272;FGSG_02461;FGSG_03061;FGSG_03295;FGSG_03546;FGSG_03547;FGSG_03548;FGSG_03894;FGSG_03992;FGSG_04458;FGSG_04490;FGSG_04589;FGSG_04590;FGSG_04591;FGSG_04593;FGSG_04596;FGSG_04763;FGSG_05610;FGSG_06055;FGSG_06257;FGSG_07075;FGSG_07528;FGSG_08601;FGSG_08712;FGSG_08774;FGSG_09012;FGSG_09280;FGSG_09456;FGSG_09826;FGSG_09834;FGSG_10347;FGSG_10947;FGSG_12180;FGSG_12223;FGSG_13136,1,uncharacterized protein,,14.485977152842736,33,-0.686094511030246,6.7518878665296e-08,0,0.7156941649899397
FGSG_11894,42,0.48335116480544454,18.43748092929826,FGSG_00330;FGSG_00743;FGSG_01422;FGSG_02030;FGSG_02271;FGSG_02272;FGSG_02461;FGSG_02782;FGSG_03061;FGSG_03295;FGSG_03546;FGSG_03547;FGSG_03548;FGSG_03894;FGSG_03992;FGSG_04458;FGSG_04588;FGSG_04589;FGSG_04590;FGSG_04591;FGSG_04592;FGSG_04593;FGSG_05368;FGSG_05610;FGSG_05843;FGSG_06055;FGSG_06257;FGSG_07075;FGSG_07528;FGSG_08601;FGSG_08712;FGSG_08774;FGSG_09012;FGSG_09280;FGSG_09456;FGSG_09826;FGSG_09834;FGSG_10347;FGSG_10947;FGSG_12180;FGSG_12223;FGSG_13136,1,ATP synthase subunit alpha,GO:0005524;GO:0005754;GO:0015986;GO:0015991;GO:0042645;GO:0046933;GO:0046961,14.462068530624403,33,-0.760680297523803,2.33508829046023e-17,0,0.7154929577464788
FGSG_04899,12,0.4508583765395323,5.152817601004428,FGSG_02321;FGSG_02323;FGSG_02324;FGSG_02325;FGSG_02326;FGSG_02327;FGSG_02328;FGSG_02329;FGSG_03842;FGSG_08083;FGSG_11326;FGSG_13952,2,uncharacterized protein,GO:0016021;GO:0055085,4.337377889580548,10,1.01452576534034,2.2643466373266102e-24,1,0.7152246814218645
FGSG_07742,10,0.4848282395456332,4.433573677593783,FGSG_00743;FGSG_00765;FGSG_02272;FGSG_02461;FGSG_03061;FGSG_03894;FGSG_05610;FGSG_08774;FGSG_09012;FGSG_13136,1,uncharacterized protein,GO:0004672;GO:0005524;GO:0006468,2.682668485756851,6,-3.54005593011746,4.882621315334031e-15,1,0.7150234741784038
FGSG_01868,21,0.44593703565133336,8.774531608324299,FGSG_00007;FGSG_01866;FGSG_02255;FGSG_02321;FGSG_02326;FGSG_02327;FGSG_02328;FGSG_02329;FGSG_03532;FGSG_03539;FGSG_03541;FGSG_03543;FGSG_03842;FGSG_03881;FGSG_08081;FGSG_08083;FGSG_08084;FGSG_09064;FGSG_09187;FGSG_11326;FGSG_13952,2,uncharacterized protein,GO:0004497;GO:0005506;GO:0016021;GO:0016705;GO:0020037;GO:0055114,3.8277849390158445,9,1.26769647358818,2.76167913690104e-11,1,0.7146210596914822
FGSG_01234,44,0.5010771472712239,19.067802178485554,FGSG_00330;FGSG_00743;FGSG_00765;FGSG_01422;FGSG_02030;FGSG_02271;FGSG_02272;FGSG_02461;FGSG_02554;FGSG_02972;FGSG_03061;FGSG_03340;FGSG_03546;FGSG_03548;FGSG_03747;FGSG_03894;FGSG_03992;FGSG_04458;FGSG_04588;FGSG_04589;FGSG_04590;FGSG_04591;FGSG_04592;FGSG_04593;FGSG_05368;FGSG_05610;FGSG_06055;FGSG_08493;FGSG_08601;FGSG_08712;FGSG_08774;FGSG_09012;FGSG_09456;FGSG_09826;FGSG_09834;FGSG_10347;FGSG_10444;FGSG_10922;FGSG_10947;FGSG_11206;FGSG_12180;FGSG_12222;FGSG_12223;FGSG_13136,1,adenylate cyclase,GO:0000287;GO:0004016;GO:0005739;GO:0005789;GO:0005886;GO:0006171;GO:0007188;GO:0007265,14.284735676085033,33,-0.519578401294659,7.525922615634979e-12,0,0.714486921529175
FGSG_11305,7,0.4328642642535301,2.9510677007010124,FGSG_02324;FGSG_02325;FGSG_02326;FGSG_02327;FGSG_02328;FGSG_02329;FGSG_11326,2,uncharacterized protein,GO:0005739;GO:0005768;GO:0005811;GO:0005829;GO:0008526;GO:0015914;GO:0030433;GO:0031505;GO:0043001;GO:0045717;GO:0046488;GO:1901352;GO:2001247,2.9510677007010124,7,2.58419668898489,5.64575260441125e-07,1,0.7141515761234072
FGSG_02480,39,0.4986145829094227,17.1961983912121,FGSG_00330;FGSG_00743;FGSG_01422;FGSG_02030;FGSG_02271;FGSG_02272;FGSG_02461;FGSG_03061;FGSG_03295;FGSG_03546;FGSG_03547;FGSG_03548;FGSG_03894;FGSG_03992;FGSG_04458;FGSG_04588;FGSG_04589;FGSG_04590;FGSG_04591;FGSG_04593;FGSG_04763;FGSG_05610;FGSG_06055;FGSG_06257;FGSG_07075;FGSG_07528;FGSG_08601;FGSG_08712;FGSG_08774;FGSG_09012;FGSG_09280;FGSG_09456;FGSG_09826;FGSG_09834;FGSG_10347;FGSG_10947;FGSG_12180;FGSG_12223;FGSG_13136,1,uncharacterized protein,GO:0004751;GO:0008615;GO:0009052;GO:0042802,14.05414033945668,32,-0.791901221337974,8.31554428465575e-15,0,0.7140845070422536
FGSG_03300,39,0.49442822848729145,17.04242437317526,FGSG_00330;FGSG_00743;FGSG_01422;FGSG_02030;FGSG_02271;FGSG_02272;FGSG_02461;FGSG_03061;FGSG_03295;FGSG_03546;FGSG_03547;FGSG_03548;FGSG_03894;FGSG_03992;FGSG_04458;FGSG_04588;FGSG_04589;FGSG_04590;FGSG_04591;FGSG_04592;FGSG_04593;FGSG_05368;FGSG_05610;FGSG_06055;FGSG_07075;FGSG_07528;FGSG_08601;FGSG_08712;FGSG_08774;FGSG_09012;FGSG_09280;FGSG_09456;FGSG_09826;FGSG_09834;FGSG_10347;FGSG_10947;FGSG_12180;FGSG_12223;FGSG_13136,1,uncharacterized protein,,13.926651331582944,32,-0.569342788679724,2.56901834022084e-14,0,0.7138832997987927
FGSG_10804,39,0.49772623088723283,16.95436534436762,FGSG_00330;FGSG_00743;FGSG_01422;FGSG_02030;FGSG_02271;FGSG_02272;FGSG_02461;FGSG_02554;FGSG_03061;FGSG_03340;FGSG_03546;FGSG_03547;FGSG_03548;FGSG_03894;FGSG_03992;FGSG_04458;FGSG_04490;FGSG_04589;FGSG_04590;FGSG_04591;FGSG_04592;FGSG_04593;FGSG_04596;FGSG_05610;FGSG_06055;FGSG_07075;FGSG_08601;FGSG_08712;FGSG_08774;FGSG_09012;FGSG_09280;FGSG_09456;FGSG_09826;FGSG_09834;FGSG_10347;FGSG_10922;FGSG_10947;FGSG_12180;FGSG_12223,1,glutaryl-CoA dehydrogenase,GO:0003995;GO:0050660;GO:0055114,13.877409710117085,32,-0.981033801818714,9.94334305761685e-15,0,0.7134808853118713
FGSG_05267,37,0.4644823185832389,15.994598711619776,FGSG_00043;FGSG_00330;FGSG_00743;FGSG_01422;FGSG_01947;FGSG_02272;FGSG_02461;FGSG_03061;FGSG_03340;FGSG_03546;FGSG_03547;FGSG_03548;FGSG_03894;FGSG_03992;FGSG_04458;FGSG_04490;FGSG_04589;FGSG_04590;FGSG_04591;FGSG_04592;FGSG_04593;FGSG_04596;FGSG_05610;FGSG_05926;FGSG_06055;FGSG_06257;FGSG_08601;FGSG_08712;FGSG_08774;FGSG_09012;FGSG_09280;FGSG_09456;FGSG_09826;FGSG_09834;FGSG_10347;FGSG_10947;FGSG_12223,1,uncharacterized protein,,13.851541628770272,32,-0.622581152843494,1.4132992092680798e-11,0,0.7132796780684105
FGSG_12117,7,0.43689635073289795,2.980820419026259,FGSG_02324;FGSG_02325;FGSG_02326;FGSG_02327;FGSG_02328;FGSG_02329;FGSG_11326,2,uncharacterized protein,GO:0000981;GO:0003677;GO:0005634;GO:0006351;GO:0006357;GO:0008270,2.980820419026259,7,2.33390899710144,0.0048045557039896,1,0.7131455399061033
FGSG_06328,36,0.47941725707756305,15.516992778214009,FGSG_00043;FGSG_00044;FGSG_00047;FGSG_00048;FGSG_00330;FGSG_00743;FGSG_01346;FGSG_01422;FGSG_01947;FGSG_02272;FGSG_03061;FGSG_03340;FGSG_03546;FGSG_03547;FGSG_03548;FGSG_03894;FGSG_03992;FGSG_04458;FGSG_04490;FGSG_04589;FGSG_04590;FGSG_04591;FGSG_04596;FGSG_04852;FGSG_05610;FGSG_05926;FGSG_06055;FGSG_08601;FGSG_08712;FGSG_09012;FGSG_09280;FGSG_09456;FGSG_09826;FGSG_09834;FGSG_10347;FGSG_11658,1,xylulose-5-phosphate phosphoketolase,GO:0005975;GO:0016832,13.819895043451755,32,-0.702456838783468,1.84495550873677e-27,0,0.712877263581489
FGSG_01433,39,0.4848256099027324,16.998982960612107,FGSG_00330;FGSG_00743;FGSG_01346;FGSG_01422;FGSG_02030;FGSG_02272;FGSG_02461;FGSG_02554;FGSG_03061;FGSG_03340;FGSG_03546;FGSG_03547;FGSG_03548;FGSG_03894;FGSG_03992;FGSG_04458;FGSG_04490;FGSG_04589;FGSG_04590;FGSG_04591;FGSG_04592;FGSG_04593;FGSG_04596;FGSG_05610;FGSG_05926;FGSG_06055;FGSG_08601;FGSG_08712;FGSG_08774;FGSG_09012;FGSG_09280;FGSG_09456;FGSG_09826;FGSG_09834;FGSG_10347;FGSG_10922;FGSG_10947;FGSG_12180;FGSG_12223,1,glutamate synthase precursor,GO:0005506;GO:0005739;GO:0005829;GO:0006537;GO:0010181;GO:0016040;GO:0050660;GO:0051536;GO:0055114,13.548586405698178,31,-0.986094001365567,3.1323387476798e-37,0,0.7122736418511066
FGSG_09992,39,0.4729779305475326,16.937215262831266,FGSG_00330;FGSG_00743;FGSG_01346;FGSG_01422;FGSG_02030;FGSG_02272;FGSG_02461;FGSG_02554;FGSG_03061;FGSG_03340;FGSG_03546;FGSG_03547;FGSG_03548;FGSG_03894;FGSG_03992;FGSG_04458;FGSG_04490;FGSG_04589;FGSG_04590;FGSG_04591;FGSG_04592;FGSG_04593;FGSG_04596;FGSG_04763;FGSG_05610;FGSG_05926;FGSG_06055;FGSG_08601;FGSG_08712;FGSG_08774;FGSG_09012;FGSG_09280;FGSG_09456;FGSG_09826;FGSG_09834;FGSG_10347;FGSG_10947;FGSG_12180;FGSG_12223,1,uncharacterized protein,GO:0005488,13.531694734622912,31,-0.911373965169535,9.066425399455819e-34,0,0.7120724346076459
FGSG_08020,9,0.4503533245957766,3.8240695814729784,FGSG_02321;FGSG_02325;FGSG_02326;FGSG_02327;FGSG_02328;FGSG_02329;FGSG_08083;FGSG_10670;FGSG_11326,2,uncharacterized protein,,3.4182970496076237,8,1.55563197713746,3.73292223665829e-06,1,0.7119382964453387
FGSG_07191,38,0.4854694971595875,16.56209943482883,FGSG_00330;FGSG_00743;FGSG_01422;FGSG_02030;FGSG_02272;FGSG_02461;FGSG_02554;FGSG_03061;FGSG_03340;FGSG_03546;FGSG_03547;FGSG_03548;FGSG_03894;FGSG_03992;FGSG_04458;FGSG_04490;FGSG_04589;FGSG_04590;FGSG_04591;FGSG_04592;FGSG_04593;FGSG_04596;FGSG_05610;FGSG_05926;FGSG_06055;FGSG_08601;FGSG_08712;FGSG_08774;FGSG_09012;FGSG_09280;FGSG_09456;FGSG_09826;FGSG_09834;FGSG_10347;FGSG_10922;FGSG_10947;FGSG_12180;FGSG_12223,1,uncharacterized protein,GO:0004471;GO:0006108;GO:0046872;GO:0051287;GO:0055114,13.530480388505142,31,-0.855080326693389,2.99870204379211e-24,0,0.7118712273641852
FGSG_04729,9,0.45253382325679103,3.903452519979642,FGSG_02321;FGSG_02324;FGSG_02325;FGSG_02326;FGSG_02327;FGSG_02328;FGSG_02329;FGSG_02903;FGSG_11326,2,uncharacterized protein,GO:0016020,3.4984936851401742,8,1.42396974930374,2.64036793294098e-17,1,0.7118712273641852
FGSG_12502,38,0.48554936337293064,16.52465108886621,FGSG_00330;FGSG_00743;FGSG_01422;FGSG_02030;FGSG_02272;FGSG_02461;FGSG_02554;FGSG_03061;FGSG_03340;FGSG_03546;FGSG_03547;FGSG_03548;FGSG_03894;FGSG_03992;FGSG_04458;FGSG_04490;FGSG_04589;FGSG_04590;FGSG_04591;FGSG_04592;FGSG_04593;FGSG_04596;FGSG_05610;FGSG_05926;FGSG_06055;FGSG_08601;FGSG_08712;FGSG_08774;FGSG_09012;FGSG_09280;FGSG_09456;FGSG_09826;FGSG_09834;FGSG_10347;FGSG_10922;FGSG_10947;FGSG_12180;FGSG_12223,1,uncharacterized protein,GO:0016021,13.496757965270097,31,-0.862120019471071,1.21437453710021e-24,0,0.7114688128772636
FGSG_01591,37,0.4978732395703525,16.097033173313037,FGSG_00330;FGSG_00743;FGSG_01422;FGSG_02030;FGSG_02272;FGSG_02461;FGSG_03061;FGSG_03340;FGSG_03546;FGSG_03547;FGSG_03548;FGSG_03894;FGSG_03992;FGSG_04458;FGSG_04588;FGSG_04589;FGSG_04590;FGSG_04591;FGSG_04592;FGSG_04593;FGSG_05368;FGSG_05610;FGSG_06055;FGSG_07075;FGSG_08601;FGSG_08712;FGSG_08774;FGSG_09012;FGSG_09280;FGSG_09456;FGSG_09826;FGSG_09834;FGSG_10347;FGSG_10922;FGSG_10947;FGSG_12180;FGSG_12223,1,phosphate carrier protein,GO:0006810;GO:0016021,13.430010307181716,31,-0.787417858548534,1.0136703295840201e-14,0,0.7112676056338028
FGSG_07600,8,0.4497801328181146,3.4157175181757617,FGSG_02271;FGSG_02272;FGSG_02461;FGSG_03061;FGSG_05610;FGSG_07075;FGSG_09456;FGSG_13136,1,uncharacterized protein,GO:0008080,2.9779569360942286,7,-2.27747223554819,4.3138261457302595e-12,1,0.7111334674714955
FGSG_05402,36,0.47590292111686827,15.475798654774758,FGSG_00043;FGSG_00044;FGSG_00048;FGSG_00330;FGSG_00743;FGSG_01346;FGSG_01422;FGSG_01947;FGSG_02272;FGSG_02461;FGSG_03061;FGSG_03340;FGSG_03546;FGSG_03547;FGSG_03548;FGSG_03894;FGSG_03992;FGSG_04458;FGSG_04490;FGSG_04589;FGSG_04590;FGSG_04591;FGSG_04592;FGSG_04596;FGSG_05610;FGSG_05926;FGSG_06055;FGSG_08601;FGSG_08712;FGSG_09012;FGSG_09280;FGSG_09456;FGSG_09826;FGSG_09834;FGSG_10347;FGSG_11658,1,uncharacterized protein,GO:0000981;GO:0005634;GO:0006357;GO:0008270,13.386756385201618,31,-0.703488852916807,2.35773794108304e-13,0,0.7110663983903421
FGSG_09082,11,0.4471320353029506,4.672830599939268,FGSG_02323;FGSG_02324;FGSG_02325;FGSG_02326;FGSG_02327;FGSG_02328;FGSG_02329;FGSG_03842;FGSG_08083;FGSG_11326;FGSG_13952,2,alpha-glucosidase,GO:0003824;GO:0005975,4.271643544289425,10,1.03656611135655,0.0001331360745525,1,0.7109322602280348
FGSG_09934,38,0.49790183745783534,16.4474177447198,FGSG_00330;FGSG_00743;FGSG_01422;FGSG_02030;FGSG_02271;FGSG_02272;FGSG_02461;FGSG_02554;FGSG_03061;FGSG_03546;FGSG_03547;FGSG_03548;FGSG_03894;FGSG_03992;FGSG_04458;FGSG_04490;FGSG_04589;FGSG_04590;FGSG_04591;FGSG_04593;FGSG_04596;FGSG_05610;FGSG_06055;FGSG_07075;FGSG_08601;FGSG_08712;FGSG_08774;FGSG_09012;FGSG_09280;FGSG_09456;FGSG_09826;FGSG_09834;FGSG_10347;FGSG_10922;FGSG_10947;FGSG_12180;FGSG_12223;FGSG_13136,1,asparagine synthetase 2,GO:0004066;GO:0006529,13.372019802418698,31,-0.658011821206185,4.7031478628605296e-18,0,0.7108651911468813
FGSG_13744,14,0.4808124568838099,6.08752438001341,FGSG_00743;FGSG_01422;FGSG_02271;FGSG_02272;FGSG_02461;FGSG_02782;FGSG_03061;FGSG_03894;FGSG_04588;FGSG_05610;FGSG_07075;FGSG_08774;FGSG_09012;FGSG_09456,1,uncharacterized protein,GO:0046872,3.941502042754404,9,-1.10362745260522,1.6443345530757502e-09,1,0.7105298457411133
FGSG_00746,41,0.48981931548229135,18.087353655745098,FGSG_00175;FGSG_00330;FGSG_00500;FGSG_00743;FGSG_01422;FGSG_02030;FGSG_02271;FGSG_02272;FGSG_02461;FGSG_02782;FGSG_03061;FGSG_03295;FGSG_03546;FGSG_03547;FGSG_03548;FGSG_03894;FGSG_03992;FGSG_04458;FGSG_04590;FGSG_04591;FGSG_04592;FGSG_04593;FGSG_04763;FGSG_05610;FGSG_05843;FGSG_06055;FGSG_06257;FGSG_06702;FGSG_07075;FGSG_07528;FGSG_08601;FGSG_08712;FGSG_08774;FGSG_09012;FGSG_09280;FGSG_09456;FGSG_09826;FGSG_09834;FGSG_10347;FGSG_10947;FGSG_13136,1,uncharacterized protein,GO:0005634;GO:0005829;GO:0030433;GO:0030474;GO:0030674;GO:0031593;GO:0042177,13.319788984613432,30,-0.895399280631679,3.39656613528471e-28,0,0.7104627766599597
FGSG_09737,9,0.4419035258789075,3.7966785744280416,FGSG_00743;FGSG_03061;FGSG_03894;FGSG_04458;FGSG_04589;FGSG_05610;FGSG_08601;FGSG_10347;FGSG_12180,1,uncharacterized protein,GO:0005215;GO:0016021;GO:0055085,3.3652104359683515,8,-1.64714924529148,5.31413471537145e-12,1,0.7101945003353454
FGSG_01780,11,0.4486940698869237,4.658196982148269,FGSG_02321;FGSG_02323;FGSG_02324;FGSG_02325;FGSG_02326;FGSG_02327;FGSG_02328;FGSG_02329;FGSG_08083;FGSG_11326;FGSG_13952,2,uncharacterized protein,GO:0016021,3.8524671335553737,9,1.18157837540106,0.0041767224989153,1,0.7101945003353454
FGSG_06206,41,0.5012202656723003,17.94659680279421,FGSG_00330;FGSG_00743;FGSG_00765;FGSG_01422;FGSG_02030;FGSG_02271;FGSG_02272;FGSG_02461;FGSG_02554;FGSG_02972;FGSG_03061;FGSG_03340;FGSG_03546;FGSG_03548;FGSG_03747;FGSG_03894;FGSG_03992;FGSG_04458;FGSG_04588;FGSG_04589;FGSG_04590;FGSG_04593;FGSG_05368;FGSG_05610;FGSG_06055;FGSG_08493;FGSG_08601;FGSG_08712;FGSG_08774;FGSG_09012;FGSG_09826;FGSG_09834;FGSG_10347;FGSG_10444;FGSG_10922;FGSG_10947;FGSG_11206;FGSG_12180;FGSG_12222;FGSG_12223;FGSG_13136,1,uncharacterized protein,GO:0004674;GO:0005524;GO:0005829;GO:0006468;GO:0006808;GO:0032153;GO:0051286;GO:1900417,13.07985219525361,30,-0.620580385697979,8.5624201206667e-19,0,0.7098591549295775
FGSG_02675,13,0.48369948238848837,5.7047507299264675,FGSG_00743;FGSG_01422;FGSG_02271;FGSG_02272;FGSG_02461;FGSG_03061;FGSG_03894;FGSG_04590;FGSG_05610;FGSG_08712;FGSG_08774;FGSG_09012;FGSG_13136,1,uncharacterized protein,GO:0015665;GO:0015850;GO:0016021;GO:0022890;GO:0098655,3.9731764196230968,9,-1.08571408441455,3.0681934370108797e-18,1,0.7097250167672703
FGSG_12182,37,0.49316877805776976,15.984986064479584,FGSG_00330;FGSG_00743;FGSG_01422;FGSG_02030;FGSG_02272;FGSG_02461;FGSG_02554;FGSG_03061;FGSG_03340;FGSG_03546;FGSG_03547;FGSG_03548;FGSG_03894;FGSG_03992;FGSG_04458;FGSG_04490;FGSG_04589;FGSG_04590;FGSG_04591;FGSG_04592;FGSG_04593;FGSG_04596;FGSG_05610;FGSG_06055;FGSG_08601;FGSG_08712;FGSG_08774;FGSG_09012;FGSG_09280;FGSG_09456;FGSG_09826;FGSG_09834;FGSG_10347;FGSG_10922;FGSG_10947;FGSG_12180;FGSG_12223,1,uncharacterized protein,GO:0003735;GO:0005730;GO:0005762;GO:0016787;GO:0032543;GO:0035091,12.952834496473265,30,-0.543712185492817,1.74256562518222e-07,0,0.7094567404426559
FGSG_02163,38,0.49648523321905436,16.70654028679145,FGSG_00175;FGSG_00330;FGSG_00500;FGSG_00743;FGSG_01422;FGSG_02030;FGSG_02271;FGSG_02272;FGSG_02461;FGSG_03061;FGSG_03295;FGSG_03546;FGSG_03547;FGSG_03548;FGSG_03894;FGSG_03992;FGSG_04458;FGSG_04590;FGSG_04591;FGSG_04593;FGSG_04595;FGSG_04763;FGSG_05610;FGSG_05843;FGSG_06055;FGSG_06257;FGSG_07075;FGSG_07528;FGSG_08601;FGSG_08712;FGSG_08774;FGSG_09012;FGSG_09280;FGSG_09456;FGSG_09834;FGSG_10347;FGSG_10947;FGSG_13136,1,uncharacterized protein,GO:0008271;GO:0016021;GO:1902358,12.797695710700372,29,-0.942652703216385,1.70932581249485e-28,0,0.7090543259557344
FGSG_05349,12,0.4555136160907804,5.118968015979817,FGSG_02320;FGSG_02321;FGSG_02323;FGSG_02324;FGSG_02325;FGSG_02326;FGSG_02327;FGSG_02328;FGSG_02329;FGSG_08083;FGSG_09187;FGSG_11326,2,uncharacterized protein,GO:0016740,3.887341656434677,9,1.13803660486171,4.0788154419476e-15,1,0.7089201877934272
FGSG_05277,33,0.4834610828682857,14.453039779207682,FGSG_00043;FGSG_00044;FGSG_00330;FGSG_00743;FGSG_01346;FGSG_01422;FGSG_01947;FGSG_02272;FGSG_02461;FGSG_03061;FGSG_03546;FGSG_03547;FGSG_03548;FGSG_03894;FGSG_03992;FGSG_04458;FGSG_04490;FGSG_04589;FGSG_04590;FGSG_04591;FGSG_04596;FGSG_04763;FGSG_05610;FGSG_05926;FGSG_06055;FGSG_06257;FGSG_08601;FGSG_08712;FGSG_09012;FGSG_09280;FGSG_09456;FGSG_09834;FGSG_10347,1,uracil permease,GO:0005215;GO:0016021;GO:0055085,12.748491064730823,29,-0.835127689843592,7.47939586728539e-39,0,0.7088531187122736
FGSG_11985,10,0.4366997123028958,4.217632678864436,FGSG_02321;FGSG_02323;FGSG_02324;FGSG_02325;FGSG_02326;FGSG_02327;FGSG_02328;FGSG_02329;FGSG_02903;FGSG_11326,2,uncharacterized protein,,3.4085070850946613,8,1.52508843310538,0.016274338932767,1,0.70878604963112
FGSG_03916,7,0.43614713057372245,2.962790774794767,FGSG_02271;FGSG_02272;FGSG_02461;FGSG_03061;FGSG_03894;FGSG_05610;FGSG_13136,1,rds1 protein,,2.530253405216016,6,-4.86978664564658,1.32343048994462e-16,1,0.7082494969818913
FGSG_05442,35,0.499271623933484,15.141146513190428,FGSG_00330;FGSG_00743;FGSG_01422;FGSG_02030;FGSG_02271;FGSG_02272;FGSG_02461;FGSG_03061;FGSG_03546;FGSG_03548;FGSG_03894;FGSG_03992;FGSG_04458;FGSG_04588;FGSG_04589;FGSG_04590;FGSG_04591;FGSG_04593;FGSG_05368;FGSG_05610;FGSG_06055;FGSG_07075;FGSG_07528;FGSG_08601;FGSG_08712;FGSG_08774;FGSG_09012;FGSG_09456;FGSG_09826;FGSG_09834;FGSG_10347;FGSG_10947;FGSG_12180;FGSG_12223;FGSG_13136,1,uncharacterized protein,,12.464879401672995,29,-0.502756440505535,8.15881466171468e-06,0,0.7078470824949699
FGSG_03525,34,0.4791187268534166,14.821160159176952,FGSG_00043;FGSG_00330;FGSG_00743;FGSG_01422;FGSG_01947;FGSG_02271;FGSG_02272;FGSG_02461;FGSG_03061;FGSG_03295;FGSG_03546;FGSG_03547;FGSG_03548;FGSG_03894;FGSG_03992;FGSG_04458;FGSG_04590;FGSG_04591;FGSG_04596;FGSG_04763;FGSG_05610;FGSG_05843;FGSG_06055;FGSG_06257;FGSG_06702;FGSG_07075;FGSG_07528;FGSG_08601;FGSG_08712;FGSG_09012;FGSG_09280;FGSG_09456;FGSG_09834;FGSG_10347,1,uncharacterized protein,GO:0008168;GO:0032259,12.247505964497007,28,-0.895371099072334,6.20851950171989e-20,0,0.7074446680080483
FGSG_04515,12,0.44362839362267087,5.06965893613412,FGSG_02321;FGSG_02323;FGSG_02324;FGSG_02325;FGSG_02326;FGSG_02327;FGSG_02328;FGSG_02329;FGSG_02903;FGSG_03842;FGSG_11326;FGSG_13952,2,uncharacterized protein,,4.2577769663677305,10,1.0210018835195,2.58499965661328e-07,1,0.7074446680080482
FGSG_10306,36,0.47939230206008515,15.627267289585438,FGSG_00330;FGSG_00743;FGSG_01422;FGSG_02030;FGSG_02271;FGSG_02272;FGSG_02461;FGSG_03061;FGSG_03295;FGSG_03546;FGSG_03547;FGSG_03548;FGSG_03894;FGSG_03992;FGSG_04458;FGSG_04589;FGSG_04590;FGSG_04591;FGSG_04592;FGSG_04593;FGSG_05610;FGSG_05843;FGSG_06055;FGSG_06257;FGSG_07075;FGSG_07528;FGSG_08601;FGSG_08712;FGSG_08774;FGSG_09012;FGSG_09280;FGSG_09456;FGSG_09826;FGSG_09834;FGSG_10347;FGSG_10947,1,uncharacterized protein,GO:0000001;GO:0001302;GO:0005743;GO:0006457;GO:0007007;GO:0045861;GO:0070584,12.174246836536808,28,-0.873612268494791,2.87641316004026e-14,0,0.7070422535211267
FGSG_10005,38,0.49946729294091985,16.42154540698231,FGSG_00330;FGSG_00743;FGSG_00765;FGSG_01422;FGSG_02030;FGSG_02272;FGSG_02461;FGSG_02554;FGSG_02972;FGSG_03061;FGSG_03340;FGSG_03546;FGSG_03548;FGSG_03747;FGSG_03894;FGSG_04458;FGSG_04588;FGSG_04589;FGSG_04590;FGSG_04591;FGSG_04592;FGSG_04593;FGSG_05368;FGSG_05610;FGSG_08493;FGSG_08601;FGSG_08712;FGSG_08774;FGSG_09012;FGSG_09456;FGSG_09826;FGSG_09834;FGSG_10347;FGSG_10444;FGSG_10922;FGSG_10947;FGSG_12180;FGSG_12223,1,choline-phosphate cytidylyltransferase,GO:0004105;GO:0005635;GO:0006657,12.099744396456575,28,-0.842843013193947,2.4988091052253098e-16,0,0.7068410462776661
FGSG_12601,8,0.4322061113407273,3.3594170657782016,FGSG_02324;FGSG_02325;FGSG_02326;FGSG_02327;FGSG_02328;FGSG_02329;FGSG_02903;FGSG_11326,2,uncharacterized protein,,3.3594170657782016,8,1.5826761126957,1.04328783848475e-11,1,0.7059691482226693
FGSG_03826,10,0.4483362603394231,4.234032353302383,FGSG_01866;FGSG_02321;FGSG_02324;FGSG_02326;FGSG_02327;FGSG_02328;FGSG_02329;FGSG_08083;FGSG_11326;FGSG_13952,2,uncharacterized protein,,3.4284847322300687,8,1.43530748923989,0.0037108584292138,1,0.7055667337357479
FGSG_06119,37,0.49049679758126224,16.115504428038665,FGSG_00330;FGSG_00743;FGSG_00765;FGSG_01422;FGSG_02030;FGSG_02271;FGSG_02272;FGSG_02461;FGSG_02782;FGSG_03061;FGSG_03295;FGSG_03546;FGSG_03548;FGSG_03894;FGSG_03992;FGSG_04458;FGSG_04588;FGSG_04589;FGSG_04590;FGSG_04593;FGSG_05368;FGSG_05610;FGSG_06506;FGSG_07075;FGSG_07528;FGSG_08601;FGSG_08712;FGSG_08774;FGSG_09012;FGSG_09456;FGSG_09834;FGSG_10347;FGSG_10947;FGSG_11206;FGSG_12180;FGSG_12223;FGSG_13136,1,uncharacterized protein,GO:0004553;GO:0005975;GO:0016021,11.77154499235649,27,-0.841310547906583,1.19997888294379e-21,0,0.7054325955734406
FGSG_12745,14,0.47833588065192983,6.013629807316803,FGSG_00743;FGSG_00765;FGSG_01621;FGSG_02272;FGSG_02461;FGSG_03061;FGSG_03894;FGSG_05368;FGSG_05610;FGSG_08493;FGSG_08774;FGSG_09012;FGSG_10922;FGSG_13136,1,heat shock protein HSP98,GO:0001319;GO:0005524;GO:0005635;GO:0019538;GO:0034975;GO:0042623;GO:0043335;GO:0043531;GO:0051082;GO:0051087;GO:0051787;GO:0070370;GO:0070389;GO:0070414;GO:0071218;GO:0072380,3.438870815410666,8,-1.40975294356462,2.08765528683296e-27,1,0.7050301810865192
FGSG_13310,37,0.49807256317738785,16.099200672207996,FGSG_00330;FGSG_00743;FGSG_00765;FGSG_01422;FGSG_02030;FGSG_02271;FGSG_02272;FGSG_02461;FGSG_02782;FGSG_03061;FGSG_03295;FGSG_03546;FGSG_03548;FGSG_03894;FGSG_03992;FGSG_04458;FGSG_04588;FGSG_04589;FGSG_04590;FGSG_04593;FGSG_05368;FGSG_05610;FGSG_07075;FGSG_07528;FGSG_08601;FGSG_08712;FGSG_08774;FGSG_09012;FGSG_09456;FGSG_09834;FGSG_10347;FGSG_10922;FGSG_10947;FGSG_11206;FGSG_12180;FGSG_12223;FGSG_13136,1,uncharacterized protein,GO:0005634;GO:0005758;GO:0005829;GO:0031305;GO:0033617,11.74032666559105,27,-0.833109856806857,4.60489323206058e-13,0,0.7048289738430583
FGSG_06631,36,0.5021958396018027,15.580597204847232,FGSG_00330;FGSG_00743;FGSG_00765;FGSG_01422;FGSG_02030;FGSG_02271;FGSG_02272;FGSG_02461;FGSG_02972;FGSG_03061;FGSG_03546;FGSG_03548;FGSG_03747;FGSG_03894;FGSG_04458;FGSG_04588;FGSG_04589;FGSG_04590;FGSG_04593;FGSG_05368;FGSG_05610;FGSG_08493;FGSG_08601;FGSG_08712;FGSG_08774;FGSG_09012;FGSG_09456;FGSG_09826;FGSG_09834;FGSG_10347;FGSG_10444;FGSG_10922;FGSG_10947;FGSG_12180;FGSG_12223;FGSG_13136,1,uncharacterized protein,GO:0008152;GO:0016874;GO:0032153;GO:0072686,11.640018461643745,27,-0.564093723270153,1.73739929863193e-10,0,0.7046277665995976
FGSG_09087,8,0.4536638535458429,3.485458416442409,FGSG_02321;FGSG_02324;FGSG_02325;FGSG_02326;FGSG_02327;FGSG_02328;FGSG_02329;FGSG_11326,2,uncharacterized protein,,3.081102437769064,7,1.7408196722641,3.3010755110207997e-17,1,0.7044265593561367
FGSG_06105,30,0.4722354147807201,13.070347492523391,FGSG_00330;FGSG_00743;FGSG_01422;FGSG_02272;FGSG_02461;FGSG_03061;FGSG_03546;FGSG_03547;FGSG_03548;FGSG_03894;FGSG_03992;FGSG_04458;FGSG_04490;FGSG_04589;FGSG_04590;FGSG_04591;FGSG_04593;FGSG_04596;FGSG_05610;FGSG_06055;FGSG_08601;FGSG_08712;FGSG_08774;FGSG_09012;FGSG_09280;FGSG_09456;FGSG_09826;FGSG_09834;FGSG_10347;FGSG_12180,1,uncharacterized protein,GO:0005506;GO:0031418;GO:0045329;GO:0050353;GO:0055114,11.338891907069852,26,-0.587858037250825,2.20486734247199e-09,0,0.7042253521126761
FGSG_13146,7,0.43433071727986433,3.008496061688655,FGSG_02324;FGSG_02325;FGSG_02326;FGSG_02327;FGSG_02328;FGSG_02329;FGSG_11326,2,uncharacterized protein,GO:0003700;GO:0006355;GO:0043565,3.008496061688655,7,1.86476953588227,1.69723355968834e-19,1,0.704225352112676
FGSG_07244,31,0.4688591464613157,13.328274323273634,FGSG_00330;FGSG_00743;FGSG_01346;FGSG_01422;FGSG_02272;FGSG_02461;FGSG_02554;FGSG_03061;FGSG_03340;FGSG_03546;FGSG_03547;FGSG_03548;FGSG_03894;FGSG_03992;FGSG_04458;FGSG_04490;FGSG_04589;FGSG_04590;FGSG_04591;FGSG_04596;FGSG_05610;FGSG_05926;FGSG_06055;FGSG_08601;FGSG_08712;FGSG_09012;FGSG_09456;FGSG_09826;FGSG_09834;FGSG_10347;FGSG_12180,1,uncharacterized protein,GO:0005783;GO:0031314;GO:0045182;GO:0070131;GO:0097034,11.227635178109034,26,-0.713646370103312,2.5222625122966002e-11,0,0.7036217303822937
FGSG_00296,37,0.49664013858037415,15.907159901412621,FGSG_00330;FGSG_00743;FGSG_00765;FGSG_01422;FGSG_02030;FGSG_02272;FGSG_02461;FGSG_02554;FGSG_02972;FGSG_03061;FGSG_03340;FGSG_03546;FGSG_03548;FGSG_03747;FGSG_03894;FGSG_04458;FGSG_04589;FGSG_04590;FGSG_04591;FGSG_04593;FGSG_05368;FGSG_05610;FGSG_06055;FGSG_08493;FGSG_08601;FGSG_08712;FGSG_08774;FGSG_09012;FGSG_09826;FGSG_10347;FGSG_10444;FGSG_10922;FGSG_10947;FGSG_11206;FGSG_12180;FGSG_12223;FGSG_13136,1,threonine dehydratase,GO:0004794;GO:0006567;GO:0009097;GO:0030170,11.185395639104792,26,-0.88049440017482,1.03100264557455e-22,0,0.7034205231388331
FGSG_07257,33,0.48166059965553365,14.34160019889406,FGSG_00330;FGSG_00743;FGSG_01422;FGSG_02030;FGSG_02271;FGSG_02272;FGSG_02461;FGSG_03061;FGSG_03295;FGSG_03546;FGSG_03547;FGSG_03548;FGSG_03894;FGSG_03992;FGSG_04458;FGSG_04589;FGSG_04590;FGSG_04591;FGSG_05610;FGSG_05843;FGSG_06055;FGSG_06257;FGSG_07075;FGSG_07528;FGSG_08601;FGSG_08712;FGSG_08774;FGSG_09012;FGSG_09280;FGSG_09456;FGSG_09834;FGSG_10347;FGSG_10947,1,uncharacterized protein,GO:0003735;GO:0005840;GO:0006412;GO:0009060;GO:0042645,10.93645185479601,25,-0.857309495428069,2.30742595556912e-12,0,0.7028169014084507
FGSG_13673,32,0.4833043247476264,13.84706284179559,FGSG_00330;FGSG_00743;FGSG_01422;FGSG_02030;FGSG_02271;FGSG_02272;FGSG_02461;FGSG_03061;FGSG_03295;FGSG_03546;FGSG_03547;FGSG_03548;FGSG_03894;FGSG_03992;FGSG_04458;FGSG_04589;FGSG_04590;FGSG_04591;FGSG_04593;FGSG_05610;FGSG_06055;FGSG_07075;FGSG_07528;FGSG_08601;FGSG_08712;FGSG_08774;FGSG_09012;FGSG_09280;FGSG_09456;FGSG_09834;FGSG_10347;FGSG_10947,1,uncharacterized protein,GO:0004527;GO:0016021;GO:0090305,10.833908728199862,25,-0.646578770212131,3.03786833984577e-06,0,0.7020120724346076
FGSG_00186,28,0.4803176065061968,12.039823543180207,FGSG_00043;FGSG_00044;FGSG_00330;FGSG_00743;FGSG_01346;FGSG_01422;FGSG_02272;FGSG_03061;FGSG_03546;FGSG_03547;FGSG_03548;FGSG_03894;FGSG_03992;FGSG_04458;FGSG_04490;FGSG_04589;FGSG_04590;FGSG_04591;FGSG_04596;FGSG_05610;FGSG_05926;FGSG_08601;FGSG_08712;FGSG_09012;FGSG_09280;FGSG_09456;FGSG_09834;FGSG_10347,1,uncharacterized protein,GO:0004414;GO:0005737;GO:0009086,10.78505025955178,25,-0.858211224771282,1.50525468296661e-16,0,0.7018108651911469
FGSG_06202,31,0.47650711623238995,13.24679388097993,FGSG_00330;FGSG_00743;FGSG_01422;FGSG_02272;FGSG_02461;FGSG_02554;FGSG_03061;FGSG_03340;FGSG_03546;FGSG_03547;FGSG_03548;FGSG_03894;FGSG_04458;FGSG_04490;FGSG_04589;FGSG_04590;FGSG_04591;FGSG_04593;FGSG_04596;FGSG_05610;FGSG_06055;FGSG_08601;FGSG_08712;FGSG_08774;FGSG_09012;FGSG_09826;FGSG_09834;FGSG_10347;FGSG_10947;FGSG_12180;FGSG_12223,1,uncharacterized protein,GO:0008270;GO:0016491;GO:0055114,10.70267508684168,25,-0.897074021160789,1.66144067275618e-10,0,0.7016096579476861
FGSG_10019,32,0.4962884282319308,13.712722229233288,FGSG_00330;FGSG_00743;FGSG_00765;FGSG_01422;FGSG_02030;FGSG_02271;FGSG_02272;FGSG_02461;FGSG_03061;FGSG_03546;FGSG_03548;FGSG_03894;FGSG_04458;FGSG_04588;FGSG_04589;FGSG_04590;FGSG_04593;FGSG_05368;FGSG_05610;FGSG_07075;FGSG_08601;FGSG_08712;FGSG_08774;FGSG_09012;FGSG_09456;FGSG_09834;FGSG_10347;FGSG_10922;FGSG_10947;FGSG_12180;FGSG_12223;FGSG_13136,1,uncharacterized protein,GO:0016021;GO:0030234;GO:0050790,10.66880756094304,25,-0.826764826065771,4.33843172405774e-13,0,0.7014084507042254
FGSG_09863,29,0.48520655149493674,12.814340033263194,FGSG_00330;FGSG_00743;FGSG_01422;FGSG_02271;FGSG_02272;FGSG_02461;FGSG_03061;FGSG_03295;FGSG_03546;FGSG_03547;FGSG_03548;FGSG_03894;FGSG_03992;FGSG_04458;FGSG_04589;FGSG_04590;FGSG_05610;FGSG_05843;FGSG_06055;FGSG_06257;FGSG_07075;FGSG_07528;FGSG_08601;FGSG_08712;FGSG_09012;FGSG_09280;FGSG_09456;FGSG_09834;FGSG_10347,1,uncharacterized protein,GO:0005789;GO:0008374;GO:0016021,10.625203573064514,24,-0.856721903735818,3.64970750036063e-19,0,0.7012072434607646
FGSG_07258,13,0.4800570009317042,5.583958852575116,FGSG_00743;FGSG_02272;FGSG_02461;FGSG_02972;FGSG_03061;FGSG_03747;FGSG_03894;FGSG_04589;FGSG_05610;FGSG_08774;FGSG_10444;FGSG_10922;FGSG_12180,1,uncharacterized protein,GO:0000027;GO:0005524;GO:0005654;GO:0005739;GO:0006364;GO:0016887,3.873342171073521,9,-1.08949209094848,3.4667269292204405e-21,1,0.7010060362173038
FGSG_12874,30,0.49673607858770175,13.012067715336883,FGSG_00330;FGSG_00743;FGSG_01422;FGSG_02030;FGSG_02272;FGSG_02461;FGSG_03061;FGSG_03546;FGSG_03547;FGSG_03548;FGSG_03894;FGSG_03992;FGSG_04458;FGSG_04589;FGSG_04590;FGSG_04591;FGSG_04593;FGSG_05610;FGSG_06055;FGSG_08601;FGSG_08712;FGSG_08774;FGSG_09012;FGSG_09456;FGSG_09826;FGSG_09834;FGSG_10347;FGSG_10947;FGSG_12180;FGSG_12223,1,uncharacterized protein,GO:0000329;GO:0005794;GO:0006810;GO:0016021,10.378326744569058,24,-0.655129513262278,2.84248221980098e-08,0,0.7004024144869215
FGSG_04500,10,0.44394678146177685,4.197005933167144,FGSG_01422;FGSG_02271;FGSG_02272;FGSG_02461;FGSG_03061;FGSG_04590;FGSG_05610;FGSG_07075;FGSG_09456;FGSG_09834,1,uncharacterized protein,GO:0016021,3.3611414212244086,8,-1.50741445902483,0.0010733412445804,1,0.7002682763246143
FGSG_11721,11,0.4422713978419509,4.651818376758805,FGSG_02321;FGSG_02323;FGSG_02324;FGSG_02325;FGSG_02326;FGSG_02327;FGSG_02328;FGSG_02329;FGSG_03842;FGSG_11326;FGSG_13952,2,uncharacterized protein,GO:0046872,3.8480186803217817,9,1.09504824916352,0.0008222910868876,1,0.6993963782696178
FGSG_02043,29,0.4888781113057544,12.793292366018862,FGSG_00330;FGSG_00743;FGSG_01422;FGSG_02030;FGSG_02271;FGSG_02272;FGSG_02461;FGSG_03061;FGSG_03295;FGSG_03546;FGSG_03548;FGSG_03894;FGSG_03992;FGSG_04458;FGSG_04589;FGSG_04590;FGSG_04591;FGSG_05610;FGSG_06055;FGSG_06257;FGSG_07075;FGSG_08601;FGSG_08712;FGSG_08774;FGSG_09012;FGSG_09280;FGSG_09456;FGSG_09834;FGSG_10347,1,uncharacterized protein,GO:0004519;GO:0004527;GO:0005634;GO:0005829;GO:0090305,10.216693922336225,23,-0.469377150618799,9.51272204880216e-09,0,0.6993963782696176
FGSG_08875,26,0.4829067789526489,11.505716740988055,FGSG_00330;FGSG_00743;FGSG_01422;FGSG_02271;FGSG_02272;FGSG_02461;FGSG_03061;FGSG_03546;FGSG_03547;FGSG_03548;FGSG_03894;FGSG_03992;FGSG_04458;FGSG_04589;FGSG_04590;FGSG_04591;FGSG_05610;FGSG_06257;FGSG_07075;FGSG_08601;FGSG_08712;FGSG_09012;FGSG_09280;FGSG_09456;FGSG_09834;FGSG_10347,1,sulfate adenylyltransferase,GO:0000103;GO:0004020;GO:0004781;GO:0005524;GO:0005737;GO:0009086;GO:0016310;GO:0019344;GO:0070814,10.197711091683088,23,-0.673929329723187,2.96825770925491e-14,0,0.699195171026157
FGSG_00012,7,0.44043368991456416,2.982375882939864,FGSG_02324;FGSG_02325;FGSG_02326;FGSG_02327;FGSG_02328;FGSG_02329;FGSG_11326,2,uncharacterized protein,GO:0004497;GO:0005506;GO:0016021;GO:0016705;GO:0020037;GO:0055114,2.982375882939864,7,1.85745523854471,0.0020463711397764,1,0.6989268947015426
FGSG_13861,8,0.447348058342539,3.4167715192630554,FGSG_02324;FGSG_02325;FGSG_02326;FGSG_02327;FGSG_02328;FGSG_02329;FGSG_08083;FGSG_11326,2,uncharacterized protein,GO:0004553;GO:0005975,3.4167715192630554,8,1.35663564231999,1.4088350745613502e-09,1,0.6987927565392353
FGSG_09556,31,0.48553368209963627,13.432285127778096,FGSG_00330;FGSG_00743;FGSG_01422;FGSG_02030;FGSG_02271;FGSG_02272;FGSG_02461;FGSG_02782;FGSG_03061;FGSG_03295;FGSG_03546;FGSG_03548;FGSG_03894;FGSG_03992;FGSG_04458;FGSG_04588;FGSG_04590;FGSG_04593;FGSG_05610;FGSG_07075;FGSG_07528;FGSG_08601;FGSG_08712;FGSG_08774;FGSG_09012;FGSG_09280;FGSG_09456;FGSG_09834;FGSG_10347;FGSG_10947;FGSG_13136,1,uncharacterized protein,GO:0000166;GO:0005829;GO:0043047,9.963270188382456,23,-0.538155790647238,1.0379447477336799e-11,0,0.6985915492957746
FGSG_06188,26,0.4675968254017662,11.204816906616974,FGSG_00043;FGSG_00330;FGSG_00743;FGSG_01422;FGSG_01947;FGSG_02272;FGSG_02461;FGSG_03061;FGSG_03546;FGSG_03547;FGSG_03548;FGSG_03894;FGSG_03992;FGSG_04458;FGSG_04589;FGSG_04590;FGSG_04591;FGSG_05610;FGSG_05926;FGSG_08601;FGSG_08712;FGSG_09012;FGSG_09280;FGSG_09456;FGSG_09834;FGSG_10347,1,uncharacterized protein,,9.949931656568879,23,-0.737415938194102,5.127885465325119e-18,0,0.6981891348088531
FGSG_04987,9,0.452420857545458,3.8658028000362354,FGSG_02321;FGSG_02324;FGSG_02325;FGSG_02326;FGSG_02327;FGSG_02328;FGSG_02329;FGSG_08083;FGSG_11326,2,uncharacterized protein,GO:0000981;GO:0003677;GO:0003824;GO:0005634;GO:0006351;GO:0006357;GO:0008270;GO:0050662,3.4598689828039504,8,1.27176372452265,3.8697269158465e-07,1,0.6978537894030852
FGSG_11990,28,0.4756418702315393,11.989584684190937,FGSG_00330;FGSG_00743;FGSG_01422;FGSG_02272;FGSG_02461;FGSG_02554;FGSG_03061;FGSG_03340;FGSG_03546;FGSG_03548;FGSG_03894;FGSG_04458;FGSG_04490;FGSG_04589;FGSG_04590;FGSG_04591;FGSG_04593;FGSG_04596;FGSG_05610;FGSG_08601;FGSG_08712;FGSG_08774;FGSG_09012;FGSG_09826;FGSG_09834;FGSG_10347;FGSG_12180;FGSG_12223,1,uncharacterized protein,,9.84689054365694,23,-0.819778993948341,2.87292621283985e-14,0,0.6975855130784708
FGSG_07450,29,0.4863024358971249,12.345433354189193,FGSG_00330;FGSG_00743;FGSG_01422;FGSG_02030;FGSG_02272;FGSG_02461;FGSG_03061;FGSG_03546;FGSG_03547;FGSG_03548;FGSG_03894;FGSG_03992;FGSG_04458;FGSG_04589;FGSG_04590;FGSG_04592;FGSG_04593;FGSG_05610;FGSG_08601;FGSG_08712;FGSG_08774;FGSG_09012;FGSG_09456;FGSG_09826;FGSG_09834;FGSG_10347;FGSG_10947;FGSG_12180;FGSG_12223,1,uncharacterized protein,GO:0000139;GO:0005789;GO:0008203;GO:0015485;GO:0016021;GO:0032936;GO:0035103;GO:0070452,9.76113249508202,23,-0.668811486213755,5.14739303785401e-07,0,0.6973843058350101
FGSG_04794,10,0.45620642395862243,4.317497361521508,FGSG_02321;FGSG_02323;FGSG_02324;FGSG_02325;FGSG_02326;FGSG_02327;FGSG_02328;FGSG_02329;FGSG_08083;FGSG_11326,2,uncharacterized protein,,3.508623822789836,8,1.22612735431045,0.0004464549304314,1,0.6967806841046278
FGSG_01277,33,0.49555236758673465,14.484462331593233,FGSG_00743;FGSG_00765;FGSG_01422;FGSG_01621;FGSG_02030;FGSG_02271;FGSG_02272;FGSG_02461;FGSG_03061;FGSG_03894;FGSG_04309;FGSG_04458;FGSG_04588;FGSG_04589;FGSG_04590;FGSG_04593;FGSG_05368;FGSG_05610;FGSG_07075;FGSG_07528;FGSG_08493;FGSG_08712;FGSG_08774;FGSG_09012;FGSG_09456;FGSG_09834;FGSG_10347;FGSG_10922;FGSG_10947;FGSG_11206;FGSG_12180;FGSG_12223;FGSG_13136,1,uncharacterized protein,,9.619447055715764,22,-0.918679926535074,2.43569664413584e-29,0,0.6965794768611671
FGSG_07467,27,0.47500557390612735,11.720620994980324,FGSG_00175;FGSG_00330;FGSG_00500;FGSG_01422;FGSG_02271;FGSG_02272;FGSG_02461;FGSG_03061;FGSG_03295;FGSG_03546;FGSG_03548;FGSG_03894;FGSG_03992;FGSG_04458;FGSG_04590;FGSG_05610;FGSG_05843;FGSG_06257;FGSG_07075;FGSG_07528;FGSG_08601;FGSG_08712;FGSG_09012;FGSG_09280;FGSG_09456;FGSG_09834;FGSG_10347,1,uncharacterized protein,GO:0000788;GO:0005737;GO:0006334;GO:0006337;GO:0006606;GO:0007117;GO:0031116;GO:0032968;GO:0042393,9.606506390149516,22,-0.442744806559381,4.471685318269561e-19,0,0.6963782696177062
FGSG_10309,32,0.48130673531480767,13.912109754972327,FGSG_00330;FGSG_00743;FGSG_00765;FGSG_01422;FGSG_02030;FGSG_02271;FGSG_02272;FGSG_02461;FGSG_02782;FGSG_03061;FGSG_03295;FGSG_03548;FGSG_03894;FGSG_03992;FGSG_04309;FGSG_04458;FGSG_04588;FGSG_04590;FGSG_04593;FGSG_05368;FGSG_05610;FGSG_06506;FGSG_07075;FGSG_07528;FGSG_08712;FGSG_08774;FGSG_09012;FGSG_09456;FGSG_09834;FGSG_10347;FGSG_10947;FGSG_13136,1,uncharacterized protein,GO:0005758;GO:0015914;GO:0031314;GO:0032048;GO:1990050;GO:2001247,9.603697013472063,22,-0.801900458307298,8.61682184935613e-18,0,0.6961770623742455
FGSG_11413,9,0.4739126863538171,3.871472031028172,FGSG_00743;FGSG_02272;FGSG_03061;FGSG_03894;FGSG_04589;FGSG_05610;FGSG_08774;FGSG_10922;FGSG_12180,1,uncharacterized protein,GO:0016740,3.0066195549010226,7,-1.66558293953267,1.07946562999386e-07,1,0.6953722334004024
FGSG_02358,9,0.4449000484310778,3.801717134820074,FGSG_02320;FGSG_02321;FGSG_02326;FGSG_02327;FGSG_02328;FGSG_02329;FGSG_03881;FGSG_08083;FGSG_11326,2,uncharacterized protein,GO:0016021;GO:0022891;GO:0055085,2.5903454188676434,6,2.53110462454269,8.48217382612254e-06,1,0.6944332662642523
FGSG_02292,7,0.433472550773347,2.907031327539162,FGSG_02324;FGSG_02325;FGSG_02326;FGSG_02327;FGSG_02328;FGSG_02329;FGSG_11326,2,uncharacterized protein,GO:0016021;GO:0022891;GO:0055085,2.907031327539162,7,2.09175879461055,0.0004394374308164,1,0.6930918846411804
FGSG_00396,24,0.46543453715318095,10.395426240734617,FGSG_00330;FGSG_00743;FGSG_01422;FGSG_02272;FGSG_02461;FGSG_03061;FGSG_03546;FGSG_03547;FGSG_03548;FGSG_03894;FGSG_03992;FGSG_04458;FGSG_04589;FGSG_04590;FGSG_04591;FGSG_05610;FGSG_07075;FGSG_08601;FGSG_08712;FGSG_09012;FGSG_09280;FGSG_09456;FGSG_09834;FGSG_10347,1,uncharacterized protein,GO:0016021,9.123971255444884,21,-0.589205118433686,3.00008498270924e-07,0,0.6929577464788732
FGSG_11244,10,0.4526481768784622,4.355679020686035,FGSG_02321;FGSG_02323;FGSG_02324;FGSG_02325;FGSG_02326;FGSG_02327;FGSG_02328;FGSG_02329;FGSG_02903;FGSG_11326,2,uncharacterized protein,,3.5461124183347614,8,1.16248857990144,8.39847564772194e-24,1,0.6924211938296445
FGSG_00171,10,0.46861969895376504,4.39157454810973,FGSG_00743;FGSG_02272;FGSG_02461;FGSG_03061;FGSG_03894;FGSG_04309;FGSG_05610;FGSG_08774;FGSG_09012;FGSG_13136,1,uncharacterized protein,GO:0005525;GO:0005622;GO:0007264,2.679955857216128,6,-2.27719182013541,6.25901406856914e-16,1,0.6920858484238765
FGSG_09092,23,0.4806821448999217,10.346263130536446,FGSG_00330;FGSG_00743;FGSG_01422;FGSG_02271;FGSG_02272;FGSG_02461;FGSG_03061;FGSG_03546;FGSG_03548;FGSG_03894;FGSG_03992;FGSG_04458;FGSG_04589;FGSG_04590;FGSG_05610;FGSG_07075;FGSG_08601;FGSG_08712;FGSG_09012;FGSG_09280;FGSG_09456;FGSG_09834;FGSG_10347,1,uncharacterized protein,,8.989524777674866,20,-0.8499637198428,1.90283789928255e-06,0,0.6919517102615694
FGSG_08771,23,0.47861106838375356,10.232115867894445,FGSG_00330;FGSG_00743;FGSG_01422;FGSG_02272;FGSG_02461;FGSG_03061;FGSG_03546;FGSG_03547;FGSG_03548;FGSG_03894;FGSG_03992;FGSG_04458;FGSG_04589;FGSG_04590;FGSG_04591;FGSG_05610;FGSG_06055;FGSG_08601;FGSG_08712;FGSG_09280;FGSG_09456;FGSG_09834;FGSG_10347,1,uncharacterized protein,GO:0004660;GO:0005634;GO:0005829;GO:0005965;GO:0018343;GO:0042127,8.94865038921014,20,-0.80959896294498,2.32248737405595e-12,0,0.6913480885311871
FGSG_06077,24,0.4825295575994415,10.678530675978898,FGSG_00330;FGSG_00743;FGSG_01422;FGSG_02271;FGSG_02272;FGSG_02461;FGSG_03061;FGSG_03546;FGSG_03548;FGSG_03894;FGSG_03992;FGSG_04458;FGSG_04589;FGSG_04590;FGSG_04593;FGSG_05610;FGSG_07075;FGSG_08601;FGSG_08712;FGSG_08774;FGSG_09012;FGSG_09456;FGSG_09834;FGSG_10347,1,uncharacterized protein,GO:0016021,8.901043209841452,20,-0.966035864778316,5.63910322729366e-12,0,0.6909456740442655
FGSG_09747,23,0.4703764674603789,10.189970395339722,FGSG_00330;FGSG_00743;FGSG_01422;FGSG_02272;FGSG_02461;FGSG_03061;FGSG_03546;FGSG_03547;FGSG_03548;FGSG_03894;FGSG_03992;FGSG_04458;FGSG_04589;FGSG_04590;FGSG_05610;FGSG_07075;FGSG_08601;FGSG_08712;FGSG_09012;FGSG_09280;FGSG_09456;FGSG_09834;FGSG_10347,1,uncharacterized protein,GO:0003723;GO:0005783;GO:0005829;GO:0005844;GO:0007088;GO:0007126;GO:0008298;GO:0016071;GO:0042175,8.878226660435974,20,-0.444594923867307,7.21724518198954e-08,0,0.6907444668008048
FGSG_06163,23,0.47562501252006506,10.110006061585139,FGSG_00330;FGSG_00743;FGSG_01422;FGSG_02272;FGSG_02461;FGSG_03061;FGSG_03546;FGSG_03547;FGSG_03548;FGSG_03894;FGSG_03992;FGSG_04458;FGSG_04589;FGSG_04590;FGSG_04591;FGSG_05610;FGSG_08601;FGSG_08712;FGSG_09012;FGSG_09280;FGSG_09456;FGSG_09834;FGSG_10347,1,uncharacterized protein,GO:0008080,8.852820977366202,20,-0.725550963412843,1.45828379417118e-10,0,0.6903420523138833
FGSG_10267,21,0.4782984538306121,9.251223949402208,FGSG_00330;FGSG_01422;FGSG_01947;FGSG_02272;FGSG_03061;FGSG_03546;FGSG_03547;FGSG_03548;FGSG_03894;FGSG_03992;FGSG_04458;FGSG_04589;FGSG_04590;FGSG_04591;FGSG_05610;FGSG_08601;FGSG_08712;FGSG_09280;FGSG_09456;FGSG_09834;FGSG_10347,1,C-1-tetrahydrofolate synthase,GO:0004329;GO:0004488;GO:0005524;GO:0009396;GO:0055114,8.820434647821127,20,-0.750730053553742,2.24534562107118e-24,0,0.689738430583501
FGSG_03259,23,0.46901780739420035,10.098413596169474,FGSG_00330;FGSG_00743;FGSG_01422;FGSG_02272;FGSG_02461;FGSG_03061;FGSG_03546;FGSG_03547;FGSG_03548;FGSG_03894;FGSG_03992;FGSG_04458;FGSG_04589;FGSG_04590;FGSG_05610;FGSG_07075;FGSG_08601;FGSG_08712;FGSG_09012;FGSG_09280;FGSG_09456;FGSG_09834;FGSG_10347,1,uncharacterized protein,GO:0016491;GO:0055114,8.804468054445895,20,-0.733423010250623,2.0524364501431397e-11,0,0.6893360160965795
FGSG_03272,8,0.45150234640070985,3.46537133871632,FGSG_02321;FGSG_02324;FGSG_02325;FGSG_02326;FGSG_02327;FGSG_02328;FGSG_02329;FGSG_11326,2,uncharacterized protein,GO:0003677;GO:0005634;GO:0006351;GO:0008270;GO:0008643;GO:0016021;GO:0022891;GO:0055085,3.0642602607163085,7,1.50482851917806,0.0216053678403768,1,0.688933601609658
FGSG_11129,23,0.4700744010281867,9.998247702878166,FGSG_00330;FGSG_00743;FGSG_01422;FGSG_02272;FGSG_02461;FGSG_03061;FGSG_03546;FGSG_03547;FGSG_03548;FGSG_03894;FGSG_03992;FGSG_04458;FGSG_04589;FGSG_04590;FGSG_04591;FGSG_05610;FGSG_08601;FGSG_08712;FGSG_09012;FGSG_09280;FGSG_09456;FGSG_09834;FGSG_10347,1,uncharacterized protein,,8.751243512337126,20,-0.975734177008519,1.01707612070302e-15,0,0.688933601609658
FGSG_00660,12,0.4519406645551765,5.047007200196249,FGSG_02320;FGSG_02321;FGSG_02323;FGSG_02324;FGSG_02325;FGSG_02326;FGSG_02327;FGSG_02328;FGSG_02329;FGSG_02903;FGSG_10670;FGSG_11326,2,WD repeat-containing protein slp1,GO:0010997;GO:0033597;GO:0040020;GO:0045732;GO:0045842;GO:0050790;GO:0051301;GO:0097027,3.842649456308017,9,1.02398903912942,6.72169636970285e-13,1,0.6887323943661972
FGSG_09239,23,0.47059128322077715,10.030412540510133,FGSG_00330;FGSG_00743;FGSG_01422;FGSG_02272;FGSG_02461;FGSG_03061;FGSG_03546;FGSG_03547;FGSG_03548;FGSG_03894;FGSG_03992;FGSG_04458;FGSG_04589;FGSG_04590;FGSG_04591;FGSG_05610;FGSG_08601;FGSG_08712;FGSG_09012;FGSG_09456;FGSG_09834;FGSG_10347;FGSG_12180,1,ubiquinone/menaquinone biosynthesis methyltransferase ubiE,GO:0005759;GO:0006744;GO:0009060;GO:0016021;GO:0031314;GO:0032259;GO:0043334,8.750917276279711,20,-0.970773166132713,4.859364560574671e-09,0,0.6887323943661972
FGSG_10435,23,0.4692275030192391,10.000417344550879,FGSG_00330;FGSG_00743;FGSG_01422;FGSG_02272;FGSG_02461;FGSG_03061;FGSG_03546;FGSG_03547;FGSG_03548;FGSG_03894;FGSG_03992;FGSG_04458;FGSG_04589;FGSG_04590;FGSG_04591;FGSG_05610;FGSG_08601;FGSG_08712;FGSG_09012;FGSG_09280;FGSG_09456;FGSG_09834;FGSG_10347,1,uncharacterized protein,,8.743446328534372,20,-0.326499987364648,,0,0.6885311871227364
FGSG_06493,9,0.46112785996660466,3.9017880854224227,FGSG_02271;FGSG_02272;FGSG_02461;FGSG_03061;FGSG_03894;FGSG_05610;FGSG_07075;FGSG_09012;FGSG_13136,1,uncharacterized protein,,3.4406602254558183,8,-1.20273898647508,4.39293079319297e-43,1,0.6885311871227364
FGSG_05854,30,0.5006163349802978,13.097490520233592,FGSG_00743;FGSG_00765;FGSG_01422;FGSG_02030;FGSG_02271;FGSG_02272;FGSG_02461;FGSG_02972;FGSG_03061;FGSG_03747;FGSG_03894;FGSG_04458;FGSG_04588;FGSG_04589;FGSG_04590;FGSG_04593;FGSG_05368;FGSG_05610;FGSG_08493;FGSG_08712;FGSG_08774;FGSG_09012;FGSG_10347;FGSG_10444;FGSG_10922;FGSG_10947;FGSG_11206;FGSG_12180;FGSG_12223;FGSG_13136,1,uncharacterized protein,GO:0003934;GO:0005634;GO:0005737;GO:0046654,8.739221860183715,20,-0.718385908413056,1.3228089171301498e-11,0,0.688128772635815
FGSG_00969,28,0.494000612975307,12.2493659313229,FGSG_00743;FGSG_00765;FGSG_01422;FGSG_02030;FGSG_02271;FGSG_02272;FGSG_02461;FGSG_03061;FGSG_03894;FGSG_04309;FGSG_04458;FGSG_04588;FGSG_04589;FGSG_04590;FGSG_04593;FGSG_05368;FGSG_05610;FGSG_07075;FGSG_07528;FGSG_08712;FGSG_08774;FGSG_09012;FGSG_09456;FGSG_09834;FGSG_10347;FGSG_11206;FGSG_12180;FGSG_13136,1,bifunctional purine biosynthesis protein ADE17,GO:0003937;GO:0004643;GO:0005829;GO:0006189,8.733045638191783,20,-0.872074088648983,9.599477117719681e-23,0,0.6879275653923541
FGSG_00221,11,0.45245934555076417,4.677447276938181,FGSG_00007;FGSG_01866;FGSG_02321;FGSG_02326;FGSG_02327;FGSG_02328;FGSG_02329;FGSG_03842;FGSG_03881;FGSG_08083;FGSG_13952,2,uncharacterized protein,,3.0113816830916385,7,1.52475400045832,3.68077171359901e-05,1,0.6871227364185111
FGSG_00447,11,0.456848316616875,4.712327159943199,FGSG_01422;FGSG_02271;FGSG_02272;FGSG_02461;FGSG_03061;FGSG_03894;FGSG_05610;FGSG_07075;FGSG_09012;FGSG_09456;FGSG_09834,1,uncharacterized protein,GO:0003998,3.8500057461627923,9,-1.00615249994465,1.92726323177868e-08,1,0.6868544600938967
FGSG_10656,7,0.43169018172595136,2.923956453291783,FGSG_02324;FGSG_02325;FGSG_02326;FGSG_02327;FGSG_02328;FGSG_03842;FGSG_13952,2,uncharacterized protein,,2.923956453291783,7,1.82748173189831,1.17636231890156e-38,1,0.6865861837692824
FGSG_13510,8,0.4407572099089795,3.402448756277666,FGSG_02321;FGSG_02324;FGSG_02325;FGSG_02326;FGSG_02327;FGSG_02328;FGSG_02329;FGSG_11326,2,uncharacterized protein,,2.9989393940653715,7,1.56143818551612,0.0076239922758452,1,0.6863849765258216
FGSG_01424,25,0.46580239171708687,10.710801805843133,FGSG_00330;FGSG_00743;FGSG_01422;FGSG_02272;FGSG_02461;FGSG_02554;FGSG_03061;FGSG_03340;FGSG_03546;FGSG_03548;FGSG_03894;FGSG_04458;FGSG_04490;FGSG_04589;FGSG_04590;FGSG_04596;FGSG_05610;FGSG_08601;FGSG_08712;FGSG_08774;FGSG_09012;FGSG_09826;FGSG_09834;FGSG_10347;FGSG_12180,1,uncharacterized protein,GO:0000166;GO:0000176;GO:0001068;GO:0019904;GO:0030847;GO:0031124;GO:0031126;GO:0034472;GO:0035649;GO:0042780;GO:0071028;GO:0071034;GO:0071041,8.608586607390436,20,-0.572704437701582,1.16770005106619e-07,0,0.686317907444668
FGSG_08337,29,0.4929916291763993,12.426129859422792,FGSG_00330;FGSG_00743;FGSG_00765;FGSG_01422;FGSG_02030;FGSG_02272;FGSG_02461;FGSG_02554;FGSG_02972;FGSG_03061;FGSG_03340;FGSG_03747;FGSG_03894;FGSG_04458;FGSG_04589;FGSG_04590;FGSG_04593;FGSG_05610;FGSG_08601;FGSG_08712;FGSG_08774;FGSG_09012;FGSG_09826;FGSG_10347;FGSG_10444;FGSG_10922;FGSG_10947;FGSG_12180;FGSG_12223,1,uncharacterized protein,,8.600759663240353,20,-0.808898756076225,1.2027068226004001e-21,0,0.6861167002012073
FGSG_00731,28,0.4979698727026886,12.045356801371572,FGSG_00743;FGSG_00765;FGSG_01422;FGSG_02030;FGSG_02271;FGSG_02272;FGSG_02461;FGSG_03061;FGSG_03894;FGSG_04458;FGSG_04588;FGSG_04589;FGSG_04590;FGSG_04593;FGSG_05368;FGSG_05610;FGSG_07075;FGSG_07528;FGSG_08712;FGSG_08774;FGSG_09012;FGSG_09456;FGSG_09834;FGSG_10347;FGSG_10947;FGSG_11206;FGSG_12180;FGSG_13136,1,uncharacterized protein,GO:0016021,8.59511381856674,20,-0.619842181051057,4.5740110065487e-12,0,0.6859154929577465
FGSG_03319,9,0.4453854797645068,3.8063296405555294,FGSG_02323;FGSG_02324;FGSG_02325;FGSG_02326;FGSG_02327;FGSG_02328;FGSG_02329;FGSG_02903;FGSG_11326,2,uncharacterized protein,GO:0005524;GO:0051301,3.399930150186768,8,1.24398434467244,3.34627235094932e-22,1,0.6859154929577465
FGSG_02875,18,0.44767357383287054,7.542756080663371,FGSG_00007;FGSG_01866;FGSG_02321;FGSG_02326;FGSG_02327;FGSG_02328;FGSG_02329;FGSG_03532;FGSG_03539;FGSG_03541;FGSG_03543;FGSG_03881;FGSG_08081;FGSG_08083;FGSG_08084;FGSG_09064;FGSG_09187;FGSG_13952,2,uncharacterized protein,,3.002905675335302,7,1.52138326273047,8.28049162366745e-17,1,0.6853118712273643
FGSG_06792,26,0.48590416748587234,11.083299296394312,FGSG_00330;FGSG_00743;FGSG_01422;FGSG_02272;FGSG_02461;FGSG_02554;FGSG_03061;FGSG_03340;FGSG_03546;FGSG_03548;FGSG_03894;FGSG_04458;FGSG_04589;FGSG_04593;FGSG_05610;FGSG_08601;FGSG_08712;FGSG_08774;FGSG_09012;FGSG_09826;FGSG_09834;FGSG_10347;FGSG_10922;FGSG_10947;FGSG_12180;FGSG_12223,1,uncharacterized protein,GO:0004197;GO:0006508,8.544548218574679,20,-0.884788471377649,3.25214937812465e-10,0,0.6853118712273641
FGSG_12536,29,0.47422704377265096,12.761391924832331,FGSG_00007;FGSG_01866;FGSG_02255;FGSG_02321;FGSG_02323;FGSG_02324;FGSG_02325;FGSG_02326;FGSG_02327;FGSG_02328;FGSG_02329;FGSG_02840;FGSG_02903;FGSG_03539;FGSG_03541;FGSG_03599;FGSG_03600;FGSG_03842;FGSG_03881;FGSG_05919;FGSG_08081;FGSG_08082;FGSG_08083;FGSG_08795;FGSG_09187;FGSG_10670;FGSG_11184;FGSG_11326;FGSG_13952,2,uncharacterized protein,,8.517326186443924,19,0.859621078220055,2.32505840316061e-16,0,0.6851106639839034
FGSG_03813,7,0.4386156558998718,3.0267777588546805,FGSG_02324;FGSG_02325;FGSG_02326;FGSG_02327;FGSG_02328;FGSG_02329;FGSG_11326,2,alpha-N-arabinofuranosidase precursor,GO:0031221;GO:0046373;GO:0046556,3.0267777588546805,7,1.45807511981807,5.37332712108155e-08,1,0.6834339369550637
FGSG_10490,8,0.4193094651413478,3.287343573792309,FGSG_02324;FGSG_02325;FGSG_02326;FGSG_02327;FGSG_02328;FGSG_02329;FGSG_02903;FGSG_11326,2,uncharacterized protein,GO:0016021,3.287343573792309,8,1.32508960511845,4.72706200650593e-12,1,0.6832997987927566
FGSG_11176,7,0.4316521697457862,2.879016767577681,FGSG_02324;FGSG_02325;FGSG_02326;FGSG_02327;FGSG_02328;FGSG_03842;FGSG_11326,2,uncharacterized protein,,2.879016767577681,7,1.87141577889537,0.0001850375395144,1,0.6826961770623743
FGSG_03466,24,0.47256002527415236,10.5035841480496,FGSG_01866;FGSG_02321;FGSG_02323;FGSG_02324;FGSG_02325;FGSG_02326;FGSG_02327;FGSG_02328;FGSG_02329;FGSG_02840;FGSG_02903;FGSG_03541;FGSG_03599;FGSG_03600;FGSG_03842;FGSG_05919;FGSG_08082;FGSG_08083;FGSG_08795;FGSG_09187;FGSG_10670;FGSG_11184;FGSG_11326;FGSG_13952,2,uncharacterized protein,,8.409933246291695,19,0.836395131422978,3.68448592546081e-43,0,0.6826961770623743
FGSG_02600,22,0.4770813711451616,9.668414667708479,FGSG_00330;FGSG_00743;FGSG_01422;FGSG_02271;FGSG_02272;FGSG_02461;FGSG_03061;FGSG_03546;FGSG_03548;FGSG_03894;FGSG_03992;FGSG_04458;FGSG_04590;FGSG_05610;FGSG_07075;FGSG_08601;FGSG_08712;FGSG_09012;FGSG_09280;FGSG_09456;FGSG_09834;FGSG_10347,1,"1,2-dihydroxy-3-keto-5-methylthiopentene dioxygenase",GO:0005506;GO:0005634;GO:0005737;GO:0010308;GO:0010309;GO:0019509;GO:0055114,8.39866303453602,19,-0.521672953006513,1.2638473425899301e-14,0,0.6822937625754527
FGSG_12105,29,0.46914132761957045,12.678298663511965,FGSG_00007;FGSG_01866;FGSG_02255;FGSG_02321;FGSG_02323;FGSG_02324;FGSG_02325;FGSG_02326;FGSG_02327;FGSG_02328;FGSG_02329;FGSG_02840;FGSG_02903;FGSG_03539;FGSG_03541;FGSG_03599;FGSG_03600;FGSG_03842;FGSG_03881;FGSG_05919;FGSG_08081;FGSG_08082;FGSG_08083;FGSG_08795;FGSG_09187;FGSG_10670;FGSG_11184;FGSG_11326;FGSG_13952,2,uncharacterized protein,GO:0003885;GO:0016020;GO:0050660;GO:0055114,8.361731564100358,19,0.810851621040326,4.70801941903756e-28,0,0.6816901408450704
FGSG_13361,22,0.4686883670420019,9.649581629849457,FGSG_00330;FGSG_00743;FGSG_01422;FGSG_02272;FGSG_02461;FGSG_03061;FGSG_03546;FGSG_03547;FGSG_03548;FGSG_03894;FGSG_03992;FGSG_04458;FGSG_04589;FGSG_04590;FGSG_05610;FGSG_08601;FGSG_08712;FGSG_09012;FGSG_09456;FGSG_09834;FGSG_10347;FGSG_12180,1,uncharacterized protein,,8.359220873291797,19,-0.742305411163313,0.0003292299171034,0,0.6814889336016097
FGSG_12469,7,0.4253065391805384,2.8898316285127197,FGSG_02271;FGSG_02272;FGSG_03061;FGSG_07075;FGSG_07528;FGSG_09456;FGSG_09834,1,uncharacterized protein,,2.8898316285127197,7,-1.79096960342035,3.58592860405456e-13,1,0.6810865191146882
FGSG_11192,7,0.430710402540985,2.8535564114931957,FGSG_02324;FGSG_02325;FGSG_02326;FGSG_02327;FGSG_03842;FGSG_11326;FGSG_13952,2,uncharacterized protein,GO:0016491;GO:0055114,2.8535564114931957,7,1.86548379443665,7.11823250738265e-05,1,0.6810194500335345
FGSG_02997,9,0.45013025636261655,3.849309059309134,FGSG_02321;FGSG_02324;FGSG_02325;FGSG_02326;FGSG_02327;FGSG_02328;FGSG_02329;FGSG_08083;FGSG_11326,2,uncharacterized protein,GO:0008152;GO:0016787,3.4399452144244926,8,1.13219804228501,0.0026948646660621,1,0.680952380952381
FGSG_09245,22,0.4662398560168868,9.64971927427571,FGSG_00330;FGSG_00743;FGSG_01422;FGSG_02271;FGSG_02272;FGSG_02461;FGSG_03061;FGSG_03546;FGSG_03548;FGSG_03894;FGSG_03992;FGSG_04458;FGSG_04589;FGSG_04590;FGSG_05610;FGSG_07075;FGSG_08601;FGSG_08712;FGSG_09012;FGSG_09456;FGSG_09834;FGSG_10347,1,uncharacterized protein,GO:0016491;GO:0046872;GO:0055114,8.346832206979608,19,-0.913808398518673,4.90400012124297e-08,0,0.6808853118712274
FGSG_05295,9,0.439123470952742,3.75819754843443,FGSG_00330;FGSG_03546;FGSG_03548;FGSG_03992;FGSG_04458;FGSG_08601;FGSG_09456;FGSG_09834;FGSG_10347,1,uncharacterized protein,GO:0006520;GO:0016831;GO:0030170,3.75819754843443,9,-1.03054060909015,0.0002133766335473,1,0.6807511737089202
FGSG_04343,22,0.4815763247364658,9.669638950642446,FGSG_00330;FGSG_00743;FGSG_01422;FGSG_02271;FGSG_02272;FGSG_02461;FGSG_03061;FGSG_03546;FGSG_03548;FGSG_03894;FGSG_03992;FGSG_04458;FGSG_04589;FGSG_04590;FGSG_05610;FGSG_07075;FGSG_08601;FGSG_08712;FGSG_09012;FGSG_09456;FGSG_09834;FGSG_10347,1,"fructose-2,6-bisphosphatase",GO:0003873;GO:0004331;GO:0005524;GO:0006000;GO:0006003;GO:0006006;GO:0016311;GO:0046835,8.326796629105887,19,-0.56191601399978,8.08771887992787e-07,0,0.6804828973843059
FGSG_05567,14,0.4767530453191647,6.089437655125076,FGSG_00743;FGSG_00765;FGSG_01621;FGSG_02271;FGSG_02272;FGSG_02461;FGSG_03061;FGSG_03894;FGSG_04309;FGSG_05610;FGSG_08774;FGSG_09012;FGSG_11206;FGSG_13136,1,uncharacterized protein,GO:0000103;GO:0000776;GO:0000978;GO:0001076;GO:0001077;GO:0001078;GO:0001102;GO:0001103;GO:0005634;GO:0005739;GO:0006021;GO:0006338;GO:0006366;GO:0007059;GO:0009086;GO:0019237;GO:0046983;GO:0061427;GO:0061432;GO:0089713;GO:1900375;GO:1900478,3.11275282037561,7,-1.31887123693875,1.03439052289191e-47,1,0.6800134138162307
FGSG_10200,21,0.48050220888808753,9.125948746652671,FGSG_00330;FGSG_00743;FGSG_01422;FGSG_02272;FGSG_03061;FGSG_03546;FGSG_03547;FGSG_03548;FGSG_03894;FGSG_03992;FGSG_04458;FGSG_04589;FGSG_04590;FGSG_04591;FGSG_05610;FGSG_08601;FGSG_08712;FGSG_09280;FGSG_09456;FGSG_09834;FGSG_10347,1,S-(hydroxymethyl)glutathione dehydrogenase,GO:0000703;GO:0000947;GO:0003677;GO:0004022;GO:0005634;GO:0005739;GO:0005829;GO:0006069;GO:0006285;GO:0008270;GO:0033833;GO:0033859;GO:0046294;GO:0051539;GO:0051903,8.298586790213294,19,-0.529133479980189,7.87285562887225e-19,0,0.6796780684104629
FGSG_04008,8,0.44424448343170864,3.408685725703702,FGSG_02324;FGSG_02326;FGSG_02327;FGSG_02328;FGSG_02329;FGSG_08083;FGSG_11326;FGSG_13952,2,uncharacterized protein,,3.408685725703702,8,1.16615748091163,0.0002265124857107,1,0.679476861167002
FGSG_06652,22,0.4703171837677577,9.604396481728262,FGSG_00330;FGSG_00743;FGSG_01422;FGSG_02271;FGSG_02272;FGSG_02461;FGSG_03061;FGSG_03546;FGSG_03548;FGSG_03894;FGSG_03992;FGSG_04458;FGSG_04589;FGSG_04590;FGSG_05610;FGSG_07075;FGSG_08601;FGSG_08712;FGSG_09012;FGSG_09456;FGSG_09834;FGSG_10347,1,uncharacterized protein,GO:0016021,8.289002959739426,19,-0.37400949415992,0.0014951965737961,0,0.6788732394366197
FGSG_13367,11,0.4525856846435438,4.676127283345628,FGSG_02320;FGSG_02321;FGSG_02323;FGSG_02324;FGSG_02325;FGSG_02326;FGSG_02327;FGSG_02328;FGSG_02329;FGSG_08083;FGSG_11326,2,uncharacterized protein,,3.446712174557577,8,1.10888667617299,9.61691387892145e-20,1,0.6788061703554662
FGSG_02686,9,0.4694996866368025,3.9327690214963105,FGSG_00743;FGSG_00765;FGSG_02272;FGSG_02461;FGSG_03061;FGSG_03894;FGSG_05610;FGSG_08774;FGSG_09012,1,ribonuclease Trv,GO:0003723;GO:0033897;GO:0090502,2.232098001253202,5,-3.16084550983959,0.0003957725192565,1,0.6784708249496982
FGSG_10859,22,0.46059833608791967,9.542304066786155,FGSG_00330;FGSG_00743;FGSG_01422;FGSG_02272;FGSG_02461;FGSG_03061;FGSG_03546;FGSG_03547;FGSG_03548;FGSG_03894;FGSG_03992;FGSG_04458;FGSG_04589;FGSG_04590;FGSG_05610;FGSG_08601;FGSG_08712;FGSG_09012;FGSG_09280;FGSG_09456;FGSG_09834;FGSG_10347,1,uncharacterized protein,GO:0003840;GO:0006749,8.272357432177012,19,-0.415074468242888,0.0001180297698492,0,0.6782696177062374
FGSG_00840,7,0.4405238232064662,2.984510290578827,FGSG_02271;FGSG_02272;FGSG_02461;FGSG_03061;FGSG_03894;FGSG_05610;FGSG_13136,1,uncharacterized protein,GO:0005739;GO:0006066;GO:0009437;GO:0016746,2.544388631019663,6,-2.17655110360143,5.92981371146765e-81,1,0.6772635814889336
FGSG_08831,22,0.464116182475617,9.504217637211722,FGSG_00330;FGSG_00743;FGSG_01422;FGSG_02272;FGSG_02461;FGSG_03061;FGSG_03546;FGSG_03548;FGSG_03894;FGSG_03992;FGSG_04458;FGSG_04589;FGSG_04590;FGSG_04591;FGSG_05610;FGSG_08601;FGSG_08712;FGSG_09012;FGSG_09280;FGSG_09456;FGSG_09834;FGSG_10347,1,uncharacterized protein,GO:0003677;GO:0005634;GO:0006351;GO:0008270;GO:0016021,8.250373703591203,19,-0.703621963286026,0.0016877160542865,0,0.6770623742454729
FGSG_05012,23,0.48280283320242623,9.951010888181587,FGSG_00330;FGSG_00743;FGSG_01422;FGSG_02271;FGSG_02272;FGSG_02461;FGSG_03061;FGSG_03295;FGSG_03546;FGSG_03548;FGSG_03894;FGSG_03992;FGSG_04458;FGSG_04590;FGSG_05610;FGSG_07075;FGSG_07528;FGSG_08712;FGSG_09012;FGSG_09456;FGSG_09834;FGSG_10347;FGSG_13136,1,uncharacterized protein,GO:0000049;GO:0004812;GO:0006418;GO:0008047;GO:0016740;GO:0017102;GO:0032266;GO:0051351;GO:0080025,8.244893483186434,19,-0.902103427059936,1.92947978488574e-17,0,0.6766599597585513
FGSG_10856,22,0.4754246356693501,9.527592815919009,FGSG_00330;FGSG_01422;FGSG_02271;FGSG_02272;FGSG_02461;FGSG_03061;FGSG_03295;FGSG_03546;FGSG_03548;FGSG_03894;FGSG_03992;FGSG_04458;FGSG_04590;FGSG_05610;FGSG_07075;FGSG_07528;FGSG_08601;FGSG_08712;FGSG_09012;FGSG_09456;FGSG_09834;FGSG_10347,1,uncharacterized protein,GO:0000147;GO:0005524;GO:0005829;GO:0005885;GO:0030041;GO:0030479;GO:0032153;GO:0034314;GO:0051285;GO:0051666;GO:1903475,8.239549439111713,19,-0.518570573171671,5.00544715272923e-12,0,0.6764587525150906
FGSG_09927,22,0.471280378728429,9.523236910131581,FGSG_00330;FGSG_00743;FGSG_01422;FGSG_02271;FGSG_02272;FGSG_02461;FGSG_03061;FGSG_03546;FGSG_03548;FGSG_03894;FGSG_03992;FGSG_04458;FGSG_04590;FGSG_05610;FGSG_07075;FGSG_07528;FGSG_08601;FGSG_08712;FGSG_09012;FGSG_09456;FGSG_09834;FGSG_10347,1,import receptor,GO:0005741;GO:0006886;GO:0015450;GO:0016021;GO:0071806,8.235825175640763,19,-0.453189123748465,2.7038022145790103e-09,0,0.6762575452716298
FGSG_05805,8,0.4657011405090192,3.5018491367716673,FGSG_00743;FGSG_02272;FGSG_02461;FGSG_03061;FGSG_03894;FGSG_05610;FGSG_08774;FGSG_13136,1,cyanide hydratase,GO:0006807;GO:0016810;GO:0030196,2.2367571587790227,5,-2.93444466259527,0.0092901247926228,1,0.6762575452716297
FGSG_07135,22,0.4620230925609498,9.479997243191523,FGSG_00330;FGSG_00743;FGSG_01422;FGSG_02272;FGSG_02461;FGSG_03061;FGSG_03546;FGSG_03547;FGSG_03548;FGSG_03894;FGSG_03992;FGSG_04458;FGSG_04589;FGSG_04590;FGSG_05610;FGSG_08601;FGSG_08712;FGSG_09012;FGSG_09280;FGSG_09456;FGSG_09834;FGSG_10347,1,uncharacterized protein,GO:0004061;GO:0019441;GO:0034354,8.234298057557691,19,-0.661342157018679,3.53944795304305e-10,0,0.676056338028169
FGSG_05162,21,0.47334943689535613,9.051711244366947,FGSG_00330;FGSG_00743;FGSG_01422;FGSG_02272;FGSG_03061;FGSG_03546;FGSG_03547;FGSG_03548;FGSG_03894;FGSG_03992;FGSG_04458;FGSG_04589;FGSG_04590;FGSG_04591;FGSG_05610;FGSG_08601;FGSG_08712;FGSG_09280;FGSG_09456;FGSG_09834;FGSG_10347,1,uncharacterized protein,GO:0000329;GO:0000422;GO:0004724;GO:0005743;GO:0005758;GO:0005759;GO:0006470;GO:0016236;GO:0032872;GO:0043085;GO:0046872;GO:0061191;GO:1901098;GO:1903715,8.232812260762417,19,-0.478633890851881,0.0002432135413786,0,0.6758551307847083
FGSG_12631,15,0.4314381278240944,6.210672024476423,FGSG_01866;FGSG_02320;FGSG_02321;FGSG_02326;FGSG_02327;FGSG_02328;FGSG_02329;FGSG_03532;FGSG_03543;FGSG_03881;FGSG_08078;FGSG_08083;FGSG_09064;FGSG_11326;FGSG_12211,2,uncharacterized protein,GO:0000981;GO:0003677;GO:0005634;GO:0006351;GO:0006357;GO:0008270,2.922139818294689,7,1.62426408854549,2.01507774006586e-14,1,0.6757880617035548
FGSG_11825,21,0.46881644840178077,9.049615887925103,FGSG_00330;FGSG_00743;FGSG_01422;FGSG_02272;FGSG_03061;FGSG_03546;FGSG_03547;FGSG_03548;FGSG_03894;FGSG_03992;FGSG_04458;FGSG_04589;FGSG_04590;FGSG_04591;FGSG_05610;FGSG_08601;FGSG_08712;FGSG_09280;FGSG_09456;FGSG_09834;FGSG_10347,1,uncharacterized protein,,8.231147461029229,19,-0.32548535828569,1.41394603307088e-05,0,0.6756539235412474
FGSG_11168,21,0.4738265709956794,9.052555837113502,FGSG_00330;FGSG_00743;FGSG_01422;FGSG_02272;FGSG_03061;FGSG_03546;FGSG_03547;FGSG_03548;FGSG_03894;FGSG_03992;FGSG_04458;FGSG_04589;FGSG_04591;FGSG_05610;FGSG_08601;FGSG_08712;FGSG_09012;FGSG_09280;FGSG_09456;FGSG_09834;FGSG_10347,1,uncharacterized protein,,8.219161468367215,19,-0.573766692890799,5.7116047275506e-07,0,0.6754527162977868
FGSG_00996,21,0.46400284375763917,9.034912362840434,FGSG_00330;FGSG_00743;FGSG_01422;FGSG_02272;FGSG_03061;FGSG_03546;FGSG_03547;FGSG_03548;FGSG_03894;FGSG_03992;FGSG_04458;FGSG_04589;FGSG_04590;FGSG_04591;FGSG_05610;FGSG_08601;FGSG_08712;FGSG_09280;FGSG_09456;FGSG_09834;FGSG_10347,1,uncharacterized protein,GO:0000147;GO:0003779;GO:0005634;GO:0005829;GO:0030479;GO:0031097;GO:0035840;GO:0045010;GO:0051127,8.205218685507198,19,-0.528588674594176,6.01291460249188e-06,0,0.675251509054326
FGSG_02698,28,0.48786997113399305,12.006954082460158,FGSG_00330;FGSG_00743;FGSG_01422;FGSG_02030;FGSG_02272;FGSG_02461;FGSG_02554;FGSG_02972;FGSG_03061;FGSG_03340;FGSG_03747;FGSG_03894;FGSG_04458;FGSG_04589;FGSG_04593;FGSG_05610;FGSG_08493;FGSG_08601;FGSG_08712;FGSG_08774;FGSG_09012;FGSG_09826;FGSG_10347;FGSG_10444;FGSG_10922;FGSG_10947;FGSG_12180;FGSG_12223,1,uncharacterized protein,GO:0016020;GO:0016740,8.196790516857972,19,-0.992227611188143,3.9637083283017198e-28,0,0.6750503018108652
FGSG_06473,26,0.4798279969437853,11.21856079704238,FGSG_00743;FGSG_01422;FGSG_02030;FGSG_02271;FGSG_02272;FGSG_02461;FGSG_02782;FGSG_03061;FGSG_03295;FGSG_03548;FGSG_03894;FGSG_03992;FGSG_04458;FGSG_04588;FGSG_04590;FGSG_05610;FGSG_06506;FGSG_07075;FGSG_07528;FGSG_08712;FGSG_08774;FGSG_09012;FGSG_09456;FGSG_09834;FGSG_10347;FGSG_13136,1,uncharacterized protein,GO:0003333;GO:0015171;GO:0016021,8.194440287644849,19,-0.92954168050782,5.65111266207953e-17,0,0.6748490945674044
FGSG_03651,8,0.4208620783965222,3.271087680331581,FGSG_02324;FGSG_02325;FGSG_02326;FGSG_02327;FGSG_02328;FGSG_02329;FGSG_02903;FGSG_11326,2,uncharacterized protein,GO:0003824;GO:0050662,3.271087680331581,8,1.24718768706066,6.45998294436444e-07,1,0.6745808182427901
FGSG_09984,20,0.45817435804684686,8.472475996640126,FGSG_00330;FGSG_01422;FGSG_02272;FGSG_03061;FGSG_03546;FGSG_03547;FGSG_03548;FGSG_03894;FGSG_03992;FGSG_04458;FGSG_04589;FGSG_04591;FGSG_05610;FGSG_08601;FGSG_08712;FGSG_09012;FGSG_09280;FGSG_09456;FGSG_09834;FGSG_10347,1,imidazole glycerol phosphate synthase hisHF,GO:0000105;GO:0000107;GO:0004359;GO:0005634;GO:0005829;GO:0016833,8.06196018842678,19,-0.452503042925616,0.0003940055361481,0,0.6742454728370222
FGSG_09998,21,0.47120760347627777,9.374759622016011,FGSG_00330;FGSG_00743;FGSG_01422;FGSG_02272;FGSG_02461;FGSG_03061;FGSG_03546;FGSG_03548;FGSG_03894;FGSG_03992;FGSG_04458;FGSG_04589;FGSG_04590;FGSG_04591;FGSG_05610;FGSG_08601;FGSG_08712;FGSG_09012;FGSG_09456;FGSG_09834;FGSG_10347,1,transketolase 1,GO:0004802;GO:0005634;GO:0005829;GO:0008152;GO:0046872,8.057577738461791,18,-0.762394437644941,2.30147902776876e-15,0,0.6738430583501006
FGSG_07101,21,0.47614835019363533,9.333067512175159,FGSG_00330;FGSG_00743;FGSG_01422;FGSG_02271;FGSG_02272;FGSG_02461;FGSG_03061;FGSG_03546;FGSG_03548;FGSG_03894;FGSG_03992;FGSG_04458;FGSG_04590;FGSG_05610;FGSG_07075;FGSG_08601;FGSG_08712;FGSG_09012;FGSG_09456;FGSG_09834;FGSG_10347,1,translation initiation factor RLI1,GO:0000054;GO:0003743;GO:0005506;GO:0005524;GO:0005634;GO:0006413;GO:0006415;GO:0016887;GO:0022626;GO:0032790;GO:0034599;GO:0042273,8.009439733877196,18,-0.440596927992692,1.91964173323518e-07,0,0.6736418511066399
FGSG_08336,13,0.49488508497598954,5.686816923760538,FGSG_00743;FGSG_00765;FGSG_02272;FGSG_02461;FGSG_03061;FGSG_03894;FGSG_05368;FGSG_05610;FGSG_08493;FGSG_08774;FGSG_09012;FGSG_10922;FGSG_12180,1,uncharacterized protein,GO:0016021,3.520491931045023,8,-1.02463634311413,6.64278241091276e-12,1,0.6735747820254863
FGSG_08329,21,0.47310880764212665,9.26702675363561,FGSG_00330;FGSG_00743;FGSG_01422;FGSG_02271;FGSG_02272;FGSG_02461;FGSG_03061;FGSG_03546;FGSG_03548;FGSG_03894;FGSG_03992;FGSG_04458;FGSG_04590;FGSG_05610;FGSG_07075;FGSG_08601;FGSG_08712;FGSG_09012;FGSG_09456;FGSG_09834;FGSG_10347,1,uncharacterized protein,GO:0004077;GO:0005634;GO:0009305;GO:0071734,7.951236422455263,18,-0.876774305636849,3.74236686555914e-09,0,0.6732394366197183
FGSG_06400,10,0.452749708472098,4.367751072510705,FGSG_02321;FGSG_02323;FGSG_02324;FGSG_02325;FGSG_02326;FGSG_02327;FGSG_02328;FGSG_02329;FGSG_02903;FGSG_11326,2,uncharacterized protein,GO:0003963;GO:0006396,3.549188486004294,8,1.01107773189804,7.816881896601509e-11,1,0.6728370221327968
FGSG_05221,21,0.46563950728180514,9.220202513336142,FGSG_00330;FGSG_00743;FGSG_01422;FGSG_02272;FGSG_02461;FGSG_03061;FGSG_03546;FGSG_03548;FGSG_03894;FGSG_03992;FGSG_04458;FGSG_04589;FGSG_04590;FGSG_04591;FGSG_05610;FGSG_08601;FGSG_08712;FGSG_09280;FGSG_09456;FGSG_09834;FGSG_10347,1,phosphoserine aminotransferase,GO:0004648;GO:0005829;GO:0006564;GO:0009113,7.943433374605652,18,-0.470057903125861,0.0002828047900685,0,0.6728370221327968
FGSG_10746,21,0.46625970243326853,9.2562486921045,FGSG_00330;FGSG_00743;FGSG_01422;FGSG_02272;FGSG_02461;FGSG_03061;FGSG_03546;FGSG_03548;FGSG_03894;FGSG_03992;FGSG_04458;FGSG_04589;FGSG_04590;FGSG_05610;FGSG_08601;FGSG_08712;FGSG_09012;FGSG_09456;FGSG_09834;FGSG_10347;FGSG_12180,1,aspartate aminotransferase,GO:0001300;GO:0001302;GO:0004069;GO:0006532;GO:0019266;GO:0030170;GO:0080130,7.926505706510446,18,-0.811243021168473,3.06054795959586e-13,0,0.6724346076458753
FGSG_04053,21,0.4679282402006257,9.197000557386069,FGSG_00330;FGSG_00743;FGSG_01422;FGSG_02272;FGSG_02461;FGSG_03061;FGSG_03546;FGSG_03548;FGSG_03894;FGSG_03992;FGSG_04458;FGSG_04589;FGSG_04590;FGSG_05610;FGSG_08601;FGSG_08712;FGSG_09012;FGSG_09456;FGSG_09834;FGSG_10347;FGSG_12180,1,uncharacterized protein,GO:0004674;GO:0005524;GO:0018105;GO:0045292;GO:0070317,7.919980108964757,18,-0.352068853321986,0.0001843699774947,0,0.6722334004024145
FGSG_05321,21,0.4928907783806905,9.248172662687445,FGSG_00330;FGSG_00743;FGSG_01422;FGSG_02271;FGSG_02272;FGSG_02461;FGSG_03061;FGSG_03546;FGSG_03548;FGSG_03894;FGSG_03992;FGSG_04458;FGSG_04590;FGSG_05610;FGSG_07075;FGSG_08712;FGSG_09012;FGSG_09456;FGSG_09834;FGSG_10347;FGSG_13136,1,fatty acid synthase subunit alpha reductase,GO:0000287;GO:0004315;GO:0004316;GO:0005739;GO:0005835;GO:0008897;GO:0055114;GO:1900535,7.908466112888765,18,-0.853654014556799,4.67787368823336e-36,0,0.671830985915493
FGSG_11904,10,0.4860987940229977,4.329844410491519,FGSG_00743;FGSG_00765;FGSG_02272;FGSG_02461;FGSG_03061;FGSG_03894;FGSG_05610;FGSG_08774;FGSG_09012;FGSG_10922,1,uncharacterized protein,GO:0004568;GO:0005975;GO:0006032,2.610262752410804,6,-1.76002459368775,1.89522922988973e-07,1,0.6715627095908787
FGSG_10471,6,0.43681266107393885,2.5458132295925195,FGSG_02325;FGSG_02326;FGSG_02327;FGSG_02328;FGSG_02329;FGSG_11326,2,uncharacterized protein,GO:0004386;GO:0005524;GO:0008270,2.5458132295925195,6,1.99027918385173,0.0128029622827017,1,0.6715627095908786
FGSG_07535,21,0.48751225412188254,9.251012147211323,FGSG_00330;FGSG_00743;FGSG_01422;FGSG_02271;FGSG_02272;FGSG_02461;FGSG_03061;FGSG_03546;FGSG_03548;FGSG_03894;FGSG_03992;FGSG_04458;FGSG_04590;FGSG_05610;FGSG_07075;FGSG_08601;FGSG_08712;FGSG_09012;FGSG_09456;FGSG_09834;FGSG_10347,1,uncharacterized protein,GO:0016740,7.903339925211188,18,-0.473707909313262,7.33817681314002e-05,0,0.6714285714285714
FGSG_00490,22,0.4730340094045997,9.645643288880061,FGSG_00330;FGSG_00743;FGSG_01422;FGSG_02272;FGSG_02461;FGSG_03061;FGSG_03546;FGSG_03548;FGSG_03894;FGSG_03992;FGSG_04458;FGSG_04589;FGSG_04590;FGSG_05610;FGSG_08601;FGSG_08712;FGSG_08774;FGSG_09012;FGSG_09456;FGSG_09834;FGSG_10347;FGSG_12180,1,methylmalonate-semialdehyde dehydrogenase,GO:0004491;GO:0055114,7.898220767543726,18,-0.689965624075467,3.80090373615713e-09,0,0.6712273641851108
FGSG_00320,22,0.46232541331865407,9.582765887086536,FGSG_00330;FGSG_00743;FGSG_01422;FGSG_02272;FGSG_02461;FGSG_03061;FGSG_03546;FGSG_03548;FGSG_03894;FGSG_03992;FGSG_04458;FGSG_04590;FGSG_05610;FGSG_05843;FGSG_07075;FGSG_08601;FGSG_08712;FGSG_09012;FGSG_09280;FGSG_09456;FGSG_09834;FGSG_10347,1,uncharacterized protein,GO:0016491;GO:0055114,7.894039710643907,18,-0.546795841764774,4.41343861187714e-08,0,0.6710261569416499
FGSG_00455,23,0.4982232749358376,10.090890253670281,FGSG_00330;FGSG_00743;FGSG_01422;FGSG_02030;FGSG_02271;FGSG_02272;FGSG_02461;FGSG_03061;FGSG_03548;FGSG_03894;FGSG_04458;FGSG_04589;FGSG_04590;FGSG_05610;FGSG_07075;FGSG_08601;FGSG_08712;FGSG_08774;FGSG_09012;FGSG_09456;FGSG_09834;FGSG_10347;FGSG_13136,1,uncharacterized protein,GO:0016021,7.8939153286242565,18,-0.647607557716538,2.67981091944952e-15,0,0.6708249496981892
FGSG_04709,8,0.43021152407332947,3.3429616518114313,FGSG_00330;FGSG_03546;FGSG_03548;FGSG_03992;FGSG_04458;FGSG_08601;FGSG_09834;FGSG_10347,1,uncharacterized protein,GO:0008643;GO:0016021;GO:0055085,3.3429616518114313,8,-1.16781962450864,0.0015303639351087,1,0.6706908115358821
FGSG_06989,9,0.4658892340370458,3.8073454474915125,FGSG_00743;FGSG_02972;FGSG_03747;FGSG_03894;FGSG_05610;FGSG_08493;FGSG_08774;FGSG_10444;FGSG_10922,1,uncharacterized protein,GO:0043531,2.1418592267256424,5,-3.17816686545575,8.18157988974098e-06,1,0.6700871898054996
FGSG_07023,22,0.4749730837992105,9.600591742805301,FGSG_00330;FGSG_00743;FGSG_01422;FGSG_02272;FGSG_02461;FGSG_03061;FGSG_03546;FGSG_03548;FGSG_03894;FGSG_04458;FGSG_04589;FGSG_04590;FGSG_04593;FGSG_05610;FGSG_08601;FGSG_08712;FGSG_08774;FGSG_09012;FGSG_09456;FGSG_09834;FGSG_10347;FGSG_12180,1,uncharacterized protein,GO:0016831;GO:0019752;GO:0030170,7.8691481035925905,18,-0.920505206503768,1.4891767713843e-06,0,0.6700201207243461
FGSG_03012,24,0.4722771345481985,10.361516267956036,FGSG_00007;FGSG_01866;FGSG_02321;FGSG_02323;FGSG_02324;FGSG_02325;FGSG_02326;FGSG_02327;FGSG_02328;FGSG_02329;FGSG_02840;FGSG_02903;FGSG_03599;FGSG_03600;FGSG_03842;FGSG_03881;FGSG_08082;FGSG_08083;FGSG_08795;FGSG_09187;FGSG_10670;FGSG_11184;FGSG_11326;FGSG_13952,2,uncharacterized protein,,7.863586160030383,18,0.647122445544994,1.33182853298767e-07,0,0.6694164989939638
FGSG_04351,22,0.47895080022920533,9.610934372787225,FGSG_00330;FGSG_00743;FGSG_01422;FGSG_02271;FGSG_02272;FGSG_02461;FGSG_03061;FGSG_03546;FGSG_03548;FGSG_03894;FGSG_03992;FGSG_04458;FGSG_04590;FGSG_05610;FGSG_07075;FGSG_08601;FGSG_08712;FGSG_08774;FGSG_09012;FGSG_09456;FGSG_09834;FGSG_10347,1,uncharacterized protein,GO:0043130,7.863359819196028,18,-0.522862196564179,1.22612378533624e-05,0,0.669215291750503
FGSG_06387,20,0.467594954883533,8.718204170229964,FGSG_00330;FGSG_01422;FGSG_02272;FGSG_02461;FGSG_03061;FGSG_03546;FGSG_03548;FGSG_03894;FGSG_03992;FGSG_04458;FGSG_04590;FGSG_05610;FGSG_07075;FGSG_08601;FGSG_08712;FGSG_09012;FGSG_09280;FGSG_09456;FGSG_09834;FGSG_10347,1,uncharacterized protein,GO:0004852;GO:0006783,7.860546207831263,18,-0.809003436741135,2.43259363744846e-10,0,0.6690140845070423
FGSG_01613,29,0.49242807908399017,12.61165365811096,FGSG_00743;FGSG_00765;FGSG_01422;FGSG_01621;FGSG_02030;FGSG_02271;FGSG_02272;FGSG_02461;FGSG_03061;FGSG_03894;FGSG_04309;FGSG_04588;FGSG_04589;FGSG_04590;FGSG_04593;FGSG_05368;FGSG_05610;FGSG_07075;FGSG_07528;FGSG_08493;FGSG_08712;FGSG_08774;FGSG_09012;FGSG_09456;FGSG_10922;FGSG_10947;FGSG_11206;FGSG_12180;FGSG_13136,1,uncharacterized protein,GO:0005622;GO:0006886;GO:0008270;GO:0016192,7.8550839192059545,18,-0.892670760637408,5.33884840539603e-23,0,0.6688128772635815
FGSG_12600,8,0.4357922642481795,3.4273179911759213,FGSG_02324;FGSG_02325;FGSG_02326;FGSG_02327;FGSG_02328;FGSG_02329;FGSG_02903;FGSG_11326,2,uncharacterized protein,GO:0003676;GO:0005524,3.4273179911759213,8,1.05142878739985,6.738129182812261e-24,1,0.668745808182428
FGSG_12321,9,0.48158125279563657,3.9774567213234313,FGSG_00743;FGSG_00765;FGSG_02272;FGSG_02461;FGSG_03061;FGSG_03894;FGSG_05610;FGSG_08774;FGSG_13136,1,uncharacterized protein,GO:0016021;GO:0016757,2.2502457680703456,5,-2.48321190168486,6.67241154415494e-26,1,0.6687458081824279
FGSG_10239,21,0.4820738473028524,9.142005331401336,FGSG_00330;FGSG_00743;FGSG_01422;FGSG_02271;FGSG_02272;FGSG_02461;FGSG_03061;FGSG_03546;FGSG_03548;FGSG_03894;FGSG_03992;FGSG_04458;FGSG_04590;FGSG_05610;FGSG_07075;FGSG_07528;FGSG_08712;FGSG_09012;FGSG_09456;FGSG_09834;FGSG_10347,1,uncharacterized protein,GO:0004722;GO:0006470;GO:0046872,7.835586114236504,18,-0.547044939237151,1.71829663140289e-20,0,0.6680080482897384
FGSG_00573,22,0.48662986597497676,9.550212166195525,FGSG_00330;FGSG_00743;FGSG_01422;FGSG_02271;FGSG_02272;FGSG_02461;FGSG_03061;FGSG_03295;FGSG_03546;FGSG_03548;FGSG_03894;FGSG_03992;FGSG_04458;FGSG_04590;FGSG_05610;FGSG_07075;FGSG_07528;FGSG_08712;FGSG_09012;FGSG_09456;FGSG_09834;FGSG_10347,1,uncharacterized protein,GO:0000981;GO:0003677;GO:0005634;GO:0006351;GO:0006357;GO:0008270,7.8266421402385875,18,-0.65641324647664,2.35773794108304e-13,0,0.6674044265593562
FGSG_03928,9,0.4380303743643354,3.739482540718851,FGSG_02272;FGSG_02461;FGSG_03061;FGSG_03548;FGSG_05610;FGSG_07075;FGSG_09012;FGSG_09456;FGSG_09834,1,uncharacterized protein,,3.319974813687657,8,-1.1432611999101,5.58534248051377e-06,1,0.6672032193158954
FGSG_05198,19,0.4718223870523874,8.237575036856938,FGSG_00330;FGSG_01422;FGSG_02272;FGSG_03061;FGSG_03546;FGSG_03547;FGSG_03548;FGSG_03992;FGSG_04458;FGSG_04590;FGSG_04591;FGSG_05610;FGSG_07075;FGSG_08601;FGSG_08712;FGSG_09280;FGSG_09456;FGSG_09834;FGSG_10347,1,NADH-quinone oxidoreductase chain 3,GO:0008137;GO:0009055;GO:0016020;GO:0042773;GO:0051536,7.818051564402094,18,-0.422235299315294,1.64104611127733e-08,0,0.6672032193158953
FGSG_06180,21,0.48465947655798436,9.154706060579294,FGSG_00330;FGSG_00743;FGSG_01422;FGSG_02271;FGSG_02272;FGSG_02461;FGSG_03061;FGSG_03546;FGSG_03548;FGSG_03894;FGSG_03992;FGSG_04458;FGSG_04590;FGSG_05610;FGSG_07075;FGSG_08601;FGSG_08712;FGSG_09012;FGSG_09456;FGSG_09834;FGSG_10347,1,uncharacterized protein,,7.8118160830161765,18,-0.353016755170621,0.0028293270666245,0,0.6668008048289739
FGSG_06336,6,0.43722550768696794,2.544352845737495,FGSG_02326;FGSG_02327;FGSG_02328;FGSG_02329;FGSG_08083;FGSG_11326,2,uncharacterized protein,GO:0016021;GO:0055085,2.544352845737495,6,1.83464979431341,3.40950379987825e-07,1,0.6667337357478202
FGSG_10211,28,0.4997759930345201,12.087293362881603,FGSG_00743;FGSG_00765;FGSG_01422;FGSG_02030;FGSG_02272;FGSG_02461;FGSG_02972;FGSG_03061;FGSG_03747;FGSG_03894;FGSG_04588;FGSG_04589;FGSG_04590;FGSG_04593;FGSG_05368;FGSG_05610;FGSG_08493;FGSG_08712;FGSG_08774;FGSG_09012;FGSG_10347;FGSG_10444;FGSG_10922;FGSG_10947;FGSG_11206;FGSG_12180;FGSG_12223;FGSG_13136,1,homoserine kinase,GO:0004413;GO:0005524;GO:0009088;GO:0009092;GO:0016310,7.798680831004269,18,-0.99631098847889,1.10422879764033e-17,0,0.6661971830985915
FGSG_04413,28,0.4968982630710582,12.113436976116978,FGSG_00743;FGSG_00765;FGSG_01422;FGSG_01621;FGSG_02030;FGSG_02271;FGSG_02272;FGSG_02461;FGSG_03061;FGSG_03747;FGSG_03894;FGSG_04588;FGSG_04589;FGSG_04590;FGSG_04593;FGSG_05368;FGSG_05610;FGSG_08493;FGSG_08712;FGSG_08774;FGSG_09012;FGSG_10444;FGSG_10922;FGSG_10947;FGSG_11206;FGSG_12180;FGSG_12223;FGSG_13136,1,uncharacterized protein,GO:0006665;GO:0008117;GO:0009267;GO:0016831;GO:0019722;GO:0019752;GO:0030170;GO:0032541;GO:0097038,7.795374813454569,18,-0.983448851237957,2.27301307010853e-19,0,0.6659959758551308
FGSG_07300,21,0.46607180025148803,9.063281146955994,FGSG_00330;FGSG_01422;FGSG_02271;FGSG_02272;FGSG_02461;FGSG_03061;FGSG_03295;FGSG_03546;FGSG_03548;FGSG_03992;FGSG_04458;FGSG_04590;FGSG_05610;FGSG_07075;FGSG_07528;FGSG_08601;FGSG_08712;FGSG_09280;FGSG_09456;FGSG_09834;FGSG_10347,1,uncharacterized protein,,7.787553762600394,18,-0.941199787563077,3.2884640762474296e-11,0,0.6657947686116701
FGSG_02787,20,0.4630265718625649,8.603416068129507,FGSG_00330;FGSG_01422;FGSG_02272;FGSG_02461;FGSG_03061;FGSG_03546;FGSG_03548;FGSG_03894;FGSG_03992;FGSG_04458;FGSG_04590;FGSG_05610;FGSG_07075;FGSG_08601;FGSG_08712;FGSG_09012;FGSG_09280;FGSG_09456;FGSG_09834;FGSG_10347,1,uncharacterized protein,GO:0000981;GO:0003677;GO:0005634;GO:0006351;GO:0006357;GO:0008270;GO:0016021,7.758765929970558,18,-0.735674084882479,3.8837201973982303e-10,0,0.6649899396378269
FGSG_12418,7,0.4460845728220795,3.007262545014064,FGSG_02271;FGSG_02272;FGSG_02461;FGSG_03061;FGSG_05610;FGSG_07075;FGSG_13136,1,uncharacterized protein,,2.5694927104003837,6,-1.7196908628037,2.22339280509893e-100,1,0.6648558014755198
FGSG_13640,20,0.4714904100247179,8.559894079526792,FGSG_00330;FGSG_00743;FGSG_01422;FGSG_02272;FGSG_03061;FGSG_03546;FGSG_03547;FGSG_03548;FGSG_03894;FGSG_03992;FGSG_04458;FGSG_04589;FGSG_04591;FGSG_05610;FGSG_08601;FGSG_08712;FGSG_09280;FGSG_09456;FGSG_09834;FGSG_10347,1,uncharacterized protein,GO:0005096;GO:0016021;GO:0035556;GO:0043547;GO:0055085;GO:0097042;GO:1990130;GO:2000785,7.738316190908636,18,-0.414252197697809,0.0002279210027588,0,0.6645875251509055
FGSG_09970,22,0.47883321470383794,9.44427673939191,FGSG_00330;FGSG_00743;FGSG_01422;FGSG_02272;FGSG_02461;FGSG_03061;FGSG_03340;FGSG_03546;FGSG_03548;FGSG_03894;FGSG_04458;FGSG_04589;FGSG_05610;FGSG_08601;FGSG_08712;FGSG_08774;FGSG_09012;FGSG_09834;FGSG_10347;FGSG_10922;FGSG_12180;FGSG_12223,1,uncharacterized protein,GO:0005739;GO:0016021;GO:0016740;GO:0017196,7.735408674146502,18,-0.884995872621206,1.67751011334078e-16,0,0.6641851106639839
FGSG_03127,26,0.4944048655965593,11.096342554926782,FGSG_00330;FGSG_00743;FGSG_01422;FGSG_02030;FGSG_02272;FGSG_02461;FGSG_02554;FGSG_02972;FGSG_03061;FGSG_03340;FGSG_03548;FGSG_03894;FGSG_04458;FGSG_04589;FGSG_04593;FGSG_05610;FGSG_08601;FGSG_08712;FGSG_08774;FGSG_09012;FGSG_09826;FGSG_10347;FGSG_10922;FGSG_10947;FGSG_12180;FGSG_12223,1,uncharacterized protein,GO:0005975;GO:0016311;GO:0042132,7.7231367563445295,18,-0.808163926018614,3.9356247322281e-13,0,0.6639839034205232
FGSG_03071,6,0.45297134860263133,2.644233863109395,FGSG_02272;FGSG_02461;FGSG_03061;FGSG_03894;FGSG_05610;FGSG_13136,1,uncharacterized protein,GO:0016491;GO:0055114,2.1944424321632336,5,-2.44278801148674,3.78689703779678e-61,1,0.6637826961770623
FGSG_00925,20,0.4586872604219464,8.57431538784505,FGSG_00330;FGSG_01422;FGSG_02271;FGSG_02272;FGSG_02461;FGSG_03061;FGSG_03546;FGSG_03548;FGSG_03894;FGSG_03992;FGSG_04458;FGSG_04590;FGSG_05610;FGSG_07075;FGSG_08601;FGSG_08712;FGSG_09012;FGSG_09456;FGSG_09834;FGSG_10347,1,uncharacterized protein,GO:0004180;GO:0006508;GO:0016021,7.716462124716801,18,-0.556622694377967,1.15235669411062e-08,0,0.6637826961770623
FGSG_11900,22,0.45487824619738215,9.173935726238714,FGSG_00007;FGSG_01866;FGSG_02326;FGSG_02327;FGSG_02328;FGSG_02329;FGSG_03532;FGSG_03534;FGSG_03535;FGSG_03537;FGSG_03539;FGSG_03541;FGSG_03543;FGSG_03842;FGSG_03881;FGSG_06039;FGSG_07896;FGSG_08079;FGSG_08081;FGSG_08083;FGSG_08084;FGSG_13952,2,uncharacterized protein,,2.929588375251108,7,1.41695637466774,6.2641112303314e-75,1,0.6633132126089872
FGSG_13638,21,0.4761025980086146,9.414865502086531,FGSG_00330;FGSG_00743;FGSG_01422;FGSG_02272;FGSG_02461;FGSG_03061;FGSG_03546;FGSG_03548;FGSG_03894;FGSG_03992;FGSG_04458;FGSG_04589;FGSG_04590;FGSG_05610;FGSG_08601;FGSG_08712;FGSG_08774;FGSG_09012;FGSG_09456;FGSG_09834;FGSG_10347,1,uncharacterized protein,,7.646258845673669,17,-0.711839868582688,2.87812845441777e-06,0,0.6631790744466801
FGSG_12142,10,0.4534770972752223,4.143934506303365,FGSG_00743;FGSG_00765;FGSG_01981;FGSG_03747;FGSG_03894;FGSG_05610;FGSG_08493;FGSG_08774;FGSG_10444;FGSG_10922,1,uncharacterized protein,GO:0004252;GO:0006508,2.1022063035252123,5,-3.56130983099132,1.3588468900023e-45,1,0.6629778672032194
FGSG_05122,21,0.47432098824874636,9.331492396811822,FGSG_00330;FGSG_00743;FGSG_01422;FGSG_02272;FGSG_02461;FGSG_03061;FGSG_03546;FGSG_03548;FGSG_03894;FGSG_03992;FGSG_04458;FGSG_04589;FGSG_04590;FGSG_05610;FGSG_08601;FGSG_08712;FGSG_08774;FGSG_09012;FGSG_09456;FGSG_09834;FGSG_10347,1,uncharacterized protein,GO:0016491;GO:0055114,7.591494437895353,17,-0.967275219968671,4.03162402461715e-05,0,0.6627766599597585
FGSG_13398,21,0.46156660817188366,9.202696429629047,FGSG_00330;FGSG_00743;FGSG_01422;FGSG_02272;FGSG_02461;FGSG_03061;FGSG_03546;FGSG_03548;FGSG_03894;FGSG_03992;FGSG_04458;FGSG_04589;FGSG_04590;FGSG_05610;FGSG_08601;FGSG_08712;FGSG_08774;FGSG_09012;FGSG_09456;FGSG_09834;FGSG_10347,1,3-ketoacyl-CoA thiolase B,GO:0008152;GO:0016747,7.499452500055141,17,-0.9575382511417,2.4123128855302703e-10,0,0.6621730382293762
FGSG_12342,7,0.4375923499212869,2.961511115722062,FGSG_02324;FGSG_02325;FGSG_02326;FGSG_02327;FGSG_02328;FGSG_02329;FGSG_11326,2,uncharacterized protein,GO:0003333;GO:0004497;GO:0005506;GO:0015171;GO:0016021;GO:0016705;GO:0020037;GO:0055114,2.961511115722062,7,1.30787080802046,6.88400022650616e-05,1,0.6616364855801475
FGSG_00425,20,0.4550356348145543,8.766855715618757,FGSG_00330;FGSG_00743;FGSG_01422;FGSG_02272;FGSG_02461;FGSG_03061;FGSG_03546;FGSG_03548;FGSG_03894;FGSG_03992;FGSG_04458;FGSG_04589;FGSG_04590;FGSG_05610;FGSG_08601;FGSG_08712;FGSG_09012;FGSG_09456;FGSG_09834;FGSG_10347,1,uncharacterized protein,GO:0006457;GO:0007021,7.47142516644502,17,-0.520924409066808,4.1817229851596e-06,0,0.6615694164989939
FGSG_02937,8,0.41831484903667354,3.3052699738490596,FGSG_02324;FGSG_02325;FGSG_02326;FGSG_02327;FGSG_02328;FGSG_02329;FGSG_02903;FGSG_11326,2,uncharacterized protein,GO:0016021,3.3052699738490596,8,1.10460819011843,6.580692034463799e-31,1,0.6615023474178404
FGSG_09977,12,0.47445284614299243,5.11464977621865,FGSG_00743;FGSG_00765;FGSG_01621;FGSG_02272;FGSG_02461;FGSG_03061;FGSG_03894;FGSG_05368;FGSG_05610;FGSG_08493;FGSG_08774;FGSG_09012,1,uncharacterized protein,GO:0016021,2.5848787346640485,6,-1.63432609317362,1.4689364944673601e-19,1,0.6613682092555332
FGSG_13580,21,0.4681812938277963,9.200995153052759,FGSG_00330;FGSG_00743;FGSG_01422;FGSG_02272;FGSG_02461;FGSG_03061;FGSG_03546;FGSG_03548;FGSG_03894;FGSG_03992;FGSG_04458;FGSG_04589;FGSG_04590;FGSG_05610;FGSG_08601;FGSG_08712;FGSG_08774;FGSG_09012;FGSG_09456;FGSG_09834;FGSG_10347,1,uncharacterized protein,,7.470654209465115,17,-0.689561585504558,0.0453317448845354,0,0.6613682092555332
FGSG_00589,20,0.45930984553132936,8.728059314206192,FGSG_00330;FGSG_00743;FGSG_01422;FGSG_02272;FGSG_02461;FGSG_03061;FGSG_03546;FGSG_03548;FGSG_03894;FGSG_03992;FGSG_04458;FGSG_04589;FGSG_04590;FGSG_05610;FGSG_08601;FGSG_08712;FGSG_09012;FGSG_09456;FGSG_09834;FGSG_10347,1,ribulose-phosphate 3-epimerase,GO:0004750;GO:0005506;GO:0005975;GO:0006098;GO:0016706;GO:0031418;GO:0055114,7.449986259008989,17,-0.946823695409053,1.1577945496958e-12,0,0.6609657947686117
FGSG_11021,9,0.4336951944932267,3.7461512578143066,FGSG_02320;FGSG_02321;FGSG_02326;FGSG_02327;FGSG_02328;FGSG_02329;FGSG_03574;FGSG_10670;FGSG_11326,2,uncharacterized protein,,2.515353887080727,6,1.84011828522723,8.36975578301558e-61,1,0.6606304493628438
FGSG_05327,21,0.4855458555222948,9.188463718977255,FGSG_00330;FGSG_00743;FGSG_01422;FGSG_02272;FGSG_02461;FGSG_03061;FGSG_03546;FGSG_03548;FGSG_03894;FGSG_04458;FGSG_04589;FGSG_04590;FGSG_05610;FGSG_08601;FGSG_08712;FGSG_08774;FGSG_09012;FGSG_09456;FGSG_09834;FGSG_10347;FGSG_12180,1,NAM9 protein,GO:0003735;GO:0005763;GO:0019843;GO:0032543,7.437879427637742,17,-0.467746600051156,6.81979206662841e-05,0,0.6605633802816901
FGSG_02756,20,0.4626965925409863,8.725157033394295,FGSG_00330;FGSG_00743;FGSG_01422;FGSG_02272;FGSG_02461;FGSG_03061;FGSG_03546;FGSG_03548;FGSG_03894;FGSG_03992;FGSG_04458;FGSG_04590;FGSG_05610;FGSG_07075;FGSG_08601;FGSG_08712;FGSG_09012;FGSG_09456;FGSG_09834;FGSG_10347,1,uncharacterized protein,GO:0000329;GO:0005768;GO:0005829;GO:0006886;GO:0008565;GO:0030904;GO:0042147;GO:0045053,7.435371354934945,17,-0.400974709274173,7.46252974109851e-06,0,0.6603621730382294
FGSG_00294,18,0.4790730620526696,7.847590882017901,FGSG_00330;FGSG_01422;FGSG_02272;FGSG_03061;FGSG_03546;FGSG_03547;FGSG_03548;FGSG_03992;FGSG_04458;FGSG_04589;FGSG_04590;FGSG_04591;FGSG_08601;FGSG_08712;FGSG_09280;FGSG_09456;FGSG_09834;FGSG_10347,1,uncharacterized protein,GO:0016787,7.433035861388518,17,-0.970702690606701,9.49036865760574e-13,0,0.6599597585513078
FGSG_03989,20,0.4544871584118697,8.740520223359695,FGSG_00330;FGSG_00743;FGSG_01422;FGSG_02272;FGSG_02461;FGSG_03061;FGSG_03546;FGSG_03548;FGSG_03894;FGSG_03992;FGSG_04458;FGSG_04589;FGSG_04590;FGSG_05610;FGSG_08601;FGSG_08712;FGSG_09012;FGSG_09456;FGSG_09834;FGSG_10347,1,uncharacterized protein,GO:0008152;GO:0016787,7.432021509414517,17,-0.92709149381251,0.0008834004935883,0,0.6595573440643863
FGSG_04232,21,0.4733143762800857,9.141577642939861,FGSG_00330;FGSG_00743;FGSG_01422;FGSG_02272;FGSG_02461;FGSG_03061;FGSG_03546;FGSG_03548;FGSG_03894;FGSG_04458;FGSG_04589;FGSG_04590;FGSG_05610;FGSG_08601;FGSG_08712;FGSG_08774;FGSG_09012;FGSG_09456;FGSG_09834;FGSG_10347;FGSG_12180,1,UDP-glucose 6-dehydrogenase,GO:0000271;GO:0003979;GO:0051287;GO:0055114,7.428226685931876,17,-0.322306041429336,2.76932985647996e-05,0,0.6591549295774648
FGSG_11337,7,0.4287608134506219,2.9497627710988366,FGSG_02324;FGSG_02325;FGSG_02326;FGSG_02327;FGSG_02328;FGSG_02329;FGSG_11326,2,ribokinase,GO:0004747;GO:0006014;GO:0046835,2.9497627710988366,7,1.29916360183658,0.0061890962697189,1,0.6588195841716968
FGSG_08586,21,0.4710091103150751,9.13671806322672,FGSG_00330;FGSG_00743;FGSG_01422;FGSG_02272;FGSG_02461;FGSG_03061;FGSG_03546;FGSG_03548;FGSG_03894;FGSG_03992;FGSG_04458;FGSG_04590;FGSG_05610;FGSG_07075;FGSG_08601;FGSG_08712;FGSG_08774;FGSG_09012;FGSG_09456;FGSG_09834;FGSG_10347,1,uncharacterized protein,GO:0005829,7.418332402580711,17,-0.350140202655874,5.07916378624844e-06,0,0.6587525150905432
FGSG_00380,20,0.4647718770986325,8.696177402422437,FGSG_00330;FGSG_00743;FGSG_01422;FGSG_02272;FGSG_02461;FGSG_03061;FGSG_03546;FGSG_03548;FGSG_03894;FGSG_03992;FGSG_04458;FGSG_04589;FGSG_04590;FGSG_05610;FGSG_08601;FGSG_08712;FGSG_09012;FGSG_09834;FGSG_10347;FGSG_12180,1,uncharacterized protein,GO:0005741;GO:0006511;GO:0016021;GO:0016579;GO:0036459,7.402297620357056,17,-0.46525132525457,0.0004519205611146,0,0.6583501006036218
FGSG_07871,5,0.40990331594595647,2.0314071443280026,FGSG_02326;FGSG_02327;FGSG_02328;FGSG_02329;FGSG_11326,2,uncharacterized protein,,2.0314071443280026,5,6.16468654907129,2.32643149927084e-05,1,0.6580818242790074
FGSG_06196,21,0.46836454543462935,9.09359954792181,FGSG_00330;FGSG_00743;FGSG_01422;FGSG_02272;FGSG_02461;FGSG_03061;FGSG_03546;FGSG_03548;FGSG_03894;FGSG_04458;FGSG_04589;FGSG_04590;FGSG_05610;FGSG_08601;FGSG_08712;FGSG_08774;FGSG_09012;FGSG_09456;FGSG_09834;FGSG_10347;FGSG_12180,1,uncharacterized protein,,7.390585493162037,17,-0.428423343520503,0.007502172431038,0,0.6579476861167002
FGSG_03688,18,0.46783248789033843,7.806160673946224,FGSG_00330;FGSG_01422;FGSG_02272;FGSG_03061;FGSG_03546;FGSG_03547;FGSG_03548;FGSG_03992;FGSG_04458;FGSG_04590;FGSG_05610;FGSG_07075;FGSG_08601;FGSG_08712;FGSG_09280;FGSG_09456;FGSG_09834;FGSG_10347,1,uncharacterized protein,GO:0016021,7.385461563645757,17,-0.422657597131381,0.0001110252345501,0,0.6577464788732394
FGSG_04067,21,0.49336500997213567,9.165447837244445,FGSG_00330;FGSG_00743;FGSG_01422;FGSG_02272;FGSG_02461;FGSG_03061;FGSG_03546;FGSG_03548;FGSG_03894;FGSG_04458;FGSG_04589;FGSG_04590;FGSG_05610;FGSG_08601;FGSG_08712;FGSG_08774;FGSG_09012;FGSG_09456;FGSG_09834;FGSG_10347;FGSG_12180,1,uncharacterized protein,GO:0005840,7.383003433965134,17,-0.625877812294433,0.0001006279467211,0,0.6575452716297787
FGSG_00723,20,0.48076543353372575,8.68570164621601,FGSG_00330;FGSG_00743;FGSG_01422;FGSG_02271;FGSG_02272;FGSG_02461;FGSG_03061;FGSG_03546;FGSG_03548;FGSG_03894;FGSG_03992;FGSG_04458;FGSG_04590;FGSG_05610;FGSG_07075;FGSG_08712;FGSG_09012;FGSG_09456;FGSG_09834;FGSG_10347,1,uncharacterized protein,GO:0016021,7.3822646747407,17,-0.525529186444591,1.59307640079591e-05,0,0.6573440643863179
FGSG_04089,8,0.45412401872414054,3.4367460359762463,FGSG_00743;FGSG_02271;FGSG_02272;FGSG_02461;FGSG_03061;FGSG_03894;FGSG_05610;FGSG_08712,1,uncharacterized protein,GO:0016021,2.591459526335517,6,-1.54488272955563,0.0371998562402721,1,0.6572769953051643
FGSG_09140,20,0.45859143419178944,8.630260393709376,FGSG_00330;FGSG_00743;FGSG_01422;FGSG_02272;FGSG_02461;FGSG_03061;FGSG_03546;FGSG_03548;FGSG_03894;FGSG_03992;FGSG_04458;FGSG_04589;FGSG_04590;FGSG_05610;FGSG_08601;FGSG_08712;FGSG_09012;FGSG_09456;FGSG_09834;FGSG_10347,1,uncharacterized protein,GO:0008080;GO:0016884,7.37889510037345,17,-0.727085137879399,4.05360437751987e-10,0,0.6571428571428571
FGSG_06868,8,0.46438316945225866,3.5322755399556653,FGSG_00743;FGSG_02271;FGSG_02272;FGSG_02461;FGSG_03061;FGSG_03894;FGSG_05610;FGSG_13136,1,uncharacterized protein,GO:0005524;GO:0016021,2.670310094945614,6,-1.49108376833732,4.18543829714087e-28,1,0.657142857142857
FGSG_09284,22,0.49140210771657095,9.584023758511368,FGSG_00743;FGSG_01422;FGSG_02030;FGSG_02271;FGSG_02272;FGSG_02461;FGSG_03061;FGSG_03894;FGSG_04458;FGSG_04588;FGSG_04590;FGSG_04593;FGSG_05610;FGSG_07075;FGSG_07528;FGSG_08712;FGSG_08774;FGSG_09012;FGSG_09456;FGSG_09834;FGSG_10347;FGSG_13136,1,homoserine dehydrogenase,GO:0004412;GO:0009086;GO:0009088;GO:0009090;GO:0009097;GO:0050661;GO:0055114,7.3747577891862495,17,-0.880409791260766,1.12107416444551e-09,0,0.6569416498993964
FGSG_06061,7,0.43793139076481025,2.930669427032253,FGSG_03546;FGSG_03548;FGSG_03992;FGSG_04458;FGSG_09280;FGSG_09456;FGSG_09834,1,uncharacterized protein,GO:0005887;GO:0015088;GO:0015677;GO:0035434,2.930669427032253,7,-1.30069500978708,1.34911423052347e-12,1,0.6558685446009389
FGSG_02863,24,0.46159249168007976,10.284448248512717,FGSG_01866;FGSG_02077;FGSG_02320;FGSG_02321;FGSG_02323;FGSG_02324;FGSG_02325;FGSG_02326;FGSG_02327;FGSG_02328;FGSG_02329;FGSG_02840;FGSG_02903;FGSG_03574;FGSG_03600;FGSG_03842;FGSG_03881;FGSG_05919;FGSG_08083;FGSG_08795;FGSG_09187;FGSG_10670;FGSG_11326;FGSG_13952,2,uncharacterized protein,GO:0016491;GO:0055114,7.340969047903293,17,0.854888965498334,1.95616725398583e-36,0,0.6555331991951711
FGSG_02224,8,0.43606874443508503,3.3675368151964706,FGSG_02324;FGSG_02325;FGSG_02326;FGSG_02327;FGSG_02328;FGSG_02329;FGSG_02903;FGSG_11326,2,uncharacterized protein,,3.3675368151964706,8,1.01848953118254,1.3221194584016402e-15,1,0.655197853789403
FGSG_02735,31,0.4586654633430032,13.296768120049997,FGSG_00007;FGSG_01866;FGSG_02255;FGSG_02320;FGSG_02321;FGSG_02323;FGSG_02324;FGSG_02325;FGSG_02326;FGSG_02327;FGSG_02328;FGSG_02329;FGSG_02840;FGSG_02903;FGSG_03532;FGSG_03539;FGSG_03541;FGSG_03543;FGSG_03600;FGSG_03842;FGSG_03881;FGSG_08081;FGSG_08082;FGSG_08083;FGSG_08795;FGSG_09064;FGSG_09187;FGSG_10670;FGSG_11184;FGSG_11326;FGSG_13952,2,uncharacterized protein,,7.324193764648765,17,0.372334122363554,1.36741238455635e-05,0,0.6549295774647887
FGSG_03069,31,0.45554129314819447,13.236491732749222,FGSG_00007;FGSG_01866;FGSG_02255;FGSG_02320;FGSG_02321;FGSG_02323;FGSG_02324;FGSG_02325;FGSG_02326;FGSG_02327;FGSG_02328;FGSG_02329;FGSG_02903;FGSG_03532;FGSG_03539;FGSG_03541;FGSG_03543;FGSG_03600;FGSG_03842;FGSG_03881;FGSG_08081;FGSG_08082;FGSG_08083;FGSG_08795;FGSG_09064;FGSG_09187;FGSG_10670;FGSG_11184;FGSG_11326;FGSG_12211;FGSG_13952,2,uncharacterized protein,GO:0008152;GO:0016829,7.3219681404615855,17,0.874957769529902,5.72971715658229e-22,0,0.654728370221328
FGSG_10300,8,0.4318732807138874,3.365213779134807,FGSG_02324;FGSG_02325;FGSG_02326;FGSG_02327;FGSG_02328;FGSG_02329;FGSG_02903;FGSG_11326,2,uncharacterized protein,,3.365213779134807,8,1.01498973130468,9.79378916572362e-89,1,0.6545942320590208
FGSG_09123,7,0.4414177908691528,2.9888557210053412,FGSG_02321;FGSG_02326;FGSG_02327;FGSG_02328;FGSG_02329;FGSG_08083;FGSG_11326,2,uncharacterized protein,GO:0000981;GO:0003677;GO:0005634;GO:0006351;GO:0006357;GO:0008270;GO:0016021,2.58857810122448,6,1.51438545098241,1.85924932954515e-10,1,0.6545271629778673
FGSG_10874,26,0.5006006540763198,11.17466866367121,FGSG_00743;FGSG_00765;FGSG_01422;FGSG_02030;FGSG_02272;FGSG_02461;FGSG_02972;FGSG_03061;FGSG_03747;FGSG_03894;FGSG_04588;FGSG_04589;FGSG_04593;FGSG_05368;FGSG_05610;FGSG_08493;FGSG_08712;FGSG_08774;FGSG_09012;FGSG_10347;FGSG_10444;FGSG_10922;FGSG_10947;FGSG_12180;FGSG_12223;FGSG_13136,1,uncharacterized protein,,7.321131479981834,17,-0.767485643896258,1.48550442327515e-07,0,0.6545271629778672
FGSG_07963,19,0.4738300746517233,8.19585746382748,FGSG_00330;FGSG_01422;FGSG_02271;FGSG_02272;FGSG_02461;FGSG_03061;FGSG_03546;FGSG_03548;FGSG_03894;FGSG_03992;FGSG_04458;FGSG_04590;FGSG_05610;FGSG_07075;FGSG_08712;FGSG_09012;FGSG_09456;FGSG_09834;FGSG_10347,1,uncharacterized protein,GO:0016021;GO:0055085,7.314384072633648,17,-0.518816463423492,1.81817131234721e-06,0,0.6541247484909457
FGSG_05408,12,0.4722635725404778,5.2582909838396885,FGSG_00743;FGSG_00765;FGSG_02271;FGSG_02272;FGSG_02461;FGSG_03061;FGSG_03894;FGSG_04309;FGSG_05610;FGSG_08774;FGSG_09012;FGSG_13136,1,uncharacterized protein,GO:0000166,3.119622200636407,7,-1.07759326419386,3.26652144462543e-21,1,0.6539235412474849
FGSG_06638,12,0.4841216370514138,5.156723319764267,FGSG_00743;FGSG_00765;FGSG_02272;FGSG_02461;FGSG_03061;FGSG_03894;FGSG_05368;FGSG_05610;FGSG_08493;FGSG_08774;FGSG_09012;FGSG_10922,1,uncharacterized protein,,3.018801891317609,7,-1.12380057557145,5.95722786543297e-11,1,0.6537894030851777
FGSG_05713,21,0.4873851342874897,9.045538669343877,FGSG_00330;FGSG_00743;FGSG_01422;FGSG_02272;FGSG_02461;FGSG_03061;FGSG_03546;FGSG_03548;FGSG_03894;FGSG_04458;FGSG_04589;FGSG_04590;FGSG_05610;FGSG_08601;FGSG_08712;FGSG_08774;FGSG_09012;FGSG_09834;FGSG_10347;FGSG_10922;FGSG_12180,1,threonine synthase,GO:0004795;GO:0009088,7.305041617730567,17,-0.498995542345329,1.30708888269705e-07,0,0.6533199195171027
FGSG_01586,27,0.4636322551227734,11.45620122890617,FGSG_00007;FGSG_01866;FGSG_02255;FGSG_02321;FGSG_02323;FGSG_02324;FGSG_02325;FGSG_02326;FGSG_02327;FGSG_02328;FGSG_02329;FGSG_02840;FGSG_02903;FGSG_03539;FGSG_03541;FGSG_03600;FGSG_03842;FGSG_03881;FGSG_08081;FGSG_08082;FGSG_08083;FGSG_08795;FGSG_09187;FGSG_10670;FGSG_11184;FGSG_11326;FGSG_13952,2,uncharacterized protein,,7.290283238815218,17,0.869101439467067,3.74236686555914e-09,0,0.6529175050301811
FGSG_12341,19,0.46241698685485927,8.083223829409677,FGSG_00330;FGSG_00743;FGSG_01422;FGSG_02272;FGSG_03061;FGSG_03546;FGSG_03547;FGSG_03548;FGSG_03894;FGSG_03992;FGSG_04458;FGSG_04589;FGSG_04591;FGSG_05610;FGSG_08601;FGSG_08712;FGSG_09456;FGSG_09834;FGSG_10347,1,uncharacterized protein,GO:0003333;GO:0004497;GO:0005506;GO:0015171;GO:0016021;GO:0016705;GO:0020037;GO:0055114,7.261654352327755,17,-0.747847837820679,0.0016304012861718,0,0.6527162977867204
FGSG_06216,20,0.46243640870277297,8.477065166334302,FGSG_00330;FGSG_01422;FGSG_02271;FGSG_02272;FGSG_02461;FGSG_03061;FGSG_03295;FGSG_03546;FGSG_03548;FGSG_03992;FGSG_04458;FGSG_04590;FGSG_05610;FGSG_07075;FGSG_08601;FGSG_08712;FGSG_09280;FGSG_09456;FGSG_09834;FGSG_10347,1,uncharacterized protein,,7.2598224321827045,17,-0.640333485750508,2.49300422474742e-05,0,0.6525150905432596
FGSG_06096,19,0.45741306980651386,8.050342140411383,FGSG_00330;FGSG_01422;FGSG_02271;FGSG_02272;FGSG_02461;FGSG_03061;FGSG_03546;FGSG_03548;FGSG_03992;FGSG_04458;FGSG_04590;FGSG_05610;FGSG_07075;FGSG_08601;FGSG_08712;FGSG_09280;FGSG_09456;FGSG_09834;FGSG_10347,1,uncharacterized protein,GO:0003743;GO:0005085;GO:0005634;GO:0005829;GO:0005851;GO:0006413;GO:0006446;GO:0030234;GO:0032045;GO:0043547,7.230097041553466,17,-0.51168833598788,1.70175359252451e-05,0,0.652112676056338
FGSG_02439,20,0.45926602455136983,8.451559898163486,FGSG_00330;FGSG_01422;FGSG_02271;FGSG_02272;FGSG_02461;FGSG_03061;FGSG_03295;FGSG_03546;FGSG_03548;FGSG_03992;FGSG_04458;FGSG_04590;FGSG_05610;FGSG_07075;FGSG_08601;FGSG_09012;FGSG_09280;FGSG_09456;FGSG_09834;FGSG_10347,1,uncharacterized protein,GO:0003333;GO:0005794;GO:0015171;GO:0015203;GO:0016021;GO:1902047,7.216328929569932,17,-0.453109756524435,4.4511638986681505e-09,0,0.6519114688128772
FGSG_01924,19,0.4588420313937965,7.992049731856752,FGSG_00330;FGSG_01422;FGSG_02271;FGSG_02272;FGSG_03061;FGSG_03295;FGSG_03546;FGSG_03548;FGSG_03992;FGSG_04458;FGSG_04590;FGSG_05610;FGSG_07075;FGSG_08601;FGSG_08712;FGSG_09280;FGSG_09456;FGSG_09834;FGSG_10347,1,uncharacterized protein,GO:0004092;GO:0005739;GO:0005777;GO:0009437,7.172745986287933,17,-0.699801454090266,2.33125393251249e-09,0,0.6517102615694166
FGSG_00496,21,0.4958489688630864,9.24910654885985,FGSG_00743;FGSG_01422;FGSG_02271;FGSG_02272;FGSG_02461;FGSG_03061;FGSG_03295;FGSG_03548;FGSG_03894;FGSG_04458;FGSG_04590;FGSG_05610;FGSG_07075;FGSG_07528;FGSG_08712;FGSG_08774;FGSG_09012;FGSG_09456;FGSG_09834;FGSG_10347;FGSG_13136,1,inorganic pyrophosphatase,GO:0000287;GO:0004427;GO:0005634;GO:0005737;GO:0006796,7.066841216951722,16,-0.687632564549452,1.93053966468642e-22,0,0.651307847082495
FGSG_01283,28,0.46300093968044403,12.228289298344128,FGSG_00007;FGSG_01866;FGSG_02255;FGSG_02321;FGSG_02323;FGSG_02324;FGSG_02325;FGSG_02326;FGSG_02327;FGSG_02328;FGSG_02329;FGSG_02840;FGSG_03532;FGSG_03539;FGSG_03541;FGSG_03600;FGSG_03842;FGSG_03881;FGSG_07896;FGSG_08081;FGSG_08082;FGSG_08083;FGSG_08795;FGSG_09187;FGSG_10670;FGSG_11184;FGSG_11326;FGSG_13952,2,uncharacterized protein,GO:0004563;GO:0005975,7.020047429964538,16,0.98762002347342,1.8253841975398e-23,0,0.6507042253521127
FGSG_08338,27,0.4941045728861775,11.763975976742511,FGSG_00743;FGSG_00765;FGSG_01422;FGSG_01621;FGSG_02030;FGSG_02271;FGSG_02272;FGSG_02461;FGSG_03061;FGSG_03894;FGSG_04309;FGSG_04588;FGSG_04589;FGSG_04590;FGSG_04593;FGSG_05368;FGSG_05610;FGSG_07075;FGSG_08493;FGSG_08712;FGSG_08774;FGSG_09012;FGSG_10922;FGSG_10947;FGSG_11206;FGSG_12180;FGSG_13136,1,phospho-2-dehydro-3-deoxyheptonate aldolase,GO:0003849;GO:0005634;GO:0005737;GO:0009073;GO:0009423,7.014050819747498,16,-0.719418487178759,5.08812510832751e-17,0,0.650503018108652
FGSG_00702,26,0.4663160143846338,11.307792734549045,FGSG_00007;FGSG_01866;FGSG_02255;FGSG_02321;FGSG_02323;FGSG_02324;FGSG_02325;FGSG_02326;FGSG_02327;FGSG_02328;FGSG_02329;FGSG_02840;FGSG_03539;FGSG_03541;FGSG_03599;FGSG_03600;FGSG_03842;FGSG_03881;FGSG_08081;FGSG_08082;FGSG_08083;FGSG_08795;FGSG_09187;FGSG_11184;FGSG_11326;FGSG_13952,2,uncharacterized protein,GO:0016021;GO:0016740,7.008475153417882,16,0.589304673589003,6.36786443983827e-25,0,0.6503018108651911
FGSG_08973,6,0.41099030833444844,2.4406399618064514,FGSG_02325;FGSG_02326;FGSG_02327;FGSG_02328;FGSG_02329;FGSG_02903,2,uncharacterized protein,GO:0016021,2.4406399618064514,6,1.78344779944807,5.095515731640589e-30,1,0.6501006036217304
FGSG_00486,17,0.4716828431751555,7.395997278195316,FGSG_00043;FGSG_00044;FGSG_00047;FGSG_00048;FGSG_00330;FGSG_01422;FGSG_03546;FGSG_03547;FGSG_03548;FGSG_03992;FGSG_04458;FGSG_04591;FGSG_08601;FGSG_09280;FGSG_09456;FGSG_09834;FGSG_10347,1,uncharacterized protein,GO:0005737;GO:0016301;GO:0016310;GO:0016798,6.990545543712002,16,-0.964629936008559,2.2599427804661302e-14,0,0.6501006036217304
FGSG_08138,6,0.4253496860326565,2.483774849879722,FGSG_02325;FGSG_02326;FGSG_02327;FGSG_02328;FGSG_02329;FGSG_11326,2,uncharacterized protein,GO:0046872,2.483774849879722,6,1.69879777530445,8.18000339177881e-74,1,0.6501006036217303
FGSG_09179,8,0.4708878423600188,3.411032633600317,FGSG_00743;FGSG_02272;FGSG_02461;FGSG_03061;FGSG_03894;FGSG_05610;FGSG_08774;FGSG_09012,1,uncharacterized protein,GO:0016787,2.1357976484895507,5,-2.25656341900628,2.35041620225837e-05,1,0.6500335345405768
FGSG_11533,10,0.47202073119518057,4.353349759714846,FGSG_00743;FGSG_01422;FGSG_02272;FGSG_02461;FGSG_03061;FGSG_03894;FGSG_05610;FGSG_08712;FGSG_08774;FGSG_09012,1,uncharacterized protein,,2.65854352514505,6,-1.37915849742526,0.0222745011912509,1,0.6499664654594233
FGSG_05342,6,0.42785530995767074,2.514090163670054,FGSG_02271;FGSG_02272;FGSG_02461;FGSG_03061;FGSG_05610;FGSG_13136,1,uncharacterized protein,,2.0862348537123827,5,-2.86790338461413,2.76104985523245e-77,1,0.6497652582159625
FGSG_01354,20,0.4816775461967869,8.727689827637507,FGSG_00330;FGSG_00743;FGSG_01422;FGSG_02272;FGSG_02461;FGSG_03061;FGSG_03546;FGSG_03548;FGSG_03894;FGSG_04458;FGSG_04589;FGSG_04590;FGSG_05610;FGSG_08601;FGSG_08712;FGSG_08774;FGSG_09012;FGSG_09834;FGSG_10347;FGSG_12180,1,uncharacterized protein,GO:0004402;GO:0005829;GO:0006281;GO:0008270;GO:0016573;GO:0032777;GO:0035064;GO:1900404;GO:2000873,6.987345667087731,16,-0.36405890259488,0.0008072031267645,0,0.6496981891348088
FGSG_07596,9,0.46630901774844624,3.940736648626805,FGSG_00743;FGSG_00765;FGSG_02272;FGSG_02461;FGSG_03061;FGSG_03894;FGSG_05610;FGSG_08774;FGSG_13136,1,uncharacterized protein,GO:0003958;GO:0005506;GO:0010181;GO:0016021;GO:0020037;GO:0055114;GO:0070330,2.2405201659705263,5,-1.8932873759934,4.2712203728023195e-43,1,0.6492957746478873
FGSG_12820,5,0.4375599482697254,2.1407909937192913,FGSG_02326;FGSG_02327;FGSG_02328;FGSG_02329;FGSG_11326,2,uncharacterized protein,,2.1407909937192913,5,2.19943111635129,3.51521335566798e-05,1,0.6492957746478873
FGSG_05264,20,0.4815415372866395,8.733803449325109,FGSG_00743;FGSG_01422;FGSG_02271;FGSG_02272;FGSG_02461;FGSG_03061;FGSG_03546;FGSG_03548;FGSG_03894;FGSG_04458;FGSG_04590;FGSG_05610;FGSG_07075;FGSG_08601;FGSG_08712;FGSG_08774;FGSG_09012;FGSG_09456;FGSG_09834;FGSG_10347,1,uncharacterized protein,GO:0003677,6.964103760071383,16,-0.72463872804507,1.87777722808795e-09,0,0.6484909456740443
FGSG_13897,8,0.4302953506835499,3.3089115138349814,FGSG_00330;FGSG_03546;FGSG_03547;FGSG_03548;FGSG_04458;FGSG_08601;FGSG_09280;FGSG_09834,1,amino-acid permease inda1,GO:0003333;GO:0015171;GO:0016021,3.3089115138349814,8,-1.01219861612468,0.0005701441881562,1,0.64822266934943
FGSG_09830,20,0.46957221898338497,8.661627203266667,FGSG_00330;FGSG_00743;FGSG_01422;FGSG_02272;FGSG_02461;FGSG_03061;FGSG_03546;FGSG_03548;FGSG_03894;FGSG_04458;FGSG_04589;FGSG_05610;FGSG_08601;FGSG_08712;FGSG_08774;FGSG_09012;FGSG_09456;FGSG_09834;FGSG_10347;FGSG_12180,1,C-4 methylsterol oxidase,GO:0000254;GO:0005506;GO:0005789;GO:0005886;GO:0006633;GO:0006696;GO:0016021;GO:0055114,6.960896447928576,16,-0.839971233729427,1.25206944982396e-12,0,0.6480885311871227
FGSG_00335,19,0.4642610641921452,8.258560119629683,FGSG_00330;FGSG_00743;FGSG_01422;FGSG_02272;FGSG_02461;FGSG_03061;FGSG_03546;FGSG_03548;FGSG_03894;FGSG_04458;FGSG_04589;FGSG_04590;FGSG_05610;FGSG_08601;FGSG_08712;FGSG_09012;FGSG_09834;FGSG_10347;FGSG_12180,1,uncharacterized protein,GO:0000166;GO:0001068;GO:0005634;GO:0008143;GO:0030847;GO:0031124;GO:0031126;GO:0034472;GO:0035649;GO:0042780;GO:0071028;GO:0071034;GO:0071041,6.9596937275044946,16,-0.717607036086742,9.12165672916855e-07,0,0.647887323943662
FGSG_03802,12,0.43770883793012944,4.94931025754921,FGSG_02326;FGSG_02327;FGSG_02328;FGSG_02329;FGSG_03532;FGSG_03543;FGSG_08077;FGSG_08078;FGSG_08084;FGSG_09064;FGSG_10206;FGSG_12211,2,uncharacterized protein,GO:0016740,2.4508781668994537,6,1.71706800206007,1.66702824020587e-72,1,0.6476861167002013
FGSG_00249,20,0.46994056179867144,8.667484274503769,FGSG_00330;FGSG_00743;FGSG_01422;FGSG_02272;FGSG_02461;FGSG_03061;FGSG_03546;FGSG_03548;FGSG_03894;FGSG_04458;FGSG_04589;FGSG_04590;FGSG_05610;FGSG_08601;FGSG_08712;FGSG_08774;FGSG_09012;FGSG_09456;FGSG_09834;FGSG_10347,1,uncharacterized protein,GO:0008270;GO:0016491;GO:0055114,6.9521508729009565,16,-0.382531073368647,0.0021204863262137,0,0.6472837022132797
FGSG_06770,20,0.4759841114538153,8.664995617468984,FGSG_00330;FGSG_00743;FGSG_01422;FGSG_02272;FGSG_02461;FGSG_03061;FGSG_03546;FGSG_03548;FGSG_03894;FGSG_04458;FGSG_04589;FGSG_05610;FGSG_08601;FGSG_08712;FGSG_08774;FGSG_09012;FGSG_09456;FGSG_09834;FGSG_10347;FGSG_12180,1,uncharacterized protein,GO:0006457;GO:0030176;GO:0031072;GO:0046872;GO:0051082;GO:2001256,6.946948506357332,16,-0.441778324707825,7.39081941759377e-05,0,0.6466800804828974
FGSG_09480,19,0.47892186097108447,8.248853705064795,FGSG_00330;FGSG_00743;FGSG_01422;FGSG_02271;FGSG_02272;FGSG_02461;FGSG_03061;FGSG_03548;FGSG_03894;FGSG_03992;FGSG_04458;FGSG_04590;FGSG_05610;FGSG_07075;FGSG_08712;FGSG_09012;FGSG_09456;FGSG_09834;FGSG_10347,1,uncharacterized protein,,6.9341092565550095,16,-0.705316339676427,9.00946440979227e-08,0,0.6464788732394366
FGSG_07924,20,0.4699191701180636,8.651219143184422,FGSG_00330;FGSG_00743;FGSG_01422;FGSG_02272;FGSG_02461;FGSG_03061;FGSG_03546;FGSG_03548;FGSG_03894;FGSG_04458;FGSG_04589;FGSG_04590;FGSG_05610;FGSG_08601;FGSG_08712;FGSG_08774;FGSG_09012;FGSG_09456;FGSG_09834;FGSG_10347,1,uncharacterized protein,GO:0000981;GO:0005634;GO:0006357;GO:0008270,6.9306821565666334,16,-0.266095100314391,0.018457948119727,0,0.6462776659959759
FGSG_10857,20,0.47646225837241696,8.668614157162617,FGSG_00330;FGSG_00743;FGSG_01422;FGSG_02272;FGSG_02461;FGSG_03061;FGSG_03546;FGSG_03548;FGSG_03894;FGSG_04458;FGSG_04589;FGSG_04590;FGSG_05610;FGSG_08601;FGSG_08712;FGSG_08774;FGSG_09012;FGSG_09834;FGSG_10347;FGSG_12180,1,uncharacterized protein,GO:0016787,6.9245457950393074,16,-0.795223506200513,7.37154889253854e-05,0,0.6456740442655936
FGSG_08797,6,0.43498445921043016,2.551094027703027,FGSG_02324;FGSG_02326;FGSG_02327;FGSG_02328;FGSG_02329;FGSG_11326,2,uncharacterized protein,GO:0004553;GO:0005975;GO:0030246,2.551094027703027,6,1.45079760012955,0.000139592014613,1,0.6455399061032864
FGSG_05170,20,0.4660879540851583,8.603568442352081,FGSG_00330;FGSG_00743;FGSG_01422;FGSG_02272;FGSG_02461;FGSG_03061;FGSG_03340;FGSG_03546;FGSG_03548;FGSG_03894;FGSG_04458;FGSG_04589;FGSG_05610;FGSG_08601;FGSG_08712;FGSG_08774;FGSG_09012;FGSG_09834;FGSG_10347;FGSG_12180,1,uncharacterized protein,,6.921561478360523,16,-0.846373502249494,4.36484355606144e-09,0,0.6454728370221328
FGSG_10451,7,0.4204615542777037,2.8888469800498866,FGSG_02324;FGSG_02325;FGSG_02326;FGSG_02327;FGSG_02328;FGSG_02329;FGSG_11326,2,benzoate 4-monooxygenase,GO:0004497;GO:0005506;GO:0016021;GO:0016705;GO:0020037;GO:0055114,2.8888469800498866,7,1.25127946326778,0.0071340127947298,1,0.6453386988598256
FGSG_09891,17,0.46741538824781664,7.317268224403937,FGSG_00330;FGSG_01422;FGSG_02272;FGSG_03061;FGSG_03546;FGSG_03547;FGSG_03548;FGSG_03992;FGSG_04458;FGSG_04590;FGSG_04591;FGSG_07075;FGSG_08601;FGSG_09280;FGSG_09456;FGSG_09834;FGSG_10347,1,arsenical pump-driving ATPase,GO:0000750;GO:0005085;GO:0005524;GO:0005634;GO:0005829;GO:0006620;GO:0006890;GO:0009408;GO:0010038;GO:0016887;GO:0042802;GO:0043529;GO:0043547;GO:0045048;GO:0046872;GO:0051082;GO:1990507,6.914282467308019,16,-0.865250013598257,6.17798536460278e-20,0,0.6450704225352113
FGSG_08680,19,0.4688861828335964,8.199401332771721,FGSG_00330;FGSG_01422;FGSG_02271;FGSG_02272;FGSG_02461;FGSG_03061;FGSG_03295;FGSG_03548;FGSG_03894;FGSG_03992;FGSG_04458;FGSG_04590;FGSG_05610;FGSG_07075;FGSG_07528;FGSG_08712;FGSG_09456;FGSG_09834;FGSG_10347,1,uncharacterized protein,GO:0004594;GO:0005524;GO:0015937;GO:0016310,6.911365735876587,16,-0.59378983797092,1.31902233790235e-12,0,0.6448692152917506
FGSG_07554,8,0.4432543019407955,3.3982991123503408,FGSG_02271;FGSG_02272;FGSG_02461;FGSG_03061;FGSG_05610;FGSG_07075;FGSG_09456;FGSG_09834,1,opsin-1,GO:0005216;GO:0016021;GO:0034220,2.9752657830896982,7,-1.12590337165652,3.82560338175926e-21,1,0.6446680080482897
FGSG_03368,6,0.4327700249912817,2.46729890542242,FGSG_02324;FGSG_02325;FGSG_02326;FGSG_02327;FGSG_02903;FGSG_11326,2,uncharacterized protein,,2.46729890542242,6,1.64779238493184,4.81711537739159e-09,1,0.6443326626425219
FGSG_09370,10,0.46894252110797147,4.3582731500877685,FGSG_00743;FGSG_01422;FGSG_02272;FGSG_02461;FGSG_03061;FGSG_03894;FGSG_05610;FGSG_08712;FGSG_08774;FGSG_09012,1,uncharacterized protein,GO:0016021,2.660415565477631,6,-1.29884432784073,0.0188023527016237,1,0.6441985244802146
FGSG_00906,19,0.4548798530441685,8.141995807727513,FGSG_00330;FGSG_00743;FGSG_01422;FGSG_02272;FGSG_02461;FGSG_03061;FGSG_03546;FGSG_03548;FGSG_03894;FGSG_04458;FGSG_04589;FGSG_05610;FGSG_08601;FGSG_08712;FGSG_09012;FGSG_09456;FGSG_09834;FGSG_10347;FGSG_12180,1,alanyl-tRNA synthetase,GO:0003676;GO:0004813;GO:0005524;GO:0005739;GO:0008270;GO:0070143,6.897641273244599,16,-0.199758824324862,0.0096198578677746,0,0.6440643863179075
FGSG_12819,19,0.4469028629115073,8.15309767386653,FGSG_00330;FGSG_00743;FGSG_01422;FGSG_02272;FGSG_02461;FGSG_03061;FGSG_03546;FGSG_03548;FGSG_03894;FGSG_03992;FGSG_04458;FGSG_04590;FGSG_05610;FGSG_08601;FGSG_08712;FGSG_09012;FGSG_09456;FGSG_09834;FGSG_10347,1,uncharacterized protein,GO:0008080,6.883555671738904,16,-0.77496734418605,2.38226449306251e-06,0,0.6438631790744467
FGSG_05757,8,0.4302874490083016,3.336148765229552,FGSG_02271;FGSG_02272;FGSG_03061;FGSG_03295;FGSG_07075;FGSG_07528;FGSG_09456;FGSG_09834,1,uncharacterized protein,GO:0004553;GO:0005619;GO:0005975;GO:0030476,2.9275368882856285,7,-1.18518448510246,4.1264138810347195e-62,1,0.6437961099932932
FGSG_11251,5,0.43580195060657173,2.1176092331632246,FGSG_02326;FGSG_02327;FGSG_02328;FGSG_02329;FGSG_11326,2,uncharacterized protein,,2.1176092331632246,5,2.22931068605024,1.04119040428122e-16,1,0.6437290409121394
FGSG_11409,24,0.4630580366070078,10.203978894697926,FGSG_00007;FGSG_01866;FGSG_02321;FGSG_02323;FGSG_02324;FGSG_02325;FGSG_02326;FGSG_02327;FGSG_02328;FGSG_02329;FGSG_02840;FGSG_03539;FGSG_03600;FGSG_03842;FGSG_03881;FGSG_08081;FGSG_08082;FGSG_08083;FGSG_08795;FGSG_09187;FGSG_10670;FGSG_11184;FGSG_11326;FGSG_13952,2,uncharacterized protein,,6.880125913302745,16,0.885827869578011,2.04943358761358e-15,0,0.643661971830986
FGSG_03808,7,0.4347735604324941,2.9609262091772184,FGSG_02324;FGSG_02325;FGSG_02326;FGSG_02327;FGSG_02328;FGSG_02329;FGSG_11326,2,uncharacterized protein,GO:0003333;GO:0008152;GO:0015171;GO:0016021;GO:0016787,2.9609262091772184,7,1.13551270309406,0.0037086204211832,1,0.6435949027498324
FGSG_10119,20,0.4799907136602807,8.602324440229305,FGSG_00330;FGSG_00743;FGSG_01422;FGSG_02272;FGSG_02461;FGSG_03061;FGSG_03546;FGSG_03548;FGSG_03894;FGSG_04458;FGSG_04589;FGSG_04590;FGSG_05610;FGSG_08601;FGSG_08712;FGSG_08774;FGSG_09012;FGSG_09834;FGSG_10347;FGSG_12180,1,uncharacterized protein,,6.858947731198115,16,-0.583086111352668,0.0001467929538384,0,0.6430583501006036
FGSG_02402,18,0.4701936691616147,7.682010506986803,FGSG_00330;FGSG_00743;FGSG_01422;FGSG_02272;FGSG_03061;FGSG_03546;FGSG_03547;FGSG_03548;FGSG_03894;FGSG_03992;FGSG_04458;FGSG_04589;FGSG_04591;FGSG_05610;FGSG_08601;FGSG_08712;FGSG_09834;FGSG_10347,1,uncharacterized protein,GO:0016021,6.8589270858076254,16,-0.721284038834952,3.27371193106072e-14,0,0.6428571428571429
FGSG_08308,28,0.45673824465104135,11.83944576330313,FGSG_00007;FGSG_01866;FGSG_02255;FGSG_02320;FGSG_02321;FGSG_02323;FGSG_02324;FGSG_02325;FGSG_02326;FGSG_02327;FGSG_02328;FGSG_02329;FGSG_02903;FGSG_03532;FGSG_03541;FGSG_03543;FGSG_03600;FGSG_03842;FGSG_03881;FGSG_08081;FGSG_08082;FGSG_08083;FGSG_08795;FGSG_09187;FGSG_10670;FGSG_11326;FGSG_12211;FGSG_13952,2,uncharacterized protein,GO:0005524;GO:0016021;GO:0042626;GO:0055085,6.8558583275225855,16,0.793844827937142,2.05767938092793e-09,0,0.6426559356136821
FGSG_04370,18,0.46655642534150493,7.677911037934873,FGSG_00330;FGSG_00743;FGSG_01422;FGSG_02272;FGSG_03061;FGSG_03546;FGSG_03547;FGSG_03548;FGSG_03894;FGSG_03992;FGSG_04458;FGSG_04589;FGSG_04591;FGSG_05610;FGSG_08601;FGSG_08712;FGSG_09834;FGSG_10347,1,uncharacterized protein,GO:0000297;GO:0000329;GO:0015606;GO:0015847;GO:0016021;GO:0033101;GO:1903710;GO:1903711,6.848794932838179,16,-0.824241099633282,1.05010646344422e-10,0,0.6424547283702213
FGSG_02684,5,0.4415462662495943,2.146989923078213,FGSG_02326;FGSG_02327;FGSG_02328;FGSG_02329;FGSG_11326,2,uncharacterized protein,GO:0016021,2.146989923078213,5,1.9382422146386,1.2484800783789699e-11,1,0.6423876592890678
FGSG_06094,19,0.45225758644649894,8.0934581218229,FGSG_00330;FGSG_00743;FGSG_01422;FGSG_02272;FGSG_02461;FGSG_03061;FGSG_03546;FGSG_03548;FGSG_03894;FGSG_04458;FGSG_04589;FGSG_05610;FGSG_08601;FGSG_08712;FGSG_09012;FGSG_09456;FGSG_09834;FGSG_10347;FGSG_12180,1,uncharacterized protein,GO:0004042;GO:0004358;GO:0005759;GO:0006526;GO:0006592;GO:0031505,6.847512568399372,16,-0.534967770762736,3.27880713322836e-05,0,0.6422535211267606
FGSG_01703,19,0.4470071052009447,8.070729488940568,FGSG_00330;FGSG_00743;FGSG_01422;FGSG_02272;FGSG_02461;FGSG_03061;FGSG_03546;FGSG_03548;FGSG_03894;FGSG_03992;FGSG_04458;FGSG_04589;FGSG_04590;FGSG_05610;FGSG_08601;FGSG_08712;FGSG_09456;FGSG_09834;FGSG_10347,1,pH-response regulator protein palA/rim-20,GO:0001403;GO:0005634;GO:0005829;GO:0009268;GO:0016485;GO:0030435;GO:0032153;GO:0044732,6.83398570268077,16,-0.30430983894743,0.0214194119945889,0,0.641851106639839
FGSG_07509,7,0.4450960322544519,2.9978949167543174,FGSG_02324;FGSG_02325;FGSG_02326;FGSG_02327;FGSG_02328;FGSG_02329;FGSG_11326,2,uncharacterized protein,GO:0005215;GO:0016021;GO:0055085,2.9978949167543174,7,1.06467953340778,2.17194166436216e-16,1,0.6418511066398389
FGSG_06583,23,0.49536009016489685,9.826658384629962,FGSG_00743;FGSG_00765;FGSG_01422;FGSG_02030;FGSG_02272;FGSG_02461;FGSG_03061;FGSG_03894;FGSG_04588;FGSG_04589;FGSG_04590;FGSG_04593;FGSG_05368;FGSG_05610;FGSG_08712;FGSG_08774;FGSG_09012;FGSG_09456;FGSG_10347;FGSG_10922;FGSG_10947;FGSG_12180;FGSG_13136,1,uncharacterized protein,GO:0016021,6.83288083138996,16,-0.585754682188337,3.7211356252976e-08,0,0.6416498993963783
FGSG_07715,19,0.4448400064491751,8.016809252806118,FGSG_00330;FGSG_00743;FGSG_01422;FGSG_02272;FGSG_02461;FGSG_03061;FGSG_03546;FGSG_03548;FGSG_03894;FGSG_03992;FGSG_04458;FGSG_04590;FGSG_05610;FGSG_08601;FGSG_08712;FGSG_09012;FGSG_09456;FGSG_09834;FGSG_10347,1,uncharacterized protein,,6.800999131468075,16,-1.03460615701907,0.0645124414430742,0,0.6412474849094567
FGSG_06233,27,0.4529386721184602,11.363636963485154,FGSG_00007;FGSG_01866;FGSG_02255;FGSG_02320;FGSG_02321;FGSG_02323;FGSG_02324;FGSG_02325;FGSG_02326;FGSG_02327;FGSG_02328;FGSG_02329;FGSG_02903;FGSG_03532;FGSG_03543;FGSG_03600;FGSG_03842;FGSG_03881;FGSG_08081;FGSG_08082;FGSG_08083;FGSG_08795;FGSG_09187;FGSG_10670;FGSG_11326;FGSG_12211;FGSG_13952,2,uncharacterized protein,,6.78970767768298,16,0.80889194489063,5.24754170915826e-13,0,0.641046277665996
FGSG_06961,18,0.45328505813652853,7.574815537001918,FGSG_00330;FGSG_00743;FGSG_01422;FGSG_02272;FGSG_03061;FGSG_03546;FGSG_03548;FGSG_03894;FGSG_04458;FGSG_04589;FGSG_04591;FGSG_05610;FGSG_08601;FGSG_08712;FGSG_09012;FGSG_09456;FGSG_09834;FGSG_10347,1,glutamate 5-kinase,GO:0003723;GO:0004349;GO:0005737;GO:0006561;GO:0016310,6.7589034303867415,16,-0.382118456133068,0.001162229232911,0,0.6408450704225352
FGSG_00790,19,0.4542018680515899,7.997466552929875,FGSG_00330;FGSG_01422;FGSG_02271;FGSG_02272;FGSG_02461;FGSG_03061;FGSG_03295;FGSG_03546;FGSG_03548;FGSG_03992;FGSG_04458;FGSG_04590;FGSG_05610;FGSG_07075;FGSG_07528;FGSG_08712;FGSG_09456;FGSG_09834;FGSG_10347,1,uncharacterized protein,,6.758594797854947,16,-0.630538244058491,2.67450001351887e-08,0,0.6406438631790744
FGSG_10212,13,0.46950451602180254,5.529970267803036,FGSG_00743;FGSG_00765;FGSG_01621;FGSG_02272;FGSG_02461;FGSG_03061;FGSG_03894;FGSG_04309;FGSG_05368;FGSG_05610;FGSG_08774;FGSG_09012;FGSG_13136,1,uncharacterized protein,,2.9970546537591893,7,-1.05043272100089,3.97056004991802e-24,1,0.6404426559356138
FGSG_05186,7,0.4384458451085757,2.9731943726529906,FGSG_02324;FGSG_02325;FGSG_02326;FGSG_02327;FGSG_02328;FGSG_02329;FGSG_11326,2,uncharacterized protein,,2.9731943726529906,7,1.09285512411386,3.14138681710946e-12,1,0.64037558685446
FGSG_13154,7,0.4565652879664888,2.997998817217881,FGSG_00743;FGSG_02272;FGSG_02461;FGSG_03061;FGSG_03894;FGSG_05610;FGSG_08774,1,uncharacterized protein,,1.7590992429916863,4,-3.31307421776543,0.0114530668498212,1,0.6401073105298458
FGSG_05189,17,0.4412160900359685,7.09756620555448,FGSG_00330;FGSG_02272;FGSG_02461;FGSG_03061;FGSG_03546;FGSG_03548;FGSG_03894;FGSG_03992;FGSG_04458;FGSG_04590;FGSG_05610;FGSG_07075;FGSG_08601;FGSG_09012;FGSG_09456;FGSG_09834;FGSG_10347,1,uncharacterized protein,GO:0000155;GO:0000160;GO:0005622;GO:0023014,6.684775597834491,16,-0.347566040215027,0.0115173887265884,0,0.6400402414486921
FGSG_12035,16,0.46917356673114463,7.010967537052984,FGSG_00330;FGSG_01422;FGSG_03546;FGSG_03547;FGSG_03548;FGSG_03992;FGSG_04458;FGSG_04589;FGSG_04590;FGSG_04591;FGSG_08601;FGSG_08712;FGSG_09280;FGSG_09456;FGSG_09834;FGSG_10347,1,uncharacterized protein,GO:0000462;GO:0001732;GO:0003743;GO:0003924;GO:0005525;GO:0005739;GO:0006446;GO:0022627;GO:0031369;GO:0042255;GO:0043022,6.599914056135438,15,-0.528558771110073,1.83835787403304e-10,0,0.6394366197183099
FGSG_00050,20,0.4919090777090324,8.713021946839767,FGSG_00743;FGSG_01422;FGSG_02271;FGSG_02272;FGSG_02461;FGSG_03061;FGSG_03295;FGSG_03894;FGSG_04458;FGSG_04590;FGSG_05610;FGSG_07075;FGSG_07528;FGSG_08712;FGSG_08774;FGSG_09012;FGSG_09456;FGSG_09834;FGSG_10347;FGSG_13136,1,uncharacterized protein,GO:0008152;GO:0016787,6.578360149597993,15,-0.629342259851496,4.5723050229339296e-30,0,0.6390342052313883
FGSG_02559,19,0.4956480467249493,8.371054659430671,FGSG_00743;FGSG_01422;FGSG_02272;FGSG_02461;FGSG_03061;FGSG_03548;FGSG_03894;FGSG_04458;FGSG_04589;FGSG_04590;FGSG_05610;FGSG_08601;FGSG_08712;FGSG_08774;FGSG_09012;FGSG_09456;FGSG_09834;FGSG_10347;FGSG_12180,1,uncharacterized protein,,6.57463201821314,15,-0.488802423005765,0.001083957216845,0,0.6388329979879276
FGSG_04107,18,0.48763255118749976,7.898773023241135,FGSG_00743;FGSG_01422;FGSG_02271;FGSG_02272;FGSG_02461;FGSG_03061;FGSG_03894;FGSG_04458;FGSG_04590;FGSG_05610;FGSG_07075;FGSG_07528;FGSG_08712;FGSG_09012;FGSG_09456;FGSG_09834;FGSG_10347;FGSG_13136,1,uncharacterized protein,GO:0000082;GO:0005634;GO:0005737;GO:0006405;GO:0006511;GO:0006606;GO:0008536,6.574252296061459,15,-0.681127463517575,1.08157596976085e-21,0,0.6386317907444669
FGSG_10809,9,0.4866390463758077,3.942269293025283,FGSG_00743;FGSG_02272;FGSG_02461;FGSG_03061;FGSG_03894;FGSG_05610;FGSG_08774;FGSG_09012;FGSG_12180,1,uncharacterized protein,GO:0016021;GO:0055085,2.63289822548943,6,-1.25141874549821,0.0003409502872857,1,0.638430583501006
FGSG_12662,7,0.41761174534705436,2.8700613359002856,FGSG_03546;FGSG_03548;FGSG_04458;FGSG_08601;FGSG_09012;FGSG_09456;FGSG_09834,1,uncharacterized protein,,2.8700613359002856,7,-1.19869685313803,0.0009800481232054,1,0.638430583501006
FGSG_11025,20,0.4650794230200635,8.63196443789506,FGSG_02321;FGSG_02323;FGSG_02324;FGSG_02325;FGSG_02326;FGSG_02327;FGSG_02328;FGSG_02329;FGSG_02840;FGSG_03539;FGSG_03541;FGSG_03599;FGSG_03600;FGSG_03842;FGSG_08082;FGSG_08083;FGSG_09187;FGSG_11184;FGSG_11326;FGSG_13952,2,uncharacterized protein,,6.569084403332942,15,0.985888299157977,2.7037001160062397e-43,0,0.6382293762575453
FGSG_10109,18,0.4780665240256282,7.871128346347329,FGSG_00743;FGSG_01422;FGSG_02271;FGSG_02272;FGSG_02461;FGSG_03061;FGSG_03546;FGSG_03548;FGSG_03894;FGSG_04458;FGSG_04590;FGSG_05610;FGSG_07075;FGSG_08712;FGSG_09012;FGSG_09456;FGSG_09834;FGSG_10347,1,uncharacterized protein,GO:0008757;GO:0032259,6.565804145096811,15,-0.916398249560098,3.60301121335887e-12,0,0.6380281690140844
FGSG_02237,19,0.4945407316841345,8.35518916395281,FGSG_00743;FGSG_01422;FGSG_02271;FGSG_02272;FGSG_02461;FGSG_03061;FGSG_03548;FGSG_03894;FGSG_04458;FGSG_04589;FGSG_04590;FGSG_05610;FGSG_08712;FGSG_08774;FGSG_09012;FGSG_09456;FGSG_09834;FGSG_10347;FGSG_13136,1,uncharacterized protein,GO:0000082;GO:0000086;GO:0004842;GO:0007126;GO:0016363;GO:0031146;GO:0042787;GO:0043130;GO:0043224;GO:0051301,6.556698634693607,15,-0.354621173312028,3.27491731233163e-05,0,0.6378269617706237
FGSG_01222,18,0.48717319710749235,7.883698293333117,FGSG_00743;FGSG_01422;FGSG_02271;FGSG_02272;FGSG_02461;FGSG_03061;FGSG_03548;FGSG_03894;FGSG_04458;FGSG_04590;FGSG_05610;FGSG_07075;FGSG_08712;FGSG_09012;FGSG_09456;FGSG_09834;FGSG_10347;FGSG_13136,1,uncharacterized protein,GO:0003824,6.5533452508542895,15,-0.657356782202092,9.103846776200139e-13,0,0.637625754527163
FGSG_12134,26,0.46412856181381784,11.243130604238099,FGSG_00007;FGSG_01866;FGSG_02255;FGSG_02321;FGSG_02323;FGSG_02324;FGSG_02325;FGSG_02326;FGSG_02327;FGSG_02328;FGSG_02329;FGSG_02840;FGSG_03539;FGSG_03541;FGSG_03600;FGSG_03842;FGSG_03881;FGSG_07896;FGSG_08081;FGSG_08082;FGSG_08083;FGSG_08795;FGSG_09187;FGSG_11184;FGSG_11326;FGSG_13952,2,uncharacterized protein,GO:0000981;GO:0005634;GO:0006357;GO:0008270,6.553056118891087,15,0.702961514421492,1.49642472293914e-14,0,0.6374245472837022
FGSG_06526,24,0.48066500288573444,10.367249138717847,FGSG_00743;FGSG_00765;FGSG_01422;FGSG_01621;FGSG_02030;FGSG_02271;FGSG_02272;FGSG_02461;FGSG_02782;FGSG_03061;FGSG_03894;FGSG_04309;FGSG_04588;FGSG_04590;FGSG_05368;FGSG_05610;FGSG_06506;FGSG_07075;FGSG_07528;FGSG_08712;FGSG_08774;FGSG_09012;FGSG_09456;FGSG_13136,1,uncharacterized protein,,6.537608931756248,15,-0.856724357993104,1.26462408382717e-17,0,0.6370221327967807
FGSG_04542,26,0.460996279865215,11.254440908549732,FGSG_00007;FGSG_01866;FGSG_02255;FGSG_02321;FGSG_02323;FGSG_02324;FGSG_02325;FGSG_02326;FGSG_02327;FGSG_02328;FGSG_02329;FGSG_02840;FGSG_03539;FGSG_03541;FGSG_03600;FGSG_03842;FGSG_03881;FGSG_07896;FGSG_08081;FGSG_08082;FGSG_08083;FGSG_08795;FGSG_09187;FGSG_11184;FGSG_11326;FGSG_13952,2,uncharacterized protein,GO:0016620;GO:0055114,6.537543966854404,15,0.96090548824646,1.63559864557755e-12,0,0.6368209255533199
FGSG_05156,18,0.45382970361187264,7.8309019112593035,FGSG_00330;FGSG_00743;FGSG_01422;FGSG_02272;FGSG_02461;FGSG_03061;FGSG_03546;FGSG_03548;FGSG_03894;FGSG_03992;FGSG_04458;FGSG_04589;FGSG_04590;FGSG_05610;FGSG_08601;FGSG_08712;FGSG_09834;FGSG_10347,1,orotidine 5'-phosphate decarboxylase,GO:0003677;GO:0004590;GO:0005634;GO:0005829;GO:0006207;GO:0006222;GO:0006351;GO:0008270,6.534783880023918,15,-0.404677570261199,3.15903638542484e-05,0,0.6364185110663984
FGSG_01221,15,0.4589850866915255,6.305762521270363,FGSG_00007;FGSG_01866;FGSG_02321;FGSG_02326;FGSG_02327;FGSG_02328;FGSG_02329;FGSG_03539;FGSG_03842;FGSG_03881;FGSG_07896;FGSG_08081;FGSG_08082;FGSG_08083;FGSG_13952,2,uncharacterized protein,GO:0016829,3.0143588047260073,7,1.00032664528566,1.50046577881245e-08,1,0.6364185110663984
FGSG_03529,25,0.49439081340343494,10.828143041450245,FGSG_00743;FGSG_00765;FGSG_01422;FGSG_01621;FGSG_02030;FGSG_02272;FGSG_02461;FGSG_02972;FGSG_03061;FGSG_03747;FGSG_03894;FGSG_04588;FGSG_04589;FGSG_04593;FGSG_05368;FGSG_05610;FGSG_08493;FGSG_08712;FGSG_08774;FGSG_09012;FGSG_10444;FGSG_10922;FGSG_11206;FGSG_12180;FGSG_13136,1,uncharacterized protein,GO:0004553;GO:0005975,6.532425283545288,15,-0.963367573620155,7.209302923143599e-19,0,0.6362173038229376
FGSG_04937,19,0.48753462891854643,8.328370700844658,FGSG_00743;FGSG_01422;FGSG_02272;FGSG_02461;FGSG_03061;FGSG_03546;FGSG_03548;FGSG_03894;FGSG_04458;FGSG_04589;FGSG_04590;FGSG_05610;FGSG_08601;FGSG_08712;FGSG_08774;FGSG_09012;FGSG_09456;FGSG_09834;FGSG_10347,1,uncharacterized protein,,6.5295945690181405,15,-0.663846795207047,0.0003743349818152,0,0.6360160965794769
FGSG_13873,24,0.4684828577480838,10.233166564728746,FGSG_00007;FGSG_01866;FGSG_02321;FGSG_02323;FGSG_02324;FGSG_02325;FGSG_02326;FGSG_02327;FGSG_02328;FGSG_02329;FGSG_02840;FGSG_03539;FGSG_03541;FGSG_03600;FGSG_03842;FGSG_03881;FGSG_08081;FGSG_08082;FGSG_08083;FGSG_08795;FGSG_09187;FGSG_11184;FGSG_11326;FGSG_13952,2,uncharacterized protein,GO:0008080,6.526164368577574,15,0.719943039044565,3.89289408953996e-11,0,0.635814889336016
FGSG_09334,6,0.45975764160256477,2.537753562912444,FGSG_00743;FGSG_03747;FGSG_03894;FGSG_05610;FGSG_08774;FGSG_10922,1,uncharacterized protein,,1.6987423011339107,4,-3.97822108532191,6.53957432538933e-06,1,0.635680751173709
FGSG_11771,19,0.4935105199753338,8.315698620258988,FGSG_00743;FGSG_01422;FGSG_02272;FGSG_02461;FGSG_03061;FGSG_03548;FGSG_03894;FGSG_04458;FGSG_04589;FGSG_04590;FGSG_05610;FGSG_08601;FGSG_08712;FGSG_08774;FGSG_09012;FGSG_09456;FGSG_09834;FGSG_10347;FGSG_12180,1,uncharacterized protein,,6.515083332742659,15,-0.76345261511327,1.01160394147393e-07,0,0.6354124748490946
FGSG_02524,19,0.46626308644092807,8.227368297761664,FGSG_00330;FGSG_00743;FGSG_01422;FGSG_02272;FGSG_02461;FGSG_03061;FGSG_03546;FGSG_03548;FGSG_03894;FGSG_04458;FGSG_04590;FGSG_05610;FGSG_08601;FGSG_08712;FGSG_08774;FGSG_09012;FGSG_09456;FGSG_09834;FGSG_10347,1,uncharacterized protein,,6.5147780730706435,15,-0.630393067812322,6.18914171187198e-06,0,0.6352112676056338
FGSG_10363,12,0.4661838158038685,5.097321595864704,FGSG_00743;FGSG_00765;FGSG_01621;FGSG_02272;FGSG_02461;FGSG_03061;FGSG_03894;FGSG_04309;FGSG_05610;FGSG_08774;FGSG_09012;FGSG_13136,1,uncharacterized protein,,2.577363164387012,6,-1.26566953384782,2.2675658498316602e-20,1,0.6348759221998659
FGSG_01425,19,0.45528481552977557,8.16306310236128,FGSG_00330;FGSG_00743;FGSG_01422;FGSG_02272;FGSG_02461;FGSG_03061;FGSG_03546;FGSG_03548;FGSG_03894;FGSG_04458;FGSG_04589;FGSG_05610;FGSG_08601;FGSG_08712;FGSG_08774;FGSG_09012;FGSG_09456;FGSG_09834;FGSG_10347,1,plasma membrane ATPase,GO:0005524;GO:0006754;GO:0008553;GO:0016021;GO:0046872;GO:1902600,6.488069276698206,15,-0.87762558559266,8.2497978258217e-12,0,0.6346076458752514
FGSG_07211,18,0.4527956130149179,7.7509904579268,FGSG_00330;FGSG_00743;FGSG_01422;FGSG_02272;FGSG_02461;FGSG_03061;FGSG_03546;FGSG_03548;FGSG_03894;FGSG_04458;FGSG_04589;FGSG_05610;FGSG_08601;FGSG_08712;FGSG_09012;FGSG_09456;FGSG_09834;FGSG_10347,1,uncharacterized protein,,6.481476755051248,15,-0.446196285460011,0.0003492926082706,0,0.63420523138833
FGSG_01849,23,0.4625282816895202,9.798407373428365,FGSG_00007;FGSG_01866;FGSG_02255;FGSG_02320;FGSG_02321;FGSG_02323;FGSG_02324;FGSG_02325;FGSG_02326;FGSG_02327;FGSG_02328;FGSG_02329;FGSG_02903;FGSG_03600;FGSG_03842;FGSG_03881;FGSG_08082;FGSG_08083;FGSG_08795;FGSG_09187;FGSG_10670;FGSG_11326;FGSG_13952,2,uncharacterized protein,GO:0004519;GO:0004527;GO:0090305,6.479326484338098,15,0.740599016827086,1.01065769875089e-09,0,0.6338028169014084
FGSG_00796,18,0.4520247578943154,7.7505256879822175,FGSG_00330;FGSG_00743;FGSG_01422;FGSG_02272;FGSG_02461;FGSG_03061;FGSG_03546;FGSG_03548;FGSG_03894;FGSG_04458;FGSG_04590;FGSG_05610;FGSG_08601;FGSG_08712;FGSG_09012;FGSG_09456;FGSG_09834;FGSG_10347,1,uncharacterized protein,GO:0003677;GO:0005634;GO:0006302;GO:0006310,6.47665601547247,15,-0.777445897779238,0.0004341570724875,0,0.6336016096579477
FGSG_00376,18,0.47800321988358746,7.76511852110121,FGSG_00743;FGSG_01422;FGSG_02271;FGSG_02272;FGSG_02461;FGSG_03061;FGSG_03548;FGSG_03894;FGSG_04458;FGSG_04590;FGSG_05610;FGSG_07075;FGSG_07528;FGSG_08712;FGSG_09012;FGSG_09456;FGSG_09834;FGSG_10347,1,NADH dehydrogenase iron-sulfur protein 2,GO:0016651;GO:0048038;GO:0051287;GO:0055114,6.475165020486746,15,-0.538077350557292,2.9211703462644398e-12,0,0.6334004024144869
FGSG_02819,30,0.4549736130228809,12.943165970230176,FGSG_00007;FGSG_01866;FGSG_02255;FGSG_02320;FGSG_02321;FGSG_02323;FGSG_02324;FGSG_02325;FGSG_02326;FGSG_02327;FGSG_02328;FGSG_02329;FGSG_03532;FGSG_03539;FGSG_03541;FGSG_03543;FGSG_03600;FGSG_03842;FGSG_03881;FGSG_08081;FGSG_08082;FGSG_08083;FGSG_08084;FGSG_08795;FGSG_09064;FGSG_09187;FGSG_10670;FGSG_11184;FGSG_11326;FGSG_13952,2,uncharacterized protein,,6.47083140524245,15,0.966223244251677,2.26134507004006e-08,0,0.6331991951710262
FGSG_10293,22,0.4860262166877433,9.463771399012636,FGSG_00743;FGSG_01422;FGSG_02030;FGSG_02271;FGSG_02272;FGSG_02461;FGSG_02782;FGSG_03061;FGSG_03894;FGSG_04588;FGSG_04590;FGSG_05368;FGSG_05610;FGSG_07075;FGSG_07528;FGSG_08712;FGSG_08774;FGSG_09012;FGSG_09456;FGSG_09834;FGSG_10947;FGSG_13136,1,uncharacterized protein,GO:0005750;GO:0006122;GO:0008121;GO:0009060;GO:0034551;GO:1902600,6.468894820973247,15,-0.884602388265144,4.9675670455849e-13,0,0.6329979879275653
FGSG_08727,7,0.45852190981199,3.097078428885871,FGSG_02271;FGSG_02272;FGSG_02461;FGSG_03061;FGSG_03894;FGSG_05610;FGSG_13136,1,uncharacterized protein,,2.646337928938886,6,-1.19278601301321,2.7172687565193797e-34,1,0.6329309188464118
FGSG_08498,23,0.49364649074022465,9.862793154314375,FGSG_00743;FGSG_00765;FGSG_02030;FGSG_02272;FGSG_02461;FGSG_02972;FGSG_03061;FGSG_03747;FGSG_03894;FGSG_04588;FGSG_04589;FGSG_04593;FGSG_05368;FGSG_05610;FGSG_08493;FGSG_08712;FGSG_08774;FGSG_09012;FGSG_10444;FGSG_10922;FGSG_11206;FGSG_12180;FGSG_13136,1,aspartate-semialdehyde dehydrogenase,GO:0003942;GO:0004073;GO:0005634;GO:0005829;GO:0006531;GO:0009086;GO:0009088;GO:0009089;GO:0009090;GO:0009097;GO:0046983;GO:0050661;GO:0051287;GO:0055114,6.428840269088934,15,-0.822081868190457,2.47180275320246e-14,0,0.632394366197183
FGSG_00261,18,0.46312694055050635,7.703798428698065,FGSG_00743;FGSG_01422;FGSG_02271;FGSG_02272;FGSG_02461;FGSG_03061;FGSG_03546;FGSG_03548;FGSG_03894;FGSG_04458;FGSG_04590;FGSG_05610;FGSG_07075;FGSG_08712;FGSG_09012;FGSG_09456;FGSG_09834;FGSG_10347,1,uncharacterized protein,GO:0034975;GO:0072546,6.421682749432844,15,-0.420647662033643,5.98437082131701e-06,0,0.6321931589537223
FGSG_04217,7,0.4475137231424489,3.012954516348094,FGSG_02321;FGSG_02326;FGSG_02327;FGSG_02328;FGSG_02329;FGSG_08083;FGSG_11326,2,uncharacterized protein,GO:0016021;GO:0055085,2.612276699712206,6,1.19685262279869,9.47746490406489e-10,1,0.6320590207914152
FGSG_08751,17,0.4512733856610383,7.249570797899905,FGSG_00330;FGSG_00743;FGSG_01422;FGSG_02272;FGSG_03061;FGSG_03546;FGSG_03548;FGSG_03894;FGSG_04458;FGSG_04589;FGSG_05610;FGSG_08601;FGSG_08712;FGSG_09012;FGSG_09834;FGSG_10347;FGSG_12180,1,uncharacterized protein,,6.414002722257999,15,-0.616750819501685,0.0002242216959784,0,0.6319919517102616
FGSG_08710,18,0.4522291922403323,7.655251170367978,FGSG_00330;FGSG_00743;FGSG_01422;FGSG_02272;FGSG_02461;FGSG_03061;FGSG_03546;FGSG_03548;FGSG_03894;FGSG_04458;FGSG_04589;FGSG_05610;FGSG_08601;FGSG_08712;FGSG_09012;FGSG_09834;FGSG_10347;FGSG_12180,1,uncharacterized protein,GO:0005525,6.412254662509886,15,-0.459589931497586,2.83490473103895e-05,0,0.6317907444668008
FGSG_12976,5,0.44505956450326767,2.126607889873004,FGSG_00743;FGSG_02272;FGSG_03061;FGSG_03894;FGSG_05610,1,uncharacterized protein,,1.6926740776413083,4,-3.76254720734364,0.0017265539766819,1,0.6317236753856472
FGSG_09897,17,0.4418649940160294,7.262169854155941,FGSG_00330;FGSG_00743;FGSG_01422;FGSG_02272;FGSG_03061;FGSG_03546;FGSG_03548;FGSG_03894;FGSG_03992;FGSG_04458;FGSG_04589;FGSG_04590;FGSG_05610;FGSG_08601;FGSG_08712;FGSG_09834;FGSG_10347,1,carbon catabolite derepressing protein kinase,GO:0000324;GO:0001302;GO:0001403;GO:0004679;GO:0005524;GO:0005641;GO:0005829;GO:0006468;GO:0006995;GO:0007124;GO:0007155;GO:0017148;GO:0031588;GO:0044732;GO:0045722;GO:0071940;GO:0090606;GO:1900436,6.410685494186092,15,-0.706311546190083,2.40622039462534e-07,0,0.63158953722334
FGSG_01397,18,0.4582288418950539,7.695568263782777,FGSG_00743;FGSG_01422;FGSG_02271;FGSG_02272;FGSG_02461;FGSG_03061;FGSG_03546;FGSG_03548;FGSG_03894;FGSG_04458;FGSG_04590;FGSG_05610;FGSG_07075;FGSG_08712;FGSG_09012;FGSG_09456;FGSG_09834;FGSG_10347,1,methionine aminopeptidase 1 precursor,GO:0006508;GO:0022626;GO:0046872;GO:0070006;GO:0070084,6.403724208115608,15,-0.259657125776102,0.0077454411972733,0,0.6309859154929578
FGSG_06230,17,0.4517473892735204,7.237193233446316,FGSG_00330;FGSG_00743;FGSG_01422;FGSG_02272;FGSG_03061;FGSG_03546;FGSG_03548;FGSG_03894;FGSG_04458;FGSG_04589;FGSG_05610;FGSG_08601;FGSG_08712;FGSG_09012;FGSG_09834;FGSG_10347;FGSG_12180,1,uncharacterized protein,,6.397673851474979,15,-0.596691191360323,0.0059505191648795,0,0.630784708249497
FGSG_11716,26,0.4493229006497398,10.985377881702105,FGSG_00007;FGSG_01866;FGSG_02255;FGSG_02320;FGSG_02321;FGSG_02323;FGSG_02324;FGSG_02325;FGSG_02326;FGSG_02327;FGSG_02328;FGSG_02329;FGSG_02903;FGSG_03532;FGSG_03543;FGSG_03842;FGSG_03881;FGSG_08078;FGSG_08083;FGSG_08795;FGSG_09064;FGSG_09187;FGSG_10670;FGSG_11326;FGSG_12211;FGSG_13952,2,uncharacterized protein,GO:0005524,6.397481297892919,15,0.861237556139199,1.55885509117862e-09,0,0.6305835010060362
FGSG_11596,17,0.4556288311396951,7.22255560476053,FGSG_00330;FGSG_00743;FGSG_01422;FGSG_02272;FGSG_03061;FGSG_03546;FGSG_03548;FGSG_03894;FGSG_04458;FGSG_04589;FGSG_05610;FGSG_08601;FGSG_08712;FGSG_09012;FGSG_09834;FGSG_10347;FGSG_12180,1,uncharacterized protein,GO:0005840,6.376722958221834,15,-0.268737311247862,0.0126977663361506,0,0.6303822937625754
FGSG_02098,18,0.4581167182406172,7.590544553345844,FGSG_00330;FGSG_01422;FGSG_02271;FGSG_02272;FGSG_02461;FGSG_03061;FGSG_03295;FGSG_03546;FGSG_03548;FGSG_03992;FGSG_04458;FGSG_04590;FGSG_05610;FGSG_07075;FGSG_08601;FGSG_09456;FGSG_09834;FGSG_10347,1,uncharacterized protein,GO:0003735;GO:0006412;GO:0015934;GO:0051087,6.3667035491105555,15,-0.596109862509097,1.6996753814935902e-09,0,0.6301810865191148
FGSG_10673,10,0.44650942913722796,4.1936193903202525,FGSG_00007;FGSG_01866;FGSG_02326;FGSG_02327;FGSG_02328;FGSG_02329;FGSG_03842;FGSG_03881;FGSG_08083;FGSG_13952,2,uncharacterized protein,GO:0016620;GO:0055114,2.9534788054910392,7,1.04163285785311,0.032543614320095,1,0.6301140174379611
FGSG_08398,26,0.4503772996268609,10.937695659130268,FGSG_00007;FGSG_01866;FGSG_02255;FGSG_02320;FGSG_02321;FGSG_02323;FGSG_02324;FGSG_02325;FGSG_02326;FGSG_02327;FGSG_02328;FGSG_02329;FGSG_02903;FGSG_03532;FGSG_03543;FGSG_03842;FGSG_03881;FGSG_08081;FGSG_08083;FGSG_08795;FGSG_09064;FGSG_09187;FGSG_10670;FGSG_11326;FGSG_12211;FGSG_13952,2,glucosamine-6-phosphate isomerase,GO:0004342;GO:0005975;GO:0006044;GO:0016787,6.366688828302249,15,0.689448625715897,6.65249483587788e-16,0,0.6299798792756539
FGSG_06812,17,0.4345769006390848,7.136293019772539,FGSG_00330;FGSG_00743;FGSG_01422;FGSG_02272;FGSG_03061;FGSG_03546;FGSG_03548;FGSG_03894;FGSG_03992;FGSG_04458;FGSG_04589;FGSG_04590;FGSG_05610;FGSG_08601;FGSG_08712;FGSG_09834;FGSG_10347,1,uncharacterized protein,GO:0003677;GO:0005634,6.304823656157886,15,-0.811862388434286,0.0039867969483384,0,0.6295774647887323
FGSG_00068,5,0.43796958764574706,2.168284467683032,FGSG_02326;FGSG_02327;FGSG_02328;FGSG_02329;FGSG_08083,2,alpha-galactosidase C precursor,GO:0004557;GO:0005975,2.168284467683032,5,1.57799545741768,4.08870308107566e-05,1,0.6292421193829645
FGSG_08627,18,0.4891611480060606,7.986629154108436,FGSG_00743;FGSG_01422;FGSG_02271;FGSG_02272;FGSG_02461;FGSG_03061;FGSG_03548;FGSG_03894;FGSG_04458;FGSG_04590;FGSG_05610;FGSG_07075;FGSG_08712;FGSG_08774;FGSG_09012;FGSG_09456;FGSG_09834;FGSG_10347,1,riboflavin kinase,GO:0005743;GO:0008531;GO:0009231;GO:0009398;GO:0016310,6.216489967785185,14,-0.986465575226906,1.0581293794998101e-15,0,0.6289738430583501
FGSG_10868,18,0.49180270393882836,7.977545833165528,FGSG_00743;FGSG_01422;FGSG_02271;FGSG_02272;FGSG_02461;FGSG_03061;FGSG_03548;FGSG_03894;FGSG_04458;FGSG_04590;FGSG_05610;FGSG_07075;FGSG_08712;FGSG_08774;FGSG_09012;FGSG_09456;FGSG_09834;FGSG_10347,1,uncharacterized protein,GO:0000978;GO:0003700;GO:0005634;GO:0016458;GO:0045944;GO:0060257;GO:1900460;GO:1900462,6.192498515275838,14,-0.643825850245213,1.3327592227955e-11,0,0.6287726358148893
FGSG_03294,15,0.4756842276543979,6.592199625721858,FGSG_00330;FGSG_01422;FGSG_03546;FGSG_03547;FGSG_03548;FGSG_03992;FGSG_04458;FGSG_04589;FGSG_04591;FGSG_08601;FGSG_08712;FGSG_09280;FGSG_09456;FGSG_09834;FGSG_10347,1,uncharacterized protein,GO:0000981;GO:0003677;GO:0005634;GO:0006351;GO:0006357;GO:0008270,6.188471812903877,14,-0.904975094123746,4.42012830987422e-13,0,0.6285714285714286
FGSG_12555,5,0.42903831689916827,2.1153970913998044,FGSG_02271;FGSG_02272;FGSG_02461;FGSG_03061;FGSG_05610,1,uncharacterized protein,,1.6863587745006359,4,-3.60181906666946,2.3772157167871e-175,1,0.6283702213279678
FGSG_06674,18,0.49034158582510734,7.930890933890545,FGSG_00743;FGSG_01422;FGSG_02271;FGSG_02272;FGSG_02461;FGSG_03061;FGSG_03894;FGSG_04458;FGSG_04590;FGSG_05610;FGSG_07075;FGSG_08712;FGSG_08774;FGSG_09012;FGSG_09456;FGSG_09834;FGSG_10347;FGSG_13136,1,uncharacterized protein,GO:0000287;GO:0008270;GO:0016616;GO:0051287;GO:0055114,6.18535094673563,14,-0.54311618768847,7.616808015839941e-10,0,0.6283702213279678
FGSG_13099,18,0.4814638333374185,7.9177059349057535,FGSG_00743;FGSG_01422;FGSG_02271;FGSG_02272;FGSG_02461;FGSG_03061;FGSG_03548;FGSG_03894;FGSG_04458;FGSG_04590;FGSG_05610;FGSG_07075;FGSG_08712;FGSG_08774;FGSG_09012;FGSG_09456;FGSG_09834;FGSG_10347,1,uncharacterized protein,GO:0005198;GO:0005967;GO:0006086;GO:0016746,6.146660371022849,14,-0.494713164488004,2.3397151822715e-07,0,0.628169014084507
FGSG_03375,29,0.4637052820043364,12.672804903262218,FGSG_00007;FGSG_01866;FGSG_02255;FGSG_02321;FGSG_02323;FGSG_02324;FGSG_02325;FGSG_02326;FGSG_02327;FGSG_02328;FGSG_02329;FGSG_03532;FGSG_03535;FGSG_03539;FGSG_03541;FGSG_03543;FGSG_03600;FGSG_03842;FGSG_03881;FGSG_07896;FGSG_08081;FGSG_08082;FGSG_08083;FGSG_08084;FGSG_08795;FGSG_09187;FGSG_11184;FGSG_11326;FGSG_13952,2,uncharacterized protein,GO:0016021;GO:0016491;GO:0055114,6.142086634513381,14,0.95260928174161,1.27654340702278e-27,0,0.6279678068410462
FGSG_04288,6,0.4157421696068068,2.4428807262172367,FGSG_02272;FGSG_02461;FGSG_03061;FGSG_03894;FGSG_05610;FGSG_13136,1,uncharacterized protein,GO:0000122;GO:0000502;GO:0000978;GO:0001077;GO:0005634;GO:0006282;GO:0006366;GO:0032436;GO:0036003;GO:0046872,2.0278938514249867,5,-2.42376544482774,2.8597499358908403e-112,1,0.6279007377598926
FGSG_03933,18,0.4921927265138087,7.893369724043856,FGSG_00743;FGSG_01422;FGSG_02271;FGSG_02272;FGSG_02461;FGSG_03061;FGSG_03894;FGSG_04458;FGSG_04590;FGSG_05610;FGSG_07075;FGSG_08712;FGSG_08774;FGSG_09012;FGSG_09456;FGSG_09834;FGSG_10347;FGSG_13136,1,uncharacterized protein,GO:0004061;GO:0019441,6.134249572522272,14,-0.585278970489138,1.0869718987291198e-11,0,0.6277665995975855
FGSG_09390,17,0.4476193088608211,7.386830952442851,FGSG_00330;FGSG_00743;FGSG_01422;FGSG_02272;FGSG_02461;FGSG_03061;FGSG_03546;FGSG_03548;FGSG_03894;FGSG_04458;FGSG_05610;FGSG_08601;FGSG_08712;FGSG_09012;FGSG_09456;FGSG_09834;FGSG_10347,1,uncharacterized protein,,6.113596857181159,14,-0.981956469907976,0.0002086906780498,0,0.6271629778672032
FGSG_00529,16,0.45252058510525206,6.944575527246159,FGSG_00330;FGSG_01422;FGSG_02272;FGSG_02461;FGSG_03061;FGSG_03546;FGSG_03548;FGSG_03894;FGSG_03992;FGSG_04458;FGSG_05610;FGSG_08601;FGSG_09012;FGSG_09456;FGSG_09834;FGSG_10347,1,ammonium transporter MEP1,GO:0008519;GO:0016021;GO:0072488,6.107896957060157,14,-0.67955686072974,1.4615240723779697e-11,0,0.6269617706237425
FGSG_02052,7,0.44172986389826874,2.9496911778799673,FGSG_00743;FGSG_02272;FGSG_03061;FGSG_03894;FGSG_04589;FGSG_05610;FGSG_08712,1,uncharacterized protein,,2.519299879769096,6,-1.27390696777747,0.0288413493149973,1,0.626559356136821
FGSG_10830,23,0.49465729680206527,9.95056006242812,FGSG_00743;FGSG_00765;FGSG_01422;FGSG_01621;FGSG_02030;FGSG_02272;FGSG_02461;FGSG_03061;FGSG_03747;FGSG_03894;FGSG_04588;FGSG_04589;FGSG_04593;FGSG_05368;FGSG_05610;FGSG_08493;FGSG_08712;FGSG_08774;FGSG_09012;FGSG_10922;FGSG_11206;FGSG_12180;FGSG_13136,1,uncharacterized protein,GO:0000166;GO:0000346;GO:0003723;GO:0006283;GO:0016973;GO:1902281;GO:1990119,6.087224500423118,14,-0.487836607830761,2.2780618085364101e-10,0,0.6263581488933602
FGSG_05593,24,0.4647138900160075,10.250844573630719,FGSG_00007;FGSG_01866;FGSG_02255;FGSG_02321;FGSG_02323;FGSG_02324;FGSG_02325;FGSG_02326;FGSG_02327;FGSG_02328;FGSG_02329;FGSG_03539;FGSG_03541;FGSG_03600;FGSG_03842;FGSG_03881;FGSG_08081;FGSG_08082;FGSG_08083;FGSG_08795;FGSG_09187;FGSG_11184;FGSG_11326;FGSG_13952,2,uncharacterized protein,GO:0006665;GO:0008168;GO:0016021;GO:0032259,6.082770611901117,14,0.622993865015904,6.337673588031329e-11,0,0.6261569416498993
FGSG_09726,7,0.4368689953726726,2.954371800079712,FGSG_02271;FGSG_02272;FGSG_02461;FGSG_03061;FGSG_03894;FGSG_05610;FGSG_13136,1,uncharacterized protein,GO:0000981;GO:0005634;GO:0006357;GO:0008270,2.5310252730526326,6,-1.24774898656987,7.56579511956055e-07,1,0.6254191817572099
FGSG_01443,16,0.45659022425296,6.917790190631003,FGSG_00330;FGSG_00743;FGSG_01422;FGSG_02272;FGSG_03061;FGSG_03546;FGSG_03548;FGSG_03894;FGSG_03992;FGSG_04458;FGSG_04589;FGSG_05610;FGSG_08601;FGSG_08712;FGSG_09834;FGSG_10347,1,uncharacterized protein,GO:0000790;GO:0003676;GO:0004523;GO:0005730;GO:0006401;GO:0090502,6.0698251383502235,14,-0.59008608119992,4.25256732617759e-05,0,0.6253521126760563
FGSG_06701,21,0.4957864275231517,9.082074504040513,FGSG_00743;FGSG_00765;FGSG_01422;FGSG_02030;FGSG_02271;FGSG_02272;FGSG_02461;FGSG_03061;FGSG_03894;FGSG_04458;FGSG_04589;FGSG_04590;FGSG_04593;FGSG_05610;FGSG_08712;FGSG_08774;FGSG_09012;FGSG_10347;FGSG_11206;FGSG_12180;FGSG_13136,1,uncharacterized protein,GO:0003676,6.069046153973944,14,-0.746307898372941,8.30001303131859e-16,0,0.6251509054325955
FGSG_06246,20,0.49407813583267346,8.628550088580083,FGSG_00743;FGSG_01422;FGSG_02272;FGSG_02461;FGSG_02554;FGSG_02972;FGSG_03061;FGSG_03894;FGSG_04458;FGSG_04589;FGSG_04593;FGSG_05610;FGSG_08601;FGSG_08712;FGSG_08774;FGSG_09012;FGSG_10347;FGSG_10922;FGSG_12180;FGSG_12223,1,heat shock protein 60,GO:0003688;GO:0003697;GO:0003779;GO:0005524;GO:0005758;GO:0006458;GO:0016887;GO:0031966;GO:0042026;GO:0042645;GO:0045041;GO:0050821;GO:0051082;GO:0051087;GO:0051131;GO:0051604,6.066837084014808,14,-0.775301338399167,7.017123034446881e-15,0,0.6249496981891348
FGSG_02825,16,0.45528587895791167,6.913695123060512,FGSG_00330;FGSG_00743;FGSG_01422;FGSG_02272;FGSG_03061;FGSG_03546;FGSG_03548;FGSG_03894;FGSG_04458;FGSG_04589;FGSG_05610;FGSG_08601;FGSG_08712;FGSG_09834;FGSG_10347;FGSG_12180,1,uncharacterized protein,GO:0000981;GO:0003677;GO:0005634;GO:0006351;GO:0006357;GO:0008270,6.063902929181179,14,-0.999633937172652,1.95578105111404e-08,0,0.6245472837022132
FGSG_01808,8,0.44490211666531193,3.4041246406303993,FGSG_02320;FGSG_02321;FGSG_02326;FGSG_02327;FGSG_02328;FGSG_02329;FGSG_08083;FGSG_11326,2,uncharacterized protein,GO:0000981;GO:0003677;GO:0005634;GO:0006351;GO:0006357;GO:0006508;GO:0008233;GO:0008270,2.5870270790550935,6,1.15332958399973,1.01885035640807e-17,1,0.6245472837022132
FGSG_11553,23,0.46661713642565483,9.746132419615208,FGSG_00007;FGSG_01866;FGSG_02321;FGSG_02323;FGSG_02324;FGSG_02325;FGSG_02326;FGSG_02327;FGSG_02328;FGSG_02329;FGSG_03539;FGSG_03541;FGSG_03600;FGSG_03842;FGSG_03881;FGSG_08081;FGSG_08082;FGSG_08083;FGSG_08795;FGSG_09187;FGSG_10670;FGSG_11326;FGSG_13952,2,uncharacterized protein,,6.063684778822087,14,0.994400433331242,0.0001054023743472,0,0.6243460764587525
FGSG_04663,8,0.44582353175771555,3.353053703925115,FGSG_00007;FGSG_02324;FGSG_02326;FGSG_02327;FGSG_03842;FGSG_08082;FGSG_08083;FGSG_13952,2,uncharacterized protein,GO:0008270;GO:0016491;GO:0055114,2.537182421305131,6,1.22392505087143,0.005249625048504,1,0.6242119382964453
FGSG_06268,18,0.4498830733866592,7.7010003591244205,FGSG_00330;FGSG_00743;FGSG_01422;FGSG_02272;FGSG_02461;FGSG_03061;FGSG_03546;FGSG_03548;FGSG_03894;FGSG_04458;FGSG_04589;FGSG_05610;FGSG_08601;FGSG_08774;FGSG_09012;FGSG_09456;FGSG_09834;FGSG_10347,1,cytochrome c oxidase polypeptide VIb,GO:0004129;GO:0005758;GO:1902600,6.04946180897891,14,-0.564204083317676,1.66435394427905e-07,0,0.6239436619718309
FGSG_02481,17,0.47426281857752745,7.351183873835014,FGSG_00743;FGSG_01422;FGSG_02271;FGSG_02272;FGSG_02461;FGSG_03061;FGSG_03548;FGSG_03894;FGSG_04458;FGSG_04590;FGSG_05610;FGSG_07075;FGSG_08712;FGSG_09012;FGSG_09456;FGSG_09834;FGSG_10347,1,uncharacterized protein,GO:0005794;GO:0016021,6.045838304982544,14,-0.211220698085803,0.0016877160542865,0,0.6237424547283702
FGSG_05328,16,0.4561016153300066,6.900688464102498,FGSG_00330;FGSG_00743;FGSG_01422;FGSG_02272;FGSG_03061;FGSG_03546;FGSG_03548;FGSG_03894;FGSG_04458;FGSG_04589;FGSG_05610;FGSG_08601;FGSG_08712;FGSG_09834;FGSG_10347;FGSG_12180,1,cytochrome b2,GO:0004460;GO:0005758;GO:0006089;GO:0010181;GO:0020037;GO:0046872;GO:0055114,6.042677137861027,14,-0.715375009082739,6.1432401769500295e-12,0,0.6235412474849095
FGSG_04941,21,0.46520017468451313,8.907428377021247,FGSG_00007;FGSG_01866;FGSG_02321;FGSG_02323;FGSG_02324;FGSG_02325;FGSG_02326;FGSG_02327;FGSG_02328;FGSG_02329;FGSG_03541;FGSG_03600;FGSG_03842;FGSG_03881;FGSG_08082;FGSG_08083;FGSG_08795;FGSG_09187;FGSG_10670;FGSG_11326;FGSG_13952,2,uncharacterized protein,GO:0016021;GO:0016491;GO:0055114,6.040469787493333,14,0.775985582459432,2.46517536990655e-08,0,0.6231388329979879
FGSG_08770,15,0.4608461249830816,6.4514791945098064,FGSG_00330;FGSG_01422;FGSG_03546;FGSG_03547;FGSG_03548;FGSG_03992;FGSG_04458;FGSG_04589;FGSG_04590;FGSG_04591;FGSG_08601;FGSG_08712;FGSG_09280;FGSG_09834;FGSG_10347,1,uncharacterized protein,,6.0393735619521784,14,-0.60512262897832,2.80376409525872e-05,0,0.6229376257545272
FGSG_08519,18,0.4831640268924219,7.7704407545845,FGSG_00743;FGSG_01422;FGSG_02272;FGSG_02461;FGSG_03061;FGSG_03546;FGSG_03548;FGSG_03894;FGSG_04458;FGSG_04589;FGSG_05610;FGSG_08601;FGSG_08712;FGSG_08774;FGSG_09012;FGSG_09834;FGSG_10347;FGSG_12180,1,uncharacterized protein,GO:0005452;GO:0015698;GO:0016021,6.038364678411003,14,-0.457779599177865,0.0010282330389236,0,0.6227364185110663
FGSG_09231,22,0.4979567914302956,9.43881252156793,FGSG_00743;FGSG_00765;FGSG_01422;FGSG_02030;FGSG_02272;FGSG_02461;FGSG_02972;FGSG_03061;FGSG_03747;FGSG_03894;FGSG_04588;FGSG_04589;FGSG_04593;FGSG_05368;FGSG_05610;FGSG_08493;FGSG_08712;FGSG_08774;FGSG_09012;FGSG_10922;FGSG_12180;FGSG_13136,1,uncharacterized protein,,6.035055399354068,14,-0.857966152726552,2.70929301896264e-10,0,0.6225352112676057
FGSG_05656,21,0.4968583030652744,9.024043083494846,FGSG_00743;FGSG_00765;FGSG_01422;FGSG_02030;FGSG_02272;FGSG_02461;FGSG_03061;FGSG_03894;FGSG_04588;FGSG_04589;FGSG_04590;FGSG_04593;FGSG_05368;FGSG_05610;FGSG_08712;FGSG_08774;FGSG_09012;FGSG_10922;FGSG_11206;FGSG_12180;FGSG_13136,1,uncharacterized protein,GO:0005789;GO:0006612;GO:0008565;GO:0009408;GO:0016021;GO:0045047,6.015468847753983,14,-0.635585378890654,5.1931055750541006e-15,0,0.6219315895372233
FGSG_05145,17,0.45651035944767254,7.259152587745212,FGSG_00330;FGSG_00743;FGSG_01422;FGSG_02272;FGSG_02554;FGSG_03061;FGSG_03546;FGSG_03548;FGSG_03894;FGSG_04458;FGSG_04589;FGSG_05610;FGSG_08601;FGSG_08712;FGSG_09834;FGSG_10347;FGSG_12180,1,uncharacterized protein,,5.9956815688637555,14,-0.82508161325209,1.13415415457956e-09,0,0.6217303822937625
FGSG_02145,7,0.45140582101981624,2.981578663662342,FGSG_00743;FGSG_02272;FGSG_02461;FGSG_03061;FGSG_03894;FGSG_05610;FGSG_09012,1,high-affinity methionine permease,GO:0003333;GO:0015171;GO:0016021;GO:0042883;GO:0044690,2.1538740306911475,5,-1.5102432991096,0.0096923937101739,1,0.621663313212609
FGSG_01182,16,0.4539023950103754,6.804197351293485,FGSG_00330;FGSG_00743;FGSG_01422;FGSG_02272;FGSG_03061;FGSG_03546;FGSG_03548;FGSG_03894;FGSG_04458;FGSG_04589;FGSG_05610;FGSG_08601;FGSG_09012;FGSG_09456;FGSG_09834;FGSG_10347,1,uncharacterized protein,GO:0000781;GO:0003690;GO:0003887;GO:0006272;GO:0006273;GO:0006348;GO:0008622;GO:0008623;GO:0031492;GO:0042276;GO:0042766;GO:0043044;GO:0046982;GO:0070868;GO:0090399,5.986982926473185,14,-0.532785357406267,0.0001733575490031,0,0.6213279678068411
FGSG_11480,31,0.4632286184722505,13.27964063209456,FGSG_00007;FGSG_01866;FGSG_02255;FGSG_02321;FGSG_02323;FGSG_02324;FGSG_02325;FGSG_02326;FGSG_02327;FGSG_02328;FGSG_02329;FGSG_03532;FGSG_03535;FGSG_03539;FGSG_03541;FGSG_03543;FGSG_03600;FGSG_03842;FGSG_03881;FGSG_07896;FGSG_08079;FGSG_08081;FGSG_08082;FGSG_08083;FGSG_08084;FGSG_08795;FGSG_09064;FGSG_09187;FGSG_11184;FGSG_11326;FGSG_13952,2,uncharacterized protein,GO:0016021;GO:0022891;GO:0055085,5.986626257449647,14,0.904967772503284,5.00641556085079e-27,0,0.6211267605633802
FGSG_03024,6,0.4303842888426478,2.5005064837725297,FGSG_02272;FGSG_02461;FGSG_03061;FGSG_05610;FGSG_09456;FGSG_09834,1,uncharacterized protein,GO:0016021;GO:0055085,2.0918529285526817,5,-1.78075474657211,0.0207120471885549,1,0.6209926224010731
FGSG_02491,18,0.45009526322513227,7.614957559361388,FGSG_00330;FGSG_00743;FGSG_01422;FGSG_02272;FGSG_02461;FGSG_03061;FGSG_03546;FGSG_03548;FGSG_03894;FGSG_04458;FGSG_04589;FGSG_05610;FGSG_08601;FGSG_08774;FGSG_09012;FGSG_09456;FGSG_09834;FGSG_10347,1,uncharacterized protein,GO:0000287;GO:0005634;GO:0005829;GO:0016311;GO:0019284;GO:0019509;GO:0043715;GO:0043716;GO:0043874,5.98183272840158,14,-0.573288114543448,8.10586100521951e-05,0,0.6205231388329979
FGSG_08457,9,0.4550978456858573,3.858231436022667,FGSG_00743;FGSG_00765;FGSG_02272;FGSG_02461;FGSG_03061;FGSG_03894;FGSG_05610;FGSG_08774;FGSG_13136,1,uncharacterized protein,GO:0005737,2.2053353695464533,5,-1.40359000132865,1.24575040079791e-38,1,0.62018779342723
FGSG_01155,16,0.45927025021107787,6.776869593486814,FGSG_00330;FGSG_00743;FGSG_01422;FGSG_02272;FGSG_03061;FGSG_03546;FGSG_03547;FGSG_03548;FGSG_03894;FGSG_04458;FGSG_04589;FGSG_05610;FGSG_08601;FGSG_09012;FGSG_09834;FGSG_10347,1,vacuolar protein sorting-associated protein 26B-B,GO:0005634;GO:0005768;GO:0005829;GO:0006886;GO:0030906;GO:0042147;GO:0045053,5.969722895574518,14,-0.282474138115705,0.0032865239940507,0,0.6201207243460765
FGSG_07688,19,0.4589996872989599,8.02345136077022,FGSG_01866;FGSG_02320;FGSG_02321;FGSG_02323;FGSG_02324;FGSG_02325;FGSG_02326;FGSG_02327;FGSG_02328;FGSG_02329;FGSG_02903;FGSG_03842;FGSG_03881;FGSG_08083;FGSG_08795;FGSG_09187;FGSG_10670;FGSG_11326;FGSG_13952,2,uncharacterized protein,,5.965495888588814,14,0.948549799182584,1.22180753043412e-12,0,0.6199195171026157
FGSG_00053,6,0.4420767042986671,2.565668868973949,FGSG_02320;FGSG_02326;FGSG_02327;FGSG_02328;FGSG_02329;FGSG_11326,2,aryl-alcohol dehydrogenase,,2.1574161669611085,5,1.46819944270814,1.39237964638853e-39,1,0.6198524480214621
FGSG_01028,18,0.47252669702513517,7.635524348559279,FGSG_00743;FGSG_01422;FGSG_02272;FGSG_02461;FGSG_03061;FGSG_03546;FGSG_03548;FGSG_03894;FGSG_04458;FGSG_04589;FGSG_05610;FGSG_08601;FGSG_08712;FGSG_08774;FGSG_09012;FGSG_10347;FGSG_10922;FGSG_12180,1,uncharacterized protein,GO:0005739;GO:0006457;GO:0009060;GO:0016021;GO:0016226;GO:0051087;GO:0051259,5.964345602964234,14,-0.722277112266438,4.87671579359398e-07,0,0.6197183098591549
FGSG_01223,16,0.4412735719737895,6.775146732671639,FGSG_00330;FGSG_00743;FGSG_01422;FGSG_02272;FGSG_03061;FGSG_03546;FGSG_03548;FGSG_03894;FGSG_04458;FGSG_04589;FGSG_05610;FGSG_08601;FGSG_09012;FGSG_09456;FGSG_09834;FGSG_10347,1,uncharacterized protein,GO:0016021,5.9560744022355285,14,-0.973845084019981,0.0264704148018279,0,0.6195171026156941
FGSG_00282,16,0.44537427532168333,6.764697226064753,FGSG_00330;FGSG_00743;FGSG_01422;FGSG_02272;FGSG_03061;FGSG_03546;FGSG_03548;FGSG_03894;FGSG_04458;FGSG_04589;FGSG_05610;FGSG_08601;FGSG_09012;FGSG_09456;FGSG_09834;FGSG_10347,1,uncharacterized protein,,5.954333028462435,14,-0.812192437088408,0.0475675162006814,0,0.6193158953722334
FGSG_04567,10,0.4629988166123817,4.3626148710837835,FGSG_00743;FGSG_02272;FGSG_02461;FGSG_03061;FGSG_03894;FGSG_04309;FGSG_05610;FGSG_08774;FGSG_09012;FGSG_13136,1,monothiol glutaredoxin-5,GO:0005759;GO:0006970;GO:0009055;GO:0015035;GO:0015038;GO:0034599;GO:0045454;GO:0055114,2.6538807470337047,6,-1.07943868781007,1.2903560074918e-18,1,0.6193158953722333
FGSG_07766,4,0.4171884895195543,1.6400183039285954,FGSG_02324;FGSG_02325;FGSG_02327;FGSG_02903,2,uncharacterized protein,,1.6400183039285954,4,5.44585819151159,0.0001347954462301,1,0.6190476190476191
FGSG_05632,16,0.4453230606331474,6.774456175314509,FGSG_00330;FGSG_00743;FGSG_01422;FGSG_02272;FGSG_03061;FGSG_03546;FGSG_03548;FGSG_03894;FGSG_04458;FGSG_04589;FGSG_05610;FGSG_08601;FGSG_08712;FGSG_09012;FGSG_09834;FGSG_10347,1,uncharacterized protein,GO:0003756;GO:0005634;GO:0005829;GO:0006457;GO:0016972;GO:0030176;GO:0055114,5.932077328225591,14,-0.372854109837247,0.0040206901531441,0,0.6189134808853118
FGSG_08064,7,0.4246751366015622,2.905354770846393,FGSG_02324;FGSG_02325;FGSG_02326;FGSG_02327;FGSG_02328;FGSG_02329;FGSG_11326,2,uncharacterized protein,GO:0000981;GO:0003677;GO:0005634;GO:0006351;GO:0006357;GO:0008270,2.905354770846393,7,1.01298147356056,2.84743961231993e-06,1,0.6187122736418511
FGSG_08885,16,0.46457277536207237,6.766693043147544,FGSG_00743;FGSG_02272;FGSG_03061;FGSG_03546;FGSG_03548;FGSG_03894;FGSG_04458;FGSG_04589;FGSG_05610;FGSG_08601;FGSG_08712;FGSG_08774;FGSG_09012;FGSG_10347;FGSG_10922;FGSG_12180,1,uncharacterized protein,,5.915834025216088,14,-0.477619048131051,3.7648016840409e-05,0,0.6185110663983903
FGSG_00162,4,0.42547008301669964,1.6524710807313552,FGSG_02272;FGSG_07075;FGSG_09456;FGSG_09834,1,uncharacterized protein,GO:0016491;GO:0055114,1.6524710807313552,4,-4.14323458378163,0.0009235238554618,1,0.6183769282360831
FGSG_12868,8,0.4816922128415607,3.581151197480665,FGSG_00743;FGSG_02272;FGSG_02461;FGSG_03061;FGSG_03894;FGSG_05610;FGSG_08774;FGSG_09012,1,uncharacterized protein,,2.271645388793125,5,-1.30813077520586,0.0182183968040202,1,0.6183098591549296
FGSG_10858,15,0.45558758173133895,6.2973937760236165,FGSG_00330;FGSG_02272;FGSG_03061;FGSG_03295;FGSG_03546;FGSG_03548;FGSG_03992;FGSG_04458;FGSG_04590;FGSG_07075;FGSG_08601;FGSG_09280;FGSG_09456;FGSG_09834;FGSG_10347,1,"alpha-1,2-mannosyltransferase alg-11",GO:0000026;GO:0005789;GO:0006486;GO:0006490;GO:0009312;GO:0097502,5.892814640915455,14,-0.342058909618982,6.98100801928119e-05,0,0.6183098591549296
FGSG_03751,16,0.4350885515441335,6.688349710106306,FGSG_00330;FGSG_00743;FGSG_01422;FGSG_02272;FGSG_03061;FGSG_03546;FGSG_03548;FGSG_03894;FGSG_03992;FGSG_04458;FGSG_04590;FGSG_05610;FGSG_08601;FGSG_08712;FGSG_09834;FGSG_10347,1,uncharacterized protein,GO:0016021;GO:0055085,5.861884933452456,14,-0.684379308870703,4.71603261780004e-06,0,0.6181086519114688
FGSG_06398,6,0.4373311962918543,2.5007438105987654,FGSG_02324;FGSG_02325;FGSG_02326;FGSG_02327;FGSG_02328;FGSG_11326,2,uncharacterized protein,,2.5007438105987654,6,1.20906191183818,5.230877730719019e-13,1,0.6179074446680082
FGSG_03655,8,0.4329269479109834,3.3570826124184148,FGSG_01866;FGSG_02326;FGSG_02327;FGSG_02328;FGSG_02329;FGSG_03543;FGSG_08083;FGSG_13952,2,uncharacterized protein,GO:0016491;GO:0055114,2.551277761035185,6,1.12812260664409,2.12472213260773e-07,1,0.617907444668008
FGSG_05507,18,0.4951719458313408,7.959232534600677,FGSG_00743;FGSG_01422;FGSG_02030;FGSG_02271;FGSG_02272;FGSG_02461;FGSG_03061;FGSG_03894;FGSG_04458;FGSG_04590;FGSG_05610;FGSG_08712;FGSG_08774;FGSG_09012;FGSG_09456;FGSG_09834;FGSG_10347;FGSG_13136,1,uncharacterized protein,GO:0004856;GO:0005737;GO:0005998;GO:0046835,5.749095576334895,13,-0.949945556949613,9.69193355571976e-18,0,0.6177062374245472
FGSG_04127,17,0.4883702666882548,7.507744586423003,FGSG_00743;FGSG_01422;FGSG_02271;FGSG_02272;FGSG_02461;FGSG_03061;FGSG_03894;FGSG_04458;FGSG_04590;FGSG_05610;FGSG_08712;FGSG_08774;FGSG_09012;FGSG_09456;FGSG_09834;FGSG_10347;FGSG_13136,1,uncharacterized protein,GO:0001558;GO:0005634;GO:0005829;GO:0008972;GO:0009228;GO:0016310;GO:0030148;GO:0030950;GO:0031505;GO:0031929;GO:0031932;GO:0032153,5.737582463879247,13,-0.350573025076797,0.0013030189062511,0,0.6175050301810865
FGSG_05163,22,0.4903108286422265,9.540836147092485,FGSG_00743;FGSG_00765;FGSG_01422;FGSG_01621;FGSG_02030;FGSG_02271;FGSG_02272;FGSG_02461;FGSG_03061;FGSG_03894;FGSG_04309;FGSG_04588;FGSG_04590;FGSG_05368;FGSG_05610;FGSG_07075;FGSG_08712;FGSG_08774;FGSG_09012;FGSG_11206;FGSG_12180;FGSG_13136,1,uncharacterized protein,,5.678094473551783,13,-0.784731753746843,2.2056980346801597e-12,0,0.617102615694165
FGSG_06117,5,0.4390017706628545,2.1362910795301953,FGSG_02326;FGSG_02327;FGSG_02328;FGSG_02329;FGSG_11326,2,uncharacterized protein,GO:0005975;GO:0016829;GO:0030246,2.1362910795301953,5,1.48769239672145,4.78991242985771e-06,1,0.6162977867203219
FGSG_09950,14,0.4595543622601642,6.070554986118205,FGSG_00330;FGSG_01422;FGSG_03546;FGSG_03547;FGSG_03548;FGSG_03992;FGSG_04458;FGSG_04590;FGSG_04591;FGSG_08601;FGSG_09280;FGSG_09456;FGSG_09834;FGSG_10347,1,uncharacterized protein,,5.669313274756777,13,-0.692967499374461,3.51486703472402e-19,0,0.6162977867203219
FGSG_02697,21,0.4988254528110817,9.053850330956585,FGSG_00743;FGSG_00765;FGSG_01422;FGSG_02030;FGSG_02272;FGSG_02461;FGSG_02972;FGSG_03061;FGSG_03747;FGSG_03894;FGSG_04589;FGSG_04593;FGSG_05368;FGSG_05610;FGSG_08493;FGSG_08712;FGSG_08774;FGSG_09012;FGSG_10922;FGSG_12180;FGSG_12223,1,uncharacterized protein,GO:0016021,5.6593711795830695,13,-0.472560386759753,4.60753375126779e-09,0,0.6158953722334004
FGSG_07556,4,0.42714695467395036,1.6700180950186923,FGSG_02326;FGSG_02327;FGSG_02328;FGSG_02329,2,uncharacterized protein,GO:0016491;GO:0055114,1.6700180950186923,4,3.05288759789963,1.18475635228014e-17,1,0.6156270959087861
FGSG_09269,19,0.48693922781077426,8.28457131892889,FGSG_00743;FGSG_00765;FGSG_02272;FGSG_02461;FGSG_02972;FGSG_03061;FGSG_03747;FGSG_03894;FGSG_04589;FGSG_04593;FGSG_05368;FGSG_05610;FGSG_08493;FGSG_08774;FGSG_09012;FGSG_10444;FGSG_10922;FGSG_12180;FGSG_12223,1,uncharacterized protein,GO:0016021,5.642146642202142,13,-0.555225074392583,3.53595274614049e-16,0,0.6146881287726358
FGSG_02899,20,0.46305798910175267,8.525941894344646,FGSG_00007;FGSG_01866;FGSG_02321;FGSG_02323;FGSG_02324;FGSG_02325;FGSG_02326;FGSG_02327;FGSG_02328;FGSG_02329;FGSG_03539;FGSG_03600;FGSG_03842;FGSG_08081;FGSG_08082;FGSG_08083;FGSG_08795;FGSG_09187;FGSG_11326;FGSG_13952,2,uncharacterized protein,,5.627747376424821,13,0.714828821866737,6.24183114721498e-06,0,0.6138832997987927
FGSG_02986,7,0.4342600440345674,2.8912949081365613,FGSG_00743;FGSG_00765;FGSG_02272;FGSG_02461;FGSG_03061;FGSG_03894;FGSG_05610,1,uncharacterized protein,GO:0016021,1.6787775160735838,4,-2.70886264609488,0.0003341120846495,1,0.613682092555332
FGSG_11567,5,0.4270257237139694,2.0559254214810068,FGSG_03894;FGSG_04458;FGSG_04589;FGSG_08601;FGSG_12180,1,uncharacterized protein,GO:0016021;GO:0055085,2.0559254214810068,5,-1.81508069029778,0.0103852546264787,1,0.6134808853118713
FGSG_05153,15,0.47258985818462784,6.494184585942158,FGSG_01422;FGSG_02271;FGSG_02272;FGSG_02461;FGSG_03061;FGSG_03894;FGSG_04458;FGSG_04590;FGSG_05610;FGSG_07075;FGSG_07528;FGSG_08712;FGSG_09456;FGSG_09834;FGSG_13136,1,uncharacterized protein,GO:0005634;GO:0005786;GO:0005829;GO:0006617;GO:0008312,5.619275921801666,13,-0.605206522083808,2.3559855449970604e-09,0,0.6134808853118712
FGSG_03326,7,0.4330582408294227,2.9280437604942855,FGSG_02272;FGSG_02461;FGSG_03061;FGSG_03894;FGSG_05610;FGSG_08774;FGSG_09012,1,uncharacterized protein,,2.095913699761661,5,-1.615433214517,0.0017800660939523,1,0.6132126089872568
FGSG_09888,13,0.45698675690805585,5.612617632923395,FGSG_00330;FGSG_02272;FGSG_03546;FGSG_03547;FGSG_03548;FGSG_03992;FGSG_04458;FGSG_04591;FGSG_08601;FGSG_09280;FGSG_09456;FGSG_09834;FGSG_10347,1,uncharacterized protein,GO:0005634;GO:0005829;GO:0008270,5.612617632923395,13,-0.329856713056313,0.0002467621490252,0,0.612877263581489
FGSG_07891,19,0.4901593868022352,8.178179371279137,FGSG_00743;FGSG_00765;FGSG_02272;FGSG_02461;FGSG_02972;FGSG_03061;FGSG_03747;FGSG_03894;FGSG_04589;FGSG_04593;FGSG_05610;FGSG_08493;FGSG_08712;FGSG_08774;FGSG_09012;FGSG_10444;FGSG_10922;FGSG_12180;FGSG_12223,1,uncharacterized protein,GO:0016021,5.610123215014737,13,-0.657214898740702,9.69578116382013e-16,0,0.6126760563380281
FGSG_03361,4,0.42031821258456414,1.6457745982738552,FGSG_02326;FGSG_02327;FGSG_02328;FGSG_02329,2,uncharacterized protein,GO:0000981;GO:0005634;GO:0006357;GO:0008270,1.6457745982738552,4,3.85485048086235,0.0066164397822687,1,0.612541918175721
FGSG_05580,16,0.4757459533025966,6.914796586210902,FGSG_00743;FGSG_01422;FGSG_02271;FGSG_02272;FGSG_02461;FGSG_03061;FGSG_03894;FGSG_04458;FGSG_04590;FGSG_05610;FGSG_07075;FGSG_08712;FGSG_09012;FGSG_09456;FGSG_09834;FGSG_10347,1,uncharacterized protein,GO:0000210;GO:0005634;GO:0005777;GO:0005829;GO:0006734;GO:0046872,5.609699998235467,13,-0.553722666779958,4.89948895359177e-06,0,0.6124748490945674
FGSG_09983,13,0.45818293793495324,5.592322112681959,FGSG_00330;FGSG_03546;FGSG_03547;FGSG_03548;FGSG_03992;FGSG_04458;FGSG_04589;FGSG_04591;FGSG_08601;FGSG_09280;FGSG_09456;FGSG_09834;FGSG_10347,1,uncharacterized protein,GO:0008073;GO:0043086,5.592322112681959,13,-0.402116296783246,1.52863884464791e-07,0,0.6118712273641851
FGSG_02065,7,0.45353080451134,2.974751443079998,FGSG_00765;FGSG_02272;FGSG_02461;FGSG_03061;FGSG_03894;FGSG_05610;FGSG_08774,1,uncharacterized protein,,1.7260765727169836,4,-2.19871343207133,0.0019458223645142,1,0.6117370892018779
FGSG_00415,6,0.43406407647737494,2.5396166534500817,FGSG_02326;FGSG_02327;FGSG_02328;FGSG_02329;FGSG_08083;FGSG_12211,2,uncharacterized protein,,2.5396166534500817,6,1.10010508786385,3.24701686399319e-23,1,0.6116700201207244
FGSG_01470,17,0.49334583106272434,7.325807122285481,FGSG_00743;FGSG_01422;FGSG_02272;FGSG_02461;FGSG_03061;FGSG_03894;FGSG_04458;FGSG_04589;FGSG_04593;FGSG_05610;FGSG_08712;FGSG_08774;FGSG_09012;FGSG_10347;FGSG_10922;FGSG_12180;FGSG_12223,1,zinc-finger protein ZPR1,GO:0008270,5.586660425753872,13,-0.89933307718543,2.6873213550531803e-10,0,0.6116700201207244
FGSG_01724,6,0.44576339074930155,2.572551932920221,FGSG_02325;FGSG_02326;FGSG_02327;FGSG_02328;FGSG_02329;FGSG_11326,2,uncharacterized protein,GO:0000981;GO:0003677;GO:0005634;GO:0006351;GO:0006357;GO:0008270,2.572551932920221,6,1.06542246983093,0.0001906641807411,1,0.6115358819584172
FGSG_10039,13,0.4603721510247347,5.582702451910717,FGSG_00330;FGSG_03546;FGSG_03547;FGSG_03548;FGSG_03992;FGSG_04458;FGSG_04589;FGSG_04591;FGSG_08601;FGSG_08712;FGSG_09280;FGSG_09834;FGSG_10347,1,uncharacterized protein,GO:0016021;GO:0051920;GO:0055085;GO:0055114;GO:0098869,5.582702451910717,13,-0.72011564844005,2.939564082835e-05,0,0.6114688128772636
FGSG_13869,5,0.433999073600738,2.1079534657449464,FGSG_02326;FGSG_02327;FGSG_02328;FGSG_02329;FGSG_11326,2,uncharacterized protein,,2.1079534657449464,5,1.54203510264939,3.05905743139882e-69,1,0.6114688128772636
FGSG_12330,15,0.45125222620815203,6.4309863342038796,FGSG_01422;FGSG_02272;FGSG_02461;FGSG_03061;FGSG_03546;FGSG_03548;FGSG_03894;FGSG_04458;FGSG_05610;FGSG_07075;FGSG_08601;FGSG_09012;FGSG_09456;FGSG_09834;FGSG_10347,1,uncharacterized protein,GO:0003857;GO:0006631;GO:0016021;GO:0055114;GO:0070403,5.570887691034424,13,-0.943863201491033,2.8013364787768e-08,0,0.611066398390342
FGSG_02806,5,0.43436212426124476,2.1455783925388716,FGSG_02272;FGSG_02461;FGSG_03061;FGSG_03894;FGSG_05610,1,uncharacterized protein,,1.7112162682776266,4,-2.23939176243498,7.13137493402992e-13,1,0.6108651911468813
FGSG_08850,18,0.4956233199488614,7.691075177407464,FGSG_00743;FGSG_02272;FGSG_02461;FGSG_02972;FGSG_03061;FGSG_03894;FGSG_04458;FGSG_04589;FGSG_04593;FGSG_05368;FGSG_05610;FGSG_08493;FGSG_08774;FGSG_09012;FGSG_10347;FGSG_10922;FGSG_12180;FGSG_12223,1,uncharacterized protein,GO:0005737;GO:0019629;GO:0047547;GO:0051537,5.547816851788717,13,-0.555610955669676,1.2091475075116e-09,0,0.6108651911468812
FGSG_01830,27,0.45147412211933957,11.442427312442257,FGSG_00007;FGSG_01866;FGSG_02255;FGSG_02321;FGSG_02323;FGSG_02324;FGSG_02325;FGSG_02326;FGSG_02327;FGSG_02328;FGSG_02329;FGSG_03532;FGSG_03539;FGSG_03541;FGSG_03543;FGSG_03600;FGSG_03842;FGSG_03881;FGSG_08081;FGSG_08082;FGSG_08083;FGSG_08084;FGSG_08795;FGSG_09064;FGSG_09187;FGSG_11326;FGSG_13952,2,uncharacterized protein,GO:0045735,5.538870289563286,13,0.878874358761135,1.68949707347291e-07,0,0.6106639839034206
FGSG_04384,14,0.44337874649552034,5.923671652134169,FGSG_00330;FGSG_01422;FGSG_02272;FGSG_03061;FGSG_03546;FGSG_03548;FGSG_03992;FGSG_04458;FGSG_05610;FGSG_08601;FGSG_09012;FGSG_09456;FGSG_09834;FGSG_10347,1,uncharacterized protein,GO:0001403;GO:0004828;GO:0005524;GO:0005739;GO:0007124;GO:0070158,5.523577897642976,13,-0.445732938377666,0.0003967273685771,0,0.610261569416499
FGSG_01861,5,0.42411186793455885,2.0649164961727386,FGSG_02326;FGSG_02327;FGSG_02328;FGSG_02329;FGSG_12211,2,uncharacterized protein,GO:0004930;GO:0007166;GO:0007186;GO:0016021,2.0649164961727386,5,1.70413640153973,7.33858980809815e-26,1,0.6101274312541918
FGSG_10220,16,0.4669103465865785,6.79990608713447,FGSG_00743;FGSG_01422;FGSG_02271;FGSG_02272;FGSG_02461;FGSG_03061;FGSG_03894;FGSG_04458;FGSG_04590;FGSG_05610;FGSG_07075;FGSG_08712;FGSG_09012;FGSG_09456;FGSG_09834;FGSG_10347,1,uncharacterized protein,GO:0008168;GO:0016020;GO:0032259,5.522851377838346,13,-0.425454994761795,0.0001434574374376,0,0.6100603621730382
FGSG_10843,11,0.4564434538533346,4.666668854398743,FGSG_00765;FGSG_01621;FGSG_02272;FGSG_02461;FGSG_03061;FGSG_03894;FGSG_04309;FGSG_05610;FGSG_08774;FGSG_09012;FGSG_13136,1,uncharacterized protein,GO:0008168;GO:0032259,2.574059263925317,6,-1.04541403645231,1.03327146519621e-17,1,0.6098591549295774
FGSG_12008,15,0.448012613576214,6.340384338345569,FGSG_00330;FGSG_00743;FGSG_01422;FGSG_02272;FGSG_03061;FGSG_03546;FGSG_03548;FGSG_03894;FGSG_04458;FGSG_04589;FGSG_05610;FGSG_08601;FGSG_09834;FGSG_10347;FGSG_12180,1,uncharacterized protein,,5.5195115344696015,13,-0.953506765918904,0.0306062369902345,0,0.6098591549295774
FGSG_11113,14,0.44939888580783055,5.928675726565819,FGSG_00330;FGSG_00743;FGSG_02272;FGSG_03061;FGSG_03546;FGSG_03548;FGSG_03894;FGSG_04458;FGSG_04589;FGSG_05610;FGSG_08601;FGSG_09834;FGSG_10347;FGSG_12180,1,uncharacterized protein,,5.508266087819166,13,-0.652405543175301,3.8323418649959395e-11,0,0.6096579476861167
FGSG_13459,4,0.41872095806679355,1.6389190559454785,FGSG_02326;FGSG_02327;FGSG_02328;FGSG_02329,2,uncharacterized protein,GO:0004497;GO:0005506;GO:0008168;GO:0016021;GO:0016705;GO:0020037;GO:0032259;GO:0055114,1.6389190559454785,4,3.71171766009031,1.0001735969132601e-31,1,0.6095238095238096
FGSG_01554,15,0.4385517103242619,6.350399921905846,FGSG_00330;FGSG_00743;FGSG_01422;FGSG_02272;FGSG_03061;FGSG_03548;FGSG_03894;FGSG_04458;FGSG_04589;FGSG_04590;FGSG_05610;FGSG_08601;FGSG_08712;FGSG_09834;FGSG_10347,1,uncharacterized protein,,5.497343066621002,13,-0.397051641933267,0.0003700696753523,0,0.609456740442656
FGSG_07625,6,0.42120127166416843,2.4785391131535808,FGSG_03546;FGSG_03548;FGSG_04458;FGSG_08601;FGSG_09456;FGSG_09834,1,alpha-L-arabinofuranosidase precursor,GO:0046373;GO:0046556,2.4785391131535808,6,-1.16325173497086,0.0025776581870899,1,0.6091884641180416
FGSG_02950,5,0.45007542146401947,2.1428982929762577,FGSG_00743;FGSG_03894;FGSG_04589;FGSG_10922;FGSG_12180,1,uncharacterized protein,GO:0016021,1.7138555935267294,4,-2.18054440154952,0.0057386100747055,1,0.609121395036888
FGSG_05966,15,0.4336456276546122,6.271593760316968,FGSG_00330;FGSG_00743;FGSG_01422;FGSG_02272;FGSG_03061;FGSG_03546;FGSG_03548;FGSG_03894;FGSG_04458;FGSG_04589;FGSG_05610;FGSG_08601;FGSG_08712;FGSG_09834;FGSG_10347,1,uncharacterized protein,GO:0016021,5.44640240725799,13,-0.32500876650429,0.0214165620039375,0,0.6090543259557344
FGSG_07137,15,0.43208739349496567,6.271392947899571,FGSG_00330;FGSG_00743;FGSG_01422;FGSG_02272;FGSG_03061;FGSG_03546;FGSG_03548;FGSG_03894;FGSG_04458;FGSG_04589;FGSG_05610;FGSG_08601;FGSG_08712;FGSG_09834;FGSG_10347,1,uncharacterized protein,GO:0003677;GO:0003899;GO:0005666;GO:0006383,5.44501307686348,13,-0.344964346026812,0.0282739091583692,0,0.6088531187122737
FGSG_03810,5,0.4194214431612287,2.078684437021378,FGSG_02326;FGSG_02327;FGSG_02328;FGSG_02329;FGSG_08083,2,uncharacterized protein,,2.078684437021378,5,1.63977094153037,0.0003543125974788,1,0.6087189805499664
FGSG_05784,15,0.452149532152463,6.261340634834026,FGSG_02271;FGSG_02272;FGSG_02461;FGSG_03061;FGSG_03295;FGSG_03546;FGSG_03548;FGSG_03992;FGSG_04458;FGSG_04590;FGSG_05610;FGSG_07075;FGSG_09456;FGSG_09834;FGSG_10347,1,uncharacterized protein,GO:0006629;GO:0016021;GO:0016717;GO:0055114,5.441662588318742,13,-0.93433955471451,4.51051824133146e-27,0,0.6086519114688128
FGSG_04411,13,0.43346748321118245,5.418478684425006,FGSG_00330;FGSG_02272;FGSG_03061;FGSG_03546;FGSG_03548;FGSG_03894;FGSG_04458;FGSG_05610;FGSG_08601;FGSG_09012;FGSG_09456;FGSG_09834;FGSG_10347,1,uncharacterized protein,GO:0008270;GO:0016021;GO:0016874,5.418478684425006,13,-0.221076832740357,0.0458994628184916,0,0.6084507042253521
FGSG_01230,14,0.44925824685648474,5.805321951632139,FGSG_00330;FGSG_02272;FGSG_03061;FGSG_03295;FGSG_03546;FGSG_03548;FGSG_03992;FGSG_04458;FGSG_04590;FGSG_07075;FGSG_09280;FGSG_09456;FGSG_09834;FGSG_10347,1,phosphate carrier protein 2,GO:0005315;GO:0005739;GO:0006817;GO:0016021;GO:0055085,5.400311457060649,13,-0.410769576140787,7.30806573184938e-07,0,0.6080482897384306
FGSG_03391,7,0.44130124614259914,2.967527889724596,FGSG_01866;FGSG_02326;FGSG_02327;FGSG_02328;FGSG_02329;FGSG_08083;FGSG_13952,2,uncharacterized protein,GO:0006520;GO:0016831;GO:0030170,2.5629051723078926,6,1.04002703735078,5.82690299227126e-05,1,0.6075788061703554
FGSG_09448,12,0.4599214042924241,5.299887726920733,FGSG_00330;FGSG_03546;FGSG_03547;FGSG_03548;FGSG_03992;FGSG_04458;FGSG_04591;FGSG_08601;FGSG_09280;FGSG_09456;FGSG_09834;FGSG_10347,1,uncharacterized protein,GO:0000103;GO:0004851;GO:0005622;GO:0009086;GO:0019354;GO:0032259;GO:0043115;GO:0055114,5.299887726920733,12,-0.951170519626285,3.08217873729682e-11,0,0.6074446680080483
FGSG_11307,4,0.42727865614179045,1.6790325655579892,FGSG_02326;FGSG_02327;FGSG_02328;FGSG_02329,2,uncharacterized protein,GO:0016021,1.6790325655579892,4,2.38297760975011,2.38794520123201e-60,1,0.6069751844399732
FGSG_10431,5,0.4299428497181545,2.1275865514242915,FGSG_02326;FGSG_02327;FGSG_02328;FGSG_02329;FGSG_08083,2,uncharacterized protein,,2.1275865514242915,5,1.35772485317425,0.0458994628184916,1,0.6069081153588196
FGSG_06686,16,0.4873026050798015,7.083646632835833,FGSG_00743;FGSG_01422;FGSG_02271;FGSG_02272;FGSG_02461;FGSG_03061;FGSG_03894;FGSG_04458;FGSG_04590;FGSG_05610;FGSG_08712;FGSG_08774;FGSG_09012;FGSG_09456;FGSG_09834;FGSG_10347,1,uncharacterized protein,GO:0000014;GO:0003676;GO:0004521;GO:0004529;GO:0005634;GO:0005743;GO:0006309;GO:0006310;GO:0006401;GO:0006995;GO:0046872;GO:0090502,5.289416775261353,12,-0.615497121046153,8.73126822058712e-05,0,0.606841046277666
FGSG_00018,12,0.46354718520781557,5.284676334378179,FGSG_00330;FGSG_03546;FGSG_03547;FGSG_03548;FGSG_03992;FGSG_04458;FGSG_04591;FGSG_08601;FGSG_09280;FGSG_09456;FGSG_09834;FGSG_10347,1,uncharacterized protein,GO:0004497;GO:0006629;GO:0016021;GO:0055114,5.284676334378179,12,-0.702361153301878,5.473097195225231e-09,0,0.6066398390342052
FGSG_01921,12,0.4631904064786093,5.254383224653451,FGSG_00330;FGSG_03546;FGSG_03547;FGSG_03548;FGSG_03992;FGSG_04458;FGSG_04591;FGSG_08601;FGSG_09280;FGSG_09456;FGSG_09834;FGSG_10347,1,uncharacterized protein,GO:0016301;GO:0016310;GO:0044419,5.254383224653451,12,-0.546441372562342,1.17776254332909e-07,0,0.6058350100603621
FGSG_03589,21,0.46310883361257577,8.967230862494011,FGSG_00007;FGSG_01866;FGSG_02321;FGSG_02323;FGSG_02324;FGSG_02325;FGSG_02326;FGSG_02327;FGSG_02328;FGSG_02329;FGSG_03539;FGSG_03541;FGSG_03600;FGSG_03842;FGSG_03881;FGSG_08081;FGSG_08082;FGSG_08083;FGSG_09187;FGSG_11326;FGSG_13952,2,uncharacterized protein,GO:0008152;GO:0016021;GO:0016874,5.254368256778558,12,0.897932641360593,9.24949856940868e-06,0,0.6056338028169014
FGSG_01092,16,0.4810712951025406,7.0155347321266905,FGSG_00743;FGSG_01422;FGSG_02271;FGSG_02272;FGSG_02461;FGSG_03061;FGSG_03894;FGSG_04458;FGSG_04590;FGSG_05610;FGSG_08712;FGSG_08774;FGSG_09012;FGSG_09456;FGSG_09834;FGSG_10347,1,serine/threonine-protein phosphatase 2A activator 2,GO:0000159;GO:0000413;GO:0003755;GO:0005634;GO:0005737;GO:0006970;GO:0019211;GO:0030472;GO:0043085,5.253467576041289,12,-0.239414539890939,0.0312482531788245,0,0.6054325955734406
FGSG_01926,12,0.4584496975884351,5.253081794630677,FGSG_00330;FGSG_03546;FGSG_03547;FGSG_03548;FGSG_03992;FGSG_04458;FGSG_04591;FGSG_08601;FGSG_09280;FGSG_09456;FGSG_09834;FGSG_10347,1,electron transfer flavoprotein subunit alpha,GO:0005739;GO:0009055;GO:0050660,5.253081794630677,12,-0.836963370103263,3.47674427987636e-14,0,0.6052313883299799
FGSG_03360,6,0.42508321982173314,2.504764969692226,FGSG_02326;FGSG_02327;FGSG_02328;FGSG_02329;FGSG_08083;FGSG_13952,2,uncharacterized protein,GO:0016021;GO:0055085,2.504764969692226,6,1.09372739458276,0.0463852018401121,1,0.6050972501676727
FGSG_00887,16,0.4832776273322768,6.983767939913229,FGSG_00743;FGSG_01422;FGSG_02271;FGSG_02272;FGSG_02461;FGSG_03061;FGSG_03894;FGSG_04458;FGSG_04590;FGSG_05610;FGSG_08712;FGSG_08774;FGSG_09012;FGSG_09834;FGSG_10347;FGSG_13136,1,uncharacterized protein,,5.2437040706369675,12,-0.713993647958928,4.4977820458534e-11,0,0.6046277665995976
FGSG_04125,21,0.49144849770081406,9.082212443353658,FGSG_00743;FGSG_00765;FGSG_01422;FGSG_01621;FGSG_02030;FGSG_02272;FGSG_02461;FGSG_03061;FGSG_03747;FGSG_03894;FGSG_04588;FGSG_04593;FGSG_05368;FGSG_05610;FGSG_08493;FGSG_08774;FGSG_09012;FGSG_10922;FGSG_11206;FGSG_12180;FGSG_13136,1,60S ribosomal protein L23,GO:0003735;GO:0005762;GO:0032543,5.231497540796115,12,-0.76361483057772,1.51437199021836e-12,0,0.604225352112676
FGSG_04951,18,0.4878439988492622,7.808333109059328,FGSG_00743;FGSG_00765;FGSG_01422;FGSG_02030;FGSG_02271;FGSG_02272;FGSG_02461;FGSG_03061;FGSG_03894;FGSG_04588;FGSG_04590;FGSG_05368;FGSG_05610;FGSG_07075;FGSG_08712;FGSG_08774;FGSG_09012;FGSG_13136,1,uncharacterized protein,GO:0005634,5.222672589245276,12,-0.804091190194595,1.16074391454626e-14,0,0.6036217303822937
FGSG_10308,14,0.4624768226499663,6.069661498479481,FGSG_02321;FGSG_02323;FGSG_02324;FGSG_02325;FGSG_02326;FGSG_02327;FGSG_02328;FGSG_02329;FGSG_02903;FGSG_03842;FGSG_08083;FGSG_10670;FGSG_11326;FGSG_13952,2,uncharacterized protein,GO:0005811;GO:0016021,5.219932898833481,12,0.652006656682606,4.9093725664967695e-12,0,0.603420523138833
FGSG_10264,19,0.4938921421502476,8.23974201198304,FGSG_00743;FGSG_00765;FGSG_01621;FGSG_02030;FGSG_02272;FGSG_02461;FGSG_03061;FGSG_03747;FGSG_03894;FGSG_04588;FGSG_04593;FGSG_05368;FGSG_05610;FGSG_08493;FGSG_08774;FGSG_09012;FGSG_10922;FGSG_12180;FGSG_13136,1,glutamine synthetase,GO:0004356;GO:0005524;GO:0005737;GO:0006542,5.216527044432812,12,-0.401709681728281,3.57687619065521e-09,0,0.6032193158953723
FGSG_05036,8,0.4497983593794576,3.399321403246012,FGSG_00743;FGSG_00765;FGSG_02272;FGSG_02461;FGSG_03061;FGSG_03894;FGSG_05610;FGSG_08774,1,glutamine amidotransferase subunit pdxT,GO:0004359;GO:0006541;GO:0016740;GO:0042819;GO:0042823,1.748405830052554,4,-1.7579312715489,1.5699147400697899e-12,1,0.6026827632461436
FGSG_08803,12,0.4664558059297374,5.19974983818419,FGSG_00330;FGSG_03546;FGSG_03547;FGSG_03548;FGSG_03992;FGSG_04458;FGSG_04589;FGSG_04591;FGSG_08601;FGSG_08712;FGSG_09834;FGSG_10347,1,uncharacterized protein,GO:0005634;GO:0005737;GO:0015937;GO:0016874;GO:1990143,5.19974983818419,12,-0.47128394807514,0.0001721949319073,0,0.6020120724346076
FGSG_03044,18,0.461634316329758,7.656672387668138,FGSG_00007;FGSG_01866;FGSG_02321;FGSG_02323;FGSG_02324;FGSG_02325;FGSG_02326;FGSG_02327;FGSG_02328;FGSG_02329;FGSG_03842;FGSG_03881;FGSG_08082;FGSG_08083;FGSG_08795;FGSG_09187;FGSG_11326;FGSG_13952,2,uncharacterized protein,GO:0000981;GO:0005634;GO:0006357;GO:0008270,5.199358499957179,12,0.846563933136164,4.15290397718622e-05,0,0.6018108651911469
FGSG_03336,5,0.4313286900764567,2.069859926800838,FGSG_03295;FGSG_03548;FGSG_03992;FGSG_09456;FGSG_09834,1,uncharacterized protein,GO:0016021,1.6596296539026205,4,-2.46461855097138,7.29569021123596e-111,1,0.6014084507042254
FGSG_05521,5,0.4348882888960183,2.115370741334157,FGSG_02271;FGSG_02272;FGSG_02461;FGSG_03061;FGSG_05610,1,uncharacterized protein,,1.7034004022526443,4,-1.99461544374236,0.0003370352906976,1,0.6010060362173039
FGSG_01701,24,0.46048166538135893,10.218386082719595,FGSG_00007;FGSG_01866;FGSG_02255;FGSG_02321;FGSG_02323;FGSG_02324;FGSG_02325;FGSG_02326;FGSG_02327;FGSG_02328;FGSG_02329;FGSG_03532;FGSG_03539;FGSG_03541;FGSG_03600;FGSG_03842;FGSG_03881;FGSG_07896;FGSG_08081;FGSG_08082;FGSG_08083;FGSG_09187;FGSG_11326;FGSG_13952,2,uncharacterized protein,,5.184163692242335,12,0.702593532594096,3.39235560297734e-09,0,0.6004024144869216
FGSG_03277,5,0.435201523779577,2.121156603738484,FGSG_02326;FGSG_02327;FGSG_02328;FGSG_02329;FGSG_08083,2,uncharacterized protein,GO:0016021,2.121156603738484,5,1.30451455954564,3.99482170821687e-20,1,0.6004024144869216
FGSG_06081,20,0.44794287635551866,8.472681843931067,FGSG_00007;FGSG_01866;FGSG_02326;FGSG_02327;FGSG_02328;FGSG_02329;FGSG_03532;FGSG_03535;FGSG_03539;FGSG_03541;FGSG_03543;FGSG_03881;FGSG_07896;FGSG_08077;FGSG_08079;FGSG_08081;FGSG_08083;FGSG_08084;FGSG_09064;FGSG_13952,2,uncharacterized protein,GO:0016021,2.535276045910053,6,1.02971790572666,5.78746755197931e-45,1,0.6003353454057679
FGSG_00429,16,0.4756847630112975,6.917821862576521,FGSG_00743;FGSG_01422;FGSG_02272;FGSG_02461;FGSG_03061;FGSG_03546;FGSG_03548;FGSG_03894;FGSG_04458;FGSG_05610;FGSG_08601;FGSG_08774;FGSG_09012;FGSG_09456;FGSG_09834;FGSG_10347,1,uncharacterized protein,GO:0000276;GO:0004576;GO:0006486;GO:0015078;GO:0015986;GO:0016021,5.1825126397448935,12,-0.557367686692844,1.19206933736398e-07,0,0.6
FGSG_01391,16,0.4829251440651155,6.894066316818481,FGSG_00743;FGSG_01422;FGSG_02272;FGSG_02461;FGSG_03061;FGSG_03894;FGSG_04458;FGSG_04589;FGSG_05610;FGSG_08601;FGSG_08712;FGSG_08774;FGSG_09012;FGSG_10347;FGSG_10922;FGSG_12180,1,elongation factor G 1,GO:0003746;GO:0003924;GO:0005525;GO:0005739;GO:0070125,5.17899685648199,12,-0.444830955707941,0.0001545933199241,0,0.5997987927565392
FGSG_02848,8,0.4766220146559128,3.532269206009736,FGSG_00743;FGSG_02272;FGSG_02461;FGSG_03061;FGSG_03894;FGSG_05610;FGSG_08774;FGSG_09012,1,uncharacterized protein,GO:0006637;GO:0047617,2.2348659818608736,5,-1.14779005190526,0.001894515521083,1,0.5992622401073106
FGSG_12973,20,0.4880609988623646,8.60467115755189,FGSG_00743;FGSG_00765;FGSG_01621;FGSG_02272;FGSG_02461;FGSG_02972;FGSG_03061;FGSG_03747;FGSG_03894;FGSG_04588;FGSG_05368;FGSG_05610;FGSG_08493;FGSG_08774;FGSG_09012;FGSG_10444;FGSG_10922;FGSG_11206;FGSG_12180;FGSG_13136,1,uncharacterized protein,GO:0003676;GO:0046872,5.1777115249702765,12,-0.843741441380748,1.08627610786053e-24,0,0.5991951710261569
FGSG_13465,4,0.43074521345772954,1.6937451564746617,FGSG_02326;FGSG_02327;FGSG_02328;FGSG_02329,2,uncharacterized protein,,1.6937451564746617,4,2.01369419273444,4.52607321255947e-08,1,0.5991281019450033
FGSG_09414,16,0.47428655460178026,6.872313064136297,FGSG_00330;FGSG_00743;FGSG_01422;FGSG_02272;FGSG_02461;FGSG_03061;FGSG_03894;FGSG_04458;FGSG_04589;FGSG_05610;FGSG_08601;FGSG_08712;FGSG_08774;FGSG_09012;FGSG_10347;FGSG_12180,1,uncharacterized protein,GO:0016021,5.17703439450975,12,-0.675211835388362,1.61945652820054e-06,0,0.5989939637826961
FGSG_05892,13,0.4617402568725783,5.575421549817738,FGSG_00330;FGSG_00743;FGSG_03061;FGSG_03546;FGSG_03547;FGSG_03548;FGSG_03894;FGSG_04458;FGSG_04589;FGSG_05610;FGSG_08601;FGSG_09834;FGSG_10347,1,uncharacterized protein,GO:0016021,5.166742809362665,12,-0.730233682714667,4.77806140066184e-12,0,0.5979879275653923
FGSG_06864,15,0.47917756367221864,6.409944830618505,FGSG_00743;FGSG_02272;FGSG_02461;FGSG_03061;FGSG_03340;FGSG_03894;FGSG_04458;FGSG_04589;FGSG_05610;FGSG_08601;FGSG_08774;FGSG_09012;FGSG_10347;FGSG_10922;FGSG_12180,1,uncharacterized protein,GO:0042407;GO:0044284;GO:0061617,5.12977252556776,12,-0.454357538982603,2.38049812396405e-06,0,0.5971830985915493
FGSG_00523,5,0.42185225560454126,2.0728474138925037,FGSG_02326;FGSG_02327;FGSG_02328;FGSG_02329;FGSG_12211,2,uncharacterized protein,,2.0728474138925037,5,1.47250583588825,5.279136129579149e-55,1,0.5969818913480885
FGSG_02288,14,0.461495403753279,5.985762931629546,FGSG_01422;FGSG_02271;FGSG_02272;FGSG_02461;FGSG_03061;FGSG_03894;FGSG_04458;FGSG_04590;FGSG_05610;FGSG_07075;FGSG_08712;FGSG_09456;FGSG_09834;FGSG_10347,1,uncharacterized protein,GO:0004386;GO:0046872,5.128750098031432,12,-0.948536061456538,9.19342174399732e-05,0,0.5969818913480885
FGSG_05410,9,0.45823992964753874,3.8459316413208917,FGSG_00743;FGSG_00765;FGSG_02272;FGSG_02461;FGSG_03061;FGSG_03894;FGSG_04309;FGSG_05610;FGSG_08774,1,uncharacterized protein,GO:0016021,1.7690741584863359,4,-1.62332455951236,3.89785648159521e-20,1,0.5967806841046278
FGSG_02287,16,0.4770290007990868,6.836540848304064,FGSG_00743;FGSG_01422;FGSG_02272;FGSG_02461;FGSG_03061;FGSG_03548;FGSG_03894;FGSG_04458;FGSG_04589;FGSG_05610;FGSG_08601;FGSG_08712;FGSG_08774;FGSG_09012;FGSG_10347;FGSG_12180,1,uncharacterized protein,GO:0003995;GO:0003997;GO:0005782;GO:0006635;GO:0050660,5.118711730436414,12,-0.734855721050942,0.0005595667080492,0,0.5967806841046277
FGSG_07041,16,0.4743135368857634,6.783416207267741,FGSG_00743;FGSG_01422;FGSG_02272;FGSG_02461;FGSG_03061;FGSG_03894;FGSG_04458;FGSG_04589;FGSG_05610;FGSG_08601;FGSG_08712;FGSG_08774;FGSG_09012;FGSG_10347;FGSG_10922;FGSG_12180,1,uncharacterized protein,GO:0005759;GO:0009060,5.09110145410858,12,-0.310681739115207,0.0038517170793686,0,0.5961770623742455
FGSG_08103,6,0.435970779506932,2.528661782846243,FGSG_02320;FGSG_02326;FGSG_02327;FGSG_02328;FGSG_02329;FGSG_08078,2,uncharacterized protein,,1.7211116635485233,4,1.75099731899566,3.06856002447557e-20,1,0.5961099932930919
FGSG_09525,15,0.465454797160313,6.337774105708058,FGSG_00743;FGSG_02272;FGSG_02461;FGSG_03061;FGSG_03546;FGSG_03548;FGSG_03894;FGSG_04458;FGSG_04589;FGSG_05610;FGSG_08601;FGSG_08774;FGSG_09012;FGSG_09834;FGSG_10347,1,uncharacterized protein,GO:0016021,5.07313601312456,12,-0.468784905390734,0.0003649740209473,0,0.5959758551307847
FGSG_07858,12,0.44195683617732295,5.067367692349536,FGSG_00330;FGSG_03546;FGSG_03547;FGSG_03548;FGSG_03992;FGSG_04458;FGSG_04591;FGSG_08601;FGSG_09280;FGSG_09456;FGSG_09834;FGSG_10347,1,uncharacterized protein,GO:0003677;GO:0004003;GO:0005215;GO:0005524;GO:0005634;GO:0006139;GO:0016021;GO:0032508;GO:0055085,5.067367692349536,12,-0.626225670072711,0.0001135355138285,0,0.5957746478873239
FGSG_01659,14,0.4490139255081087,5.901710971421558,FGSG_00330;FGSG_00743;FGSG_01422;FGSG_02272;FGSG_03061;FGSG_03548;FGSG_03894;FGSG_04458;FGSG_04589;FGSG_05610;FGSG_08601;FGSG_08712;FGSG_10347;FGSG_12180,1,uncharacterized protein,GO:0016787,5.058173079667911,12,-0.329585206583896,0.029573123520348,0,0.5955734406438632
FGSG_08442,13,0.43389500916875373,5.478062295229419,FGSG_02272;FGSG_02461;FGSG_03061;FGSG_03546;FGSG_03548;FGSG_03894;FGSG_04458;FGSG_05610;FGSG_08601;FGSG_09012;FGSG_09456;FGSG_09834;FGSG_10347,1,uncharacterized protein,GO:0003735;GO:0005762;GO:0006412;GO:0016021,5.05485046069532,12,-0.415836101447975,0.0001673057385332,0,0.5953722334004025
FGSG_13138,14,0.44001711728212034,5.885756997666693,FGSG_01422;FGSG_02272;FGSG_02461;FGSG_03061;FGSG_03546;FGSG_03548;FGSG_03894;FGSG_04458;FGSG_05610;FGSG_08601;FGSG_09012;FGSG_09456;FGSG_09834;FGSG_10347,1,uncharacterized protein,,5.0447596213564845,12,-0.502600817599561,0.0719697418885977,0,0.5951710261569416
FGSG_06678,13,0.4384432213382129,5.464678170752205,FGSG_00330;FGSG_00743;FGSG_03061;FGSG_03546;FGSG_03548;FGSG_03894;FGSG_04458;FGSG_04589;FGSG_05610;FGSG_08601;FGSG_08712;FGSG_10347;FGSG_12180,1,uncharacterized protein,GO:0000742;GO:0005783;GO:0005829;GO:0016021;GO:0030433;GO:0034975;GO:0042175,5.0382991633025735,12,-0.322396783069138,9.75287938224639e-05,0,0.5949698189134809
FGSG_13860,9,0.4306211910844917,3.7371833594824437,FGSG_01866;FGSG_02326;FGSG_02327;FGSG_02328;FGSG_02329;FGSG_03532;FGSG_03543;FGSG_08083;FGSG_09064,2,uncharacterized protein,GO:0008152;GO:0016874,2.114041387039956,5,1.27135909706182,3.98982370477165e-11,1,0.5947686116700202
FGSG_05029,16,0.45070904365783504,6.6875368693831465,FGSG_00743;FGSG_01422;FGSG_02272;FGSG_02461;FGSG_03061;FGSG_03546;FGSG_03548;FGSG_03894;FGSG_04458;FGSG_04589;FGSG_05610;FGSG_08601;FGSG_08774;FGSG_09012;FGSG_09834;FGSG_10347,1,uncharacterized protein,GO:0001405;GO:0016021;GO:0030150,5.028019741363887,12,-0.449219871667569,0.0013409047913587,0,0.59476861167002
FGSG_03891,5,0.41562950126139725,2.046017428062741,FGSG_02272;FGSG_02461;FGSG_03061;FGSG_03894;FGSG_05610,1,uncharacterized protein,GO:0016021;GO:0022891;GO:0055085,1.6358182997116435,4,-2.70477180405159,0.0084340473654633,1,0.5946344735077129
FGSG_07047,12,0.43341646150214447,5.017583326598326,FGSG_02272;FGSG_03061;FGSG_03546;FGSG_03548;FGSG_03894;FGSG_04458;FGSG_05610;FGSG_08601;FGSG_09012;FGSG_09456;FGSG_09834;FGSG_10347,1,uncharacterized protein,GO:0005829;GO:0008168;GO:0048188;GO:0048189;GO:0051568,5.017583326598326,12,-0.574055237064006,0.0070052171670941,0,0.5945674044265594
FGSG_10815,14,0.4256152497198953,5.823120816321593,FGSG_00330;FGSG_01422;FGSG_02272;FGSG_02461;FGSG_03061;FGSG_03546;FGSG_03548;FGSG_03894;FGSG_04458;FGSG_05610;FGSG_08601;FGSG_09456;FGSG_09834;FGSG_10347,1,uncharacterized protein,GO:0005680;GO:0005739;GO:0005829;GO:0016020;GO:0030234;GO:0031145;GO:0031497,5.010863818556624,12,-0.627842349857985,0.0253738472971773,0,0.5943661971830986
FGSG_07226,13,0.4312027586468407,5.390355352313921,FGSG_00330;FGSG_00743;FGSG_02272;FGSG_03061;FGSG_03546;FGSG_03548;FGSG_03894;FGSG_04458;FGSG_04589;FGSG_05610;FGSG_08601;FGSG_08712;FGSG_10347,1,3-oxoacyl-[acyl-carrier-protein] synthase,GO:0005739;GO:0006633;GO:0016747,4.9771396487003035,12,-0.282410878473985,0.121702033180432,0,0.5941649899396378
FGSG_10506,12,0.42963316302881416,4.968254040186412,FGSG_00330;FGSG_02272;FGSG_03061;FGSG_03546;FGSG_03548;FGSG_03894;FGSG_04458;FGSG_05610;FGSG_08601;FGSG_09456;FGSG_09834;FGSG_10347,1,uncharacterized protein,GO:0016021;GO:0055085,4.968254040186412,12,-0.517842208166615,0.103051907363097,0,0.593963782696177
FGSG_09665,13,0.42357771070722705,5.325370604733465,FGSG_01422;FGSG_02272;FGSG_03061;FGSG_03546;FGSG_03548;FGSG_03894;FGSG_04458;FGSG_05610;FGSG_08601;FGSG_09012;FGSG_09456;FGSG_09834;FGSG_10347,1,uncharacterized protein,GO:0016021,4.925234565060548,12,-0.130340382003238,0.110712923744127,0,0.5937625754527163
FGSG_09007,13,0.4667065669368679,5.700427922278152,FGSG_02321;FGSG_02323;FGSG_02324;FGSG_02325;FGSG_02326;FGSG_02327;FGSG_02328;FGSG_02329;FGSG_02903;FGSG_03842;FGSG_08083;FGSG_11326;FGSG_13952,2,uncharacterized protein,,4.855057047205024,11,0.908811250849348,1.36593174631478e-08,0,0.5935613682092555
FGSG_05594,5,0.42725314712328655,2.079803090961014,FGSG_02326;FGSG_02327;FGSG_02328;FGSG_02329;FGSG_11326,2,uncharacterized protein,,2.079803090961014,5,1.39739182655131,1.6811005595621099e-82,1,0.593494299128102
FGSG_05169,11,0.46125756980118415,4.842043058233097,FGSG_00330;FGSG_03546;FGSG_03547;FGSG_03548;FGSG_03992;FGSG_04458;FGSG_04591;FGSG_08601;FGSG_09280;FGSG_09834;FGSG_10347,1,uncharacterized protein,GO:0008483;GO:0009058;GO:0030170,4.842043058233097,11,-0.714531346445241,9.16439735737448e-13,0,0.5933601609657948
FGSG_06261,8,0.4526880911650283,3.4982749899200742,FGSG_00743;FGSG_01422;FGSG_02272;FGSG_02461;FGSG_03061;FGSG_03894;FGSG_05610;FGSG_08712,1,uncharacterized protein,,2.215048368999142,5,-1.10628206080358,0.0062157554377476,1,0.5930248155600268
FGSG_02160,13,0.4669139444492587,5.665777855406199,FGSG_02321;FGSG_02323;FGSG_02324;FGSG_02325;FGSG_02326;FGSG_02327;FGSG_02328;FGSG_02329;FGSG_03842;FGSG_08083;FGSG_10670;FGSG_11326;FGSG_13952,2,aldehyde dehydrogenase,GO:0016620;GO:0055114,4.821519194662598,11,0.913613500439892,0.0011413454438083,0,0.5927565392354125
FGSG_07468,15,0.48750036326456436,6.5637836485395376,FGSG_00743;FGSG_01422;FGSG_02271;FGSG_02272;FGSG_02461;FGSG_03061;FGSG_03894;FGSG_04590;FGSG_05610;FGSG_07075;FGSG_07528;FGSG_08712;FGSG_08774;FGSG_09012;FGSG_13136,1,D-3-phosphoglycerate dehydrogenase 2,GO:0004617;GO:0006564;GO:0016597;GO:0051287;GO:0055114,4.816225846665508,11,-0.655823223564582,1.26442343671375e-19,0,0.5923541247484909
FGSG_01994,4,0.41936301876250814,1.651298416572422,FGSG_02326;FGSG_02327;FGSG_02328;FGSG_02329,2,uncharacterized protein,GO:0015299;GO:0016021;GO:1902600,1.651298416572422,4,2.34979549399451,5.50256866104726e-37,1,0.5919517102615695
FGSG_10979,9,0.478657644446135,4.010226903718827,FGSG_00743;FGSG_01422;FGSG_02272;FGSG_02461;FGSG_03061;FGSG_03894;FGSG_05610;FGSG_08774;FGSG_09012,1,uncharacterized protein,GO:0005743;GO:0006067;GO:0016021,2.284246974145452,5,-1.06339726840686,8.91426857247195e-06,1,0.5918175720992622
FGSG_07019,11,0.4594603693881027,4.801122272200542,FGSG_00330;FGSG_03546;FGSG_03547;FGSG_03548;FGSG_03992;FGSG_04458;FGSG_04591;FGSG_08601;FGSG_09280;FGSG_09834;FGSG_10347,1,uncharacterized protein,GO:0003860;GO:0005739;GO:0006574,4.801122272200542,11,-0.428740959016294,4.57752215312356e-08,0,0.5913480885311871
FGSG_08471,15,0.4853049466947438,6.526243658549058,FGSG_00743;FGSG_01422;FGSG_02272;FGSG_02461;FGSG_03061;FGSG_03894;FGSG_04458;FGSG_04589;FGSG_04590;FGSG_05610;FGSG_08712;FGSG_08774;FGSG_09012;FGSG_10347;FGSG_12180,1,uncharacterized protein,,4.788903725270533,11,-0.441230770279322,0.0003693888520564,0,0.5911468812877264
FGSG_10106,15,0.49120857753260405,6.5442688690137185,FGSG_00743;FGSG_01422;FGSG_02272;FGSG_02461;FGSG_03061;FGSG_03894;FGSG_04458;FGSG_04589;FGSG_04590;FGSG_05610;FGSG_08712;FGSG_08774;FGSG_09012;FGSG_10347;FGSG_12180,1,uncharacterized protein,,4.779500666201294,11,-0.974175467379798,3.28564334531135e-07,0,0.590543259557344
FGSG_11219,4,0.4266438329404224,1.689327091463409,FGSG_02326;FGSG_02327;FGSG_02328;FGSG_02329,2,uncharacterized protein,GO:0016021;GO:0055085,1.689327091463409,4,1.79457538901463,0.0306597339883829,1,0.5904761904761905
FGSG_10961,15,0.4815422788333062,6.509774247237343,FGSG_00743;FGSG_01422;FGSG_02272;FGSG_02461;FGSG_03061;FGSG_03894;FGSG_04458;FGSG_04589;FGSG_04590;FGSG_05610;FGSG_08712;FGSG_08774;FGSG_09012;FGSG_10347;FGSG_12180,1,uncharacterized protein,GO:0004843;GO:0005768;GO:0006897;GO:0016579;GO:0030133;GO:0032153;GO:0043328,4.778634321933097,11,-0.415459546939456,9.66709668451592e-05,0,0.5903420523138833
FGSG_01055,16,0.4944649240905888,6.937563890341097,FGSG_00743;FGSG_00765;FGSG_02272;FGSG_02461;FGSG_03061;FGSG_03894;FGSG_04588;FGSG_04589;FGSG_04593;FGSG_05368;FGSG_05610;FGSG_08493;FGSG_08774;FGSG_09012;FGSG_10922;FGSG_12180,1,uncharacterized protein,GO:0003729,4.774953685884901,11,-0.632830905684065,1.31374130641393e-08,0,0.5901408450704225
FGSG_08452,13,0.4692770661363112,5.6474349463718,FGSG_01422;FGSG_02271;FGSG_02272;FGSG_02461;FGSG_03061;FGSG_03894;FGSG_04458;FGSG_04590;FGSG_05610;FGSG_07075;FGSG_09012;FGSG_09456;FGSG_09834,1,uncharacterized protein,GO:0005758;GO:0005829;GO:0008686;GO:0009060;GO:0009231;GO:0046872,4.772935671826153,11,-0.821421592772386,2.4868687568031e-16,0,0.5899396378269618
FGSG_03897,4,0.42245879651444607,1.6553332279464419,FGSG_02326;FGSG_02327;FGSG_02328;FGSG_02329,2,uncharacterized protein,GO:0016021,1.6553332279464419,4,2.18195558179164,2.8085078553449e-41,1,0.5898725687458082
FGSG_12975,11,0.45685404225744125,4.771226468678397,FGSG_00330;FGSG_03546;FGSG_03547;FGSG_03548;FGSG_03992;FGSG_04458;FGSG_04589;FGSG_08601;FGSG_08712;FGSG_09834;FGSG_10347,1,uncharacterized protein,GO:0000161;GO:0005634;GO:0005829;GO:0006457;GO:0019901;GO:0030474;GO:0031072;GO:0032872;GO:0050821;GO:0051082;GO:0051301;GO:0051726,4.771226468678397,11,-0.403804121767973,0.000127829735872,0,0.589738430583501
FGSG_05831,4,0.4106563405634269,1.6295071863869632,FGSG_02271;FGSG_07075;FGSG_07528;FGSG_09456,1,aldehyde dehydrogenase,GO:0016620;GO:0055114,1.6295071863869632,4,-2.55573531348931,2.40599278450412e-75,1,0.5896713615023474
FGSG_00992,8,0.4590982937069195,3.3589665160976705,FGSG_00743;FGSG_00765;FGSG_02272;FGSG_02461;FGSG_03061;FGSG_03894;FGSG_05610;FGSG_08774,1,uncharacterized protein,,1.6991832712628154,4,-1.71012119050319,6.14263684726472e-05,1,0.5896042924211938
FGSG_09667,7,0.45180483606244515,3.0400515287032657,FGSG_02272;FGSG_02461;FGSG_03061;FGSG_03894;FGSG_05610;FGSG_08774;FGSG_09012,1,uncharacterized protein,GO:0004583;GO:0005789;GO:0006488;GO:0016021,2.180077708573747,5,-1.0983670392157,1.57918491844553e-09,1,0.5894701542588867
FGSG_09161,6,0.42083212799956554,2.482674762721955,FGSG_02324;FGSG_02325;FGSG_02326;FGSG_02327;FGSG_02328;FGSG_02329,2,uncharacterized protein,,2.482674762721955,6,1.00685651850538,0.0419085873362314,1,0.5894030851777331
FGSG_00338,15,0.478941609056365,6.4613778231509365,FGSG_00743;FGSG_01422;FGSG_02271;FGSG_02272;FGSG_02461;FGSG_03061;FGSG_03894;FGSG_04590;FGSG_05610;FGSG_07075;FGSG_07528;FGSG_08774;FGSG_09012;FGSG_09456;FGSG_13136,1,uncharacterized protein,GO:0006673;GO:0016021;GO:0030148;GO:0045140;GO:0070916,4.767327730714673,11,-0.82261267933555,1.83991895600262e-29,0,0.5893360160965795
FGSG_06752,6,0.43469486458781953,2.5432188561956046,FGSG_02272;FGSG_02461;FGSG_03061;FGSG_03894;FGSG_05610;FGSG_13136,1,succinate-semialdehyde dehydrogenase,GO:0009013;GO:0009450;GO:0055114,2.115920757471516,5,-1.20496510868212,2.75618188495692e-29,1,0.5891348088531188
FGSG_08943,11,0.45445050956690186,4.76304963754833,FGSG_00330;FGSG_03546;FGSG_03547;FGSG_03548;FGSG_03992;FGSG_04458;FGSG_04591;FGSG_08601;FGSG_09280;FGSG_09834;FGSG_10347,1,2-deoxy-D-gluconate 3-dehydrogenase,GO:0016491;GO:0055114,4.76304963754833,11,-0.641666815613183,8.37141685314186e-08,0,0.5887323943661972
FGSG_10281,13,0.45979362738325846,5.59846671251089,FGSG_02321;FGSG_02323;FGSG_02324;FGSG_02325;FGSG_02326;FGSG_02327;FGSG_02328;FGSG_02329;FGSG_02903;FGSG_08083;FGSG_10670;FGSG_11326;FGSG_13952,2,uncharacterized protein,,4.762006307241015,11,0.450770262070846,3.66731185631139e-08,0,0.5885311871227364
FGSG_04581,14,0.46129260388857896,5.998503741294989,FGSG_01866;FGSG_02321;FGSG_02323;FGSG_02324;FGSG_02325;FGSG_02326;FGSG_02327;FGSG_02328;FGSG_02329;FGSG_03842;FGSG_08083;FGSG_08795;FGSG_11326;FGSG_13952,2,uncharacterized protein,GO:0000104;GO:0000981;GO:0003677;GO:0005634;GO:0006099;GO:0006351;GO:0006357;GO:0008270;GO:0009055;GO:0016020,4.761169851929206,11,0.572424972385813,7.918440499416851e-09,0,0.5883299798792756
FGSG_02038,3,0.4210896154435528,1.2313856983194131,FGSG_02271;FGSG_02272;FGSG_07075,1,uncharacterized protein,,1.2313856983194131,3,-5.60930214610684,4.47760215644373e-06,1,0.5881287726358149
FGSG_07959,11,0.45392184574770167,4.754218432849935,FGSG_00330;FGSG_03546;FGSG_03547;FGSG_03548;FGSG_03992;FGSG_04458;FGSG_04591;FGSG_08601;FGSG_09280;FGSG_09834;FGSG_10347,1,uncharacterized protein,,4.754218432849935,11,-0.518530727866953,0.0006296128629023,0,0.5879275653923541
FGSG_08313,11,0.4582255790242636,4.744832440928549,FGSG_00330;FGSG_03546;FGSG_03547;FGSG_03548;FGSG_03992;FGSG_04458;FGSG_04591;FGSG_08601;FGSG_09280;FGSG_09834;FGSG_10347,1,uncharacterized protein,GO:0001401;GO:0006461;GO:0015266;GO:0031307;GO:0045040,4.744832440928549,11,-0.61928988932245,2.56671481279365e-13,0,0.5875251509054326
FGSG_04655,4,0.43753332468257106,1.7302789311268354,FGSG_02326;FGSG_02327;FGSG_02328;FGSG_02329,2,uncharacterized protein,GO:0006355,1.7302789311268354,4,1.5644690304665,1.8229136104434402e-19,1,0.5871898054996647
FGSG_13396,11,0.4601483458466166,4.7435609948432615,FGSG_00330;FGSG_03546;FGSG_03547;FGSG_03548;FGSG_03894;FGSG_04458;FGSG_04589;FGSG_04591;FGSG_08601;FGSG_09834;FGSG_10347,1,uncharacterized protein,,4.7435609948432615,11,-0.536139635931338,6.40880333324743e-08,0,0.587122736418511
FGSG_08735,17,0.48830281221437455,7.303865335570901,FGSG_00743;FGSG_00765;FGSG_02272;FGSG_02461;FGSG_02972;FGSG_03061;FGSG_03747;FGSG_03894;FGSG_04589;FGSG_05368;FGSG_05610;FGSG_08493;FGSG_08774;FGSG_09012;FGSG_10444;FGSG_10922;FGSG_12180,1,uncharacterized protein,,4.73850703764423,11,-0.84738153841654,1.81175730006694e-18,0,0.5869215291750504
FGSG_03851,5,0.4633004564939173,2.135316015446117,FGSG_00743;FGSG_03894;FGSG_05610;FGSG_08774;FGSG_10922,1,uncharacterized protein,GO:0005783;GO:0016021;GO:0016491;GO:0016746;GO:0055114,1.295596523319491,3,-2.6556124693671,1.53580966740404e-05,1,0.5868544600938967
FGSG_04600,16,0.45393096187121024,6.810073360722246,FGSG_00007;FGSG_01866;FGSG_02321;FGSG_02324;FGSG_02325;FGSG_02326;FGSG_02327;FGSG_02328;FGSG_02329;FGSG_03539;FGSG_03842;FGSG_03881;FGSG_08083;FGSG_09187;FGSG_11326;FGSG_13952,2,uncharacterized protein,,4.7380664400197965,11,0.799757663542984,1.11425453864256e-07,0,0.5865191146881288
FGSG_00649,17,0.4943394027956672,7.2803562018068835,FGSG_00743;FGSG_00765;FGSG_01422;FGSG_02272;FGSG_02461;FGSG_02972;FGSG_03061;FGSG_03747;FGSG_03894;FGSG_04589;FGSG_04593;FGSG_05610;FGSG_08712;FGSG_08774;FGSG_09012;FGSG_10922;FGSG_12180,1,uncharacterized protein,GO:0003723;GO:0003735;GO:0005763;GO:0032543,4.735918243291179,11,-0.565520560160245,4.90017967192728e-08,0,0.5863179074446679
FGSG_02577,17,0.48691572301902586,7.295575020823875,FGSG_00743;FGSG_00765;FGSG_02272;FGSG_02461;FGSG_02972;FGSG_03061;FGSG_03747;FGSG_03894;FGSG_04589;FGSG_05368;FGSG_05610;FGSG_08493;FGSG_08774;FGSG_09012;FGSG_10444;FGSG_10922;FGSG_12180,1,uncharacterized protein,GO:0016021,4.733674292041768,11,-0.615247486493602,5.5929171802155806e-15,0,0.5861167002012072
FGSG_01918,16,0.4593716086810619,6.769407729872524,FGSG_01866;FGSG_02320;FGSG_02321;FGSG_02323;FGSG_02324;FGSG_02325;FGSG_02326;FGSG_02327;FGSG_02328;FGSG_02329;FGSG_03842;FGSG_03881;FGSG_08083;FGSG_09187;FGSG_11326;FGSG_13952,2,uncharacterized protein,GO:0003723;GO:0004652;GO:0005634;GO:0031123;GO:0043631,4.732098071443682,11,0.93244970757576,1.5834617576910098e-11,0,0.5859154929577465
FGSG_07907,11,0.4631605284055676,4.7281490045830825,FGSG_00330;FGSG_03546;FGSG_03547;FGSG_03548;FGSG_03992;FGSG_04458;FGSG_04589;FGSG_04591;FGSG_08601;FGSG_09834;FGSG_10347,1,uncharacterized protein,GO:0005739;GO:0016740;GO:0016787,4.7281490045830825,11,-0.600157814513955,7.50014639208602e-17,0,0.5855130784708249
FGSG_00633,17,0.48614970051288836,7.290983506990843,FGSG_00743;FGSG_00765;FGSG_02272;FGSG_02461;FGSG_02972;FGSG_03061;FGSG_03747;FGSG_03894;FGSG_04589;FGSG_05368;FGSG_05610;FGSG_08493;FGSG_08774;FGSG_09012;FGSG_10444;FGSG_10922;FGSG_12180,1,uncharacterized protein,GO:0000447;GO:0000448;GO:0000472;GO:0000480;GO:0004842;GO:0005622;GO:0006913;GO:0006997;GO:0007067;GO:0016874;GO:0042787,4.727881992008196,11,-0.52395308880118,7.73753599151275e-14,0,0.5853118712273642
FGSG_06222,15,0.4732673139483042,6.424284511581961,FGSG_00743;FGSG_01422;FGSG_02272;FGSG_02461;FGSG_03061;FGSG_03894;FGSG_04458;FGSG_04589;FGSG_05610;FGSG_08601;FGSG_08712;FGSG_08774;FGSG_09012;FGSG_10347;FGSG_12180,1,uncharacterized protein,GO:0006810;GO:0016021,4.725827974512967,11,-0.257742130564132,0.0534823388247555,0,0.5851106639839034
FGSG_04233,6,0.4618634706976005,2.533066538502166,FGSG_00743;FGSG_00765;FGSG_03894;FGSG_05610;FGSG_08774;FGSG_10922,1,uncharacterized protein,GO:0016021;GO:0016757,1.2910938494334787,3,-2.54886553509608,2.75912623866836e-08,1,0.5849765258215962
FGSG_09610,16,0.48760646507754146,6.87269010830103,FGSG_00743;FGSG_02272;FGSG_02461;FGSG_02972;FGSG_03061;FGSG_03747;FGSG_03894;FGSG_04589;FGSG_05610;FGSG_08493;FGSG_08774;FGSG_09012;FGSG_10444;FGSG_10922;FGSG_12180;FGSG_12223,1,uncharacterized protein,GO:0000287;GO:0006633;GO:0008897;GO:0016021,4.719767471216625,11,-0.569141176296674,2.06826314198389e-15,0,0.5849094567404427
FGSG_05428,26,0.462628533166743,11.042903792321269,FGSG_00007;FGSG_01866;FGSG_02255;FGSG_02321;FGSG_02324;FGSG_02326;FGSG_02327;FGSG_02328;FGSG_02329;FGSG_03532;FGSG_03534;FGSG_03535;FGSG_03539;FGSG_03541;FGSG_03543;FGSG_03600;FGSG_03842;FGSG_03881;FGSG_06039;FGSG_07896;FGSG_08081;FGSG_08082;FGSG_08083;FGSG_09187;FGSG_11326;FGSG_13952,2,eukaryotic translation initiation factor 6,GO:0000054;GO:0000463;GO:0000466;GO:0003743;GO:0005730;GO:0005829;GO:0006413;GO:0030687;GO:0042256;GO:0043022;GO:0043023;GO:1902626,4.710392563467318,11,0.590595955650716,3.76562017113667e-21,0,0.5839034205231388
FGSG_12599,3,0.4127701222756848,1.2237948197490955,FGSG_02326;FGSG_02328;FGSG_02329,2,uncharacterized protein,GO:0004497;GO:0005506;GO:0016021;GO:0016705;GO:0020037;GO:0055114,1.2237948197490955,3,5.33499485513866,3.90407799898168e-09,1,0.5837692823608317
FGSG_04911,6,0.4391734181812072,2.583419309170385,FGSG_02272;FGSG_02461;FGSG_03061;FGSG_03894;FGSG_04309;FGSG_05610,1,endoplasmic oxidoreductin-1 precursor,GO:0003756;GO:0005783;GO:0006457;GO:0016671;GO:0016972;GO:0055114,1.7267784798754653,4,-1.51705959783032,3.8506719477824203e-35,1,0.5832997987927566
FGSG_04913,7,0.4664031480062672,2.9961087762545064,FGSG_00743;FGSG_02272;FGSG_02461;FGSG_03061;FGSG_03894;FGSG_05610;FGSG_08774,1,uncharacterized protein,GO:0008422;GO:0030245;GO:0102483,1.7370315888508432,4,-1.48834927325885,0.0099184823160029,1,0.5830315224681422
FGSG_12590,13,0.4513423791297701,5.525861497425415,FGSG_02321;FGSG_02323;FGSG_02324;FGSG_02325;FGSG_02326;FGSG_02327;FGSG_02328;FGSG_02329;FGSG_02903;FGSG_03842;FGSG_08083;FGSG_11326;FGSG_13952,2,uncharacterized protein,,4.697683470140137,11,0.892231443742234,0.0691078841168295,0,0.5828973843058349
FGSG_03767,9,0.4215728243482437,3.7389711898081175,FGSG_02326;FGSG_02327;FGSG_02328;FGSG_02329;FGSG_03532;FGSG_03543;FGSG_08078;FGSG_08083;FGSG_09064,2,uncharacterized protein,GO:0004615;GO:0005737;GO:0009298;GO:0016787,2.085550701903644,5,1.2313793335065,1.3695437242141002e-16,1,0.58242790073776
FGSG_00656,12,0.4480990560392582,5.092249048551369,FGSG_00330;FGSG_00743;FGSG_03546;FGSG_03548;FGSG_03894;FGSG_04458;FGSG_04589;FGSG_08601;FGSG_09012;FGSG_09456;FGSG_09834;FGSG_10347,1,uncharacterized protein,GO:0000276;GO:0005198;GO:0015986;GO:0035786;GO:0042407;GO:0046961;GO:0051259,4.691470611214763,11,-0.304859133026861,0.0002298557008058,0,0.5822937625754527
FGSG_09019,7,0.43013202177510496,2.9339024124927766,FGSG_02320;FGSG_02326;FGSG_02327;FGSG_02328;FGSG_02329;FGSG_08078;FGSG_12211,2,uncharacterized protein,GO:0000105;GO:0000978;GO:0001077;GO:0005634;GO:0005829;GO:0006338;GO:0006366;GO:0009113;GO:0043388;GO:0045937;GO:0045944,2.1164583515963398,5,1.1320250872285,2.9154944029218e-41,1,0.5818242790073775
FGSG_13388,11,0.44328996068874094,4.663678831470717,FGSG_00330;FGSG_03546;FGSG_03547;FGSG_03548;FGSG_03992;FGSG_04458;FGSG_08601;FGSG_09280;FGSG_09456;FGSG_09834;FGSG_10347,1,uncharacterized protein,GO:0051213;GO:0055114,4.663678831470717,11,-0.969203667129575,1.44882234901763e-07,0,0.5812877263581488
FGSG_01250,7,0.4261136066089582,2.895812566483578,FGSG_02320;FGSG_02326;FGSG_02327;FGSG_02328;FGSG_02329;FGSG_08078;FGSG_12211,2,uncharacterized protein,GO:0005975;GO:0009277,2.0721528034798093,5,1.26387652473224,9.95070144135457e-37,1,0.5812206572769953
FGSG_04755,12,0.43119075815850266,5.035669003456939,FGSG_00330;FGSG_01422;FGSG_03546;FGSG_03548;FGSG_03992;FGSG_04458;FGSG_08601;FGSG_08712;FGSG_09280;FGSG_09456;FGSG_09834;FGSG_10347,1,uncharacterized protein,GO:0010181;GO:0016491;GO:0055114,4.632392283040336,11,-0.630624549618872,0.0043101523831177,0,0.5800804828973843
FGSG_09223,13,0.4674988961526032,5.4730631455950345,FGSG_00743;FGSG_02272;FGSG_03061;FGSG_03894;FGSG_04458;FGSG_04589;FGSG_05610;FGSG_08601;FGSG_08774;FGSG_09012;FGSG_10347;FGSG_10922;FGSG_12180,1,uncharacterized protein,GO:0016021,4.615877656409722,11,-0.459881697714936,7.51085637252795e-06,0,0.5798792756539235
FGSG_01654,13,0.4351571427520836,5.439884567645925,FGSG_01422;FGSG_02272;FGSG_02461;FGSG_03061;FGSG_03546;FGSG_03548;FGSG_03894;FGSG_04458;FGSG_05610;FGSG_09012;FGSG_09456;FGSG_09834;FGSG_10347,1,uncharacterized protein,,4.612093175517979,11,-0.39908242066052,0.0119127541047932,0,0.579476861167002
FGSG_06440,4,0.43369026030413504,1.6711888770031784,FGSG_03548;FGSG_07075;FGSG_09456;FGSG_09834,1,uncharacterized protein,GO:0016021,1.6711888770031784,4,-1.69069255148001,3.53294289119136e-14,1,0.5793427230046948
FGSG_03750,11,0.4367370457985138,4.59284368279344,FGSG_00330;FGSG_03546;FGSG_03547;FGSG_03548;FGSG_03992;FGSG_04458;FGSG_04591;FGSG_08601;FGSG_09280;FGSG_09834;FGSG_10347,1,uncharacterized protein,,4.59284368279344,11,-0.992862833477197,1.9032365069099602e-09,0,0.5790744466800805
FGSG_11781,12,0.4405052874912625,4.982966102749545,FGSG_00743;FGSG_02272;FGSG_03061;FGSG_03546;FGSG_03548;FGSG_03894;FGSG_04458;FGSG_04589;FGSG_05610;FGSG_08601;FGSG_09012;FGSG_10347,1,uncharacterized protein,GO:0000055;GO:0000056;GO:0003723;GO:0005643;GO:0005730;GO:0005829;GO:0016973;GO:0017056;GO:0031965;GO:0042272;GO:0072686,4.569160335180254,11,-0.240995921813658,0.0159748063307115,0,0.5788732394366197
FGSG_10880,12,0.43145958586947586,4.975093885938702,FGSG_00330;FGSG_00743;FGSG_02272;FGSG_03061;FGSG_03546;FGSG_03548;FGSG_03894;FGSG_04458;FGSG_04589;FGSG_05610;FGSG_08601;FGSG_10347,1,uncharacterized protein,GO:0016021,4.564185673860873,11,-0.336969860141991,0.0411988218620046,0,0.5786720321931589
FGSG_08889,12,0.42980111086209444,4.967886132736275,FGSG_00743;FGSG_02272;FGSG_03061;FGSG_03546;FGSG_03548;FGSG_03894;FGSG_04458;FGSG_04589;FGSG_05610;FGSG_08601;FGSG_09012;FGSG_10347,1,uncharacterized protein,GO:0000737;GO:0000738;GO:0003677;GO:0003906;GO:0005634;GO:0006284;GO:0008081;GO:0008311;GO:0034614;GO:1902546,4.558620013356408,11,-0.459248407953729,0.0212290034000534,0,0.5784708249496981
FGSG_10732,13,0.4258016837743764,5.378270334114332,FGSG_01422;FGSG_02272;FGSG_02461;FGSG_03061;FGSG_03546;FGSG_03548;FGSG_03894;FGSG_04458;FGSG_05610;FGSG_09012;FGSG_09456;FGSG_09834;FGSG_10347,1,uncharacterized protein,GO:0006744;GO:0008299;GO:0008412;GO:0031305,4.550207747291134,11,-0.707988378906454,0.0005595419141703,0,0.5782696177062374
FGSG_09268,13,0.4687070347838744,5.704733405560854,FGSG_01866;FGSG_02321;FGSG_02323;FGSG_02324;FGSG_02325;FGSG_02326;FGSG_02327;FGSG_02328;FGSG_02329;FGSG_03842;FGSG_08083;FGSG_11326;FGSG_13952,2,uncharacterized protein,,4.456541825230981,10,0.958709382431324,1.09116694396675e-07,0,0.5778672032193158
FGSG_02516,6,0.44652598032720664,2.537041451306936,FGSG_00743;FGSG_03894;FGSG_04589;FGSG_05610;FGSG_10922;FGSG_12180,1,uncharacterized protein,GO:0003677;GO:0046983,2.1037122388768372,5,-1.14004076877207,2.00808004924623e-13,1,0.5777330650570087
FGSG_01343,18,0.4809707553249026,7.822421740050585,FGSG_00743;FGSG_00765;FGSG_01422;FGSG_02030;FGSG_02271;FGSG_02272;FGSG_02461;FGSG_02782;FGSG_03061;FGSG_03894;FGSG_04309;FGSG_04590;FGSG_05610;FGSG_07075;FGSG_07528;FGSG_08774;FGSG_09012;FGSG_13136,1,uncharacterized protein,GO:0001731;GO:0003743;GO:0005852;GO:0006446;GO:0016282;GO:0033290,4.441168445879804,10,-0.82634319137741,1.7396158830481902e-17,0,0.5776659959758551
FGSG_08872,12,0.46699979566131666,5.26720588629103,FGSG_02321;FGSG_02323;FGSG_02324;FGSG_02325;FGSG_02326;FGSG_02327;FGSG_02328;FGSG_02329;FGSG_03842;FGSG_08083;FGSG_11326;FGSG_13952,2,uncharacterized protein,,4.4283790870689055,10,0.321512829292254,3.93732916480563e-06,0,0.5774647887323944
FGSG_09836,12,0.45816763765667406,5.2384775758775675,FGSG_02321;FGSG_02323;FGSG_02324;FGSG_02325;FGSG_02326;FGSG_02327;FGSG_02328;FGSG_02329;FGSG_03842;FGSG_08083;FGSG_11326;FGSG_13952,2,uncharacterized protein,,4.406413286041412,10,0.482494192853919,5.75419869845027e-05,0,0.5772635814889336
FGSG_13650,16,0.4583993437723062,6.86231094063124,FGSG_00007;FGSG_01866;FGSG_02321;FGSG_02323;FGSG_02324;FGSG_02325;FGSG_02326;FGSG_02327;FGSG_02328;FGSG_02329;FGSG_03842;FGSG_03881;FGSG_08082;FGSG_08083;FGSG_11326;FGSG_13952,2,uncharacterized protein,GO:0001678;GO:0004396;GO:0005215;GO:0005524;GO:0005536;GO:0005623;GO:0006096;GO:0016021;GO:0046835;GO:0055085,4.399331760352507,10,0.960099990291297,8.994771415094501e-10,0,0.5766599597585513
FGSG_05676,12,0.461245138458678,5.2213708178478555,FGSG_02321;FGSG_02323;FGSG_02324;FGSG_02325;FGSG_02326;FGSG_02327;FGSG_02328;FGSG_02329;FGSG_03842;FGSG_08083;FGSG_11326;FGSG_13952,2,uncharacterized protein,GO:0004843;GO:0005622;GO:0006511;GO:0016021,4.397797907609228,10,0.542123896328362,0.0001196240864656,0,0.5764587525150905
FGSG_05520,17,0.45609592097587004,7.251335447962953,FGSG_00007;FGSG_01866;FGSG_02321;FGSG_02323;FGSG_02324;FGSG_02325;FGSG_02326;FGSG_02327;FGSG_02328;FGSG_02329;FGSG_03539;FGSG_03541;FGSG_03842;FGSG_03881;FGSG_08083;FGSG_11326;FGSG_13952,2,uncharacterized protein,GO:0000070;GO:0000122;GO:0000775;GO:0000781;GO:0005829;GO:0006283;GO:0006348;GO:0008180;GO:0016874;GO:0030466;GO:0030702;GO:0031048;GO:0031507;GO:0031625;GO:0034613;GO:0042787;GO:0043494;GO:0051446;GO:0051570;GO:1903467,4.387575603275501,10,0.343854163718637,0.0004149636650901,0,0.576056338028169
FGSG_07334,14,0.47519832733435663,6.077050968423752,FGSG_00743;FGSG_01422;FGSG_02271;FGSG_02272;FGSG_02461;FGSG_03061;FGSG_03894;FGSG_04590;FGSG_05610;FGSG_07075;FGSG_08774;FGSG_09012;FGSG_09456;FGSG_09834,1,uncharacterized protein,GO:0000774;GO:0002181;GO:0005634;GO:0006417;GO:0022626;GO:0050790;GO:0071629,4.382423217822409,10,-0.715421835501192,2.13992941969326e-11,0,0.5756539235412474
FGSG_13742,12,0.4542472836638122,5.2004782900758055,FGSG_02321;FGSG_02323;FGSG_02324;FGSG_02325;FGSG_02326;FGSG_02327;FGSG_02328;FGSG_02329;FGSG_03842;FGSG_08083;FGSG_11326;FGSG_13952,2,uncharacterized protein,,4.380769734081616,10,0.96163022156038,4.36329266694398e-07,0,0.5752515090543259
FGSG_09560,13,0.47093102905601464,5.686916322383519,FGSG_00743;FGSG_01422;FGSG_02271;FGSG_02272;FGSG_02461;FGSG_03061;FGSG_03894;FGSG_04458;FGSG_04590;FGSG_05610;FGSG_08712;FGSG_09834;FGSG_10347,1,uncharacterized protein,,4.379567096565211,10,-0.367651600606992,4.94032134730795e-06,0,0.5750503018108652
FGSG_03731,13,0.46242963422600775,5.624841831122121,FGSG_01866;FGSG_02321;FGSG_02323;FGSG_02324;FGSG_02325;FGSG_02326;FGSG_02327;FGSG_02328;FGSG_02329;FGSG_03842;FGSG_08083;FGSG_11326;FGSG_13952,2,uncharacterized protein,,4.379135691893471,10,0.989735712368778,0.0145897462819608,0,0.5748490945674044
FGSG_12281,4,0.4460758811962594,1.6892945906566603,FGSG_00743;FGSG_03061;FGSG_03894;FGSG_05610,1,uncharacterized protein,GO:0008270;GO:0016874,1.2629369049159254,3,-2.4678770313894,4.13355852363253e-06,1,0.5745808182427901
FGSG_03518,6,0.42299386943139816,2.462956121648096,FGSG_02326;FGSG_02329;FGSG_08077;FGSG_08078;FGSG_10206;FGSG_12211,2,uncharacterized protein,,1.6385955322360002,4,1.93734137402899,2.07568416640837e-76,1,0.5740442655935614
FGSG_13555,14,0.4577203827143809,6.040192706080708,FGSG_00743;FGSG_01422;FGSG_02272;FGSG_02461;FGSG_03061;FGSG_03548;FGSG_03894;FGSG_04458;FGSG_05610;FGSG_08774;FGSG_09012;FGSG_09456;FGSG_09834;FGSG_10347,1,uncharacterized protein,GO:0000244;GO:0000349;GO:0000388;GO:0003746;GO:0003924;GO:0005525;GO:0005682;GO:0006414;GO:0030623;GO:0046540,4.350815260310899,10,-0.86381040220744,5.90793487188955e-08,0,0.5740442655935614
FGSG_03734,14,0.4547835970363091,5.985834250303368,FGSG_00007;FGSG_01866;FGSG_02321;FGSG_02324;FGSG_02325;FGSG_02326;FGSG_02327;FGSG_02328;FGSG_02329;FGSG_03842;FGSG_03881;FGSG_08083;FGSG_11326;FGSG_13952,2,uncharacterized protein,,4.347929676553422,10,0.512031640478086,9.16812700329381e-05,0,0.5736418511066398
FGSG_07350,4,0.4180418468564277,1.6414961219061146,FGSG_02326;FGSG_02327;FGSG_02328;FGSG_02329,2,uncharacterized protein,GO:0016021;GO:0022891;GO:0055085,1.6414961219061146,4,1.87834832161513,0.0002537305180989,1,0.5733735747820256
FGSG_08656,13,0.46663642088786983,5.627326745365981,FGSG_00743;FGSG_01422;FGSG_02272;FGSG_02461;FGSG_03061;FGSG_03894;FGSG_04458;FGSG_04589;FGSG_05610;FGSG_08601;FGSG_08712;FGSG_10347;FGSG_12180,1,uncharacterized protein,GO:0000147;GO:0003779;GO:0006897;GO:0030041;GO:0030479;GO:0032233;GO:0043332;GO:0044397;GO:0045010;GO:0071963;GO:1902404;GO:1903475;GO:2000601,4.342813150327553,10,-0.431897780001122,1.60114647301852e-05,0,0.5728370221327967
FGSG_13392,18,0.45748592331111404,7.646343071701155,FGSG_00007;FGSG_01866;FGSG_02321;FGSG_02324;FGSG_02325;FGSG_02326;FGSG_02327;FGSG_02328;FGSG_02329;FGSG_03539;FGSG_03541;FGSG_03842;FGSG_03881;FGSG_08081;FGSG_08082;FGSG_08083;FGSG_11326;FGSG_13952,2,uncharacterized protein,,4.337506014774431,10,0.58142807461973,3.09021643269819e-09,0,0.5724346076458753
FGSG_05906,4,0.4240700242330816,1.648904587261474,FGSG_02324;FGSG_02325;FGSG_02327;FGSG_02903,2,uncharacterized protein,GO:0004806;GO:0006629,1.648904587261474,4,1.77545676578083,5.82847389012838e-40,1,0.571830985915493
FGSG_02671,15,0.4570370362561573,6.3850648888270864,FGSG_00007;FGSG_01866;FGSG_02321;FGSG_02323;FGSG_02324;FGSG_02325;FGSG_02326;FGSG_02327;FGSG_02328;FGSG_02329;FGSG_03842;FGSG_08082;FGSG_08083;FGSG_11326;FGSG_13952,2,uncharacterized protein,GO:0016021;GO:0055085,4.332324219384168,10,0.548729059724002,7.60881599319153e-07,0,0.571830985915493
FGSG_07566,12,0.4506995232634197,5.145225454135667,FGSG_02321;FGSG_02323;FGSG_02324;FGSG_02325;FGSG_02326;FGSG_02327;FGSG_02328;FGSG_02329;FGSG_03842;FGSG_08083;FGSG_11326;FGSG_13952,2,uncharacterized protein,GO:0016301;GO:0016310,4.3277996524842495,10,0.467962218782223,0.008324931589068,0,0.5714285714285714
FGSG_03769,13,0.4528552452639644,5.56206298195331,FGSG_01866;FGSG_02321;FGSG_02323;FGSG_02324;FGSG_02325;FGSG_02326;FGSG_02327;FGSG_02328;FGSG_02329;FGSG_03842;FGSG_08083;FGSG_11326;FGSG_13952,2,uncharacterized protein,GO:0004185;GO:0006508,4.322441225988115,10,0.599416846024722,2.60891451810951e-06,0,0.5710261569416498
FGSG_07172,12,0.46651330373751154,5.185363824082365,FGSG_01422;FGSG_02271;FGSG_02272;FGSG_02461;FGSG_03061;FGSG_03894;FGSG_04590;FGSG_05610;FGSG_07075;FGSG_09012;FGSG_09456;FGSG_09834,1,vacuolar protein sorting-associated protein 1,GO:0000329;GO:0003924;GO:0005525;GO:0005741;GO:0005777;GO:0006623;GO:0006897;GO:0016559;GO:0030036;GO:0030479;GO:0045053;GO:0060988,4.3203898355494585,10,-0.490230090498794,2.6910763045507097e-11,0,0.5708249496981892
FGSG_13176,12,0.44872137812532115,5.129737278477958,FGSG_00007;FGSG_02321;FGSG_02324;FGSG_02325;FGSG_02326;FGSG_02327;FGSG_02328;FGSG_02329;FGSG_03842;FGSG_08083;FGSG_11326;FGSG_13952,2,uncharacterized protein,GO:0004497;GO:0005506;GO:0008168;GO:0016021;GO:0016705;GO:0020037;GO:0032259;GO:0055114,4.319964235877899,10,0.427787114695703,8.13082998252459e-05,0,0.5706237424547284
FGSG_03140,12,0.45127250463537816,5.1429774639346375,FGSG_02321;FGSG_02323;FGSG_02324;FGSG_02325;FGSG_02326;FGSG_02327;FGSG_02328;FGSG_02329;FGSG_03842;FGSG_08083;FGSG_11326;FGSG_13952,2,uncharacterized protein,GO:0016021;GO:0022891;GO:0055085,4.318329128919619,10,0.966396132756625,0.0553454761650389,0,0.5702213279678068
FGSG_05583,11,0.45224560724902724,4.719677660725396,FGSG_02321;FGSG_02324;FGSG_02325;FGSG_02326;FGSG_02327;FGSG_02328;FGSG_02329;FGSG_03842;FGSG_08083;FGSG_11326;FGSG_13952,2,uncharacterized protein,,4.313332850071632,10,0.742641251521627,0.0004687229015478,0,0.5696177062374246
FGSG_10735,14,0.45831527555458795,5.995905752246554,FGSG_00743;FGSG_01422;FGSG_02272;FGSG_02461;FGSG_03061;FGSG_03548;FGSG_03894;FGSG_04458;FGSG_05610;FGSG_08774;FGSG_09012;FGSG_09456;FGSG_09834;FGSG_10347,1,uncharacterized protein,,4.309542634590876,10,-0.521275435353297,9.11031422401506e-07,0,0.5694164989939637
FGSG_11062,15,0.4533643472024232,6.332734535717651,FGSG_00007;FGSG_01866;FGSG_02321;FGSG_02323;FGSG_02324;FGSG_02325;FGSG_02326;FGSG_02327;FGSG_02328;FGSG_02329;FGSG_03842;FGSG_08082;FGSG_08083;FGSG_11326;FGSG_13952,2,uncharacterized protein,GO:0016021;GO:0016740,4.309315997122092,10,0.534851811188391,2.08071966706376e-05,0,0.569215291750503
FGSG_11364,12,0.4507804393100263,5.1306935078112454,FGSG_02321;FGSG_02323;FGSG_02324;FGSG_02325;FGSG_02326;FGSG_02327;FGSG_02328;FGSG_02329;FGSG_03842;FGSG_08083;FGSG_11326;FGSG_13952,2,uncharacterized protein,GO:0000981;GO:0003677;GO:0005634;GO:0006351;GO:0006357;GO:0008270,4.308610159749335,10,0.795947844194057,0.0009159528532252,0,0.5688128772635814
FGSG_07584,13,0.4501411560785117,5.527006691827052,FGSG_01866;FGSG_02321;FGSG_02323;FGSG_02324;FGSG_02325;FGSG_02326;FGSG_02327;FGSG_02328;FGSG_02329;FGSG_03842;FGSG_08083;FGSG_11326;FGSG_13952,2,uncharacterized protein,GO:0016021;GO:0055085,4.30691625713633,10,0.768867305092603,0.0176575641465835,0,0.5686116700201207
FGSG_11994,13,0.46553451842798854,5.573484916592356,FGSG_00743;FGSG_01422;FGSG_02271;FGSG_02272;FGSG_02461;FGSG_03061;FGSG_03894;FGSG_04590;FGSG_05610;FGSG_07075;FGSG_09012;FGSG_09456;FGSG_09834,1,uncharacterized protein,,4.30154611924809,10,-0.537797347471946,0.0001815804755601,0,0.56841046277666
FGSG_05253,10,0.45709077514087326,4.298990576004814,FGSG_00330;FGSG_03546;FGSG_03547;FGSG_03548;FGSG_03992;FGSG_04458;FGSG_04589;FGSG_08601;FGSG_09834;FGSG_10347,1,uncharacterized protein,,4.298990576004814,10,-0.884897521842591,0.000211661290651,0,0.5682092555331992
FGSG_07500,16,0.4623604215895117,6.747482107534912,FGSG_00007;FGSG_01866;FGSG_02321;FGSG_02323;FGSG_02324;FGSG_02325;FGSG_02326;FGSG_02327;FGSG_02328;FGSG_02329;FGSG_03539;FGSG_03842;FGSG_08082;FGSG_08083;FGSG_11326;FGSG_13952,2,uncharacterized protein,GO:0016491;GO:0030151;GO:0042128;GO:0055114,4.297473881166353,10,0.665536365354712,9.51185641307909e-15,0,0.5680080482897384
FGSG_11468,4,0.41200984154880865,1.6370837833981602,FGSG_02326;FGSG_02327;FGSG_02328;FGSG_02329,2,xylosidase/arabinosidase,GO:0004553;GO:0045493,1.6370837833981602,4,1.7757667940682,0.0044947557416853,1,0.567739771965124
FGSG_08343,12,0.4557461900818545,5.147256686373788,FGSG_01422;FGSG_02271;FGSG_02272;FGSG_02461;FGSG_03061;FGSG_03894;FGSG_04458;FGSG_05610;FGSG_07075;FGSG_09012;FGSG_09456;FGSG_09834,1,plasma membrane ATPase,GO:0005524;GO:0006754;GO:0008553;GO:0016021;GO:0046872;GO:1902600,4.290446377129246,10,-0.718364481232774,5.0056738979521095e-12,0,0.5674044265593562
FGSG_00766,10,0.4599107588143399,4.290375293771978,FGSG_00330;FGSG_03546;FGSG_03547;FGSG_03548;FGSG_03992;FGSG_04458;FGSG_04589;FGSG_08601;FGSG_09834;FGSG_10347,1,uncharacterized protein,GO:0003729;GO:0005634;GO:0005829;GO:0006457;GO:0016021;GO:0030001;GO:0030544;GO:0042030;GO:0043086;GO:0046873;GO:0051879;GO:0055085,4.290375293771978,10,-0.415660496009955,3.50372408102317e-07,0,0.5672032193158953
FGSG_08626,14,0.4741017022503608,5.971632170597684,FGSG_00743;FGSG_01422;FGSG_02272;FGSG_02461;FGSG_03061;FGSG_03894;FGSG_04458;FGSG_04589;FGSG_05610;FGSG_08712;FGSG_08774;FGSG_10347;FGSG_10922;FGSG_12180,1,uncharacterized protein,GO:0001078;GO:0005634;GO:0005737;GO:0008270;GO:0035948;GO:0043565;GO:0061414;GO:0061415,4.289836735235711,10,-0.502241383224484,0.001166880786664,0,0.5670020120724346
FGSG_01018,4,0.42220157008600834,1.6561261956271067,FGSG_02326;FGSG_02327;FGSG_02328;FGSG_02329,2,uncharacterized protein,GO:0005524;GO:0005634;GO:0005829;GO:0016310;GO:0046177;GO:0046316,1.6561261956271067,4,1.58597364836161,8.98804918413564e-08,1,0.5667337357478203
FGSG_03960,4,0.4351171547619526,1.7109273613309446,FGSG_02326;FGSG_02327;FGSG_02328;FGSG_02329,2,uncharacterized protein,GO:0005199;GO:0009277,1.7109273613309446,4,1.31074181136779,0.0004451072458074,1,0.5667337357478203
FGSG_02073,16,0.4870252663601186,6.831746380148367,FGSG_00743;FGSG_00765;FGSG_02272;FGSG_02461;FGSG_02972;FGSG_03061;FGSG_03747;FGSG_03894;FGSG_04589;FGSG_05610;FGSG_08493;FGSG_08774;FGSG_09012;FGSG_10444;FGSG_10922;FGSG_12180,1,lysophospholipase 2,GO:0004622;GO:0009395,4.284823640646288,10,-0.698710289874014,1.31733234744638e-06,0,0.566599597585513
FGSG_09368,12,0.4502674630303154,5.111757570140964,FGSG_01866;FGSG_02321;FGSG_02324;FGSG_02325;FGSG_02326;FGSG_02327;FGSG_02328;FGSG_02329;FGSG_03842;FGSG_08083;FGSG_11326;FGSG_13952,2,uncharacterized protein,GO:0003677;GO:0005634;GO:0006351;GO:0008270,4.281707717789587,10,0.718544390309222,6.39800165623244e-06,0,0.5661971830985916
FGSG_03265,4,0.44834026180305964,1.7019522959019695,FGSG_00743;FGSG_03894;FGSG_08774;FGSG_10922,1,uncharacterized protein,GO:0016021,0.8817398369792654,2,-3.53864860963126,0.005565595045362,1,0.5659959758551308
FGSG_03481,14,0.4500386474089203,5.921548819379037,FGSG_00007;FGSG_01866;FGSG_02321;FGSG_02324;FGSG_02325;FGSG_02326;FGSG_02327;FGSG_02328;FGSG_02329;FGSG_03842;FGSG_03881;FGSG_08083;FGSG_11326;FGSG_13952,2,uncharacterized protein,GO:0006508;GO:0008237;GO:0016829,4.281328135028934,10,0.93841329192997,5.64414664433187e-08,0,0.5659959758551307
FGSG_03991,12,0.4508343949848762,5.093206173828744,FGSG_02321;FGSG_02323;FGSG_02324;FGSG_02325;FGSG_02326;FGSG_02327;FGSG_02328;FGSG_02329;FGSG_02903;FGSG_03842;FGSG_11326;FGSG_13952,2,uncharacterized protein,GO:0006406;GO:0008541;GO:0043248,4.28099247762644,10,0.311666500959362,3.30481174349404e-05,0,0.56579476861167
FGSG_11947,4,0.4081939688259958,1.6204485906625037,FGSG_02326;FGSG_02327;FGSG_02328;FGSG_02329,2,uncharacterized protein,GO:0016021,1.6204485906625037,4,1.85396825689437,0.0244742374764983,1,0.56579476861167
FGSG_13422,3,0.4109595179550527,1.217606268234646,FGSG_02326;FGSG_02328;FGSG_02329,2,uncharacterized protein,GO:0007155;GO:0030246,1.217606268234646,3,3.29639626126724,0.0023180601694226,1,0.5657276995305165
FGSG_02873,12,0.4449141908364142,5.10277541944925,FGSG_02321;FGSG_02323;FGSG_02324;FGSG_02325;FGSG_02326;FGSG_02327;FGSG_02328;FGSG_02329;FGSG_02903;FGSG_03842;FGSG_11326;FGSG_13952,2,uncharacterized protein,GO:0008152;GO:0016874,4.280686551113142,10,0.885249419833217,8.54468434444546e-07,0,0.5655935613682093
FGSG_07373,14,0.4791819071895975,5.979108525744083,FGSG_00743;FGSG_01422;FGSG_02272;FGSG_02461;FGSG_03061;FGSG_03894;FGSG_04458;FGSG_04589;FGSG_05610;FGSG_08712;FGSG_08774;FGSG_09012;FGSG_10347;FGSG_12180,1,uncharacterized protein,GO:0000324;GO:0016021,4.27807866553549,10,-0.352893568564845,0.0014322142310236,0,0.5653923541247485
FGSG_03993,12,0.44716648752920735,5.092461148043106,FGSG_02321;FGSG_02323;FGSG_02324;FGSG_02325;FGSG_02326;FGSG_02327;FGSG_02328;FGSG_02329;FGSG_03842;FGSG_08083;FGSG_11326;FGSG_13952,2,homocitrate synthase,GO:0004410;GO:0005829;GO:0019878,4.277920356350675,10,0.605905451617211,1.45039489569992e-06,0,0.5651911468812877
FGSG_03296,4,0.42667881348922254,1.6931128544415583,FGSG_02326;FGSG_02327;FGSG_02328;FGSG_02329,2,uncharacterized protein,GO:0016021,1.6931128544415583,4,1.35764927923481,4.69605960664876e-19,1,0.5651240778001341
FGSG_09718,3,0.4177034741630374,1.2324922603323896,FGSG_02326;FGSG_02328;FGSG_02329,2,uncharacterized protein,,1.2324922603323896,3,2.63484075488307,2.5648202180291297e-77,1,0.5649228705566735
FGSG_10989,7,0.4407846407858764,2.9614334109260314,FGSG_02272;FGSG_02461;FGSG_03061;FGSG_03894;FGSG_05610;FGSG_08774;FGSG_09012,1,uncharacterized protein,,2.1217012613358723,5,-1.00312172262739,0.0133065477146155,1,0.5648558014755198
FGSG_03568,14,0.4580958922356117,5.934141356081122,FGSG_00007;FGSG_01866;FGSG_02321;FGSG_02324;FGSG_02325;FGSG_02326;FGSG_02327;FGSG_02328;FGSG_02329;FGSG_03842;FGSG_03881;FGSG_08083;FGSG_11326;FGSG_13952,2,uncharacterized protein,GO:0008171;GO:0032259,4.272279444611163,10,0.541997991668471,0.0095126802361821,0,0.5647887323943662
FGSG_11829,14,0.4719182219994996,5.939047685274624,FGSG_00743;FGSG_01422;FGSG_02272;FGSG_02461;FGSG_03061;FGSG_03894;FGSG_04458;FGSG_04589;FGSG_05610;FGSG_08601;FGSG_08712;FGSG_08774;FGSG_10347;FGSG_12180,1,uncharacterized protein,GO:0016021,4.269789992946116,10,-0.504628679393247,0.0001554202981908,0,0.5643863179074446
FGSG_02346,16,0.4502741922101448,6.7244286545880465,FGSG_00007;FGSG_01866;FGSG_02321;FGSG_02324;FGSG_02325;FGSG_02326;FGSG_02327;FGSG_02328;FGSG_02329;FGSG_03532;FGSG_03842;FGSG_03881;FGSG_08081;FGSG_08083;FGSG_11326;FGSG_13952,2,Delta(14)-sterol reductase,GO:0016021;GO:0016628;GO:0055114,4.269375549494604,10,0.779480839295989,6.07951944216743e-08,0,0.5641851106639839
FGSG_11991,15,0.48598263141914533,6.393037404058169,FGSG_00743;FGSG_02272;FGSG_02461;FGSG_02972;FGSG_03061;FGSG_03747;FGSG_03894;FGSG_04589;FGSG_05610;FGSG_08493;FGSG_08774;FGSG_09012;FGSG_10444;FGSG_10922;FGSG_12180,1,uncharacterized protein,GO:0006508;GO:0008237,4.268104935129488,10,-0.355877359644593,3.13565035922189e-05,0,0.5639839034205232
FGSG_10971,4,0.4248522317732193,1.6774285895843364,FGSG_02326;FGSG_02327;FGSG_02328;FGSG_02329,2,uncharacterized protein,,1.6774285895843364,4,1.41168588754386,0.0112965024399034,1,0.5634473507712945
FGSG_07708,4,0.42395032366523916,1.658040336166401,FGSG_02326;FGSG_02327;FGSG_02328;FGSG_02329,2,uncharacterized protein,,1.658040336166401,4,1.52358349534021,0.0001392449982034,1,0.5633132126089873
FGSG_00659,6,0.42421440541962924,2.484417399901399,FGSG_02326;FGSG_02327;FGSG_02328;FGSG_02329;FGSG_08078;FGSG_08083,2,uncharacterized protein,GO:0004571;GO:0005509;GO:0005783;GO:0016021;GO:0030433,2.082119948406572,5,1.07671885199738,2.0826085722789002e-16,1,0.5630449362843729
FGSG_00295,3,0.4251533996893794,1.241683626626696,FGSG_02324;FGSG_02325;FGSG_02903,2,uncharacterized protein,GO:0016020,1.241683626626696,3,2.41185261011715,9.97323482822477e-58,1,0.5629107981220658
FGSG_03833,4,0.41943920140368596,1.6549404064325288,FGSG_02326;FGSG_02327;FGSG_02328;FGSG_02329,2,uncharacterized protein,GO:0008168;GO:0032259,1.6549404064325288,4,1.55222346650204,0.0383951415185121,1,0.5629107981220658
FGSG_06799,10,0.43911101052843954,4.253014706630515,FGSG_00330;FGSG_03546;FGSG_03547;FGSG_03548;FGSG_03992;FGSG_04458;FGSG_08601;FGSG_09280;FGSG_09834;FGSG_10347,1,uncharacterized protein,GO:0000184;GO:0000932;GO:0003723;GO:0004534;GO:0007089;GO:0070651;GO:0090503,4.253014706630515,10,-0.298099208789193,0.0016996118836383,0,0.5627766599597586
FGSG_09618,10,0.44463637198869255,4.25192647264027,FGSG_00330;FGSG_03546;FGSG_03547;FGSG_03548;FGSG_03992;FGSG_04458;FGSG_08601;FGSG_09280;FGSG_09834;FGSG_10347,1,uncharacterized protein,GO:0016021;GO:0016757,4.25192647264027,10,-0.406448791625912,0.0014584846312132,0,0.5625754527162977
FGSG_07691,12,0.44591044496767135,5.063828706786491,FGSG_02321;FGSG_02323;FGSG_02324;FGSG_02325;FGSG_02326;FGSG_02327;FGSG_02328;FGSG_02329;FGSG_03842;FGSG_08083;FGSG_11326;FGSG_13952,2,uncharacterized protein,,4.251166370696962,10,0.972125254085203,0.0208216014663521,0,0.562374245472837
FGSG_07638,17,0.4467826310580125,7.116500531508675,FGSG_00007;FGSG_01866;FGSG_02321;FGSG_02324;FGSG_02326;FGSG_02327;FGSG_02328;FGSG_02329;FGSG_03539;FGSG_03541;FGSG_03543;FGSG_03842;FGSG_03881;FGSG_08083;FGSG_09187;FGSG_11326;FGSG_13952,2,uncharacterized protein,GO:0000981;GO:0003677;GO:0005634;GO:0006351;GO:0006357;GO:0008270;GO:0016020,4.250484396511809,10,0.923606109883078,3.22164038373746e-10,0,0.5621730382293763
FGSG_12563,11,0.4409399169968556,4.649655993784334,FGSG_02323;FGSG_02324;FGSG_02325;FGSG_02326;FGSG_02327;FGSG_02328;FGSG_02329;FGSG_03842;FGSG_08083;FGSG_11326;FGSG_13952,2,uncharacterized protein,GO:0016491;GO:0046872;GO:0051537;GO:0055114,4.2450444420352875,10,0.871747718548416,2.49842582234085e-21,0,0.5619718309859155
FGSG_03717,12,0.4577958209409193,5.061688825252546,FGSG_00007;FGSG_02324;FGSG_02325;FGSG_02326;FGSG_02327;FGSG_02328;FGSG_02329;FGSG_03842;FGSG_08082;FGSG_08083;FGSG_11326;FGSG_13952,2,uncharacterized protein,,4.244866735014185,10,0.735436485937311,4.670617755231381e-10,0,0.5617706237424547
FGSG_04041,11,0.4391542616082032,4.637894507832302,FGSG_02321;FGSG_02324;FGSG_02325;FGSG_02326;FGSG_02327;FGSG_02328;FGSG_02329;FGSG_03842;FGSG_08083;FGSG_11326;FGSG_13952,2,uncharacterized protein,,4.236087016136783,10,0.22043363290744,0.01370345934566,0,0.5613682092555332
FGSG_00841,12,0.4498492677874392,5.07519070564579,FGSG_00743;FGSG_01422;FGSG_02272;FGSG_03061;FGSG_03894;FGSG_04458;FGSG_04589;FGSG_05610;FGSG_08601;FGSG_08712;FGSG_10347;FGSG_12180,1,uncharacterized protein,GO:0000288;GO:0001308;GO:0003729;GO:0008104;GO:0017148,4.228362705340619,10,-0.593366177918104,2.74281393983873e-07,0,0.5609657947686116
FGSG_05230,13,0.44360833608073735,5.4679502729978084,FGSG_00743;FGSG_01422;FGSG_02272;FGSG_02461;FGSG_03061;FGSG_03548;FGSG_03894;FGSG_04458;FGSG_04590;FGSG_05610;FGSG_08712;FGSG_09834;FGSG_10347,1,uncharacterized protein,,4.223517872415436,10,-0.379865965711086,0.0138632148160834,0,0.5607645875251509
FGSG_03521,4,0.4143934150231613,1.6344164497298432,FGSG_03546;FGSG_03548;FGSG_09280;FGSG_09834,1,uncharacterized protein,,1.6344164497298432,4,-1.66277709567274,5.870201402643049e-11,1,0.5605633802816902
FGSG_10034,12,0.44314183910703875,5.0365877185121075,FGSG_02321;FGSG_02323;FGSG_02324;FGSG_02325;FGSG_02326;FGSG_02327;FGSG_02328;FGSG_02329;FGSG_03842;FGSG_08083;FGSG_11326;FGSG_13952,2,uncharacterized protein,GO:0005622;GO:0006896;GO:0008565;GO:0015031,4.218404020719779,10,0.270470354150662,0.0028752331371451,0,0.5605633802816902
FGSG_00669,27,0.44340945076969174,11.369811645396414,FGSG_00007;FGSG_01866;FGSG_02255;FGSG_02321;FGSG_02323;FGSG_02326;FGSG_02327;FGSG_02328;FGSG_02329;FGSG_03532;FGSG_03539;FGSG_03541;FGSG_03543;FGSG_03842;FGSG_03881;FGSG_08077;FGSG_08078;FGSG_08079;FGSG_08081;FGSG_08082;FGSG_08083;FGSG_08084;FGSG_08795;FGSG_09064;FGSG_09187;FGSG_12211;FGSG_13952,2,uncharacterized protein,GO:0005524;GO:0016021;GO:0042626;GO:0055085,4.216379648373657,10,0.798811347481788,1.10640985577731e-22,0,0.5603621730382293
FGSG_07863,10,0.4430271692394686,4.208446487795471,FGSG_00330;FGSG_03546;FGSG_03547;FGSG_03548;FGSG_04458;FGSG_08601;FGSG_09280;FGSG_09456;FGSG_09834;FGSG_10347,1,uncharacterized protein,GO:0003700;GO:0006355;GO:0043565,4.208446487795471,10,-0.879530108559747,2.6242032244300604e-15,0,0.5599597585513079
FGSG_05096,11,0.43608421677240955,4.6067956842822095,FGSG_00330;FGSG_01422;FGSG_03546;FGSG_03548;FGSG_03992;FGSG_04458;FGSG_04589;FGSG_08601;FGSG_08712;FGSG_09834;FGSG_10347,1,uncharacterized protein,GO:0005381;GO:0016021;GO:0034755,4.204229200012388,10,-0.831317347997119,8.72920569077677e-05,0,0.5597585513078471
FGSG_01312,12,0.4488506947062249,5.048246928886551,FGSG_00743;FGSG_01422;FGSG_02272;FGSG_03061;FGSG_03894;FGSG_04458;FGSG_04589;FGSG_05610;FGSG_08601;FGSG_08712;FGSG_10347;FGSG_12180,1,uncharacterized protein,GO:0000160;GO:0001324;GO:0004674;GO:0005524;GO:0005634;GO:0005737;GO:0006468;GO:0009267;GO:0034605;GO:0040020,4.2017337403136095,10,-0.435205073579863,0.0001321091380136,0,0.5595573440643863
FGSG_12067,4,0.42194365738966455,1.6533786437695246,FGSG_02326;FGSG_02327;FGSG_02328;FGSG_02329,2,uncharacterized protein,GO:0004177;GO:0006508,1.6533786437695246,4,1.51037310400677,5.8932303909948e-08,1,0.5592219986586184
FGSG_08633,10,0.4323962346167267,4.18312212755454,FGSG_00330;FGSG_03546;FGSG_03547;FGSG_03548;FGSG_03992;FGSG_04458;FGSG_08601;FGSG_09280;FGSG_09834;FGSG_10347,1,uncharacterized protein,GO:0016021,4.18312212755454,10,-0.944688102314956,4.04767489789979e-24,0,0.5591549295774647
FGSG_03402,4,0.4143602469881727,1.6350303628950122,FGSG_02326;FGSG_02327;FGSG_02328;FGSG_02329,2,uncharacterized protein,GO:0003993;GO:0016311,1.6350303628950122,4,1.63685183146785,1.3611027377177e-06,1,0.5590878604963112
FGSG_08942,10,0.4452308559940039,4.16870071131566,FGSG_00330;FGSG_03546;FGSG_03548;FGSG_03992;FGSG_04458;FGSG_07075;FGSG_09280;FGSG_09456;FGSG_09834;FGSG_10347,1,uncharacterized protein,GO:0008270;GO:0016491;GO:0055114,4.16870071131566,10,-0.881745472876167,2.5248384839291698e-11,0,0.5589537223340041
FGSG_09890,10,0.43464327846328693,4.164840435500177,FGSG_00330;FGSG_03546;FGSG_03547;FGSG_03548;FGSG_04458;FGSG_08601;FGSG_09280;FGSG_09456;FGSG_09834;FGSG_10347,1,uncharacterized protein,GO:0006144;GO:0033971,4.164840435500177,10,-0.701048284056842,1.8125536840613701e-09,0,0.5587525150905432
FGSG_09154,8,0.45989581863940476,3.4015404531395212,FGSG_00743;FGSG_00765;FGSG_02272;FGSG_02461;FGSG_03061;FGSG_03894;FGSG_05610;FGSG_08774,1,uncharacterized protein,GO:0016787,1.7439060168335037,4,-1.16949780111658,5.54889432971438e-07,1,0.5586854460093896
FGSG_08636,10,0.43690433724348793,4.157823837693448,FGSG_00330;FGSG_03546;FGSG_03547;FGSG_03548;FGSG_04458;FGSG_04591;FGSG_08601;FGSG_09280;FGSG_09834;FGSG_10347,1,uncharacterized protein,GO:0010181;GO:0016491;GO:0055114,4.157823837693448,10,-0.659078512210659,2.1836319020716e-09,0,0.5583501006036217
FGSG_01394,12,0.4587715067552183,4.998119315118495,FGSG_00743;FGSG_02272;FGSG_03061;FGSG_03894;FGSG_04458;FGSG_04589;FGSG_05610;FGSG_08601;FGSG_08774;FGSG_10347;FGSG_10922;FGSG_12180,1,uncharacterized protein,GO:0003735;GO:0005763;GO:0032543,4.154742033902443,10,-0.18905591009099,0.0704959171957954,0,0.5581488933601609
FGSG_04894,4,0.4374176024684732,1.6762448478165823,FGSG_00743;FGSG_03894;FGSG_10922;FGSG_12180,1,uncharacterized protein,,1.2549402317528136,3,-2.02214941448161,0.0099352925891292,1,0.5580818242790073
FGSG_00844,10,0.4281345298429137,4.093154659084603,FGSG_00330;FGSG_03546;FGSG_03548;FGSG_03992;FGSG_04458;FGSG_08601;FGSG_09280;FGSG_09456;FGSG_09834;FGSG_10347,1,uncharacterized protein,GO:0000707;GO:0000722;GO:0003677;GO:0005524;GO:0005829;GO:0007131;GO:0008094;GO:0030491;GO:0033062;GO:0035861;GO:0046982,4.093154659084603,10,-0.773295619769171,0.0015145461745736,0,0.5577464788732395
FGSG_04916,16,0.49211933803078717,7.0335230985193,FGSG_00743;FGSG_00765;FGSG_01422;FGSG_02030;FGSG_02271;FGSG_02272;FGSG_02461;FGSG_03061;FGSG_03894;FGSG_04590;FGSG_05610;FGSG_08712;FGSG_08774;FGSG_09012;FGSG_11206;FGSG_13136,1,uncharacterized protein,,4.023224156864118,9,-0.947065855469357,6.225028507917159e-28,0,0.5575452716297786
FGSG_09250,15,0.48423212607889843,6.549045887130104,FGSG_00743;FGSG_00765;FGSG_02030;FGSG_02271;FGSG_02272;FGSG_02461;FGSG_03061;FGSG_03894;FGSG_04309;FGSG_04588;FGSG_05368;FGSG_05610;FGSG_08774;FGSG_09012;FGSG_13136,1,NADH dehydrogenase flavoprotein 1,GO:0008137;GO:0010181;GO:0051287;GO:0051539;GO:0055114,3.984682752753164,9,-0.6227976839847,3.66630515801684e-14,0,0.5571428571428572
FGSG_11440,4,0.4148627883384357,1.6375671698568517,FGSG_03546;FGSG_03547;FGSG_03548;FGSG_08601,1,uncharacterized protein,GO:0005506;GO:0016491;GO:0055114,1.6375671698568517,4,-1.5716421815574,7.96754885701932e-74,1,0.5570757880617035
FGSG_05216,16,0.4812062805427726,6.981313350543735,FGSG_00743;FGSG_00765;FGSG_01621;FGSG_02030;FGSG_02271;FGSG_02272;FGSG_02461;FGSG_03061;FGSG_03894;FGSG_04309;FGSG_04588;FGSG_05368;FGSG_05610;FGSG_08774;FGSG_09012;FGSG_13136,1,cytokinesis protein sepA,GO:0003779;GO:0017048;GO:0030036,3.9710476947402777,9,-0.539997963612362,2.0713553090099802e-10,0,0.5563380281690141
FGSG_09220,13,0.47617645080861737,5.694639469646614,FGSG_00743;FGSG_01422;FGSG_02271;FGSG_02272;FGSG_02461;FGSG_03061;FGSG_03894;FGSG_05610;FGSG_07075;FGSG_08774;FGSG_09012;FGSG_09456;FGSG_09834,1,uncharacterized protein,GO:0005744;GO:0016021;GO:0030150,3.9604396533855803,9,-0.77056016077238,5.85117168528253e-10,0,0.5559356136820925
FGSG_10817,11,0.4577799664373912,4.785361483578306,FGSG_02321;FGSG_02323;FGSG_02324;FGSG_02325;FGSG_02326;FGSG_02327;FGSG_02328;FGSG_02329;FGSG_02903;FGSG_11326;FGSG_13952,2,uncharacterized protein,,3.9587073905828363,9,0.971533226174933,1.2638473425899301e-14,0,0.5557344064386318
FGSG_09002,14,0.4684507409740952,6.026229652790067,FGSG_00743;FGSG_01422;FGSG_02271;FGSG_02272;FGSG_02461;FGSG_02782;FGSG_03061;FGSG_03894;FGSG_05610;FGSG_07075;FGSG_08774;FGSG_09012;FGSG_09456;FGSG_09834,1,uncharacterized protein,GO:0003735;GO:0005762;GO:0032543,3.9413687633460266,9,-0.824575892027447,1.10849480521867e-10,0,0.5547283702213279
FGSG_09359,15,0.4858074917899142,6.523689819201281,FGSG_00743;FGSG_00765;FGSG_02272;FGSG_02461;FGSG_02972;FGSG_03061;FGSG_03747;FGSG_03894;FGSG_05368;FGSG_05610;FGSG_08493;FGSG_08774;FGSG_10444;FGSG_10922;FGSG_12180,1,uncharacterized protein,GO:0005744;GO:0016021;GO:0030150;GO:0030943;GO:0042802;GO:0046902,3.9372908685766133,9,-0.565743257015704,9.688777499712191e-09,0,0.5545271629778672
FGSG_09600,13,0.47988949117365387,5.660601415830369,FGSG_00743;FGSG_01422;FGSG_02272;FGSG_02461;FGSG_03061;FGSG_03894;FGSG_04458;FGSG_05610;FGSG_08774;FGSG_09012;FGSG_09456;FGSG_09834;FGSG_10347,1,uncharacterized protein,GO:0005628;GO:0005634;GO:0005768;GO:0005829;GO:0006886;GO:0008565;GO:0030905;GO:0032120;GO:0032266;GO:0042147,3.9339749577153484,9,-0.286298729172335,0.0019137243524582,0,0.5539235412474849
FGSG_13280,13,0.47635440465930895,5.661976509360253,FGSG_00743;FGSG_01422;FGSG_02271;FGSG_02272;FGSG_02461;FGSG_03061;FGSG_03894;FGSG_04590;FGSG_05610;FGSG_08712;FGSG_08774;FGSG_09012;FGSG_13136,1,uncharacterized protein,GO:0000166;GO:0006744;GO:0031314,3.9320484818367434,9,-0.566875472409749,0.0009812660509511,0,0.5537223340040242
FGSG_04584,4,0.42249246269318774,1.6736122933979503,FGSG_02326;FGSG_02327;FGSG_02328;FGSG_02329,2,uncharacterized protein,GO:0008496;GO:0016021;GO:0016052,1.6736122933979503,4,1.29022484630782,0.0454404459137766,1,0.5533869885982562
FGSG_07547,13,0.49089851156898484,5.688520993666371,FGSG_00743;FGSG_01422;FGSG_02272;FGSG_02461;FGSG_03061;FGSG_03894;FGSG_04458;FGSG_04589;FGSG_05610;FGSG_08712;FGSG_08774;FGSG_09012;FGSG_10347,1,protoheme IX farnesyltransferase,GO:0006784;GO:0008495;GO:0016021;GO:0031966;GO:0048034,3.930185455974115,9,-0.24617083285201,0.0399622815223591,0,0.5533199195171026
FGSG_01636,13,0.4780679841743958,5.670842865817923,FGSG_00743;FGSG_01422;FGSG_02272;FGSG_02461;FGSG_03061;FGSG_03894;FGSG_04458;FGSG_04590;FGSG_05610;FGSG_08712;FGSG_08774;FGSG_09012;FGSG_10347,1,uncharacterized protein,GO:0016021,3.927537916655206,9,-0.936452337620527,3.5904183113303e-05,0,0.5529175050301811
FGSG_04928,4,0.422552105735909,1.658242507122639,FGSG_02326;FGSG_02327;FGSG_02328;FGSG_02329,2,uncharacterized protein,GO:0016021,1.658242507122639,4,1.35568706790474,2.04085609859557e-23,1,0.5525821596244131
FGSG_13008,11,0.4551391960040843,4.731163767143662,FGSG_02321;FGSG_02323;FGSG_02324;FGSG_02325;FGSG_02326;FGSG_02327;FGSG_02328;FGSG_02329;FGSG_08083;FGSG_11326;FGSG_13952,2,uncharacterized protein,GO:0000981;GO:0003677;GO:0005634;GO:0006351;GO:0006357;GO:0008270,3.917144528842766,9,0.401658837734029,0.0409651762036182,0,0.5523138832997988
FGSG_02317,14,0.49255457979995054,6.056910897660295,FGSG_00743;FGSG_00765;FGSG_01422;FGSG_02272;FGSG_02461;FGSG_03061;FGSG_03894;FGSG_04589;FGSG_05610;FGSG_08712;FGSG_08774;FGSG_09012;FGSG_10922;FGSG_12180,1,uncharacterized protein,,3.9152310482883688,9,-0.45954474078359,4.4238368967469005e-10,0,0.5521126760563381
FGSG_05932,12,0.49080024025001784,5.228018173872868,FGSG_00743;FGSG_02272;FGSG_02461;FGSG_03061;FGSG_03894;FGSG_04589;FGSG_05610;FGSG_08712;FGSG_08774;FGSG_09012;FGSG_10922;FGSG_12180,1,uncharacterized protein,GO:0003723;GO:0005730;GO:0005739;GO:0005840;GO:0016787;GO:0032543,3.913581639000299,9,-0.537488125721479,1.12657513945096e-05,0,0.5519114688128772
FGSG_10115,11,0.45652793682918874,4.733878167714765,FGSG_02321;FGSG_02323;FGSG_02324;FGSG_02325;FGSG_02326;FGSG_02327;FGSG_02328;FGSG_02329;FGSG_08083;FGSG_10670;FGSG_11326,2,uncharacterized protein,GO:0016021,3.9126555379552146,9,0.415239224758657,1.10035442120103e-07,0,0.5517102615694165
FGSG_12831,11,0.45730710930866664,4.728291253004425,FGSG_02321;FGSG_02323;FGSG_02324;FGSG_02325;FGSG_02326;FGSG_02327;FGSG_02328;FGSG_02329;FGSG_08083;FGSG_11326;FGSG_13952,2,uncharacterized protein,,3.9085954705544865,9,0.692651047915111,5.74898162837568e-06,0,0.5515090543259556
FGSG_13828,12,0.4549595000370277,5.129442948546857,FGSG_01866;FGSG_02321;FGSG_02323;FGSG_02324;FGSG_02325;FGSG_02326;FGSG_02327;FGSG_02328;FGSG_02329;FGSG_08083;FGSG_11326;FGSG_13952,2,uncharacterized protein,GO:0000981;GO:0003677;GO:0005634;GO:0006351;GO:0006357;GO:0008270,3.9051885500368044,9,0.684912267645367,0.0225647797060634,0,0.5511066398390342
FGSG_00147,4,0.4253985524519066,1.6942363867161958,FGSG_02326;FGSG_02327;FGSG_02328;FGSG_02329,2,uncharacterized protein,GO:0000981;GO:0003677;GO:0005634;GO:0006351;GO:0006357;GO:0008270;GO:0016021,1.6942363867161958,4,1.19942042229732,0.0003260251466086,1,0.5510395707578806
FGSG_13151,13,0.4717595548971896,5.631641449320837,FGSG_00743;FGSG_01422;FGSG_02272;FGSG_02461;FGSG_03061;FGSG_03894;FGSG_04458;FGSG_05610;FGSG_08774;FGSG_09012;FGSG_09456;FGSG_09834;FGSG_10347,1,uncharacterized protein,GO:0046872,3.901846127059866,9,-0.463468063117809,0.0061674713715273,0,0.5509054325955735
FGSG_00602,8,0.4564294544475225,3.4254891872698887,FGSG_00007;FGSG_01866;FGSG_02327;FGSG_03539;FGSG_03842;FGSG_08082;FGSG_08083;FGSG_13952,2,uncharacterized protein,,1.7548987356586556,4,1.08311294653436,4.42686483766788e-16,1,0.5507042253521127
FGSG_10942,11,0.44913205069652323,4.720812104376513,FGSG_02321;FGSG_02323;FGSG_02324;FGSG_02325;FGSG_02326;FGSG_02327;FGSG_02328;FGSG_02329;FGSG_02903;FGSG_11326;FGSG_13952,2,uncharacterized protein,GO:0003735;GO:0005840;GO:0006412,3.9013274474946784,9,0.568319356884967,1.09528853284662e-13,0,0.5507042253521126
FGSG_03873,10,0.45580982590728353,4.305869931710279,FGSG_02321;FGSG_02324;FGSG_02325;FGSG_02326;FGSG_02327;FGSG_02328;FGSG_02329;FGSG_08083;FGSG_11326;FGSG_13952,2,uncharacterized protein,GO:0000981;GO:0003677;GO:0005634;GO:0006351;GO:0006357;GO:0008270;GO:0016614;GO:0050660;GO:0055114,3.894583355650474,9,0.876890901053137,4.35820307785593e-05,0,0.5503018108651911
FGSG_06767,11,0.4508417967448859,4.741954363682553,FGSG_01422;FGSG_02271;FGSG_02272;FGSG_02461;FGSG_03061;FGSG_04590;FGSG_05610;FGSG_07075;FGSG_07528;FGSG_09456;FGSG_09834,1,uncharacterized protein,GO:0000111;GO:0000502;GO:0003684;GO:0005635;GO:0005829;GO:0006289;GO:0006517;GO:0016567;GO:0030433;GO:0030674;GO:0042177;GO:0043130,3.893004723617683,9,-0.368152927116581,8.24020487109956e-07,0,0.5501006036217304
FGSG_08146,11,0.45506760875759483,4.71237009001668,FGSG_01866;FGSG_02321;FGSG_02324;FGSG_02325;FGSG_02326;FGSG_02327;FGSG_02328;FGSG_02329;FGSG_08083;FGSG_11326;FGSG_13952,2,uncharacterized protein,,3.892015040010246,9,0.940051953165914,2.58337431430341e-07,0,0.5496981891348088
FGSG_04310,13,0.4847823698261802,5.607031536341551,FGSG_00743;FGSG_01422;FGSG_02272;FGSG_02461;FGSG_03061;FGSG_03894;FGSG_04458;FGSG_04589;FGSG_05610;FGSG_08774;FGSG_09012;FGSG_10347;FGSG_12180,1,uncharacterized protein,GO:0005524,3.8895697702544867,9,-0.492721904664389,0.0010824831683341,0,0.5492957746478874
FGSG_09171,10,0.45237246955813276,4.28929764597243,FGSG_02321;FGSG_02324;FGSG_02325;FGSG_02326;FGSG_02327;FGSG_02328;FGSG_02329;FGSG_08083;FGSG_11326;FGSG_13952,2,uncharacterized protein,,3.8850512682721208,9,0.533768071864869,0.0002821163001764,0,0.5486921529175051
FGSG_01532,13,0.47507126068350425,5.591639041820979,FGSG_00743;FGSG_01422;FGSG_02272;FGSG_02461;FGSG_03061;FGSG_03894;FGSG_04458;FGSG_04589;FGSG_05610;FGSG_08712;FGSG_08774;FGSG_10347;FGSG_12180,1,uncharacterized protein,,3.8831038112600615,9,-0.964734779106598,0.0006898264170776,0,0.5484909456740442
FGSG_05210,11,0.4516069542806851,4.7088713310412516,FGSG_02321;FGSG_02323;FGSG_02324;FGSG_02325;FGSG_02326;FGSG_02327;FGSG_02328;FGSG_02329;FGSG_08083;FGSG_11326;FGSG_13952,2,uncharacterized protein,GO:0000139;GO:0008168;GO:0016021;GO:0032259,3.8826238233329224,9,0.301297739849548,0.0099516142963483,0,0.5482897384305835
FGSG_04283,18,0.4616836405531713,7.65218349554575,FGSG_00007;FGSG_01866;FGSG_02321;FGSG_02324;FGSG_02325;FGSG_02326;FGSG_02327;FGSG_02328;FGSG_02329;FGSG_03539;FGSG_03541;FGSG_03842;FGSG_03881;FGSG_07896;FGSG_08081;FGSG_08082;FGSG_08083;FGSG_13952,2,uncharacterized protein,,3.8806768425642986,9,0.718147052200371,1.0851421713634e-14,0,0.5480885311871228
FGSG_13156,9,0.45360763156186007,3.8776935897723854,FGSG_00330;FGSG_03546;FGSG_03547;FGSG_03548;FGSG_04458;FGSG_04589;FGSG_08601;FGSG_09834;FGSG_10347,1,uncharacterized protein,,3.8776935897723854,9,-0.290060580906916,0.0004663795404477,0,0.547887323943662
FGSG_08548,12,0.4649109415783357,5.128592264070914,FGSG_00743;FGSG_01422;FGSG_02271;FGSG_02272;FGSG_02461;FGSG_03061;FGSG_03894;FGSG_04590;FGSG_05610;FGSG_07075;FGSG_08712;FGSG_13136,1,uncharacterized protein,GO:0005524,3.8755259888987394,9,-0.299374844698683,4.45232914714609e-05,0,0.5476861167002012
FGSG_04568,13,0.49303171667033624,5.605294637404588,FGSG_00743;FGSG_02272;FGSG_02461;FGSG_03061;FGSG_03747;FGSG_03894;FGSG_05368;FGSG_05610;FGSG_08493;FGSG_08774;FGSG_09012;FGSG_10922;FGSG_12180,1,phosphopantothenoylcysteine decarboxylase,GO:0003824,3.8713156499656,9,-0.642417484380311,1.85481288054478e-07,0,0.5468812877263581
FGSG_04637,4,0.4111788227005452,1.630671692203761,FGSG_02326;FGSG_02327;FGSG_02328;FGSG_02329,2,amino-acid permease inda1,GO:0003333;GO:0015171;GO:0016021,1.630671692203761,4,1.47510546167921,0.0191288429714284,1,0.546747149564051
FGSG_03838,12,0.45229129714081523,5.087157916966327,FGSG_01866;FGSG_02321;FGSG_02324;FGSG_02325;FGSG_02326;FGSG_02327;FGSG_02328;FGSG_02329;FGSG_03881;FGSG_08083;FGSG_11326;FGSG_13952,2,uncharacterized protein,GO:0016491;GO:0055114,3.8649202793131887,9,0.575551167266968,3.47916078386292e-06,0,0.5466800804828974
FGSG_11551,13,0.4491250176172833,5.483165354390384,FGSG_00007;FGSG_02321;FGSG_02324;FGSG_02325;FGSG_02326;FGSG_02327;FGSG_02328;FGSG_02329;FGSG_03541;FGSG_03881;FGSG_08083;FGSG_11326;FGSG_13952,2,uncharacterized protein,GO:0000981;GO:0003677;GO:0005634;GO:0006351;GO:0006357;GO:0008270,3.862686048841989,9,0.851390699217006,5.793863276356869e-13,0,0.5464788732394366
FGSG_10770,5,0.43818345468112074,2.1023232788458457,FGSG_02272;FGSG_02461;FGSG_03061;FGSG_03894;FGSG_05610,1,uncharacterized protein,,1.664139824164725,4,-1.2520917614653,4.6990997029897005e-21,1,0.546411804158283
FGSG_04957,11,0.4504426810407302,4.6707396130627385,FGSG_02321;FGSG_02323;FGSG_02324;FGSG_02325;FGSG_02326;FGSG_02327;FGSG_02328;FGSG_02329;FGSG_08083;FGSG_11326;FGSG_13952,2,uncharacterized protein,GO:0001406;GO:0001407;GO:0005887;GO:0015169;GO:0015794;GO:0055085,3.8626240988747176,9,0.786746438743134,0.0002802495276038,0,0.5462776659959758
FGSG_04502,12,0.4490643203745814,5.091373205839041,FGSG_01866;FGSG_02321;FGSG_02324;FGSG_02325;FGSG_02326;FGSG_02327;FGSG_02328;FGSG_02329;FGSG_03881;FGSG_08083;FGSG_11326;FGSG_13952,2,uncharacterized protein,GO:0000981;GO:0005634;GO:0006357;GO:0008270,3.8571878783586238,9,0.917633692246086,0.0083713477628382,0,0.5460764587525151
FGSG_08556,11,0.4482166912440534,4.6760878073836505,FGSG_00007;FGSG_02324;FGSG_02326;FGSG_02327;FGSG_02328;FGSG_02329;FGSG_03842;FGSG_03881;FGSG_08083;FGSG_11326;FGSG_13952,2,uncharacterized protein,,3.8510694125073863,9,0.50177846482958,0.0039858162308829,0,0.5456740442655935
FGSG_06486,4,0.42479816431406625,1.6704787449171838,FGSG_02326;FGSG_02327;FGSG_02328;FGSG_02329,2,uncharacterized protein,GO:0004553;GO:0005975;GO:0030246,1.6704787449171838,4,1.22287893002009,5.58845901631634e-09,1,0.5454057679409792
FGSG_10642,13,0.4675109034472707,5.520716166168002,FGSG_00743;FGSG_01422;FGSG_02272;FGSG_02461;FGSG_03061;FGSG_03894;FGSG_04458;FGSG_04589;FGSG_05610;FGSG_08774;FGSG_09012;FGSG_10347;FGSG_12180,1,uncharacterized protein,,3.8476403090651345,9,-1.1015008881081,0.0572281980389831,0,0.5450704225352112
FGSG_02906,13,0.4601740486260599,5.488786255316612,FGSG_00007;FGSG_01866;FGSG_02324;FGSG_02325;FGSG_02326;FGSG_02327;FGSG_02328;FGSG_02329;FGSG_03539;FGSG_03842;FGSG_08082;FGSG_08083;FGSG_13952,2,uncharacterized protein,,3.8471696578256376,9,0.806006146159865,6.74995756794415e-11,0,0.5448692152917505
FGSG_02425,4,0.4203080537059323,1.649066002676533,FGSG_02326;FGSG_02327;FGSG_02328;FGSG_02329,2,uncharacterized protein,GO:0005524,1.649066002676533,4,1.32876122458132,0.002034463036744,1,0.544802146210597
FGSG_05988,11,0.44558051906201357,4.652524364379028,FGSG_02321;FGSG_02323;FGSG_02324;FGSG_02325;FGSG_02326;FGSG_02327;FGSG_02328;FGSG_02329;FGSG_08083;FGSG_11326;FGSG_13952,2,uncharacterized protein,,3.845253962597811,9,0.821861649951349,0.109672772346958,0,0.5446680080482897
FGSG_08309,13,0.46006307915639943,5.492014330806305,FGSG_00007;FGSG_01866;FGSG_02324;FGSG_02325;FGSG_02326;FGSG_02327;FGSG_02328;FGSG_02329;FGSG_03539;FGSG_03842;FGSG_08082;FGSG_08083;FGSG_13952,2,uncharacterized protein,GO:0005524;GO:0016021;GO:0042626;GO:0055085,3.8444565691216415,9,0.759002044677814,2.24587960056369e-13,0,0.544466800804829
FGSG_00590,12,0.47896060009866886,5.138450752725686,FGSG_00743;FGSG_02272;FGSG_02972;FGSG_03061;FGSG_03747;FGSG_03894;FGSG_04589;FGSG_05610;FGSG_08774;FGSG_10444;FGSG_10922;FGSG_12180,1,uncharacterized protein,GO:0000288;GO:0005506;GO:0005975;GO:0006415;GO:0008143;GO:0016706;GO:0016857;GO:0031418;GO:0055114,3.842554170103063,9,-0.878835724803796,4.67605889569133e-11,0,0.5440643863179074
FGSG_07446,10,0.4480991443120817,4.24554179519993,FGSG_02321;FGSG_02324;FGSG_02325;FGSG_02326;FGSG_02327;FGSG_02328;FGSG_02329;FGSG_08083;FGSG_11326;FGSG_13952,2,uncharacterized protein,,3.842455209411945,9,0.52582433326793,0.0002114642211504,0,0.5438631790744467
FGSG_11815,11,0.4558027979753724,4.6981859571543865,FGSG_01422;FGSG_02271;FGSG_02272;FGSG_02461;FGSG_03061;FGSG_03894;FGSG_05610;FGSG_07075;FGSG_09012;FGSG_09456;FGSG_09834,1,uncharacterized protein,GO:0000723;GO:0003777;GO:0005524;GO:0006281;GO:0007018;GO:0008017;GO:0016021;GO:0016887;GO:0030870;GO:0055085,3.840099534550267,9,-0.642902407997035,6.92604469237484e-08,0,0.5434607645875251
FGSG_09802,8,0.4724450110967859,3.4695407290799505,FGSG_00743;FGSG_00765;FGSG_02272;FGSG_02461;FGSG_03061;FGSG_03894;FGSG_05610;FGSG_08774,1,uncharacterized protein,GO:0003677,1.77030989036375,4,-1.02085592085551,5.53056219922408e-05,1,0.5427900737759892
FGSG_05738,27,0.4582199003052007,11.515680607078473,FGSG_00007;FGSG_01866;FGSG_02255;FGSG_02326;FGSG_02327;FGSG_02328;FGSG_02329;FGSG_03532;FGSG_03534;FGSG_03535;FGSG_03537;FGSG_03539;FGSG_03541;FGSG_03543;FGSG_03600;FGSG_03842;FGSG_03881;FGSG_06039;FGSG_07896;FGSG_08079;FGSG_08081;FGSG_08082;FGSG_08083;FGSG_08084;FGSG_09064;FGSG_09187;FGSG_13952,2,uncharacterized protein,GO:0005634;GO:0005829;GO:0006259;GO:0016888,3.8301839301983582,9,0.908441585143195,1.26708932070273e-40,0,0.5424547283702214
FGSG_11462,4,0.43744494104436327,1.7193985027979142,FGSG_02326;FGSG_02327;FGSG_02328;FGSG_02329,2,uncharacterized protein,GO:0000981;GO:0003677;GO:0003824;GO:0005634;GO:0006351;GO:0006357;GO:0008270,1.7193985027979142,4,1.07919350218459,6.60101632625626e-07,1,0.5423205902079141
FGSG_07076,10,0.4434248577091569,4.2371214947646285,FGSG_02323;FGSG_02324;FGSG_02325;FGSG_02326;FGSG_02327;FGSG_02328;FGSG_02329;FGSG_03842;FGSG_11326;FGSG_13952,2,uncharacterized protein,GO:0003676;GO:0003700;GO:0005634;GO:0005737;GO:0006355;GO:0008270,3.829600453606299,9,0.445637477553028,8.2488297889622e-05,0,0.5422535211267605
FGSG_03975,15,0.4763710032136077,6.367308509987667,FGSG_00743;FGSG_00765;FGSG_02272;FGSG_02461;FGSG_02972;FGSG_03061;FGSG_03747;FGSG_03894;FGSG_05368;FGSG_05610;FGSG_08493;FGSG_08774;FGSG_10444;FGSG_10922;FGSG_12180,1,uncharacterized protein,GO:0004190;GO:0006508,3.829140013983933,9,-0.834644211984547,3.09246070887136e-21,0,0.5420523138832998
FGSG_04480,5,0.4212137326735093,2.0744609335476287,FGSG_00743;FGSG_02272;FGSG_03061;FGSG_03894;FGSG_05610,1,uncharacterized protein,GO:0000981;GO:0005634;GO:0006357;GO:0008270,1.6640319754609811,4,-1.20501816704091,0.0140377225915348,1,0.5417840375586854
FGSG_01950,10,0.45077203341449984,4.271876729607752,FGSG_02271;FGSG_02272;FGSG_02461;FGSG_03061;FGSG_03894;FGSG_05610;FGSG_07075;FGSG_09012;FGSG_09456;FGSG_09834,1,heat shock protein Hsp88,GO:0005524;GO:0005634;GO:0005829,3.8271904987735037,9,-0.520233509704223,9.672863632131399e-13,0,0.5416498993963783
FGSG_13993,4,0.4136737059016577,1.6364374442689817,FGSG_02326;FGSG_02329;FGSG_08078;FGSG_12211,2,uncharacterized protein,GO:0016021;GO:0055085,1.2227637383673242,3,2.0086971833034,1.53855709450425e-58,1,0.5415828303152247
FGSG_09660,11,0.4623148271127906,4.680688941208559,FGSG_00743;FGSG_01422;FGSG_02272;FGSG_03061;FGSG_03894;FGSG_04458;FGSG_04589;FGSG_05610;FGSG_08712;FGSG_10347;FGSG_12180,1,uncharacterized protein,GO:0000935;GO:0004697;GO:0005524;GO:0005634;GO:0005737;GO:0005856;GO:0006468;GO:0007015;GO:0009272;GO:0030242;GO:0030427;GO:0032153;GO:0032949;GO:0033962;GO:0035556;GO:0046872;GO:0050732;GO:0051286;GO:0060211;GO:0060237;GO:0090334;GO:2000769,3.826467902325259,9,-0.445434770647697,5.72748604894362e-06,0,0.5414486921529175
FGSG_13674,11,0.4425295428835275,4.648950443862891,FGSG_02321;FGSG_02323;FGSG_02324;FGSG_02325;FGSG_02326;FGSG_02327;FGSG_02328;FGSG_02329;FGSG_02903;FGSG_11326;FGSG_13952,2,uncharacterized protein,GO:0006623;GO:0006896;GO:0008152;GO:0016740;GO:0030123;GO:0030131;GO:0032153;GO:0044732;GO:0051286;GO:0072686,3.8261485846272234,9,0.27217636305033,0.0052779098012605,0,0.5412474849094567
FGSG_03577,4,0.4205121862853489,1.6515962293610142,FGSG_02326;FGSG_02327;FGSG_02328;FGSG_02329,2,uncharacterized protein,GO:0016021;GO:0016491;GO:0055114,1.6515962293610142,4,1.28087344668514,4.12128940778341e-07,1,0.5411804158283031
FGSG_05649,9,0.44735029917267943,3.82564312224546,FGSG_02324;FGSG_02325;FGSG_02326;FGSG_02327;FGSG_02328;FGSG_02329;FGSG_08083;FGSG_11326;FGSG_13952,2,uncharacterized protein,GO:0006897;GO:0016020,3.82564312224546,9,0.258120521558654,0.0242932494048096,0,0.541046277665996
FGSG_01432,13,0.46451421419360545,5.485339836517127,FGSG_00743;FGSG_01422;FGSG_02272;FGSG_02461;FGSG_03061;FGSG_03894;FGSG_04458;FGSG_04589;FGSG_05610;FGSG_08712;FGSG_08774;FGSG_10347;FGSG_12180,1,uncharacterized protein,GO:0016021,3.824674184362646,9,-0.345543531099817,0.0051480544131949,0,0.5408450704225352
FGSG_02268,11,0.44742752820696774,4.6317960632587285,FGSG_01866;FGSG_02321;FGSG_02324;FGSG_02325;FGSG_02326;FGSG_02327;FGSG_02328;FGSG_02329;FGSG_08083;FGSG_11326;FGSG_13952,2,uncharacterized protein,GO:0000981;GO:0005634;GO:0006357;GO:0008270,3.8240527810380636,9,0.78810372242589,0.003956521836872,0,0.5404426559356137
FGSG_09825,9,0.43405736290889047,3.8238969335968753,FGSG_02324;FGSG_02325;FGSG_02326;FGSG_02327;FGSG_02328;FGSG_02329;FGSG_02903;FGSG_10670;FGSG_11326,2,uncharacterized protein,,3.8238969335968753,9,0.826047967684333,1.4947552408702802e-15,0,0.540241448692153
FGSG_07934,10,0.4444722398357348,4.228234453663118,FGSG_02323;FGSG_02324;FGSG_02325;FGSG_02326;FGSG_02327;FGSG_02328;FGSG_02329;FGSG_03842;FGSG_11326;FGSG_13952,2,uncharacterized protein,GO:0016021,3.821376064394254,9,0.889406893933156,0.005611273344996,0,0.5400402414486921
FGSG_11421,11,0.4457922840755453,4.622802902348898,FGSG_02321;FGSG_02323;FGSG_02324;FGSG_02325;FGSG_02326;FGSG_02327;FGSG_02328;FGSG_02329;FGSG_08083;FGSG_11326;FGSG_13952,2,uncharacterized protein,GO:0016491;GO:0046872;GO:0055114,3.8199551709828667,9,0.612092088256419,0.0033134827888814,0,0.5398390342052314
FGSG_07889,10,0.44077559838857855,4.221559278880261,FGSG_02321;FGSG_02324;FGSG_02325;FGSG_02326;FGSG_02327;FGSG_02328;FGSG_02329;FGSG_08083;FGSG_11326;FGSG_13952,2,uncharacterized protein,GO:0000981;GO:0003677;GO:0005634;GO:0006351;GO:0006357;GO:0008270,3.818679584190476,9,0.613283110906998,0.0142224613106186,0,0.5396378269617705
FGSG_00271,10,0.44778932234900115,4.225974233931223,FGSG_02323;FGSG_02324;FGSG_02325;FGSG_02326;FGSG_02327;FGSG_02328;FGSG_02329;FGSG_02903;FGSG_11326;FGSG_13952,2,PNG1 protein,GO:0000224;GO:0005829;GO:0006515;GO:0006517;GO:0046872,3.817742959119285,9,0.374178253948456,9.36180241226135e-09,0,0.5394366197183099
FGSG_13865,4,0.40823512424613345,1.6203823859931203,FGSG_02324;FGSG_02325;FGSG_02327;FGSG_02328,2,uncharacterized protein,GO:0016620;GO:0055114,1.6203823859931203,4,1.39355471429448,0.0190700299125488,1,0.5393024815560027
FGSG_04543,14,0.45081951976744644,5.855568255896049,FGSG_00007;FGSG_01866;FGSG_02321;FGSG_02324;FGSG_02325;FGSG_02326;FGSG_02327;FGSG_02328;FGSG_02329;FGSG_03842;FGSG_03881;FGSG_08082;FGSG_08083;FGSG_13952,2,uncharacterized protein,GO:0008080,3.817356869525736,9,0.844671564471985,0.0007361180313102,0,0.5392354124748491
FGSG_03875,9,0.4460463889403182,3.8169102288090127,FGSG_02324;FGSG_02325;FGSG_02326;FGSG_02327;FGSG_02328;FGSG_02329;FGSG_02903;FGSG_10670;FGSG_11326,2,lysophospholipase precursor,GO:0004622;GO:0009395,3.8169102288090127,9,0.711054413531817,3.58828403707313e-24,0,0.5390342052313883
FGSG_08175,11,0.443975827610123,4.63293149538585,FGSG_02321;FGSG_02323;FGSG_02324;FGSG_02325;FGSG_02326;FGSG_02327;FGSG_02328;FGSG_02329;FGSG_08083;FGSG_11326;FGSG_13952,2,uncharacterized protein,,3.8130479528248435,9,0.559667546854358,0.21595151930744,0,0.5388329979879275
FGSG_04768,9,0.45253813979143637,3.8008308456304762,FGSG_00007;FGSG_01866;FGSG_02327;FGSG_03539;FGSG_03842;FGSG_08081;FGSG_08082;FGSG_08083;FGSG_13952,2,uncharacterized protein,GO:0005975;GO:0052861;GO:0052862,1.74327504148409,4,1.01587519925175,0.0001471710032879,1,0.5386317907444669
FGSG_13182,9,0.43735119279152407,3.794411168599702,FGSG_02324;FGSG_02325;FGSG_02326;FGSG_02327;FGSG_02328;FGSG_02329;FGSG_02903;FGSG_11326;FGSG_13952,2,uncharacterized protein,,3.794411168599702,9,0.477373592586977,0.0001456615962189,0,0.5382293762575453
FGSG_13359,9,0.442922012217598,3.7888463989765993,FGSG_00330;FGSG_03546;FGSG_03547;FGSG_03548;FGSG_04458;FGSG_08601;FGSG_09280;FGSG_09834;FGSG_10347,1,uncharacterized protein,,3.7888463989765993,9,-0.753092917687245,7.96221043178018e-05,0,0.5380281690140845
FGSG_04478,10,0.4438525525574985,4.210582832202562,FGSG_00330;FGSG_00743;FGSG_03546;FGSG_03548;FGSG_03894;FGSG_04458;FGSG_04589;FGSG_08601;FGSG_10347;FGSG_12180,1,uncharacterized protein,,3.7881459028985036,9,-0.5063442755478,3.1536160629029603e-10,0,0.5378269617706237
FGSG_12561,2,0.40864645423094115,0.8096868133807082,FGSG_02326;FGSG_02329,2,uncharacterized protein,GO:0005524,0.8096868133807082,2,7.20029188606707,3.2619251498634302e-09,1,0.5377598926894702
FGSG_05949,4,0.4180539834086284,1.6647225481031753,FGSG_02326;FGSG_02327;FGSG_02328;FGSG_02329,2,uncharacterized protein,GO:0000737;GO:0003677;GO:0005524;GO:0005694;GO:0016889;GO:0042138,1.6647225481031753,4,1.16678547837275,0.0014382428132731,1,0.5377598926894701
FGSG_00525,4,0.42591311715026386,1.6684496643004936,FGSG_02326;FGSG_02327;FGSG_02328;FGSG_02329,2,uncharacterized protein,,1.6684496643004936,4,1.15229162900663,6.60684734612865e-10,1,0.5376928236083166
FGSG_09252,3,0.41638410791172586,1.232334374241588,FGSG_02326;FGSG_02328;FGSG_02329,2,uncharacterized protein,GO:0016021,1.232334374241588,3,1.74984297970478,1.2307623242748801e-35,1,0.537625754527163
FGSG_09632,10,0.44162120599590693,4.188418963636522,FGSG_02321;FGSG_02324;FGSG_02325;FGSG_02326;FGSG_02327;FGSG_02328;FGSG_02329;FGSG_08083;FGSG_10670;FGSG_11326,2,uncharacterized protein,GO:0000139;GO:0005385;GO:0005783;GO:0006882;GO:0016021;GO:0071577,3.7839239066917907,9,0.531686752047528,4.04041359371742e-05,0,0.5374245472837023
FGSG_01698,10,0.4425385311809455,4.184340729388307,FGSG_02323;FGSG_02324;FGSG_02325;FGSG_02326;FGSG_02327;FGSG_02328;FGSG_02329;FGSG_02903;FGSG_11326;FGSG_13952,2,uncharacterized protein,GO:0006807;GO:0016810,3.782092258752336,9,0.727182360503053,3.5412634950283e-08,0,0.5372233400402414
FGSG_06897,10,0.4380359059457039,4.2158948139179,FGSG_02272;FGSG_02461;FGSG_03061;FGSG_03894;FGSG_04458;FGSG_05610;FGSG_07075;FGSG_09012;FGSG_09456;FGSG_09834,1,uncharacterized protein,GO:0000324;GO:0046872,3.7819188357794107,9,-0.4956518524834,1.63438263408272e-07,0,0.5370221327967807
FGSG_05085,4,0.4208070614749483,1.6529811605622533,FGSG_02326;FGSG_02327;FGSG_02328;FGSG_02329,2,uncharacterized protein,GO:0005634;GO:0005829,1.6529811605622533,4,1.2195769806502,2.49017954285244e-19,1,0.5368209255533198
FGSG_06342,9,0.4305713462042857,3.775645411436871,FGSG_00330;FGSG_03546;FGSG_03548;FGSG_03992;FGSG_04458;FGSG_08601;FGSG_08712;FGSG_09834;FGSG_10347,1,succinyl-CoA:3-ketoacid-coenzyme A transferase subunit A,GO:0005739;GO:0008260;GO:0046952,3.775645411436871,9,-0.856008159512001,1.70175359252451e-05,0,0.5364185110663984
FGSG_00562,10,0.43849880839383854,4.181604448232644,FGSG_02271;FGSG_02272;FGSG_02461;FGSG_03061;FGSG_04590;FGSG_05610;FGSG_07075;FGSG_07528;FGSG_09456;FGSG_09834,1,uncharacterized protein,GO:0000054;GO:0000781;GO:0005096;GO:0005634;GO:0005829;GO:0006348;GO:0006399;GO:0006404;GO:0006407;GO:0006606;GO:0016072;GO:0043547,3.769965215407788,9,-0.315981373264872,8.12070541906791e-05,0,0.5362173038229376
FGSG_04375,7,0.460377744349919,2.915343767262804,FGSG_00743;FGSG_00765;FGSG_02272;FGSG_02461;FGSG_03894;FGSG_05610;FGSG_08774,1,uncharacterized protein,GO:0004252;GO:0006508,1.2830742131599024,3,-1.4223953960931,0.0001084517346279,1,0.5360831656606304
FGSG_12889,9,0.4321058345388934,3.7696218603383045,FGSG_00330;FGSG_03546;FGSG_03548;FGSG_03992;FGSG_04458;FGSG_08601;FGSG_09456;FGSG_09834;FGSG_10347,1,uncharacterized protein,GO:0016740;GO:0016884,3.7696218603383045,9,-0.525673231640469,0.0097599085869209,0,0.5360160965794769
FGSG_07651,10,0.43746125484367665,4.173691757958379,FGSG_02321;FGSG_02324;FGSG_02325;FGSG_02326;FGSG_02327;FGSG_02328;FGSG_02329;FGSG_08083;FGSG_11326;FGSG_13952,2,uncharacterized protein,,3.766037234400705,9,0.69354644154466,7.75812114586959e-05,0,0.5358148893360161
FGSG_01376,9,0.43704110898765874,3.7638688766269657,FGSG_00330;FGSG_03546;FGSG_03547;FGSG_03548;FGSG_04458;FGSG_04591;FGSG_08601;FGSG_09280;FGSG_10347,1,uncharacterized protein,,3.7638688766269657,9,-0.723668109280651,1.88246022263209e-16,0,0.5356136820925553
FGSG_04113,10,0.4442532294532684,4.196198420590871,FGSG_00743;FGSG_03061;FGSG_03894;FGSG_04458;FGSG_04589;FGSG_05610;FGSG_08601;FGSG_10347;FGSG_10922;FGSG_12180,1,uncharacterized protein,GO:0003924;GO:0005525;GO:0005743;GO:0008053;GO:0031307;GO:0042803;GO:0051646,3.7606279022169775,9,-0.414388096116855,1.24365751354109e-05,0,0.5354124748490945
FGSG_08000,9,0.4295230797113358,3.753184986575519,FGSG_02324;FGSG_02326;FGSG_02327;FGSG_02328;FGSG_02329;FGSG_03842;FGSG_08083;FGSG_11326;FGSG_13952,2,uncharacterized protein,GO:0000981;GO:0005634;GO:0006357;GO:0008270,3.753184986575519,9,0.405043270716661,0.0194671941290623,0,0.5348088531187123
FGSG_08434,9,0.4328852945367389,3.7488837508379707,FGSG_02324;FGSG_02325;FGSG_02326;FGSG_02327;FGSG_02328;FGSG_02329;FGSG_03842;FGSG_11326;FGSG_13952,2,uncharacterized protein,GO:0003677;GO:0005634;GO:0006351;GO:0008270,3.7488837508379707,9,0.458714278799097,4.67218555039581e-05,0,0.5346076458752514
FGSG_09417,9,0.42970556404755483,3.7488512710957824,FGSG_00330;FGSG_03546;FGSG_03547;FGSG_03548;FGSG_03992;FGSG_04458;FGSG_08601;FGSG_09834;FGSG_10347,1,uncharacterized protein,GO:0003824,3.7488512710957824,9,-0.345407272950406,0.0002261382957411,0,0.5344064386317907
FGSG_08401,9,0.4285001270461653,3.742765079618854,FGSG_00330;FGSG_03546;FGSG_03548;FGSG_03992;FGSG_04458;FGSG_08601;FGSG_09280;FGSG_09456;FGSG_09834,1,uncharacterized protein,GO:0000433;GO:0000814;GO:0005198;GO:0006623;GO:0043162,3.742765079618854,9,-0.808755892335434,9.58377086593687e-10,0,0.53420523138833
FGSG_06066,9,0.4284394380330524,3.736904025762447,FGSG_02324;FGSG_02325;FGSG_02326;FGSG_02327;FGSG_02328;FGSG_02329;FGSG_03842;FGSG_11326;FGSG_13952,2,uncharacterized protein,GO:0005737;GO:0043130,3.736904025762447,9,0.392784275069882,0.0066237623279988,0,0.5340040241448692
FGSG_01837,9,0.4405220943580846,3.7345396666470645,FGSG_02324;FGSG_02325;FGSG_02326;FGSG_02327;FGSG_02328;FGSG_02329;FGSG_03842;FGSG_11326;FGSG_13952,2,uncharacterized protein,,3.7345396666470645,9,0.54684516671176,2.39821803445204e-13,0,0.5338028169014084
FGSG_06682,10,0.43506107953999845,4.147639809931828,FGSG_02272;FGSG_02461;FGSG_03061;FGSG_03548;FGSG_04458;FGSG_05610;FGSG_07075;FGSG_09012;FGSG_09456;FGSG_09834,1,uncharacterized protein,,3.7302096880283035,9,-0.760557244301438,0.0016337528841403,0,0.5336016096579477
FGSG_02742,10,0.42085984687539235,4.1303509434350465,FGSG_02272;FGSG_02461;FGSG_03061;FGSG_03548;FGSG_03894;FGSG_04458;FGSG_05610;FGSG_09012;FGSG_09456;FGSG_09834,1,uncharacterized protein,GO:0016787,3.7117866757008393,9,-0.457172937075466,0.0093486110543092,0,0.5334004024144869
FGSG_10913,9,0.42073328281889355,3.708463881205796,FGSG_03546;FGSG_03548;FGSG_03894;FGSG_04458;FGSG_08601;FGSG_09012;FGSG_09456;FGSG_09834;FGSG_10347,1,uncharacterized protein,GO:0004039;GO:0004075;GO:0004847;GO:0005524;GO:0016829;GO:0046872,3.708463881205796,9,-0.568645700521066,0.0005052432962487,0,0.5331991951710261
FGSG_03100,9,0.42523290670506914,3.706652355615835,FGSG_02324;FGSG_02325;FGSG_02326;FGSG_02327;FGSG_02328;FGSG_02329;FGSG_03842;FGSG_08083;FGSG_13952,2,uncharacterized protein,GO:0016021;GO:0055085,3.706652355615835,9,0.55348489092876,0.0572818414734471,0,0.5329979879275654
FGSG_01301,10,0.4285451820407179,4.124605998672632,FGSG_00743;FGSG_03061;FGSG_03894;FGSG_04458;FGSG_04589;FGSG_05610;FGSG_08601;FGSG_08712;FGSG_10347;FGSG_12180,1,uncharacterized protein,,3.6993498825219455,9,-0.454433664050191,4.88768993952582e-05,0,0.5327967806841046
FGSG_06811,13,0.49143179677280313,5.742069228756394,FGSG_00743;FGSG_01422;FGSG_02030;FGSG_02271;FGSG_02272;FGSG_02461;FGSG_03061;FGSG_03894;FGSG_04588;FGSG_05610;FGSG_08774;FGSG_09012;FGSG_13136,1,uncharacterized protein,GO:0001104;GO:0006357;GO:0016592,3.57152528593523,8,-0.44018173537938,1.26890424325114e-06,0,0.5325955734406439
FGSG_04455,5,0.45406172158387015,2.1096158337959396,FGSG_00743;FGSG_00765;FGSG_03894;FGSG_05610;FGSG_08774,1,uncharacterized protein,GO:0016301;GO:0016310,0.870187128072107,2,-1.99318984427968,3.23616442397034e-05,1,0.5324614352783367
FGSG_04439,3,0.42429104854858046,1.236371743990258,FGSG_03546;FGSG_03548;FGSG_08601,1,uncharacterized protein,GO:0005215;GO:0005618;GO:0006810;GO:0016020;GO:0030599;GO:0042545;GO:0045330,1.236371743990258,3,-1.61488617701593,1.7662010384166e-08,1,0.5321931589537223
FGSG_03687,12,0.47586112422729576,5.291269329790577,FGSG_00743;FGSG_01422;FGSG_02272;FGSG_02461;FGSG_03061;FGSG_03894;FGSG_04458;FGSG_04590;FGSG_05610;FGSG_08712;FGSG_08774;FGSG_10347,1,uncharacterized protein,GO:0016787,3.5667150760349076,8,-0.776338444803749,2.2154298599433103e-09,0,0.5321931589537223
FGSG_06263,12,0.49041437269266286,5.323656885635917,FGSG_00743;FGSG_01422;FGSG_02272;FGSG_02461;FGSG_03061;FGSG_03894;FGSG_04590;FGSG_05610;FGSG_08712;FGSG_08774;FGSG_09012;FGSG_13136,1,uncharacterized protein,,3.5639524653563015,8,-0.798720599201359,2.86947697269052e-05,0,0.5317907444668009
FGSG_13024,15,0.48249458825856023,6.546037174229409,FGSG_00743;FGSG_00765;FGSG_02030;FGSG_02271;FGSG_02272;FGSG_02461;FGSG_03061;FGSG_03894;FGSG_04309;FGSG_05368;FGSG_05610;FGSG_08774;FGSG_09012;FGSG_11206;FGSG_13136,1,uncharacterized protein,,3.5597403150560423,8,-0.508378397237539,7.54035142829751e-15,0,0.53158953722334
FGSG_03032,2,0.40753700952705935,0.8090432192717392,FGSG_02326;FGSG_02329,2,uncharacterized protein,GO:0005524;GO:0016021;GO:0042626;GO:0055085,0.8090432192717392,2,4.61268427382269,1.03437421500822e-62,1,0.5315224681421865
FGSG_05003,12,0.47984506872582283,5.297361550839367,FGSG_00743;FGSG_01422;FGSG_02272;FGSG_02461;FGSG_03061;FGSG_03894;FGSG_04458;FGSG_05610;FGSG_08774;FGSG_09012;FGSG_09456;FGSG_09834,1,N-acetyl-gamma-glutamyl-phosphate reductase,GO:0003942;GO:0003991;GO:0005739;GO:0006526;GO:0016310;GO:0046983;GO:0051287;GO:0055114,3.5517315301584484,8,-0.527718431675606,1.00622683581952e-05,0,0.5311871227364184
FGSG_03155,3,0.4158200010181249,1.228697743774474,FGSG_02326;FGSG_02328;FGSG_02329,2,uncharacterized protein,,1.228697743774474,3,1.66907633235691,2.49507734266941e-12,1,0.5311200536552649
FGSG_13338,12,0.4955537753030768,5.325069239228107,FGSG_00743;FGSG_01422;FGSG_02272;FGSG_02461;FGSG_03061;FGSG_03894;FGSG_04589;FGSG_05610;FGSG_08712;FGSG_08774;FGSG_09012;FGSG_12180,1,uncharacterized protein,,3.5514524052280683,8,-0.683729862797756,2.46791465637272e-05,0,0.5309859154929577
FGSG_09265,14,0.4889054361473304,6.132959788719857,FGSG_00743;FGSG_00765;FGSG_02030;FGSG_02271;FGSG_02272;FGSG_02461;FGSG_03061;FGSG_03894;FGSG_05368;FGSG_05610;FGSG_08774;FGSG_09012;FGSG_11206;FGSG_13136,1,uncharacterized protein,GO:0016614;GO:0050660;GO:0055114,3.5461332041840152,8,-0.887124138534686,1.1265116672934e-19,0,0.5305835010060362
FGSG_02920,4,0.4302465857874468,1.695776697990279,FGSG_02326;FGSG_02327;FGSG_02328;FGSG_02329,2,uncharacterized protein,GO:0004553;GO:0005975;GO:0030246,1.695776697990279,4,1.02544949233274,2.0359885035863e-06,1,0.5301810865191148
FGSG_06943,12,0.480896142838721,5.257143676522675,FGSG_00743;FGSG_01422;FGSG_02271;FGSG_02272;FGSG_02461;FGSG_03061;FGSG_03894;FGSG_05610;FGSG_08712;FGSG_08774;FGSG_09012;FGSG_13136,1,uncharacterized protein,GO:0000407;GO:0005634;GO:0005829;GO:0016236,3.532108792862627,8,-0.403533606339551,0.0005459937089859,0,0.5297786720321932
FGSG_07613,3,0.41818820920373734,1.234825474452807,FGSG_02326;FGSG_02328;FGSG_02329,2,uncharacterized protein,,1.234825474452807,3,1.56850111724412,3.59820125036171e-12,1,0.5289738430583502
FGSG_03646,10,0.4515781219653458,4.325482730275251,FGSG_02321;FGSG_02323;FGSG_02324;FGSG_02325;FGSG_02326;FGSG_02327;FGSG_02328;FGSG_02329;FGSG_11326;FGSG_13952,2,uncharacterized protein,GO:0016021;GO:0055085,3.5088575540496723,8,0.926095564810629,0.0093764200241193,0,0.5283702213279678
FGSG_00574,12,0.4733158738544798,5.222074820924884,FGSG_00743;FGSG_01422;FGSG_02272;FGSG_02461;FGSG_03061;FGSG_03894;FGSG_04458;FGSG_05610;FGSG_08712;FGSG_08774;FGSG_09012;FGSG_10347,1,uncharacterized protein,GO:0000981;GO:0003677;GO:0005634;GO:0006351;GO:0006357;GO:0008270,3.505074374160737,8,-0.407878742778934,0.0016229133081467,0,0.5279678068410463
FGSG_00346,12,0.4830881316346013,5.228951991088741,FGSG_00743;FGSG_01422;FGSG_02272;FGSG_02461;FGSG_03061;FGSG_03894;FGSG_04589;FGSG_05610;FGSG_08712;FGSG_08774;FGSG_09012;FGSG_12180,1,saccharopine dehydrogenase,GO:0004755;GO:0005737;GO:0019878;GO:0055114,3.504439284380406,8,-0.381216855181834,6.8081536266369e-05,0,0.5277665995975854
FGSG_05630,9,0.4694569072572,3.9470751865086253,FGSG_02271;FGSG_02272;FGSG_02461;FGSG_03061;FGSG_03894;FGSG_05610;FGSG_07075;FGSG_09012;FGSG_13136,1,uncharacterized protein,GO:0000079;GO:0005634;GO:0005829;GO:0019901;GO:0032153;GO:0044732,3.4854672961939124,8,-0.567508157213437,2.241776622148e-15,0,0.5271629778672032
FGSG_09342,10,0.44675296726278585,4.305037318773462,FGSG_02321;FGSG_02323;FGSG_02324;FGSG_02325;FGSG_02326;FGSG_02327;FGSG_02328;FGSG_02329;FGSG_11326;FGSG_13952,2,uncharacterized protein,GO:0008643;GO:0016021;GO:0022891;GO:0055085,3.4849689061305886,8,0.360831782836195,0.0007668808249776,0,0.5269617706237424
FGSG_01413,13,0.48890085757115376,5.615352235137982,FGSG_00743;FGSG_00765;FGSG_02272;FGSG_02461;FGSG_02972;FGSG_03061;FGSG_03747;FGSG_03894;FGSG_05610;FGSG_08774;FGSG_09012;FGSG_10922;FGSG_12180,1,uncharacterized protein,,3.4806994717036384,8,-0.901737066890026,2.05987005928837e-08,0,0.5267605633802817
FGSG_01430,8,0.448011151842941,3.4788166532724243,FGSG_02324;FGSG_02325;FGSG_02326;FGSG_02327;FGSG_02328;FGSG_02329;FGSG_02903;FGSG_11326,2,uncharacterized protein,GO:0005975;GO:0016301;GO:0016310;GO:0016773,3.4788166532724243,8,0.871646491400622,7.79441077260474e-32,0,0.5265593561368209
FGSG_04526,10,0.4520742724252583,4.284138146238913,FGSG_02321;FGSG_02323;FGSG_02324;FGSG_02325;FGSG_02326;FGSG_02327;FGSG_02328;FGSG_02329;FGSG_08083;FGSG_11326,2,uncharacterized protein,GO:0003824;GO:0009116,3.4723418048982,8,0.819322979502228,0.0003450770962325,0,0.5261569416498993
FGSG_09124,8,0.44232332777280753,3.46989766430903,FGSG_02324;FGSG_02325;FGSG_02326;FGSG_02327;FGSG_02328;FGSG_02329;FGSG_02903;FGSG_11326,2,uncharacterized protein,GO:0016491;GO:0055114,3.46989766430903,8,0.320706242495099,,0,0.5259557344064386
FGSG_06945,12,0.48914284126952495,5.226020400996065,FGSG_00743;FGSG_00765;FGSG_02272;FGSG_02461;FGSG_03061;FGSG_03894;FGSG_05368;FGSG_05610;FGSG_08774;FGSG_09012;FGSG_10922;FGSG_13136,1,uncharacterized protein,GO:0000147;GO:0005509;GO:0005634;GO:0006897;GO:0007120;GO:0007121;GO:0030479,3.4698056793933567,8,-0.513077991264927,5.30751984434273e-10,0,0.5257545271629779
FGSG_04074,11,0.48812906253081745,4.7848840914166875,FGSG_00743;FGSG_02272;FGSG_02461;FGSG_03061;FGSG_03894;FGSG_04589;FGSG_05610;FGSG_08774;FGSG_09012;FGSG_10922;FGSG_12180,1,uncharacterized protein,,3.468762995317171,8,-0.828358523579664,9.87800408824662e-05,0,0.5255533199195171
FGSG_07444,9,0.4549260752188477,3.878635977135097,FGSG_02321;FGSG_02324;FGSG_02325;FGSG_02326;FGSG_02327;FGSG_02328;FGSG_02329;FGSG_08083;FGSG_11326,2,uncharacterized protein,,3.4661898971398575,8,0.703869413576143,4.48223499284757e-06,0,0.5253521126760563
FGSG_01779,3,0.415169990371925,1.2233208285463837,FGSG_02326;FGSG_02328;FGSG_02329,2,uncharacterized protein,,1.2233208285463837,3,1.61008451888899,0.0079045091971818,1,0.5252179745137492
FGSG_00373,11,0.4526782870442835,4.726581634515102,FGSG_01422;FGSG_02272;FGSG_02461;FGSG_03061;FGSG_03894;FGSG_04458;FGSG_05610;FGSG_08774;FGSG_09012;FGSG_09456;FGSG_09834,1,ATP synthase subunit 4,GO:0000274;GO:0015986;GO:0035786;GO:0046961,3.4656614342521594,8,-0.802765725972086,1.10595081082387e-09,0,0.5251509054325956
FGSG_10647,10,0.44902737578111734,4.276574412179079,FGSG_02321;FGSG_02323;FGSG_02324;FGSG_02325;FGSG_02326;FGSG_02327;FGSG_02328;FGSG_02329;FGSG_02903;FGSG_11326,2,uncharacterized protein,GO:0008168;GO:0032259,3.4642273015352445,8,0.752473357467703,1.16866424113645e-11,0,0.5249496981891348
FGSG_00397,9,0.4490620603716332,3.860628343130357,FGSG_02321;FGSG_02324;FGSG_02325;FGSG_02326;FGSG_02327;FGSG_02328;FGSG_02329;FGSG_10670;FGSG_11326,2,tubulin alpha chain,GO:0003924;GO:0005200;GO:0005525;GO:0005737;GO:0005874;GO:0007017,3.454517092157594,8,0.277518833364076,1.30240385377879e-05,0,0.5241448692152918
FGSG_03613,10,0.4471187065707959,4.260466330943608,FGSG_02321;FGSG_02323;FGSG_02324;FGSG_02325;FGSG_02326;FGSG_02327;FGSG_02328;FGSG_02329;FGSG_02903;FGSG_11326,2,uncharacterized protein,,3.4538780211286517,8,0.619329318923506,0.0591567669410189,0,0.523943661971831
FGSG_11245,4,0.422115399043001,1.6601182454312378,FGSG_02326;FGSG_02327;FGSG_02328;FGSG_02329,2,uncharacterized protein,,1.6601182454312378,4,1.07436774202981,0.0011715110733425,1,0.523943661971831
FGSG_01542,10,0.4533038153897646,4.30359703520924,FGSG_01422;FGSG_02272;FGSG_02461;FGSG_03061;FGSG_03894;FGSG_04458;FGSG_05610;FGSG_09012;FGSG_09456;FGSG_09834,1,uncharacterized protein,GO:0031305;GO:0033617,3.452999982634892,8,-0.448561320562459,0.0017402601516563,0,0.5235412474849094
FGSG_00207,14,0.4584765156675074,5.910194702356748,FGSG_00007;FGSG_01866;FGSG_02321;FGSG_02324;FGSG_02326;FGSG_02327;FGSG_02328;FGSG_02329;FGSG_03539;FGSG_03842;FGSG_03881;FGSG_08082;FGSG_08083;FGSG_13952,2,uncharacterized protein,,3.450492186842163,8,0.44797509471753,0.0001857880501967,0,0.5231388329979879
FGSG_07106,12,0.4768819253974757,5.1488141374828915,FGSG_00743;FGSG_01422;FGSG_02272;FGSG_02461;FGSG_03061;FGSG_03894;FGSG_04589;FGSG_05610;FGSG_08774;FGSG_09012;FGSG_10347;FGSG_12180,1,uncharacterized protein,GO:0005739;GO:0005840;GO:0032543,3.44873890193969,8,-0.396329964290323,0.0046814130903309,0,0.5229376257545272
FGSG_07069,11,0.4890542551147099,4.756620595698281,FGSG_00743;FGSG_02272;FGSG_02461;FGSG_03061;FGSG_03894;FGSG_04589;FGSG_05610;FGSG_08774;FGSG_09012;FGSG_10922;FGSG_12180,1,uncharacterized protein,GO:0003735;GO:0004784;GO:0005763;GO:0019430;GO:0032543;GO:0046872;GO:0055114,3.446330020524538,8,-0.516423176157699,2.85898637337373e-06,0,0.5221327967806841
FGSG_02692,3,0.41151429513868504,1.2200752390251894,FGSG_03546;FGSG_03547;FGSG_03548,1,uncharacterized protein,GO:0051213;GO:0055114,1.2200752390251894,3,-1.57836986160737,3.0837203808117596e-77,1,0.5213279678068411
FGSG_02627,17,0.45792788248423755,7.1895716344682175,FGSG_00007;FGSG_01866;FGSG_02321;FGSG_02324;FGSG_02326;FGSG_02327;FGSG_02328;FGSG_02329;FGSG_03539;FGSG_03541;FGSG_03842;FGSG_03881;FGSG_07896;FGSG_08081;FGSG_08082;FGSG_08083;FGSG_13952,2,uncharacterized protein,GO:0016021,3.438771561681201,8,0.569504151699035,4.58142448887793e-07,0,0.521327967806841
FGSG_08411,10,0.4449462054766083,4.256826359127423,FGSG_02321;FGSG_02323;FGSG_02324;FGSG_02325;FGSG_02326;FGSG_02327;FGSG_02328;FGSG_02329;FGSG_11326;FGSG_13952,2,uncharacterized protein,GO:0000981;GO:0005634;GO:0006357;GO:0008270,3.4380462881182496,8,0.591631208714348,0.108383267489464,0,0.5211267605633803
FGSG_01347,9,0.4507511644565056,3.8382597648620087,FGSG_02321;FGSG_02324;FGSG_02325;FGSG_02326;FGSG_02327;FGSG_02328;FGSG_02329;FGSG_08083;FGSG_11326,2,uncharacterized protein,GO:0000778;GO:0005524;GO:0031134;GO:0034501;GO:0034508;GO:0051315;GO:0051754;GO:0071957;GO:0072370;GO:0072371;GO:0072480;GO:1990298,3.4378558496564704,8,0.610039905533774,5.1672688663963e-06,0,0.5209255533199195
FGSG_00464,9,0.4427632511490739,3.872197261615409,FGSG_02272;FGSG_02461;FGSG_03061;FGSG_03894;FGSG_04458;FGSG_05610;FGSG_09012;FGSG_09456;FGSG_09834,1,uncharacterized protein,GO:0016021,3.4323552223263754,8,-0.34825082884855,0.0005763280663336,0,0.5207243460764588
FGSG_02473,9,0.4461981848690804,3.8783961204956783,FGSG_02272;FGSG_02461;FGSG_03061;FGSG_03894;FGSG_04458;FGSG_05610;FGSG_09012;FGSG_09456;FGSG_09834,1,uncharacterized protein,GO:0000276;GO:0015986;GO:0016021;GO:0046933;GO:0046961,3.4322391858330894,8,-0.626985770943549,1.46126272243607e-06,0,0.520523138832998
FGSG_12474,4,0.41298349418491304,1.6246259380880677,FGSG_02271;FGSG_02272;FGSG_02461;FGSG_09456,1,uncharacterized protein,GO:0016021,1.2154811069269413,3,-1.60793364908135,9.98167071907669e-08,1,0.5202548625083837
FGSG_05859,3,0.4225157553464843,1.2314097840813905,FGSG_02271;FGSG_02272;FGSG_02461,1,uncharacterized protein,GO:0003333;GO:0015171;GO:0016021,0.8312733818821413,2,-2.15262151985278,1.6285648423244802e-183,1,0.5199865861837694
FGSG_00027,12,0.4531940872179375,5.09729708735197,FGSG_00743;FGSG_01422;FGSG_02272;FGSG_02461;FGSG_03061;FGSG_03894;FGSG_04458;FGSG_05610;FGSG_08774;FGSG_09012;FGSG_09834;FGSG_10347,1,uncharacterized protein,GO:0016021,3.427005211528222,8,-0.342028133586696,0.168850345457876,0,0.5199195171026157
FGSG_02418,3,0.4168724222711148,1.2344792353291822,FGSG_02326;FGSG_02328;FGSG_02329,2,uncharacterized protein,,1.2344792353291822,3,1.44971576912156,2.4619463532406e-05,1,0.5199195171026156
FGSG_13404,11,0.47212522106675514,4.686710223865246,FGSG_00743;FGSG_02272;FGSG_02461;FGSG_03061;FGSG_03894;FGSG_04458;FGSG_04589;FGSG_05610;FGSG_08774;FGSG_10922;FGSG_12180,1,uncharacterized protein,GO:0016021;GO:0016491;GO:0055114,3.4269045978900223,8,-0.42157533623553,0.0058385667937957,0,0.5197183098591549
FGSG_12905,11,0.4535775560128337,4.676064602636548,FGSG_00743;FGSG_01422;FGSG_02272;FGSG_02461;FGSG_03061;FGSG_03894;FGSG_04458;FGSG_05610;FGSG_09012;FGSG_09456;FGSG_09834,1,uncharacterized protein,,3.4251022994227673,8,-1.03854595714476,0.0594536702538677,0,0.5195171026156942
FGSG_12518,10,0.44500088013062633,4.237132843753275,FGSG_01866;FGSG_02321;FGSG_02324;FGSG_02326;FGSG_02327;FGSG_02328;FGSG_02329;FGSG_08083;FGSG_11326;FGSG_13952,2,uncharacterized protein,GO:0004069;GO:0006520;GO:0009058;GO:0030170;GO:0080130,3.424474488849668,8,0.959204831324484,0.0013289846380472,0,0.5193158953722333
FGSG_12670,10,0.45073562354830937,4.268933392096966,FGSG_01422;FGSG_02271;FGSG_02272;FGSG_02461;FGSG_03061;FGSG_03894;FGSG_05610;FGSG_09012;FGSG_09456;FGSG_09834,1,uncharacterized protein,,3.422146424727605,8,-0.898859236489043,0.0027103484238563,0,0.5191146881287726
FGSG_01473,15,0.45976634982605363,6.308347999972941,FGSG_00007;FGSG_01866;FGSG_02324;FGSG_02326;FGSG_02327;FGSG_02328;FGSG_02329;FGSG_03539;FGSG_03842;FGSG_03881;FGSG_07896;FGSG_08081;FGSG_08082;FGSG_08083;FGSG_13952,2,uncharacterized protein,GO:0005840;GO:0046475;GO:0047389,3.419940685508694,8,0.351731336163173,0.0003851153815502,0,0.5189134808853119
FGSG_07224,8,0.4479932017636995,3.419588348406032,FGSG_00330;FGSG_03546;FGSG_03547;FGSG_03548;FGSG_04458;FGSG_04591;FGSG_08601;FGSG_10347,1,uncharacterized protein,GO:0015035;GO:0016740;GO:0055114,3.419588348406032,8,-0.484121691292273,4.13517282303979e-05,0,0.5187122736418511
FGSG_13118,13,0.4835778612605525,5.552640136734192,FGSG_00743;FGSG_00765;FGSG_02272;FGSG_02461;FGSG_03061;FGSG_03747;FGSG_03894;FGSG_05368;FGSG_05610;FGSG_08493;FGSG_08774;FGSG_09012;FGSG_10922,1,uncharacterized protein,GO:0005826;GO:0005885;GO:0007015;GO:0007017;GO:0008017;GO:0030139;GO:0030479;GO:0030674;GO:0034316;GO:0035838;GO:0051015;GO:0051666;GO:1990819;GO:2000601,3.417968368456838,8,-0.339980441244621,0.0002228088639843,0,0.5183098591549296
FGSG_08284,11,0.44865165879264873,4.652088691149989,FGSG_00007;FGSG_01866;FGSG_02324;FGSG_02326;FGSG_02327;FGSG_02328;FGSG_02329;FGSG_03842;FGSG_03881;FGSG_08083;FGSG_13952,2,uncharacterized protein,,3.414840191442342,8,0.364365978908903,0.104736904129736,0,0.5179074446680081
FGSG_00417,8,0.44496976576714503,3.4139344912156826,FGSG_00330;FGSG_03546;FGSG_03548;FGSG_03894;FGSG_04458;FGSG_04589;FGSG_08601;FGSG_10347,1,methylenetetrahydrofolate dehydrogenase,GO:0004487;GO:0004488;GO:0005634;GO:0005829;GO:0006730;GO:0009113;GO:0009396;GO:0055114,3.4139344912156826,8,-0.563623794754629,5.24088589420672e-05,0,0.5175050301810865
FGSG_00347,2,0.41146107236795976,0.8160751847973485,FGSG_03894;FGSG_10922,1,uncharacterized protein,,0.8160751847973485,2,-2.50295767378922,5.47558288195504e-08,1,0.5171696847753187
FGSG_12374,3,0.41696847689289745,1.2261485217722399,FGSG_02324;FGSG_02325;FGSG_02327,2,uncharacterized protein,GO:0015109;GO:0015703;GO:0016021,1.2261485217722399,3,1.48034986015518,0.0050445453235294,1,0.517102615694165
FGSG_05377,11,0.47446344044942984,4.694190743802585,FGSG_00743;FGSG_02272;FGSG_02972;FGSG_03061;FGSG_03747;FGSG_03894;FGSG_04589;FGSG_05610;FGSG_08774;FGSG_10922;FGSG_12180,1,VTS1 protein,GO:0000166;GO:0000289;GO:0000932;GO:0003723;GO:0005634;GO:0005829;GO:0015031;GO:0032079;GO:0070336,3.4106930782915645,8,-0.314235187991903,4.20114654849897e-08,0,0.5171026156941649
FGSG_08826,11,0.450404131128413,4.654931123154669,FGSG_00007;FGSG_01866;FGSG_02324;FGSG_02326;FGSG_02327;FGSG_02328;FGSG_02329;FGSG_03842;FGSG_03881;FGSG_08083;FGSG_13952,2,uncharacterized protein,GO:0000981;GO:0003677;GO:0005634;GO:0006351;GO:0006357;GO:0008080;GO:0008270;GO:0016021,3.408378755052011,8,0.30297929880395,0.0073289061937857,0,0.5164989939637827
FGSG_11690,4,0.41461585218678376,1.6345868315844345,FGSG_02326;FGSG_02327;FGSG_02328;FGSG_02329,2,uncharacterized protein,,1.6345868315844345,4,1.10687820295893,0.0001448994740959,1,0.5164989939637827
FGSG_10744,11,0.47436147592996086,4.68129676362035,FGSG_00743;FGSG_02272;FGSG_02461;FGSG_03061;FGSG_03894;FGSG_04589;FGSG_05610;FGSG_08712;FGSG_08774;FGSG_10922;FGSG_12180,1,uncharacterized protein,GO:0003735;GO:0005762;GO:0032543,3.4076191725662524,8,-0.507786740896751,0.0001196760081598,0,0.5162977867203219
FGSG_08620,12,0.4530739280337043,5.063248906460982,FGSG_00007;FGSG_01866;FGSG_02324;FGSG_02326;FGSG_02327;FGSG_02328;FGSG_02329;FGSG_03539;FGSG_03842;FGSG_03881;FGSG_08083;FGSG_13952,2,uncharacterized protein,GO:0005789;GO:0009055;GO:0016021;GO:0016126;GO:0020037;GO:0046872,3.4049258027270475,8,0.179104522314015,0.0049027637869472,0,0.5160965794768612
FGSG_07072,13,0.47830561779079905,5.5332660083941665,FGSG_00743;FGSG_00765;FGSG_02272;FGSG_02461;FGSG_03061;FGSG_03747;FGSG_03894;FGSG_05368;FGSG_05610;FGSG_08493;FGSG_08774;FGSG_10444;FGSG_10922,1,uncharacterized protein,GO:0016021,3.403964346984093,8,-0.616511467947738,5.40551165421342e-12,0,0.5158953722334003
FGSG_03102,9,0.4375124061819871,3.80299068540888,FGSG_02323;FGSG_02324;FGSG_02325;FGSG_02326;FGSG_02327;FGSG_02328;FGSG_02329;FGSG_11326;FGSG_13952,2,uncharacterized protein,GO:0000981;GO:0005634;GO:0006357;GO:0008270,3.4028344284439855,8,0.550800300073226,0.0207475344039586,0,0.5156941649899397
FGSG_03645,12,0.4517010021158836,5.054488104397376,FGSG_00007;FGSG_01866;FGSG_02324;FGSG_02326;FGSG_02327;FGSG_02328;FGSG_02329;FGSG_03842;FGSG_03881;FGSG_08082;FGSG_08083;FGSG_13952,2,uncharacterized protein,GO:0003824;GO:0008152,3.4020301036581175,8,0.788115674771714,0.0179767503560839,0,0.5154929577464789
FGSG_07197,9,0.4577847522907243,3.8568679510400443,FGSG_02271;FGSG_02272;FGSG_02461;FGSG_03061;FGSG_03894;FGSG_05610;FGSG_07075;FGSG_09012;FGSG_09456,1,nitrogen metabolic regulation protein,,3.3990831987493197,8,-0.663312488023195,4.0692590582720895e-11,0,0.5150905432595573
FGSG_05378,8,0.44267227733146974,3.398858794938718,FGSG_02324;FGSG_02325;FGSG_02326;FGSG_02327;FGSG_02328;FGSG_02329;FGSG_02903;FGSG_11326,2,uncharacterized protein,GO:0002181;GO:0003735;GO:0022625,3.398858794938718,8,0.464170104032659,5.6679338261694404e-14,0,0.5148893360160965
FGSG_07633,8,0.4315725538656152,3.398746894749805,FGSG_02324;FGSG_02325;FGSG_02326;FGSG_02327;FGSG_02328;FGSG_02329;FGSG_02903;FGSG_11326,2,uncharacterized protein,GO:0016021,3.398746894749805,8,0.777513221523499,0.0379818043635812,0,0.5146881287726358
FGSG_04137,8,0.42954710388758405,3.3962661361670246,FGSG_02324;FGSG_02325;FGSG_02326;FGSG_02327;FGSG_02328;FGSG_02329;FGSG_02903;FGSG_11326,2,60S ribosomal protein L32,GO:0002181;GO:0003735;GO:0022625,3.3962661361670246,8,0.516631436099131,1.1198691571267e-13,0,0.5144869215291751
FGSG_12206,4,0.4195368688349926,1.6462480472276726,FGSG_08077;FGSG_08078;FGSG_10206;FGSG_12211,2,uncharacterized protein,GO:0016491;GO:0055114,0.8222129916896472,2,2.20630476790616,1.4466882026004798e-138,1,0.5143527833668678
FGSG_04806,8,0.44587559979473296,3.3938352943061663,FGSG_02324;FGSG_02325;FGSG_02326;FGSG_02327;FGSG_02328;FGSG_03842;FGSG_08083;FGSG_13952,2,uncharacterized protein,,3.3938352943061663,8,0.774856825362149,0.0116613050067413,0,0.5142857142857142
FGSG_07182,14,0.4741736147144675,5.899629817595517,FGSG_00743;FGSG_00765;FGSG_02272;FGSG_02461;FGSG_02972;FGSG_03061;FGSG_03747;FGSG_03894;FGSG_05368;FGSG_05610;FGSG_08493;FGSG_08774;FGSG_10444;FGSG_10922,1,elongation factor Tu,GO:0003746;GO:0003924;GO:0005525;GO:0005739;GO:0005783;GO:0016853;GO:0045454;GO:0070125,3.3879551317877543,8,-0.472473822375604,3.65988237310958e-08,0,0.5140845070422535
FGSG_10086,3,0.4071726203981972,1.2121138210785194,FGSG_02326;FGSG_02327;FGSG_02329,2,uncharacterized protein,,1.2121138210785194,3,1.5260208300307,1.02344192254005e-22,1,0.5139503688799464
FGSG_09115,4,0.4211330599969024,1.6471170415661154,FGSG_02326;FGSG_02327;FGSG_02328;FGSG_02329,2,uncharacterized protein,GO:0004252;GO:0006508,1.6471170415661154,4,1.05553113732764,0.0008684257986425,1,0.5138162307176392
FGSG_07929,12,0.4713120442918081,5.071775462497939,FGSG_00743;FGSG_02272;FGSG_02972;FGSG_03061;FGSG_03747;FGSG_03894;FGSG_05610;FGSG_08493;FGSG_08774;FGSG_10444;FGSG_10922;FGSG_12180,1,uncharacterized protein,GO:0005794;GO:0016021,3.384357301158338,8,-0.228048201199065,7.76688553050688e-05,0,0.513682092555332
FGSG_10600,2,0.4092606381108234,0.8100798977042728,FGSG_02326;FGSG_02329,2,uncharacterized protein,,0.8100798977042728,2,2.70392242630883,5.69490022304789e-09,1,0.5136150234741784
FGSG_03149,11,0.4698746176992706,4.63814465715194,FGSG_00743;FGSG_02272;FGSG_02461;FGSG_03061;FGSG_03894;FGSG_04589;FGSG_05610;FGSG_08774;FGSG_09012;FGSG_10922;FGSG_12180,1,uncharacterized protein,GO:0008080,3.381849703207793,8,-0.774888924216278,0.0017815977800442,0,0.5132796780684105
FGSG_02696,8,0.43382438608523277,3.37995051659865,FGSG_02324;FGSG_02325;FGSG_02326;FGSG_02327;FGSG_02328;FGSG_02329;FGSG_11326;FGSG_13952,2,uncharacterized protein,GO:0000981;GO:0003677;GO:0005634;GO:0006351;GO:0006357;GO:0008270,3.37995051659865,8,0.30853749841966,0.004550004164797,0,0.5130784708249497
FGSG_03194,11,0.4415825995031197,4.5855089850034325,FGSG_00007;FGSG_01866;FGSG_02324;FGSG_02326;FGSG_02327;FGSG_02328;FGSG_02329;FGSG_03842;FGSG_08082;FGSG_08083;FGSG_13952,2,polygalacturonase 1 precursor,GO:0004650;GO:0005576;GO:0005975;GO:0071555,3.3786516106632285,8,0.407445655827118,0.0613425355789008,0,0.5128772635814889
FGSG_03330,4,0.403624245471021,1.6084768237346472,FGSG_02326;FGSG_02328;FGSG_02329;FGSG_11326,2,uncharacterized protein,GO:0005215;GO:0016021;GO:0055085,1.6084768237346472,4,1.11594286210139,3.50582118160774e-06,1,0.5128772635814889
FGSG_02545,8,0.4361995846152309,3.376407808048368,FGSG_00330;FGSG_03546;FGSG_03548;FGSG_04458;FGSG_08601;FGSG_09456;FGSG_09834;FGSG_10347,1,uncharacterized protein,,3.376407808048368,8,-0.778842001357272,4.54132575210362e-05,0,0.5124748490945674
FGSG_05682,8,0.4397209312958068,3.374412768128996,FGSG_02324;FGSG_02325;FGSG_02326;FGSG_02327;FGSG_02328;FGSG_03842;FGSG_08083;FGSG_13952,2,uncharacterized protein,GO:0000981;GO:0005634;GO:0006357;GO:0008270,3.374412768128996,8,0.339622681288356,0.0028992683166749,0,0.5122736418511067
FGSG_09165,8,0.4374116014640368,3.3636196988702354,FGSG_00330;FGSG_03546;FGSG_03547;FGSG_03548;FGSG_04458;FGSG_08601;FGSG_09834;FGSG_10347,1,nuclear movement protein nudC,,3.3636196988702354,8,-0.360788974186927,0.0012834816805651,0,0.5110663983903421
FGSG_12704,4,0.44073761730292127,1.6650202421620266,FGSG_00765;FGSG_03894;FGSG_05610;FGSG_08774,1,uncharacterized protein,GO:0005524;GO:0016021;GO:0042626;GO:0055085,0.8462168849114138,2,-1.70310991406346,7.96009955430607e-12,1,0.5110663983903421
FGSG_02893,11,0.46694610335030795,4.627829434812617,FGSG_00743;FGSG_02272;FGSG_02972;FGSG_03061;FGSG_03747;FGSG_03894;FGSG_04589;FGSG_05610;FGSG_08774;FGSG_10922;FGSG_12180,1,uncharacterized protein,GO:0004668;GO:0005509;GO:0005737;GO:0018101,3.363100677791779,8,-0.94115596495036,2.2549282039792702e-09,0,0.5106639839034205
FGSG_10140,5,0.41577423416066067,2.057577199397397,FGSG_02272;FGSG_02461;FGSG_03061;FGSG_05610;FGSG_13136,1,uncharacterized protein,GO:0005759;GO:0006121;GO:0018293;GO:0030437;GO:0045944,1.6422398583593456,4,-1.03346132343744,9.52557309528514e-23,1,0.5101945003353454
FGSG_04213,10,0.47080605918850077,4.219342286116619,FGSG_00743;FGSG_02272;FGSG_03061;FGSG_03894;FGSG_04589;FGSG_05610;FGSG_08774;FGSG_09012;FGSG_10922;FGSG_12180,1,uncharacterized protein,,3.35793300196286,8,-0.508165386229188,4.00381719279314e-07,0,0.5100603621730382
FGSG_11186,9,0.4334700418760527,3.760094305139512,FGSG_00007;FGSG_02324;FGSG_02326;FGSG_02327;FGSG_02328;FGSG_02329;FGSG_03842;FGSG_08083;FGSG_13952,2,uncharacterized protein,GO:0000981;GO:0005634;GO:0006357;GO:0008270,3.35611243487498,8,0.572982198235859,0.157101586145701,0,0.5098591549295775
FGSG_10567,9,0.4383525843056989,3.7696157982745113,FGSG_00007;FGSG_02324;FGSG_02326;FGSG_02327;FGSG_02328;FGSG_02329;FGSG_03842;FGSG_08083;FGSG_13952,2,uncharacterized protein,,3.3552555811390805,8,0.746968540951945,0.113021678807681,0,0.5096579476861167
FGSG_10585,2,0.43666980708982295,0.8545287254325113,FGSG_03894;FGSG_10922,1,uncharacterized protein,,0.8545287254325113,2,-1.58481679404928,1.68319783241443e-06,1,0.509456740442656
FGSG_02836,8,0.4265689445237168,3.355078988991565,FGSG_02324;FGSG_02325;FGSG_02326;FGSG_02327;FGSG_02328;FGSG_02329;FGSG_02903;FGSG_11326,2,uncharacterized protein,GO:0003824,3.355078988991565,8,0.336836040548836,0.168502750840422,0,0.5094567404426559
FGSG_13301,8,0.4349434529316104,3.35396714197976,FGSG_02324;FGSG_02325;FGSG_02326;FGSG_02327;FGSG_02328;FGSG_02329;FGSG_11326;FGSG_13952,2,uncharacterized protein,GO:0016021,3.35396714197976,8,0.679584199373599,4.51141040199976e-06,0,0.5092555331991951
FGSG_07330,8,0.4427552691921493,3.3533913573404637,FGSG_00330;FGSG_03546;FGSG_03548;FGSG_03992;FGSG_04458;FGSG_09280;FGSG_09456;FGSG_09834,1,uncharacterized protein,GO:0003873;GO:0005524;GO:0006000;GO:0006003;GO:0046835,3.3533913573404637,8,-0.615068754124187,4.16292031763049e-10,0,0.5090543259557344
FGSG_05382,8,0.4335676403056048,3.3521977250825383,FGSG_02324;FGSG_02325;FGSG_02326;FGSG_02327;FGSG_02328;FGSG_03842;FGSG_08083;FGSG_13952,2,uncharacterized protein,GO:0008270;GO:0016491;GO:0055114,3.3521977250825383,8,0.477328632352914,0.0003501286332676,0,0.5088531187122737
FGSG_01530,10,0.4355314274090366,4.165023553185315,FGSG_02271;FGSG_02272;FGSG_02461;FGSG_03061;FGSG_03295;FGSG_05610;FGSG_07075;FGSG_07528;FGSG_09456;FGSG_09834,1,uncharacterized protein,GO:0005975;GO:0016758;GO:0030259,3.3518041843137216,8,-0.510677707400723,3.16473049442529e-08,0,0.5086519114688128
FGSG_02111,9,0.4362225360356563,3.761227863954669,FGSG_00007;FGSG_02324;FGSG_02326;FGSG_02327;FGSG_02328;FGSG_02329;FGSG_03842;FGSG_08083;FGSG_13952,2,uncharacterized protein,GO:0004497;GO:0005506;GO:0016021;GO:0016705;GO:0020037;GO:0055114,3.350424826363702,8,0.651823387873786,0.001855000523094,0,0.5084507042253521
FGSG_13875,3,0.41618861889020914,1.2220330261816192,FGSG_02324;FGSG_02325;FGSG_02903,2,uncharacterized protein,GO:0004499;GO:0050660;GO:0050661;GO:0055114,1.2220330261816192,3,1.37627796792886,1.01527816059564e-29,1,0.5082494969818914
FGSG_01887,8,0.4261525628902053,3.3482828492500905,FGSG_02324;FGSG_02325;FGSG_02326;FGSG_02327;FGSG_02328;FGSG_02329;FGSG_02903;FGSG_11326,2,uncharacterized protein,GO:0005198;GO:0005768;GO:0006886;GO:0006897;GO:0030130;GO:0030132;GO:0031505;GO:0045807,3.3482828492500905,8,0.265335374341681,0.001706170358698,0,0.5082494969818914
FGSG_10233,8,0.43489075336553973,3.3433228513797544,FGSG_02324;FGSG_02325;FGSG_02326;FGSG_02327;FGSG_02328;FGSG_02329;FGSG_08083;FGSG_11326,2,uncharacterized protein,GO:0006810;GO:0016021,3.3433228513797544,8,0.287497230156006,0.0219695483733837,0,0.5080482897384306
FGSG_13917,5,0.4354196318254326,2.0876026068431424,FGSG_02272;FGSG_02461;FGSG_03894;FGSG_05610;FGSG_08774,1,uncharacterized protein,,1.2644961889469626,3,-1.15041585420322,0.0001851367882121,1,0.5078470824949698
FGSG_07529,9,0.43863617628782686,3.7685648767496196,FGSG_02271;FGSG_02272;FGSG_02461;FGSG_03061;FGSG_03894;FGSG_05610;FGSG_07075;FGSG_09456;FGSG_09834,1,uncharacterized protein,GO:0016021;GO:0055085,3.3387769694261347,8,-0.828549156703468,0.100455445007512,0,0.5076458752515091
FGSG_10036,8,0.42914563945964124,3.3350683012073574,FGSG_02324;FGSG_02325;FGSG_02326;FGSG_02327;FGSG_02328;FGSG_02329;FGSG_02903;FGSG_11326,2,uncharacterized protein,GO:0006750;GO:0016874;GO:0035226,3.3350683012073574,8,0.293729242905964,0.0044803060235456,0,0.5074446680080482
FGSG_12691,5,0.45754605077992627,2.1047189511236857,FGSG_00743;FGSG_03894;FGSG_05610;FGSG_08774;FGSG_10922,1,uncharacterized protein,,1.27697711149707,3,-1.11398211347846,2.56421128555555e-07,1,0.5073105298457411
FGSG_05123,8,0.4405455654095941,3.3307324319441856,FGSG_02324;FGSG_02325;FGSG_02326;FGSG_02327;FGSG_02328;FGSG_03842;FGSG_08083;FGSG_13952,2,uncharacterized protein,,3.3307324319441856,8,0.257736464758823,0.0204763303882778,0,0.5072434607645875
FGSG_13505,1,0.41973629598636436,0.41973629598636436,FGSG_02324,2,uncharacterized protein,,0.41973629598636436,1,3.42018262992994,0.0081484571193104,1,0.5072434607645875
FGSG_03919,8,0.4327303086232746,3.3247655903291324,FGSG_02324;FGSG_02326;FGSG_02327;FGSG_02328;FGSG_02329;FGSG_08083;FGSG_11326;FGSG_13952,2,uncharacterized protein,GO:0000981;GO:0005634;GO:0006357;GO:0008270,3.3247655903291324,8,0.637764204220345,0.0512027729523547,0,0.5070422535211268
FGSG_04499,2,0.4238405768839129,0.833899275816822,FGSG_02271;FGSG_02272,1,uncharacterized protein,GO:0016740,0.833899275816822,2,-1.73580017955573,3.32729428519536e-13,1,0.5069081153588195
FGSG_01757,8,0.4348285648872584,3.3247134412898287,FGSG_02324;FGSG_02325;FGSG_02326;FGSG_02327;FGSG_02328;FGSG_03842;FGSG_08083;FGSG_13952,2,nodulation protein L,GO:0016407,3.3247134412898287,8,0.348382245138646,0.0985534668065758,0,0.506841046277666
FGSG_12796,5,0.41822112883549845,2.062642729501843,FGSG_02271;FGSG_02272;FGSG_02461;FGSG_03061;FGSG_05610,1,uncharacterized protein,GO:0016021,1.6487526956416934,4,-1.00334463413204,0.0001679685628717,1,0.506841046277666
FGSG_01278,8,0.4246485970664675,3.315298713675652,FGSG_02324;FGSG_02325;FGSG_02326;FGSG_02327;FGSG_02328;FGSG_02329;FGSG_02903;FGSG_11326,2,uncharacterized protein,GO:0003735;GO:0005840;GO:0006412,3.315298713675652,8,0.475437905943415,5.91747811823811e-11,0,0.5064386317907444
FGSG_13950,8,0.42735297940587286,3.315080257005794,FGSG_02324;FGSG_02325;FGSG_02326;FGSG_02327;FGSG_02328;FGSG_03842;FGSG_08083;FGSG_13952,2,uncharacterized protein,,3.315080257005794,8,0.76774778797978,0.0757233596906674,0,0.5062374245472837
FGSG_03156,3,0.412105164582134,1.219195498652474,FGSG_02326;FGSG_02328;FGSG_02329,2,uncharacterized protein,,1.219195498652474,3,1.37323663510393,0.0238169246644167,1,0.5059691482226694
FGSG_09935,9,0.4345508450170723,3.7243947052609405,FGSG_00743;FGSG_02272;FGSG_03061;FGSG_03548;FGSG_03894;FGSG_04458;FGSG_05610;FGSG_08601;FGSG_10347,1,SUMO-conjugating enzyme ubc9,GO:0000022;GO:0000794;GO:0005524;GO:0016874;GO:0016925;GO:0019789,3.30887894723615,8,-0.25381264691643,0.0621976347674908,0,0.5058350100603621
FGSG_04395,9,0.4232725484703896,3.7065816470487665,FGSG_02272;FGSG_02461;FGSG_03061;FGSG_03548;FGSG_04458;FGSG_05610;FGSG_09456;FGSG_09834;FGSG_10347,1,uncharacterized protein,GO:0005789;GO:0006810;GO:0016021;GO:0043529;GO:0071816,3.304068020089171,8,-0.474037610833692,0.0089482381612367,0,0.5054325955734407
FGSG_09644,8,0.4201067052436419,3.29581285356011,FGSG_02324;FGSG_02325;FGSG_02326;FGSG_02327;FGSG_02328;FGSG_02329;FGSG_02903;FGSG_11326,2,uncharacterized protein,GO:0005524;GO:0016301;GO:0016310,3.29581285356011,8,0.479053086028585,0.0009914766021337,0,0.5050301810865191
FGSG_13948,5,0.45933225849629683,2.122904136181755,FGSG_00743;FGSG_03894;FGSG_05610;FGSG_08774;FGSG_10922,1,uncharacterized protein,,1.2926193000459463,3,-1.06719747392669,0.0025065711862681,1,0.504560697518444
FGSG_08177,2,0.4122361239541045,0.817037742321435,FGSG_02326;FGSG_02329,2,uncharacterized protein,GO:0016021;GO:0022891;GO:0055085,0.817037742321435,2,2.01846804854681,3.6860070336967195e-12,1,0.5044936284372904
FGSG_06037,8,0.4176166819852125,3.2798450503614394,FGSG_03546;FGSG_03548;FGSG_03894;FGSG_04458;FGSG_08601;FGSG_09012;FGSG_09834;FGSG_10347,1,uncharacterized protein,GO:0005886;GO:0005975;GO:0009277;GO:0016740;GO:0016787;GO:0031225,3.2798450503614394,8,-0.418192233274074,0.0438993034116444,0,0.504225352112676
FGSG_11498,8,0.4235823209396685,3.2798056739435615,FGSG_02324;FGSG_02325;FGSG_02326;FGSG_02327;FGSG_02328;FGSG_02329;FGSG_02903;FGSG_11326,2,uncharacterized protein,GO:0004497;GO:0005506;GO:0008168;GO:0016021;GO:0016705;GO:0020037;GO:0032259;GO:0055114,3.2798056739435615,8,0.817344438711823,0.0001247837839435,0,0.5040241448692152
FGSG_12756,9,0.40798777767146693,3.6414076974306493,FGSG_02272;FGSG_02461;FGSG_03546;FGSG_03548;FGSG_03894;FGSG_04458;FGSG_09012;FGSG_09456;FGSG_09834,1,uncharacterized protein,,3.2408277572209934,8,-0.636333454401753,0.0161500673453859,0,0.5036217303822937
FGSG_12419,5,0.45443972378507064,2.089927288281727,FGSG_00743;FGSG_02461;FGSG_03894;FGSG_05610;FGSG_08774,1,uncharacterized protein,GO:0016021,0.8673676818661791,2,-1.43502427675123,0.0183182304109214,1,0.503420523138833
FGSG_02510,8,0.4093522935062521,3.2383819146656063,FGSG_02324;FGSG_02325;FGSG_02326;FGSG_02327;FGSG_02328;FGSG_02329;FGSG_02903;FGSG_11326,2,uncharacterized protein,GO:0000799;GO:0003682;GO:0007076;GO:0007130;GO:0010032;GO:0051307;GO:0070058;GO:0070550,3.2383819146656063,8,0.465761713244961,5.81586282801754e-05,0,0.503420523138833
FGSG_12386,3,0.42254278951135094,1.2434949153383539,FGSG_02324;FGSG_02325;FGSG_02327,2,uncharacterized protein,GO:0008270;GO:0016491;GO:0055114,1.2434949153383539,3,1.19970785000334,0.0004206801405074,1,0.5032863849765259
FGSG_00308,12,0.49697985731663735,5.337299448765969,FGSG_00743;FGSG_01422;FGSG_02030;FGSG_02272;FGSG_02461;FGSG_03061;FGSG_03894;FGSG_05368;FGSG_05610;FGSG_08774;FGSG_09012;FGSG_13136,1,uncharacterized protein,GO:0006810;GO:0016021,3.164543236755169,7,-0.431992991192105,3.30572649222655e-05,0,0.5030181086519114
FGSG_08128,12,0.4865046786019225,5.301248088053011,FGSG_00743;FGSG_00765;FGSG_01422;FGSG_02272;FGSG_02461;FGSG_03061;FGSG_03894;FGSG_05610;FGSG_08712;FGSG_08774;FGSG_09012;FGSG_13136,1,uncharacterized protein,GO:0000329;GO:0005783;GO:0005794;GO:0042149,3.1512772427826827,7,-0.404796171110519,6.35774354477966e-07,0,0.5028169014084507
FGSG_03922,2,0.40506366668216587,0.8069016564864374,FGSG_02326;FGSG_02329,2,uncharacterized protein,GO:0004571;GO:0005509;GO:0008152;GO:0016020,0.8069016564864374,2,2.40985146625275,3.43544793074476e-58,1,0.5024144869215291
FGSG_02011,11,0.4732641445294091,4.827697381850983,FGSG_00743;FGSG_01422;FGSG_02271;FGSG_02272;FGSG_02461;FGSG_03061;FGSG_03894;FGSG_05610;FGSG_08774;FGSG_09012;FGSG_13136,1,uncharacterized protein,GO:0005628;GO:0005768;GO:0005829;GO:0006886;GO:0032120;GO:0035091;GO:0042147;GO:0045053,3.1087425418143932,7,-0.307358023303267,0.0001567478962801,0,0.5018108651911469
FGSG_05664,10,0.46963851246956867,4.397594215567652,FGSG_00743;FGSG_02271;FGSG_02272;FGSG_02461;FGSG_03061;FGSG_03894;FGSG_05610;FGSG_08774;FGSG_09012;FGSG_13136,1,uncharacterized protein,,3.1047355327875357,7,-0.5694601594686,5.06775338291172e-08,0,0.5014084507042254
FGSG_06177,11,0.47167886285497607,4.798785271497384,FGSG_00743;FGSG_01422;FGSG_02271;FGSG_02272;FGSG_02461;FGSG_03061;FGSG_03894;FGSG_05610;FGSG_08774;FGSG_09012;FGSG_09456,1,uncharacterized protein,GO:0008565;GO:0030176;GO:0031204,3.103355671527865,7,-0.470362202702323,2.50584630154009e-07,0,0.5012072434607646
FGSG_09195,8,0.4540563938399923,3.5136099143432182,FGSG_02321;FGSG_02324;FGSG_02325;FGSG_02326;FGSG_02327;FGSG_02328;FGSG_02329;FGSG_11326,2,uncharacterized protein,GO:0004497;GO:0005506;GO:0016021;GO:0016705;GO:0020037;GO:0055114,3.1023066496890968,7,0.611781168455252,3.05963108432278e-06,0,0.5010060362173038
FGSG_06697,11,0.48719097927471183,4.831116358982293,FGSG_00743;FGSG_01422;FGSG_02272;FGSG_02461;FGSG_03061;FGSG_03894;FGSG_04458;FGSG_05610;FGSG_08774;FGSG_09012;FGSG_10347,1,uncharacterized protein,GO:0042407;GO:0044284;GO:0061617,3.1015581195885646,7,-0.425493676677166,4.47694242989344e-05,0,0.500804828973843
FGSG_09076,3,0.41707379139526063,1.2370182198846071,FGSG_02326;FGSG_02328;FGSG_02329,2,uncharacterized protein,GO:0001172;GO:0003968,1.2370182198846071,3,1.19457507826148,5.26546868232394e-06,1,0.5007377598926895
FGSG_01795,8,0.4523145526895301,3.4928102021154297,FGSG_02321;FGSG_02324;FGSG_02325;FGSG_02326;FGSG_02327;FGSG_02328;FGSG_02329;FGSG_11326,2,uncharacterized protein,GO:0000981;GO:0003677;GO:0005634;GO:0006351;GO:0006357;GO:0008270,3.09101613051102,7,0.940965572971823,4.13368919367918e-08,0,0.5006036217303823
FGSG_04117,5,0.454224978682601,2.112272711748454,FGSG_00743;FGSG_00765;FGSG_03894;FGSG_05610;FGSG_08774,1,NAD-specific glutamate dehydrogenase,GO:0004352;GO:0005739;GO:0005829;GO:0019551;GO:0055114,0.8713324229246182,2,-1.36777565790978,4.88900219732226e-53,1,0.5004024144869216
FGSG_08603,8,0.4664132783218504,3.5397889754597087,FGSG_02271;FGSG_02272;FGSG_02461;FGSG_03061;FGSG_03894;FGSG_05610;FGSG_09012;FGSG_13136,1,eukaryotic peptide chain release factor GTP-binding subunit,GO:0000288;GO:0002184;GO:0003747;GO:0003924;GO:0005525;GO:0005829;GO:0010494;GO:0018444,3.0782639786335713,7,-0.468856775532684,2.91601292570817e-13,0,0.49979879275653916
FGSG_03996,8,0.4541020898236098,3.4670651747340058,FGSG_02321;FGSG_02324;FGSG_02325;FGSG_02326;FGSG_02327;FGSG_02328;FGSG_02329;FGSG_11326,2,uncharacterized protein,GO:0003777;GO:0005524;GO:0005874;GO:0007018;GO:0008017,3.0629513476721395,7,0.861528938149515,1.34057715578069e-06,0,0.49919517102615696
FGSG_05450,3,0.414151490956632,1.221173507439357,FGSG_02324;FGSG_02903;FGSG_11326,2,uncharacterized protein,GO:0005623;GO:0016491;GO:0045454;GO:0050660;GO:0055114,1.221173507439357,3,1.26636491066422,1.04552781655378e-11,1,0.49899396378269617
FGSG_05725,9,0.4559957811423602,3.871603597803082,FGSG_02320;FGSG_02321;FGSG_02324;FGSG_02325;FGSG_02326;FGSG_02327;FGSG_02328;FGSG_02329;FGSG_11326,2,uncharacterized protein,GO:0000981;GO:0005634;GO:0006357;GO:0006950;GO:0008270;GO:0016021,3.062437421003693,7,0.83275605348894,0.00061149079799,0,0.4989939637826961
FGSG_05407,13,0.4777630616752178,5.643393556608925,FGSG_00743;FGSG_00765;FGSG_01621;FGSG_02272;FGSG_02461;FGSG_03061;FGSG_03894;FGSG_04309;FGSG_05368;FGSG_05610;FGSG_08774;FGSG_09012;FGSG_13136,1,uncharacterized protein,GO:0016020,3.062321216567748,7,-0.745705544486547,2.73961304816892e-18,0,0.4987927565392354
FGSG_08623,3,0.41800052283816547,1.2330578165270327,FGSG_02326;FGSG_02328;FGSG_02329,2,uncharacterized protein,GO:0000935;GO:0004553;GO:0005783;GO:0005975;GO:0016021;GO:0031520;GO:1904541;GO:1990819,1.2330578165270327,3,1.18885837167766,1.6355934137717e-07,1,0.49859154929577465
FGSG_05780,10,0.4914939399700327,4.381966343530984,FGSG_00743;FGSG_02272;FGSG_02461;FGSG_03061;FGSG_03894;FGSG_05610;FGSG_08774;FGSG_09012;FGSG_10922;FGSG_12180,1,uncharacterized protein,GO:0005794,3.059254580109303,7,-0.272112075375647,0.001695719512953,0,0.49859154929577465
FGSG_07033,10,0.47743466368642884,4.3446240447125515,FGSG_00743;FGSG_02272;FGSG_02461;FGSG_03061;FGSG_03894;FGSG_05610;FGSG_08712;FGSG_08774;FGSG_09012;FGSG_12180,1,uncharacterized protein,GO:0000281;GO:0001300;GO:0005634;GO:0005829;GO:0030479;GO:0030674;GO:0032153;GO:0051015;GO:0051286;GO:0051764,3.055951524863898,7,-0.420975791962032,0.000297742775628,0,0.4983903420523139
FGSG_11311,7,0.4486863225099464,3.050819490398455,FGSG_02324;FGSG_02325;FGSG_02326;FGSG_02327;FGSG_02328;FGSG_02329;FGSG_11326,2,uncharacterized protein,,3.050819490398455,7,0.838471807419662,2.94792494593633e-10,0,0.4981891348088531
FGSG_01450,7,0.4488820212529476,3.04069178540012,FGSG_02324;FGSG_02325;FGSG_02326;FGSG_02327;FGSG_02328;FGSG_02329;FGSG_11326,2,uncharacterized protein,GO:0000166;GO:0005622;GO:0019722,3.04069178540012,7,0.888231229195484,1.72382042434754e-21,0,0.49798792756539234
FGSG_00714,12,0.4792444819688008,5.188147078116484,FGSG_00743;FGSG_00765;FGSG_01621;FGSG_02272;FGSG_02461;FGSG_03061;FGSG_03894;FGSG_04588;FGSG_05368;FGSG_05610;FGSG_08774;FGSG_09012,1,uncharacterized protein,GO:0016021,3.0395820347279905,7,-0.418924904104204,1.07458287472911e-06,0,0.4977867203219316
FGSG_01855,8,0.4420558653550182,3.4341054253466017,FGSG_02323;FGSG_02324;FGSG_02325;FGSG_02326;FGSG_02327;FGSG_02328;FGSG_02329;FGSG_11326,2,uncharacterized protein,GO:0043248,3.0299550311871006,7,0.332899394184847,0.0235177283185287,0,0.49758551307847076
FGSG_00730,7,0.4483853694343112,3.0298613895241764,FGSG_02324;FGSG_02325;FGSG_02326;FGSG_02327;FGSG_02328;FGSG_02329;FGSG_11326,2,SYM1 protein,GO:0005743;GO:0006067;GO:0016021,3.0298613895241764,7,0.432507779837026,0.0003196540411516,0,0.49738430583501003
FGSG_10522,10,0.48054784530375655,4.319738496687958,FGSG_00743;FGSG_02272;FGSG_02461;FGSG_03061;FGSG_03894;FGSG_05610;FGSG_08774;FGSG_09012;FGSG_10922;FGSG_12180,1,uncharacterized protein,GO:0016021;GO:0055085,3.0277618910723225,7,-0.160132626242403,0.0111435169418961,0,0.4971830985915493
FGSG_09031,3,0.4242469021627979,1.2505962267659418,FGSG_02324;FGSG_03842;FGSG_13952,2,uncharacterized protein,GO:0008152;GO:0016758,1.2505962267659418,3,1.11766731591367,1.3630681209506698e-36,1,0.49691482226693495
FGSG_12956,3,0.41079220519073606,1.2193528278997938,FGSG_03546;FGSG_03548;FGSG_09280,1,uncharacterized protein,GO:0015986;GO:0045261;GO:0046933;GO:0046961,1.2193528278997938,3,-1.25320911976188,0.0006095160918778,1,0.4966465459423206
FGSG_07014,12,0.48400432638284013,5.172332380400384,FGSG_00743;FGSG_00765;FGSG_02272;FGSG_02461;FGSG_03061;FGSG_03894;FGSG_05368;FGSG_05610;FGSG_08493;FGSG_08774;FGSG_09012;FGSG_10922,1,uncharacterized protein,,3.0244601048773765,7,-0.472608086044066,6.29763839675023e-08,0,0.496579476861167
FGSG_01006,9,0.4770431523103888,3.88667141311228,FGSG_00743;FGSG_02272;FGSG_03061;FGSG_03894;FGSG_04589;FGSG_05610;FGSG_08774;FGSG_10922;FGSG_12180,1,uncharacterized protein,GO:0000329;GO:0005783;GO:0005794;GO:0008271;GO:0016021;GO:1902358,3.0192664955371002,7,-0.49344008388841,7.91636837691166e-06,0,0.49637826961770626
FGSG_11520,8,0.442808037280372,3.416368527284228,FGSG_02321;FGSG_02326;FGSG_02327;FGSG_02328;FGSG_02329;FGSG_08083;FGSG_11326;FGSG_13952,2,uncharacterized protein,GO:0003677;GO:0005634;GO:0006351;GO:0008270,3.015130084843463,7,0.718091727091019,0.0001061499198772,0,0.4959758551307847
FGSG_11012,8,0.4502066718501171,3.4201307387173023,FGSG_02321;FGSG_02325;FGSG_02326;FGSG_02327;FGSG_02328;FGSG_02329;FGSG_08083;FGSG_11326,2,uncharacterized protein,GO:0045735,3.014460209381529,7,0.903749968891209,2.02351716772139e-10,0,0.49577464788732395
FGSG_09313,8,0.4556241583216645,3.4680420995848924,FGSG_02271;FGSG_02272;FGSG_02461;FGSG_03061;FGSG_03894;FGSG_05610;FGSG_09012;FGSG_09456,1,uncharacterized protein,GO:0004842;GO:0005524;GO:0005737;GO:0042787;GO:0043161;GO:0045721,3.012417941263228,7,-0.928138791952621,1.3327592227955e-11,0,0.4953722334004024
FGSG_13562,3,0.4434123248452727,1.2718844798537456,FGSG_00765;FGSG_03894;FGSG_05610,1,uncharacterized protein,GO:0003333;GO:0015171;GO:0016021,0.8610627202850794,2,-1.33445672567795,4.48736301414793e-06,1,0.49517102615694164
FGSG_05705,4,0.4324814972661762,1.6800189962937675,FGSG_00743;FGSG_03894;FGSG_04589;FGSG_08601,1,uncharacterized protein,GO:0016021;GO:0055085,1.2621223887047064,3,-1.05946498322441,0.0327966540856255,1,0.4948356807511737
FGSG_08383,8,0.45634719491896397,3.4516087500945685,FGSG_02271;FGSG_02272;FGSG_02461;FGSG_03061;FGSG_03894;FGSG_05610;FGSG_09012;FGSG_09456,1,uncharacterized protein,GO:0005634,3.0045828199039675,7,-0.331224945054062,0.007502172431038,0,0.4943661971830986
FGSG_02335,12,0.4595900507010879,5.076358158215075,FGSG_00007;FGSG_01866;FGSG_02324;FGSG_02326;FGSG_02327;FGSG_02328;FGSG_03539;FGSG_03842;FGSG_03881;FGSG_08082;FGSG_08083;FGSG_13952,2,uncharacterized protein,,3.0045600611298235,7,0.324654898748777,0.0001180297698492,0,0.49416498993963787
FGSG_03447,10,0.452863489125,4.259067312843518,FGSG_00007;FGSG_01866;FGSG_02326;FGSG_02327;FGSG_02328;FGSG_02329;FGSG_03842;FGSG_03881;FGSG_08083;FGSG_13952,2,uncharacterized protein,GO:0016021;GO:0055085,3.0043632655113415,7,0.569129825810656,0.0472039324768706,0,0.493963782696177
FGSG_02809,2,0.4099202266750153,0.814306522639399,FGSG_02326;FGSG_02329,2,uncharacterized protein,,0.814306522639399,2,1.82647173540079,3.24182126884298e-31,1,0.4936955063715628
FGSG_00313,8,0.44602035332943096,3.4059089265407643,FGSG_02321;FGSG_02324;FGSG_02325;FGSG_02326;FGSG_02327;FGSG_02328;FGSG_02329;FGSG_11326,2,uncharacterized protein,GO:0000981;GO:0005634;GO:0006357;GO:0008270,3.0025088201351497,7,0.653882601540059,0.0003388602707074,0,0.49356136820925556
FGSG_10829,8,0.44328661708221473,3.403404863210204,FGSG_02321;FGSG_02326;FGSG_02327;FGSG_02328;FGSG_02329;FGSG_08083;FGSG_11326;FGSG_13952,2,uncharacterized protein,GO:0002181;GO:0005737;GO:0046872,3.0018614053284303,7,0.196837577906487,0.0197894863913653,0,0.4933601609657947
FGSG_07870,11,0.4536127421440257,4.676613554610665,FGSG_00007;FGSG_01866;FGSG_02326;FGSG_02327;FGSG_02328;FGSG_02329;FGSG_03539;FGSG_03842;FGSG_03881;FGSG_08083;FGSG_13952,2,uncharacterized protein,,3.0006110835336406,7,0.453347211129796,1.52513620048204e-05,0,0.493158953722334
FGSG_02415,13,0.4594485760787783,5.478114775671313,FGSG_00007;FGSG_01866;FGSG_02324;FGSG_02326;FGSG_02327;FGSG_02328;FGSG_03539;FGSG_03842;FGSG_03881;FGSG_08081;FGSG_08082;FGSG_08083;FGSG_13952,2,uncharacterized protein,GO:0016021,2.999292675960661,7,0.289589862834798,0.0054630446150276,0,0.49295774647887325
FGSG_11032,3,0.4082750642168885,1.2157116720311774,FGSG_02329;FGSG_08078;FGSG_12211,2,galactose oxidase precursor,GO:0005576;GO:0045480;GO:0046872;GO:0055114,0.8104533731314565,2,1.93591432148408,1.4874447704477e-29,1,0.4926894701542589
FGSG_04401,9,0.47319024522599795,3.867205883793137,FGSG_00743;FGSG_02272;FGSG_03061;FGSG_03894;FGSG_04589;FGSG_05610;FGSG_08774;FGSG_10922;FGSG_12180,1,uncharacterized protein,GO:0005840,2.9988012287521313,7,-0.404939817536924,0.0007090815067838,0,0.49235412474849094
FGSG_06572,13,0.47329701081122927,5.493116774128118,FGSG_00743;FGSG_00765;FGSG_02272;FGSG_02461;FGSG_02972;FGSG_03061;FGSG_03747;FGSG_03894;FGSG_05610;FGSG_08493;FGSG_08774;FGSG_10444;FGSG_10922,1,uncharacterized protein,GO:0004252;GO:0005618;GO:0006508;GO:0016021,2.995719311767529,7,-0.785709988530062,8.55672365323223e-26,0,0.49175050301810863
FGSG_10536,7,0.4408691875304097,2.9925442451039284,FGSG_02324;FGSG_02325;FGSG_02326;FGSG_02327;FGSG_02328;FGSG_02329;FGSG_11326,2,uncharacterized protein,GO:0000981;GO:0003677;GO:0005634;GO:0006351;GO:0006357;GO:0008270,2.9925442451039284,7,0.831417290276722,0.0002958996325649,0,0.4915492957746479
FGSG_05658,7,0.4455951647641568,2.9907209962794874,FGSG_00330;FGSG_03546;FGSG_03548;FGSG_04458;FGSG_04589;FGSG_08601;FGSG_10347,1,homoserine O-acetyltransferase,GO:0004414;GO:0005737;GO:0009086;GO:0009092,2.9907209962794874,7,-0.407358208815656,0.0051667060457621,0,0.49134808853118705
FGSG_03160,3,0.4061850730396233,1.2146944922822456,FGSG_02326;FGSG_02328;FGSG_02329,2,uncharacterized protein,GO:0008152;GO:0016829,1.2146944922822456,3,1.22813081491185,0.0306542464526734,1,0.49128101945003355
FGSG_09225,7,0.4349288424478755,2.9886453943695184,FGSG_02324;FGSG_02325;FGSG_02326;FGSG_02327;FGSG_02328;FGSG_02329;FGSG_11326,2,uncharacterized protein,GO:0000981;GO:0003677;GO:0005634;GO:0006351;GO:0006357;GO:0008270,2.9886453943695184,7,0.469051713189007,0.026315208779518,0,0.4911468812877263
FGSG_01249,7,0.44116438638199423,2.987625113556757,FGSG_02324;FGSG_02325;FGSG_02326;FGSG_02327;FGSG_02328;FGSG_02329;FGSG_11326,2,uncharacterized protein,GO:0005829,2.987625113556757,7,0.854290405413198,1.60481099565354e-09,0,0.4909456740442656
FGSG_10934,8,0.4446748487107604,3.3951929234298266,FGSG_02321;FGSG_02325;FGSG_02326;FGSG_02327;FGSG_02328;FGSG_02329;FGSG_08083;FGSG_11326,2,allantoinase,GO:0004038;GO:0006259;GO:0009442;GO:0016888;GO:0046872,2.9874880143012916,7,0.256866324130494,0.0021967869513139,0,0.49074446680080486
FGSG_05077,7,0.44051905076037856,2.9874755786455878,FGSG_02326;FGSG_02327;FGSG_02328;FGSG_02329;FGSG_08083;FGSG_11326;FGSG_13952,2,uncharacterized protein,GO:0003824;GO:0016021;GO:0030151;GO:0030170,2.9874755786455878,7,0.596715722719404,1.44769385448292e-05,0,0.490543259557344
FGSG_08437,13,0.4376365796413287,5.448764265969614,FGSG_01866;FGSG_02320;FGSG_02321;FGSG_02326;FGSG_02327;FGSG_02328;FGSG_02329;FGSG_03532;FGSG_03881;FGSG_08078;FGSG_08083;FGSG_10670;FGSG_12211,2,uncharacterized protein,,2.9854955857870547,7,0.926340158173688,2.6075683071076297e-26,0,0.4903420523138833
FGSG_02523,12,0.4576480567791611,5.059229878189783,FGSG_00007;FGSG_01866;FGSG_02326;FGSG_02327;FGSG_02328;FGSG_02329;FGSG_03532;FGSG_03539;FGSG_03842;FGSG_03881;FGSG_08083;FGSG_13952,2,uncharacterized protein,GO:0002181;GO:0005739;GO:0005829;GO:0005874;GO:0034599,2.9825056196061337,7,0.239947433048447,0.0002683962314595,0,0.49014084507042255
FGSG_07765,8,0.45156802919654304,3.392765367231654,FGSG_00007;FGSG_02324;FGSG_02326;FGSG_02327;FGSG_02328;FGSG_03842;FGSG_08083;FGSG_13952,2,uncharacterized protein,GO:0004497;GO:0005506;GO:0016021;GO:0016705;GO:0020037;GO:0055114,2.9821394943115305,7,0.768736530833023,1.0171503735233201e-15,0,0.48973843058350097
FGSG_03286,7,0.4469171673418667,2.9818556199240858,FGSG_00330;FGSG_03546;FGSG_03548;FGSG_04458;FGSG_04589;FGSG_08601;FGSG_10347,1,uncharacterized protein,GO:0006480;GO:0008168;GO:0016787,2.9818556199240858,7,-0.470070425827035,7.13526014308202e-06,0,0.48953722334004024
FGSG_01472,7,0.44746064343653014,2.9809781106574187,FGSG_00330;FGSG_03546;FGSG_03548;FGSG_04458;FGSG_04589;FGSG_08601;FGSG_10347,1,uncharacterized protein,,2.9809781106574187,7,-0.4693044900182,8.28674616280374e-05,0,0.4893360160965795
FGSG_13197,10,0.44607550546907787,4.208027060140886,FGSG_02320;FGSG_02321;FGSG_02323;FGSG_02325;FGSG_02326;FGSG_02327;FGSG_02328;FGSG_02329;FGSG_10670;FGSG_11326,2,uncharacterized protein,GO:0016021,2.9809740694205162,7,0.679961095194533,1.437600141875e-15,0,0.48913480885311866
FGSG_03262,14,0.45889087524978933,5.886564949973466,FGSG_00007;FGSG_01866;FGSG_02326;FGSG_02327;FGSG_02328;FGSG_02329;FGSG_03532;FGSG_03539;FGSG_03842;FGSG_03881;FGSG_07896;FGSG_08081;FGSG_08083;FGSG_13952,2,uncharacterized protein,GO:0010181;GO:0016491;GO:0055114,2.9809609582441774,7,0.583050375708773,0.0001027940509677,0,0.48893360160965793
FGSG_08876,9,0.46868549149790506,3.833886488766177,FGSG_00743;FGSG_02272;FGSG_03061;FGSG_03894;FGSG_04589;FGSG_05610;FGSG_08774;FGSG_10922;FGSG_12180,1,uncharacterized protein,GO:0005886;GO:0016021;GO:0032153,2.980595165478732,7,-0.442875334702928,0.0001682853037576,0,0.48853118712273647
FGSG_06542,7,0.43701108786833304,2.979809363077619,FGSG_02324;FGSG_02325;FGSG_02326;FGSG_02327;FGSG_02328;FGSG_02329;FGSG_11326,2,palmitoyltransferase AKR1,GO:0000139;GO:0008270;GO:0016021;GO:0019706;GO:0031901,2.979809363077619,7,0.249856514488284,0.0011622481073662,0,0.4883299798792756
FGSG_05275,13,0.47246074192100157,5.519695101317796,FGSG_00743;FGSG_00765;FGSG_01621;FGSG_02272;FGSG_02461;FGSG_03061;FGSG_03747;FGSG_03894;FGSG_05368;FGSG_05610;FGSG_08493;FGSG_08774;FGSG_10922,1,uncharacterized protein,,2.9793599832291418,7,-0.6527669644875,4.92094642960851e-11,0,0.4881287726358149
FGSG_11260,1,0.4084141775108618,0.4084141775108618,FGSG_02329,2,uncharacterized protein,GO:0016491;GO:0055114,0.4084141775108618,1,3.06255032730563,0.0013606943401561,1,0.4879946344735077
FGSG_04819,10,0.45641865952323635,4.234591498455988,FGSG_00007;FGSG_01866;FGSG_02326;FGSG_02327;FGSG_02328;FGSG_02329;FGSG_03842;FGSG_03881;FGSG_08083;FGSG_13952,2,uncharacterized protein,GO:0004061;GO:0019441,2.977278501107723,7,0.527426442651126,0.0173144237836704,0,0.4875251509054326
FGSG_04974,11,0.4526577768823188,4.649982685546346,FGSG_00007;FGSG_01866;FGSG_02326;FGSG_02327;FGSG_02328;FGSG_02329;FGSG_03539;FGSG_03842;FGSG_03881;FGSG_08083;FGSG_13952,2,uncharacterized protein,GO:0000981;GO:0003677;GO:0005634;GO:0006351;GO:0006357;GO:0008270,2.975760809743,7,0.75439836296905,6.55929086270951e-06,0,0.48732394366197185
FGSG_11483,7,0.4302067230708565,2.97545106627482,FGSG_02324;FGSG_02325;FGSG_02326;FGSG_02327;FGSG_02328;FGSG_02329;FGSG_11326,2,uncharacterized protein,,2.97545106627482,7,0.79319045692686,3.95646839436063e-05,0,0.487122736418511
FGSG_02410,7,0.4358100260086505,2.9735594502786062,FGSG_02324;FGSG_02325;FGSG_02326;FGSG_02327;FGSG_02328;FGSG_02329;FGSG_11326,2,uncharacterized protein,GO:0000981;GO:0005634;GO:0006357;GO:0008270,2.9735594502786062,7,0.763566771784478,0.0415060605464336,0,0.48672032193158954
FGSG_01874,9,0.44552382263590995,3.8108870697192856,FGSG_00743;FGSG_02272;FGSG_02461;FGSG_03061;FGSG_03894;FGSG_04458;FGSG_05610;FGSG_09012;FGSG_10347,1,uncharacterized protein,GO:0000011;GO:0006623;GO:0007035;GO:0033263,2.9727509136894485,7,-0.220265330117218,0.0824026593179243,0,0.48631790744466796
FGSG_02679,10,0.451807639548679,4.187120518770645,FGSG_00007;FGSG_02324;FGSG_02326;FGSG_02327;FGSG_02328;FGSG_03539;FGSG_03842;FGSG_08082;FGSG_08083;FGSG_13952,2,uncharacterized protein,GO:0016021,2.9714233856355476,7,0.684489039239162,0.0004633250584204,0,0.48611670020120723
FGSG_06908,8,0.4414112171716313,3.406356165423617,FGSG_02272;FGSG_02461;FGSG_03061;FGSG_03894;FGSG_05610;FGSG_09012;FGSG_09456;FGSG_09834,1,uncharacterized protein,GO:0005634;GO:0005829;GO:0016021,2.9707671335949937,7,-0.368599145165508,0.0016390714557257,0,0.4859154929577465
FGSG_00572,23,0.4553759763871256,9.698243690095305,FGSG_00007;FGSG_01866;FGSG_02326;FGSG_02327;FGSG_02328;FGSG_02329;FGSG_03532;FGSG_03534;FGSG_03535;FGSG_03537;FGSG_03539;FGSG_03541;FGSG_03543;FGSG_03842;FGSG_03881;FGSG_07896;FGSG_08079;FGSG_08081;FGSG_08082;FGSG_08083;FGSG_08084;FGSG_09064;FGSG_13952,2,uncharacterized protein,GO:0008643;GO:0016021;GO:0022891;GO:0055085,2.9700207165071366,7,0.868086203369489,1.66674001974535e-19,0,0.48571428571428565
FGSG_02080,10,0.4701288591501208,4.225621773222377,FGSG_00743;FGSG_02272;FGSG_02972;FGSG_03061;FGSG_03747;FGSG_03894;FGSG_05610;FGSG_08774;FGSG_10922;FGSG_12180,1,uncharacterized protein,GO:0000243;GO:0000398;GO:0005829;GO:0008270;GO:0016021;GO:0045131;GO:0055085;GO:0071004,2.964898024967692,7,-0.433252279832852,1.02571657311509e-07,0,0.4855130784708249
FGSG_08732,8,0.4572982100832185,3.412102095263995,FGSG_00743;FGSG_02272;FGSG_03061;FGSG_03894;FGSG_04589;FGSG_05610;FGSG_08712;FGSG_12180,1,uncharacterized protein,,2.963889863756876,7,-0.762296174726435,9.41672168002977e-06,0,0.4853118712273642
FGSG_06629,3,0.43428723380305295,1.2408405179169275,FGSG_00743;FGSG_03894;FGSG_10922,1,uncharacterized protein,,0.8390523616031238,2,-1.34755354409299,0.0342392873775002,1,0.4852448021462106
FGSG_03467,1,0.4035334117375049,0.4035334117375049,FGSG_02329,2,extracellular elastinolytic metalloproteinase precursor,GO:0004222;GO:0005615;GO:0006508;GO:0008270,0.4035334117375049,1,4.56932004188685,0.0021868302513965,1,0.48517773306505707
FGSG_07917,22,0.45566731237670116,9.319232418709095,FGSG_00007;FGSG_01866;FGSG_02326;FGSG_02327;FGSG_02328;FGSG_02329;FGSG_03532;FGSG_03534;FGSG_03535;FGSG_03539;FGSG_03541;FGSG_03543;FGSG_03842;FGSG_03881;FGSG_07896;FGSG_08079;FGSG_08081;FGSG_08082;FGSG_08083;FGSG_08084;FGSG_09064;FGSG_13952,2,uncharacterized protein,GO:0016021;GO:0055085,2.963717155378113,7,0.914509721273927,6.2600105073202e-25,0,0.48511066398390346
FGSG_10759,7,0.4463139615558295,2.8730481814171203,FGSG_00743;FGSG_00765;FGSG_01981;FGSG_03894;FGSG_05610;FGSG_08774;FGSG_10922,1,uncharacterized protein,,1.2497389789281383,3,-1.03116105315979,7.46092200141555e-09,1,0.48504359490274984
FGSG_10893,8,0.4620162303861288,3.4116256322113783,FGSG_00743;FGSG_02272;FGSG_03061;FGSG_03894;FGSG_04589;FGSG_05610;FGSG_10922;FGSG_12180,1,uncharacterized protein,GO:0005739;GO:0008453;GO:0019265,2.9616564886590577,7,-0.647381847059893,5.09172864868555e-07,0,0.4849094567404426
FGSG_03835,22,0.4489471523926071,9.271638405697859,FGSG_00007;FGSG_01866;FGSG_02326;FGSG_02327;FGSG_02328;FGSG_02329;FGSG_03532;FGSG_03535;FGSG_03539;FGSG_03541;FGSG_03543;FGSG_03842;FGSG_03881;FGSG_07896;FGSG_08077;FGSG_08079;FGSG_08081;FGSG_08082;FGSG_08083;FGSG_08084;FGSG_09064;FGSG_13952,2,uncharacterized protein,GO:0008168;GO:0032259,2.9615534642918067,7,0.618437691449012,6.5084407065975605e-15,0,0.4847082494969819
FGSG_01171,9,0.4415431003839742,3.782148502550476,FGSG_00007;FGSG_02326;FGSG_02327;FGSG_02328;FGSG_02329;FGSG_03842;FGSG_03881;FGSG_08083;FGSG_13952,2,uncharacterized protein,GO:0008270;GO:0016491;GO:0055114,2.961544926851217,7,0.590855375309453,0.0594021240037344,0,0.48450704225352115
FGSG_12430,2,0.4124669434077357,0.8185305732342405,FGSG_02326;FGSG_02329,2,uncharacterized protein,GO:0005525,0.8185305732342405,2,1.55034126714283,3.42795049289055e-06,1,0.48450704225352115
FGSG_09540,3,0.40486095398093114,1.2087882616530305,FGSG_03548;FGSG_09456;FGSG_09834,1,uncharacterized protein,,1.2087882616530305,3,-1.17619775076927,6.12086945355328e-13,1,0.48437290409121403
FGSG_12898,2,0.40211476895012777,0.8036588264670463,FGSG_09456;FGSG_09834,1,uncharacterized protein,,0.8036588264670463,2,-1.91930215922279,4.82575032556651e-06,1,0.4842387659289068
FGSG_01172,8,0.4462330361445213,3.367621279455261,FGSG_00007;FGSG_02324;FGSG_02326;FGSG_02327;FGSG_02328;FGSG_03842;FGSG_08083;FGSG_13952,2,uncharacterized protein,GO:0000981;GO:0005634;GO:0006357;GO:0008270;GO:0016021,2.958447739520005,7,0.438724296541713,0.0001196291500531,0,0.48390342052313884
FGSG_06635,8,0.44353347774072077,3.375507436633941,FGSG_02271;FGSG_02272;FGSG_02461;FGSG_03061;FGSG_03894;FGSG_05610;FGSG_09456;FGSG_09834,1,uncharacterized protein,GO:0005634;GO:0005739;GO:0034414;GO:0042781;GO:1990180,2.9566585408914157,7,-0.32388646624666,0.0143170392750127,0,0.483702213279678
FGSG_12690,7,0.4388369043486096,2.955439677542273,FGSG_02325;FGSG_02326;FGSG_02327;FGSG_02328;FGSG_02329;FGSG_08083;FGSG_11326,2,uncharacterized protein,,2.955439677542273,7,0.78295189316797,4.57804066072361e-07,0,0.48350100603621726
FGSG_02289,1,0.4029893198326414,0.4029893198326414,FGSG_02329,2,uncharacterized protein,GO:0006629;GO:0008081;GO:0016021,0.4029893198326414,1,4.38457141760342,6.588535597926051e-35,1,0.4824949698189135
FGSG_04016,7,0.4327165128314066,2.9495300343173314,FGSG_02324;FGSG_02325;FGSG_02326;FGSG_02327;FGSG_02328;FGSG_02329;FGSG_11326,2,uncharacterized protein,GO:0005634;GO:0005829;GO:0016787,2.9495300343173314,7,0.541284317705085,0.0077454411972733,0,0.4824949698189135
FGSG_00618,9,0.4293120027205796,3.698124151942833,FGSG_02329;FGSG_03532;FGSG_08077;FGSG_08078;FGSG_08079;FGSG_08084;FGSG_09064;FGSG_10206;FGSG_12211,2,uncharacterized protein,,1.2172440459780443,3,1.1314103779009,3.56675698732935e-13,1,0.48229376257545276
FGSG_01319,9,0.4664455470473969,3.8067786916699253,FGSG_00743;FGSG_02272;FGSG_03061;FGSG_03894;FGSG_04589;FGSG_05610;FGSG_08774;FGSG_10922;FGSG_12180,1,uncharacterized protein,GO:0046872,2.9491336900597043,7,-0.507715638394471,0.0211901721128919,0,0.48229376257545276
FGSG_04830,9,0.43909286537503195,3.7738061211835823,FGSG_00007;FGSG_02326;FGSG_02327;FGSG_02328;FGSG_02329;FGSG_03842;FGSG_03881;FGSG_08083;FGSG_13952,2,uncharacterized protein,GO:0000981;GO:0003677;GO:0005634;GO:0006351;GO:0006357;GO:0008270;GO:0016021,2.9485258204381433,7,0.427422663890265,0.0957155714743426,0,0.4820925553319919
FGSG_01494,7,0.43454092382194304,2.946775470886897,FGSG_02324;FGSG_02325;FGSG_02326;FGSG_02327;FGSG_02328;FGSG_02329;FGSG_11326,2,uncharacterized protein,,2.946775470886897,7,0.948210310825298,0.0007376324483054,0,0.4818913480885312
FGSG_09462,8,0.44102238356144197,3.347333729531617,FGSG_02324;FGSG_02325;FGSG_02326;FGSG_02327;FGSG_03842;FGSG_08082;FGSG_08083;FGSG_13952,2,uncharacterized protein,GO:0008270,2.944477134044622,7,0.577430325350538,3.17781037153993e-11,0,0.48169014084507045
FGSG_11892,7,0.43340611085674574,2.944055119295886,FGSG_00330;FGSG_03546;FGSG_03548;FGSG_04458;FGSG_08601;FGSG_09834;FGSG_10347,1,uncharacterized protein,GO:0016021;GO:0030001;GO:0046873;GO:0055085,2.944055119295886,7,-0.344749542809091,0.0791632984632661,0,0.4814889336016096
FGSG_04537,1,0.4014791588751677,0.4014791588751677,FGSG_02329,2,uncharacterized protein,GO:0016021;GO:0022891;GO:0055085,0.4014791588751677,1,5.73595323517487,5.58847812165029e-05,1,0.4814218645204561
FGSG_04313,11,0.4477413054751107,4.582739845333412,FGSG_00007;FGSG_01866;FGSG_02326;FGSG_02327;FGSG_02328;FGSG_02329;FGSG_03842;FGSG_03881;FGSG_08081;FGSG_08083;FGSG_13952,2,"1,4-alpha-glucan branching enzyme",GO:0003844;GO:0004553;GO:0005737;GO:0005978;GO:0043169,2.9436195678206265,7,0.283240024800784,0.0039449927659688,0,0.48128772635814887
FGSG_04234,8,0.4414527809292312,3.3700113118572057,FGSG_00743;FGSG_03894;FGSG_04458;FGSG_04589;FGSG_08601;FGSG_10347;FGSG_10922;FGSG_12180,1,uncharacterized protein,GO:0016021,2.940069517351211,7,-0.71947324099115,3.29767403431872e-12,0,0.4808853118712274
FGSG_02929,13,0.43580963708498177,5.367124062287058,FGSG_01866;FGSG_02320;FGSG_02321;FGSG_02326;FGSG_02327;FGSG_02328;FGSG_02329;FGSG_03543;FGSG_03881;FGSG_08078;FGSG_08083;FGSG_11326;FGSG_12211,2,uncharacterized protein,GO:0004497;GO:0005506;GO:0008168;GO:0016021;GO:0016705;GO:0020037;GO:0032259;GO:0055114,2.939695848019967,7,0.588324703467995,1.0851421713634e-14,0,0.48068410462776656
FGSG_01147,7,0.4344446354369287,2.938814491570261,FGSG_03546;FGSG_03548;FGSG_04458;FGSG_08601;FGSG_09456;FGSG_09834;FGSG_10347,1,uncharacterized protein,GO:0000981;GO:0005634;GO:0006357;GO:0008270,2.938814491570261,7,-0.31697072087336,0.0093376742574126,0,0.48048289738430583
FGSG_03985,7,0.43742758249071284,2.9387503978454,FGSG_00330;FGSG_03546;FGSG_03547;FGSG_03548;FGSG_04458;FGSG_08601;FGSG_10347,1,uncharacterized protein,GO:0000329;GO:0003333;GO:0005789;GO:0005887;GO:0006631;GO:0006970;GO:0015171;GO:0015203;GO:0015226;GO:1902047;GO:1902269;GO:1902274;GO:1902603,2.9387503978454,7,-0.879710351867363,0.0488325124311494,0,0.480281690140845
FGSG_09892,7,0.43825369457862845,2.9373992960723836,FGSG_00330;FGSG_03546;FGSG_03547;FGSG_03548;FGSG_04458;FGSG_08601;FGSG_10347,1,uncharacterized protein,GO:0005829;GO:0005847;GO:0006378;GO:0006379;GO:0008270;GO:0016567;GO:0036002,2.9373992960723836,7,-0.64934685815569,9.766760914266469e-11,0,0.48008048289738436
FGSG_06290,12,0.46791478058958513,5.017892382348776,FGSG_00743;FGSG_00765;FGSG_02272;FGSG_02461;FGSG_03061;FGSG_03747;FGSG_03894;FGSG_05610;FGSG_08493;FGSG_08774;FGSG_10444;FGSG_10922,1,serine hydroxymethyltransferase,GO:0004372;GO:0005737;GO:0006544;GO:0006563;GO:0008168;GO:0030170;GO:0032259;GO:0035999,2.936006503508478,7,-0.679241291912067,2.39438791622847e-16,0,0.4798792756539235
FGSG_10035,8,0.45392313802731776,3.3737275887838702,FGSG_00743;FGSG_02272;FGSG_03061;FGSG_03894;FGSG_04589;FGSG_05610;FGSG_10922;FGSG_12180,1,uncharacterized protein,GO:0000994;GO:0005730;GO:0005737;GO:0006351;GO:0008565;GO:0015031;GO:0016301;GO:0016310;GO:0016480;GO:0061587;GO:0070217,2.934154007578959,7,-0.276775494324565,0.0030187705286428,0,0.4796780684104628
FGSG_00799,8,0.4500353053612766,3.3671529034922836,FGSG_00743;FGSG_02272;FGSG_03061;FGSG_03894;FGSG_04589;FGSG_05610;FGSG_08712;FGSG_12180,1,uncharacterized protein,GO:0006260;GO:0006281;GO:0006310;GO:0017108;GO:0033557;GO:0090305,2.9263896685975497,7,-0.412479483457115,0.0125484905276112,0,0.47847082494969817
FGSG_06745,7,0.4271599121892162,2.923266165864586,FGSG_02324;FGSG_02326;FGSG_02327;FGSG_02328;FGSG_02329;FGSG_11326;FGSG_13952,2,uncharacterized protein,,2.923266165864586,7,0.337999152814245,0.0046250995068224,0,0.4780684104627767
FGSG_05930,8,0.440284869909066,3.3288926059898536,FGSG_02271;FGSG_02272;FGSG_02461;FGSG_03061;FGSG_03548;FGSG_07075;FGSG_09456;FGSG_09834,1,uncharacterized protein,GO:0003700;GO:0005634;GO:0006355;GO:0008017;GO:0043565,2.923024931639908,7,-0.62165483589794,2.24697813067915e-08,0,0.47786720321931586
FGSG_01769,7,0.42984545389544954,2.917256607930629,FGSG_02326;FGSG_02327;FGSG_02328;FGSG_02329;FGSG_08083;FGSG_11326;FGSG_13952,2,uncharacterized protein,,2.917256607930629,7,0.437583825636558,0.0593908928464773,0,0.4774647887323944
FGSG_06509,7,0.425240798931433,2.9163083441700746,FGSG_02324;FGSG_02325;FGSG_02326;FGSG_02327;FGSG_02328;FGSG_02329;FGSG_11326,2,PNS1 protein,GO:0005886;GO:0006810;GO:0016021,2.9163083441700746,7,0.444281074957045,0.0312830391783687,0,0.47726358148893355
FGSG_09135,8,0.4349625967348022,3.323158095745684,FGSG_02271;FGSG_02272;FGSG_02461;FGSG_03061;FGSG_05610;FGSG_07075;FGSG_09456;FGSG_09834,1,uncharacterized protein,GO:0035859;GO:0097042,2.913094313794234,7,-0.477923281247175,3.93228168237278e-05,0,0.4770623742454728
FGSG_11903,2,0.42601509967737194,0.8426503397033194,FGSG_03894;FGSG_10922,1,uncharacterized protein,GO:0004568;GO:0005975;GO:0006032,0.8426503397033194,2,-1.24391409072142,0.0391634525982726,1,0.47692823608316565
FGSG_07951,9,0.4529741727176931,3.7425325527571727,FGSG_00743;FGSG_02272;FGSG_03061;FGSG_03894;FGSG_04589;FGSG_05610;FGSG_08774;FGSG_10347;FGSG_12180,1,uncharacterized protein,GO:0005200;GO:0005828;GO:0008017;GO:0008608;GO:0030472;GO:0031116;GO:0042729;GO:0042802;GO:0051233;GO:0051987;GO:0072686,2.909064917907739,7,-0.32823599386689,0.0279033106344211,0,0.4768611670020121
FGSG_11698,4,0.41620828313613195,1.6321515164922136,FGSG_02271;FGSG_02272;FGSG_02461;FGSG_07075,1,ADP-ribose pyrophosphatase,GO:0005634;GO:0005739;GO:0005829;GO:0019693;GO:0047631,1.225465205389138,3,-1.04274074218078,3.10394306458655e-08,1,0.47665995975855135
FGSG_00812,7,0.4293441293010272,2.9073406461843554,FGSG_02324;FGSG_02325;FGSG_02326;FGSG_02327;FGSG_02328;FGSG_02329;FGSG_08083,2,uncharacterized protein,GO:0016021,2.9073406461843554,7,0.322386500788657,0.0124989497073642,0,0.47665995975855135
FGSG_13754,7,0.4285365198328247,2.901004922768224,FGSG_00330;FGSG_03546;FGSG_03548;FGSG_04458;FGSG_08601;FGSG_09834;FGSG_10347,1,uncharacterized protein,,2.901004922768224,7,-0.743856983190877,0.0687641567532655,0,0.47605633802816893
FGSG_04186,7,0.42383138879148524,2.900402939794311,FGSG_02324;FGSG_02325;FGSG_02326;FGSG_02327;FGSG_02328;FGSG_02329;FGSG_11326,2,uncharacterized protein,GO:0008374;GO:0044255,2.900402939794311,7,0.224522423295057,0.068144273783569,0,0.4758551307847083
FGSG_10861,8,0.423150125221066,3.317048299288015,FGSG_02271;FGSG_02272;FGSG_02461;FGSG_03061;FGSG_05610;FGSG_07075;FGSG_09456;FGSG_09834,1,uncharacterized protein,GO:0005634;GO:0005826;GO:0005829;GO:0005844;GO:0007533;GO:0008298;GO:0017022;GO:0034613;GO:1903475,2.899855684465067,7,-0.665681068129808,1.00161752708369e-10,0,0.47565392354124747
FGSG_05471,7,0.4359684833616825,2.8984882604047986,FGSG_02324;FGSG_02325;FGSG_02326;FGSG_02327;FGSG_02328;FGSG_02903;FGSG_11326,2,uncharacterized protein,GO:0004190;GO:0006508;GO:0016021,2.8984882604047986,7,0.79818918628161,5.1525210002317396e-33,0,0.47545271629778674
FGSG_06384,8,0.4273106977512673,3.300476209278471,FGSG_02271;FGSG_02272;FGSG_03061;FGSG_03295;FGSG_07075;FGSG_07528;FGSG_09456;FGSG_09834,1,uncharacterized protein,GO:0005829;GO:0006886;GO:0006888;GO:0008270;GO:0030127;GO:0070971,2.8981652483999505,7,-0.517419837061261,9.736057390261689e-12,0,0.4752515090543259
FGSG_12275,7,0.4222737695818608,2.8947098243229803,FGSG_02324;FGSG_02325;FGSG_02326;FGSG_02327;FGSG_02328;FGSG_02329;FGSG_11326,2,uncharacterized protein,GO:0000724;GO:0003688;GO:0005524;GO:0005656;GO:0005664;GO:0006267;GO:0006270;GO:0030466;GO:0031261;GO:0031297;GO:0031938,2.8947098243229803,7,0.665823071235542,0.0035119745225881,0,0.47505030181086516
FGSG_07031,8,0.42751956109166517,3.2938645239946607,FGSG_02271;FGSG_02272;FGSG_02461;FGSG_03061;FGSG_07075;FGSG_07528;FGSG_09456;FGSG_09834,1,uncharacterized protein,GO:0005634;GO:0005829;GO:0005975;GO:0006098;GO:0017057,2.8924883560479593,7,-0.905516377321559,4.18543829714087e-28,0,0.47484909456740443
FGSG_01387,7,0.4250307109733841,2.8903544188245176,FGSG_03546;FGSG_03548;FGSG_03894;FGSG_04458;FGSG_08601;FGSG_09834;FGSG_10347,1,uncharacterized protein,,2.8903544188245176,7,-0.251621268782243,0.0281819669313676,0,0.4746478873239437
FGSG_06959,7,0.4249730006968726,2.8901976773440143,FGSG_02324;FGSG_02325;FGSG_02326;FGSG_02327;FGSG_02328;FGSG_02329;FGSG_10670,2,serine/threonine-protein kinase 6,GO:0000281;GO:0000778;GO:0004674;GO:0005524;GO:0005828;GO:0007034;GO:0007094;GO:0008608;GO:0032133;GO:0032465;GO:0034501;GO:0034503;GO:0044774;GO:0045143;GO:0045144;GO:0051228;GO:0090232;GO:0098783;GO:1901925;GO:1990023;GO:2000775,2.8901976773440143,7,0.418730008003011,0.008333966199472,0,0.47444668008048285
FGSG_11686,7,0.42026020476385295,2.8864657498665376,FGSG_02324;FGSG_02325;FGSG_02326;FGSG_02327;FGSG_02328;FGSG_02329;FGSG_11326,2,uncharacterized protein,GO:0000981;GO:0005634;GO:0006357;GO:0008270,2.8864657498665376,7,0.951472246001288,2.40192931852619e-07,0,0.47384305835010054
FGSG_06012,7,0.43053690381005816,2.8831359845007936,FGSG_02324;FGSG_02325;FGSG_02326;FGSG_02327;FGSG_02328;FGSG_03842;FGSG_11326,2,uncharacterized protein,GO:0005325;GO:0005524;GO:0005779;GO:0006635;GO:0015910;GO:0042626;GO:0042758;GO:0042760;GO:1902001,2.8831359845007936,7,0.521896395605621,2.72983219133513e-05,0,0.4736418511066398
FGSG_02699,7,0.4227304779004462,2.8818531006396553,FGSG_03546;FGSG_03548;FGSG_03894;FGSG_04458;FGSG_04589;FGSG_08601;FGSG_10347,1,uncharacterized protein,GO:0016021,2.8818531006396553,7,-0.325586370397314,0.0001420529128303,0,0.4734406438631791
FGSG_01356,8,0.4190286923259016,3.298219659395812,FGSG_02272;FGSG_02461;FGSG_03061;FGSG_03894;FGSG_05610;FGSG_09012;FGSG_09456;FGSG_09834,1,acetate non-utilizing protein 9,GO:0005758;GO:0005759;GO:0006094;GO:0006111;GO:0009055;GO:0015976;GO:0016491;GO:0030151;GO:0030170;GO:0051537;GO:0055114,2.8815651211024327,7,-0.441924996716973,0.0034040054054292,0,0.47323943661971835
FGSG_05197,7,0.4263092597955228,2.8761649784615586,FGSG_00330;FGSG_03546;FGSG_03548;FGSG_03992;FGSG_04458;FGSG_09834;FGSG_10347,1,uncharacterized protein,GO:0008137;GO:0009055;GO:0016020;GO:0042773;GO:0051536,2.8761649784615586,7,-0.446262079310386,6.8081536266369e-05,0,0.47283702213279677
FGSG_09611,7,0.42093174307985076,2.8756358363557597,FGSG_03546;FGSG_03548;FGSG_03894;FGSG_04458;FGSG_04589;FGSG_08601;FGSG_10347,1,uncharacterized protein,GO:0005524;GO:0016021;GO:0042626;GO:0055085,2.8756358363557597,7,-0.317452661147093,0.0091432788337883,0,0.47263581488933604
FGSG_09430,8,0.427051058827397,3.2868672779710835,FGSG_02272;FGSG_02461;FGSG_03061;FGSG_03894;FGSG_05610;FGSG_09012;FGSG_09456;FGSG_09834,1,uncharacterized protein,GO:0015078;GO:0015986;GO:0016021;GO:0045263,2.873449084069065,7,-0.605832734342139,8.14272432789836e-06,0,0.4724346076458753
FGSG_04675,7,0.412091458507881,2.86538969023135,FGSG_02324;FGSG_02325;FGSG_02326;FGSG_02327;FGSG_02328;FGSG_02329;FGSG_11326,2,uncharacterized protein,GO:0008168;GO:0032259,2.86538969023135,7,0.77157105907641,0.0479569944279833,0,0.47203219315895373
FGSG_07285,7,0.41423704010080115,2.8537494717625367,FGSG_03546;FGSG_03548;FGSG_03894;FGSG_04458;FGSG_08601;FGSG_09012;FGSG_09834,1,uncharacterized protein,GO:0003735;GO:0005762;GO:0032543,2.8537494717625367,7,-0.279487764054134,0.0079435738052259,0,0.4718309859154929
FGSG_05741,7,0.41507139518246866,2.849677789099871,FGSG_02324;FGSG_02325;FGSG_02326;FGSG_02327;FGSG_02328;FGSG_02329;FGSG_11326,2,uncharacterized protein,,2.849677789099871,7,0.791645284260994,1.27320912487388e-08,0,0.4714285714285714
FGSG_12732,7,0.41464373440297575,2.845678023901424,FGSG_02324;FGSG_02325;FGSG_02326;FGSG_02327;FGSG_02328;FGSG_02329;FGSG_11326,2,uncharacterized protein,,2.845678023901424,7,0.868728291853692,0.0322514706101111,0,0.4712273641851107
FGSG_01206,10,0.49752265937613926,4.566035074943376,FGSG_00743;FGSG_01422;FGSG_02272;FGSG_02461;FGSG_03061;FGSG_03894;FGSG_05610;FGSG_08712;FGSG_08774;FGSG_09012,1,uncharacterized protein,,2.782805674318732,6,-0.681261773399358,8.69088424827219e-08,0,0.47102615694164984
FGSG_00853,10,0.4974506576962015,4.545231622636451,FGSG_00743;FGSG_01422;FGSG_02272;FGSG_02461;FGSG_03061;FGSG_03894;FGSG_05610;FGSG_08712;FGSG_08774;FGSG_09012,1,uncharacterized protein,,2.762933579094848,6,-0.860255717837431,2.9680169269228104e-09,0,0.4708249496981891
FGSG_08102,1,0.40485890557743687,0.40485890557743687,FGSG_02329,2,uncharacterized protein,GO:0004252;GO:0006508,0.40485890557743687,1,2.71161223184876,6.306497270003661e-20,1,0.4707578806170356
FGSG_03502,10,0.4842660750385328,4.448417125158052,FGSG_00743;FGSG_01422;FGSG_02272;FGSG_02461;FGSG_03061;FGSG_03894;FGSG_04458;FGSG_05610;FGSG_08774;FGSG_09012,1,uncharacterized protein,GO:0005198;GO:0016021,2.7106262374760353,6,-0.502058268524478,6.44396412209097e-05,0,0.4706237424547284
FGSG_09512,10,0.49429591038621074,4.444797379316332,FGSG_00743;FGSG_01422;FGSG_02272;FGSG_02461;FGSG_03061;FGSG_03894;FGSG_05610;FGSG_08774;FGSG_09012;FGSG_12180,1,branched-chain-amino-acid aminotransferase,GO:0009082;GO:0052654;GO:0052655;GO:0052656,2.7020525830651962,6,-0.668171167869614,4.97952659635321e-07,0,0.47042253521126765
FGSG_02501,9,0.4926805603396961,4.0303959109390695,FGSG_00743;FGSG_02272;FGSG_02461;FGSG_03061;FGSG_03894;FGSG_05610;FGSG_08774;FGSG_09012;FGSG_12180,1,transcriptional repressor rco-1,GO:0000433;GO:0001191;GO:0001198;GO:0007070;GO:0016584;GO:0017053;GO:0035955;GO:0036033;GO:0042393;GO:0042826;GO:0043130;GO:0043486;GO:0061392;GO:0061418;GO:0080025;GO:2000531;GO:2001020,2.6965034697906516,6,-0.36441511665204,0.0001311215915492,0,0.4702213279678068
FGSG_08563,10,0.4755292054871533,4.4053059988626355,FGSG_00743;FGSG_01422;FGSG_02272;FGSG_02461;FGSG_03061;FGSG_03894;FGSG_05610;FGSG_08712;FGSG_08774;FGSG_09012,1,uncharacterized protein,,2.693758799015555,6,-0.57017431733516,0.0081259212895205,0,0.47002012072434607
FGSG_00471,10,0.4743012302695664,4.405574314549694,FGSG_00743;FGSG_01422;FGSG_02272;FGSG_02461;FGSG_03061;FGSG_03894;FGSG_05610;FGSG_08774;FGSG_09012;FGSG_09456,1,uncharacterized protein,,2.69188216566645,6,-0.52860019501131,4.10348511514991e-06,0,0.46981891348088534
FGSG_01064,10,0.4762894563879891,4.41558714691922,FGSG_00743;FGSG_00765;FGSG_02272;FGSG_02461;FGSG_03061;FGSG_03894;FGSG_05610;FGSG_08774;FGSG_09012;FGSG_13136,1,uncharacterized protein,GO:0005794;GO:0006882;GO:0016021,2.6914070753843458,6,-0.849184160347863,1.5112139813846e-15,0,0.4696177062374245
FGSG_04923,10,0.46959175457008684,4.3998474394558045,FGSG_00743;FGSG_01422;FGSG_02272;FGSG_02461;FGSG_03061;FGSG_03894;FGSG_05610;FGSG_08774;FGSG_09012;FGSG_09456,1,uncharacterized protein,GO:0016021,2.6799939890719227,6,-0.519968048961609,3.21184046838208e-05,0,0.469215291750503
FGSG_05171,10,0.4732299520889069,4.386948774129667,FGSG_00743;FGSG_00765;FGSG_02272;FGSG_02461;FGSG_03061;FGSG_03894;FGSG_05610;FGSG_08774;FGSG_09012;FGSG_13136,1,uncharacterized protein,GO:0003700;GO:0006355;GO:0043565,2.6720831990135405,6,-0.548816145829755,3.7412667539166194e-12,0,0.46881287726358145
FGSG_01375,9,0.48921950160574507,3.988052424401012,FGSG_00743;FGSG_02272;FGSG_02461;FGSG_03061;FGSG_03894;FGSG_05610;FGSG_08774;FGSG_09012;FGSG_12180,1,uncharacterized protein,GO:0005215;GO:0005743;GO:0006783;GO:0006810;GO:0016021;GO:0017119,2.671759570020218,6,-0.610394655573251,2.80488543364865e-05,0,0.4686116700201207
FGSG_09410,11,0.4854439831026251,4.792622526891121,FGSG_00743;FGSG_00765;FGSG_01422;FGSG_02272;FGSG_02461;FGSG_03061;FGSG_03894;FGSG_05610;FGSG_08712;FGSG_08774;FGSG_09012,1,uncharacterized protein,GO:0003676;GO:0046872,2.6595516211518233,6,-0.920694162826407,5.98150489749194e-08,0,0.4680080482897384
FGSG_06051,10,0.46353576093415316,4.329329743794597,FGSG_00743;FGSG_02272;FGSG_02461;FGSG_03061;FGSG_03894;FGSG_04309;FGSG_05610;FGSG_08774;FGSG_09012;FGSG_13136,1,"alpha,alpha-trehalose-phosphate synthase",GO:0003825;GO:0005829;GO:0005946;GO:0030437;GO:0034599;GO:0090441,2.6403920893593678,6,-0.867414906807218,2.84474151305567e-26,0,0.46720321931589537
FGSG_10373,8,0.4613271960933805,3.485965154749257,FGSG_02271;FGSG_02272;FGSG_02461;FGSG_03061;FGSG_03894;FGSG_05610;FGSG_08774;FGSG_09012,1,uncharacterized protein,GO:0005789;GO:0016021,2.618514718762329,6,-0.546523315632751,1.6009756678859202e-10,0,0.4668008048289738
FGSG_01468,8,0.4557656427108049,3.4693059278182847,FGSG_00743;FGSG_02271;FGSG_02272;FGSG_02461;FGSG_03061;FGSG_03894;FGSG_05610;FGSG_13136,1,uncharacterized protein,,2.614459636075196,6,-0.705840585269655,0.0235576526121588,0,0.46659959758551306
FGSG_06825,7,0.4570026677004236,3.0705923114759917,FGSG_02272;FGSG_02461;FGSG_03061;FGSG_03894;FGSG_05610;FGSG_09012;FGSG_09456,1,uncharacterized protein,GO:0000226;GO:0005524;GO:0005634;GO:0006457;GO:0009408;GO:0031072;GO:0046872;GO:0051082;GO:1900035,2.613589643775568,6,-0.748977076641923,2.2780618085364101e-10,0,0.4663983903420523
FGSG_02926,11,0.47332330518859284,4.764679405037542,FGSG_00743;FGSG_00765;FGSG_01621;FGSG_02272;FGSG_02461;FGSG_03061;FGSG_03894;FGSG_05368;FGSG_05610;FGSG_08774;FGSG_13136,1,uncharacterized protein,GO:0016021,2.6130438293064957,6,-0.805869423617876,1.89974457051195e-25,0,0.4661971830985916
FGSG_02817,2,0.4106259429359385,0.8153864193392433,FGSG_02326;FGSG_02329,2,uncharacterized protein,,0.8153864193392433,2,1.33564717757267,2.17210571043159e-09,1,0.46592890677397725
FGSG_12797,4,0.4407790535228307,1.6574430278204668,FGSG_00765;FGSG_03894;FGSG_05610;FGSG_08774,1,uncharacterized protein,,0.8418082037520452,2,-1.13825588973453,0.0002202205726838,1,0.4657947686116701
FGSG_04512,2,0.40608264163024516,0.8094590278973268,FGSG_02324;FGSG_02903,2,uncharacterized protein,GO:0005524;GO:0016021;GO:0016787;GO:0046872,0.8094590278973268,2,1.45949948702375,3.12395700114999e-101,1,0.4655935613682093
FGSG_12373,7,0.4537679983736544,3.0542573738141856,FGSG_02271;FGSG_02272;FGSG_02461;FGSG_03061;FGSG_03894;FGSG_05610;FGSG_13136,1,uncharacterized protein,GO:0016491;GO:0055114,2.6069886524497035,6,-0.495396089723289,2.07284636275223e-05,0,0.4655935613682093
FGSG_04081,15,0.45182517809880846,6.320326136255442,FGSG_00007;FGSG_01866;FGSG_02321;FGSG_02326;FGSG_02327;FGSG_02328;FGSG_02329;FGSG_03532;FGSG_03539;FGSG_03881;FGSG_08081;FGSG_08082;FGSG_08083;FGSG_08084;FGSG_13952,2,uncharacterized protein,GO:0008080,2.6041878450592506,6,0.405132477796197,2.43895832423803e-06,0,0.46539235412474844
FGSG_07710,1,0.40262747695040096,0.40262747695040096,FGSG_02324,2,uncharacterized protein,,0.40262747695040096,1,2.85415873882905,0.0001988787476771,1,0.4651911468812877
FGSG_12199,10,0.4709879184691208,4.298489717628354,FGSG_00743;FGSG_02972;FGSG_03747;FGSG_03894;FGSG_05610;FGSG_08493;FGSG_08774;FGSG_10444;FGSG_10922;FGSG_12180,1,uncharacterized protein,GO:0016301;GO:0016310,2.5954796033329095,6,-0.579571934383296,2.63339012931728e-10,0,0.4651911468812877
FGSG_13137,3,0.4090606968723359,1.2139142248692272,FGSG_02326;FGSG_02328;FGSG_02329,2,uncharacterized protein,GO:0005743;GO:0006099;GO:0008177;GO:0022900;GO:0035091;GO:0050660,1.2139142248692272,3,1.01376611703665,1.7191888725648998e-50,1,0.4650570087189806
FGSG_09568,7,0.4512309024886326,3.0391632648682356,FGSG_02271;FGSG_02272;FGSG_02461;FGSG_03061;FGSG_03894;FGSG_05610;FGSG_13136,1,uncharacterized protein,GO:0016021;GO:0055085,2.594597086259163,6,-0.423420383546038,0.01049555016916,0,0.464989939637827
FGSG_08644,9,0.4706976226401817,3.8543221542108586,FGSG_00743;FGSG_02272;FGSG_02461;FGSG_03061;FGSG_03894;FGSG_05610;FGSG_08774;FGSG_10922;FGSG_12180,1,uncharacterized protein,GO:0002181;GO:0005524;GO:0005737;GO:0005844;GO:0006364;GO:0006450;GO:0051082,2.592821474861958,6,-0.294524411231429,0.0036605534450693,0,0.46478873239436624
FGSG_11824,12,0.4429465202722539,5.02753565929389,FGSG_00007;FGSG_01866;FGSG_02321;FGSG_02326;FGSG_02327;FGSG_02328;FGSG_02329;FGSG_03532;FGSG_03543;FGSG_03881;FGSG_08083;FGSG_13952,2,uncharacterized protein,GO:0004177;GO:0006508;GO:0008236,2.592253298782072,6,0.63114615412368,5.97103034275958e-07,0,0.4645875251509054
FGSG_01693,9,0.4801141761121291,3.874638313744123,FGSG_00743;FGSG_02272;FGSG_02461;FGSG_03061;FGSG_03894;FGSG_05610;FGSG_08774;FGSG_10922;FGSG_12180,1,uncharacterized protein,GO:0003824;GO:0008152,2.591169974814522,6,-0.91148651686672,0.0008810899880624,0,0.4641851106639838
FGSG_01702,7,0.4504560705468735,3.02166417576327,FGSG_02271;FGSG_02272;FGSG_02461;FGSG_03061;FGSG_03894;FGSG_05610;FGSG_13136,1,uncharacterized protein,,2.5881408806312147,6,-0.533129504898349,3.7184038232305104e-09,0,0.4635814889336016
FGSG_02455,9,0.47734150023555577,3.869106042585893,FGSG_00743;FGSG_02272;FGSG_02461;FGSG_03061;FGSG_03894;FGSG_05610;FGSG_08774;FGSG_10922;FGSG_12180,1,uncharacterized protein,GO:0005742;GO:0005743;GO:0005758;GO:0006457;GO:0016021;GO:0016491;GO:0045041;GO:0051537;GO:0055114,2.5881197596024568,6,-0.492342888664416,0.0005682109615149,0,0.4633802816901408
FGSG_04949,6,0.44172955634788647,2.5782460460926067,FGSG_02326;FGSG_02327;FGSG_02328;FGSG_02329;FGSG_08083;FGSG_11326,2,uncharacterized protein,GO:0016021,2.5782460460926067,6,0.689711250222754,2.95399804691955e-10,0,0.4627766599597586
FGSG_05822,2,0.41982285638162,0.8234046342065473,FGSG_09456;FGSG_09834,1,uncharacterized protein,GO:0005829;GO:0006541;GO:0016740,0.8234046342065473,2,-1.20696264761387,2.12259324548553e-16,1,0.46264252179745136
FGSG_11478,11,0.4466876343672028,4.624442615369873,FGSG_00007;FGSG_01866;FGSG_02326;FGSG_02327;FGSG_02328;FGSG_02329;FGSG_03539;FGSG_03543;FGSG_03881;FGSG_08083;FGSG_13952,2,uncharacterized protein,GO:0008168;GO:0032259,2.5779067597096907,6,0.613887942065907,4.36061784361442e-05,0,0.46257545271629774
FGSG_10026,12,0.45304152488109845,5.060770759901356,FGSG_00007;FGSG_01866;FGSG_02326;FGSG_02327;FGSG_02328;FGSG_03539;FGSG_03842;FGSG_03881;FGSG_08081;FGSG_08082;FGSG_08083;FGSG_13952,2,uncharacterized protein,GO:0016491;GO:0055114,2.5773557437467414,6,0.282299995397061,0.0870253159703001,0,0.4621730382293763
FGSG_07208,1,0.4083242076589364,0.4083242076589364,FGSG_10206,2,uncharacterized protein,GO:0016021,0.4083242076589364,1,1.99300915150939,1.29343185830438e-156,1,0.4621059691482227
FGSG_11449,7,0.44078977974133876,2.983626134839776,FGSG_01866;FGSG_02326;FGSG_02327;FGSG_02328;FGSG_02329;FGSG_08083;FGSG_13952,2,uncharacterized protein,GO:0016021,2.577237004333426,6,0.904683030744785,0.0046546525408436,0,0.46197183098591543
FGSG_04958,6,0.4387386233785206,2.568238246135519,FGSG_02326;FGSG_02327;FGSG_02328;FGSG_02329;FGSG_08083;FGSG_13952,2,uncharacterized protein,GO:0006508;GO:0008239,2.568238246135519,6,0.545308993319903,0.0009376102755359,0,0.4611670020120724
FGSG_10738,6,0.44012954364465146,2.5626518696058405,FGSG_02326;FGSG_02327;FGSG_02328;FGSG_02329;FGSG_08083;FGSG_11326,2,26S proteasome regulatory subunit rpn-8,GO:0005635;GO:0008541;GO:0034515;GO:1990023,2.5626518696058405,6,0.298155862317877,0.0003979098519824,0,0.4607645875251509
FGSG_08396,11,0.4393046587010968,4.584275991143482,FGSG_01866;FGSG_02320;FGSG_02321;FGSG_02326;FGSG_02327;FGSG_02328;FGSG_02329;FGSG_03543;FGSG_03881;FGSG_08083;FGSG_11326,2,uncharacterized protein,GO:0005975;GO:0006044;GO:0008448,2.5624247489290917,6,0.886837492374073,7.718635324582019e-16,0,0.4605633802816902
FGSG_05776,10,0.45265403104114227,4.209333002894968,FGSG_00007;FGSG_01866;FGSG_02326;FGSG_02327;FGSG_02328;FGSG_02329;FGSG_03532;FGSG_03881;FGSG_08083;FGSG_13952,2,uncharacterized protein,,2.55789996652248,6,0.622261613805127,2.76768445291076e-05,0,0.46036217303822935
FGSG_09781,7,0.44229063438251315,2.9958285665807405,FGSG_02271;FGSG_02272;FGSG_02461;FGSG_03061;FGSG_05610;FGSG_07075;FGSG_09456,1,uncharacterized protein,GO:0005739;GO:0016874,2.557245299823564,6,-0.73778508817988,2.89037053921463e-05,0,0.4601609657947686
FGSG_10426,8,0.4666197269561721,3.4011685849484032,FGSG_00743;FGSG_02272;FGSG_03061;FGSG_03894;FGSG_05610;FGSG_08774;FGSG_10922;FGSG_12180,1,uncharacterized protein,GO:0016614;GO:0016746;GO:0050660;GO:0055114,2.55119121001402,6,-0.433843088973413,0.0002169720598977,0,0.4595573440643863
FGSG_04975,11,0.4470146377382965,4.5848131600369415,FGSG_00007;FGSG_01866;FGSG_02326;FGSG_02327;FGSG_02328;FGSG_02329;FGSG_03532;FGSG_03881;FGSG_08081;FGSG_08083;FGSG_13952,2,uncharacterized protein,,2.5477123628545497,6,0.859448579173147,5.10080093396789e-08,0,0.45915492957746473
FGSG_01122,6,0.43603302888992856,2.5464171014682795,FGSG_02324;FGSG_02326;FGSG_02327;FGSG_02328;FGSG_02329;FGSG_11326,2,uncharacterized protein,,2.5464171014682795,6,0.682764943851852,3.24447174987838e-06,0,0.458953722334004
FGSG_02133,9,0.44255164536336034,3.774085596539366,FGSG_00007;FGSG_01866;FGSG_02326;FGSG_02327;FGSG_02328;FGSG_02329;FGSG_03881;FGSG_08083;FGSG_13952,2,uncharacterized protein,GO:0005576;GO:0016998;GO:0030600,2.546005883880191,6,0.719247818600117,2.96319533153615e-05,0,0.45875251509054327
FGSG_02138,7,0.44781109887053416,2.96775820645929,FGSG_00743;FGSG_02272;FGSG_03061;FGSG_03894;FGSG_04458;FGSG_05610;FGSG_08712,1,uncharacterized protein,GO:0004497;GO:0005506;GO:0016705;GO:0020037;GO:0055114,2.543308571664731,6,-0.899286328697535,0.0606953734412791,0,0.4579476861167002
FGSG_12001,7,0.44178019690157105,2.984132671088009,FGSG_02271;FGSG_02272;FGSG_02461;FGSG_03061;FGSG_03894;FGSG_05610;FGSG_13136,1,uncharacterized protein,,2.543112677974717,6,-0.93740625484578,1.98510385364301e-05,0,0.4577464788732394
FGSG_13709,9,0.46949558331849717,3.7988292876400505,FGSG_00743;FGSG_02972;FGSG_03747;FGSG_03894;FGSG_05610;FGSG_08774;FGSG_10444;FGSG_10922;FGSG_12180,1,uncharacterized protein,GO:0016301;GO:0016310,2.542680587811695,6,-0.948192863678628,7.71886535988082e-05,0,0.45754527162977865
FGSG_09920,7,0.44018442680242464,2.9625882434683555,FGSG_02271;FGSG_02272;FGSG_02461;FGSG_03061;FGSG_03894;FGSG_05610;FGSG_13136,1,uncharacterized protein,GO:0005739;GO:0005811;GO:0008889;GO:0016021;GO:0034478;GO:0034479,2.541805522621144,6,-0.312050270491607,0.0010909073559302,0,0.4573440643863179
FGSG_00686,8,0.46759002284620593,3.3879630324128738,FGSG_00743;FGSG_02272;FGSG_03061;FGSG_03894;FGSG_05610;FGSG_08774;FGSG_10922;FGSG_12180,1,uncharacterized protein,GO:0030061;GO:0042407;GO:0044284;GO:0045041;GO:0061617,2.541076477178468,6,-0.372369613500752,0.0001294451559275,0,0.4571428571428572
FGSG_08023,7,0.43467701859414976,2.951688195101784,FGSG_01866;FGSG_02326;FGSG_02327;FGSG_02328;FGSG_02329;FGSG_08083;FGSG_13952,2,uncharacterized protein,GO:0004497;GO:0005506;GO:0016021;GO:0016705;GO:0020037;GO:0055114,2.539848057307612,6,0.537339044740238,1.05323076423884e-07,0,0.45694164989939634
FGSG_06991,10,0.4514060903914889,4.202797890647581,FGSG_00007;FGSG_01866;FGSG_02326;FGSG_02327;FGSG_02328;FGSG_02329;FGSG_03532;FGSG_03881;FGSG_08083;FGSG_13952,2,uncharacterized protein,GO:0008270;GO:0016491;GO:0055114,2.539292073496969,6,0.528649750306406,0.0007995157654175,0,0.45653923541247476
FGSG_02072,6,0.43384148972017206,2.538085807020905,FGSG_02326;FGSG_02327;FGSG_02328;FGSG_02329;FGSG_08083;FGSG_11326,2,uncharacterized protein,GO:0003951;GO:0005759;GO:0006741;GO:0016310;GO:0019674;GO:0034599;GO:0042736,2.538085807020905,6,0.608565319636298,0.0017378509635887,0,0.45633802816901414
FGSG_12039,11,0.4725879350730656,4.633636488655941,FGSG_00743;FGSG_00765;FGSG_02272;FGSG_02461;FGSG_03061;FGSG_03894;FGSG_05368;FGSG_05610;FGSG_08493;FGSG_08774;FGSG_10922,1,chitin synthase 6,GO:0003677;GO:0003774;GO:0005524;GO:0016021;GO:0016459;GO:0016758,2.5378876614178516,6,-0.566186752107173,6.01360751601392e-11,0,0.4561368209255533
FGSG_03484,8,0.4358215788271083,3.345112406755531,FGSG_00007;FGSG_01866;FGSG_02326;FGSG_02327;FGSG_02328;FGSG_02329;FGSG_08083;FGSG_13952,2,uncharacterized protein,,2.537342569841963,6,0.646259062223207,0.0358167602757328,0,0.45593561368209257
FGSG_04461,9,0.4707636388286346,3.796954046371321,FGSG_00743;FGSG_02272;FGSG_02461;FGSG_03061;FGSG_03894;FGSG_05610;FGSG_08774;FGSG_09012;FGSG_10922,1,uncharacterized protein,GO:0016021,2.536842605229098,6,-0.636162071647028,0.0210045707783154,0,0.455533199195171
FGSG_07888,9,0.44765677761999534,3.7650472861188833,FGSG_00007;FGSG_01866;FGSG_02326;FGSG_02327;FGSG_02328;FGSG_02329;FGSG_03881;FGSG_08083;FGSG_13952,2,uncharacterized protein,GO:0008152;GO:0016407,2.535972503693975,6,0.358531099150956,0.111553218622673,0,0.45533199195171026
FGSG_07573,8,0.43897747640411205,3.350258681758557,FGSG_01866;FGSG_02321;FGSG_02326;FGSG_02327;FGSG_02328;FGSG_02329;FGSG_08083;FGSG_13952,2,GTP-binding protein ypt3,GO:0005525;GO:0005622;GO:0007264,2.535584483919192,6,0.407437696052166,0.0006353218770057,0,0.4551307847082495
FGSG_10318,6,0.4314482673961574,2.5320521297734575,FGSG_02324;FGSG_02326;FGSG_02327;FGSG_02328;FGSG_02329;FGSG_11326,2,uncharacterized protein,GO:0000981;GO:0005634;GO:0006357;GO:0008270;GO:0016884,2.5320521297734575,6,0.338243751477524,0.0726432961710696,0,0.45472837022132795
FGSG_02420,6,0.4398369983772955,2.528152995821875,FGSG_00330;FGSG_03546;FGSG_03548;FGSG_04458;FGSG_08601;FGSG_10347,1,uncharacterized protein,GO:0008168;GO:0032259,2.528152995821875,6,-0.278290600767641,0.0032796228608016,0,0.45412474849094564
FGSG_03711,6,0.4261773822591048,2.5237730800452076,FGSG_02326;FGSG_02327;FGSG_02328;FGSG_02329;FGSG_08083;FGSG_13952,2,quinate permease,GO:0016021;GO:0022891;GO:0055085,2.5237730800452076,6,0.484691874077175,0.127774474045022,0,0.4539235412474849
FGSG_05659,7,0.43811066138028415,2.937801004935041,FGSG_00743;FGSG_03894;FGSG_04458;FGSG_04589;FGSG_08601;FGSG_10347;FGSG_12180,1,uncharacterized protein,GO:0005315;GO:0006817;GO:0016021;GO:0055085,2.5235752104004323,6,-0.404093608283169,5.60689572824574e-05,0,0.4537223340040242
FGSG_12335,6,0.43475859226892155,2.5210702682084882,FGSG_02324;FGSG_02326;FGSG_02327;FGSG_03842;FGSG_08083;FGSG_13952,2,uncharacterized protein,GO:0016021;GO:0055085,2.5210702682084882,6,0.740252056203788,0.0479438663622889,0,0.45352112676056333
FGSG_05762,1,0.4046730396840939,0.4046730396840939,FGSG_02329,2,uncharacterized protein,,0.4046730396840939,1,2.08550179395127,6.87310326180731e-05,1,0.45331991951710265
FGSG_09041,15,0.4551742774578912,6.253713646881317,FGSG_00007;FGSG_01866;FGSG_02326;FGSG_02327;FGSG_02328;FGSG_03532;FGSG_03535;FGSG_03539;FGSG_03842;FGSG_03881;FGSG_07896;FGSG_08081;FGSG_08083;FGSG_08084;FGSG_13952,2,uncharacterized protein,GO:0004414;GO:0005737;GO:0009086,2.5209661396693335,6,0.400400964198464,2.40346769980321e-07,0,0.4533199195171026
FGSG_03925,1,0.40413444493367834,0.40413444493367834,FGSG_02324,2,uncharacterized protein,GO:0003847;GO:0015996;GO:0016042;GO:0016491;GO:0047746;GO:0055114,0.40413444493367834,1,2.14854864085551,0.021746366474416,1,0.4532528504359491
FGSG_02368,1,0.40218608058409916,0.40218608058409916,FGSG_02329,2,uncharacterized protein,GO:0000981;GO:0003677;GO:0005634;GO:0006351;GO:0006357;GO:0008270,0.40218608058409916,1,2.3624364418145,1.62526580296448e-64,1,0.45311871227364187
FGSG_04354,9,0.44327480264112934,3.7325013970699352,FGSG_00007;FGSG_01866;FGSG_02326;FGSG_02327;FGSG_02328;FGSG_02329;FGSG_03881;FGSG_08083;FGSG_13952,2,uncharacterized protein,GO:0003824;GO:0016021;GO:0030151;GO:0030170,2.517874694550618,6,0.409974750685228,0.0052125004446906,0,0.45291750503018113
FGSG_01768,8,0.4297682703985987,3.3394601350504374,FGSG_02326;FGSG_02327;FGSG_02328;FGSG_02329;FGSG_03532;FGSG_08078;FGSG_08083;FGSG_12211,2,uncharacterized protein,GO:0008080,2.517821958888603,6,0.846710077912369,8.75610163632188e-25,0,0.4527162977867203
FGSG_10935,7,0.43570823509831974,2.9334036737520015,FGSG_02271;FGSG_02272;FGSG_02461;FGSG_03061;FGSG_05610;FGSG_07075;FGSG_07528,1,uncharacterized protein,GO:0000329;GO:0005524;GO:0016021;GO:0016887,2.5169036436584906,6,-0.952596004723634,5.6233446996310495e-18,0,0.45251509054325956
FGSG_13162,8,0.4594705336266661,3.3577227609319236,FGSG_00743;FGSG_02272;FGSG_03061;FGSG_03894;FGSG_05610;FGSG_08774;FGSG_10922;FGSG_12180,1,uncharacterized protein,,2.5168353555302114,6,-0.883436135567608,0.0007171408617338,0,0.4523138832997987
FGSG_07383,14,0.4422403892245322,5.788030114455406,FGSG_00007;FGSG_01866;FGSG_02326;FGSG_02327;FGSG_02328;FGSG_02329;FGSG_03532;FGSG_03543;FGSG_08079;FGSG_08081;FGSG_08083;FGSG_08084;FGSG_09064;FGSG_13952,2,uncharacterized protein,GO:0005524;GO:0016021;GO:0042626;GO:0055085,2.515590230760083,6,0.467778833954928,3.64769779578536e-10,0,0.4521126760563381
FGSG_10891,6,0.42505927328150167,2.5125496310116326,FGSG_02324;FGSG_02326;FGSG_02327;FGSG_02328;FGSG_02329;FGSG_11326,2,uncharacterized protein,GO:0003677;GO:0005634;GO:0006351;GO:0006355;GO:0008270,2.5125496310116326,6,0.636971516330748,1.44296548824337e-06,0,0.4517102615694165
FGSG_06672,7,0.4510752577185169,2.947592266965996,FGSG_00743;FGSG_02272;FGSG_03061;FGSG_03894;FGSG_04589;FGSG_05610;FGSG_12180,1,uncharacterized protein,,2.5073719064012034,6,-0.472813762832958,0.002758186759495,0,0.45150905432595567
FGSG_11905,8,0.4608483678472646,3.3389638224711624,FGSG_00743;FGSG_03894;FGSG_04589;FGSG_05610;FGSG_08774;FGSG_09012;FGSG_10922;FGSG_12180,1,uncharacterized protein,GO:0016021,2.5055858752147055,6,-0.750463868344313,0.0302491785118082,0,0.45130784708249494
FGSG_08765,6,0.43449225554424425,2.503872800154165,FGSG_00330;FGSG_03546;FGSG_03548;FGSG_04458;FGSG_08601;FGSG_10347,1,uncharacterized protein,,2.503872800154165,6,-0.873336152056648,0.0072176237825018,0,0.4509054325955735
FGSG_04676,8,0.43702009726468716,3.305462010180304,FGSG_00007;FGSG_02326;FGSG_02327;FGSG_02328;FGSG_02329;FGSG_03881;FGSG_08083;FGSG_13952,2,uncharacterized protein,GO:0016021;GO:0022891;GO:0055085,2.501923921018924,6,0.953127443419654,0.0114490090501572,0,0.45070422535211263
FGSG_12048,6,0.4231745871054678,2.498626473716113,FGSG_02326;FGSG_02327;FGSG_02328;FGSG_02329;FGSG_08083;FGSG_13952,2,uncharacterized protein,GO:0000981;GO:0003857;GO:0005634;GO:0006357;GO:0006631;GO:0008270;GO:0055114,2.498626473716113,6,0.653049412000695,0.0256055561513083,0,0.45030181086519117
FGSG_00681,7,0.4274961821420579,2.898930806025378,FGSG_02321;FGSG_02324;FGSG_02325;FGSG_02326;FGSG_02327;FGSG_02328;FGSG_02329,2,uncharacterized protein,,2.4970583662183508,6,0.613258735157775,1.69477985151712e-05,0,0.4501006036217303
FGSG_02075,9,0.44245959356360753,3.7221072453777007,FGSG_00007;FGSG_01866;FGSG_02326;FGSG_02327;FGSG_02328;FGSG_02329;FGSG_03881;FGSG_08083;FGSG_13952,2,uncharacterized protein,GO:0016491;GO:0055114,2.494465564251139,6,0.377487926949057,0.0026728627080238,0,0.4498993963782696
FGSG_10299,7,0.42349392187890705,2.9142947320323502,FGSG_02272;FGSG_02461;FGSG_03061;FGSG_03894;FGSG_05610;FGSG_09012;FGSG_09456,1,uncharacterized protein,GO:0005634;GO:0016573;GO:0017198;GO:0018002;GO:0022626;GO:0031415;GO:1990189;GO:1990190,2.492157751716692,6,-0.371687608570172,0.0011689227922741,0,0.44969818913480886
FGSG_05394,7,0.43342110554485663,2.906258454489401,FGSG_00743;FGSG_03894;FGSG_04458;FGSG_04589;FGSG_08601;FGSG_10347;FGSG_12180,1,uncharacterized protein,GO:0005743;GO:0006461;GO:0007007;GO:0008654;GO:0031307;GO:0035965;GO:0042775;GO:0047184,2.489279735524661,6,-0.437449849961951,0.0024443742610708,0,0.4494969818913481
FGSG_02834,7,0.42154951994177764,2.895974565979468,FGSG_01866;FGSG_02326;FGSG_02327;FGSG_02328;FGSG_02329;FGSG_08083;FGSG_13952,2,uncharacterized protein,GO:0004553;GO:0005975,2.4891341586848785,6,0.846072044173431,0.0979303029929409,0,0.4492957746478873
FGSG_07336,6,0.43294543939713837,2.4888600691461873,FGSG_00330;FGSG_03546;FGSG_03548;FGSG_04458;FGSG_08601;FGSG_10347,1,uncharacterized protein,GO:0003747;GO:0005743;GO:0005762;GO:0006415;GO:0016787,2.4888600691461873,6,-0.349333653154425,0.0298823252985508,0,0.44909456740442655
FGSG_05734,6,0.4218341704995936,2.4877093407599133,FGSG_02324;FGSG_02326;FGSG_02327;FGSG_02328;FGSG_02329;FGSG_11326,2,serine/threonine-protein kinase 24,GO:0004672;GO:0005524;GO:0005628;GO:0006468;GO:0030476,2.4877093407599133,6,0.377417706654168,0.0099856475037006,0,0.4488933601609658
FGSG_06267,7,0.4298347943392436,2.905373431666229,FGSG_02272;FGSG_02461;FGSG_03061;FGSG_03894;FGSG_05610;FGSG_09012;FGSG_09456,1,uncharacterized protein,GO:0016021,2.486774813097704,6,-0.703274882426897,1.90448718041518e-05,0,0.4486921529175051
FGSG_08526,8,0.4624438165478039,3.3272052840230235,FGSG_00743;FGSG_02272;FGSG_03894;FGSG_05610;FGSG_08774;FGSG_09012;FGSG_10922;FGSG_12180,1,uncharacterized protein,,2.4862112190644896,6,-0.253246002516356,0.0221872221207413,0,0.44849094567404424
FGSG_01290,8,0.4564391586880914,3.314962030267289,FGSG_00743;FGSG_03894;FGSG_04589;FGSG_05610;FGSG_08774;FGSG_09012;FGSG_10922;FGSG_12180,1,60S ribosomal protein RML2,GO:0003723;GO:0003735;GO:0005762;GO:0016740;GO:0032543,2.4840152882618263,6,-0.276176886463918,0.0314331290825016,0,0.4482897384305835
FGSG_02724,6,0.42081532026836377,2.4808862322818976,FGSG_02324;FGSG_02326;FGSG_02327;FGSG_02328;FGSG_02329;FGSG_11326,2,DNA repair protein RAD5,GO:0000209;GO:0000400;GO:0000403;GO:0000781;GO:0000790;GO:0005524;GO:0005737;GO:0006302;GO:0008094;GO:0008270;GO:0009378;GO:0010994;GO:0016021;GO:0032508;GO:0042276,2.4808862322818976,6,0.547577135622431,0.0456692514881921,0,0.4476861167002012
FGSG_10966,7,0.43287598618353207,2.8826121683443264,FGSG_01866;FGSG_02326;FGSG_02327;FGSG_02328;FGSG_02329;FGSG_08083;FGSG_13952,2,uncharacterized protein,GO:0016740,2.480525170325755,6,0.357863974389889,0.006296908422065,0,0.44748490945674047
FGSG_10333,6,0.4243353998839724,2.480464501952535,FGSG_02324;FGSG_02325;FGSG_02326;FGSG_02327;FGSG_02328;FGSG_02329,2,uncharacterized protein,GO:0016021,2.480464501952535,6,0.409719249040835,0.0165875171873441,0,0.4472837022132796
FGSG_01099,7,0.43705572361095985,2.9159798977292533,FGSG_02272;FGSG_02461;FGSG_03061;FGSG_03894;FGSG_05610;FGSG_09012;FGSG_09456,1,GTP-binding nuclear protein GSP1/Ran,GO:0003924;GO:0005525;GO:0005634;GO:0005829;GO:0007264;GO:0010972;GO:0016973,2.4789241741182932,6,-0.443059921915093,2.17487483869995e-07,0,0.4470824949698189
FGSG_03766,6,0.4259469125743433,2.478357841675801,FGSG_02324;FGSG_02325;FGSG_02326;FGSG_02327;FGSG_02328;FGSG_02329,2,uncharacterized protein,,2.478357841675801,6,0.559442562175667,0.0346965073071495,0,0.4466800804828974
FGSG_10713,6,0.4267209713943754,2.478234580542616,FGSG_02324;FGSG_02325;FGSG_02326;FGSG_02327;FGSG_02328;FGSG_02329,2,uncharacterized protein,GO:0016787,2.478234580542616,6,0.346385360236978,0.286459345728701,0,0.4464788732394366
FGSG_02723,7,0.4224999790770803,2.8859265201424282,FGSG_01866;FGSG_02326;FGSG_02327;FGSG_02328;FGSG_02329;FGSG_08083;FGSG_13952,2,uncharacterized protein,GO:0016021,2.476186102884272,6,0.397529841105217,0.0384217665627164,0,0.44627766599597585
FGSG_09624,6,0.43045211110865106,2.475783112947477,FGSG_03546;FGSG_03548;FGSG_04458;FGSG_04589;FGSG_08601;FGSG_10347,1,uncharacterized protein,GO:0005524;GO:0005743;GO:0006515;GO:0016558;GO:0034599,2.475783112947477,6,-0.305300987465398,0.0128029622827017,0,0.4460764587525151
FGSG_12231,6,0.42762783560438794,2.4717375187839057,FGSG_00330;FGSG_03546;FGSG_03547;FGSG_03548;FGSG_04458;FGSG_08601,1,uncharacterized protein,GO:0003840;GO:0006749,2.4717375187839057,6,-0.722061663268888,5.84534812678128e-07,0,0.44587525150905427
FGSG_03292,7,0.42392069251908815,2.8724367144554304,FGSG_00007;FGSG_02326;FGSG_02327;FGSG_02328;FGSG_02329;FGSG_08083;FGSG_13952,2,uncharacterized protein,GO:0000981;GO:0003677;GO:0005634;GO:0006351;GO:0006357;GO:0008270,2.471151659910831,6,0.31696195054049,0.0015208076902902,0,0.44567404426559354
FGSG_10994,6,0.42539001874991167,2.470330886306669,FGSG_02324;FGSG_02325;FGSG_02326;FGSG_02327;FGSG_02328;FGSG_11326,2,uncharacterized protein,,2.470330886306669,6,0.82674767566617,0.0059423425679486,0,0.4454728370221328
FGSG_03860,2,0.4061494209891604,0.8068146443431183,FGSG_02326;FGSG_02329,2,uncharacterized protein,GO:0004497;GO:0005506;GO:0016705;GO:0020037;GO:0055114,0.8068146443431183,2,1.2364485002873,5.58068380776922e-15,1,0.44533869885982563
FGSG_13672,6,0.414731738039422,2.457075986649518,FGSG_03546;FGSG_03548;FGSG_03894;FGSG_04458;FGSG_08601;FGSG_10347,1,uncharacterized protein,,2.457075986649518,6,-0.355759119980451,0.350518924586879,0,0.44507042253521123
FGSG_10824,6,0.41840050680227403,2.4526760575225994,FGSG_00330;FGSG_03546;FGSG_03548;FGSG_04458;FGSG_08601;FGSG_10347,1,uncharacterized protein,,2.4526760575225994,6,-0.640246717417758,0.0546222569368331,0,0.4448692152917505
FGSG_10314,6,0.42247390681607505,2.451046666795055,FGSG_03546;FGSG_03548;FGSG_04458;FGSG_04589;FGSG_08601;FGSG_10347,1,uncharacterized protein,,2.451046666795055,6,-0.531687889943508,0.0309505026208222,0,0.44466800804828965
FGSG_04534,6,0.4209266795272462,2.450843939319662,FGSG_02324;FGSG_02325;FGSG_02326;FGSG_02327;FGSG_02328;FGSG_02329,2,uncharacterized protein,,2.450843939319662,6,0.149604619044484,,0,0.4442655935613682
FGSG_09317,6,0.41989734731365874,2.450254417851848,FGSG_03546;FGSG_03548;FGSG_04458;FGSG_08601;FGSG_09834;FGSG_10347,1,uncharacterized protein,GO:0016021,2.450254417851848,6,-0.328796584528245,0.0823316586360624,0,0.44406438631790746
FGSG_07166,6,0.4276250070232275,2.4483387893439916,FGSG_00330;FGSG_03546;FGSG_03548;FGSG_04458;FGSG_08601;FGSG_10347,1,uncharacterized protein,GO:0000070;GO:0000941;GO:0005829;GO:0016021;GO:0031511;GO:0034501;GO:0034506;GO:0034508;GO:0044732;GO:0061641,2.4483387893439916,6,-0.284357626509921,0.0953500975911993,0,0.4438631790744466
FGSG_01751,6,0.41395158839597757,2.4405597339533434,FGSG_02324;FGSG_02326;FGSG_02327;FGSG_02328;FGSG_02329;FGSG_11326,2,uncharacterized protein,GO:0004672;GO:0005524;GO:0006468,2.4405597339533434,6,0.82934644928739,0.0009078125844223,0,0.44346076458752515
FGSG_00172,6,0.41120275519740346,2.438790035316315,FGSG_02324;FGSG_02325;FGSG_02326;FGSG_02327;FGSG_02328;FGSG_02329,2,uncharacterized protein,GO:0016740,2.438790035316315,6,0.569179760402019,1.32773114426684e-05,0,0.4432595573440644
FGSG_01508,6,0.4106465561511487,2.437180002513154,FGSG_03546;FGSG_03548;FGSG_04458;FGSG_08601;FGSG_09834;FGSG_10347,1,uncharacterized protein,GO:0002143;GO:0004792;GO:0005739,2.437180002513154,6,-0.212424856970224,0.0676861478971494,0,0.44305835010060357
FGSG_06950,6,0.4070908608090244,2.424793965366142,FGSG_02271;FGSG_02272;FGSG_03061;FGSG_07075;FGSG_09456;FGSG_09834,1,sorting nexin-41,GO:0004484;GO:0006370;GO:0035091,2.424793965366142,6,-0.258184006655136,0.0030159650563021,0,0.44285714285714284
FGSG_07696,1,0.4074056958015091,0.4074056958015091,FGSG_09456,1,uncharacterized protein,GO:0016021,0.4074056958015091,1,-1.5951272970584,0.0001228935756989,1,0.44272300469483566
FGSG_10074,9,0.4807107944788684,4.053389913764987,FGSG_00743;FGSG_01422;FGSG_02272;FGSG_02461;FGSG_03061;FGSG_03894;FGSG_05610;FGSG_08774;FGSG_09012,1,uncharacterized protein,GO:0003676,2.3116599746003756,5,-0.234997262813705,0.005798371171132,0,0.4426559356136821
FGSG_00407,9,0.48590875107343184,4.037171863735771,FGSG_00743;FGSG_01422;FGSG_02272;FGSG_02461;FGSG_03061;FGSG_03894;FGSG_05610;FGSG_08774;FGSG_09012,1,sporulation protein SPS19,,2.2965119360734896,5,-0.764742478082461,5.62305868547767e-05,0,0.4424547283702214
FGSG_09489,8,0.4723487290355195,3.595543223587734,FGSG_00743;FGSG_02272;FGSG_02461;FGSG_03061;FGSG_03894;FGSG_05610;FGSG_08774;FGSG_09012,1,uncharacterized protein,GO:0005750;GO:0005758;GO:0006122;GO:0008121;GO:0009060;GO:1902600,2.2841495501157905,5,-0.684946564106709,7.93884356757455e-09,0,0.4420523138832998
FGSG_07271,8,0.4811123527482934,3.6070406636133603,FGSG_00743;FGSG_02272;FGSG_02461;FGSG_03061;FGSG_03894;FGSG_05610;FGSG_08774;FGSG_09012,1,uncharacterized protein,GO:0016021,2.2826555745019803,5,-0.857739619405264,9.27331394687979e-05,0,0.44185110663983906
FGSG_12955,8,0.46888552204609923,3.586786387791263,FGSG_00743;FGSG_02272;FGSG_02461;FGSG_03061;FGSG_03894;FGSG_05610;FGSG_08774;FGSG_09012,1,ATP synthase subunit delta,GO:0005756;GO:0015986;GO:0046933;GO:0046961,2.2818531963098394,5,-0.885471869946803,8.01698485567825e-13,0,0.4416498993963782
FGSG_07202,8,0.4809624140390194,3.6023871016115576,FGSG_00743;FGSG_02272;FGSG_02461;FGSG_03061;FGSG_03894;FGSG_05610;FGSG_08774;FGSG_09012,1,uncharacterized protein,GO:0004252;GO:0005789;GO:0006508;GO:0016021,2.2804924109943077,5,-0.73786632334131,2.77267656351984e-07,0,0.4414486921529175
FGSG_07221,1,0.430340455393023,0.430340455393023,FGSG_03894,1,uncharacterized protein,,0.430340455393023,1,-1.25836009262575,3.30194008749073e-06,1,0.44131455399061037
FGSG_09507,9,0.47399511362047864,3.973924238183119,FGSG_00743;FGSG_01422;FGSG_02272;FGSG_02461;FGSG_03061;FGSG_03894;FGSG_05610;FGSG_08712;FGSG_08774,1,uncharacterized protein,,2.275849561082206,5,-0.552319862738088,3.79614817704529e-08,0,0.44124748490945676
FGSG_05154,8,0.4668012519247504,3.577694785665849,FGSG_00743;FGSG_02272;FGSG_02461;FGSG_03061;FGSG_03894;FGSG_05610;FGSG_08774;FGSG_09012,1,uncharacterized protein,GO:0003881;GO:0005741;GO:0005794;GO:0006661;GO:0016021,2.2745844212893154,5,-0.359832285479153,2.5851878488934e-05,0,0.441046277665996
FGSG_00800,9,0.48627411358426587,4.0106523176615045,FGSG_00743;FGSG_00765;FGSG_02272;FGSG_02461;FGSG_03061;FGSG_03894;FGSG_05610;FGSG_08774;FGSG_09012,1,uncharacterized protein,GO:0000981;GO:0003677;GO:0005634;GO:0006351;GO:0006357;GO:0008270,2.2704489282684475,5,-0.367834656931015,0.0006707910473472,0,0.44064386317907445
FGSG_06978,8,0.472731287160985,3.5767932359115613,FGSG_00743;FGSG_02272;FGSG_02461;FGSG_03061;FGSG_03894;FGSG_05610;FGSG_08774;FGSG_09012,1,uncharacterized protein,GO:0005459;GO:0005783;GO:0015786;GO:0016021;GO:0072334,2.262533240789044,5,-0.757785881219426,3.6843746047734202e-09,0,0.4404426559356137
FGSG_01541,8,0.47454001794364775,3.557606671337827,FGSG_00743;FGSG_02272;FGSG_02461;FGSG_03061;FGSG_03894;FGSG_05610;FGSG_08774;FGSG_09012,1,uncharacterized protein,GO:0003735;GO:0005762;GO:0006412,2.2527959463894156,5,-0.65573710909518,7.15309242796639e-07,0,0.44024144869215287
FGSG_00696,8,0.48341020772958115,3.566516528927744,FGSG_00743;FGSG_02272;FGSG_02461;FGSG_03061;FGSG_03894;FGSG_05610;FGSG_08774;FGSG_09012,1,uncharacterized protein,GO:0046872,2.2513950338949766,5,-0.468263374831115,0.0262745283534369,0,0.44004024144869214
FGSG_07005,9,0.4720814253954035,3.9595847947283556,FGSG_00743;FGSG_00765;FGSG_02272;FGSG_02461;FGSG_03061;FGSG_03894;FGSG_05610;FGSG_08774;FGSG_09012,1,uncharacterized protein,,2.25095695036665,5,-0.434463587156397,0.0002623724642381,0,0.4398390342052314
FGSG_06021,8,0.4728377569102753,3.5431661032097326,FGSG_00743;FGSG_02272;FGSG_02461;FGSG_03061;FGSG_03894;FGSG_05610;FGSG_08774;FGSG_09012,1,"ADP,ATP carrier protein",GO:0005215;GO:0005743;GO:0006281;GO:0016021;GO:0051382;GO:0055085,2.243801231639905,5,-0.645418219128907,6.50732682733212e-07,0,0.43943661971830983
FGSG_06352,8,0.46976257868669474,3.5275633642543496,FGSG_00743;FGSG_02272;FGSG_02461;FGSG_03061;FGSG_03894;FGSG_05610;FGSG_08712;FGSG_08774,1,uncharacterized protein,GO:0006366,2.2381916357190503,5,-0.443323465948212,0.0026111016107368,0,0.43903420523138836
FGSG_13212,2,0.40594041124718194,0.8116219487902037,FGSG_02324;FGSG_02903,2,uncharacterized protein,,0.8116219487902037,2,1.11149703719675,2.22194870204378e-07,1,0.43903420523138836
FGSG_06905,8,0.46082108400214933,3.518869847816082,FGSG_00743;FGSG_02272;FGSG_02461;FGSG_03061;FGSG_03894;FGSG_05610;FGSG_08774;FGSG_09012,1,uncharacterized protein,GO:0009060;GO:0031305;GO:0033617;GO:0051082,2.235660116186554,5,-0.695034996837891,9.46068128503265e-06,0,0.4386317907444668
FGSG_08417,8,0.47043248889072026,3.5353836358398323,FGSG_00743;FGSG_02272;FGSG_02461;FGSG_03061;FGSG_03894;FGSG_05610;FGSG_08774;FGSG_09012,1,uncharacterized protein,GO:0005763;GO:0032543,2.231486726361816,5,-0.44365773449543,5.0358894159947e-05,0,0.4380281690140845
FGSG_13665,7,0.4609154684845767,3.1060575266695563,FGSG_02272;FGSG_02461;FGSG_03061;FGSG_03894;FGSG_05610;FGSG_08774;FGSG_09012,1,uncharacterized protein,GO:0003735;GO:0005840;GO:0006412;GO:0006417;GO:0019887;GO:0019901;GO:0033554;GO:0033674;GO:0043022;GO:0045859,2.2314172544449784,5,-0.591406939542742,4.89381721162819e-08,0,0.43782696177062375
FGSG_12759,8,0.4779517763418445,3.5418899491346507,FGSG_00743;FGSG_02272;FGSG_02461;FGSG_03061;FGSG_03894;FGSG_05610;FGSG_08774;FGSG_09012,1,dephospho-CoA kinase,GO:0004140;GO:0005524;GO:0005635;GO:0005739;GO:0005783;GO:0015937;GO:0016310,2.2291004221545827,5,-0.408871075842242,0.0009532235453659,0,0.437625754527163
FGSG_09499,7,0.4592083394002758,3.0852069710250296,FGSG_02272;FGSG_02461;FGSG_03061;FGSG_03894;FGSG_05610;FGSG_08774;FGSG_09012,1,uncharacterized protein,GO:0005096;GO:0005794;GO:0006888;GO:0006891;GO:0030136;GO:0043547,2.2180840755592635,5,-0.443549035808824,5.7066421736588e-05,0,0.43742454728370217
FGSG_02266,2,0.40337825506275304,0.8057138999819919,FGSG_02326;FGSG_02327,2,uncharacterized protein,GO:0016491;GO:0055114,0.8057138999819919,2,1.1722285385577,0.0323547625954125,1,0.43729040912139505
FGSG_09864,8,0.46368753055046663,3.497614843340578,FGSG_00743;FGSG_02272;FGSG_02461;FGSG_03061;FGSG_03894;FGSG_05610;FGSG_08774;FGSG_09012,1,uncharacterized protein,GO:0000166;GO:0003676,2.2169012573619993,5,-0.788056037811566,3.41197453396194e-08,0,0.43722334004024144
FGSG_07488,8,0.4694184252375061,3.49467148331658,FGSG_00743;FGSG_02272;FGSG_02461;FGSG_03061;FGSG_03894;FGSG_05610;FGSG_08774;FGSG_09012,1,uncharacterized protein,GO:0016021,2.2028536726353,5,-0.848800343909799,1.31374130641393e-08,0,0.43661971830985913
FGSG_12178,8,0.4810994826570186,3.502072893627975,FGSG_00743;FGSG_02272;FGSG_02461;FGSG_03061;FGSG_03894;FGSG_05610;FGSG_08774;FGSG_09012,1,uncharacterized protein,GO:0016021,2.1976550186553996,5,-0.445350653751467,1.90448718041518e-05,0,0.4364185110663984
FGSG_10375,6,0.45416105456422884,2.6389563103616953,FGSG_02271;FGSG_02272;FGSG_02461;FGSG_03061;FGSG_03894;FGSG_05610,1,uncharacterized protein,GO:0016021,2.1969211454915722,5,-0.5524384077002,0.0002118093719889,0,0.43621730382293766
FGSG_08810,8,0.477116007406293,3.4828935949085906,FGSG_00743;FGSG_02272;FGSG_02461;FGSG_03061;FGSG_03894;FGSG_05610;FGSG_08774;FGSG_09012,1,uncharacterized protein,GO:0005215;GO:0016021;GO:0055085,2.189963313824304,5,-0.629382378856149,6.21808815439495e-06,0,0.4358148893360161
FGSG_13478,7,0.4511401789240812,3.0514972880155833,FGSG_02272;FGSG_02461;FGSG_03061;FGSG_03894;FGSG_05610;FGSG_08774;FGSG_09012,1,uncharacterized protein,GO:0003676,2.1883397043115442,5,-0.846988015572211,5.26242614740108e-05,0,0.43561368209255535
FGSG_01560,9,0.4814186870962906,3.8801206338138314,FGSG_00743;FGSG_00765;FGSG_02272;FGSG_02461;FGSG_03061;FGSG_03894;FGSG_05610;FGSG_08774;FGSG_10922,1,uncharacterized protein,GO:0005634;GO:0005739;GO:0005829;GO:0016212;GO:0030170;GO:0034276;GO:0047536;GO:0097052,2.183340162299709,5,-0.257291103752789,0.0057118798338879,0,0.4354124748490945
FGSG_01448,7,0.4464867934311223,3.042195412340992,FGSG_02272;FGSG_02461;FGSG_03061;FGSG_03894;FGSG_05610;FGSG_08774;FGSG_09012,1,uncharacterized protein,GO:0005310;GO:0006835;GO:0006839;GO:0016021;GO:0031966;GO:0055085,2.1827074032757094,5,-0.805527407637387,1.15861791759573e-06,0,0.4352112676056338
FGSG_10820,7,0.456757275108064,3.0453023448996004,FGSG_02272;FGSG_02461;FGSG_03061;FGSG_03894;FGSG_05610;FGSG_08774;FGSG_09012,1,uncharacterized protein,,2.182556890290761,5,-0.435129726866117,4.08870308107566e-05,0,0.43501006036217305
FGSG_13929,8,0.46232486547323914,3.443104043320134,FGSG_00743;FGSG_02272;FGSG_02461;FGSG_03061;FGSG_03894;FGSG_05610;FGSG_08774;FGSG_09012,1,uncharacterized protein,GO:0003677,2.1784130275815694,5,-0.714638016518693,0.0026903710662267,0,0.43460764587525147
FGSG_00316,8,0.4714021827193697,3.4617006003195807,FGSG_00743;FGSG_02272;FGSG_02461;FGSG_03061;FGSG_03894;FGSG_05610;FGSG_08774;FGSG_09012,1,uncharacterized protein,GO:0008270;GO:0016021;GO:0016874,2.1770277803918248,5,-0.526897232916822,3.70642917604615e-07,0,0.43440643863179074
FGSG_10214,12,0.4559102964096436,5.0916789223459356,FGSG_00007;FGSG_01866;FGSG_02326;FGSG_02327;FGSG_03539;FGSG_03842;FGSG_03881;FGSG_07896;FGSG_08081;FGSG_08082;FGSG_08083;FGSG_13952,2,uncharacterized protein,,2.1721400190734355,5,0.382060685338676,0.0244975072289551,0,0.43420523138833
FGSG_13606,8,0.44832594595372743,3.422281343589931,FGSG_00743;FGSG_02272;FGSG_02461;FGSG_03061;FGSG_03894;FGSG_05610;FGSG_08774;FGSG_09012,1,uncharacterized protein,GO:0006511;GO:0008540,2.169547466950404,5,-0.723818690763402,0.0191684001574614,0,0.43400402414486927
FGSG_09116,2,0.4056367366019947,0.8101409828475726,FGSG_02326;FGSG_02329,2,uncharacterized protein,GO:0005524,0.8101409828475726,2,1.08406848323921,0.0001972202955466,1,0.4337357478202548
FGSG_05915,12,0.45487567999206596,5.077029957927889,FGSG_00007;FGSG_01866;FGSG_02326;FGSG_02327;FGSG_03539;FGSG_03842;FGSG_03881;FGSG_07896;FGSG_08081;FGSG_08082;FGSG_08083;FGSG_13952,2,uncharacterized protein,,2.167479533682185,5,0.29177049915494,0.0005863749387635,0,0.4336016096579477
FGSG_06353,9,0.4665567148125275,3.8431817618936943,FGSG_00743;FGSG_00765;FGSG_02272;FGSG_02461;FGSG_03061;FGSG_03894;FGSG_05610;FGSG_08774;FGSG_09012,1,uncharacterized protein,GO:0003743;GO:0006413;GO:0022627,2.1642147289237528,5,-0.570005115043957,4.50321287064834e-06,0,0.43340040241448696
FGSG_04985,9,0.475085532337888,3.857880188580486,FGSG_00743;FGSG_00765;FGSG_02272;FGSG_02461;FGSG_03061;FGSG_03894;FGSG_05610;FGSG_08774;FGSG_09012,1,uncharacterized protein,,2.163359235318546,5,-0.29545142374552,0.0024083092281727,0,0.4331991951710261
FGSG_03161,11,0.4530236858367377,4.662756227571634,FGSG_00007;FGSG_01866;FGSG_02326;FGSG_02327;FGSG_03539;FGSG_03842;FGSG_03881;FGSG_08081;FGSG_08082;FGSG_08083;FGSG_13952,2,uncharacterized protein,GO:0016021;GO:0055085,2.162974705467658,5,0.800566562495882,0.0962571134417286,0,0.4329979879275654
FGSG_06234,1,0.4076459113229798,0.4076459113229798,FGSG_10206,2,uncharacterized protein,,0.4076459113229798,1,1.45041309981561,1.06578608310437e-37,1,0.4329309188464119
FGSG_13883,5,0.43971679220042,2.1605758137327804,FGSG_02326;FGSG_02327;FGSG_02328;FGSG_02329;FGSG_08083,2,uncharacterized protein,GO:0004563;GO:0005975;GO:0016021,2.1605758137327804,5,0.96828881444246,1.64268682650365e-07,0,0.43279678068410465
FGSG_13314,9,0.4757312532323342,3.847707636732218,FGSG_00743;FGSG_00765;FGSG_02272;FGSG_02461;FGSG_03061;FGSG_03894;FGSG_05610;FGSG_08774;FGSG_09012,1,uncharacterized protein,GO:0003676;GO:0046872,2.157185963694206,5,-0.737312368818332,2.80002402304045e-07,0,0.4323943661971831
FGSG_11051,5,0.44151391627257586,2.157172074117332,FGSG_02326;FGSG_02327;FGSG_02328;FGSG_02329;FGSG_11326,2,uncharacterized protein,GO:0000981;GO:0003677;GO:0005634;GO:0006351;GO:0006357;GO:0008270,2.157172074117332,5,0.902473281068929,0.0004006228273065,0,0.43219315895372235
FGSG_04064,1,0.40588362394033756,0.40588362394033756,FGSG_02329,2,uncharacterized protein,GO:0016491;GO:0055114,0.40588362394033756,1,1.51508329306268,0.0052605966740275,1,0.43212608987256873
FGSG_04181,6,0.4440581178901448,2.590857223948343,FGSG_02272;FGSG_02461;FGSG_03061;FGSG_03894;FGSG_05610;FGSG_13136,1,elongation factor 3,GO:0003746;GO:0005524;GO:0006414;GO:0016887,2.155602029058845,5,-0.285504941237872,3.05727280415654e-07,0,0.4319919517102615
FGSG_05653,7,0.4457004196219372,3.016484920560562,FGSG_02272;FGSG_02461;FGSG_03061;FGSG_03894;FGSG_05610;FGSG_08774;FGSG_09012,1,uncharacterized protein,GO:0016021,2.155168977127196,5,-0.437001986552596,0.0001282923464669,0,0.43179074446680077
FGSG_09234,7,0.44989781728267286,3.003896233385553,FGSG_02272;FGSG_02461;FGSG_03061;FGSG_03894;FGSG_05610;FGSG_08774;FGSG_09012,1,NADH dehydrogenase iron-sulfur protein 3,GO:0008137;GO:0055114,2.153170104543099,5,-0.389224334699469,3.05583596337566e-05,0,0.4313883299798793
FGSG_09542,8,0.4596625465839866,3.4094647684194332,FGSG_00743;FGSG_02272;FGSG_02461;FGSG_03061;FGSG_03894;FGSG_05610;FGSG_08774;FGSG_09012,1,SCO1 protein,GO:0005507;GO:0005743;GO:0006825;GO:0006878;GO:0008535;GO:0016021,2.1529991318878583,5,-0.421435171394201,0.0114334160022916,0,0.43118712273641846
FGSG_00556,8,0.46826552499612456,3.4123274815466393,FGSG_00743;FGSG_02272;FGSG_02461;FGSG_03061;FGSG_03894;FGSG_05610;FGSG_08774;FGSG_09012,1,uncharacterized protein,GO:0005758;GO:0005829;GO:0015680;GO:0016531;GO:0018343;GO:0033617,2.1489188475411654,5,-0.650732541912295,0.0001673715899968,0,0.4309859154929577
FGSG_12488,5,0.43315294769276114,2.1470605494132853,FGSG_02326;FGSG_02327;FGSG_02328;FGSG_02329;FGSG_08083,2,uncharacterized protein,GO:0004553;GO:0005975,2.1470605494132853,5,0.74826190583801,1.27352971802601e-07,0,0.430784708249497
FGSG_08296,8,0.4663529376213106,3.397296566429763,FGSG_00743;FGSG_02272;FGSG_02461;FGSG_03061;FGSG_03894;FGSG_05610;FGSG_08774;FGSG_09012,1,uncharacterized protein,GO:0005634;GO:0005829,2.146037230864066,5,-0.297919226658608,0.0255379896184064,0,0.4303822937625754
FGSG_01543,6,0.44522409628856374,2.585583557231489,FGSG_02271;FGSG_02272;FGSG_02461;FGSG_03061;FGSG_03894;FGSG_05610,1,uncharacterized protein,GO:0016021,2.1452336541863994,5,-0.481071730158327,0.0020827033678408,0,0.4301810865191147
FGSG_00487,2,0.40589415344732804,0.8063951526320013,FGSG_03546;FGSG_03548,1,uncharacterized protein,GO:0016021,0.8063951526320013,2,-1.10301321979791,0.0095707218575312,1,0.4301810865191147
FGSG_02901,8,0.4652524743293574,3.4075693165043597,FGSG_00743;FGSG_02272;FGSG_02461;FGSG_03061;FGSG_03894;FGSG_05610;FGSG_08774;FGSG_09012,1,uncharacterized protein,GO:0008152;GO:0008484;GO:0016021,2.1427924808944607,5,-0.321993769984379,0.0009852331419098,0,0.42997987927565395
FGSG_05119,8,0.4526956633902199,3.37822452956792,FGSG_00743;FGSG_02272;FGSG_02461;FGSG_03061;FGSG_03894;FGSG_05610;FGSG_08774;FGSG_09012,1,uncharacterized protein,GO:0016021;GO:0055085,2.1420190618171104,5,-0.61809941064239,0.0540551617935873,0,0.4297786720321932
FGSG_03657,1,0.4052058919432136,0.4052058919432136,FGSG_02324,2,uncharacterized protein,GO:0004497;GO:0016021;GO:0055114;GO:0071949,0.4052058919432136,1,1.51525365955984,1.43386155008189e-10,1,0.429644533869886
FGSG_06582,6,0.4404709771543043,2.569525683737808,FGSG_02272;FGSG_02461;FGSG_03061;FGSG_03894;FGSG_05610;FGSG_13136,1,uncharacterized protein,GO:0000837;GO:0004842;GO:0005637;GO:0008270;GO:0016567;GO:0016874;GO:0030176;GO:0030433,2.1412356753788795,5,-0.390092855518279,3.2003356719317e-06,0,0.42937625754527164
FGSG_04824,7,0.4578370040080676,2.9802136841869027,FGSG_00743;FGSG_03894;FGSG_04589;FGSG_05610;FGSG_08774;FGSG_10922;FGSG_12180,1,uncharacterized protein,,2.1391916853260247,5,-0.573992193212166,9.552527049141811e-15,0,0.42897384305835007
FGSG_09851,9,0.4744296081026376,3.8172289875285816,FGSG_00743;FGSG_00765;FGSG_02272;FGSG_02461;FGSG_03061;FGSG_03894;FGSG_05610;FGSG_08774;FGSG_10922,1,uncharacterized protein,GO:0005524;GO:0006891;GO:0017119,2.1389910569391097,5,-0.298263517083073,0.0018177480486457,0,0.42877263581488934
FGSG_01809,9,0.4505445486682221,3.811386647747048,FGSG_00007;FGSG_01866;FGSG_02326;FGSG_02327;FGSG_03539;FGSG_03842;FGSG_03881;FGSG_08083;FGSG_13952,2,uncharacterized protein,,2.138637350768247,5,0.422389995586595,0.0288163514686013,0,0.4285714285714286
FGSG_11060,2,0.4042245382123426,0.8074607525297421,FGSG_02326;FGSG_02329,2,uncharacterized protein,,0.8074607525297421,2,1.08066979920502,3.17319924042842e-05,1,0.4284372904091214
FGSG_12043,7,0.45051791316698697,2.9940612467002397,FGSG_02272;FGSG_02461;FGSG_03061;FGSG_03894;FGSG_05610;FGSG_08774;FGSG_09012,1,uncharacterized protein,GO:0003993;GO:0016021;GO:0016311,2.1384533229575338,5,-0.174111513974302,0.142433608143958,0,0.42837022132796776
FGSG_04881,5,0.4387165088228674,2.1383217712167104,FGSG_02325;FGSG_02326;FGSG_02327;FGSG_02328;FGSG_02329,2,uncharacterized protein,,2.1383217712167104,5,0.808000669988475,3.2971469293358e-12,0,0.428169014084507
FGSG_05501,6,0.4431722929062726,2.578367816981021,FGSG_02272;FGSG_02461;FGSG_03061;FGSG_03894;FGSG_05610;FGSG_09012,1,vacuolar protein sorting-associated protein 21,GO:0000011;GO:0003924;GO:0005525;GO:0005741;GO:0005769;GO:0005770;GO:0005829;GO:0005886;GO:0006623;GO:0006895;GO:0006897;GO:0007264;GO:0030139;GO:0032511;GO:0036010;GO:0036258,2.1351955240747484,5,-0.427850884363026,2.93997098234511e-05,0,0.4275653923541247
FGSG_01438,6,0.4522882102195233,2.587212570079162,FGSG_02271;FGSG_02272;FGSG_02461;FGSG_03061;FGSG_03894;FGSG_05610,1,uncharacterized protein,GO:0000079;GO:0000122;GO:0000307;GO:0005634;GO:0006875;GO:0016242;GO:0016538;GO:0019901;GO:0032880;GO:0045936;GO:0050849,2.134924359859639,5,-0.828888990107266,1.28453514623864e-09,0,0.427364185110664
FGSG_10116,5,0.43520364976302534,2.1335595871869883,FGSG_02326;FGSG_02327;FGSG_02328;FGSG_02329;FGSG_11326,2,chitin synthase 1,GO:0004100;GO:0006031;GO:0016021,2.1335595871869883,5,0.538402934193853,1.8346554907271097e-11,0,0.42716297786720325
FGSG_00726,8,0.4610586191305595,3.391263739282513,FGSG_00743;FGSG_02272;FGSG_02461;FGSG_03061;FGSG_03894;FGSG_05610;FGSG_08774;FGSG_09012,1,uncharacterized protein,GO:0016021,2.1329142649130475,5,-0.181305402115653,0.162539389203987,0,0.4269617706237424
FGSG_00760,2,0.40884991583770053,0.8119522037661915,FGSG_02326;FGSG_02329,2,uncharacterized protein,GO:0000166;GO:0003676,0.8119522037661915,2,1.0189747288401,7.87170334532472e-06,1,0.4267605633802817
FGSG_03787,6,0.4373975493704938,2.5420477067467093,FGSG_02320;FGSG_02326;FGSG_02327;FGSG_02328;FGSG_02329;FGSG_11326,2,uncharacterized protein,GO:0008168;GO:0032259,2.1323794892132284,5,0.718486031658917,2.60925255069639e-16,0,0.4267605633802817
FGSG_08983,2,0.4069803863330262,0.8112033863085055,FGSG_02326;FGSG_02329,2,uncharacterized protein,,0.8112033863085055,2,1.02531478554826,1.0625742900453e-06,1,0.4266264252179745
FGSG_06706,6,0.4461773575722877,2.576566368826594,FGSG_02272;FGSG_02461;FGSG_03061;FGSG_03894;FGSG_05610;FGSG_09012,1,uncharacterized protein,GO:0000166;GO:0003676;GO:0005622;GO:0006810,2.130389011254306,5,-0.36113877580037,0.0003329779650463,0,0.42655935613682094
FGSG_01632,7,0.4621372042345157,2.989466215615355,FGSG_02272;FGSG_02461;FGSG_03061;FGSG_03894;FGSG_05610;FGSG_08774;FGSG_09012,1,uncharacterized protein,,2.1297336480102933,5,-0.370490303784906,0.0002376911166071,0,0.4263581488933602
FGSG_11946,8,0.4406131404316795,3.3656502987444337,FGSG_00765;FGSG_02272;FGSG_02461;FGSG_03061;FGSG_03894;FGSG_04309;FGSG_05610;FGSG_13136,1,uncharacterized protein,,2.1287344492229026,5,-0.878473328115041,2.78001006451713e-27,0,0.42615694164989937
FGSG_00184,8,0.4532039260712746,3.395295065082563,FGSG_00007;FGSG_01866;FGSG_02326;FGSG_02327;FGSG_03842;FGSG_03881;FGSG_08083;FGSG_13952,2,uncharacterized protein,GO:0004553;GO:0045493,2.1272661280268075,5,0.403941068401045,0.110473665589152,0,0.4257545271629779
FGSG_04558,8,0.4572667700659856,3.369952781631623,FGSG_00743;FGSG_02272;FGSG_02461;FGSG_03061;FGSG_03894;FGSG_05610;FGSG_08774;FGSG_09012,1,carbonic anhydrase 2,GO:0004089;GO:0005758;GO:0008270;GO:0015976;GO:0034599;GO:0071244,2.1270242806904855,5,-0.263404623716818,0.0145085959129813,0,0.42555331991951706
FGSG_07272,10,0.4583361587667715,4.174693756928593,FGSG_00743;FGSG_00765;FGSG_02972;FGSG_03747;FGSG_03894;FGSG_05610;FGSG_08493;FGSG_08774;FGSG_10444;FGSG_10922,1,uncharacterized protein,,2.126545694346018,5,-0.42683198091422,2.89246170255759e-05,0,0.4253521126760563
FGSG_04619,5,0.4318803718917047,2.12534207999823,FGSG_02326;FGSG_02327;FGSG_02328;FGSG_02329;FGSG_08083,2,uncharacterized protein,GO:0001172;GO:0003968,2.12534207999823,5,0.650677890261125,0.005294602765356,0,0.4251509054325956
FGSG_01392,7,0.45762624158079646,2.9618907424620193,FGSG_00743;FGSG_03894;FGSG_04589;FGSG_05610;FGSG_08774;FGSG_10922;FGSG_12180,1,homoisocitrate dehydrogenase,GO:0000287;GO:0005739;GO:0009085;GO:0047046;GO:0051287;GO:0055114,2.1247767963608806,5,-0.577889702290698,1.26989281553132e-07,0,0.42494969818913475
FGSG_01066,6,0.43761266436327706,2.5572686575959445,FGSG_02272;FGSG_02461;FGSG_03061;FGSG_03894;FGSG_05610;FGSG_13136,1,uncharacterized protein,GO:0008271;GO:0016021;GO:1902358,2.124105811143101,5,-0.767371549583456,3.53030557034164e-05,0,0.424748490945674
FGSG_06607,7,0.4465686533989951,2.975905157321031,FGSG_02272;FGSG_02461;FGSG_03061;FGSG_03894;FGSG_05610;FGSG_08774;FGSG_09012,1,uncharacterized protein,GO:0005048;GO:0005770;GO:0005794;GO:0007034;GO:0016021,2.123311011235519,5,-0.471827927331566,0.0002428890328276,0,0.4245472837022133
FGSG_03856,5,0.4333686056198491,2.1228930003032316,FGSG_02326;FGSG_02327;FGSG_02328;FGSG_02329;FGSG_11326,2,uncharacterized protein,GO:0008152;GO:0016787,2.1228930003032316,5,0.930788111480314,0.0005947534053638,0,0.42434607645875255
FGSG_05942,5,0.43412682480134085,2.122079943518826,FGSG_02326;FGSG_02327;FGSG_02328;FGSG_02329;FGSG_08083,2,uncharacterized protein,,2.122079943518826,5,0.699690296335004,8.38896177412309e-13,0,0.4241448692152917
FGSG_11756,6,0.4301930061740843,2.540740117460345,FGSG_02272;FGSG_02461;FGSG_03061;FGSG_05610;FGSG_09456;FGSG_09834,1,uncharacterized protein,,2.1218948053724014,5,-0.685400888049128,1.9275598360717e-05,0,0.423943661971831
FGSG_12864,2,0.424467088683876,0.8443548530368952,FGSG_00743;FGSG_03894,1,uncharacterized protein,GO:0003676;GO:0046872,0.424467088683876,1,-1.12628975780721,0.0023824202276908,1,0.4238765928906775
FGSG_07616,5,0.43157949670108475,2.121473093434656,FGSG_02326;FGSG_02327;FGSG_02328;FGSG_02329;FGSG_08083,2,uncharacterized protein,GO:0016021;GO:0022891;GO:0055085,2.121473093434656,5,0.739245753701642,0.0501955859605798,0,0.4235412474849094
FGSG_12916,8,0.45636744066402024,3.3540799003128354,FGSG_00743;FGSG_02272;FGSG_02461;FGSG_03061;FGSG_03894;FGSG_05610;FGSG_08774;FGSG_09012,1,uncharacterized protein,GO:0005525,2.119001415707907,5,-0.507042896740573,0.0999443928289529,0,0.42313883299798793
FGSG_03777,6,0.43891374762974145,2.521899602197113,FGSG_02324;FGSG_02327;FGSG_03842;FGSG_08082;FGSG_08083;FGSG_13952,2,uncharacterized protein,GO:0005737;GO:0006207;GO:0016627;GO:0019898;GO:0055114,2.1163225548956053,5,0.269891333626216,0.0263845063864602,0,0.4225352112676056
FGSG_07377,5,0.4373435066452797,2.1160380482205685,FGSG_02326;FGSG_02327;FGSG_02328;FGSG_02329;FGSG_11326,2,uncharacterized protein,GO:0005634;GO:0006334,2.1160380482205685,5,0.967519258575019,1.12267740835935e-09,0,0.4223340040241449
FGSG_02465,11,0.45361848682706807,4.598331758760354,FGSG_00007;FGSG_01866;FGSG_02326;FGSG_02327;FGSG_03532;FGSG_03539;FGSG_03842;FGSG_03881;FGSG_08081;FGSG_08083;FGSG_13952,2,uncharacterized protein,,2.115302901606694,5,0.39521462094014,0.0245418240329304,0,0.4219315895372233
FGSG_10865,5,0.42857173718852426,2.114030616489164,FGSG_02326;FGSG_02327;FGSG_02328;FGSG_02329;FGSG_08083,2,uncharacterized protein,GO:0005643;GO:0005783;GO:0016021;GO:0019031;GO:0031965;GO:0043495;GO:0044732;GO:0071790;GO:0090307,2.114030616489164,5,0.465532548143477,0.002799942096426,0,0.42152917505030185
FGSG_11347,8,0.433305464051736,3.3402459115051886,FGSG_01866;FGSG_02326;FGSG_02327;FGSG_02328;FGSG_02329;FGSG_03532;FGSG_08083;FGSG_08084,2,uncharacterized protein,GO:0008199;GO:0009712;GO:0018576;GO:0055114,2.113082856589731,5,0.332018556615749,0.0262810162302284,0,0.421327967806841
FGSG_09944,6,0.4267967557618998,2.5190952064157193,FGSG_01866;FGSG_02326;FGSG_02327;FGSG_02328;FGSG_02329;FGSG_08083,2,uncharacterized protein,GO:0008080,2.112688619316618,5,0.553461687552986,0.0179887785001023,0,0.4211267605633803
FGSG_01653,7,0.4405027388587017,2.9360412721986626,FGSG_02272;FGSG_02461;FGSG_03061;FGSG_03894;FGSG_05610;FGSG_08774;FGSG_09012,1,uncharacterized protein,GO:0003735;GO:0005763;GO:0032543,2.1126812095368197,5,-0.302954112150485,0.0202660105075027,0,0.42092555331991954
FGSG_10382,10,0.4701050799891611,4.190175193011486,FGSG_00743;FGSG_00765;FGSG_02272;FGSG_02461;FGSG_03061;FGSG_03894;FGSG_05368;FGSG_05610;FGSG_08493;FGSG_08774,1,uncharacterized protein,,2.1126390386635077,5,-0.579710444081036,7.2465264957933e-09,0,0.4207243460764587
FGSG_09712,7,0.46739134526455134,2.960351345784618,FGSG_00743;FGSG_03061;FGSG_03894;FGSG_05610;FGSG_08774;FGSG_10922;FGSG_12180,1,uncharacterized protein,GO:0000139;GO:0005096;GO:0005793;GO:0006888;GO:0006890;GO:0030126;GO:0043547;GO:0048205,2.11184804348934,5,-0.1538245840891,0.0627986864221062,0,0.42052313883299797
FGSG_13731,7,0.46563097240712026,2.9564202340259844,FGSG_00743;FGSG_02272;FGSG_03061;FGSG_03894;FGSG_05610;FGSG_08774;FGSG_10922,1,TBC1 domain family member 22A,GO:0005634;GO:0005739;GO:0005794;GO:0005829;GO:0016192,2.111460744245821,5,-0.359532073684651,0.007440484588695,0,0.42032193158953723
FGSG_00109,1,0.4031104713490055,0.4031104713490055,FGSG_09456,1,uncharacterized protein,GO:0008152;GO:0008483,0.4031104713490055,1,-1.49182367641775,0.0003551483052596,1,0.4202548625083837
FGSG_12352,10,0.44788642642967097,4.164731087344789,FGSG_00007;FGSG_01866;FGSG_02326;FGSG_02327;FGSG_03532;FGSG_03842;FGSG_03881;FGSG_08081;FGSG_08083;FGSG_13952,2,uncharacterized protein,GO:0016021;GO:0016740,2.1107463221938563,5,0.513682905822681,0.0220936066824946,0,0.4201207243460764
FGSG_04285,5,0.42704045333443685,2.110162053096813,FGSG_02326;FGSG_02327;FGSG_02328;FGSG_02329;FGSG_08083,2,vacuolar ATP synthase subunit D,GO:0042626;GO:0055085,2.110162053096813,5,0.283543931036031,0.0016045278729278,0,0.41991951710261566
FGSG_10639,5,0.4317127398719382,2.109778600097115,FGSG_02326;FGSG_02327;FGSG_02328;FGSG_02329;FGSG_08083,2,uncharacterized protein,GO:0000981;GO:0003677;GO:0005634;GO:0006351;GO:0006357;GO:0008270,2.109778600097115,5,0.509525284328327,0.0145263431476359,0,0.4197183098591549
FGSG_02761,8,0.4603377753634639,3.3526478858641116,FGSG_00743;FGSG_02972;FGSG_03747;FGSG_03894;FGSG_05610;FGSG_08774;FGSG_10922;FGSG_12180,1,uncharacterized protein,GO:0001405;GO:0030150;GO:0030674;GO:0051087,2.1092228779112014,5,-0.306550069527356,0.0028088126044742,0,0.4195171026156942
FGSG_01095,7,0.4297227430830756,2.924708580989928,FGSG_02320;FGSG_02326;FGSG_02327;FGSG_02328;FGSG_02329;FGSG_08078;FGSG_12211,2,uncharacterized protein,GO:0006508;GO:0008236,2.108754094030832,5,0.307762528392261,0.0005063108166033,0,0.41931589537223335
FGSG_03395,6,0.4273714508581371,2.519222943332126,FGSG_01866;FGSG_02326;FGSG_02327;FGSG_02328;FGSG_02329;FGSG_08083,2,uncharacterized protein,,2.108453847655663,5,0.644254901261322,0.0001197935608859,0,0.4191146881287726
FGSG_06197,7,0.45492417815282216,2.945759287718352,FGSG_00743;FGSG_03894;FGSG_04589;FGSG_05610;FGSG_08774;FGSG_10922;FGSG_12180,1,uncharacterized protein,GO:0008483,2.1080455018678874,5,-0.324230260802558,0.0008957809993574,0,0.4189134808853119
FGSG_00243,8,0.46044721459207444,3.3483688448843596,FGSG_00743;FGSG_00765;FGSG_02272;FGSG_03061;FGSG_03894;FGSG_05610;FGSG_08774;FGSG_10922,1,uncharacterized protein,,2.107308589865113,5,-0.559693261764439,2.14322792392769e-07,0,0.4185110663983903
FGSG_04657,9,0.42980134425777106,3.7290113128013362,FGSG_01866;FGSG_02326;FGSG_02327;FGSG_02328;FGSG_02329;FGSG_03532;FGSG_03543;FGSG_08083;FGSG_09064,2,uncharacterized protein,GO:0008152;GO:0016787,2.1070700966532674,5,0.846743282072029,2.50659854325812e-07,0,0.4183098591549296
FGSG_05940,5,0.4368640316538889,2.106168717791576,FGSG_02324;FGSG_02327;FGSG_03842;FGSG_08083;FGSG_13952,2,uncharacterized protein,GO:0005524,2.106168717791576,5,0.368312345366272,0.0313468956731736,0,0.41810865191146884
FGSG_09488,5,0.4332403330630605,2.1045360044892383,FGSG_03546;FGSG_03548;FGSG_04458;FGSG_09456;FGSG_09834,1,uncharacterized protein,GO:0005634;GO:0005829,2.1045360044892383,5,-0.540630546620975,1.4667950649715e-06,0,0.4179074446680081
FGSG_05133,6,0.435364302709686,2.5268345692572964,FGSG_00743;FGSG_03894;FGSG_04589;FGSG_08601;FGSG_10922;FGSG_12180,1,uncharacterized protein,GO:0005634;GO:0006413;GO:0006457;GO:0022627;GO:0051082;GO:0051787;GO:0070843;GO:0071630,2.1043303401335822,5,-0.509233676655754,3.71894595660964e-08,0,0.41770623742454727
FGSG_00190,6,0.44395671422036503,2.5479192863578755,FGSG_02272;FGSG_02461;FGSG_03061;FGSG_03894;FGSG_05610;FGSG_09012,1,uncharacterized protein,GO:0016021,2.1039625721375104,5,-0.402768458620614,0.0004772386012044,0,0.41750503018108653
FGSG_04129,6,0.43631340060888585,2.524669270666575,FGSG_00743;FGSG_03894;FGSG_04589;FGSG_08601;FGSG_10922;FGSG_12180,1,uncharacterized protein,GO:0016021,2.1018399418509377,5,-0.766306725415755,3.91743049197704e-16,0,0.4169014084507042
FGSG_02251,7,0.4389040184478323,2.9324711605973204,FGSG_00007;FGSG_01866;FGSG_02326;FGSG_02327;FGSG_03842;FGSG_08083;FGSG_13952,2,uncharacterized protein,GO:0003824;GO:0008152,2.1006866612821335,5,0.276935302259037,0.173493106925526,0,0.4167002012072435
FGSG_03413,5,0.4234275178512748,2.1002483445152094,FGSG_02326;FGSG_02327;FGSG_02328;FGSG_02329;FGSG_08083,2,uncharacterized protein,GO:0008270;GO:0016491;GO:0055114,2.1002483445152094,5,0.783023917055764,0.0420391168879645,0,0.41649899396378265
FGSG_13728,6,0.4485072557251144,2.5254737233073525,FGSG_00743;FGSG_03894;FGSG_04589;FGSG_05610;FGSG_10922;FGSG_12180,1,uncharacterized protein,GO:0000166;GO:0003729;GO:0006378;GO:0006379;GO:0010494;GO:0019013,2.0987165931190592,5,-0.252986967887813,0.0307282965491855,0,0.4162977867203219
FGSG_12056,5,0.4337354083916963,2.0986645371319783,FGSG_02326;FGSG_02327;FGSG_02328;FGSG_02329;FGSG_11326,2,uncharacterized protein,GO:0005488,2.0986645371319783,5,0.991476527382431,6.39605382372201e-34,0,0.4160965794768612
FGSG_02485,7,0.4437465540082792,2.9454708799010842,FGSG_02272;FGSG_02461;FGSG_03061;FGSG_03894;FGSG_05610;FGSG_08774;FGSG_09012,1,uncharacterized protein,GO:0006541;GO:0006725;GO:0008198;GO:0008270;GO:0016701;GO:0016740;GO:0051213;GO:0055114,2.09713839460566,5,-0.3162258865962,0.0224180252882622,0,0.41589537223340034
FGSG_04339,7,0.45217917639338023,2.9248410330149164,FGSG_02272;FGSG_02461;FGSG_03061;FGSG_03894;FGSG_05610;FGSG_08774;FGSG_09012,1,uncharacterized protein,GO:0005634;GO:0005829;GO:0006886;GO:0016021;GO:0016192;GO:0030897;GO:0031932;GO:0097576,2.0970381781909255,5,-0.236431797919714,0.0623611292485699,0,0.4156941649899396
FGSG_01888,5,0.4237651090702861,2.0957514295581756,FGSG_03546;FGSG_03548;FGSG_04458;FGSG_09456;FGSG_09834,1,uncharacterized protein,GO:0016021,2.0957514295581756,5,-0.756346761862108,8.43275535115508e-09,0,0.41529175050301814
FGSG_04259,5,0.4252033975181221,2.0951716432847274,FGSG_02324;FGSG_02325;FGSG_02327;FGSG_03842;FGSG_13952,2,uncharacterized protein,GO:0005622;GO:0007034,2.0951716432847274,5,0.238534125828824,0.0354723186035083,0,0.4150905432595573
FGSG_00706,8,0.46043511366518947,3.339244626890386,FGSG_00743;FGSG_00765;FGSG_02272;FGSG_03061;FGSG_03894;FGSG_05610;FGSG_08774;FGSG_10922,1,uncharacterized protein,GO:0004458;GO:0005743;GO:0009060;GO:0016021;GO:0044262;GO:0050660,2.091885485128253,5,-0.331985192590897,0.002799942096426,0,0.41488933601609657
FGSG_11090,7,0.4323857912270682,2.9025777656143976,FGSG_00007;FGSG_01866;FGSG_02326;FGSG_02327;FGSG_03842;FGSG_08083;FGSG_13952,2,uncharacterized protein,GO:0003824;GO:0009058,2.09133344365697,5,0.285692508977459,0.0892232491109725,0,0.4144869215291751
FGSG_05957,6,0.430441297089156,2.4977544447756115,FGSG_02324;FGSG_02327;FGSG_03842;FGSG_08082;FGSG_08083;FGSG_13952,2,uncharacterized protein,GO:0072380,2.0909027399327833,5,0.384729367596382,0.0258339219842392,0,0.41428571428571426
FGSG_01985,5,0.42414805295872,2.090161226011915,FGSG_02326;FGSG_02327;FGSG_02328;FGSG_02329;FGSG_08083,2,uncharacterized protein,GO:0008080,2.090161226011915,5,0.626170043962013,6.03630159323459e-05,0,0.4140845070422535
FGSG_12997,7,0.4462075717156299,2.929084960376149,FGSG_02272;FGSG_02461;FGSG_03061;FGSG_03894;FGSG_05610;FGSG_08774;FGSG_09012,1,uncharacterized protein,GO:0003735;GO:0005762;GO:0032543,2.0888199257978566,5,-0.488924835632208,0.0012901880780001,0,0.4138832997987928
FGSG_10948,5,0.43939943265799813,2.087436066168485,FGSG_02324;FGSG_02327;FGSG_03842;FGSG_08083;FGSG_13952,2,uncharacterized protein,,2.087436066168485,5,0.306185313411131,0.0461625811042295,0,0.41368209255533195
FGSG_04507,5,0.4329771918800811,2.086676313975659,FGSG_02324;FGSG_02327;FGSG_03842;FGSG_08083;FGSG_13952,2,uncharacterized protein,GO:0008289,2.086676313975659,5,0.630862065975788,0.0001326366852189,0,0.4134808853118712
FGSG_13194,5,0.42145761852467883,2.085600172790974,FGSG_02326;FGSG_02327;FGSG_02328;FGSG_02329;FGSG_08083,2,uncharacterized protein,,2.085600172790974,5,0.710231446485108,7.08434314383417e-08,0,0.41307847082494964
FGSG_02643,5,0.4248637286128624,2.084880703286455,FGSG_03546;FGSG_03548;FGSG_04458;FGSG_08601;FGSG_10347,1,uncharacterized protein,GO:0016021,2.084880703286455,5,-0.291233509753466,0.246222616891392,0,0.4126760563380282
FGSG_01962,6,0.436925991315174,2.49059362620352,FGSG_02272;FGSG_02461;FGSG_03061;FGSG_07075;FGSG_09456;FGSG_09834,1,argininosuccinate synthase,GO:0004055;GO:0005524;GO:0006526,2.0843243186249625,5,-0.700557962111706,8.01009002289542e-14,0,0.41247484909456744
FGSG_13825,6,0.4398370138177659,2.492680589952732,FGSG_00007;FGSG_02326;FGSG_02327;FGSG_03842;FGSG_08083;FGSG_13952,2,uncharacterized protein,GO:0005507;GO:0016021;GO:0016491;GO:0055114,2.0841361130930585,5,0.506662703974446,0.186862569375699,0,0.4122736418511066
FGSG_09198,5,0.42573400745836787,2.0825709105274757,FGSG_03546;FGSG_03547;FGSG_03548;FGSG_04458;FGSG_08601,1,uncharacterized protein,GO:0006631;GO:0016491;GO:0050151;GO:0055114;GO:0071949,2.0825709105274757,5,-0.823779992296594,1.88272863156238e-11,0,0.41207243460764587
FGSG_04654,6,0.41985228649024153,2.4842494402265407,FGSG_01866;FGSG_02326;FGSG_02327;FGSG_02328;FGSG_02329;FGSG_08083,2,uncharacterized protein,GO:0008061;GO:0016021,2.081744173823,5,0.909220019639698,3.21462612628603e-08,0,0.4116700201207243
FGSG_03847,7,0.43638958234847247,2.9181827086853973,FGSG_02272;FGSG_02461;FGSG_03061;FGSG_03894;FGSG_05610;FGSG_08774;FGSG_09012,1,uncharacterized protein,GO:0005739;GO:0016021,2.081342233420827,5,-0.909398473203596,1.52694751984792e-06,0,0.41146881287726356
FGSG_07455,6,0.4493329387172452,2.503596562424546,FGSG_00743;FGSG_02272;FGSG_03061;FGSG_03894;FGSG_05610;FGSG_09012,1,uncharacterized protein,GO:0016021,2.0810829322136972,5,-0.19048411106548,0.197163110306975,0,0.4112676056338028
FGSG_09784,6,0.4352842644018151,2.4837039790528364,FGSG_01866;FGSG_02326;FGSG_02327;FGSG_02328;FGSG_02329;FGSG_08083,2,serine/threonine-protein kinase RIO2,GO:0000462;GO:0004674;GO:0005487;GO:0005524;GO:0005634;GO:0005829;GO:0006468;GO:0006913;GO:0046830,2.08102674209173,5,0.223408601360566,0.0909546384361043,0,0.4110663983903421
FGSG_06294,5,0.42926266673875163,2.0803637735090605,FGSG_02326;FGSG_02327;FGSG_02328;FGSG_02329;FGSG_08083,2,uncharacterized protein,GO:0005634;GO:0005829;GO:0005844;GO:0006457;GO:0007021;GO:0015631;GO:0016272,2.0803637735090605,5,0.248079747254094,0.0314291591375574,0,0.41086519114688125
FGSG_01401,6,0.4235973433289674,2.4820005004549537,FGSG_01422;FGSG_02272;FGSG_03061;FGSG_03894;FGSG_05610;FGSG_10347,1,uncharacterized protein,,2.0796446615922624,5,-0.687668754937142,0.0377542979335571,0,0.4104627766599598
FGSG_00424,7,0.4211076721811724,2.885273025074534,FGSG_01866;FGSG_02326;FGSG_02327;FGSG_02328;FGSG_02329;FGSG_03532;FGSG_08083,2,uncharacterized protein,,2.0792214184851665,5,0.569117484250312,6.10559590446153e-12,0,0.41026156941649905
FGSG_07245,5,0.4215354094389572,2.0770668862207238,FGSG_03546;FGSG_03548;FGSG_04458;FGSG_09456;FGSG_09834,1,pre-mRNA-splicing factor rse-1,GO:0000245;GO:0003676;GO:0005686;GO:0071004,2.0770668862207238,5,-0.155050941696898,0.0867021643169809,0,0.4098591549295775
FGSG_06183,6,0.4329768410446387,2.50418511074983,FGSG_00743;FGSG_03061;FGSG_03894;FGSG_04589;FGSG_05610;FGSG_12180,1,ATP-dependent protease La,GO:0004176;GO:0004252;GO:0005524;GO:0005759;GO:0006515;GO:0034599;GO:0043565;GO:0051131;GO:0070407;GO:0090296,2.0738943543435946,5,-0.409813976591026,0.0012468905229713,0,0.40965794768611674
FGSG_07776,5,0.41920446621964363,2.0725636492596804,FGSG_02326;FGSG_02327;FGSG_02328;FGSG_02329;FGSG_08083,2,uncharacterized protein,GO:0016021;GO:0055085,2.0725636492596804,5,0.494695122694803,0.0004914632811008,0,0.40925553319919517
FGSG_07087,7,0.4524829646594562,2.896843584740906,FGSG_00743;FGSG_03894;FGSG_04589;FGSG_05610;FGSG_08774;FGSG_10922;FGSG_12180,1,uncharacterized protein,GO:0000436;GO:0006366;GO:0016602;GO:0043457;GO:0043565;GO:0046982,2.0724513119276757,5,-0.175633573780238,0.0894661733471921,0,0.40905432595573443
FGSG_07389,1,0.40751531335481395,0.40751531335481395,FGSG_02329,2,uncharacterized protein,GO:0016491;GO:0055114,0.40751531335481395,1,1.16432807202982,4.14376665315499e-06,1,0.40871898054996647
FGSG_12076,5,0.4182333468695986,2.071346213784252,FGSG_02326;FGSG_02327;FGSG_02328;FGSG_02329;FGSG_08083,2,uncharacterized protein,GO:0016021,2.071346213784252,5,0.49381296336223,0.0676923558107586,0,0.40865191146881286
FGSG_03482,7,0.44481812644767205,2.8869338269932703,FGSG_02272;FGSG_02461;FGSG_03061;FGSG_03894;FGSG_05610;FGSG_08774;FGSG_09012,1,uncharacterized protein,GO:0008080,2.071301837057253,5,-0.586791230631985,0.0522637179220421,0,0.4084507042253521
FGSG_10367,5,0.429032429064519,2.0704299209324972,FGSG_02326;FGSG_02327;FGSG_02328;FGSG_02329;FGSG_08083,2,uncharacterized protein,GO:0005634;GO:0005829,2.0704299209324972,5,0.189641080580852,0.0454447819035385,0,0.4082494969818913
FGSG_10848,5,0.4226044882022379,2.0663471516794827,FGSG_02324;FGSG_02325;FGSG_02326;FGSG_02327;FGSG_02328,2,uncharacterized protein,GO:0016021;GO:0016491;GO:0055114,2.0663471516794827,5,0.394425968431039,4.39754517767538e-05,0,0.40804828973843055
FGSG_04256,5,0.42434450374037835,2.066247858470301,FGSG_03894;FGSG_04458;FGSG_04589;FGSG_08601;FGSG_10347,1,uncharacterized protein,GO:0005634;GO:0005737;GO:0009058;GO:0030170;GO:0047536,2.066247858470301,5,-0.478410293973713,0.0040267929375338,0,0.4078470824949698
FGSG_07134,6,0.4279966289150627,2.475057263303123,FGSG_00743;FGSG_03894;FGSG_04589;FGSG_08601;FGSG_10922;FGSG_12180,1,uncharacterized protein,GO:0016021;GO:0055085,2.0655053694248178,5,-0.557770907458852,0.0004459326793137,0,0.4076458752515091
FGSG_03241,5,0.41637393989939037,2.064671548822763,FGSG_02326;FGSG_02327;FGSG_02328;FGSG_02329;FGSG_08083,2,uncharacterized protein,,2.064671548822763,5,0.932124528018848,0.00323068934579,0,0.4072434607645875
FGSG_08292,5,0.4222258604167212,2.064340276153137,FGSG_02324;FGSG_02325;FGSG_02326;FGSG_02327;FGSG_02328,2,uncharacterized protein,GO:0016021,2.064340276153137,5,0.423270167113144,0.0055219690335312,0,0.4070422535211268
FGSG_05461,10,0.4235838940096008,4.0903523027159725,FGSG_01866;FGSG_02326;FGSG_02327;FGSG_02328;FGSG_02329;FGSG_03532;FGSG_08077;FGSG_08079;FGSG_08083;FGSG_08084,2,uncharacterized protein,,2.059180598574347,5,0.680737848938894,0.0001157658750672,0,0.40684104627766604
FGSG_13091,5,0.4243136045946186,2.059115185482745,FGSG_02324;FGSG_02327;FGSG_03842;FGSG_08083;FGSG_13952,2,uncharacterized protein,GO:0016021,2.059115185482745,5,0.367362657571211,0.0400746052978909,0,0.4066398390342052
FGSG_04260,5,0.41868828793971646,2.0567525853411275,FGSG_03546;FGSG_03548;FGSG_04458;FGSG_09456;FGSG_09834,1,uncharacterized protein,GO:0016491;GO:0055114,2.0567525853411275,5,-0.455719293251293,5.27685734026676e-05,0,0.40643863179074446
FGSG_08974,5,0.42007010023554603,2.056746720611999,FGSG_02326;FGSG_02327;FGSG_02328;FGSG_02329;FGSG_08083,2,uncharacterized protein,,2.056746720611999,5,0.403606499645394,0.145087422400443,0,0.40623742454728373
FGSG_11383,5,0.4167814601917509,2.0560940220404778,FGSG_02326;FGSG_02327;FGSG_02328;FGSG_02329;FGSG_08083,2,uncharacterized protein,,2.0560940220404778,5,0.907081924849139,4.61980991154738e-05,0,0.406036217303823
FGSG_11549,5,0.4162745896502962,2.0552208661517444,FGSG_02324;FGSG_02326;FGSG_02327;FGSG_02328;FGSG_11326,2,uncharacterized protein,GO:0016491;GO:0055114,2.0552208661517444,5,0.896125542129664,0.0013960821626121,0,0.4056338028169014
FGSG_09111,9,0.41581381317896604,3.703186129775451,FGSG_02326;FGSG_02327;FGSG_02328;FGSG_02329;FGSG_03532;FGSG_03543;FGSG_08078;FGSG_08083;FGSG_09064,2,uncharacterized protein,GO:0000981;GO:0003677;GO:0005634;GO:0006351;GO:0006357;GO:0008270,2.055002758483816,5,0.981459989507434,6.39083337185076e-12,0,0.4054325955734407
FGSG_06612,6,0.41642795083329237,2.4555430364565365,FGSG_01866;FGSG_02326;FGSG_02327;FGSG_02328;FGSG_02329;FGSG_08083,2,uncharacterized protein,GO:0033609;GO:0045735,2.0537056687841604,5,0.510280619715703,7.11177589518845e-06,0,0.40523138832997985
FGSG_00236,1,0.4005994883457664,0.4005994883457664,FGSG_02329,2,uncharacterized protein,GO:0008270;GO:0016491;GO:0016747;GO:0055114,0.4005994883457664,1,1.41441311927647,0.0166624711662446,1,0.40503018108651917
FGSG_02862,6,0.41647863215310243,2.4538302806688272,FGSG_01866;FGSG_02326;FGSG_02327;FGSG_02328;FGSG_02329;FGSG_08083,2,uncharacterized protein,GO:0005975;GO:0016021;GO:0016758,2.0526813577726326,5,0.36866807900703,0.03048063809497,0,0.4050301810865191
FGSG_01195,6,0.4248809854955035,2.451845560029969,FGSG_02272;FGSG_02461;FGSG_03548;FGSG_09012;FGSG_09456;FGSG_09834,1,uncharacterized protein,GO:0005524;GO:0005750;GO:0006122;GO:0008270;GO:0016787;GO:0016874;GO:0030163,2.051399215968444,5,-0.622768723674421,7.38769155661087e-07,0,0.4048289738430584
FGSG_00299,5,0.4228107597546454,2.0500533760802293,FGSG_02324;FGSG_02325;FGSG_02327;FGSG_03842;FGSG_13952,2,uncharacterized protein,GO:0004573;GO:0009311,2.0500533760802293,5,0.287978826114877,0.0001467929538384,0,0.40462776659959754
FGSG_05974,5,0.4276707541365594,2.0499043938996016,FGSG_00330;FGSG_03546;FGSG_03548;FGSG_04458;FGSG_08601,1,uncharacterized protein,GO:0005509;GO:0006874;GO:0006884;GO:0015275;GO:0016021;GO:0070588;GO:0097038,2.0499043938996016,5,-0.512374416981746,0.000216255529478,0,0.4044265593561368
FGSG_10286,5,0.42893621647422914,2.0498549537875443,FGSG_02324;FGSG_02325;FGSG_02327;FGSG_02903;FGSG_11326,2,uncharacterized protein,GO:0003676;GO:0008270,2.0498549537875443,5,0.782003031839237,1.12611807815095e-12,0,0.4042253521126761
FGSG_11295,5,0.4258869403591283,2.0497598954570018,FGSG_02324;FGSG_02325;FGSG_02326;FGSG_02327;FGSG_11326,2,uncharacterized protein,GO:0003824;GO:0008152,2.0497598954570018,5,0.823952562536315,0.0239671790879928,0,0.40402414486921523
FGSG_09519,5,0.4165076571627652,2.048381357331286,FGSG_02326;FGSG_02327;FGSG_02328;FGSG_02329;FGSG_11326,2,uncharacterized protein,GO:0005634,2.048381357331286,5,0.78180679280416,0.0001689550225478,0,0.4038229376257545
FGSG_11097,5,0.41478320192343304,2.0443220481082034,FGSG_03546;FGSG_03548;FGSG_04458;FGSG_09456;FGSG_09834,1,uncharacterized protein,,2.0443220481082034,5,-0.538076350182812,5.11154057110728e-05,0,0.40362173038229376
FGSG_00750,5,0.41492006908315915,2.0442776910381575,FGSG_02326;FGSG_02327;FGSG_02328;FGSG_02329;FGSG_08083,2,uncharacterized protein,GO:0003677;GO:0005634;GO:0005829;GO:0046983,2.0442776910381575,5,0.415518492906163,0.0084110460966446,0,0.40342052313883303
FGSG_12769,5,0.41261888535065094,2.0430130617693747,FGSG_02326;FGSG_02327;FGSG_02328;FGSG_02329;FGSG_11326,2,uncharacterized protein,GO:0016021;GO:0055085,2.0430130617693747,5,0.478728290999123,0.058198361174224,0,0.4032193158953722
FGSG_01235,5,0.41713287546201294,2.0421516682438563,FGSG_02326;FGSG_02327;FGSG_02328;FGSG_02329;FGSG_08083,2,"oligo-1,6-glucosidase",GO:0005975;GO:0016787,2.0421516682438563,5,0.558820187530717,8.78149583382703e-06,0,0.40301810865191146
FGSG_03362,5,0.41484295200406707,2.04162958431962,FGSG_02326;FGSG_02327;FGSG_02328;FGSG_02329;FGSG_08083,2,uncharacterized protein,,2.04162958431962,5,0.631470981054982,0.0899359948944895,0,0.4028169014084507
FGSG_11998,5,0.4163201397208467,2.0412086861542784,FGSG_02326;FGSG_02327;FGSG_02328;FGSG_02329;FGSG_08083,2,uncharacterized protein,,2.0412086861542784,5,0.912916736026314,0.093293968171141,0,0.40261569416499
FGSG_12875,5,0.4205432166920476,2.0400565345310553,FGSG_00330;FGSG_03546;FGSG_03548;FGSG_04458;FGSG_08601,1,uncharacterized protein,GO:0000981;GO:0005634;GO:0006357;GO:0008270,2.0400565345310553,5,-0.828593431485778,4.7496607156934e-06,0,0.40241448692152915
FGSG_00488,5,0.4141607203187398,2.0386140215028035,FGSG_02326;FGSG_02327;FGSG_02328;FGSG_02329;FGSG_08083,2,uncharacterized protein,,2.0386140215028035,5,0.681125993920019,0.0552086890157673,0,0.4022132796780684
FGSG_05276,5,0.41740819132681456,2.037994079382787,FGSG_02271;FGSG_07075;FGSG_07528;FGSG_09456;FGSG_09834,1,uncharacterized protein,GO:0005634;GO:0005737;GO:0008536;GO:0008565;GO:0042991,2.037994079382787,5,-0.399663973138691,5.04546465386522e-08,0,0.4020120724346077
FGSG_02907,5,0.4138499523758846,2.034950714507617,FGSG_03546;FGSG_03548;FGSG_04458;FGSG_08601;FGSG_10347,1,uncharacterized protein,GO:0016021,2.034950714507617,5,-0.490728337001407,0.177370584869687,0,0.40181086519114684
FGSG_09715,5,0.40836748368100173,2.033647938919656,FGSG_02326;FGSG_02327;FGSG_02328;FGSG_02329;FGSG_08083,2,DNA-binding protein creA,GO:0003677;GO:0005634;GO:0006351;GO:0006355;GO:0046872,2.033647938919656,5,0.237784598422064,0.0007217935300442,0,0.4016096579476861
FGSG_07640,5,0.4147936758258887,2.0331630143282684,FGSG_02326;FGSG_02327;FGSG_02328;FGSG_02329;FGSG_08083,2,uncharacterized protein,GO:0016491;GO:0055114,2.0331630143282684,5,0.444384712306943,0.0395215412071757,0,0.4014084507042254
FGSG_10265,5,0.4151245241556022,2.0324923273850204,FGSG_02324;FGSG_02325;FGSG_02327;FGSG_03842;FGSG_13952,2,uncharacterized protein,GO:0016021,2.0324923273850204,5,0.317861528174054,0.0007859940927765,0,0.40120724346076453
FGSG_08628,6,0.4115368732485225,2.436568216484928,FGSG_00743;FGSG_03894;FGSG_04458;FGSG_04589;FGSG_08601;FGSG_10347,1,uncharacterized protein,GO:0003824;GO:0005739;GO:0005783;GO:0050662,2.0320081176850753,5,-0.265859858936813,0.0389537639744259,0,0.4010060362173038
FGSG_10918,5,0.4085616545551827,2.0280549112371915,FGSG_02326;FGSG_02327;FGSG_02328;FGSG_02329;FGSG_08083,2,uncharacterized protein,GO:0016021;GO:0016757,2.0280549112371915,5,0.311638667800783,0.0181522530936971,0,0.40060362173038233
FGSG_05828,5,0.40790178312561737,2.0274900177279407,FGSG_02324;FGSG_02326;FGSG_02327;FGSG_02328;FGSG_02329,2,uncharacterized protein,,2.0274900177279407,5,0.552994472639382,0.0554928428362332,0,0.40020120724346075
FGSG_03117,5,0.40774579485423945,2.023247373882029,FGSG_02326;FGSG_02327;FGSG_02328;FGSG_02329;FGSG_11326,2,uncharacterized protein,GO:0005488,2.023247373882029,5,0.948795439066302,0.0095193629374394,0,0.4
FGSG_10669,8,0.47261976309626186,3.503288027090005,FGSG_00743;FGSG_00765;FGSG_02272;FGSG_02461;FGSG_03061;FGSG_03894;FGSG_05610;FGSG_08774,1,uncharacterized protein,GO:0004638;GO:0005524;GO:0005737;GO:0006144;GO:0006189;GO:0046872,1.8035205113353432,4,-0.705219371772169,7.18154602658324e-06,0,0.3997987927565392
FGSG_05970,6,0.45384384326809035,2.635783285925579,FGSG_00743;FGSG_02272;FGSG_02461;FGSG_03061;FGSG_03894;FGSG_05610,1,uncharacterized protein,GO:0016021,1.7916326073459439,4,-0.920958485887679,0.07094701859782,0,0.39959758551307845
FGSG_01111,7,0.4605505530707824,3.039695691179608,FGSG_00743;FGSG_00765;FGSG_02272;FGSG_02461;FGSG_03061;FGSG_03894;FGSG_05610,1,6-phosphogluconate dehydrogenase,GO:0004616;GO:0005829;GO:0009051;GO:0050661;GO:0055114,1.783726724278041,4,-0.484008187247507,1.35069364287324e-06,0,0.3993963782696177
FGSG_06373,8,0.46199070594619496,3.4543500330945944,FGSG_00743;FGSG_00765;FGSG_02272;FGSG_02461;FGSG_03061;FGSG_03894;FGSG_05610;FGSG_08774,1,uncharacterized protein,GO:0005546;GO:0016197;GO:0030036;GO:0031932;GO:0038203,1.7756997153638414,4,-0.184416792702599,0.0309505026208222,0,0.399195171026157
FGSG_04193,8,0.4710235754548565,3.454555180420612,FGSG_00743;FGSG_00765;FGSG_02272;FGSG_02461;FGSG_03061;FGSG_03894;FGSG_05610;FGSG_08774,1,uncharacterized protein,,1.7663008928101236,4,-0.68032898691652,1.0550079624852e-06,0,0.39859154929577467
FGSG_01087,7,0.4625736069157148,3.045049775286381,FGSG_00743;FGSG_02272;FGSG_02461;FGSG_03061;FGSG_03894;FGSG_05610;FGSG_08774,1,uncharacterized protein,,1.7655733689274293,4,-0.557807251122791,0.0918977690006885,0,0.39839034205231394
FGSG_05177,8,0.4509779330626069,3.416519437412214,FGSG_00743;FGSG_00765;FGSG_02272;FGSG_02461;FGSG_03061;FGSG_03894;FGSG_05610;FGSG_08774,1,uncharacterized protein,,1.7651713839602494,4,-0.337542536508304,1.16884359859776e-09,0,0.3981891348088531
FGSG_08643,7,0.4492120312383289,3.004750028455196,FGSG_00765;FGSG_02272;FGSG_02461;FGSG_03061;FGSG_03894;FGSG_05610;FGSG_08774,1,uncharacterized protein,GO:0005938,1.7534133266847047,4,-0.425885153268525,6.49067356599201e-06,0,0.3975855130784708
FGSG_10895,7,0.4691392063218003,3.020442175907386,FGSG_00743;FGSG_02272;FGSG_02461;FGSG_03061;FGSG_03894;FGSG_05610;FGSG_08774,1,uncharacterized protein,GO:0000981;GO:0005634;GO:0006357;GO:0008270,1.7516080105971121,4,-0.47147032775315,0.0347439622704254,0,0.39738430583501005
FGSG_11638,1,0.4090009452779533,0.4090009452779533,FGSG_03894,1,uncharacterized protein,,0.4090009452779533,1,-1.04261608398977,0.0008249472568177,1,0.39731723675385644
FGSG_09824,8,0.45495017313670305,3.4050786757783325,FGSG_00007;FGSG_01866;FGSG_02327;FGSG_03539;FGSG_03842;FGSG_08082;FGSG_08083;FGSG_13952,2,uncharacterized protein,,1.74762708560528,4,0.430843109299619,0.0173231523912194,0,0.3969818913480885
FGSG_12712,7,0.4585833420797307,2.9899617240577308,FGSG_00743;FGSG_02272;FGSG_02461;FGSG_03061;FGSG_03894;FGSG_05610;FGSG_08774,1,uncharacterized protein,GO:0000723;GO:0000784;GO:0000981;GO:0003684;GO:0004003;GO:0006303;GO:0006357;GO:0008270;GO:0032508;GO:0042162;GO:0043564,1.7472614547726837,4,-0.29347765316673,0.0226798182923009,0,0.39678068410462775
FGSG_02104,1,0.4049817916983112,0.4049817916983112,FGSG_08601,1,uncharacterized protein,,0.4049817916983112,1,-1.1308079827831,0.0255379896184064,1,0.39664654594232057
FGSG_08384,8,0.468036290063151,3.408291408735445,FGSG_00743;FGSG_00765;FGSG_02272;FGSG_02461;FGSG_03061;FGSG_03894;FGSG_05610;FGSG_08774,1,uncharacterized protein,,1.7472099348979595,4,-0.248563959143401,0.0398479749645099,0,0.396579476861167
FGSG_06262,6,0.44378689937652555,2.5777524176002165,FGSG_00743;FGSG_02272;FGSG_02461;FGSG_03061;FGSG_03894;FGSG_05610,1,uncharacterized protein,GO:0046983,1.7469648145639614,4,-0.387409756012601,0.0003085102034541,0,0.39637826961770617
FGSG_09799,6,0.4558936531328212,2.593473142785702,FGSG_02272;FGSG_02461;FGSG_03061;FGSG_03894;FGSG_05610;FGSG_08774,1,uncharacterized protein,,1.7456388526838658,4,-0.456777693639365,0.0003544539489595,0,0.39617706237424544
FGSG_05571,9,0.46330364626504283,3.849141411498649,FGSG_00743;FGSG_00765;FGSG_01621;FGSG_02272;FGSG_02461;FGSG_03061;FGSG_03894;FGSG_05610;FGSG_08774,1,metal resistance protein YCF1,GO:0000329;GO:0005524;GO:0005794;GO:0006749;GO:0015127;GO:0015431;GO:0015723;GO:0016021;GO:0036246;GO:0042144;GO:0044604;GO:0045454;GO:0071996;GO:0098849,1.7450595470506534,4,-0.666883006468797,4.58427682376539e-13,0,0.3959758551307847
FGSG_11045,9,0.45181122310329863,3.8186780312560717,FGSG_00007;FGSG_01866;FGSG_02327;FGSG_03539;FGSG_03842;FGSG_03881;FGSG_08082;FGSG_08083;FGSG_13952,2,uncharacterized protein,GO:0051213;GO:0055114,1.7440938484315596,4,0.237394964314484,0.0122115411252246,0,0.39577464788732397
FGSG_03108,8,0.45075325648519665,3.414055494477267,FGSG_00007;FGSG_01866;FGSG_02327;FGSG_03539;FGSG_03842;FGSG_03881;FGSG_08083;FGSG_13952,2,uncharacterized protein,GO:0003676,1.7414804295181012,4,0.327663329426806,0.0009410478997354,0,0.39517102615694166
FGSG_05371,8,0.4735538458477038,3.4331825924325194,FGSG_00743;FGSG_00765;FGSG_02272;FGSG_02461;FGSG_03061;FGSG_03894;FGSG_05610;FGSG_08774,1,uncharacterized protein,GO:0004497;GO:0005634;GO:0005829;GO:0055114,1.7405682838954446,4,-0.607032158108296,1.19764774598988e-06,0,0.39496981891348093
FGSG_11918,5,0.4450175611585908,2.1684284018827613,FGSG_00743;FGSG_02272;FGSG_03061;FGSG_03894;FGSG_05610,1,uncharacterized protein,,1.7385009586990372,4,-1.01387192755172,0.0543849391583077,0,0.3947686116700201
FGSG_13725,7,0.45692373877148834,2.978222146198928,FGSG_00743;FGSG_00765;FGSG_02272;FGSG_02461;FGSG_03061;FGSG_03894;FGSG_05610,1,spermidine synthase,GO:0005829;GO:0006595;GO:0016740,1.7367782523051583,4,-0.530721000384918,1.37408887848888e-05,0,0.3943661971830986
FGSG_01170,6,0.442653721629895,2.5883972864794416,FGSG_02272;FGSG_02461;FGSG_03061;FGSG_03894;FGSG_05610;FGSG_08774,1,uncharacterized protein,GO:0005783;GO:0005794;GO:0009055;GO:0015035;GO:0015038;GO:0016021;GO:0031965;GO:0042175;GO:0045454;GO:0055114,1.7367216878884875,4,-0.514407031165178,3.6709378217684e-05,0,0.3941649899396379
FGSG_04085,1,0.40820389822257885,0.40820389822257885,FGSG_09834,1,uncharacterized protein,GO:0004335;GO:0005524;GO:0005737;GO:0006012;GO:0046835,0.40820389822257885,1,-1.03198632756845,4.89099670014419e-16,1,0.39416498993963783
FGSG_11339,10,0.4489790282583542,4.2361815448652544,FGSG_00007;FGSG_01866;FGSG_02327;FGSG_03539;FGSG_03842;FGSG_03881;FGSG_08081;FGSG_08082;FGSG_08083;FGSG_13952,2,uncharacterized protein,GO:0016021;GO:0022891;GO:0055085,1.735801186330622,4,0.775958021651146,0.0858556374320399,0,0.39396378269617705
FGSG_13607,8,0.46060712901829187,3.3979441128662673,FGSG_00743;FGSG_00765;FGSG_02272;FGSG_02461;FGSG_03061;FGSG_03894;FGSG_05610;FGSG_08774,1,uncharacterized protein,GO:0006511;GO:0008540,1.7357949156974162,4,-0.334175374258874,0.0042631305550116,0,0.3937625754527163
FGSG_01521,7,0.46246008715826226,2.981673414265684,FGSG_00743;FGSG_02272;FGSG_02461;FGSG_03061;FGSG_03894;FGSG_05610;FGSG_08774,1,uncharacterized protein,GO:0008152;GO:0016021;GO:0016787,1.734245928432468,4,-0.206782900670927,0.360617848428549,0,0.3935613682092556
FGSG_11193,7,0.43674042811202113,2.9660901278956637,FGSG_00743;FGSG_01422;FGSG_02272;FGSG_02461;FGSG_03061;FGSG_03894;FGSG_05610,1,uncharacterized protein,GO:0045151;GO:0047605,1.7332111830937813,4,-0.447210388148712,0.0731127282818416,0,0.39336016096579474
FGSG_09009,6,0.44633555733193647,2.557005051680807,FGSG_00743;FGSG_02272;FGSG_02461;FGSG_03061;FGSG_03894;FGSG_05610,1,uncharacterized protein,GO:0003723;GO:0004525;GO:0006396;GO:0090502,1.7312964055617541,4,-0.233171936652021,0.0765942012103805,0,0.393158953722334
FGSG_11932,2,0.4082803572880333,0.8145363454514813,FGSG_00765;FGSG_03894,1,uncharacterized protein,,0.4082803572880333,1,-1.02386946376752,6.94459538747377e-16,1,0.3928236083165661
FGSG_05674,7,0.447654565260214,2.9630181355184675,FGSG_00007;FGSG_02327;FGSG_03539;FGSG_03842;FGSG_08082;FGSG_08083;FGSG_13952,2,uncharacterized protein,GO:0016021,1.7300234592189248,4,0.328470449300464,0.0270723975023536,0,0.3927565392354124
FGSG_02705,8,0.45509497351077755,3.375563994974206,FGSG_00743;FGSG_00765;FGSG_02272;FGSG_02461;FGSG_03061;FGSG_03894;FGSG_05610;FGSG_08774,1,uncharacterized protein,,1.729123272587914,4,-0.522642118618376,0.0009812660509511,0,0.3925553319919517
FGSG_02606,6,0.46606227323361543,2.580309237397445,FGSG_00743;FGSG_03894;FGSG_05610;FGSG_08774;FGSG_10922;FGSG_12180,1,30S ribosomal protein S10,GO:0003735;GO:0005739;GO:0005840;GO:0032543,1.7289073347139678,4,-0.249928648789739,0.0127348968014076,0,0.39235412474849096
FGSG_09765,7,0.4433574334541568,2.9664542455024088,FGSG_00743;FGSG_00765;FGSG_02272;FGSG_02461;FGSG_03061;FGSG_03894;FGSG_05610,1,uncharacterized protein,,1.7263843056518393,4,-0.717212504962967,1.43499183593898e-09,0,0.3919517102615694
FGSG_10383,6,0.47172059103998015,2.5787230325623094,FGSG_00743;FGSG_03894;FGSG_05610;FGSG_08774;FGSG_10922;FGSG_12180,1,uncharacterized protein,GO:0016021,1.7239909094832568,4,-0.922718968043217,6.21127217940857e-05,0,0.3915492957746479
FGSG_05105,1,0.40047573292861977,0.40047573292861977,FGSG_02329,2,uncharacterized protein,GO:0000217;GO:0000799;GO:0003680;GO:0003682;GO:0005524;GO:0007076;GO:0007130;GO:0010032;GO:0051307;GO:0070058;GO:0070550,0.40047573292861977,1,1.25054791574371,2.77577951930814e-20,1,0.3914822266934943
FGSG_09966,5,0.44023058427168205,2.1553043136383456,FGSG_02272;FGSG_02461;FGSG_03061;FGSG_03894;FGSG_05610,1,uncharacterized protein,GO:0001731;GO:0003729;GO:0003743;GO:0005850;GO:0016282;GO:0031369;GO:0043614,1.722213982152859,4,-0.231779144698214,0.0052258083344612,0,0.3913480885311871
FGSG_03426,6,0.448230982542021,2.5441189030381564,FGSG_00007;FGSG_02327;FGSG_03842;FGSG_08082;FGSG_08083;FGSG_13952,2,uncharacterized protein,GO:0016491;GO:0016884;GO:0055114,1.7207069915754676,4,0.594880633027875,0.0002031607213473,0,0.3909456740442656
FGSG_05646,6,0.45065751373564883,2.554379417076529,FGSG_00743;FGSG_02272;FGSG_02461;FGSG_03061;FGSG_03894;FGSG_05610,1,uncharacterized protein,GO:0000981;GO:0003677;GO:0005634;GO:0006351;GO:0006357;GO:0008270,1.7160374737064172,4,-0.524520813929182,0.0701945370871331,0,0.39054325955734404
FGSG_07155,6,0.4611184688134144,2.5558644872550236,FGSG_00743;FGSG_03894;FGSG_05610;FGSG_08774;FGSG_10922;FGSG_12180,1,uncharacterized protein,GO:0004842;GO:0005634;GO:0005829;GO:0006449;GO:0008270;GO:0016567,1.7151881332101764,4,-0.274868988413778,0.00616155861358,0,0.3903420523138833
FGSG_07368,1,0.4067955079384722,0.4067955079384722,FGSG_02271,1,uncharacterized protein,GO:0000981;GO:0003677;GO:0005634;GO:0006351;GO:0006357;GO:0008270,0.4067955079384722,1,-1.03150398137148,9.201269741589181e-19,1,0.39020791415157613
FGSG_05643,8,0.4604389304923856,3.3826223267673,FGSG_00743;FGSG_00765;FGSG_02272;FGSG_02461;FGSG_03061;FGSG_03894;FGSG_05610;FGSG_08774,1,uncharacterized protein,,1.7147578841886104,4,-0.758792061955668,9.00258185316147e-12,0,0.39014084507042257
FGSG_11978,7,0.4626147776417171,2.9684553161762266,FGSG_00743;FGSG_02272;FGSG_02461;FGSG_03061;FGSG_03894;FGSG_05610;FGSG_08774,1,uncharacterized protein,,1.7121389393922302,4,-0.251908336137887,0.0036723839143657,0,0.389738430583501
FGSG_04827,7,0.44809005414715053,2.9509733897336865,FGSG_00007;FGSG_02327;FGSG_03539;FGSG_03842;FGSG_08082;FGSG_08083;FGSG_13952,2,uncharacterized protein,GO:0016021;GO:0055085,1.7109767593991934,4,0.499245609380144,0.0013051249327846,0,0.3893360160965794
FGSG_04038,5,0.4406704691190881,2.1232273124136887,FGSG_02327;FGSG_03842;FGSG_08082;FGSG_08083;FGSG_13952,2,XPA-binding protein 1,GO:0003924;GO:0005829;GO:0007064;GO:0016887;GO:0044376,1.7084139995694385,4,0.20398990046357,0.0633521318205373,0,0.38893360160965795
FGSG_04659,6,0.44178999779426603,2.5571748942518338,FGSG_00007;FGSG_02327;FGSG_03539;FGSG_03842;FGSG_08083;FGSG_13952,2,uncharacterized protein,GO:0016021;GO:0055085,1.707790890588432,4,0.304043017132579,0.0392634699930288,0,0.3887323943661972
FGSG_08816,4,0.4341095291567501,1.7073288018405504,FGSG_02326;FGSG_02327;FGSG_02328;FGSG_02329,2,uncharacterized protein,GO:0016491;GO:0055114,1.7073288018405504,4,0.366874379984852,0.0033100586726597,0,0.3885311871227364
FGSG_00639,4,0.4320143285103385,1.7066279149931072,FGSG_02326;FGSG_02327;FGSG_02328;FGSG_02329,2,tubulin alpha chain,GO:0003924;GO:0005200;GO:0005525;GO:0005737;GO:0005874;GO:0007017,1.7066279149931072,4,0.198097783184129,0.002147030107224,0,0.38832997987927564
FGSG_00209,6,0.44309042862758663,2.5140469623375523,FGSG_00007;FGSG_02327;FGSG_03842;FGSG_08082;FGSG_08083;FGSG_13952,2,uncharacterized protein,GO:0016021,1.7064955992883213,4,0.676078892261303,0.0230359520512865,0,0.3881287726358149
FGSG_07842,5,0.44288167733649236,2.1329510017558726,FGSG_00743;FGSG_03894;FGSG_04589;FGSG_10922;FGSG_12180,1,uncharacterized protein,GO:0010181;GO:0016491;GO:0055114,1.7060167925523957,4,-0.590426623558092,2.31432149945493e-05,0,0.3879275653923541
FGSG_02512,5,0.44531879610768926,2.126297690851361,FGSG_00743;FGSG_03894;FGSG_04589;FGSG_10922;FGSG_12180,1,uncharacterized protein,,1.704608760471774,4,-0.274698896283561,0.0100090739744482,0,0.38772635814889334
FGSG_02702,7,0.4456450598065987,2.949017185930104,FGSG_00765;FGSG_02272;FGSG_02461;FGSG_03061;FGSG_03894;FGSG_05610;FGSG_08774,1,uncharacterized protein,GO:0000294;GO:0004521;GO:0005634;GO:0005829;GO:0032790;GO:0043022;GO:0046872;GO:0070317;GO:0070481;GO:0070651;GO:0070966;GO:0071025;GO:0090502,1.7040217776559075,4,-0.750631259060967,3.08017112359787e-10,0,0.3875251509054326
FGSG_10973,1,0.4015552827436066,0.4015552827436066,FGSG_08078,2,uncharacterized protein,GO:0016021,0.0,0,1.81593655234244,1.0316557673461e-15,1,0.38725687458081826
FGSG_08659,6,0.4622641344757968,2.5444845888607217,FGSG_00743;FGSG_03894;FGSG_05610;FGSG_08774;FGSG_10922;FGSG_12180,1,uncharacterized protein,GO:0016021,1.7020295630107007,4,-0.5201029417731,4.41384406000013e-05,0,0.3871227364185111
FGSG_13624,5,0.4355944633519307,2.1154059404605694,FGSG_02272;FGSG_02461;FGSG_03061;FGSG_03894;FGSG_05610,1,uncharacterized protein,,1.6995271515107362,4,-0.802144414655811,0.110767444293395,0,0.3869215291750503
FGSG_12138,7,0.4481532120302737,2.9435317433397867,FGSG_00765;FGSG_02272;FGSG_02461;FGSG_03061;FGSG_03894;FGSG_05610;FGSG_08774,1,uncharacterized protein,GO:0016021,1.699219598559461,4,-0.426863997827762,5.16653693552821e-08,0,0.38672032193158956
FGSG_01867,8,0.4550620478975824,3.3417965919380186,FGSG_00743;FGSG_00765;FGSG_02272;FGSG_02461;FGSG_03061;FGSG_03894;FGSG_05610;FGSG_08774,1,uncharacterized protein,GO:0016491;GO:0055114,1.69793687047573,4,-0.745382374442164,1.69158560075285e-07,0,0.38611670020120725
FGSG_06168,6,0.4562083291876078,2.5323986241051655,FGSG_02272;FGSG_02461;FGSG_03894;FGSG_05610;FGSG_08774;FGSG_09012,1,uncharacterized protein,GO:0003677;GO:0005634;GO:0006351;GO:0008270,1.6973038060205585,4,-0.244804727537289,0.0104102729468007,0,0.3859154929577465
FGSG_08739,6,0.43171793686931664,2.516225997925579,FGSG_00765;FGSG_02272;FGSG_02461;FGSG_03061;FGSG_03894;FGSG_05610,1,uncharacterized protein,GO:0005509;GO:0005544,1.6969610879581716,4,-0.510700072919827,7.32976442452835e-08,0,0.3857142857142857
FGSG_12489,10,0.4489045204319434,4.175996218570317,FGSG_00007;FGSG_01866;FGSG_02326;FGSG_02327;FGSG_03532;FGSG_03535;FGSG_03881;FGSG_07896;FGSG_08083;FGSG_13952,2,uncharacterized protein,GO:0016021;GO:0016787,1.6968907194988316,4,0.463195889881803,0.0105568238838666,0,0.38551307847082494
FGSG_10807,7,0.4631535069645998,2.9412228668616596,FGSG_00743;FGSG_03747;FGSG_03894;FGSG_05610;FGSG_08493;FGSG_08774;FGSG_10922,1,uncharacterized protein,GO:0016021;GO:0016491;GO:0055114,1.6952759892294393,4,-0.61743447585623,1.53724393019072e-07,0,0.38511066398390337
FGSG_05737,6,0.4469532478632236,2.5347671790581052,FGSG_02272;FGSG_02461;FGSG_03061;FGSG_03894;FGSG_05610;FGSG_08774,1,uncharacterized protein,GO:0000166;GO:0003676;GO:0005685;GO:0006376;GO:0048026;GO:0071004,1.694845290135329,4,-0.57175187253265,5.8469349319618305e-09,0,0.38490945674044263
FGSG_09531,7,0.4682745250566263,2.9389980973471466,FGSG_00743;FGSG_02272;FGSG_02461;FGSG_03894;FGSG_05610;FGSG_08774;FGSG_10922,1,uncharacterized protein,GO:0003735;GO:0003924;GO:0005200;GO:0005525;GO:0005634;GO:0005762;GO:0005874;GO:0007017;GO:0019843;GO:0032543,1.6922272579795488,4,-0.245724334001181,0.023389895079185,0,0.38390342052313886
FGSG_01355,5,0.4282923355448575,2.1160608371483223,FGSG_02272;FGSG_02461;FGSG_03061;FGSG_03894;FGSG_05610,1,uncharacterized protein,GO:0005829;GO:0018064;GO:0042038,1.6898586176159316,4,-0.265529477845198,0.09254232974043,0,0.3837022132796781
FGSG_05544,6,0.4522624170549299,2.5160911090937437,FGSG_00743;FGSG_03894;FGSG_05610;FGSG_08774;FGSG_10922;FGSG_12180,1,uncharacterized protein,GO:0007165,1.6893201855479085,4,-0.285737190541964,0.0136355332653229,0,0.38329979879275655
FGSG_05855,6,0.4535813246920669,2.5250063622175376,FGSG_00743;FGSG_03894;FGSG_05610;FGSG_08774;FGSG_10922;FGSG_12180,1,uncharacterized protein,GO:0003677;GO:0005634;GO:0005737;GO:0008168;GO:0008270;GO:0016706;GO:0032259;GO:0034649;GO:0034720;GO:0055114;GO:0097549,1.6891391890548346,4,-0.365980375430279,0.0040476687816348,0,0.38309859154929576
FGSG_10752,4,0.4321828748530989,1.6890882657692718,FGSG_02324;FGSG_02327;FGSG_03842;FGSG_13952,2,uncharacterized protein,GO:0016021,1.6890882657692718,4,0.304086780756596,0.0003252005724208,0,0.382897384305835
FGSG_08377,7,0.45178025007109196,2.927940259440534,FGSG_00743;FGSG_00765;FGSG_02272;FGSG_03061;FGSG_03894;FGSG_05610;FGSG_08774,1,uncharacterized protein,GO:0004497;GO:0005506;GO:0016021;GO:0016705;GO:0020037;GO:0055114,1.6890554772928834,4,-0.613559143921582,0.0001286785195617,0,0.38269617706237424
FGSG_09399,4,0.42759799366637286,1.688306776963684,FGSG_02326;FGSG_02327;FGSG_02328;FGSG_02329,2,uncharacterized protein,GO:0006487;GO:0008250;GO:0016021;GO:0016740,1.688306776963684,4,0.378344188626068,3.11139237822655e-05,0,0.3824949698189135
FGSG_01163,6,0.4534619478484101,2.5171288266132725,FGSG_00743;FGSG_00765;FGSG_02272;FGSG_03061;FGSG_03894;FGSG_05610,1,uncharacterized protein,,1.68703630244752,4,-0.403919141550283,7.54517174479821e-05,0,0.3822937625754527
FGSG_07411,5,0.4281212005567956,2.1013399493705602,FGSG_00743;FGSG_03894;FGSG_04589;FGSG_10922;FGSG_12180,1,uncharacterized protein,GO:0016021;GO:0055085,1.6856061287686555,4,-0.896833184493991,5.982620552024981e-09,0,0.3818913480885312
FGSG_09567,5,0.43759546828680856,2.1142118479222356,FGSG_00743;FGSG_02272;FGSG_03061;FGSG_03894;FGSG_05610,1,uncharacterized protein,GO:0016021;GO:0055085,1.685261353268816,4,-0.738826065248312,0.00097096855007,0,0.38169014084507047
FGSG_03694,4,0.4250275205241599,1.6828821830480856,FGSG_02326;FGSG_02327;FGSG_02328;FGSG_02329,2,argininosuccinate lyase,GO:0004056;GO:0005829;GO:0042450;GO:0051262,1.6828821830480856,4,0.417995956329652,0.0010138074986519,0,0.3814889336016096
FGSG_10098,4,0.4343337633191396,1.6812666875623135,FGSG_02324;FGSG_02327;FGSG_03842;FGSG_13952,2,uncharacterized protein,GO:0008152;GO:0016021;GO:0019120;GO:0055085,1.6812666875623135,4,0.439210256650013,4.46908837207399e-06,0,0.3812877263581489
FGSG_05481,5,0.4356317445931762,2.116798195690857,FGSG_02271;FGSG_02272;FGSG_02461;FGSG_03061;FGSG_05610,1,uncharacterized protein,GO:0008152;GO:0008483,1.681166451097681,4,-0.86944582752323,1.6119245503670002e-16,0,0.38108651911468816
FGSG_06381,9,0.44443749957014345,3.7511548947954516,FGSG_00007;FGSG_01866;FGSG_02327;FGSG_03532;FGSG_03539;FGSG_03842;FGSG_03881;FGSG_08083;FGSG_13952,2,uncharacterized protein,GO:0008152;GO:0016787,1.6811302231714622,4,0.517050157923973,0.0262997480036507,0,0.3808853118712273
FGSG_07942,5,0.44537873699427566,2.102360702172693,FGSG_00743;FGSG_02272;FGSG_03061;FGSG_03894;FGSG_05610,1,uncharacterized protein,GO:0004865;GO:0005634;GO:0005829;GO:0031139;GO:0035308;GO:0042149;GO:0045842;GO:0051286;GO:2001216,1.6790234228146697,4,-0.134595735292977,0.117419720368027,0,0.38048289738430585
FGSG_12879,5,0.42295004934520547,2.094579571881993,FGSG_02272;FGSG_02461;FGSG_03061;FGSG_03894;FGSG_05610,1,uncharacterized protein,,1.678650172555856,4,-0.969402205024367,0.0543856746688732,0,0.3800804828973843
FGSG_03798,4,0.42375251940162045,1.6784272251265226,FGSG_02324;FGSG_02327;FGSG_03842;FGSG_13952,2,uncharacterized protein,GO:0005779;GO:0016559,1.6784272251265226,4,0.598456503050662,0.03912485917029,0,0.37987927565392354
FGSG_10278,5,0.4318607274368461,2.1019643494365052,FGSG_00743;FGSG_03894;FGSG_04589;FGSG_10922;FGSG_12180,1,uncharacterized protein,GO:0005488;GO:0016021,1.676660853821939,4,-0.548555697217233,0.0031169366408337,0,0.379476861167002
FGSG_02048,5,0.43039777587417444,2.085152615905761,FGSG_02272;FGSG_02461;FGSG_03061;FGSG_03894;FGSG_05610,1,uncharacterized protein,,1.6766368356173305,4,-0.223982091311104,0.0561870417267082,0,0.37927565392354123
FGSG_01003,5,0.4324614649251554,2.0872882777991824,FGSG_00743;FGSG_03894;FGSG_04589;FGSG_10922;FGSG_12180,1,uncharacterized protein,GO:0016021,1.676489208679711,4,-0.919807221349611,0.000487347674795,0,0.3790744466800805
FGSG_05311,5,0.42706642126152256,2.083820821274377,FGSG_02271;FGSG_02272;FGSG_02461;FGSG_03061;FGSG_05610,1,uncharacterized protein,GO:0016788,1.674800318414621,4,-0.918092128267377,1.83795730389972e-05,0,0.3788732394366197
FGSG_00319,6,0.43728788406602664,2.482809346542566,FGSG_02272;FGSG_02461;FGSG_03894;FGSG_05610;FGSG_08774;FGSG_09012,1,uncharacterized protein,GO:0001300;GO:0002098;GO:0005634;GO:0005829;GO:0016300;GO:0030488;GO:0035690,1.6741192033029801,4,-0.402237377618178,0.0526565905373152,0,0.3786720321931589
FGSG_07492,4,0.4235722501355103,1.672768512251268,FGSG_02326;FGSG_02327;FGSG_02328;FGSG_02329,2,uncharacterized protein,GO:0004568;GO:0005975;GO:0006032,1.672768512251268,4,0.632012906184429,0.0265082433370699,0,0.37826961770623746
FGSG_04266,5,0.4225795438329701,2.073037712573681,FGSG_02272;FGSG_02461;FGSG_03061;FGSG_03894;FGSG_05610,1,uncharacterized protein,GO:0000407;GO:0005794;GO:0006888;GO:0007126;GO:0016050;GO:0030008;GO:0030242;GO:0031410;GO:0032258;GO:0034497;GO:0034727,1.6715212854230197,4,-0.306420741345272,0.0130638149803133,0,0.3780684104627766
FGSG_05689,5,0.4266325015771273,2.079168725086946,FGSG_02272;FGSG_02461;FGSG_03061;FGSG_03894;FGSG_05610,1,UDP-glucose 4-epimerase,GO:0003978;GO:0004034;GO:0005829;GO:0033499;GO:0050662,1.6709556326651716,4,-0.235706948217532,0.0297247126976515,0,0.37766599597585515
FGSG_09749,5,0.42942801755591253,2.0864804241112846,FGSG_02272;FGSG_02461;FGSG_03894;FGSG_05610;FGSG_09012,1,uncharacterized protein,GO:0016021,1.6708775082009018,4,-0.461805623010051,0.0016252095778016,0,0.3774647887323943
FGSG_07219,5,0.43596379205374175,2.1065467712731465,FGSG_02272;FGSG_02461;FGSG_03061;FGSG_03894;FGSG_05610,1,uncharacterized protein,GO:0000981;GO:0005634;GO:0006357;GO:0008270,1.670582979219405,4,-0.740787426694194,2.66330535359562e-05,0,0.3772635814889336
FGSG_10305,5,0.4286272545510553,2.0982755726647797,FGSG_02272;FGSG_02461;FGSG_03894;FGSG_05610;FGSG_09012,1,uncharacterized protein,GO:0005750;GO:0006122;GO:0008121;GO:0009060;GO:1902600,1.6696483181137243,4,-0.712030226230916,1.00182179530365e-05,0,0.37665995975855127
FGSG_00091,6,0.4362947054605029,2.480926470678298,FGSG_00743;FGSG_02272;FGSG_02461;FGSG_03061;FGSG_03894;FGSG_05610,1,uncharacterized protein,GO:0016740,1.6682470823410065,4,-1.06346538850171,0.0737026909996903,0,0.3762575452716298
FGSG_02044,5,0.42294607172727106,2.076516977130263,FGSG_00743;FGSG_03894;FGSG_04589;FGSG_10922;FGSG_12180,1,uncharacterized protein,,1.6673340230524816,4,-0.339272262708217,0.0006184818786416,0,0.376056338028169
FGSG_12415,1,0.40169582529746023,0.40169582529746023,FGSG_02329,2,uncharacterized protein,GO:0016021;GO:0055085,0.40169582529746023,1,1.06695890705507,3.0059665230486e-08,1,0.3758551307847083
FGSG_02567,5,0.43817499222493345,2.1054168796384003,FGSG_02272;FGSG_02461;FGSG_03061;FGSG_03894;FGSG_05610,1,uncharacterized protein,GO:0000725;GO:0000781;GO:0005634;GO:0006301;GO:0006348;GO:0006351;GO:0031151;GO:0031493;GO:0031573;GO:0034729;GO:0044783;GO:0051598;GO:0070911,1.667241887413467,4,-0.416232736778661,5.26402183387705e-06,0,0.3758551307847082
FGSG_06850,5,0.43343329457761737,2.0714235577237172,FGSG_03295;FGSG_03548;FGSG_03992;FGSG_09456;FGSG_09834,1,valyl-tRNA synthetase,GO:0002161;GO:0004832;GO:0005524;GO:0005739;GO:0006438;GO:0006450,1.6667773182263945,4,-0.609994394251268,4.4718695338429405e-15,0,0.3756539235412475
FGSG_11552,6,0.43736373190985955,2.476865581983395,FGSG_00007;FGSG_01866;FGSG_02326;FGSG_02327;FGSG_08083;FGSG_13952,2,uncharacterized protein,GO:0003677;GO:0005634;GO:0006351;GO:0008270;GO:0016021;GO:0055085,1.6659769385690484,4,0.647753506880148,0.021751107889114,0,0.3754527162977867
FGSG_00604,6,0.43784440749391124,2.4867489118205275,FGSG_02272;FGSG_02461;FGSG_03894;FGSG_05610;FGSG_08774;FGSG_09012,1,uncharacterized protein,GO:0004066;GO:0006529,1.6657444641618284,4,-0.245684725088443,0.20353965343042,0,0.37525150905432597
FGSG_13782,4,0.4221550543272418,1.6636293569005005,FGSG_03546;FGSG_03548;FGSG_04458;FGSG_08601,1,uncharacterized protein,,1.6636293569005005,4,-0.980562150558401,0.0409457757596249,0,0.3744466800804829
FGSG_00879,7,0.43584315416098973,2.8982320479085693,FGSG_00007;FGSG_01866;FGSG_02326;FGSG_02327;FGSG_03881;FGSG_08083;FGSG_13952,2,uncharacterized protein,,1.6634974575078476,4,0.773316197932406,0.0710994325055413,0,0.37424547283702214
FGSG_01070,5,0.43538533559393516,2.0984608870254755,FGSG_02271;FGSG_02272;FGSG_02461;FGSG_03061;FGSG_05610,1,uncharacterized protein,,1.66307555143154,4,-0.652179667642566,1.97850026281692e-12,0,0.3740442655935614
FGSG_01536,5,0.4234396974714901,2.085360581999551,FGSG_02272;FGSG_02461;FGSG_03061;FGSG_03894;FGSG_05610,1,uncharacterized protein,GO:0008270,1.6623176742397676,4,-0.432873730302196,3.88391952879845e-06,0,0.37384305835010057
FGSG_01439,5,0.41858048678655935,2.0733439014451314,FGSG_00743;FGSG_02272;FGSG_03061;FGSG_03894;FGSG_05610,1,uncharacterized protein,GO:0005829,1.6612196216022732,4,-0.259046016986627,0.0207082016739522,0,0.37364185110663983
FGSG_13716,5,0.42969078848735603,2.090761814222889,FGSG_02272;FGSG_02461;FGSG_03061;FGSG_03894;FGSG_05610,1,uncharacterized protein,,1.6610710257355334,4,-0.789425246900129,0.0012312636094909,0,0.3734406438631791
FGSG_13702,4,0.421815776871911,1.6607233626255617,FGSG_03546;FGSG_03547;FGSG_03548;FGSG_08601,1,uncharacterized protein,GO:0016021,1.6607233626255617,4,-0.953476467029676,1.68465782534675e-07,0,0.37323943661971826
FGSG_06236,7,0.4383564691973687,2.888303624218888,FGSG_00007;FGSG_01866;FGSG_02326;FGSG_02327;FGSG_03532;FGSG_08083;FGSG_13952,2,uncharacterized protein,,1.6593263985143394,4,0.3903660946052,0.0017155134081413,0,0.372635814889336
FGSG_11448,1,0.4020183740489178,0.4020183740489178,FGSG_02329,2,uncharacterized protein,,0.4020183740489178,1,1.02747375867735,0.0001543153120541,1,0.372635814889336
FGSG_09949,4,0.42160585042843707,1.6591925385296187,FGSG_02324;FGSG_02327;FGSG_03842;FGSG_13952,2,uncharacterized protein,GO:0016021;GO:0016740,1.6591925385296187,4,0.122746235791996,0.127808165341407,0,0.3724346076458752
FGSG_09400,7,0.4305426559417771,2.862143173763873,FGSG_00007;FGSG_01866;FGSG_02327;FGSG_03842;FGSG_08081;FGSG_08083;FGSG_13952,2,uncharacterized protein,GO:0008152;GO:0016021;GO:0016407,1.6585663950692655,4,0.336496302010623,0.0182333545588345,0,0.3722334004024145
FGSG_00655,4,0.4212487800911211,1.6581122866295974,FGSG_02324;FGSG_02327;FGSG_03842;FGSG_13952,2,uncharacterized protein,GO:0008270;GO:0016491;GO:0055114,1.6581122866295974,4,0.596147434674926,0.0003703289843557,0,0.37183098591549296
FGSG_08429,5,0.42893356858819065,2.0600400404993806,FGSG_03295;FGSG_03548;FGSG_07075;FGSG_09456;FGSG_09834,1,uncharacterized protein,GO:0004644;GO:0005634;GO:0005737;GO:0006189;GO:0046084,1.6579069057015277,4,-0.360318898652083,0.0003878481797218,0,0.37142857142857144
FGSG_02499,5,0.43715832535017135,2.093523307002906,FGSG_02272;FGSG_02461;FGSG_03061;FGSG_03894;FGSG_05610,1,uncharacterized protein,GO:0000329;GO:0005302;GO:0006868;GO:0007034;GO:0015186;GO:0015188;GO:0015803;GO:0015828;GO:0016021;GO:0098655;GO:1902475,1.6563649816527346,4,-0.503625533811409,0.0002769281874339,0,0.37122736418511065
FGSG_05789,4,0.42077044441058137,1.6563342510683032,FGSG_02324;FGSG_02327;FGSG_03842;FGSG_13952,2,uncharacterized protein,GO:0000981;GO:0005634;GO:0006357;GO:0008270,1.6563342510683032,4,0.499703099749641,0.0752400230369967,0,0.37102615694164987
FGSG_07416,4,0.41789853538018895,1.6561555429336807,FGSG_02326;FGSG_02327;FGSG_02328;FGSG_02329,2,uncharacterized protein,GO:0005783;GO:0016021,1.6561555429336807,4,0.271863707490715,0.0244045283272998,0,0.37082494969818913
FGSG_05654,4,0.4159475355781221,1.655220396748852,FGSG_02326;FGSG_02327;FGSG_02328;FGSG_02329,2,uncharacterized protein,GO:0016021,1.655220396748852,4,0.671573693743891,0.0029737511161541,0,0.3702213279678068
FGSG_00504,4,0.41700542570570925,1.6550464941202248,FGSG_02326;FGSG_02327;FGSG_02328;FGSG_02329,2,DNA replication licensing factor mcm4,GO:0003682;GO:0003697;GO:0003724;GO:0003727;GO:0005524;GO:0030875;GO:0032508;GO:0033679;GO:0042555;GO:0043596;GO:0051301;GO:0097373;GO:1902450;GO:1902975;GO:1990518,1.6550464941202248,4,0.312838277636001,0.0504208626150093,0,0.3700201207243461
FGSG_03139,4,0.42092503429135186,1.654995475332254,FGSG_02326;FGSG_02327;FGSG_02328;FGSG_02329,2,uncharacterized protein,GO:0008422;GO:0030245;GO:0102483,1.654995475332254,4,0.82831187994332,0.0340115764867943,0,0.36981891348088536
FGSG_08419,4,0.41638253632936495,1.6537336923246497,FGSG_02326;FGSG_02327;FGSG_02328;FGSG_02329,2,uncharacterized protein,GO:0016021,1.6537336923246497,4,0.41652037352463,0.0069044418714652,0,0.3694164989939638
FGSG_13442,5,0.4198562354140974,2.071276649093504,FGSG_02271;FGSG_02272;FGSG_02461;FGSG_03061;FGSG_05610,1,uncharacterized protein,,1.6536743717752345,4,-0.722090799890947,0.023389895079185,0,0.36921529175050305
FGSG_00323,4,0.4279195210159673,1.6531964163818917,FGSG_03546;FGSG_03548;FGSG_04458;FGSG_08601,1,deoxyhypusine synthase,GO:0005634;GO:0005829;GO:0008612;GO:0034038,1.6531964163818917,4,-0.344662884052993,0.0228620791992493,0,0.3688128772635815
FGSG_02143,2,0.40369491212399333,0.8041908255442085,FGSG_02461;FGSG_03894,1,plasma membrane iron permease,GO:0005381;GO:0006827;GO:0033573,0.4004959134202151,1,-1.04538079673859,0.0012883374313169,1,0.36847753185781357
FGSG_10963,4,0.4192814595475853,1.6528617789732103,FGSG_02326;FGSG_02327;FGSG_08083;FGSG_13952,2,uncharacterized protein,GO:0005737;GO:0006457;GO:0007021;GO:0015631;GO:0016272;GO:0032968;GO:0051082,1.6528617789732103,4,0.21848775862884,0.130665809216914,0,0.36841046277665995
FGSG_05818,4,0.42116641090872353,1.6527918619772355,FGSG_02326;FGSG_02327;FGSG_02328;FGSG_02329,2,uncharacterized protein,GO:0016021,1.6527918619772355,4,0.228562017476213,0.441948697976736,0,0.36820925553319916
FGSG_01344,5,0.4231574270827289,2.0758621810002564,FGSG_02272;FGSG_02461;FGSG_03061;FGSG_03894;FGSG_05610,1,uncharacterized protein,GO:0000001;GO:0005634;GO:0005743;GO:0006873;GO:0016021;GO:1900208,1.6527047539175277,4,-0.659483100648489,1.53724393019072e-07,0,0.36800804828973843
FGSG_01501,5,0.4212321911608946,2.069839144530744,FGSG_02272;FGSG_02461;FGSG_03061;FGSG_03894;FGSG_05610,1,uncharacterized protein,GO:0000166;GO:0005507;GO:0016021;GO:0019829;GO:0030001;GO:0098655,1.6517782703601762,4,-0.264814563913816,0.0176679761719548,0,0.3676056338028169
FGSG_10231,5,0.42240999986901095,2.0703821622086798,FGSG_02272;FGSG_02461;FGSG_03061;FGSG_03894;FGSG_05610,1,NADH dehydrogenase flavoprotein 2,GO:0016491;GO:0046872;GO:0051537;GO:0055114,1.6517720076517408,4,-0.407228050388492,8.02593927285286e-06,0,0.3674044265593561
FGSG_04712,5,0.423568675377688,2.0602378127789844,FGSG_02272;FGSG_02461;FGSG_03061;FGSG_03894;FGSG_05610,1,uncharacterized protein,GO:0016021,1.6508911626495986,4,-0.560798242560732,0.114247236828945,0,0.3668008048289738
FGSG_11773,4,0.421895207167588,1.6502696713327942,FGSG_03894;FGSG_04589;FGSG_10922;FGSG_12180,1,uncharacterized protein,,1.6502696713327942,4,-0.504705086763409,0.100383646562111,0,0.3665995975855131
FGSG_02406,4,0.417009673758513,1.649838028640327,FGSG_02326;FGSG_02327;FGSG_02328;FGSG_02329,2,uncharacterized protein,GO:0016021;GO:0055085,1.649838028640327,4,0.836725970378438,2.72432764470728e-07,0,0.36639839034205235
FGSG_09074,4,0.42201036870687647,1.6492576740920164,FGSG_02327;FGSG_03842;FGSG_08083;FGSG_13952,2,uncharacterized protein,GO:0016021;GO:0022857;GO:0055085,1.6492576740920164,4,0.151920537495211,0.615115085852002,0,0.3661971830985915
FGSG_07557,4,0.4158057070729576,1.6486663572292684,FGSG_02326;FGSG_02327;FGSG_02328;FGSG_02329,2,uncharacterized protein,GO:0000122;GO:0001102;GO:0005634;GO:0005737;GO:0006012;GO:0016491;GO:0019210;GO:0033673;GO:0043433;GO:0055114,1.6486663572292684,4,0.98255340751855,0.0178669268945734,0,0.36539235412474846
FGSG_13736,4,0.42280520319236226,1.648492155290537,FGSG_02327;FGSG_03842;FGSG_08083;FGSG_13952,2,uncharacterized protein,GO:0005829;GO:0016491;GO:0055114,1.648492155290537,4,0.339964854659581,0.12344108142693,0,0.36519114688128773
FGSG_01314,5,0.43074318706762227,2.0792100756824037,FGSG_02272;FGSG_02461;FGSG_03061;FGSG_05610;FGSG_09456,1,eukaryotic translation initiation factor 3 subunit 7,GO:0001731;GO:0003743;GO:0005634;GO:0005829;GO:0006446;GO:0016282;GO:0033290;GO:0071540;GO:0071541,1.6484668886147815,4,-0.352110965841038,8.89713945490615e-05,0,0.364989939637827
FGSG_11803,4,0.4254274408082619,1.6458179400059343,FGSG_02326;FGSG_02327;FGSG_02329;FGSG_08083,2,uncharacterized protein,,1.6458179400059343,4,0.274974466351121,0.0336274339198977,0,0.3645875251509054
FGSG_02434,4,0.41719893595277496,1.6443811406625384,FGSG_02326;FGSG_02327;FGSG_02328;FGSG_02329,2,uncharacterized protein,,1.6443811406625384,4,0.652695594674015,4.96245878602582e-08,0,0.3641851106639839
FGSG_12179,5,0.4219004132077753,2.0603888518947793,FGSG_00743;FGSG_03894;FGSG_04589;FGSG_08601;FGSG_12180,1,uncharacterized protein,GO:0005623;GO:0006662;GO:0015035;GO:0045454;GO:0055114,1.64176845356729,4,-0.496955078269829,9.16055009124257e-05,0,0.3637826961770624
FGSG_06448,4,0.41605217319148907,1.6406152799618092,FGSG_02326;FGSG_02327;FGSG_02328;FGSG_02329,2,uncharacterized protein,GO:0000981;GO:0003677;GO:0005634;GO:0006351;GO:0006357;GO:0008270,1.6406152799618092,4,0.941173216281255,0.0076018204221808,0,0.36338028169014086
FGSG_03103,4,0.4132211443445766,1.6402003386747253,FGSG_02326;FGSG_02327;FGSG_02328;FGSG_02329,2,uncharacterized protein,,1.6402003386747253,4,0.896684937654855,0.0222745011912509,0,0.3631790744466801
FGSG_11262,4,0.4149869065437349,1.639915242324335,FGSG_02326;FGSG_02327;FGSG_02328;FGSG_02329,2,uncharacterized protein,GO:0000981;GO:0005634;GO:0006357;GO:0008270,1.639915242324335,4,0.944622479122966,0.0036261793121144,0,0.36277665995975855
FGSG_06265,4,0.4166638652690472,1.6374832666470314,FGSG_00330;FGSG_04458;FGSG_08601;FGSG_10347,1,uncharacterized protein,GO:0000139;GO:0005198;GO:0030127;GO:0090114,1.6374832666470314,4,-0.310135995234642,0.0037437289662029,0,0.36197183098591545
FGSG_07508,4,0.4115960746137591,1.637325626852923,FGSG_03546;FGSG_03548;FGSG_04458;FGSG_08601,1,uncharacterized protein,GO:0016787,1.637325626852923,4,-0.600219222437728,0.0462387934228344,0,0.3617706237424547
FGSG_12220,4,0.41473852781139764,1.6356037600417945,FGSG_02326;FGSG_02327;FGSG_02328;FGSG_02329,2,uncharacterized protein,GO:0004672;GO:0005524;GO:0006468,1.6356037600417945,4,0.518596845574205,0.245992381288938,0,0.3611670020120724
FGSG_12483,4,0.41605048710816783,1.6354675962989669,FGSG_02324;FGSG_02327;FGSG_03842;FGSG_13952,2,aldehyde reductase 1,GO:0016491;GO:0055114,1.6354675962989669,4,0.323468861223315,0.052784551664573,0,0.3609657947686117
FGSG_02786,4,0.4183275814210167,1.6351836905789239,FGSG_02326;FGSG_02327;FGSG_02328;FGSG_02329,2,uncharacterized protein,GO:0005524;GO:0016021;GO:0042626;GO:0055085,1.6351836905789239,4,0.980525618214919,5.96071623201912e-07,0,0.3607645875251509
FGSG_04571,4,0.4137242035355787,1.634042133008139,FGSG_02326;FGSG_02327;FGSG_02328;FGSG_02329,2,uncharacterized protein,GO:0004306;GO:0005634;GO:0005829;GO:0006646,1.634042133008139,4,0.726784881356971,8.21696649658055e-07,0,0.35995975855130785
FGSG_12683,5,0.4301696250375148,2.0638864263632,FGSG_02272;FGSG_02461;FGSG_03061;FGSG_05610;FGSG_09012,1,ubiquitin-conjugating enzyme E2 2,GO:0000209;GO:0000722;GO:0000724;GO:0000781;GO:0005524;GO:0005634;GO:0005829;GO:0006338;GO:0006348;GO:0006353;GO:0006366;GO:0010390;GO:0010620;GO:0016874;GO:0030433;GO:0030435;GO:0030466;GO:0031497;GO:0031571;GO:0033503;GO:0042138;GO:0042275;GO:0042276;GO:0042787;GO:0051569;GO:0061631;GO:0070987;GO:0071455;GO:0071596;GO:0071894;GO:0090089;GO:0097505;GO:1901487,1.6337168013256853,4,-0.758771533868826,5.88644598709294e-08,0,0.35975855130784706
FGSG_03252,4,0.4256074244542246,1.6328964044206655,FGSG_02324;FGSG_02325;FGSG_02327;FGSG_11326,2,uncharacterized protein,GO:0046872,1.6328964044206655,4,0.427206387094921,0.0024946378798328,0,0.35955734406438633
FGSG_02115,4,0.41516509762529,1.6312433680959693,FGSG_02327;FGSG_03842;FGSG_08083;FGSG_13952,2,uncharacterized protein,GO:0016021,1.6312433680959693,4,0.669519536562393,0.0688084326991338,0,0.35935613682092554
FGSG_13999,4,0.40915171083221286,1.6308239164213494,FGSG_02326;FGSG_02327;FGSG_02328;FGSG_02329,2,uncharacterized protein,,1.6308239164213494,4,0.955528153729407,0.0553808267155105,0,0.35915492957746475
FGSG_04189,5,0.4201775836342159,2.050277311509247,FGSG_02272;FGSG_02461;FGSG_03061;FGSG_03894;FGSG_05610,1,uncharacterized protein,GO:0008152;GO:0016787,1.630099727875031,4,-0.612441936832575,2.79364570036706e-06,0,0.3587525150905433
FGSG_00345,4,0.4095065879510573,1.6264374589168102,FGSG_02326;FGSG_02327;FGSG_02328;FGSG_02329,2,uncharacterized protein,GO:0016021;GO:0055085,1.6264374589168102,4,0.493249134648186,0.0694223097367207,0,0.3583501006036217
FGSG_07066,4,0.41100799537102367,1.626159081807055,FGSG_02272;FGSG_03061;FGSG_04590;FGSG_09834,1,uncharacterized protein,GO:0016021,1.626159081807055,4,-0.442873262910753,0.030715042562133,0,0.358148893360161
FGSG_01378,5,0.41269378839702636,2.032042957178215,FGSG_02326;FGSG_02327;FGSG_02328;FGSG_02329;FGSG_08078,2,uncharacterized protein,GO:0000981;GO:0003677;GO:0005634;GO:0006351;GO:0006357;GO:0008270,1.6256665031913426,4,0.479955489885431,2.29691349418222e-06,0,0.35794768611670025
FGSG_06764,4,0.41004662527742686,1.6256198466511096,FGSG_03548;FGSG_04458;FGSG_08601;FGSG_10347,1,uncharacterized protein,,1.6256198466511096,4,-0.185647318283903,0.195320913406842,0,0.3577464788732394
FGSG_04172,1,0.4075496591601173,0.4075496591601173,FGSG_02461,1,uncharacterized protein,GO:0016021,0.0,0,-1.31921950205881,1.70144091526135e-07,1,0.35761234071093234
FGSG_02416,5,0.4112714956245808,2.028137677596124,FGSG_02326;FGSG_02327;FGSG_02328;FGSG_02329;FGSG_08078,2,uncharacterized protein,,1.624768655538516,4,0.643770860613444,7.15197378202885e-14,0,0.35754527162977867
FGSG_08997,4,0.40918652430404845,1.6214734537264914,FGSG_02324;FGSG_02326;FGSG_02327;FGSG_02328,2,vacuolar protein 8,GO:0000011;GO:0000329;GO:0005794;GO:0016236;GO:0042144;GO:0043495;GO:0071255;GO:0071561;GO:0071562;GO:0071563,1.6214734537264914,4,0.139704810348842,0.148239481435933,0,0.35734406438631794
FGSG_11389,4,0.40828475950613086,1.6209781523544526,FGSG_02326;FGSG_02327;FGSG_02328;FGSG_02329,2,uncharacterized protein,GO:0004497;GO:0005506;GO:0016705;GO:0020037;GO:0055114,1.6209781523544526,4,0.33030214013995,0.310568434960509,0,0.35714285714285715
FGSG_08339,5,0.41084295795192355,2.0291058789616554,FGSG_02272;FGSG_02461;FGSG_03894;FGSG_05610;FGSG_09012,1,uncharacterized protein,GO:0005739,1.618262921009732,4,-0.367602364717736,0.0129027372501993,0,0.35653923541247484
FGSG_02154,4,0.4072184581635341,1.617336815155066,FGSG_02326;FGSG_02327;FGSG_02328;FGSG_02329,2,uncharacterized protein,,1.617336815155066,4,0.723327337823901,0.137915915856937,0,0.3563380281690141
FGSG_12573,4,0.40531508913042097,1.6100603785094918,FGSG_02325;FGSG_02326;FGSG_02327;FGSG_02328,2,uncharacterized protein,GO:0008152;GO:0016853,1.6100603785094918,4,0.410978886887982,0.0135608426146081,0,0.3561368209255533
FGSG_04575,9,0.44772326257478057,3.8110090525090494,FGSG_00007;FGSG_01866;FGSG_03539;FGSG_03842;FGSG_03881;FGSG_08081;FGSG_08082;FGSG_08083;FGSG_13952,2,uncharacterized protein,,1.313312916587024,3,0.264152082975775,0.0034037190921322,0,0.3557344064386318
FGSG_03260,9,0.4430725822555736,3.7964557123272376,FGSG_00007;FGSG_01866;FGSG_03539;FGSG_03842;FGSG_03881;FGSG_08081;FGSG_08082;FGSG_08083;FGSG_13952,2,uncharacterized protein,GO:0004497;GO:0005506;GO:0008168;GO:0016705;GO:0020037;GO:0032259;GO:0055114,1.3070461359273609,3,0.255359191887158,0.0636236538673982,0,0.355533199195171
FGSG_09003,6,0.46735583134376923,2.5569199848206443,FGSG_00743;FGSG_00765;FGSG_03894;FGSG_05610;FGSG_08774;FGSG_10922,1,uncharacterized protein,GO:0003735;GO:0005762;GO:0032543,1.3036505096786373,3,-0.473214186251721,0.0001157089532952,0,0.3553319919517103
FGSG_02753,8,0.4423985738143023,3.3788396864844286,FGSG_00007;FGSG_01866;FGSG_03539;FGSG_03842;FGSG_08081;FGSG_08082;FGSG_08083;FGSG_13952,2,uncharacterized protein,GO:0016491;GO:0055114,1.303501600369826,3,0.327668059070933,0.0066693149168684,0,0.3551307847082495
FGSG_11949,5,0.465467452386974,2.152028325041025,FGSG_00743;FGSG_03894;FGSG_05610;FGSG_08774;FGSG_10922,1,uncharacterized protein,GO:0016021,1.299920795981849,3,-0.544870950501704,0.223892339263507,0,0.3549295774647887
FGSG_07522,5,0.4556352803322619,2.13315697774291,FGSG_00743;FGSG_03894;FGSG_08774;FGSG_10922;FGSG_12180,1,uncharacterized protein,,1.2965945587350003,3,-0.839427925045621,0.0088932317219796,0,0.35472837022132797
FGSG_03435,8,0.4369835514800468,3.3413681241028286,FGSG_00007;FGSG_01866;FGSG_03539;FGSG_03842;FGSG_08081;FGSG_08082;FGSG_08083;FGSG_13952,2,uncharacterized protein,,1.2897373238691359,3,0.309956475685721,0.053511931226654,0,0.35392354124748493
FGSG_07873,7,0.46149767581964424,2.9467684526902405,FGSG_00743;FGSG_00765;FGSG_02272;FGSG_02461;FGSG_03894;FGSG_05610;FGSG_08774,1,uncharacterized protein,GO:0000329;GO:0005783;GO:0006511;GO:0006623;GO:0016021;GO:0030001,1.2889990178539465,3,-0.377007229773124,8.04844273171655e-06,0,0.35372233400402414
FGSG_02640,5,0.43604823656156466,2.1366692039836903,FGSG_00007;FGSG_03539;FGSG_03842;FGSG_08083;FGSG_13952,2,uncharacterized protein,GO:0004843;GO:0005737;GO:0008270;GO:0016579;GO:0043161;GO:0045721,1.2887367719467158,3,0.139408934465844,0.28917225337989,0,0.35352112676056335
FGSG_10969,8,0.4375620273028587,3.370173066827788,FGSG_00007;FGSG_01866;FGSG_03539;FGSG_03842;FGSG_08081;FGSG_08082;FGSG_08083;FGSG_13952,2,uncharacterized protein,,1.2884209301482072,3,0.227678632884928,0.0504044269666703,0,0.3533199195171026
FGSG_02580,4,0.44943096641082103,1.7130273105325353,FGSG_00743;FGSG_03894;FGSG_10922;FGSG_12180,1,uncharacterized protein,GO:0016021;GO:0022891;GO:0055085,1.288153817582535,3,-0.810395218851718,5.92052656595626e-05,0,0.3531187122736419
FGSG_04431,9,0.4455333581391054,3.783319033002229,FGSG_00007;FGSG_01866;FGSG_03532;FGSG_03539;FGSG_03842;FGSG_03881;FGSG_08081;FGSG_08083;FGSG_13952,2,uncharacterized protein,GO:0016021;GO:0055085,1.2880752059501255,3,0.491944831281995,0.0105781534400469,0,0.3529175050301811
FGSG_03591,7,0.44306699869042143,2.978451081773891,FGSG_00007;FGSG_03539;FGSG_03842;FGSG_08081;FGSG_08082;FGSG_08083;FGSG_13952,2,42 kDa endochitinase precursor,GO:0000272;GO:0004568;GO:0005576;GO:0006032,1.287373255042104,3,0.444281459090338,4.49081503907905e-06,0,0.3527162977867203
FGSG_00907,5,0.4583278078911217,2.121927190397662,FGSG_00743;FGSG_03894;FGSG_08774;FGSG_10922;FGSG_12180,1,uncharacterized protein,,1.2872606814635095,3,-0.301649669264237,0.016073106771189,0,0.3525150905432596
FGSG_03957,6,0.4373009590821582,2.5493439476672717,FGSG_00007;FGSG_03539;FGSG_03842;FGSG_08082;FGSG_08083;FGSG_13952,2,uncharacterized protein,GO:0008643;GO:0016021;GO:0022891;GO:0055085,1.2846889247823914,3,0.18770058239869,0.0083254311232364,0,0.3523138832997988
FGSG_01267,5,0.4381633710473741,2.115313089202656,FGSG_00007;FGSG_03539;FGSG_03842;FGSG_08083;FGSG_13952,2,uncharacterized protein,,1.2834611391189594,3,0.19026539787874,0.0281702012889389,0,0.352112676056338
FGSG_02096,4,0.44794540822813017,1.6978924583829254,FGSG_00743;FGSG_03894;FGSG_10922;FGSG_12180,1,uncharacterized protein,GO:0005634;GO:0005829;GO:0016021;GO:0016872,1.2827431923648402,3,-0.185098004149031,0.147368645210284,0,0.3517102615694165
FGSG_13967,9,0.4443635706779677,3.7831683691882882,FGSG_00007;FGSG_01866;FGSG_03532;FGSG_03539;FGSG_03842;FGSG_03881;FGSG_08081;FGSG_08083;FGSG_13952,2,uncharacterized protein,,1.2821408710575377,3,0.293178346940961,0.0542693514502659,0,0.35150905432595575
FGSG_00478,6,0.4549108102296025,2.5109989380265723,FGSG_00743;FGSG_00765;FGSG_03894;FGSG_05610;FGSG_08774;FGSG_10922,1,phospho-2-dehydro-3-deoxyheptonate aldolase,GO:0003849;GO:0005634;GO:0005739;GO:0009073;GO:0009423,1.2813992903509788,3,-0.366045287954656,0.0013409047913587,0,0.35130784708249496
FGSG_05921,4,0.4435705842231285,1.7044992092155669,FGSG_00743;FGSG_03894;FGSG_10922;FGSG_12180,1,uncharacterized protein,GO:0016614;GO:0050660;GO:0055114,1.2792503964586865,3,-0.480244939092159,0.0002261382957411,0,0.35110663983903423
FGSG_12151,6,0.4608274530299664,2.52128164481451,FGSG_00743;FGSG_02461;FGSG_03894;FGSG_05610;FGSG_08774;FGSG_09012,1,uncharacterized protein,GO:0005737;GO:0016021,1.2792195820176004,3,-0.419959895513913,0.0060783204297551,0,0.35090543259557344
FGSG_08776,4,0.4516677908459777,1.704703840739396,FGSG_00743;FGSG_03894;FGSG_05610;FGSG_10922,1,uncharacterized protein,,1.277372812606988,3,-0.323923458701808,0.0133753046024309,0,0.35070422535211265
FGSG_12325,5,0.4353574048967664,2.0936777700793043,FGSG_00007;FGSG_03842;FGSG_08082;FGSG_08083;FGSG_13952,2,uncharacterized protein,GO:0016021,1.2767360878613911,3,0.374211169204478,0.329223361656875,0,0.3503018108651912
FGSG_02708,6,0.4346385278563183,2.534133964533548,FGSG_00007;FGSG_03539;FGSG_03842;FGSG_08081;FGSG_08083;FGSG_13952,2,uncharacterized protein,,1.274707437835401,3,0.184644681267947,0.243603680171942,0,0.35010060362173034
FGSG_10967,11,0.4462753679941277,4.575750340500793,FGSG_00007;FGSG_01866;FGSG_02327;FGSG_03532;FGSG_03535;FGSG_03881;FGSG_07896;FGSG_08079;FGSG_08083;FGSG_08084;FGSG_13952,2,arginase,GO:0004053;GO:0005737;GO:0006525;GO:0046872;GO:0090368,1.2745700148972596,3,0.516133748892489,1.31170483973817e-07,0,0.3498993963782696
FGSG_03500,7,0.4432819282610257,2.921807083528662,FGSG_00007;FGSG_01866;FGSG_02327;FGSG_03532;FGSG_08081;FGSG_08083;FGSG_13952,2,uncharacterized protein,GO:0009401;GO:0016021,1.2728987240524823,3,0.527925066206348,0.042627165189312,0,0.3496981891348089
FGSG_02087,7,0.4318511410107855,2.9254415021966524,FGSG_00007;FGSG_03539;FGSG_03842;FGSG_08081;FGSG_08082;FGSG_08083;FGSG_13952,2,uncharacterized protein,GO:0016491;GO:0055114,1.2725881801109629,3,0.217556249685882,0.16202652503103,0,0.3494969818913481
FGSG_05385,4,0.4359411172953161,1.6727132267573204,FGSG_00743;FGSG_03747;FGSG_03894;FGSG_10922,1,uncharacterized protein,GO:0016021;GO:0016491;GO:0055114,1.2716840616619842,3,-0.391120699957,5.65683319893745e-08,0,0.3492957746478873
FGSG_02672,11,0.4435363712483175,4.5682015330767705,FGSG_00007;FGSG_01866;FGSG_03532;FGSG_03535;FGSG_03539;FGSG_03842;FGSG_03881;FGSG_07896;FGSG_08081;FGSG_08083;FGSG_13952,2,uncharacterized protein,GO:0004497;GO:0005506;GO:0016021;GO:0016705;GO:0020037;GO:0055114,1.2706636223769996,3,0.457018046841912,2.51252955445639e-05,0,0.34909456740442657
FGSG_04927,5,0.4436867838882486,2.103342166378918,FGSG_02272;FGSG_02461;FGSG_03894;FGSG_05610;FGSG_08774,1,uncharacterized protein,,1.2702760803855557,3,-0.66028675398343,6.01687907719985e-06,0,0.3488933601609658
FGSG_03004,6,0.4534457644318371,2.4990329682229144,FGSG_00743;FGSG_02461;FGSG_03894;FGSG_05610;FGSG_08774;FGSG_09012,1,uncharacterized protein,,1.2695196159906477,3,-0.617040970994944,0.0633521318205373,0,0.34869215291750505
FGSG_02210,6,0.43355825452715363,2.5039744176168917,FGSG_00007;FGSG_03539;FGSG_03842;FGSG_08082;FGSG_08083;FGSG_13952,2,uncharacterized protein,,1.269478910270579,3,0.377802221438498,0.0504919618460218,0,0.34849094567404426
FGSG_02144,5,0.45520186205368085,2.0935381871594014,FGSG_00743;FGSG_03894;FGSG_05610;FGSG_08774;FGSG_10922,1,uncharacterized protein,,1.2690194603675633,3,-0.297920525191862,0.0401828502575565,0,0.34828973843058353
FGSG_07114,5,0.4480635078185448,2.0987732225042848,FGSG_00743;FGSG_00765;FGSG_02272;FGSG_03894;FGSG_05610,1,uncharacterized protein,GO:0016021;GO:0055085,1.268700830550964,3,-0.540671744912973,8.37141685314186e-08,0,0.34808853118712274
FGSG_02211,7,0.4457888054974305,2.9288590059140356,FGSG_00007;FGSG_01866;FGSG_02327;FGSG_03532;FGSG_03881;FGSG_08083;FGSG_13952,2,uncharacterized protein,,1.2677176561857004,3,0.461872500899615,0.127129973308915,0,0.34788732394366195
FGSG_10675,6,0.4330421051747569,2.5201472286450977,FGSG_00007;FGSG_03539;FGSG_03842;FGSG_08082;FGSG_08083;FGSG_13952,2,uncharacterized protein,,1.266992616750543,3,0.50495747254673,0.0202429026771111,0,0.3476861167002012
FGSG_02591,6,0.448734280798531,2.485147689794972,FGSG_00743;FGSG_00765;FGSG_02272;FGSG_03894;FGSG_05610;FGSG_08774,1,uncharacterized protein,GO:0005634;GO:0006281;GO:0008081,1.2667082130086167,3,-0.259900749190471,0.0431016992697189,0,0.34748490945674043
FGSG_06167,6,0.4461665198605654,2.479253618022002,FGSG_00743;FGSG_02272;FGSG_02461;FGSG_03894;FGSG_05610;FGSG_08774,1,uncharacterized protein,GO:0003735;GO:0005762;GO:0032543,1.266396383893476,3,-0.291209319779368,0.0357358132077609,0,0.34728370221327964
FGSG_06894,5,0.43332049752630053,2.105771879227611,FGSG_00007;FGSG_03539;FGSG_03842;FGSG_08083;FGSG_13952,2,uncharacterized protein,GO:0005085;GO:0005730;GO:0005829;GO:0042256;GO:0043547,1.265245171016002,3,0.0908300667819742,0.519373973365984,0,0.3470824949698189
FGSG_01214,1,0.40389368829219113,0.40389368829219113,FGSG_02461,1,uncharacterized protein,GO:0046872,0.0,0,-1.21142925345822,3.25598747363835e-10,1,0.34701542588866535
FGSG_01372,4,0.44043423270038823,1.6910398199944514,FGSG_00743;FGSG_03894;FGSG_10922;FGSG_12180,1,uncharacterized protein,GO:0005643;GO:0005829;GO:0006897;GO:0008092;GO:0030041;GO:0030479;GO:0030674;GO:0032153;GO:0042802;GO:0043130;GO:0051286,1.2643652098442155,3,-0.308204884023775,0.0010974954475486,0,0.3466800804828974
FGSG_04829,6,0.43846954226556756,2.538097760549725,FGSG_00007;FGSG_03539;FGSG_03842;FGSG_08081;FGSG_08083;FGSG_13952,2,uncharacterized protein,GO:0005737;GO:0006569;GO:0019805;GO:0030170;GO:0030429;GO:0034354;GO:0043420;GO:0097053,1.264027794429447,3,0.220770694041741,0.0759738854044675,0,0.3464788732394366
FGSG_01027,4,0.43654058319579925,1.6883059590271208,FGSG_00743;FGSG_03894;FGSG_04589;FGSG_10922,1,uncharacterized protein,GO:0010181;GO:0016491;GO:0020037;GO:0046872;GO:0055114,1.2638779765600163,3,-0.228033492621696,0.0555225901773228,0,0.34627766599597587
FGSG_08111,6,0.4389446278534201,2.5092130223483946,FGSG_00007;FGSG_01866;FGSG_02327;FGSG_03881;FGSG_08083;FGSG_13952,2,uncharacterized protein,,1.2637915872300438,3,0.218464319882119,0.210360862874099,0,0.34607645875251514
FGSG_00729,7,0.442420712261123,2.910310099314791,FGSG_00007;FGSG_01866;FGSG_02327;FGSG_03532;FGSG_03881;FGSG_08083;FGSG_13952,2,uncharacterized protein,,1.2608932776489734,3,0.185404331227967,0.0643076468411192,0,0.34547283702213283
FGSG_09301,7,0.4308441694761873,2.9008275937969104,FGSG_00007;FGSG_03539;FGSG_03842;FGSG_08081;FGSG_08082;FGSG_08083;FGSG_13952,2,uncharacterized protein,GO:0008080,1.2607091968624307,3,0.420946270843064,0.0198431097732266,0,0.34527162977867204
FGSG_12754,7,0.4348637961651641,2.918851095303242,FGSG_00007;FGSG_01866;FGSG_03539;FGSG_03842;FGSG_08081;FGSG_08083;FGSG_13952,2,uncharacterized protein,,1.2604519048001825,3,0.106584835024576,0.182533324070703,0,0.34507042253521125
FGSG_08775,6,0.4491583149751189,2.4804306991901557,FGSG_00743;FGSG_00765;FGSG_03894;FGSG_05610;FGSG_08774;FGSG_10922,1,uncharacterized protein,GO:0008080,1.2604100652603856,3,-0.274896872731287,0.0978603830783158,0,0.3448692152917505
FGSG_03935,6,0.4302973277640186,2.502904860952945,FGSG_00007;FGSG_03539;FGSG_03842;FGSG_08082;FGSG_08083;FGSG_13952,2,uncharacterized protein,,1.2600753314471622,3,0.116792992116571,0.155222339666007,0,0.34466800804828973
FGSG_05306,3,0.4213237416648917,1.2586198457066713,FGSG_02272;FGSG_03061;FGSG_05610,1,uncharacterized protein,GO:0000011;GO:0004672;GO:0005524;GO:0005739;GO:0006468;GO:0006623;GO:0016236;GO:0030242;GO:0032968;GO:0034271;GO:0034272;GO:0043130;GO:0045053;GO:0045324;GO:0048017;GO:0071561,1.2586198457066713,3,-0.346912108324059,0.0028256589999519,0,0.344466800804829
FGSG_00192,4,0.4306588946998707,1.67067749094026,FGSG_03842;FGSG_08082;FGSG_08083;FGSG_13952,2,cerevisin precursor,GO:0004252;GO:0006508,1.2579591312307774,3,0.221329734948811,0.0246425485461686,0,0.3442655935613682
FGSG_13343,8,0.44603498346747844,3.3331052835786807,FGSG_00007;FGSG_03532;FGSG_03539;FGSG_03842;FGSG_03881;FGSG_08081;FGSG_08083;FGSG_13952,2,glycerol kinase,GO:0004370;GO:0005975;GO:0006072;GO:0016310,1.2578141315693707,3,0.155055283182247,0.155647388318273,0,0.3440643863179074
FGSG_12968,4,0.4518186935706683,1.6754762863654076,FGSG_03894;FGSG_05610;FGSG_08774;FGSG_09012,1,uncharacterized protein,GO:0000166;GO:0003676;GO:0005685;GO:0019013;GO:0071004,1.2574231915071372,3,-0.389813568365106,0.0424922707963155,0,0.3438631790744467
FGSG_04907,4,0.44592599805196487,1.6756546294144532,FGSG_00743;FGSG_03894;FGSG_05610;FGSG_10922,1,uncharacterized protein,GO:0003723;GO:0005739;GO:0005829;GO:0005847;GO:0006369;GO:0006378;GO:0006379,1.2564481290393723,3,-0.181381316310947,0.160378753675526,0,0.3436619718309859
FGSG_09865,5,0.43035777744177406,2.086360619373596,FGSG_02272;FGSG_02461;FGSG_03894;FGSG_05610;FGSG_08774,1,uncharacterized protein,GO:0003735;GO:0005739;GO:0005840;GO:0006412;GO:0016021;GO:0046964;GO:1902557;GO:1902558;GO:1902559,1.2559087523659125,3,-0.336377873293208,0.0061184110519351,0,0.34346076458752517
FGSG_11554,5,0.4337614158546468,2.0897087267996466,FGSG_00007;FGSG_02327;FGSG_03881;FGSG_08083;FGSG_13952,2,uncharacterized protein,GO:0004499;GO:0016021;GO:0050660;GO:0050661;GO:0055114,1.255049178578018,3,0.45722595167544,0.0217823654393271,0,0.3432595573440644
FGSG_02116,7,0.4280304087476752,2.883345711774481,FGSG_00007;FGSG_03539;FGSG_03842;FGSG_08081;FGSG_08082;FGSG_08083;FGSG_13952,2,uncharacterized protein,GO:0016021,1.2548441523357199,3,0.336694369143905,0.166961047272192,0,0.34285714285714286
FGSG_10417,7,0.4426577439122994,2.9281346159545834,FGSG_00007;FGSG_03532;FGSG_03539;FGSG_03842;FGSG_08081;FGSG_08083;FGSG_13952,2,uncharacterized protein,GO:0005623;GO:0006662;GO:0015035;GO:0045454;GO:0055114,1.2545202021058106,3,0.228304153521141,0.0307282965491855,0,0.3426559356136821
FGSG_09774,3,0.43001747720671546,1.2544476862957683,FGSG_03548;FGSG_09456;FGSG_09834,1,NBP35 protein,GO:0002098;GO:0005506;GO:0005524;GO:0005634;GO:0005737;GO:0016226;GO:0016887;GO:0051539,1.2544476862957683,3,-0.584455949383313,1.24086186909032e-06,0,0.3424547283702213
FGSG_08906,6,0.43665268803794116,2.479030170615154,FGSG_00765;FGSG_02272;FGSG_02461;FGSG_03894;FGSG_05610;FGSG_08774,1,uncharacterized protein,GO:0004672;GO:0005524;GO:0006468,1.254103550757062,3,-0.761256055842229,1.4564587246378102e-14,0,0.34225352112676055
FGSG_06207,4,0.4313492903502587,1.6608689372130374,FGSG_00743;FGSG_03894;FGSG_10922;FGSG_12180,1,uncharacterized protein,GO:0005524;GO:0005759;GO:0042026;GO:0045041;GO:0051082;GO:0051087;GO:0051131,1.2539330574543066,3,-0.263619698156844,0.0008576372671951,0,0.3420523138832998
FGSG_04095,3,0.4309641199408265,1.2534716463060822,FGSG_03894;FGSG_10922;FGSG_12180,1,Na(+)/H(+) antiporter 1,GO:0005886;GO:0006970;GO:0015385;GO:0016021;GO:0030007;GO:0036376;GO:0045121;GO:0097623;GO:1902600,1.2534716463060822,3,-0.197749509750342,0.0857141974284088,0,0.34185110663983903
FGSG_07496,3,0.4261885501106784,1.2533374621279445,FGSG_02324;FGSG_03842;FGSG_13952,2,uncharacterized protein,GO:0003333;GO:0015171;GO:0016021,1.2533374621279445,3,0.373632454495047,0.144599655466884,0,0.34164989939637824
FGSG_13435,4,0.44508558194162284,1.666879260041634,FGSG_00743;FGSG_03894;FGSG_05610;FGSG_10922,1,uncharacterized protein,,1.2530744492113337,3,-0.643341584244218,0.117045350159646,0,0.3414486921529175
FGSG_09753,3,0.42500609212621865,1.2525444834025592,FGSG_02324;FGSG_03842;FGSG_13952,2,uncharacterized protein,GO:0016021,1.2525444834025592,3,0.120601610927438,0.291987830542494,0,0.3412474849094568
FGSG_02117,6,0.4246789952686607,2.4988338040088154,FGSG_00007;FGSG_03539;FGSG_03842;FGSG_08082;FGSG_08083;FGSG_13952,2,uncharacterized protein,GO:0004497;GO:0005506;GO:0016705;GO:0020037;GO:0055114,1.2524389681942525,3,0.185783484523037,0.269589690804208,0,0.341046277665996
FGSG_04168,4,0.4391748807337315,1.6683099802134036,FGSG_00743;FGSG_03894;FGSG_04589;FGSG_05610,1,uncharacterized protein,GO:0000045;GO:0005086;GO:0005770;GO:0005798;GO:0005802;GO:0005829;GO:0006888;GO:0006891;GO:0032012;GO:0043547,1.252219188511432,3,-0.195590558709651,0.081223977569162,0,0.3408450704225352
FGSG_09943,4,0.43807880302462404,1.6599184340370945,FGSG_00743;FGSG_03894;FGSG_04589;FGSG_10922,1,uncharacterized protein,,1.25188277607737,3,-0.289451983098364,0.139861443230178,0,0.34064386317907447
FGSG_05596,4,0.42279735672960816,1.6718040040266255,FGSG_02272;FGSG_02461;FGSG_03061;FGSG_05610,1,peroxisomal biogenesis factor 6,GO:0001302;GO:0005524;GO:0005777;GO:0005829;GO:0016562;GO:0016887;GO:0046982,1.2512445452968906,3,-0.444013822127861,0.0012691906158209,0,0.3404426559356137
FGSG_00595,4,0.4412203063643222,1.666805408897083,FGSG_00743;FGSG_03894;FGSG_05610;FGSG_10922,1,uncharacterized protein,GO:0000287;GO:0004012;GO:0005524;GO:0016021;GO:0045332,1.250924281857353,3,-0.425698312736193,0.0005561797726821,0,0.3402414486921529
FGSG_08062,7,0.4386841646091744,2.887963444921158,FGSG_00007;FGSG_01866;FGSG_02327;FGSG_03532;FGSG_03881;FGSG_08083;FGSG_13952,2,uncharacterized protein,GO:0016491;GO:0055114,1.2506672075747323,3,0.92460915859122,2.06835758169118e-08,0,0.34004024144869216
FGSG_00524,4,0.4234389123008792,1.6630852068655633,FGSG_03842;FGSG_08082;FGSG_08083;FGSG_13952,2,UTP-glucose-1-phosphate uridylyltransferase,GO:0003983;GO:0006011,1.2501181514476956,3,0.118853725919014,0.195884315836255,0,0.33963782696177064
FGSG_03667,6,0.43307968096328064,2.5146923904301737,FGSG_00007;FGSG_03539;FGSG_03842;FGSG_08081;FGSG_08083;FGSG_13952,2,uncharacterized protein,GO:0008199;GO:0009712;GO:0018576;GO:0055114,1.2500303420814256,3,0.255644225065889,0.0956961495444047,0,0.33943661971830985
FGSG_00767,4,0.435289840867178,1.6521773060027871,FGSG_00007;FGSG_02327;FGSG_08083;FGSG_13952,2,uncharacterized protein,GO:0008422;GO:0030245;GO:0102483,1.248365768525246,3,0.230374058528696,0.0876592000092052,0,0.33903420523138833
FGSG_00934,4,0.4258922733412029,1.6647965531662154,FGSG_02272;FGSG_02461;FGSG_03894;FGSG_05610,1,uncharacterized protein,GO:0000183;GO:0005634;GO:0005737;GO:0008168;GO:0032259;GO:0034649;GO:0034720;GO:0060623;GO:0097549,1.2483481872867719,3,-0.496622847563644,2.94440951922051e-05,0,0.33883299798792754
FGSG_05381,5,0.4281778926323881,2.096762670005004,FGSG_00007;FGSG_03539;FGSG_03842;FGSG_08083;FGSG_13952,2,uncharacterized protein,GO:0003676,1.2475354675620929,3,0.118334018072487,0.327105255342503,0,0.3386317907444668
FGSG_07872,3,0.4278735935565916,1.24720871865686,FGSG_02327;FGSG_08083;FGSG_13952,2,uncharacterized protein,GO:0004719;GO:0005622;GO:0006479;GO:0007034;GO:0030001,1.24720871865686,3,0.294333682619483,0.0607357040812976,0,0.3384305835010061
FGSG_06324,4,0.4223641086868151,1.6643619842014745,FGSG_02272;FGSG_02461;FGSG_03894;FGSG_05610,1,uncharacterized protein,GO:0000981;GO:0005634;GO:0006357;GO:0008270,1.2464647686239614,3,-0.437415679510454,4.49929036049012e-05,0,0.33822937625754523
FGSG_05754,1,0.40249961346648994,0.40249961346648994,FGSG_08078,2,uncharacterized protein,GO:0016021,0.0,0,1.12969777269349,2.11109594519999e-19,1,0.33802816901408456
FGSG_09999,3,0.4204696295199704,1.2455967916824875,FGSG_03546;FGSG_03548;FGSG_08601,1,uncharacterized protein,GO:0005737;GO:0070042;GO:0070475,1.2455967916824875,3,-0.397946575829827,0.0129816215107312,0,0.3380281690140845
FGSG_07260,4,0.41807885104584874,1.6593387293712136,FGSG_02272;FGSG_02461;FGSG_03894;FGSG_05610,1,uncharacterized protein,GO:0016787,1.2454661599318326,3,-0.301521053111225,0.0407197592437502,0,0.33782696177062377
FGSG_12516,3,0.4212480798688554,1.2454595645010853,FGSG_02324;FGSG_02325;FGSG_02327,2,uncharacterized protein,GO:0003777;GO:0005871,1.2454595645010853,3,0.346315034413012,0.0055084522837194,0,0.337625754527163
FGSG_04201,4,0.4365668777344891,1.6666564099699126,FGSG_00743;FGSG_03894;FGSG_05610;FGSG_12180,1,uncharacterized protein,,1.245242549132429,3,-0.221866828109478,0.0636236538673982,0,0.3374245472837022
FGSG_05335,7,0.42258003715081693,2.893546700339638,FGSG_00007;FGSG_03539;FGSG_03842;FGSG_08081;FGSG_08082;FGSG_08083;FGSG_13952,2,uncharacterized protein,GO:0006520;GO:0016829,1.2445757684404974,3,0.176855237607118,0.335845100412438,0,0.33722334004024146
FGSG_01891,5,0.4305669015649516,2.0522385989753262,FGSG_00007;FGSG_01866;FGSG_02327;FGSG_08083;FGSG_13952,2,uncharacterized protein,GO:0000131;GO:0000742;GO:0005509;GO:0005823;GO:0005934;GO:0005935;GO:0006607;GO:0006661;GO:0006898;GO:0007114;GO:0009847;GO:0015078;GO:0015991;GO:0016021;GO:0016237;GO:0031521;GO:0033179;GO:0042144;GO:0042991;GO:0043332;GO:0048306;GO:0051300;GO:0051726,1.2439463347510684,3,0.181819563906015,0.0404060081346394,0,0.33702213279678067
FGSG_01797,6,0.437262604143764,2.4576381242639287,FGSG_00007;FGSG_01866;FGSG_02327;FGSG_03532;FGSG_08083;FGSG_13952,2,uncharacterized protein,GO:0016853,1.2432343111119737,3,0.771287927386593,0.0379298108885164,0,0.33661971830985915
FGSG_13015,5,0.43288906403537536,2.067355668972638,FGSG_02461;FGSG_03894;FGSG_05610;FGSG_08774;FGSG_09012,1,uncharacterized protein,GO:0004185;GO:0005773;GO:0006508,1.2427690739864963,3,-0.939045732095378,0.0554393682479172,0,0.3364185110663984
FGSG_03664,4,0.4194797876785908,1.6456957345244185,FGSG_00007;FGSG_03842;FGSG_08083;FGSG_13952,2,uncharacterized protein,GO:0004180;GO:0006508,1.2406368932940244,3,0.369473061034721,0.284913661961709,0,0.33601609657947684
FGSG_04887,4,0.4211342461366636,1.6579970795102046,FGSG_00743;FGSG_03061;FGSG_03894;FGSG_05610,1,uncharacterized protein,GO:0000408;GO:0000723;GO:0000781;GO:0005634;GO:0006351;GO:0006355;GO:0008033,1.239751601691059,3,-0.313839329719876,0.0205039816748006,0,0.3358148893360161
FGSG_01415,4,0.4318660235914586,1.6708489159588138,FGSG_02272;FGSG_02461;FGSG_03061;FGSG_05610,1,uncharacterized protein,GO:0016021,1.2389828923673551,3,-0.656046522697029,2.05679925845712e-10,0,0.3356136820925553
FGSG_07040,5,0.4223175333230028,2.046754145886275,FGSG_00007;FGSG_03842;FGSG_08082;FGSG_08083;FGSG_13952,2,uncharacterized protein,,1.2378589583903246,3,0.107045174106791,0.312126244274265,0,0.33541247484909453
FGSG_03952,4,0.4206079116815317,1.6417096839934202,FGSG_03842;FGSG_08082;FGSG_08083;FGSG_13952,2,uncharacterized protein,GO:0005737;GO:0008677;GO:0009063;GO:0015940;GO:0016021;GO:0050661;GO:0055114,1.2377350888044825,3,0.651857115023408,0.0389666484054495,0,0.3352112676056338
FGSG_03743,3,0.41584735728681776,1.237289615607008,FGSG_03546;FGSG_03548;FGSG_08601,1,uncharacterized protein,,1.237289615607008,3,-0.74365929372296,0.0051409791906902,0,0.33501006036217307
FGSG_09782,5,0.4293887604487595,2.0476688103437555,FGSG_02461;FGSG_03894;FGSG_05610;FGSG_08774;FGSG_09012,1,uncharacterized protein,GO:0005427;GO:0005887;GO:0035672,1.235615070591558,3,-0.253370955907774,0.050193785750662,0,0.33440643863179076
FGSG_07432,4,0.41389704021093326,1.6455492032078733,FGSG_02272;FGSG_02461;FGSG_03061;FGSG_05610,1,uncharacterized protein,GO:0005634;GO:0005794;GO:0006623;GO:0006896;GO:0008565;GO:0030123,1.234348147511389,3,-0.393818185392448,0.0011410674431788,0,0.33380281690140845
FGSG_13551,4,0.42304306614616305,1.646923144550132,FGSG_02272;FGSG_02461;FGSG_03894;FGSG_05610,1,uncharacterized protein,GO:0070403,1.2342394941477608,3,-0.509514947740785,0.0101909079554902,0,0.3336016096579477
FGSG_00613,4,0.4269111785475256,1.660338122120676,FGSG_02272;FGSG_02461;FGSG_03894;FGSG_05610,1,general amino-acid permease GAP1,GO:0003333;GO:0015171;GO:0016021,1.2334269435731506,3,-0.731033411387077,2.7657020622102e-06,0,0.33340040241448693
FGSG_09555,3,0.4166519275468903,1.2321172320509004,FGSG_03548;FGSG_09456;FGSG_09834,1,electron transfer flavoprotein subunit beta,GO:0003779;GO:0005096;GO:0005739;GO:0005768;GO:0005793;GO:0005802;GO:0005856;GO:0006888;GO:0006890;GO:0009055;GO:0030037;GO:0043001;GO:0043547,1.2321172320509004,3,-0.611005379581303,3.3515247961447605e-09,0,0.3325955734406439
FGSG_10598,3,0.4136462296276661,1.2321027086200922,FGSG_03894;FGSG_04589;FGSG_10922,1,uncharacterized protein,,1.2321027086200922,3,-0.790705933573171,1.32414962687238e-05,0,0.3323943661971831
FGSG_05050,3,0.4203432000479096,1.2317788015539033,FGSG_03546;FGSG_03548;FGSG_08601,1,uncharacterized protein,GO:0004181;GO:0006508,1.2317788015539033,3,-0.434011599306801,5.22579823973993e-06,0,0.3321931589537223
FGSG_04227,3,0.4146484394456698,1.2314849060327302,FGSG_02326;FGSG_02328;FGSG_02329,2,uncharacterized protein,GO:0003824;GO:0050662,1.2314849060327302,3,0.750009220478555,3.6955077295033502e-09,0,0.3319919517102616
FGSG_05952,3,0.41450844242587065,1.2312948688751686,FGSG_03546;FGSG_03548;FGSG_09834,1,uncharacterized protein,GO:0000151;GO:0000917;GO:0005829;GO:0007190;GO:0019933;GO:0030674;GO:0045014;GO:0051087;GO:0051382;GO:0071852,1.2312948688751686,3,-0.507923979418334,9.86647160291063e-06,0,0.33158953722334006
FGSG_03123,6,0.43088729878173637,2.488447073559183,FGSG_00007;FGSG_03539;FGSG_03842;FGSG_08081;FGSG_08083;FGSG_13952,2,uncharacterized protein,,1.2312293446643674,3,0.10732297977961,0.467375335874927,0,0.33138832997987927
FGSG_10779,7,0.42027388071375865,2.8748378371856935,FGSG_00007;FGSG_03539;FGSG_03842;FGSG_08081;FGSG_08082;FGSG_08083;FGSG_13952,2,SEC14 cytosolic factor,GO:0005628;GO:0005634;GO:0008525;GO:0008526;GO:0010570;GO:0015914;GO:0031322;GO:0032153;GO:0035838;GO:0048193;GO:0060187,1.2306700221324811,3,0.0740156649340633,0.421915908491254,0,0.3311871227364185
FGSG_09787,3,0.4144461410182888,1.2303919788724387,FGSG_03894;FGSG_04589;FGSG_10922,1,uncharacterized protein,GO:0000131;GO:0000902;GO:0005933;GO:0007118;GO:0043332,1.2303919788724387,3,-0.351367740907706,0.0003803595278046,0,0.33098591549295775
FGSG_10853,3,0.4130684538092089,1.230282612692168,FGSG_02324;FGSG_03842;FGSG_13952,2,nonspecific lipid-transfer protein,GO:0008152;GO:0016747,1.230282612692168,3,0.543186462854372,0.0317806174605657,0,0.330784708249497
FGSG_09243,4,0.4195163360629398,1.6497052660791516,FGSG_00743;FGSG_03061;FGSG_03894;FGSG_05610,1,uncharacterized protein,,1.2301889300162119,3,-0.443394540638776,0.0056081887219998,0,0.3305835010060362
FGSG_02835,3,0.4153085814463372,1.228883322356615,FGSG_02326;FGSG_02328;FGSG_02329,2,uncharacterized protein,GO:0003677;GO:0005634;GO:0006351;GO:0006355;GO:0008270;GO:0016021,1.228883322356615,3,0.830385466500557,2.71064494853752e-05,0,0.33038229376257544
FGSG_10823,3,0.42057793479171124,1.2285854625928159,FGSG_03548;FGSG_09456;FGSG_09834,1,uncharacterized protein,GO:0016021;GO:0055085,1.2285854625928159,3,-0.857250256483531,1.37852704901284e-05,0,0.3299798792756539
FGSG_07513,3,0.4158054725339861,1.2285157623113752,FGSG_02326;FGSG_02328;FGSG_02329,2,uncharacterized protein,,1.2285157623113752,3,0.694907592759142,1.60235204200521e-05,0,0.32977867203219313
FGSG_02936,3,0.4185117295431346,1.2277914550584006,FGSG_03842;FGSG_08083;FGSG_13952,2,uncharacterized protein,GO:0016021,1.2277914550584006,3,0.333914413475558,0.0287365759596818,0,0.3295774647887324
FGSG_10009,3,0.41069513288628773,1.2262589128097199,FGSG_02272;FGSG_03061;FGSG_05610,1,uncharacterized protein,,1.2262589128097199,3,-0.316032399115181,0.0073903113517168,0,0.32937625754527167
FGSG_08453,3,0.41724889517322755,1.22545441173509,FGSG_03894;FGSG_04589;FGSG_08601,1,uncharacterized protein,GO:0004395;GO:0006744;GO:0008425;GO:0031314;GO:0032259;GO:0061543,1.22545441173509,3,-0.406893978870782,0.0051761527429082,0,0.32877263581488936
FGSG_04024,3,0.41281260952477933,1.2247885776397274,FGSG_02326;FGSG_02328;FGSG_02329,2,uncharacterized protein,GO:0016616;GO:0051287;GO:0055114,1.2247885776397274,3,0.681387538028644,0.0025438592302157,0,0.32857142857142857
FGSG_07143,3,0.4135061923202255,1.2247375990440408,FGSG_02326;FGSG_02328;FGSG_02329,2,uncharacterized protein,GO:0003777;GO:0005524;GO:0005874;GO:0008017;GO:0072383,1.2247375990440408,3,0.90893029843968,6.06795410022818e-13,0,0.3283702213279678
FGSG_09501,3,0.41177858454546745,1.2242713644709116,FGSG_02324;FGSG_03842;FGSG_13952,2,uncharacterized protein,,1.2242713644709116,3,0.704522303290013,0.0897217054517355,0,0.32816901408450705
FGSG_11821,3,0.41038260514160235,1.2230603398378679,FGSG_03546;FGSG_03548;FGSG_08601,1,uncharacterized protein,GO:0000981;GO:0004814;GO:0005524;GO:0005634;GO:0005829;GO:0006357;GO:0006420;GO:0008270;GO:0016021,1.2230603398378679,3,-0.275138282701227,0.0267580998972132,0,0.32756539235412474
FGSG_06640,3,0.41186183532858317,1.222339634953881,FGSG_02326;FGSG_02328;FGSG_02329,2,ADP-ribosylation factor 1,GO:0005525;GO:0005737;GO:0006457;GO:0007021;GO:0007264,1.222339634953881,3,0.6465227403045,1.66098373073263e-06,0,0.3271629778672032
FGSG_04091,4,0.41193925056532077,1.6284168707945423,FGSG_02271;FGSG_02272;FGSG_02461;FGSG_07075,1,uncharacterized protein,GO:0006620;GO:0009408;GO:0032947;GO:0072380,1.2223212080577457,3,-0.524225369545546,4.86940030915819e-08,0,0.32696177062374243
FGSG_07205,1,0.4077280500829107,0.4077280500829107,FGSG_08078,2,uncharacterized protein,GO:0006807;GO:0016021;GO:0016810,0.0,0,1.04244702561477,4.8248423572501603e-73,1,0.3266264252179746
FGSG_12006,3,0.40901651158012553,1.2215135503513341,FGSG_02326;FGSG_02328;FGSG_02329,2,uncharacterized protein,GO:0000981;GO:0003677;GO:0005634;GO:0006351;GO:0006357;GO:0008270,1.2215135503513341,3,0.554078298840656,3.55614561572987e-05,0,0.32655935613682097
FGSG_01965,1,0.4054468486424915,0.4054468486424915,FGSG_00765,1,uncharacterized protein,,0.0,0,-1.04118326198384,1.8155617251068002e-45,1,0.326224010731053
FGSG_08394,4,0.41331232282023617,1.6274216841024551,FGSG_02272;FGSG_02461;FGSG_03894;FGSG_05610,1,uncharacterized protein,GO:0005737;GO:0008677;GO:0015940;GO:0050661;GO:0055114,1.2206945199320727,3,-0.357000952249725,0.0256603405763089,0,0.3261569416498994
FGSG_13326,3,0.4089231446966276,1.2206630831983407,FGSG_04458;FGSG_09834;FGSG_10347,1,uncharacterized protein,,1.2206630831983407,3,-0.872516840535876,0.0976650990792402,0,0.32595573440643866
FGSG_02479,3,0.4092628525207887,1.2197459807639897,FGSG_02326;FGSG_02328;FGSG_02329,2,uncharacterized protein,GO:0003924;GO:0005525;GO:0005829;GO:0006886;GO:0007264;GO:0042147,1.2197459807639897,3,0.345366856075336,0.0001368365833356,0,0.3255533199195171
FGSG_06425,3,0.4155503263868955,1.2197306989804977,FGSG_02324;FGSG_03842;FGSG_13952,2,uncharacterized protein,GO:0005634;GO:0008270,1.2197306989804977,3,0.578932894505075,3.9567981403135e-05,0,0.32535211267605635
FGSG_11201,3,0.4143404357642617,1.2193616980684998,FGSG_02326;FGSG_02327;FGSG_02328,2,uncharacterized protein,,1.2193616980684998,3,0.530966011344608,0.17710222716533,0,0.32515090543259556
FGSG_04938,3,0.4131166103747727,1.2190424569054121,FGSG_02326;FGSG_02327;FGSG_02328,2,uncharacterized protein,,1.2190424569054121,3,0.728338858465422,0.0464313543787662,0,0.3245472837022133
FGSG_03011,3,0.4085170285234139,1.2186118272760134,FGSG_02327;FGSG_03842;FGSG_13952,2,uncharacterized protein,GO:0008168;GO:0032259,1.2186118272760134,3,0.235622775435774,0.0231992884883158,0,0.3243460764587525
FGSG_11416,3,0.40953642248244093,1.2183460440508727,FGSG_02326;FGSG_02327;FGSG_02328,2,uncharacterized protein,GO:0003677;GO:0005634;GO:0006355;GO:0016021;GO:0046872;GO:0055085,1.2183460440508727,3,0.477200425120666,0.280999538753963,0,0.32414486921529173
FGSG_01345,3,0.4065635402415599,1.2176499886259804,FGSG_02324;FGSG_02325;FGSG_02903,2,uncharacterized protein,GO:0000447;GO:0000472;GO:0003723;GO:0005730;GO:0005829;GO:0006461;GO:0051082,1.2176499886259804,3,0.591645092143245,7.98000015945081e-06,0,0.323943661971831
FGSG_11438,3,0.4095722163293081,1.2174179919998112,FGSG_02326;FGSG_02327;FGSG_02329,2,uncharacterized protein,,1.2174179919998112,3,0.572526159269403,0.0079977957094689,0,0.3235412474849094
FGSG_09903,3,0.4095922838921172,1.2168590901489047,FGSG_04589;FGSG_08601;FGSG_10347,1,kinase byr1,GO:0000196;GO:0000751;GO:0001402;GO:0001403;GO:0004674;GO:0004708;GO:0005524;GO:0005634;GO:0005829;GO:0007124;GO:0010525;GO:0032153;GO:0043332;GO:0051286;GO:0071507;GO:0071508;GO:1903695,1.2168590901489047,3,-0.283939796123208,0.0118587732865025,0,0.32313883299798796
FGSG_05545,3,0.4101706227450977,1.2150353157207858,FGSG_00330;FGSG_04458;FGSG_08601,1,GPI mannosyltransferase 3,GO:0004584;GO:0005789;GO:0006506;GO:0016021;GO:0097502,1.2150353157207858,3,-0.611141778405671,0.0015552739749594,0,0.3227364185110664
FGSG_10839,3,0.41001230856078813,1.2134873726067397,FGSG_02327;FGSG_03842;FGSG_13952,2,uncharacterized protein,GO:0000166;GO:0003899;GO:0006351,1.2134873726067397,3,0.2645021711799,0.305454486383643,0,0.32213279678068407
FGSG_07276,3,0.40941750266766586,1.213206877164573,FGSG_04589;FGSG_08601;FGSG_10347,1,uncharacterized protein,GO:0016491;GO:0055114,1.213206877164573,3,-0.380753751015027,0.0744166161408437,0,0.32193158953722334
FGSG_01881,3,0.40455193549986973,1.212110891711344,FGSG_02272;FGSG_03061;FGSG_05610,1,uncharacterized protein,GO:0000838;GO:0000839;GO:0008270;GO:0016021;GO:0016567;GO:0016874;GO:0030433;GO:0030968;GO:0031505;GO:0061630,1.212110891711344,3,-0.312069456524711,0.0066723933241684,0,0.3215291750503018
FGSG_03517,4,0.4165592634854515,1.6276948773401196,FGSG_02272;FGSG_02461;FGSG_03894;FGSG_05610,1,uncharacterized protein,GO:0016491;GO:0055114,1.2111356138546683,3,-0.43399053813277,9.58371071085549e-05,0,0.32132796780684103
FGSG_12781,3,0.4063798550855044,1.2100212657264295,FGSG_02326;FGSG_02328;FGSG_02329,2,uncharacterized protein,GO:0000124;GO:0000183;GO:0000781;GO:0001786;GO:0003677;GO:0003682;GO:0003713;GO:0004402;GO:0005671;GO:0006348;GO:0006357;GO:0008270;GO:0010520;GO:0016573;GO:0035066;GO:0046695;GO:0071470,1.2100212657264295,3,0.605663999522322,0.0003743349818152,0,0.3211267605633803
FGSG_06503,3,0.40776607940668064,1.2092977783917842,FGSG_03894;FGSG_04589;FGSG_10922,1,uncharacterized protein,GO:0000981;GO:0003677;GO:0005634;GO:0006351;GO:0006357;GO:0008270,1.2092977783917842,3,-0.589113166863916,0.0001016827910828,0,0.3209255533199195
FGSG_08487,4,0.4412308681223908,1.6815935620510012,FGSG_00743;FGSG_03894;FGSG_08774;FGSG_10922,1,uncharacterized protein,GO:0005643;GO:0006810,0.8756363675450267,2,-0.188841816321841,0.0361148056054988,0,0.3203219315895372
FGSG_09061,9,0.4489817705483464,3.77567518650029,FGSG_00007;FGSG_01866;FGSG_03532;FGSG_03535;FGSG_03881;FGSG_07896;FGSG_08081;FGSG_08083;FGSG_13952,2,"2,3-dihydroxybenzoic acid decarboxylase",GO:0016787,0.8746515869665823,2,0.945363777428536,5.75201492517503e-14,0,0.32012072434607647
FGSG_05146,3,0.4371103521931165,1.2881397053110022,FGSG_00743;FGSG_03894;FGSG_10922,1,uncharacterized protein,,0.8736897583144733,2,-0.447190722338296,0.0004203034609985,0,0.3199195171026157
FGSG_01210,4,0.45135325297105344,1.6883577685046016,FGSG_00743;FGSG_03894;FGSG_08774;FGSG_10922,1,uncharacterized protein,GO:0000388;GO:0003676;GO:0004004;GO:0005524;GO:0005681;GO:0005682;GO:0005829;GO:0046540,0.872691077918891,2,-0.280472353049804,0.0188074626413934,0,0.31971830985915495
FGSG_00277,5,0.45379074627167837,2.1091659170258668,FGSG_00743;FGSG_00765;FGSG_03894;FGSG_05610;FGSG_08774,1,uncharacterized protein,,0.871640008165862,2,-0.850455107829234,9.6707348813393e-08,0,0.31951710261569416
FGSG_06251,4,0.4457675671538782,1.6853311251885297,FGSG_00743;FGSG_03894;FGSG_08774;FGSG_10922,1,uncharacterized protein,,0.8702839847709586,2,-0.476962918487863,0.0141069435341267,0,0.31911468812877264
FGSG_09515,2,0.4380721077611166,0.8699181224126116,FGSG_03894;FGSG_10922,1,uncharacterized protein,GO:0005388;GO:0005524;GO:0016021;GO:0046872;GO:0070588,0.8699181224126116,2,-0.302620416312156,0.0007957818955767,0,0.31871227364185106
FGSG_06775,2,0.4367708280133388,0.8695738257953064,FGSG_03894;FGSG_10922,1,uncharacterized protein,,0.8695738257953064,2,-0.5373920609015,0.0001162138878643,0,0.31851106639839033
FGSG_09980,2,0.440916166986823,0.8669290647390655,FGSG_03894;FGSG_10922,1,"1,3-beta-glucanosyltransferase gel1 precursor",GO:0005886;GO:0006074;GO:0009277;GO:0016021;GO:0016787;GO:0031225;GO:0042124,0.8669290647390655,2,-0.318830759557405,0.0002195971183411,0,0.3181086519114688
FGSG_02189,8,0.4407946046197725,3.3387652792408113,FGSG_00007;FGSG_01866;FGSG_03532;FGSG_03539;FGSG_03881;FGSG_08081;FGSG_08083;FGSG_13952,2,N(4)-(beta-N-acetylglucosaminyl)-L-asparaginase,GO:0016787,0.866312534062579,2,0.244556155605899,0.103161574664355,0,0.317907444668008
FGSG_11897,5,0.44896771703597,2.094692682159273,FGSG_00743;FGSG_00765;FGSG_03894;FGSG_05610;FGSG_08774,1,uncharacterized protein,GO:0003951;GO:0006741;GO:0016310;GO:0019674,0.86564180426153,2,-0.258685125343879,0.0021762720506997,0,0.3177062374245473
FGSG_00426,3,0.4385340874109898,1.267113452422911,FGSG_00743;FGSG_03894;FGSG_10922,1,uncharacterized protein,GO:0046872,0.8637285741866014,2,-0.815601293721819,0.0932069614538786,0,0.31750503018108656
FGSG_09244,4,0.45191599460163606,1.6825890499858864,FGSG_02461;FGSG_03894;FGSG_05610;FGSG_08774,1,uncharacterized protein,GO:0000131;GO:0000145;GO:0001927;GO:0005546;GO:0005934;GO:0005935;GO:0006893;GO:0017049;GO:0043332;GO:0048309;GO:0051601;GO:0090522,0.8631263750687475,2,-0.323347937002372,0.0025363206664949,0,0.31730382293762577
FGSG_12460,4,0.4464909626663076,1.6847872928980994,FGSG_02461;FGSG_03894;FGSG_05610;FGSG_08774,1,uncharacterized protein,,0.8630265832191923,2,-0.715584169629145,0.0012735544357818,0,0.317102615694165
FGSG_10881,5,0.4508498924567166,2.0945089243521258,FGSG_00743;FGSG_00765;FGSG_03894;FGSG_05610;FGSG_08774,1,uncharacterized protein,GO:0005758;GO:0009055;GO:0020037;GO:0046872;GO:0055114;GO:0070469,0.8628229681644333,2,-0.640780769118462,1.6307463168417102e-19,0,0.31690140845070425
FGSG_11777,3,0.4352514598248838,1.2771255488492677,FGSG_00743;FGSG_03894;FGSG_10922,1,uncharacterized protein,GO:0004553;GO:0005975;GO:0016021,0.8626727564977853,2,-0.436296549436419,0.0001889193322583,0,0.31670020120724346
FGSG_02918,2,0.43749261606897694,0.8611931615905485,FGSG_03894;FGSG_10922,1,uncharacterized protein,GO:0004190;GO:0006508,0.8611931615905485,2,-0.282982206992631,0.0119034892649129,0,0.31649899396378267
FGSG_00435,3,0.43199935157975927,1.2656155475810702,FGSG_00743;FGSG_03894;FGSG_10922,1,uncharacterized protein,GO:0003824,0.8610864855957945,2,-0.328975536588924,0.0084263050984016,0,0.31629778672032194
FGSG_10767,7,0.43850201999566335,2.9059918562727813,FGSG_00007;FGSG_01866;FGSG_03532;FGSG_03881;FGSG_08081;FGSG_08083;FGSG_13952,2,uncharacterized protein,GO:0005524,0.8581447104741313,2,0.141675186951104,0.230015625762822,0,0.3158953722334004
FGSG_06645,2,0.43225412267284635,0.8578796621678038,FGSG_03894;FGSG_10922,1,uncharacterized protein,GO:0004806;GO:0005525;GO:0005783;GO:0005794;GO:0006886;GO:0016021;GO:0016042;GO:0016192,0.8578796621678038,2,-0.173123093304719,0.153015701969976,0,0.31569416498993963
FGSG_00803,3,0.43125288872276396,1.2586443445207482,FGSG_00743;FGSG_03894;FGSG_10922,1,uncharacterized protein,,0.8578411819487854,2,-0.214444038909434,0.180146748113029,0,0.3154929577464789
FGSG_06662,5,0.44118812643641925,2.0844998368608505,FGSG_00765;FGSG_02461;FGSG_03894;FGSG_05610;FGSG_08774,1,uncharacterized protein,GO:0005684;GO:0045292,0.8578397522750516,2,-0.785972261993422,3.52790171039558e-08,0,0.3152917505030181
FGSG_08557,4,0.4384159515424446,1.6629132380649252,FGSG_00743;FGSG_03894;FGSG_08774;FGSG_10922,1,uncharacterized protein,GO:0035859;GO:0097042,0.8578190126195349,2,-0.219909040873134,0.105512048411562,0,0.3150905432595573
FGSG_09226,6,0.4399502419546649,2.5200112440870273,FGSG_00007;FGSG_01866;FGSG_03532;FGSG_03881;FGSG_08083;FGSG_13952,2,uncharacterized protein,GO:0004553;GO:0005975,0.8573235341437929,2,0.278919844871485,0.0518633487369596,0,0.3148893360160966
FGSG_10949,2,0.4293919216558098,0.8563759230758101,FGSG_03894;FGSG_10922,1,homoaconitase,GO:0004409;GO:0005739;GO:0019878;GO:0046872;GO:0051539,0.8563759230758101,2,-0.169385958927528,0.290374473645157,0,0.31468812877263586
FGSG_09318,3,0.4430794898864965,1.2768035863233702,FGSG_00743;FGSG_03894;FGSG_10922,1,uncharacterized protein,GO:0000981;GO:0003677;GO:0005634;GO:0006351;GO:0006357;GO:0008270,0.8562413078484176,2,-0.775335313141646,5.24834896783462e-07,0,0.314486921529175
FGSG_05907,5,0.44752345667551624,2.080997364381002,FGSG_00743;FGSG_00765;FGSG_03894;FGSG_05610;FGSG_08774,1,uncharacterized protein,GO:0003735;GO:0005840;GO:0006412,0.8560773840283628,2,-0.37206758052325,0.0033626615157183,0,0.3142857142857143
FGSG_13894,4,0.4535775904649391,1.6856926319872148,FGSG_00743;FGSG_03894;FGSG_05610;FGSG_08774,1,uncharacterized protein,,0.8559959778790776,2,-0.959658560869033,0.0207239794994576,0,0.31408450704225355
FGSG_01049,3,0.4308457738729111,1.2625100844194324,FGSG_00743;FGSG_03894;FGSG_10922,1,uncharacterized protein,GO:0005488;GO:0016020,0.8558493015520358,2,-0.56004465969822,3.95506399253865e-07,0,0.31388329979879276
FGSG_08351,3,0.43802123781225377,1.2631182170209356,FGSG_03894;FGSG_08774;FGSG_10922,1,glycine cleavage system H protein,GO:0005960;GO:0019464,0.8556691075633858,2,-0.291275046439383,0.0137122496030142,0,0.31368209255533197
FGSG_00298,4,0.4458181300842609,1.6679447530321563,FGSG_00765;FGSG_03894;FGSG_05610;FGSG_08774,1,uncharacterized protein,GO:0006486;GO:0045547,0.8541689327340933,2,-0.330793701846412,0.0108298916152423,0,0.31327967806841045
FGSG_12306,4,0.44259822130110016,1.6776201742044763,FGSG_00765;FGSG_03894;FGSG_05610;FGSG_08774,1,uncharacterized protein,,0.8539570598892456,2,-0.701148972040339,9.697382228819049e-12,0,0.3130784708249497
FGSG_08350,2,0.43369526243348605,0.8535382722746012,FGSG_03894;FGSG_10922,1,serine hydroxymethyltransferase,GO:0004372;GO:0006544;GO:0006563;GO:0008168;GO:0030170;GO:0032259;GO:0035999,0.8535382722746012,2,-0.322529897928369,0.0095799818981577,0,0.31287726358148893
FGSG_01810,6,0.4383382834853557,2.49467441696247,FGSG_00007;FGSG_01866;FGSG_03532;FGSG_03881;FGSG_08083;FGSG_13952,2,uncharacterized protein,GO:0016787,0.8530598417166355,2,0.489989387977143,0.164771606166551,0,0.3126760563380282
FGSG_00165,3,0.4357013215049949,1.2680843640679684,FGSG_00007;FGSG_08083;FGSG_13952,2,uncharacterized protein,GO:0016787,0.8522571861972359,2,0.300114915667605,0.296191076309573,0,0.3124748490945674
FGSG_09708,3,0.43786618804623906,1.2752431358067142,FGSG_00765;FGSG_03894;FGSG_05610,1,uncharacterized protein,,0.8519163658479358,2,-0.519686876909027,8.03368009493736e-05,0,0.3122736418511066
FGSG_05068,2,0.4270941992809394,0.8518187241133215,FGSG_03842;FGSG_13952,2,uncharacterized protein,GO:0000981;GO:0005634;GO:0006357;GO:0008270,0.8518187241133215,2,0.448848837103731,0.0090489286544137,0,0.3120724346076459
FGSG_07319,3,0.4481564647994524,1.266450665424443,FGSG_03894;FGSG_08774;FGSG_10922,1,uncharacterized protein,GO:0016787;GO:0055114,0.850947584827904,2,-0.460867638032619,0.0155841236998899,0,0.3118712273641851
FGSG_02941,5,0.43740016626822664,2.100054309169042,FGSG_00007;FGSG_03532;FGSG_03881;FGSG_08083;FGSG_13952,2,uncharacterized protein,GO:0006147;GO:0008270;GO:0008892,0.8506777427750108,2,0.214398137592919,0.109089478028499,0,0.3116700201207243
FGSG_06723,4,0.4409599078877985,1.6745704605771374,FGSG_02461;FGSG_03894;FGSG_05610;FGSG_08774,1,import inner membrane translocase subunit TIM14,GO:0001671;GO:0005743;GO:0008565;GO:0016021;GO:0030150;GO:0032781,0.8506399602131212,2,-0.462453699710169,0.0001488538633733,0,0.3114688128772636
FGSG_02700,4,0.4361835042109361,1.67248969420962,FGSG_00765;FGSG_02461;FGSG_03894;FGSG_05610,1,uncharacterized protein,GO:0005730;GO:0005829;GO:0042254,0.850279775443533,2,-0.660131006179475,4.50818918474858e-07,0,0.31126760563380285
FGSG_03078,5,0.43407318314311694,2.095944606962423,FGSG_00007;FGSG_03539;FGSG_08081;FGSG_08083;FGSG_13952,2,uncharacterized protein,,0.8501254808992262,2,0.145275976943002,0.206650037925691,0,0.31106639839034206
FGSG_08750,2,0.42688115831124096,0.8499915820735493,FGSG_03894;FGSG_10922,1,uncharacterized protein,,0.8499915820735493,2,-0.292090718777874,0.129830354381657,0,0.31086519114688127
FGSG_09063,7,0.4374933621398657,2.919455047228547,FGSG_00007;FGSG_01866;FGSG_03532;FGSG_03881;FGSG_08081;FGSG_08083;FGSG_13952,2,uncharacterized protein,GO:0004497;GO:0016021;GO:0055114;GO:0071949,0.8491432291417053,2,0.517314055694693,0.0003413425615233,0,0.31066398390342054
FGSG_06800,5,0.426237070114873,2.090597530533597,FGSG_00007;FGSG_01866;FGSG_08081;FGSG_08083;FGSG_13952,2,uncharacterized protein,GO:0005787;GO:0006465;GO:0008233;GO:0016021;GO:0045047,0.8490992587437342,2,0.152924211372184,0.161473031627971,0,0.3104627766599598
FGSG_01658,4,0.4466088517926977,1.6643260068464636,FGSG_00765;FGSG_03894;FGSG_05610;FGSG_08774,1,uncharacterized protein,GO:0005637;GO:0034506;GO:0034992;GO:0044732;GO:0071765;GO:0072766,0.8487765114695961,2,-0.440273504616172,0.0063757850142165,0,0.31026156941649896
FGSG_03190,2,0.4275311605739227,0.8485778680444593,FGSG_03894;FGSG_10922,1,uncharacterized protein,,0.8485778680444593,2,-0.4292408104149,0.0790928733755167,0,0.31006036217303823
FGSG_01409,2,0.4259799845083499,0.8484045052896945,FGSG_03842;FGSG_13952,2,uncharacterized protein,,0.8484045052896945,2,0.170463595990227,0.0534182212357276,0,0.3098591549295775
FGSG_02570,6,0.4366484185297094,2.4988778607944067,FGSG_00007;FGSG_01866;FGSG_03532;FGSG_03881;FGSG_08083;FGSG_13952,2,uncharacterized protein,GO:0003746;GO:0003924;GO:0005525;GO:0005737;GO:0006414;GO:0042256,0.84767027446745,2,0.171040779041589,0.0794163270044416,0,0.3096579476861167
FGSG_04386,4,0.43626834741668624,1.663530822853268,FGSG_00743;FGSG_00765;FGSG_03894;FGSG_05610,1,uncharacterized protein,GO:0003677;GO:0005634;GO:0005737;GO:0006281;GO:0008821;GO:0090305,0.847231200000151,2,-0.46109436767955,0.0132241945078538,0,0.3094567404426559
FGSG_09343,3,0.43032496409151233,1.2487810002857676,FGSG_00743;FGSG_03894;FGSG_10922,1,uncharacterized protein,GO:0004842;GO:0016567;GO:0046872,0.8470281295646425,2,-0.936119081538472,0.075799743849787,0,0.3092555331991952
FGSG_09698,2,0.42453702567864215,0.846774283842549,FGSG_03894;FGSG_10922,1,uncharacterized protein,,0.846774283842549,2,-0.516363757658675,0.236542199505349,0,0.3090543259557344
FGSG_08474,3,0.43636814443683786,1.2488819550267232,FGSG_00765;FGSG_03894;FGSG_10922,1,uncharacterized protein,GO:0000289;GO:0000749;GO:0005634;GO:0005829;GO:0006368;GO:0007124;GO:0030015;GO:0032968;GO:0051726,0.8467025069825911,2,-0.326070490224266,0.0013563749528887,0,0.30885311871227367
FGSG_09062,5,0.4364419830141401,2.087679453777746,FGSG_00007;FGSG_01866;FGSG_03532;FGSG_08083;FGSG_13952,2,uncharacterized protein,,0.8461102730333656,2,0.539252823342373,0.0029461896120636,0,0.3084507042253521
FGSG_06047,4,0.4416224436084493,1.6666674873303813,FGSG_00765;FGSG_03894;FGSG_05610;FGSG_08774,1,uncharacterized protein,GO:0000784;GO:0000790;GO:0004402;GO:0006348;GO:0016573;GO:0033255;GO:0043486,0.8459766557022678,2,-0.335366843802467,0.0291102599668859,0,0.30824949698189136
FGSG_04544,4,0.43158544511312574,1.6703129299488584,FGSG_00007;FGSG_01866;FGSG_08083;FGSG_13952,2,uncharacterized protein,GO:0016021;GO:0022891;GO:0055085,0.8456293109046031,2,0.256832176634574,0.351565856150051,0,0.30804828973843057
FGSG_05679,6,0.44061594719053215,2.5033633292492867,FGSG_00007;FGSG_03532;FGSG_03539;FGSG_03881;FGSG_08083;FGSG_13952,2,uncharacterized protein,GO:0016021,0.8455398009040718,2,0.267215090099528,0.19546219760947,0,0.30784708249496984
FGSG_02678,4,0.43578066476033017,1.6887811464627789,FGSG_00007;FGSG_03539;FGSG_08083;FGSG_13952,2,uncharacterized protein,,0.8454646643597228,2,0.17809879974273,0.424264514103647,0,0.30764587525150905
FGSG_04146,2,0.4307861825711629,0.845049896131254,FGSG_03894;FGSG_10922,1,uncharacterized protein,GO:0005975;GO:0008061;GO:0016810,0.845049896131254,2,-0.359881316355129,0.303035251415566,0,0.30744466800804826
FGSG_09180,3,0.438319461251118,1.2521143818594502,FGSG_03894;FGSG_05610;FGSG_08774,1,uncharacterized protein,GO:0010508,0.844640924407301,2,-0.383266717964524,0.0121350492124367,0,0.30724346076458753
FGSG_00174,2,0.4340999619975641,0.8445243236117257,FGSG_03894;FGSG_10922,1,uncharacterized protein,GO:0008080,0.8445243236117257,2,-0.285678806633175,0.138894566017234,0,0.3070422535211268
FGSG_00563,5,0.42344479707138616,2.0632546808033525,FGSG_00007;FGSG_01866;FGSG_08081;FGSG_08083;FGSG_13952,2,uncharacterized protein,,0.8442010346287963,2,0.168307292496597,0.170370692255292,0,0.30684104627766595
FGSG_06537,2,0.43269692797928283,0.8435843710590905,FGSG_03894;FGSG_10922,1,N amino acid transport system protein,GO:0016021,0.8435843710590905,2,-0.543982458784213,0.0651708514591689,0,0.3066398390342052
FGSG_00499,5,0.42438795850503613,2.0616597869940287,FGSG_00007;FGSG_01866;FGSG_08081;FGSG_08083;FGSG_13952,2,uncharacterized protein,GO:0004579;GO:0005789;GO:0006487;GO:0016021,0.8425826323524588,2,0.122721802354856,0.243551498184689,0,0.3062374245472837
FGSG_08550,3,0.42245793764108297,1.2647240175727035,FGSG_00007;FGSG_08083;FGSG_13952,2,uncharacterized protein,GO:0005634;GO:0005829,0.8422660799316206,2,0.105494416094927,0.291392358676177,0,0.3060362173038229
FGSG_03068,2,0.4236796602898583,0.842141927627104,FGSG_03842;FGSG_13952,2,uncharacterized protein,GO:0000981;GO:0003677;GO:0005634;GO:0006351;GO:0006357;GO:0008270,0.842141927627104,2,0.287920231723326,0.067692749771096,0,0.3058350100603622
FGSG_04656,5,0.42249523844756737,2.0714603376746332,FGSG_00007;FGSG_03539;FGSG_03842;FGSG_08082;FGSG_13952,2,uncharacterized protein,,0.8404979154181231,2,0.181877158157183,0.167555928216921,0,0.30543259557344066
FGSG_01389,4,0.43120201372702727,1.6581981906023782,FGSG_00007;FGSG_03532;FGSG_08083;FGSG_13952,2,uncharacterized protein,GO:0008483;GO:0009058;GO:0030170,0.8389080353924128,2,0.239654646748878,0.477105507369805,0,0.30503018108651914
FGSG_08145,5,0.4346590513895229,2.086721262835873,FGSG_00007;FGSG_01866;FGSG_03532;FGSG_08083;FGSG_13952,2,uncharacterized protein,,0.8388120310655475,2,0.537423140608371,0.233659398443389,0,0.30482897384305835
FGSG_05016,3,0.43605180763384793,1.2490340246498535,FGSG_03894;FGSG_05610;FGSG_08774,1,uncharacterized protein,GO:0000002;GO:0003677;GO:0003899;GO:0006390;GO:0034245;GO:0042645,0.8386483853900799,2,-0.187456006926119,0.170323014676376,0,0.30462776659959756
FGSG_09204,7,0.4344735496583807,2.903873721769198,FGSG_00007;FGSG_01866;FGSG_03532;FGSG_03539;FGSG_08081;FGSG_08083;FGSG_13952,2,metacaspase-1 precursor,GO:0004198;GO:0005634;GO:0005829;GO:0006515;GO:0006915;GO:0043065,0.8382395534442655,2,0.150602889932291,0.0683737588123924,0,0.3044265593561368
FGSG_10248,2,0.429710791692276,0.8380436626488932,FGSG_03894;FGSG_10922,1,uncharacterized protein,,0.8380436626488932,2,-0.148069182300193,0.170176680428855,0,0.30422535211267604
FGSG_07013,2,0.4220755962478298,0.8378523974133238,FGSG_03894;FGSG_10922,1,uncharacterized protein,GO:0003677;GO:0003910;GO:0005524;GO:0006266;GO:0006281;GO:0006310,0.8378523974133238,2,-0.337285181495524,0.27119994796013,0,0.3040241448692153
FGSG_06143,5,0.424512669193023,2.080078132990612,FGSG_00007;FGSG_03539;FGSG_08081;FGSG_08083;FGSG_13952,2,uncharacterized protein,,0.8376940592790243,2,0.16901422748409,0.249665376958941,0,0.3038229376257545
FGSG_04044,3,0.4307920251958334,1.2385920073159173,FGSG_03894;FGSG_08774;FGSG_09012,1,dolichol-phosphate mannosyltransferase,GO:0004582;GO:0005741;GO:0005783;GO:0006487;GO:0006493;GO:0006506;GO:0042175;GO:0097502,0.8368916229176433,2,-0.289307772376028,0.0315874307846489,0,0.3036217303822938
FGSG_07881,5,0.43651104290890225,2.0684927936383115,FGSG_00007;FGSG_01866;FGSG_02327;FGSG_03532;FGSG_08083,2,uncharacterized protein,GO:0016021;GO:0022857;GO:0055085,0.8368425083328059,2,0.617758793570854,0.0002365062511932,0,0.303420523138833
FGSG_00959,2,0.4336282269059756,0.8351718368275949,FGSG_03894;FGSG_05610,1,uncharacterized protein,,0.8351718368275949,2,-0.220686293837043,0.124980718504836,0,0.3032193158953722
FGSG_02444,2,0.43327783567701844,0.834627503033641,FGSG_03894;FGSG_10922,1,uncharacterized protein,GO:0008080,0.834627503033641,2,-0.295000365508079,0.0106978357237025,0,0.3030181086519115
FGSG_13963,2,0.4197178705860526,0.8344151924015928,FGSG_03894;FGSG_10922,1,uncharacterized protein,GO:0003857;GO:0006631;GO:0055114,0.8344151924015928,2,-0.595044245629854,0.123645484551362,0,0.30281690140845074
FGSG_03318,2,0.41812913324569734,0.8336126732752625,FGSG_03842;FGSG_13952,2,uncharacterized protein,GO:0016021,0.8336126732752625,2,0.19205136852587,0.198725403836043,0,0.30241448692152917
FGSG_07520,3,0.429210561126396,1.2448468863324815,FGSG_00765;FGSG_03894;FGSG_05610,1,uncharacterized protein,GO:0004672;GO:0005524;GO:0006468;GO:0016021,0.8335185784307166,2,-0.309568684133243,0.0265196265838368,0,0.30221327967806844
FGSG_13499,3,0.43130944488575423,1.2426958854044252,FGSG_00765;FGSG_03894;FGSG_05610,1,uncharacterized protein,GO:0016021,0.8330536498994585,2,-0.605790894815225,1.6291427770759e-05,0,0.30201207243460765
FGSG_06355,2,0.42272268048964484,0.8329990520638338,FGSG_03894;FGSG_10922,1,uncharacterized protein,GO:0005634,0.8329990520638338,2,-0.247794806354428,0.132555144743933,0,0.30181086519114686
FGSG_02022,2,0.4284684986658915,0.8308242579336067,FGSG_03894;FGSG_10922,1,"1,3-beta-glucanosyltransferase gel4 precursor",GO:0000936;GO:0005621;GO:0005739;GO:0005886;GO:0005975;GO:0006342;GO:0016021;GO:0030134;GO:0030447;GO:0031225;GO:0031505;GO:0034399;GO:0042124;GO:0045121,0.8308242579336067,2,-0.185641609948777,0.0209321404088889,0,0.30140845070422534
FGSG_02390,3,0.425902906325361,1.2328342307276354,FGSG_00007;FGSG_02327;FGSG_08083,2,uncharacterized protein,GO:0003824,0.8305182105541877,2,0.852141424045224,0.0186005043346358,0,0.3012072434607646
FGSG_11891,3,0.4264814251155869,1.2427859534899661,FGSG_00765;FGSG_03894;FGSG_05610,1,uncharacterized protein,GO:0000981;GO:0005634;GO:0006357;GO:0008270,0.8304569861393201,2,-0.4994883364768,0.0002733925885187,0,0.3010060362173038
FGSG_09038,2,0.4230037092477822,0.8302191699662476,FGSG_03894;FGSG_10922,1,uncharacterized protein,,0.8302191699662476,2,-0.829314645357602,0.108907183747472,0,0.3008048289738431
FGSG_03880,5,0.42757821781656874,2.068712938009858,FGSG_00007;FGSG_03532;FGSG_08081;FGSG_08083;FGSG_13952,2,uncharacterized protein,GO:0004764;GO:0055114,0.8299926816992996,2,0.2116378009588,0.397218580417326,0,0.3006036217303823
FGSG_06308,2,0.41794092477404354,0.8299835129767092,FGSG_03894;FGSG_10922,1,uncharacterized protein,GO:0003735;GO:0005739;GO:0015935;GO:0032543,0.8299835129767092,2,-0.148745589244843,0.223127928669286,0,0.3004024144869215
FGSG_03650,2,0.42257621566217957,0.8298854200378712,FGSG_02324;FGSG_02325,2,uncharacterized protein,GO:0003677;GO:0005634;GO:0006351;GO:0008270;GO:0016021;GO:0016787,0.8298854200378712,2,0.888952815273885,3.822932773263e-06,0,0.3002012072434608
FGSG_12934,2,0.4209968882069908,0.8296477061002231,FGSG_09456;FGSG_09834,1,anthranilate synthase component 1,GO:0000162;GO:0004049;GO:0005634;GO:0005829,0.8296477061002231,2,-0.568100039108334,7.85194573538654e-08,0,0.3
FGSG_07214,2,0.42367441472199696,0.8292455431328356,FGSG_03894;FGSG_10922,1,pre-mRNA-splicing factor cwc22,GO:0000398;GO:0003723;GO:0071006,0.8292455431328356,2,-0.311720936806386,0.046106825352145,0,0.2997987927565392
FGSG_04397,4,0.4276633261616231,1.639736778495341,FGSG_01866;FGSG_02327;FGSG_03532;FGSG_08083,2,uncharacterized protein,GO:0004190;GO:0006508,0.8291997487317606,2,0.212628787732772,0.0084459176082496,0,0.29959758551307847
FGSG_07516,2,0.41644021267012804,0.8290842402614547,FGSG_04589;FGSG_08601,1,uncharacterized protein,GO:0005524;GO:0005794;GO:0005886;GO:0015421;GO:0016021;GO:0032153;GO:0035672;GO:0043332;GO:0051286;GO:1990847,0.8290842402614547,2,-0.284784571879336,0.245243525311026,0,0.29939637826961774
FGSG_04966,4,0.4346089045366254,1.6757947461257605,FGSG_00007;FGSG_03539;FGSG_08083;FGSG_13952,2,uncharacterized protein,GO:0016021;GO:0016620;GO:0055114,0.828766197532435,2,0.0603288827958471,0.803114720753603,0,0.29919517102615695
FGSG_02128,3,0.4168544216051189,1.2399018154807628,FGSG_00007;FGSG_08083;FGSG_13952,2,uncharacterized protein,,0.8277433023183953,2,0.365565919672463,0.3850575884945,0,0.29899396378269616
FGSG_09424,4,0.438567191839324,1.6729743084216198,FGSG_00007;FGSG_03539;FGSG_08083;FGSG_13952,2,uncharacterized protein,GO:0008152;GO:0016874,0.8275649504132545,2,0.134092212454626,0.388541552685393,0,0.2987927565392354
FGSG_05245,5,0.42185485996752053,2.042745662181954,FGSG_00007;FGSG_01866;FGSG_08081;FGSG_08083;FGSG_13952,2,uncharacterized protein,GO:0004177;GO:0005576;GO:0006508;GO:0046872,0.8274829740654397,2,0.227676070175426,0.0978834321963878,0,0.2985915492957747
FGSG_04908,3,0.4252871519226109,1.2334977528103193,FGSG_00765;FGSG_03894;FGSG_05610,1,uncharacterized protein,,0.8272374876432871,2,-0.266720386448046,5.88196271005025e-05,0,0.29839034205231385
FGSG_06215,2,0.4151405544549829,0.8269717010326857,FGSG_03894;FGSG_10922,1,uncharacterized protein,GO:0004506;GO:0005783;GO:0005811;GO:0006696;GO:0008144;GO:0016021;GO:0050660;GO:0055114,0.8269717010326857,2,-0.474983148316085,0.000300457426518,0,0.2981891348088531
FGSG_02460,3,0.4311833891537714,1.2580992826782884,FGSG_02272;FGSG_02461;FGSG_05610,1,cation-transporting ATPase 4,GO:0005524;GO:0005789;GO:0005801;GO:0006812;GO:0006874;GO:0015662;GO:0016021;GO:0030026;GO:0034220;GO:0046872;GO:0055092,0.8269158935245169,2,-0.710922298745175,1.3033713892467201e-09,0,0.2979879275653924
FGSG_11939,2,0.4200414756225557,0.82673350688185,FGSG_03894;FGSG_10922,1,uncharacterized protein,GO:0005245;GO:0005509;GO:0005891;GO:0034765;GO:0070588,0.82673350688185,2,-0.516316615786711,2.22194870204378e-07,0,0.2977867203219316
FGSG_10146,2,0.4182965129062313,0.8264075899059444,FGSG_03842;FGSG_13952,2,uncharacterized protein,GO:0004180;GO:0006508;GO:0035241;GO:0035247,0.8264075899059444,2,0.149219003879442,0.36154226719419,0,0.2975855130784708
FGSG_03765,2,0.42618802772814934,0.8262726765670121,FGSG_08083;FGSG_13952,2,uncharacterized protein,,0.8262726765670121,2,0.225780951880127,0.342852057946823,0,0.2973843058350101
FGSG_03088,2,0.41676706981327033,0.8261998155642628,FGSG_03842;FGSG_13952,2,uncharacterized protein,GO:0051213;GO:0055114,0.8261998155642628,2,0.255461336615099,0.396443834299448,0,0.2971830985915493
FGSG_10222,2,0.4143519494767372,0.8260455095701191,FGSG_03894;FGSG_10922,1,uncharacterized protein,GO:0005886;GO:0016021,0.8260455095701191,2,-0.150692948764569,0.17657291792466,0,0.29698189134808856
FGSG_08964,3,0.42436769575687777,1.2501693067239952,FGSG_02272;FGSG_02461;FGSG_05610,1,signal recognition particle 54 kDa protein,GO:0003924;GO:0005525;GO:0005786;GO:0006614;GO:0008312,0.8258016109671175,2,-0.533942997218621,2.35093177417359e-10,0,0.29678068410462777
FGSG_01183,3,0.42372017230574455,1.2419276607667795,FGSG_00765;FGSG_03894;FGSG_05610,1,uncharacterized protein,GO:0005829;GO:0016514;GO:0045944,0.825798502416826,2,-0.7912159098316,7.32909640927011e-30,0,0.296579476861167
FGSG_07412,2,0.4163347352560032,0.8256049301498289,FGSG_09456;FGSG_09834,1,uncharacterized protein,GO:0005789;GO:0016021,0.8256049301498289,2,-0.408776459386276,0.0001208379038034,0,0.29637826961770625
FGSG_00904,3,0.4181669351234287,1.2267887533788575,FGSG_08081;FGSG_08083;FGSG_13952,2,deoxyuridine 5'-triphosphate nucleotidohydrolase,GO:0004170;GO:0005634;GO:0005737;GO:0035863;GO:0035870;GO:0046081,0.8249473155842602,2,0.201870056707062,0.147405089371779,0,0.29617706237424546
FGSG_02749,2,0.4175380430196037,0.8235850285867139,FGSG_03894;FGSG_10922,1,uncharacterized protein,GO:0005524;GO:0016021;GO:0042626;GO:0055085,0.8235850285867139,2,-0.347054222492632,0.0024315061945936,0,0.2959758551307847
FGSG_08446,2,0.4154501660044302,0.8235054548731708,FGSG_03894;FGSG_10922,1,rho GTPase 1,GO:0000001;GO:0003924;GO:0005509;GO:0005525;GO:0005635;GO:0005829;GO:0007264;GO:0010821;GO:0031307;GO:0032865;GO:0055091;GO:1990456,0.8235054548731708,2,-0.319518906253322,0.0590209945415137,0,0.29577464788732394
FGSG_08272,2,0.4193759221744801,0.823466909575349,FGSG_02324;FGSG_02327,2,uncharacterized protein,,0.823466909575349,2,0.72046057579472,0.0181360674709284,0,0.29557344064386315
FGSG_13377,2,0.4141890664475313,0.8234020499594044,FGSG_03894;FGSG_10922,1,uncharacterized protein,GO:0016021,0.8234020499594044,2,-0.470831244943248,0.258130135807843,0,0.2951710261569417
FGSG_12711,2,0.416136951673275,0.8230354376599935,FGSG_03894;FGSG_04589,1,uncharacterized protein,GO:0000723;GO:0000727;GO:0000784;GO:0000981;GO:0003684;GO:0003723;GO:0004003;GO:0005635;GO:0006303;GO:0006333;GO:0006357;GO:0008270;GO:0030466;GO:0032508;GO:0042162;GO:0043564;GO:0097552,0.8230354376599935,2,-0.26890428523544,0.0628167312091576,0,0.29496981891348084
FGSG_13142,2,0.41875663223072745,0.8229468110337831,FGSG_03894;FGSG_10922,1,uncharacterized protein,GO:0016740,0.8229468110337831,2,-0.370161367371604,0.0189083969916119,0,0.2947686116700201
FGSG_10595,2,0.411539692511035,0.8227332182606844,FGSG_08083;FGSG_13952,2,uncharacterized protein,GO:0004252;GO:0006508,0.8227332182606844,2,0.0924851151278386,0.753191958172591,0,0.2945674044265594
FGSG_06125,2,0.41577782259941903,0.8226501940198593,FGSG_08083;FGSG_13952,2,uncharacterized protein,GO:0005634,0.8226501940198593,2,0.0822901612356601,0.441948697976736,0,0.2943661971830986
FGSG_03095,2,0.4193012648020332,0.8222607771493134,FGSG_02324;FGSG_02327,2,uncharacterized protein,GO:0016787,0.8222607771493134,2,0.404530573049543,0.126421666647348,0,0.2941649899396378
FGSG_05184,3,0.4125241370397659,1.2279959168413828,FGSG_00007;FGSG_08083;FGSG_13952,2,uncharacterized protein,GO:0003824;GO:0009058;GO:0030170,0.8217368743296088,2,0.157719647190386,0.379474543519169,0,0.29376257545271633
FGSG_04130,3,0.4166467739198181,1.23212544915845,FGSG_00765;FGSG_03894;FGSG_05610,1,external NADH-ubiquinone oxidoreductase 1,GO:0016021;GO:0016491;GO:0055114,0.8210522772200415,2,-0.596288576637468,1.4340600764891e-08,0,0.29356136820925555
FGSG_09691,2,0.4169117609302709,0.8209637508154084,FGSG_03894;FGSG_10922,1,uncharacterized protein,,0.8209637508154084,2,-0.188865281456145,0.0497362933688225,0,0.29336016096579476
FGSG_00832,4,0.41216151536770124,1.6292226522396924,FGSG_00007;FGSG_03539;FGSG_03842;FGSG_13952,2,uncharacterized protein,GO:0005739;GO:0016787,0.820929430806004,2,0.0784175917253763,0.579618405131827,0,0.293158953722334
FGSG_02992,2,0.4104212042840066,0.8207247148225695,FGSG_03842;FGSG_13952,2,uncharacterized protein,GO:0016021;GO:0055085,0.8207247148225695,2,0.350374119596456,0.198149779636529,0,0.29295774647887324
FGSG_01115,2,0.41050709919702116,0.8206112488915136,FGSG_03842;FGSG_13952,2,uncharacterized protein,GO:0016311;GO:0016791,0.8206112488915136,2,0.309666880897761,0.014289140295583,0,0.29275653923541245
FGSG_05619,2,0.41182442449465273,0.8206072259890733,FGSG_03894;FGSG_10922,1,clathrin heavy chain,GO:0005198;GO:0006886;GO:0006897;GO:0030130;GO:0030132,0.8206072259890733,2,-0.101975190263188,0.24476890196745,0,0.2925553319919517
FGSG_04204,6,0.427720629343884,2.4730663687153687,FGSG_00007;FGSG_03532;FGSG_03539;FGSG_08081;FGSG_08083;FGSG_13952,2,uncharacterized protein,GO:0005739;GO:0005886;GO:0006849;GO:0015355;GO:0015992;GO:0016021;GO:0035879;GO:0097079;GO:0097080,0.8206054035956576,2,0.104138965742926,0.268369895709596,0,0.29235412474849093
FGSG_05468,2,0.418283975520455,0.8201671574641721,FGSG_02324;FGSG_02325,2,uncharacterized protein,GO:0008168;GO:0019825;GO:0020037;GO:0032259,0.8201671574641721,2,0.301362837214039,0.0095177795560707,0,0.2921529175050302
FGSG_06784,4,0.4361867893074478,1.6674314815092663,FGSG_00007;FGSG_03539;FGSG_08083;FGSG_13952,2,farnesyl pyrophosphate synthetase,GO:0004161;GO:0004337;GO:0005783;GO:0006696;GO:0033384;GO:0045337;GO:0046872,0.819421758553649,2,0.10730954565372,0.333441780191939,0,0.2919517102615694
FGSG_04888,2,0.413766650898907,0.818815761048106,FGSG_03894;FGSG_10922,1,uncharacterized protein,GO:0000978;GO:0001077;GO:0005634;GO:0006366;GO:0008270;GO:0035948;GO:0061414;GO:2000218,0.818815761048106,2,-0.725918122094265,2.05987005928837e-08,0,0.2917505030181087
FGSG_02667,2,0.411318170236627,0.8188008413361494,FGSG_02326;FGSG_02329,2,uncharacterized protein,,0.8188008413361494,2,0.99914439172038,3.55001838643725e-07,0,0.2915492957746479
FGSG_05763,2,0.4093011893688195,0.8183155458114486,FGSG_03842;FGSG_13952,2,uncharacterized protein,,0.8183155458114486,2,0.396715427716717,0.195425594946192,0,0.29114688128772637
FGSG_04222,3,0.42740775246676765,1.2454016015707388,FGSG_02272;FGSG_02461;FGSG_05610,1,uncharacterized protein,GO:0000103;GO:0004325;GO:0019354;GO:0043115;GO:0055114,0.8179938491039712,2,-0.447123879260678,7.96064168734819e-06,0,0.29094567404426563
FGSG_04299,2,0.41339868033913857,0.8173464221775133,FGSG_03546;FGSG_08601,1,uncharacterized protein,GO:0006072;GO:0009331;GO:0016021;GO:0052591;GO:0055114,0.8173464221775133,2,-0.663507676599711,0.0045348397340035,0,0.2907444668008048
FGSG_05510,2,0.4139239650283291,0.8171950067987186,FGSG_02324;FGSG_02325,2,uncharacterized protein,GO:0003924;GO:0005525;GO:0005794;GO:0006886;GO:0007264;GO:0033365;GO:0042175;GO:0043001,0.8171950067987186,2,0.47868580512245,0.0031804693814005,0,0.29054325955734406
FGSG_01007,2,0.40877308217568925,0.8171215261471491,FGSG_03842;FGSG_13952,2,DNA replication complex GINS protein PSF1,GO:0000727;GO:0000811;GO:0005829;GO:0031298;GO:1902975;GO:1902983,0.8171215261471491,2,0.10811372704649,0.408123775535397,0,0.2903420523138833
FGSG_05584,2,0.4108016332264981,0.8171171631588916,FGSG_03842;FGSG_13952,2,uncharacterized protein,GO:0016021,0.8171171631588916,2,0.406966737441911,0.0006315758879793,0,0.29014084507042254
FGSG_11562,2,0.4169193605852737,0.8171081829734805,FGSG_03894;FGSG_10922,1,uncharacterized protein,GO:0016787,0.8171081829734805,2,-0.835360891568765,0.0326149949199022,0,0.28993963782696175
FGSG_05642,3,0.4086898159937021,1.2209743287703354,FGSG_02271;FGSG_02272;FGSG_02461,1,uncharacterized protein,GO:0005829;GO:0030036;GO:0030479;GO:0032153;GO:0051286,0.8168575118902746,2,-0.479305654596563,2.62513701917642e-10,0,0.2895372233400403
FGSG_09576,2,0.4108970196325917,0.8166979362103188,FGSG_02324;FGSG_03842,2,uncharacterized protein,GO:0016021,0.8166979362103188,2,0.269656292887023,0.0036945484097189,0,0.2893360160965795
FGSG_04993,5,0.42944340730808384,2.065998322374857,FGSG_00007;FGSG_03539;FGSG_08081;FGSG_08083;FGSG_13952,2,uncharacterized protein,GO:0008080,0.8165951088261594,2,0.113344756622321,0.62967589671761,0,0.2891348088531187
FGSG_06718,2,0.4136145400489047,0.8164254869404346,FGSG_09456;FGSG_09834,1,uncharacterized protein,GO:0004035;GO:0004721;GO:0006470,0.8164254869404346,2,-0.626609633335534,1.02826431111027e-06,0,0.288933601609658
FGSG_05125,2,0.41312552370082667,0.816311422673208,FGSG_09456;FGSG_09834,1,uncharacterized protein,GO:0016021,0.816311422673208,2,-0.26488901938349,0.0102691988968805,0,0.2887323943661972
FGSG_11054,2,0.4154885945376743,0.8162970831244947,FGSG_03546;FGSG_08601,1,homocitrate synthase,GO:0019752;GO:0046912,0.8162970831244947,2,-0.325846012964263,2.93467094962061e-06,0,0.2885311871227364
FGSG_07060,3,0.4248393556461456,1.2411153889890612,FGSG_02272;FGSG_02461;FGSG_05610,1,uncharacterized protein,GO:0005777;GO:0006281;GO:0008413,0.8162760333429155,2,-0.362867066907912,0.0015568051777451,0,0.28832997987927567
FGSG_02933,2,0.41096684575081543,0.8162394065667523,FGSG_02326;FGSG_02329,2,uncharacterized protein,GO:0016021,0.8162394065667523,2,0.673972959128855,0.0167233004044694,0,0.2881287726358149
FGSG_09776,4,0.42796859478030863,1.6635250656745395,FGSG_00007;FGSG_03539;FGSG_08083;FGSG_13952,2,uncharacterized protein,GO:0005634;GO:0005737;GO:0016740,0.8161064539561166,2,0.0330368204759919,0.734737947846002,0,0.2879275653923541
FGSG_05416,2,0.41071330268899187,0.8161008196325285,FGSG_03842;FGSG_13952,2,uncharacterized protein,,0.8161008196325285,2,0.428630094639564,0.0019137243524582,0,0.28772635814889336
FGSG_09352,2,0.41017889841227523,0.8158788088669072,FGSG_03842;FGSG_13952,2,uncharacterized protein,GO:0016021,0.8158788088669072,2,0.674653730768956,1.54167291351214e-09,0,0.28732394366197184
FGSG_09630,6,0.4147747522018528,2.4496152932600177,FGSG_00007;FGSG_03539;FGSG_08081;FGSG_08082;FGSG_08083;FGSG_13952,2,ubiquitin-conjugating enzyme E2 14,GO:0005524;GO:0030466,0.8156450552541722,2,0.0877682573201816,0.539133709059529,0,0.28712273641851105
FGSG_05624,2,0.4101207120355917,0.8154979337432053,FGSG_02326;FGSG_02329,2,uncharacterized protein,GO:0003830;GO:0006487;GO:0016021,0.8154979337432053,2,0.633557469189096,7.20690907530838e-13,0,0.2869215291750503
FGSG_07162,2,0.41227572208517427,0.8153317953844448,FGSG_03894;FGSG_10922,1,uncharacterized protein,GO:0003941;GO:0004794;GO:0006565;GO:0006567;GO:0030170;GO:0042645,0.8153317953844448,2,-0.188343141140273,0.26913237214959,0,0.28651911468812874
FGSG_02703,4,0.4179647106834037,1.6459022368115082,FGSG_00007;FGSG_08081;FGSG_08083;FGSG_13952,2,uncharacterized protein,GO:0004032;GO:0005634;GO:0005737;GO:0019568;GO:0034599;GO:0042843;GO:0055114,0.8152202339389809,2,0.106294243521312,0.413595775154361,0,0.286317907444668
FGSG_02801,3,0.4133052400009302,1.2201198624791143,FGSG_00765;FGSG_03894;FGSG_05610,1,uncharacterized protein,GO:0000122;GO:0000124;GO:0003712;GO:0005829;GO:0016573;GO:0017025;GO:0045944,0.8149208852874206,2,-0.414212365978029,0.0127453109552994,0,0.2861167002012073
FGSG_01889,2,0.40759064149686425,0.8143989387996318,FGSG_03546;FGSG_03548,1,uncharacterized protein,,0.8143989387996318,2,-0.254972125089784,0.0283000865864239,0,0.2859154929577465
FGSG_06710,2,0.4082503872028969,0.8143075439763716,FGSG_02326;FGSG_02329,2,uncharacterized protein,GO:0000288;GO:0003729;GO:0007005;GO:0008298;GO:0009060;GO:0032473;GO:0051646,0.8143075439763716,2,0.309408983339019,0.0072239952013971,0,0.2857142857142857
FGSG_07549,2,0.4132381199144692,0.8135165874861836,FGSG_02324;FGSG_02325,2,uncharacterized protein,GO:0000400;GO:0000710;GO:0005524;GO:0005829;GO:0016887;GO:0032137;GO:0032138;GO:0032301;GO:0036297;GO:0043570,0.8135165874861836,2,0.571804145085099,1.29187324142104e-05,0,0.28531187122736423
FGSG_04981,3,0.4126968242107838,1.2148402602932515,FGSG_02272;FGSG_02461;FGSG_03894,1,uncharacterized protein,GO:0005634;GO:0005829;GO:0016301;GO:0016310,0.8134441531168222,2,-0.414413435747866,0.0442418171181065,0,0.2851106639839034
FGSG_02262,3,0.40949682286476696,1.2210463266559544,FGSG_02461;FGSG_03894;FGSG_05610,1,uncharacterized protein,GO:0004553;GO:0005975,0.8134349198409352,2,-0.945412341051862,7.86652518960617e-15,0,0.28490945674044266
FGSG_12869,2,0.4077324502237303,0.8130031999577161,FGSG_02327;FGSG_08083,2,uncharacterized protein,,0.8130031999577161,2,0.544662926440973,0.0008631128385487,0,0.2847082494969819
FGSG_01897,2,0.408329642370958,0.8129577525045284,FGSG_03842;FGSG_13952,2,uncharacterized protein,GO:0016021;GO:0016740,0.8129577525045284,2,0.497411673283025,0.0041970258253268,0,0.2845070422535211
FGSG_08468,2,0.4073731622411257,0.8129083437553313,FGSG_02326;FGSG_02329,2,cell division control protein 2,GO:0000235;GO:0000307;GO:0000706;GO:0000993;GO:0004693;GO:0005524;GO:0005634;GO:0005783;GO:0005816;GO:0005840;GO:0005935;GO:0006338;GO:0006370;GO:0007130;GO:0010568;GO:0010569;GO:0010570;GO:0010571;GO:0010696;GO:0010898;GO:0016192;GO:0018105;GO:0032880;GO:0042393;GO:0045875;GO:0045892;GO:0045930;GO:0045931;GO:0045944;GO:0051301;GO:0051446;GO:0051447;GO:0070816;GO:2001033,0.8129083437553313,2,0.287096065920714,0.0178669268945734,0,0.28430583501006035
FGSG_05137,2,0.4095480470432032,0.8127272574836917,FGSG_03548;FGSG_09834,1,uncharacterized protein,GO:0005730;GO:0005737;GO:0016021;GO:0016151;GO:0019627,0.8127272574836917,2,-0.299898259804397,0.007262252500218,0,0.2841046277665996
FGSG_00375,2,0.4072295099020667,0.8125236096611261,FGSG_04589;FGSG_08601,1,uncharacterized protein,GO:0006744;GO:0016709;GO:0016712;GO:0031314;GO:0055114;GO:0071949,0.8125236096611261,2,-0.356455932987512,0.0476150733311848,0,0.2839034205231388
FGSG_12344,3,0.4185506997471525,1.2308412793308765,FGSG_02461;FGSG_03894;FGSG_05610,1,uncharacterized protein,GO:0006520;GO:0016829,0.8122905795837239,2,-0.641990140888242,0.0014572102798705,0,0.28370221327967804
FGSG_07302,5,0.43417569125019684,2.059116662318989,FGSG_00007;FGSG_03539;FGSG_08081;FGSG_08083;FGSG_13952,2,uncharacterized protein,GO:0001760;GO:0006568;GO:0016787;GO:1904984,0.8122071191880694,2,0.0786826410196366,0.415545055566335,0,0.2835010060362173
FGSG_06350,2,0.4113022740173308,0.811973442172438,FGSG_03894;FGSG_05610,1,uncharacterized protein,GO:0005794;GO:0006886;GO:0016192;GO:0030131,0.811973442172438,2,-0.148243872644123,0.13992839163043,0,0.2832997987927566
FGSG_10364,2,0.4079721045194995,0.8118805342027835,FGSG_02324;FGSG_02903,2,uncharacterized protein,GO:0000981;GO:0005634;GO:0006357;GO:0008270,0.8118805342027835,2,0.719809857473804,5.26036684527695e-14,0,0.282897384305835
FGSG_13711,2,0.40880822956889057,0.8118308668691232,FGSG_02326;FGSG_02329,2,uncharacterized protein,GO:0003676;GO:0046872,0.8118308668691232,2,0.634320743307808,2.15624190262949e-12,0,0.28269617706237427
FGSG_08590,2,0.4103099833493852,0.811340263219889,FGSG_02326;FGSG_02327,2,uncharacterized protein,GO:0016021,0.811340263219889,2,0.504953767756737,0.0669741066319966,0,0.2822937625754527
FGSG_12543,2,0.406968477789233,0.8112482424397264,FGSG_03894;FGSG_05610,1,uncharacterized protein,,0.8112482424397264,2,-0.790361080462155,0.101166634964485,0,0.28209255533199196
FGSG_08661,2,0.4057455225054618,0.8111472444566239,FGSG_09456;FGSG_09834,1,uncharacterized protein,,0.8111472444566239,2,-0.749624499835072,0.0022670617269608,0,0.28169014084507044
FGSG_01640,2,0.4085088727522318,0.8110787407375503,FGSG_03842;FGSG_13952,2,"alpha-1,3-mannosyltransferase alg-2",GO:0006490;GO:0016021;GO:0016757,0.8110787407375503,2,0.0974772509458501,0.659635256891089,0,0.28148893360160965
FGSG_08516,2,0.40741252925264543,0.8102002676471464,FGSG_03894;FGSG_10922,1,uncharacterized protein,GO:0005737;GO:0008134;GO:0008270;GO:0030174;GO:0031939;GO:0032221;GO:0033698;GO:0035064;GO:0061186;GO:0061188;GO:0070210,0.8102002676471464,2,-0.240566456301963,0.147308519438435,0,0.2810865191146881
FGSG_01575,2,0.4055278057682285,0.810156117525634,FGSG_02327;FGSG_08083,2,uncharacterized protein,GO:0003743;GO:0005085;GO:0005851;GO:0006413;GO:0006446;GO:0032045;GO:0043547,0.810156117525634,2,0.138117127004528,0.258275596855678,0,0.28088531187122734
FGSG_06225,2,0.4086608946408154,0.810017607987731,FGSG_09456;FGSG_09834,1,uncharacterized protein,GO:0003676;GO:0005829;GO:0006139;GO:0008168;GO:0032259,0.810017607987731,2,-0.746039760091521,0.0013503384244405,0,0.28028169014084503
FGSG_02624,2,0.4092110307596644,0.8100083160135076,FGSG_02324;FGSG_02325,2,iron sulfur cluster assembly protein 1,GO:0005506;GO:0005759;GO:0006879;GO:0036455;GO:0043234;GO:0044571;GO:0051537;GO:0097428,0.8100083160135076,2,0.332492052632425,0.0007768911951014,0,0.2800804828973843
FGSG_07346,2,0.40785178162761104,0.8099942883885918,FGSG_09456;FGSG_09834,1,uncharacterized protein,,0.8099942883885918,2,-0.521437149302132,0.000385243468436,0,0.27987927565392356
FGSG_06479,2,0.4096799083546586,0.8099632366871792,FGSG_03894;FGSG_10922,1,uncharacterized protein,,0.8099632366871792,2,-0.629580565645133,0.126918800817718,0,0.2796780684104628
FGSG_10041,2,0.40744383694135555,0.8096952583275085,FGSG_02272;FGSG_05610,1,uncharacterized protein,GO:0005783;GO:0016021;GO:0051301,0.8096952583275085,2,-0.155404284962169,0.0727796914374736,0,0.279476861167002
FGSG_02555,2,0.4073865072939714,0.8095011861083247,FGSG_03992;FGSG_09834,1,glutaminyl-tRNA synthetase,GO:0004819;GO:0005524;GO:0005739;GO:0005829;GO:0006425,0.8095011861083247,2,-0.539191781701297,1.53343311346454e-06,0,0.2790744466800805
FGSG_05773,2,0.4064179132235447,0.809386157624163,FGSG_03842;FGSG_13952,2,uncharacterized protein,,0.809386157624163,2,0.230132915440654,0.0934419952814622,0,0.27867203219315895
FGSG_12660,3,0.40901620852559567,1.2183556404882587,FGSG_00007;FGSG_08083;FGSG_13952,2,uncharacterized protein,GO:0000981;GO:0005634;GO:0006357;GO:0008270,0.809339431962663,2,0.0625418181926454,0.753297968022972,0,0.2784708249496982
FGSG_03725,3,0.40836212784654885,1.2173278929920999,FGSG_02272;FGSG_02461;FGSG_09456,1,uncharacterized protein,GO:0016021;GO:0055085,0.8089657651455509,2,-0.610793998542658,1.80085017537647e-11,0,0.27806841046277664
FGSG_12878,2,0.405872834618501,0.8086260395811443,FGSG_00330;FGSG_08601,1,uncharacterized protein,GO:0000149;GO:0004190;GO:0005886;GO:0006511;GO:0009306;GO:0016192;GO:0043130,0.8086260395811443,2,-0.448296228213035,0.0002879278114857,0,0.2778672032193159
FGSG_01039,3,0.4095101852677804,1.2179171849315729,FGSG_02272;FGSG_02461;FGSG_05610,1,uncharacterized protein,,0.8084069996637925,2,-0.479387631738931,5.23143754405554e-07,0,0.2776659959758552
FGSG_06052,2,0.4062496846166019,0.8080806071714661,FGSG_03546;FGSG_03548,1,uncharacterized protein,,0.8080806071714661,2,-0.317558082041142,0.0016331801370334,0,0.2774647887323944
FGSG_09438,2,0.40597281654487305,0.8078982417068887,FGSG_03894;FGSG_10922,1,ribosomal protein S16,GO:0003735;GO:0005763;GO:0032543,0.8078982417068887,2,-0.10104849851192,0.38166524422412,0,0.2772635814889336
FGSG_09101,2,0.4067713725485261,0.8077349738827906,FGSG_03894;FGSG_10922,1,uncharacterized protein,GO:0016491;GO:0055114,0.8077349738827906,2,-0.370906506394025,0.347049136742732,0,0.27706237424547286
FGSG_03912,2,0.40558679785047796,0.8075401363026447,FGSG_02326;FGSG_02329,2,uncharacterized protein,GO:0000981;GO:0005634;GO:0006357;GO:0008270,0.8075401363026447,2,0.822867711062945,5.58645369746705e-06,0,0.2768611670020121
FGSG_10978,2,0.4041450238297057,0.8075132213530374,FGSG_02326;FGSG_02329,2,uncharacterized protein,GO:0016757,0.8075132213530374,2,0.690281513863245,9.58371071085549e-05,0,0.2766599597585513
FGSG_06822,3,0.41502620705582494,1.2224262180476595,FGSG_02272;FGSG_02461;FGSG_05610,1,glycogen synthase,GO:0004373;GO:0005978,0.8074000109918346,2,-0.264773626555518,0.0006420557751359,0,0.27625754527162977
FGSG_01484,2,0.4040999580863627,0.8069988901458764,FGSG_02326;FGSG_02329,2,uncharacterized protein,GO:0008643;GO:0016021;GO:0022891;GO:0055085,0.8069988901458764,2,0.777322614178009,0.0033545613347088,0,0.276056338028169
FGSG_13044,2,0.4046738954662105,0.8066672540185118,FGSG_02326;FGSG_02329,2,uncharacterized protein,,0.8066672540185118,2,0.599035855549802,0.0024435430716899,0,0.2754527162977867
FGSG_08043,2,0.4038789951999616,0.8065738068588486,FGSG_02326;FGSG_02329,2,uncharacterized protein,GO:0000981;GO:0005634;GO:0006357;GO:0008270,0.8065738068588486,2,0.452082283610239,0.108396492741852,0,0.27525150905432594
FGSG_11522,2,0.4032504947429644,0.8064593002270695,FGSG_02324;FGSG_03842,2,uncharacterized protein,GO:0005506;GO:0051213;GO:0055114,0.8064593002270695,2,0.848095948379495,0.0274932592093297,0,0.2750503018108652
FGSG_08825,2,0.4037772348200939,0.8063012144832189,FGSG_02326;FGSG_02329,2,uncharacterized protein,GO:0016787,0.8063012144832189,2,0.53134780378534,0.0193363807262071,0,0.27464788732394363
FGSG_07541,2,0.40412696987931973,0.8057765725396904,FGSG_02324;FGSG_13952,2,uncharacterized protein,,0.8057765725396904,2,0.449878769241345,0.0095749823186622,0,0.2744466800804829
FGSG_02233,2,0.40310353092856477,0.8057627654000565,FGSG_03894;FGSG_10922,1,uncharacterized protein,GO:0005643;GO:0005829;GO:0006607;GO:0006610;GO:0008139;GO:0008536;GO:0008565;GO:0016021;GO:0031965;GO:0034399;GO:2000220,0.8057627654000565,2,-0.284028225592983,0.0163002497338132,0,0.27424547283702216
FGSG_00350,2,0.40289175613979,0.8054752178525044,FGSG_02327;FGSG_02903,2,uncharacterized protein,GO:0000781;GO:0005634;GO:0005829;GO:0006335;GO:0006336;GO:0006337;GO:0006348;GO:0006351;GO:0016573;GO:0030466;GO:0032968;GO:0033523;GO:0035066;GO:0042393;GO:0043486;GO:0043618,0.8054752178525044,2,0.311831120648745,0.0002738303243577,0,0.2738430583501006
FGSG_09037,2,0.4051772196458467,0.8052095347304464,FGSG_03894;FGSG_05610,1,uncharacterized protein,GO:0000462;GO:0000469;GO:0004521;GO:0005730;GO:0005737;GO:0030688;GO:0043248;GO:0070181;GO:0090502,0.8052095347304464,2,-0.375209154526823,0.0248619142769151,0,0.27364185110663986
FGSG_04142,3,0.40604450602541414,1.2110657266452092,FGSG_02272;FGSG_02461;FGSG_05610,1,uncharacterized protein,,0.805021220619795,2,-0.509509734408502,0.0861090488192436,0,0.2734406438631791
FGSG_08948,3,0.4110989585789721,1.214354610612731,FGSG_00743;FGSG_04589;FGSG_08712,1,uncharacterized protein,GO:0000156;GO:0000165;GO:0000167;GO:0004707;GO:0005737;GO:0007234;GO:0010971;GO:0030295;GO:0031098;GO:0031435;GO:0031954;GO:0032153;GO:0032872;GO:0042803;GO:1990315;GO:2000251,0.8032556520337588,2,-0.483723876022259,0.0004213525015149,0,0.27303822937625755
FGSG_09916,4,0.41435933318848933,1.620434655684862,FGSG_00007;FGSG_03539;FGSG_08083;FGSG_13952,2,uncharacterized protein,GO:0004497;GO:0005506;GO:0016021;GO:0016705;GO:0020037;GO:0055114,0.8032046834642586,2,0.0567645232769961,0.794034056712499,0,0.2728370221327968
FGSG_05631,2,0.40114514937144047,0.8020017062064697,FGSG_02326;FGSG_02327,2,proteasome component PRE3 precursor,GO:0004298;GO:0005634;GO:0005789;GO:0010499;GO:0019774;GO:0034515;GO:0043161,0.8020017062064697,2,0.171784755788093,0.0531373973314068,0,0.27263581488933597
FGSG_12705,2,0.40153619991316725,0.8019371342166906,FGSG_03061;FGSG_05610,1,uncharacterized protein,,0.8019371342166906,2,-0.283034581773191,,0,0.27243460764587524
FGSG_10992,2,0.40076629119494617,0.8008387889061879,FGSG_03546;FGSG_08601,1,uncharacterized protein,GO:0005975;GO:0016810,0.8008387889061879,2,-0.75435598637875,0.0999686846499023,0,0.2722334004024145
FGSG_09928,2,0.4527283952046383,0.8767016009382472,FGSG_03894;FGSG_08774,1,uncharacterized protein,GO:0005768;GO:0005794;GO:0016021;GO:0016192;GO:0032120;GO:0032153;GO:0044853;GO:0051286;GO:0070056,0.4527283952046383,1,-0.281752767483495,0.0041914035469853,0,0.2720321931589537
FGSG_06735,3,0.4452523909240353,1.2687768217722493,FGSG_00765;FGSG_03894;FGSG_08774,1,uncharacterized protein,GO:0005524;GO:0005829;GO:0016310;GO:0032958;GO:0035299,0.4452523909240353,1,-0.809046749620103,0.0004167944797647,0,0.27183098591549293
FGSG_08333,3,0.44440722719068776,1.2589092684545395,FGSG_00765;FGSG_03894;FGSG_08774,1,import inner membrane translocase subunit TIM16,GO:0001405;GO:0019904;GO:0030150,0.44440722719068776,1,-0.398873258864758,0.002978107260668,0,0.2716297786720322
FGSG_09887,2,0.44101550164122527,0.8581933361315641,FGSG_03894;FGSG_08774,1,uncharacterized protein,GO:0016301;GO:0016310,0.44101550164122527,1,-0.29301158703963,0.0206989710905133,0,0.27142857142857146
FGSG_05458,2,0.43890164777244844,0.8474512171624943,FGSG_03894;FGSG_08774,1,uncharacterized protein,,0.43890164777244844,1,-0.38355319331883,0.0001556096986334,0,0.2712273641851107
FGSG_06673,2,0.43812598452769125,0.840312496814923,FGSG_03894;FGSG_08774,1,uncharacterized protein,,0.43812598452769125,1,-0.443657281123227,0.0807275027553241,0,0.2710261569416499
FGSG_07431,2,0.43774878966338593,0.8414750174426481,FGSG_03894;FGSG_08774,1,uncharacterized protein,GO:0005743;GO:0006744;GO:0045333;GO:0048039,0.43774878966338593,1,-0.240912606360115,0.182469922190221,0,0.27082494969818915
FGSG_07515,3,0.4377387768774461,1.2478503455007721,FGSG_00765;FGSG_03894;FGSG_08774,1,uncharacterized protein,GO:0003824;GO:0005634;GO:0005829;GO:0009058,0.4377387768774461,1,-0.430833073098198,0.0046172345501999,0,0.27062374245472837
FGSG_01595,2,0.4370100298147449,0.8464030943715173,FGSG_00765;FGSG_03894,1,uncharacterized protein,,0.4370100298147449,1,-0.532101127419495,0.0003412479030011,0,0.2704225352112676
FGSG_13507,5,0.43547175884835676,2.0863102426132496,FGSG_00007;FGSG_01866;FGSG_03532;FGSG_03881;FGSG_08083,2,uncharacterized protein,GO:0000287;GO:0003677;GO:0004141;GO:0005524;GO:0005634;GO:0006355;GO:0008483;GO:0009102;GO:0030170,0.43547175884835676,1,0.466520850492877,0.0259603816792093,0,0.27022132796780685
FGSG_10950,4,0.43464575115215215,1.6543463805321421,FGSG_00007;FGSG_01866;FGSG_03532;FGSG_08083,2,uncharacterized protein,GO:0003995;GO:0050660;GO:0055114,0.43464575115215215,1,0.59256371852585,0.0407869057546543,0,0.2700201207243461
FGSG_07894,2,0.4341156054448051,0.8401040362416574,FGSG_03894;FGSG_08774,1,uncharacterized protein,GO:0005315;GO:0006817;GO:0016021;GO:0055085,0.4341156054448051,1,-0.566057111159756,0.0507313437789359,0,0.2698189134808853
FGSG_06010,2,0.43236511535027655,0.8355298198324644,FGSG_03894;FGSG_08774,1,uncharacterized protein,,0.43236511535027655,1,-0.35913265685498,0.0120593654675707,0,0.26961770623742454
FGSG_01964,2,0.4314036541588552,0.8393483320637047,FGSG_00765;FGSG_03894,1,uncharacterized protein,GO:0003677;GO:0003774;GO:0004100;GO:0005524;GO:0016021;GO:0016459,0.4314036541588552,1,-0.445170281529579,7.828054400545021e-09,0,0.2694164989939638
FGSG_10355,2,0.4289058473033945,0.8384785185905752,FGSG_00765;FGSG_03894,1,uncharacterized protein,GO:0003735;GO:0005762;GO:0032543,0.4289058473033945,1,-0.216170601783698,0.0305603857617453,0,0.26901408450704223
FGSG_02550,2,0.42855211826751216,0.8305712566465714,FGSG_03894;FGSG_08774,1,uncharacterized protein,GO:0004601;GO:0006979;GO:0020037;GO:0046872;GO:0055114;GO:0098869,0.42855211826751216,1,-0.746248922651978,0.0005208739247379,0,0.2688128772635815
FGSG_06074,1,0.4283717965151434,0.4283717965151434,FGSG_03894,1,uncharacterized protein,GO:0004842;GO:0005680;GO:0005829;GO:0007091;GO:0010458;GO:0016567;GO:0031145,0.4283717965151434,1,-0.207494341592457,0.156532110300332,0,0.2686116700201207
FGSG_03191,3,0.428298965845325,1.2519768557498216,FGSG_00007;FGSG_03532;FGSG_08083,2,uncharacterized protein,GO:0004497;GO:0005506;GO:0016021;GO:0016705;GO:0020037;GO:0055114,0.428298965845325,1,0.381697630295066,6.30730741579827e-07,0,0.2684104627766599
FGSG_00741,1,0.4282422224955472,0.4282422224955472,FGSG_03894,1,uncharacterized protein,GO:0000124;GO:0004402;GO:0005671;GO:0016573;GO:0046695,0.4282422224955472,1,-0.177878143423797,0.184245350710759,0,0.2682092555331992
FGSG_02939,1,0.42801190797611915,0.42801190797611915,FGSG_10922,1,uncharacterized protein,GO:0003700;GO:0006355;GO:0043565,0.42801190797611915,1,-0.66293644062263,0.024770868248675,0,0.26800804828973845
FGSG_09122,3,0.42717719566605045,1.2683960124974314,FGSG_00007;FGSG_03532;FGSG_08083,2,uncharacterized protein,,0.42717719566605045,1,0.328245836114074,0.0112137072751047,0,0.26780684104627767
FGSG_12774,2,0.42692380339936326,0.8271462139158297,FGSG_03894;FGSG_08774,1,uncharacterized protein,,0.42692380339936326,1,-0.560043655363665,0.0059250804499201,0,0.2676056338028169
FGSG_01853,3,0.42659673252113056,1.2344816370856009,FGSG_00743;FGSG_00765;FGSG_03894,1,uncharacterized protein,GO:0000981;GO:0005634;GO:0006357;GO:0008270,0.42659673252113056,1,-0.562409800193483,2.19705427696407e-06,0,0.26740442655935615
FGSG_06418,1,0.42643532292884473,0.42643532292884473,FGSG_10922,1,uncharacterized protein,,0.42643532292884473,1,-0.227976349993174,0.0594713671163641,0,0.2672032193158954
FGSG_09444,1,0.42632880637185494,0.42632880637185494,FGSG_03894,1,lipoic acid synthetase,GO:0005739;GO:0009107;GO:0009249;GO:0016992;GO:0046872;GO:0051539,0.42632880637185494,1,-0.27791926825832,0.02230148437497,0,0.26700201207243457
FGSG_10571,3,0.42629346801155144,1.2400162123285101,FGSG_00007;FGSG_03532;FGSG_08083,2,uncharacterized protein,GO:0004497;GO:0005506;GO:0016021;GO:0016705;GO:0020037;GO:0055114,0.42629346801155144,1,0.728989122146597,0.0691078841168295,0,0.26680080482897384
FGSG_01620,2,0.4258289208706023,0.8318422242405912,FGSG_03894;FGSG_08774,1,uncharacterized protein,GO:0001671;GO:0005789;GO:0016021;GO:0030433;GO:0032781,0.4258289208706023,1,-0.279270927781848,0.0206870989144133,0,0.2665995975855131
FGSG_08930,1,0.4246712644215173,0.4246712644215173,FGSG_03894,1,uncharacterized protein,GO:0000981;GO:0005634;GO:0006357;GO:0008270,0.4246712644215173,1,-0.190049838256597,0.103410284630878,0,0.2663983903420523
FGSG_10164,4,0.42447249468059417,1.6453619927871512,FGSG_03532;FGSG_08079;FGSG_08083;FGSG_08084,2,uncharacterized protein,GO:0005739,0.42447249468059417,1,0.643526423066833,9.23379686062717e-10,0,0.2661971830985915
FGSG_04270,1,0.42417889830954025,0.42417889830954025,FGSG_10922,1,uncharacterized protein,GO:0000139;GO:0006486;GO:0016021;GO:0017110;GO:0017111;GO:0030137,0.42417889830954025,1,-0.193070611589075,0.0345381728690395,0,0.26579476861167
FGSG_04015,2,0.42364467166051284,0.8315154337295031,FGSG_00007;FGSG_08083,2,uncharacterized protein,,0.42364467166051284,1,0.357112472624196,0.0787401722399248,0,0.2655935613682093
FGSG_03934,3,0.42332204595509115,1.2410442426522343,FGSG_01866;FGSG_03532;FGSG_08083,2,uncharacterized protein,GO:0008643;GO:0016021;GO:0022891;GO:0055085,0.42332204595509115,1,0.436937333455638,3.98920666044292e-07,0,0.2653923541247485
FGSG_13370,2,0.42294545680345613,0.8277914017272279,FGSG_03894;FGSG_08774,1,uncharacterized protein,GO:0000183;GO:0005737;GO:0006769;GO:0008757;GO:0032259,0.42294545680345613,1,-0.35104849545586,0.182469922190221,0,0.26519114688128775
FGSG_08122,1,0.42246004654555114,0.42246004654555114,FGSG_03894,1,uncharacterized protein,,0.42246004654555114,1,-0.858451986771677,2.0325446183531202e-09,0,0.26498993963782697
FGSG_08843,2,0.42240408214769626,0.827239428003375,FGSG_01866;FGSG_08083,2,uncharacterized protein,GO:0008152;GO:0016874,0.42240408214769626,1,0.259039556844126,0.0999686846499023,0,0.2647887323943662
FGSG_01765,2,0.4217613023019659,0.8273395909193408,FGSG_03532;FGSG_08083,2,uncharacterized protein,GO:0016021;GO:0033961,0.4217613023019659,1,0.276701154873125,6.62190282625189e-05,0,0.26458752515090544
FGSG_05701,3,0.4204244534216489,1.245455789026053,FGSG_00007;FGSG_03532;FGSG_08083,2,qutG protein,GO:0016021;GO:0046854,0.4204244534216489,1,0.374048896835864,0.0790594173052919,0,0.26438631790744466
FGSG_04350,1,0.42010519735610996,0.42010519735610996,FGSG_10922,1,ATP-dependent RNA helicase HAS1,GO:0000462;GO:0000463;GO:0003723;GO:0004004;GO:0005524;GO:0005635;GO:0005730;GO:0030687;GO:1990417,0.42010519735610996,1,-0.273490570217873,0.0278540701903437,0,0.2641851106639839
FGSG_04160,1,0.41996017863686097,0.41996017863686097,FGSG_03894,1,uncharacterized protein,GO:0008168;GO:0032259,0.41996017863686097,1,-0.65293708399171,0.0039091314024538,0,0.26398390342052314
FGSG_10323,2,0.419893759988857,0.8262302120269633,FGSG_01866;FGSG_08083,2,uncharacterized protein,,0.419893759988857,1,0.396180618123962,0.0167652296593687,0,0.2637826961770624
FGSG_06273,1,0.4198374547776713,0.4198374547776713,FGSG_03894,1,uncharacterized protein,GO:0005840,0.4198374547776713,1,-0.240232287574553,0.110661961342436,0,0.2635814889336016
FGSG_04934,3,0.42016919088893273,1.2448948646936566,FGSG_00007;FGSG_03532;FGSG_08083,2,aspartyl-tRNA synthetase,GO:0004815;GO:0005524;GO:0005739;GO:0070146,0.41956310670461394,1,0.44738353054934,5.01268848726044e-08,0,0.2631790744466801
FGSG_11839,1,0.419501310315506,0.419501310315506,FGSG_03894,1,uncharacterized protein,GO:0003735;GO:0005840;GO:0006412,0.419501310315506,1,-0.816281138806606,0.107626053130614,0,0.2629778672032193
FGSG_05144,1,0.4194684804724635,0.4194684804724635,FGSG_10922,1,uncharacterized protein,GO:0005623;GO:0045454,0.4194684804724635,1,-0.194777046890288,0.268876252798105,0,0.2627766599597585
FGSG_08490,2,0.4192245981301945,0.8223243895954169,FGSG_00765;FGSG_03894,1,uncharacterized protein,,0.4192245981301945,1,-0.318546456009805,0.0082091315403435,0,0.2625754527162978
FGSG_02843,1,0.41863325570434573,0.41863325570434573,FGSG_08083,2,uncharacterized protein,GO:0008171;GO:0032259,0.41863325570434573,1,0.661725323310532,0.0092394554900934,0,0.26237424547283705
FGSG_13157,1,0.4185737645171821,0.4185737645171821,FGSG_03894,1,uncharacterized protein,GO:0000947;GO:0004022;GO:0005739;GO:0006113;GO:0046872,0.4185737645171821,1,-0.710255047562706,0.0122376971533872,0,0.26217303822937627
FGSG_05355,1,0.41854667633014714,0.41854667633014714,FGSG_03894,1,uncharacterized protein,GO:0001919;GO:0007040;GO:0032008;GO:0032439;GO:0042632;GO:0043410;GO:0071230;GO:0071986,0.41854667633014714,1,-0.167234338448337,0.175645923948347,0,0.2619718309859155
FGSG_00738,2,0.4184635063636957,0.8333445191067257,FGSG_00743;FGSG_03894,1,uncharacterized protein,GO:0016021,0.4184635063636957,1,-0.51201770388522,0.0045397350658604,0,0.26177062374245474
FGSG_06557,3,0.42465224363773885,1.2521200894784061,FGSG_00007;FGSG_03532;FGSG_08083,2,uncharacterized protein,GO:0000287;GO:0003824;GO:0030976,0.418191733030229,1,0.667151176425588,1.73645389835883e-11,0,0.26156941649899396
FGSG_12937,3,0.4179616556511242,1.252703599226154,FGSG_00007;FGSG_03532;FGSG_08083,2,uncharacterized protein,GO:0003785;GO:0005622;GO:0016301;GO:0016310;GO:0030042;GO:0042989;GO:0044396;GO:0051014;GO:0051015,0.4179616556511242,1,0.136505282893929,0.144893248569318,0,0.26136820925553317
FGSG_00362,1,0.41751743761885685,0.41751743761885685,FGSG_03894,1,uncharacterized protein,GO:0000131;GO:0000902;GO:0004674;GO:0005524;GO:0005737;GO:0005933;GO:0006468;GO:0007118;GO:0031505;GO:0043332,0.41751743761885685,1,-0.269796557914291,0.0936359520188094,0,0.26116700201207244
FGSG_03148,2,0.4174325777082298,0.8270367923600542,FGSG_03532;FGSG_08083,2,uncharacterized protein,GO:0005634;GO:0005829,0.4174325777082298,1,0.391287865881156,6.81165431778951e-07,0,0.2609657947686117
FGSG_06511,3,0.41730123697710314,1.2400855268275561,FGSG_00007;FGSG_03532;FGSG_08083,2,uncharacterized protein,GO:0004198;GO:0005622;GO:0006508,0.41730123697710314,1,0.594589134525214,1.02129055904535e-12,0,0.2607645875251509
FGSG_09497,1,0.41701450488285624,0.41701450488285624,FGSG_03894,1,uncharacterized protein,,0.41701450488285624,1,-0.307296509122206,0.0139329991478554,0,0.2605633802816901
FGSG_09337,2,0.41694311858443883,0.8251275619041062,FGSG_00007;FGSG_08083,2,uncharacterized protein,GO:0016884,0.41694311858443883,1,0.305593258199584,0.0653193140145819,0,0.2603621730382294
FGSG_06069,1,0.41679513273517604,0.41679513273517604,FGSG_03894,1,uncharacterized protein,GO:0016021,0.41679513273517604,1,-0.297428469543998,0.0067007788390129,0,0.2601609657947686
FGSG_10173,1,0.4166123024924393,0.4166123024924393,FGSG_03894,1,uncharacterized protein,GO:0046872,0.4166123024924393,1,-0.542781708318301,0.225985922595987,0,0.2599597585513078
FGSG_10275,1,0.41616995306497423,0.41616995306497423,FGSG_03894,1,uncharacterized protein,GO:0016021;GO:0016740,0.41616995306497423,1,-0.272185015824702,0.0784575491999189,0,0.2597585513078471
FGSG_06680,2,0.4161200994955573,0.816222797955191,FGSG_00007;FGSG_08083,2,uncharacterized protein,GO:0000282;GO:0005634;GO:0005737;GO:0005886;GO:0005935;GO:0008105;GO:0051666,0.4161200994955573,1,0.160488496880234,0.274806646462688,0,0.25955734406438635
FGSG_00973,3,0.42285308773455454,1.2430077494221634,FGSG_00007;FGSG_03532;FGSG_08083,2,uncharacterized protein,,0.41596786730317464,1,0.1865396415796,0.121548720929382,0,0.25935613682092556
FGSG_11734,1,0.4159287964322853,0.4159287964322853,FGSG_03894,1,uncharacterized protein,,0.4159287964322853,1,-0.557385630950148,0.0117943730284191,0,0.2591549295774648
FGSG_09687,2,0.4159028981032269,0.8181452960049436,FGSG_00743;FGSG_03894,1,uncharacterized protein,,0.4159028981032269,1,-0.310018538677498,0.0571024971979978,0,0.25895372233400404
FGSG_08959,1,0.4155480569895602,0.4155480569895602,FGSG_08083,2,uncharacterized protein,GO:0003824;GO:0009116;GO:0043531,0.4155480569895602,1,0.457990433270682,0.114316202598899,0,0.25875251509054326
FGSG_01082,1,0.41548823784291433,0.41548823784291433,FGSG_03894,1,uncharacterized protein,GO:0000398;GO:0005682;GO:0005685;GO:0005686;GO:0005829;GO:0019013;GO:0046540;GO:0071004,0.41548823784291433,1,-0.130792686114721,0.279359864320411,0,0.25855130784708247
FGSG_00450,1,0.41546177277511204,0.41546177277511204,FGSG_10922,1,uncharacterized protein,,0.41546177277511204,1,-0.189206869393805,0.0313982874900266,0,0.25835010060362174
FGSG_10909,1,0.41507598743737933,0.41507598743737933,FGSG_10922,1,uncharacterized protein,GO:0016020,0.41507598743737933,1,-0.111206289354242,0.282236917128067,0,0.25814889336016095
FGSG_06121,1,0.4150579573265818,0.4150579573265818,FGSG_03894,1,uncharacterized protein,,0.4150579573265818,1,-0.510404732472831,0.222507851007564,0,0.2579476861167002
FGSG_08047,1,0.4149905317786332,0.4149905317786332,FGSG_02324,2,uncharacterized protein,GO:0016021;GO:0055085,0.4149905317786332,1,0.35925912106516,0.180146748113029,0,0.2577464788732394
FGSG_03830,1,0.4147255599415801,0.4147255599415801,FGSG_08083,2,uncharacterized protein,GO:0016021;GO:0022891;GO:0055085,0.4147255599415801,1,0.973240146824554,1.7536417627488e-07,0,0.2575452716297787
FGSG_01529,1,0.4145570869716516,0.4145570869716516,FGSG_03894,1,uncharacterized protein,,0.4145570869716516,1,-0.614885151810352,0.152223765678878,0,0.2573440643863179
FGSG_05493,1,0.4141767895054932,0.4141767895054932,FGSG_02324,2,40S ribosomal protein S20,GO:0000462;GO:0002181;GO:0003723;GO:0003735;GO:0022627,0.4141767895054932,1,0.412258726332761,7.28031832644794e-06,0,0.2571428571428571
FGSG_09677,1,0.4140800944845023,0.4140800944845023,FGSG_03894,1,uncharacterized protein,,0.4140800944845023,1,-1.15677349777249,0.0509944454438867,0,0.2569416498993964
FGSG_11445,1,0.41388165961951895,0.41388165961951895,FGSG_08601,1,uncharacterized protein,,0.41388165961951895,1,-0.293971400099477,0.0029217036043193,0,0.2567404426559356
FGSG_10811,2,0.4137663345268679,0.8217574466699427,FGSG_00743;FGSG_03894,1,uncharacterized protein,,0.4137663345268679,1,-0.161714755044287,0.127681980651056,0,0.25653923541247486
FGSG_13185,3,0.4134754259589011,1.2294473077878778,FGSG_00007;FGSG_03532;FGSG_08083,2,uncharacterized protein,GO:0005507;GO:0016021;GO:0016491;GO:0055114,0.4134754259589011,1,0.0907038786689867,0.337446567632886,0,0.2563380281690141
FGSG_06842,1,0.41334632648371145,0.41334632648371145,FGSG_10922,1,uncharacterized protein,GO:0016021,0.41334632648371145,1,-0.197645508441429,0.0015818190203067,0,0.25613682092555334
FGSG_12669,4,0.4241820376247096,1.6583037972040915,FGSG_00007;FGSG_03532;FGSG_08081;FGSG_08083,2,1-aminocyclopropane-1-carboxylate deaminase,GO:0008660;GO:0009310;GO:0030170,0.41333913331232347,1,0.146225191839428,0.179298210158693,0,0.25593561368209256
FGSG_04092,1,0.41323240653585364,0.41323240653585364,FGSG_10922,1,cytochrome P450 51,GO:0004497;GO:0005506;GO:0008168;GO:0016021;GO:0016705;GO:0020037;GO:0032259;GO:0055114,0.41323240653585364,1,-0.265248983671185,0.198165347478026,0,0.25573440643863177
FGSG_09214,1,0.4131862015428803,0.4131862015428803,FGSG_03894,1,uncharacterized protein,GO:0008168;GO:0032259,0.4131862015428803,1,-0.270653533379985,0.205323754926134,0,0.25553319919517103
FGSG_05116,1,0.41315876076270336,0.41315876076270336,FGSG_08083,2,uncharacterized protein,,0.41315876076270336,1,0.252490169742733,0.0679569646643115,0,0.2553319919517103
FGSG_08978,1,0.41282577423332023,0.41282577423332023,FGSG_03894,1,uncharacterized protein,GO:0016491,0.41282577423332023,1,-0.463313488085459,0.140576283827943,0,0.25513078470824946
FGSG_00324,1,0.41277838628633673,0.41277838628633673,FGSG_10922,1,uncharacterized protein,GO:0003677;GO:0030472;GO:0042729;GO:0072686,0.41277838628633673,1,-0.270785635203994,0.0244400752140585,0,0.2549295774647887
FGSG_10351,1,0.4127781605731073,0.4127781605731073,FGSG_03894,1,uncharacterized protein,GO:0005737;GO:0006399;GO:0051500;GO:0097358;GO:1900829;GO:1900832,0.4127781605731073,1,-0.21619185771496,0.122414626461866,0,0.254728370221328
FGSG_04290,2,0.4125532558119242,0.821316647217549,FGSG_02461;FGSG_09012,1,histone H3,GO:0000786;GO:0003677;GO:0005643;GO:0006334;GO:0006913;GO:0017056;GO:0046982,0.4125532558119242,1,-0.505621782180118,0.0003304239857693,0,0.2545271629778672
FGSG_00247,1,0.4124325552384487,0.4124325552384487,FGSG_10922,1,uncharacterized protein,,0.4124325552384487,1,-0.41872641041831,0.262341642856875,0,0.2543259557344064
FGSG_06264,2,0.41234374323740053,0.8172541424536803,FGSG_02461;FGSG_09012,1,uncharacterized protein,GO:0016021,0.41234374323740053,1,-0.423795826553748,0.0029682411416772,0,0.2541247484909457
FGSG_03213,1,0.4115580752890457,0.4115580752890457,FGSG_08601,1,uncharacterized protein,GO:0005506;GO:0005634;GO:0005829;GO:0006995;GO:0031929;GO:0051213;GO:0055114;GO:1902828;GO:1902835,0.4115580752890457,1,-0.659565227534904,0.161541842149641,0,0.2539235412474849
FGSG_09722,3,0.4150815243890345,1.2405633559401155,FGSG_00007;FGSG_03532;FGSG_08083,2,isopentenyl-diphosphate Delta-isomerase,GO:0004452;GO:0005634;GO:0016787;GO:0045337,0.41143604405947565,1,0.222149037369897,0.0039762044455132,0,0.25372233400402416
FGSG_11848,1,0.41141214574778895,0.41141214574778895,FGSG_03894,1,uncharacterized protein,GO:0005770;GO:0006623;GO:0016021;GO:0032511;GO:0033263;GO:0043495;GO:0051020,0.41141214574778895,1,-0.122910398050253,0.259171439060614,0,0.2535211267605634
FGSG_10741,2,0.4196745202789981,0.8309644917993984,FGSG_03532;FGSG_08083,2,uncharacterized protein,GO:0010189;GO:0032259;GO:0051741,0.41128997152040025,1,0.272979185739973,0.0440133494930206,0,0.25331991951710264
FGSG_00736,1,0.411259944497655,0.411259944497655,FGSG_03894,1,uncharacterized protein,GO:0005635;GO:0006974;GO:0008270;GO:0010224;GO:0010225;GO:0016925,0.411259944497655,1,-0.201820421823949,0.243757080989497,0,0.25311871227364185
FGSG_09066,2,0.4162365050229801,0.8274177535499091,FGSG_03532;FGSG_08083,2,uncharacterized protein,,0.411181248526929,1,0.823173583396647,0.000278618819589,0,0.25291750503018107
FGSG_01585,1,0.4107160362565341,0.4107160362565341,FGSG_02324,2,uncharacterized protein,,0.4107160362565341,1,0.553678163727963,0.0089747159556606,0,0.25271629778672033
FGSG_10062,1,0.4105578702739685,0.4105578702739685,FGSG_03894,1,yebR protein,GO:0005737;GO:0034599;GO:0055114;GO:0070191,0.4105578702739685,1,-0.33769831152488,0.243467944054819,0,0.25251509054325955
FGSG_03831,2,0.41272008124762233,0.8231234648191783,FGSG_03532;FGSG_08083,2,uncharacterized protein,GO:0016021;GO:0016491;GO:0055114,0.4104033835715559,1,0.533866222090192,0.0209167784571575,0,0.2523138832997988
FGSG_00620,1,0.4103440474365153,0.4103440474365153,FGSG_08601,1,ammonium transporter MEP2,GO:0008519;GO:0016021;GO:0072488,0.4103440474365153,1,-0.358995329681624,5.91883464887386e-05,0,0.252112676056338
FGSG_00508,1,0.41021470848046004,0.41021470848046004,FGSG_03894,1,calcium-transporting ATPase 1,GO:0000139;GO:0005388;GO:0005509;GO:0005524;GO:0006874;GO:0006887;GO:0015410;GO:0016021;GO:0070588;GO:0071421,0.41021470848046004,1,-0.0925083188628531,0.423757443784946,0,0.2519114688128773
FGSG_08624,2,0.4121549973676344,0.8223483687746398,FGSG_03532;FGSG_08083,2,uncharacterized protein,GO:0008168;GO:0032259,0.41019337140700546,1,0.653946563011134,1.11248619125213e-07,0,0.2517102615694165
FGSG_03364,1,0.41015837967837815,0.41015837967837815,FGSG_08083,2,uncharacterized protein,,0.41015837967837815,1,0.217000280258228,0.072537348245066,0,0.2515090543259557
FGSG_05758,1,0.41011182635391585,0.41011182635391585,FGSG_04589,1,uncharacterized protein,,0.41011182635391585,1,-0.152625300487733,,0,0.251307847082495
FGSG_10135,2,0.41004172144225043,0.8195894265496595,FGSG_00765;FGSG_03894,1,uncharacterized protein,,0.41004172144225043,1,-0.964307913059706,2.79425050233065e-41,0,0.2511066398390342
FGSG_04278,1,0.4097663020900092,0.4097663020900092,FGSG_03894,1,mannan polymerase II complex ANP1 subunit,GO:0000009;GO:0000136;GO:0005783;GO:0006487;GO:0097502,0.4097663020900092,1,-0.160074164351999,0.260811245608009,0,0.25090543259557346
FGSG_04939,1,0.409588493286132,0.409588493286132,FGSG_08083,2,uncharacterized protein,GO:0016020;GO:0016740;GO:0044238;GO:0071704,0.409588493286132,1,0.176106260921821,0.383862319599265,0,0.2507042253521127
FGSG_03674,2,0.41142390358445646,0.8209654198399492,FGSG_03532;FGSG_08083,2,uncharacterized protein,,0.4095415162554927,1,0.793977035902476,0.0056901297931058,0,0.25050301810865194
FGSG_12505,2,0.41992539064374756,0.8289940109339236,FGSG_03532;FGSG_08083,2,uncharacterized protein,GO:0016021;GO:0055085,0.40906862029017604,1,0.462167756210417,0.0146725089398192,0,0.25030181086519115
FGSG_12577,2,0.40901089661076795,0.8100325935120346,FGSG_02461;FGSG_03894,1,pre-mRNA-splicing factor slt-11,GO:0000166;GO:0000398;GO:0000974;GO:0003676;GO:0005681,0.40901089661076795,1,-0.519617126175913,0.0003152873979568,0,0.25010060362173037
FGSG_06790,1,0.40898289391628395,0.40898289391628395,FGSG_03894,1,uncharacterized protein,GO:0003743;GO:0005737;GO:0006413,0.40898289391628395,1,-0.197625553696683,0.217214475298265,0,0.24969818913480885
FGSG_05793,3,0.4210348861510676,1.2452669625275528,FGSG_00007;FGSG_03532;FGSG_08083,2,uncharacterized protein,GO:0016021,0.4086530890310581,1,0.231263922696699,0.0472039324768706,0,0.24949698189134809
FGSG_08946,1,0.4085802877881663,0.4085802877881663,FGSG_08083,2,xylosidase/arabinosidase,GO:0004553;GO:0045493,0.4085802877881663,1,0.420982587375921,0.142358404306071,0,0.24929577464788732
FGSG_01975,1,0.40836000227429037,0.40836000227429037,FGSG_10922,1,uncharacterized protein,GO:0008152;GO:0016787,0.40836000227429037,1,-0.143166118111111,0.25868270660637,0,0.2488933601609658
FGSG_10658,1,0.4082119162579076,0.4082119162579076,FGSG_08601,1,uncharacterized protein,,0.4082119162579076,1,-0.770030610451379,0.0078734461348439,0,0.2482897384305835
FGSG_03073,3,0.4145011959006186,1.2318126447552098,FGSG_00007;FGSG_03532;FGSG_08083,2,uncharacterized protein,GO:0003842;GO:0006537;GO:0006561;GO:0016620;GO:0055114,0.4081265197659339,1,0.304374990003931,0.0264372961756464,0,0.24788732394366197
FGSG_07081,1,0.4079686705478903,0.4079686705478903,FGSG_10922,1,uncharacterized protein,,0.4079686705478903,1,-0.16114852240381,0.455253199655395,0,0.24768611670020121
FGSG_06041,1,0.4079672163860695,0.4079672163860695,FGSG_10922,1,uncharacterized protein,GO:0004043;GO:0005829;GO:0019878;GO:0031177;GO:0055114;GO:1902987,0.4079672163860695,1,-0.215451481273471,0.177435824925833,0,0.24748490945674045
FGSG_01569,1,0.4078595677883937,0.4078595677883937,FGSG_08601,1,uncharacterized protein,GO:0004198;GO:0005622;GO:0006508,0.4078595677883937,1,-0.286758460998276,0.103846830417398,0,0.24728370221327967
FGSG_03418,2,0.4078405361307291,0.8131440062119687,FGSG_00765;FGSG_03894,1,chitin synthase 1,GO:0004100;GO:0006031;GO:0016021,0.4078405361307291,1,-0.975982686910996,1.71829445986327e-33,0,0.24708249496981893
FGSG_09626,1,0.4076381338214764,0.4076381338214764,FGSG_10922,1,uncharacterized protein,,0.4076381338214764,1,-0.120610755935328,0.512227267159941,0,0.2466800804828974
FGSG_03703,3,0.41882182543790153,1.2414970465857558,FGSG_00007;FGSG_03539;FGSG_13952,2,uncharacterized protein,GO:0005975;GO:0016787,0.4076241009816021,1,0.0652794926506382,0.812819845303881,0,0.24647887323943662
FGSG_10763,2,0.4103710498082711,0.8177641252461556,FGSG_00743;FGSG_03894,1,uncharacterized protein,GO:0005876;GO:0008608;GO:0042729,0.40739307543788444,1,-0.432543297551588,0.0121001024064151,0,0.24587525150905432
FGSG_11492,1,0.40733403365479176,0.40733403365479176,FGSG_03894,1,uncharacterized protein,GO:0004499;GO:0050660;GO:0050661;GO:0055114,0.40733403365479176,1,-0.707738838186142,0.142358404306071,0,0.24567404426559356
FGSG_06320,1,0.40720599598620266,0.40720599598620266,FGSG_03894,1,uncharacterized protein,,0.40720599598620266,1,-0.301980384741457,0.100738402729025,0,0.2454728370221328
FGSG_01686,1,0.40714620327018197,0.40714620327018197,FGSG_10922,1,uncharacterized protein,GO:0008106;GO:0008270;GO:0047924;GO:0055114,0.40714620327018197,1,-0.489329284376976,0.26094344566284,0,0.24527162977867203
FGSG_09558,1,0.40704285921591415,0.40704285921591415,FGSG_03894,1,uncharacterized protein,GO:0004190;GO:0006508;GO:0016021,0.40704285921591415,1,-0.23787635755011,0.0937770622832489,0,0.24507042253521127
FGSG_02816,1,0.4069476192321456,0.4069476192321456,FGSG_02327,2,uncharacterized protein,,0.4069476192321456,1,0.430374646068939,0.17609020383477,0,0.24486921529175049
FGSG_00886,1,0.40682566760002986,0.40682566760002986,FGSG_02329,2,uncharacterized protein,GO:0005643;GO:0005777;GO:0005868;GO:0005881;GO:0008152;GO:0030029;GO:0030473;GO:0040001;GO:0051292;GO:1990429;GO:2000582,0.40682566760002986,1,0.47015402202238,1.89048968104326e-07,0,0.24466800804828975
FGSG_06687,2,0.40682004210386713,0.807791349962139,FGSG_00743;FGSG_04589,1,polyadenylation factor subunit 2,GO:0000790;GO:0005730;GO:0005829;GO:0005847;GO:0006378;GO:0006379;GO:0007059,0.40682004210386713,1,-0.205804700356544,0.17408303340102,0,0.24446680080482897
FGSG_12270,2,0.40673514548688783,0.8069390801640833,FGSG_02461;FGSG_03894,1,uncharacterized protein,,0.40673514548688783,1,-0.557867660311043,8.06710681258132e-07,0,0.24406438631790744
FGSG_05456,1,0.40665138217633334,0.40665138217633334,FGSG_03894,1,uncharacterized protein,GO:0016021;GO:0030001;GO:0046873;GO:0055085,0.40665138217633334,1,-0.325205932394173,0.0223096285782274,0,0.24386317907444668
FGSG_05744,1,0.40654763162626023,0.40654763162626023,FGSG_10922,1,uncharacterized protein,GO:0016021,0.40654763162626023,1,-0.147409157209057,0.323339459276414,0,0.24366197183098592
FGSG_05890,1,0.4064543569884934,0.4064543569884934,FGSG_08083,2,uncharacterized protein,GO:0016787;GO:0046856,0.4064543569884934,1,0.139649940950044,0.210360862874099,0,0.24346076458752516
FGSG_09158,2,0.4063812662840859,0.8094340897251852,FGSG_02272;FGSG_02461,1,uncharacterized protein,GO:0005739;GO:0016021;GO:0043022,0.4063812662840859,1,-0.24276946430513,0.0133782167992049,0,0.2432595573440644
FGSG_06474,1,0.4062653910727398,0.4062653910727398,FGSG_13952,2,uncharacterized protein,GO:0003779;GO:0005622,0.4062653910727398,1,0.24162442469325,0.0519556214561661,0,0.24305835010060362
FGSG_10997,4,0.4061900379419919,1.6081152814354251,FGSG_00007;FGSG_03539;FGSG_08082;FGSG_13952,2,uncharacterized protein,GO:0016021,0.4061900379419919,1,0.211072446551697,0.524628896227001,0,0.24285714285714288
FGSG_06089,1,0.4061119944893097,0.4061119944893097,FGSG_10922,1,uncharacterized protein,GO:0000124;GO:0006281;GO:0016301;GO:0016310;GO:0016573;GO:0035267;GO:0045944;GO:0046695,0.4061119944893097,1,-0.194598465306717,0.0706530402736994,0,0.2426559356136821
FGSG_12981,1,0.40610124149398935,0.40610124149398935,FGSG_03894,1,uncharacterized protein,GO:0016021,0.40610124149398935,1,-0.707805315509327,0.0286554063777812,0,0.2424547283702213
FGSG_08067,1,0.40609543391498454,0.40609543391498454,FGSG_02329,2,uncharacterized protein,GO:0006650;GO:0008080;GO:0008081;GO:0016884;GO:0047396,0.40609543391498454,1,0.491500933118511,3.43748224095938e-05,0,0.24225352112676057
FGSG_07119,1,0.40606463563234546,0.40606463563234546,FGSG_03894,1,uncharacterized protein,,0.40606463563234546,1,-0.144529639044456,0.210973787352866,0,0.24205231388329979
FGSG_02517,1,0.4060097068947201,0.4060097068947201,FGSG_04589,1,uncharacterized protein,,0.4060097068947201,1,-0.735274553181575,0.026315208779518,0,0.24185110663983905
FGSG_09401,2,0.4059909946582852,0.8065206018837023,FGSG_01866;FGSG_08083,2,uncharacterized protein,GO:0006508;GO:0008233;GO:0016740;GO:0046872,0.4059909946582852,1,0.172308716421749,0.142422704460933,0,0.24164989939637826
FGSG_04271,1,0.40592484227113734,0.40592484227113734,FGSG_10922,1,uncharacterized protein,GO:0005635;GO:0005829;GO:0006020,0.40592484227113734,1,-0.124399931065232,0.47282599271794,0,0.2414486921529175
FGSG_10376,1,0.4057798066586236,0.4057798066586236,FGSG_03894,1,uncharacterized protein,GO:0000921;GO:0006882;GO:0030176;GO:0032541;GO:0036228;GO:0048309;GO:0097038,0.4057798066586236,1,-0.177638276055851,0.22996109917737,0,0.24104627766599598
FGSG_09006,3,0.4288586298213274,1.2569411212564323,FGSG_00007;FGSG_03539;FGSG_13952,2,NAD(P) transhydrogenase,GO:0008750;GO:0015992;GO:0016021;GO:0050661;GO:0055114,0.40577505138783676,1,0.0287490887108847,0.768406302795788,0,0.24084507042253522
FGSG_10925,1,0.40574909618357324,0.40574909618357324,FGSG_10922,1,saccharopine dehydrogenase,GO:0004754;GO:0019878;GO:0055114,0.40574909618357324,1,-0.196220628142906,0.152949584504209,0,0.24064386317907444
FGSG_02308,1,0.40573721626690396,0.40573721626690396,FGSG_02324,2,uncharacterized protein,,0.40573721626690396,1,0.488324064799758,0.0074560286911353,0,0.2404426559356137
FGSG_01930,2,0.40574582829959793,0.8112182248346846,FGSG_00765;FGSG_03894,1,uncharacterized protein,GO:0016021;GO:0055085,0.40547239653508665,1,-0.274817971254007,0.0011808816739248,0,0.24024144869215291
FGSG_10514,1,0.4054288329280339,0.4054288329280339,FGSG_02329,2,uncharacterized protein,GO:0000122;GO:0003690;GO:0006335;GO:0006336;GO:0006368;GO:0042393;GO:0070869,0.4054288329280339,1,0.691396636443094,0.0010868294797338,0,0.24004024144869215
FGSG_06940,1,0.40531342757531263,0.40531342757531263,FGSG_08083,2,uncharacterized protein,GO:0004674;GO:0005524;GO:0006468,0.40531342757531263,1,0.131229191495756,0.366501222992636,0,0.2398390342052314
FGSG_05091,1,0.4052977440444081,0.4052977440444081,FGSG_02329,2,spt3 protein,GO:0003743;GO:0006366;GO:0006413;GO:0046982,0.4052977440444081,1,0.373180499644855,0.0057118798338879,0,0.23963782696177063
FGSG_02538,1,0.4052733177760141,0.4052733177760141,FGSG_08601,1,uncharacterized protein,GO:0003677,0.4052733177760141,1,-0.853030603264757,0.0557704728753565,0,0.23943661971830987
FGSG_11941,1,0.405254469061859,0.405254469061859,FGSG_04589,1,uncharacterized protein,GO:0005524;GO:0005634;GO:0006298;GO:0007131;GO:0030983,0.405254469061859,1,-0.529980103462019,0.0091644485886529,0,0.23923541247484909
FGSG_06045,1,0.40524075772333307,0.40524075772333307,FGSG_09834,1,uncharacterized protein,GO:0008541;GO:0030234;GO:0042176;GO:0050790,0.40524075772333307,1,-0.193054816347783,0.0234128867781972,0,0.23903420523138835
FGSG_09709,1,0.4052305312434795,0.4052305312434795,FGSG_03894,1,uncharacterized protein,GO:0003677;GO:0003700;GO:0006355,0.4052305312434795,1,-0.508287780891329,0.008967897414568,0,0.23883299798792756
FGSG_00776,1,0.4051290107328197,0.4051290107328197,FGSG_02327,2,uncharacterized protein,GO:0005768;GO:0005794;GO:0005829;GO:0006895;GO:0030036;GO:0030125;GO:0030276;GO:0032266;GO:0032511;GO:0034498;GO:0071985;GO:0080025,0.4051290107328197,1,0.153663977564988,0.141427549548813,0,0.23843058350100604
FGSG_01755,1,0.4051014494905727,0.4051014494905727,FGSG_10922,1,uncharacterized protein,GO:0008080,0.4051014494905727,1,-0.298059723915743,0.422521334554102,0,0.23822937625754526
FGSG_12097,1,0.4050719165446273,0.4050719165446273,FGSG_04589,1,uncharacterized protein,,0.4050719165446273,1,-0.92408083281435,0.0346965073071495,0,0.23802816901408452
FGSG_11284,1,0.4049490483889837,0.4049490483889837,FGSG_02327,2,uncharacterized protein,GO:0016021,0.4049490483889837,1,0.499211482798152,0.210575526513128,0,0.23762575452716297
FGSG_03569,1,0.4048791242543509,0.4048791242543509,FGSG_02329,2,galactose oxidase precursor,GO:0045480;GO:0055114,0.4048791242543509,1,0.698631838200357,1.64856934177511e-18,0,0.23742454728370221
FGSG_07295,1,0.40483366993802916,0.40483366993802916,FGSG_02329,2,MAP kinase kinase MKK2/SSP33,GO:0000165;GO:0000187;GO:0004674;GO:0004708;GO:0004713;GO:0005524;GO:0005634;GO:0005829;GO:0018108;GO:0030428;GO:1901196,0.40483366993802916,1,0.673135725834849,9.06155138239983e-18,0,0.2370221327967807
FGSG_04170,1,0.4046695192435536,0.4046695192435536,FGSG_08083,2,uncharacterized protein,GO:0000981;GO:0003677;GO:0005634;GO:0006351;GO:0006357;GO:0008270,0.4046695192435536,1,0.332325236488584,0.0173658589942821,0,0.23661971830985917
FGSG_03116,3,0.42035167062481965,1.2287580356922032,FGSG_00007;FGSG_03532;FGSG_08083,2,uncharacterized protein,,0.40454138175263865,1,0.220483733994144,0.319378788127682,0,0.23641851106639838
FGSG_01839,1,0.4045384474222275,0.4045384474222275,FGSG_02329,2,DNA primase large subunit,GO:0000731;GO:0003677;GO:0003896;GO:0005635;GO:0005658;GO:0005829;GO:0006269;GO:0006270;GO:0006273;GO:0006302;GO:0016021;GO:0046872;GO:0051539;GO:1990077,0.4045384474222275,1,0.804083140523143,5.89837073732165e-05,0,0.23621730382293762
FGSG_00434,1,0.4044728967035108,0.4044728967035108,FGSG_03894,1,uncharacterized protein,,0.4044728967035108,1,-0.282007563047576,4.75322536398719e-06,0,0.23601609657947686
FGSG_09767,1,0.40440988607697065,0.40440988607697065,FGSG_09456,1,uncharacterized protein,,0.40440988607697065,1,-0.390335069449603,0.0019616797979948,0,0.2358148893360161
FGSG_05604,1,0.4043977888768848,0.4043977888768848,FGSG_10922,1,uncharacterized protein,,0.4043977888768848,1,-0.0923736507487241,0.46453655594188,0,0.23561368209255534
FGSG_01643,1,0.4042849137913462,0.4042849137913462,FGSG_03894,1,chorismate synthase,GO:0004107;GO:0005634;GO:0005829;GO:0009073;GO:0009423;GO:0042602;GO:0055114,0.4042849137913462,1,-0.299934619002065,0.0386150087113678,0,0.23541247484909456
FGSG_08194,1,0.4042478113983957,0.4042478113983957,FGSG_08083,2,cyanamide hydratase,GO:0008270;GO:0018820;GO:0018890,0.4042478113983957,1,0.319865335946459,0.44178714046357,0,0.23521126760563382
FGSG_01803,2,0.40895114545650213,0.8130660924510936,FGSG_00765;FGSG_03894,1,alpha-galactosidase C precursor,GO:0005975;GO:0052692,0.4041149469945915,1,-0.5850695616441,0.002512580012132,0,0.2348088531187123
FGSG_05379,1,0.4040757911488372,0.4040757911488372,FGSG_03894,1,uncharacterized protein,GO:0000295;GO:0005779;GO:0006635;GO:0007031;GO:0015867;GO:0055085,0.4040757911488372,1,-0.0957286847008299,0.366616055460717,0,0.2346076458752515
FGSG_00422,1,0.40399833075302977,0.40399833075302977,FGSG_08601,1,uncharacterized protein,,0.40399833075302977,1,-0.476483172333373,0.238381983993829,0,0.23440643863179073
FGSG_07795,1,0.403933233598566,0.403933233598566,FGSG_10922,1,uncharacterized protein,,0.403933233598566,1,-0.659727720949807,0.171041011306624,0,0.23420523138833
FGSG_06272,1,0.4039273204062418,0.4039273204062418,FGSG_10922,1,uncharacterized protein,GO:0004842;GO:0005634;GO:0016567;GO:0016874;GO:0032153;GO:0044732;GO:0051286,0.4039273204062418,1,-0.234953942243141,0.0176815682247835,0,0.2340040241448692
FGSG_02811,1,0.40385854691961415,0.40385854691961415,FGSG_03546,1,uncharacterized protein,GO:0005737;GO:0006303;GO:0006511;GO:0043130,0.40385854691961415,1,-0.498888209928316,3.21718304301198e-08,0,0.23380281690140844
FGSG_07875,1,0.40382213899143715,0.40382213899143715,FGSG_03894,1,tricarboxylate transport protein,GO:0005739;GO:0016021;GO:0055085,0.40382213899143715,1,-0.256202070600253,0.105042801350235,0,0.23360160965794768
FGSG_04890,1,0.40380606660415247,0.40380606660415247,FGSG_02329,2,uncharacterized protein,GO:0000132;GO:0005524;GO:0005880;GO:0005881;GO:0008017;GO:0008152;GO:0008574;GO:0030472;GO:0030473;GO:0031115;GO:0032888;GO:0051228;GO:0070462;GO:0070463;GO:0090307,0.40380606660415247,1,0.534009139959028,0.0120223073903305,0,0.23340040241448692
FGSG_07159,1,0.4037622288085294,0.4037622288085294,FGSG_04458,1,uncharacterized protein,GO:0000138;GO:0000321;GO:0000324;GO:0005635;GO:0005783;GO:0016239;GO:0031030;GO:0031573;GO:0061509;GO:0071957,0.4037622288085294,1,-0.340972001133674,0.0321673623968146,0,0.23319919517102616
FGSG_07282,3,0.41657825713660224,1.2267561289884108,FGSG_00007;FGSG_03532;FGSG_08083,2,proteasome component PRE6,GO:0004298;GO:0005739;GO:0010499;GO:0019773;GO:0034399;GO:0034515;GO:0042175;GO:0043161,0.40365214633987145,1,0.0666999046029137,0.437895304079504,0,0.23299798792756538
FGSG_07792,1,0.40364108726796616,0.40364108726796616,FGSG_03842,2,uncharacterized protein,GO:0016021,0.40364108726796616,1,0.514852383650591,6.57057995634608e-07,0,0.23279678068410464
FGSG_07817,1,0.403623591795041,0.403623591795041,FGSG_08083,2,uncharacterized protein,GO:0004672;GO:0005524;GO:0006468,0.403623591795041,1,0.406541439799576,0.0446803005665889,0,0.23259557344064385
FGSG_11479,1,0.40360190122575357,0.40360190122575357,FGSG_02329,2,uncharacterized protein,,0.40360190122575357,1,0.901945377862074,0.0006359773328636,0,0.23239436619718312
FGSG_09728,1,0.40344210403875513,0.40344210403875513,FGSG_02326,2,uncharacterized protein,GO:0000404;GO:0000710;GO:0000713;GO:0003697;GO:0005524;GO:0005739;GO:0005829;GO:0007131;GO:0016887;GO:0032139;GO:0032389;GO:0032390;GO:0044732;GO:0097587,0.40344210403875513,1,0.475048055944253,0.0036906622840081,0,0.23199195171026157
FGSG_00369,1,0.4033295849294603,0.4033295849294603,FGSG_08601,1,uncharacterized protein,GO:0006888;GO:0030134;GO:0030173;GO:0030176,0.4033295849294603,1,-0.166179383813956,0.0721265030978737,0,0.2317907444668008
FGSG_00744,1,0.4031725479956074,0.4031725479956074,FGSG_10922,1,tyrosyl-tRNA synthetase,GO:0003723;GO:0004831;GO:0005524;GO:0005739;GO:0070184,0.4031725479956074,1,-0.160309922067358,0.356733695111613,0,0.23158953722334005
FGSG_07919,2,0.40544217794409504,0.8084738380049188,FGSG_08081;FGSG_08083,2,uncharacterized protein,,0.40303166006082375,1,0.205545721510754,0.171822346486698,0,0.2311871227364185
FGSG_09294,1,0.4030205063486284,0.4030205063486284,FGSG_09456,1,uncharacterized protein,GO:0016020;GO:0051301,0.4030205063486284,1,-0.214004649805894,0.0274783860958662,0,0.23098591549295777
FGSG_04176,1,0.40300577785317443,0.40300577785317443,FGSG_02329,2,uncharacterized protein,,0.40300577785317443,1,0.936987955493621,4.2188107114594e-19,0,0.23078470824949698
FGSG_02070,1,0.40292909427734525,0.40292909427734525,FGSG_13952,2,uncharacterized protein,GO:0016021;GO:0055085,0.40292909427734525,1,0.504094611017856,0.24712503867534,0,0.23038229376257546
FGSG_07865,2,0.4213686449954208,0.8242937738002472,FGSG_02461;FGSG_03894,1,uncharacterized protein,GO:0005739;GO:0009107,0.4029251288048263,1,-0.514086444894356,7.66797593781893e-05,0,0.23018108651911467
FGSG_07885,1,0.4029206941390082,0.4029206941390082,FGSG_13952,2,uncharacterized protein,,0.4029206941390082,1,0.502381200322155,0.246896617360853,0,0.22997987927565394
FGSG_05792,1,0.40291493654453214,0.40291493654453214,FGSG_08083,2,uncharacterized protein,GO:0008171;GO:0032259,0.40291493654453214,1,0.529853714142371,1.43207579710047e-08,0,0.22977867203219315
FGSG_01731,1,0.4028507466668356,0.4028507466668356,FGSG_03894,1,uncharacterized protein,GO:0000981;GO:0003677;GO:0005634;GO:0006351;GO:0006357;GO:0008270,0.4028507466668356,1,-0.301811641917183,0.110712923744127,0,0.2295774647887324
FGSG_10317,1,0.40261432299107014,0.40261432299107014,FGSG_08083,2,uncharacterized protein,GO:0005886;GO:0006897;GO:0015233;GO:0015887;GO:0016021,0.40261432299107014,1,0.224125945555425,0.209395787890772,0,0.22917505030181087
FGSG_12982,2,0.4057598962123773,0.8082909109052179,FGSG_02461;FGSG_09012,1,uncharacterized protein,,0.4025310146928405,1,-0.942454173864866,0.0015081001441281,0,0.2289738430583501
FGSG_02963,2,0.40251192567838506,0.8026016824702207,FGSG_03539;FGSG_13952,2,uncharacterized protein,,0.40251192567838506,1,0.0973137931701104,0.684702978102937,0,0.22877263581488932
FGSG_04444,1,0.4024447733477681,0.4024447733477681,FGSG_02272,1,uncharacterized protein,,0.4024447733477681,1,-0.641382722515546,0.0700625976570949,0,0.2285714285714286
FGSG_11576,2,0.4128977434396181,0.8151786560785792,FGSG_03532;FGSG_08083,2,uncharacterized protein,,0.40228091263896104,1,0.213559446178827,0.0720632807527024,0,0.2283702213279678
FGSG_00626,1,0.4022423991901687,0.4022423991901687,FGSG_03894,1,uncharacterized protein,GO:0003676;GO:0005524;GO:0006310;GO:0008026,0.4022423991901687,1,-0.239214871937278,0.163442751035626,0,0.22816901408450704
FGSG_20764,1,0.4022153780529667,0.4022153780529667,FGSG_03894,1,tRNA-Glu,,0.4022153780529667,1,-0.229819572669813,,0,0.22796780684104628
FGSG_05539,1,0.4021361424400373,0.4021361424400373,FGSG_03894,1,uncharacterized protein,GO:0016021,0.4021361424400373,1,-0.109920960806374,0.391802974866094,0,0.22756539235412476
FGSG_04216,1,0.4020030761885676,0.4020030761885676,FGSG_13952,2,uncharacterized protein,GO:0008168;GO:0032259,0.4020030761885676,1,0.137568308925972,0.432752955393788,0,0.22716297786720324
FGSG_07684,1,0.4018202297579627,0.4018202297579627,FGSG_03894,1,uncharacterized protein,,0.4018202297579627,1,-0.201108043620854,0.612958526778311,0,0.22696177062374245
FGSG_06338,1,0.40177488520009,0.40177488520009,FGSG_03894,1,tRNA (guanine-N(1)-)-methyltransferase,GO:0005634;GO:0005737;GO:0030488;GO:0052905,0.40177488520009,1,-0.257268431317793,0.197459418250512,0,0.22676056338028172
FGSG_08150,1,0.4017574594799082,0.4017574594799082,FGSG_02329,2,uncharacterized protein,GO:0004622;GO:0009395,0.4017574594799082,1,0.989035090827332,2.09366366282113e-05,0,0.22655935613682093
FGSG_10013,1,0.40175288413708865,0.40175288413708865,FGSG_13952,2,uncharacterized protein,,0.40175288413708865,1,0.178872988723193,0.203525050859441,0,0.22635814889336014
FGSG_08669,1,0.4017234796137319,0.4017234796137319,FGSG_09834,1,uncharacterized protein,GO:0003735;GO:0005783;GO:0005794;GO:0005840;GO:0005886;GO:0006412;GO:0016021;GO:1901583;GO:1901584,0.4017234796137319,1,-0.332015714163322,4.95188690883975e-05,0,0.2261569416498994
FGSG_00708,1,0.40170055730075116,0.40170055730075116,FGSG_08083,2,uncharacterized protein,GO:0016740;GO:0016884,0.40170055730075116,1,0.28504850000879,0.0027939277548118,0,0.22595573440643862
FGSG_07892,1,0.40156045077627,0.40156045077627,FGSG_10922,1,uncharacterized protein,GO:0000272;GO:0008810;GO:0016021,0.40156045077627,1,-0.136178640937534,0.237160333518329,0,0.2255533199195171
FGSG_05314,1,0.40155652265040176,0.40155652265040176,FGSG_03894,1,mitochondria fission 1 protein,GO:0000266;GO:0001300;GO:0005741;GO:0005777;GO:0016021;GO:0016559;GO:0090141,0.40155652265040176,1,-0.59869038877889,5.63020854271892e-08,0,0.22535211267605634
FGSG_05411,1,0.4015202478278086,0.4015202478278086,FGSG_08601,1,uncharacterized protein,GO:0000290;GO:0000932;GO:0003723;GO:0005634;GO:0030145;GO:0031087;GO:0034063;GO:0050072,0.4015202478278086,1,-0.277029925927072,0.0239301931333283,0,0.22515090543259558
FGSG_05358,2,0.4016486179501266,0.8030474810090318,FGSG_08082;FGSG_13952,2,uncharacterized protein,,0.40139886305890526,1,0.187013815027332,0.200197023576428,0,0.22474849094567406
FGSG_02521,1,0.40131544516623013,0.40131544516623013,FGSG_10922,1,uncharacterized protein,,0.40131544516623013,1,-0.07065068702279,0.58033309984259,0,0.22454728370221327
FGSG_10179,2,0.4129432410316307,0.8142510353771891,FGSG_03532;FGSG_08083,2,multiprotein-bridging factor 1,GO:0003713;GO:0005634;GO:0005739;GO:0006351;GO:0043565;GO:0045944,0.4013077943455584,1,0.101837183957377,0.198149779636529,0,0.2243460764587525
FGSG_06323,1,0.40130403102935114,0.40130403102935114,FGSG_08601,1,uncharacterized protein,,0.40130403102935114,1,-0.883907766924214,0.0914488880586691,0,0.22414486921529175
FGSG_00605,1,0.40114517804981026,0.40114517804981026,FGSG_03894,1,uncharacterized protein,,0.40114517804981026,1,-0.430678765321578,0.280131024414016,0,0.223943661971831
FGSG_07846,1,0.4011043553915059,0.4011043553915059,FGSG_08083,2,uncharacterized protein,GO:0004499;GO:0050660;GO:0050661;GO:0055114,0.4011043553915059,1,0.465779048576496,0.0137767960093547,0,0.22374245472837023
FGSG_04412,1,0.4009105076514186,0.4009105076514186,FGSG_10922,1,uncharacterized protein,GO:0000009;GO:0000032;GO:0000136;GO:0005783;GO:0006487;GO:0097502,0.4009105076514186,1,-0.193548104000695,0.153336522198878,0,0.22354124748490944
FGSG_04139,1,0.4008762060771877,0.4008762060771877,FGSG_02329,2,prephenate dehydrogenase,GO:0004665;GO:0006571;GO:0008977;GO:0055114,0.4008762060771877,1,0.384056651991536,2.19193700524626e-06,0,0.2233400402414487
FGSG_07110,1,0.40084808226812363,0.40084808226812363,FGSG_02329,2,type-2 proteins geranylgeranyltransferase subunit beta,GO:0004663;GO:0018344,0.40084808226812363,1,0.343252633960066,0.0052779098012605,0,0.22313883299798792
FGSG_09548,1,0.40082481272758824,0.40082481272758824,FGSG_02329,2,uncharacterized protein,GO:0005576,0.40082481272758824,1,0.842620560409365,1.50827211562742e-09,0,0.2229376257545272
FGSG_00138,2,0.41218271303822135,0.8129945405069792,FGSG_03532;FGSG_08083,2,uncharacterized protein,GO:0016620;GO:0051287;GO:0055114,0.40081182746875776,1,0.48745000319903,0.0150272967556844,0,0.2227364185110664
FGSG_06844,1,0.40079059279257656,0.40079059279257656,FGSG_08083,2,uncharacterized protein,GO:0005634;GO:0005829,0.40079059279257656,1,0.122840292609265,0.237263612713786,0,0.22253521126760561
FGSG_01969,1,0.40079009751020644,0.40079009751020644,FGSG_05610,1,uncharacterized protein,GO:0004622;GO:0009395;GO:0016021,0.40079009751020644,1,-0.445947744317982,0.006852160516931,0,0.22233400402414488
FGSG_00246,1,0.40077280690899525,0.40077280690899525,FGSG_08083,2,uncharacterized protein,GO:0016209;GO:0016491;GO:0055114;GO:0098869,0.40077280690899525,1,0.425407054326987,0.0636236538673982,0,0.2221327967806841
FGSG_07086,1,0.40068527301670964,0.40068527301670964,FGSG_10922,1,uncharacterized protein,GO:0001042;GO:0001082;GO:0001169;GO:0001179;GO:0001180;GO:0001181;GO:0003743;GO:0005730;GO:0005829;GO:0006356;GO:0006413,0.40068527301670964,1,-0.104761891849328,0.465169498744771,0,0.22193158953722333
FGSG_09446,1,0.40066895323806384,0.40066895323806384,FGSG_03894,1,uncharacterized protein,GO:0005829;GO:0008168;GO:0032259,0.40066895323806384,1,-0.132531735150204,0.523873727580263,0,0.22173038229376257
FGSG_00475,1,0.40062659964773173,0.40062659964773173,FGSG_03894,1,uncharacterized protein,GO:0005634;GO:0005829;GO:0016020;GO:0016226;GO:0051536,0.40062659964773173,1,-0.366390025982769,0.0319207545388354,0,0.2215291750503018
FGSG_01434,1,0.4006051942186416,0.4006051942186416,FGSG_03894,1,uncharacterized protein,GO:0005680;GO:0030071;GO:0031145,0.4006051942186416,1,-0.177418425357702,0.320917260929593,0,0.22132796780684105
FGSG_07523,1,0.40056152442237425,0.40056152442237425,FGSG_03894,1,uncharacterized protein,,0.40056152442237425,1,-0.183589625935298,0.348201562363873,0,0.22092555331991953
FGSG_00365,2,0.4049276297713976,0.8054763791353017,FGSG_00765;FGSG_03894,1,DNA-directed RNA polymerases I and III 40 kDa polypeptide,GO:0001054;GO:0001056;GO:0003677;GO:0005666;GO:0005736;GO:0005829;GO:0006360;GO:0042797;GO:0046983,0.400548749363904,1,-0.653567686385633,0.0004465958532865,0,0.22072434607645874
FGSG_06019,1,0.400389968516555,0.400389968516555,FGSG_02327,2,40S ribosomal protein S5-B,GO:0002181;GO:0003723;GO:0003735;GO:0006407;GO:0022627,0.400389968516555,1,0.321594303377181,0.0083343491739717,0,0.22012072434607646
FGSG_03823,1,0.40037108569749513,0.40037108569749513,FGSG_02329,2,uncharacterized protein,GO:0016021,0.40037108569749513,1,0.663999141749593,9.2599648210323e-05,0,0.2199195171026157
FGSG_02776,1,0.4003246232933164,0.4003246232933164,FGSG_10922,1,uncharacterized protein,,0.4003246232933164,1,-0.25629263650485,0.452848310394645,0,0.21971830985915494
FGSG_02765,1,0.40029587905775155,0.40029587905775155,FGSG_02324,2,uncharacterized protein,,0.40029587905775155,1,0.931971338671264,2.52047937641056e-22,0,0.21951710261569418
FGSG_05537,1,0.4002539851983356,0.4002539851983356,FGSG_09456,1,uncharacterized protein,GO:0000287;GO:0001732;GO:0005524;GO:0005634;GO:0005829;GO:0006417;GO:0007049;GO:0007346;GO:0051301,0.4002539851983356,1,-0.544501154721649,3.56724058253935e-05,0,0.2193158953722334
FGSG_12895,1,0.40021169527293166,0.40021169527293166,FGSG_08083,2,uncharacterized protein,,0.40021169527293166,1,0.236352924599031,0.113647330738761,0,0.21911468812877266
FGSG_10177,2,0.41347112494574834,0.8136279620392682,FGSG_03532;FGSG_08083,2,uncharacterized protein,GO:0008152;GO:0016846,0.4001568370935199,1,0.334529984875958,0.0098550751860123,0,0.21891348088531187
FGSG_05359,1,0.400147312387776,0.400147312387776,FGSG_02329,2,uncharacterized protein,,0.400147312387776,1,0.53763935534615,0.0023369339956805,0,0.21871227364185108
FGSG_00522,1,0.40013037497639037,0.40013037497639037,FGSG_03061,1,uncharacterized protein,,0.40013037497639037,1,-0.673326484492351,0.0124413153789069,0,0.21851106639839035
FGSG_06276,2,0.4177204812412229,0.8177649231915352,FGSG_02461;FGSG_09012,1,uncharacterized protein,GO:0006450,0.40004444195031225,1,-0.535354097495728,0.0013286261674778,0,0.21830985915492956
FGSG_03718,1,0.4000355098009385,0.4000355098009385,FGSG_02327,2,uncharacterized protein,GO:0004386,0.4000355098009385,1,0.497033186021092,0.0248531239908477,0,0.21810865191146883
FGSG_07940,1,0.40034593862873397,0.40034593862873397,FGSG_03532,2,uncharacterized protein,GO:0003980;GO:0006486;GO:0097359,0.0,0,0.127660589515142,0.277279870470679,0,0.179476861167002
FGSG_03439,1,0.40041669156115267,0.40041669156115267,FGSG_08078,2,uncharacterized protein,GO:0004497;GO:0010181;GO:0016758;GO:0055114,0.0,0,0.593296669106924,0.0009126932597664,0,0.179476861167002
FGSG_12970,1,0.42716603137217357,0.42716603137217357,FGSG_04848,9,uncharacterized protein,GO:0000122;GO:0000917;GO:0001078;GO:0003677;GO:0005634;GO:0005737;GO:0006351;GO:0007126;GO:0009272;GO:0030437;GO:0045944;GO:0046872;GO:0071454;GO:0071469,0.0,0,-0.043193723857481,0.832279933294935,0,0.179476861167002
FGSG_07867,1,0.41736348528712924,0.41736348528712924,FGSG_02461,1,uncharacterized protein,GO:0016020;GO:0016651;GO:0051539;GO:0055114,0.0,0,-0.602031767255194,3.88766062892389e-06,0,0.179476861167002
FGSG_12461,1,0.41587519294948455,0.41587519294948455,FGSG_00007,2,uncharacterized protein,GO:0004553;GO:0005975,0.0,0,-0.0103922487959223,0.966760903350643,0,0.179476861167002
FGSG_05973,1,0.4158673027597092,0.4158673027597092,FGSG_03532,2,uncharacterized protein,GO:0005788;GO:0005975;GO:0009272;GO:0030246;GO:0033919,0.0,0,0.161802700456499,0.198818034754814,0,0.179476861167002
FGSG_10276,1,0.4005203980975992,0.4005203980975992,FGSG_02461,1,NADH dehydrogenase iron-sulfur protein 7,GO:0008137;GO:0046872;GO:0048038;GO:0051539;GO:0055114,0.0,0,-0.726856439844817,1.33505332597839e-08,0,0.179476861167002
FGSG_20817,1,0.6950599928599289,0.6950599928599289,FGSG_10462,14,tRNA-Gly,,0.0,0,-0.0463024769848597,,0,0.179476861167002
FGSG_11303,1,0.6950599928599288,0.6950599928599288,FGSG_10462,14,uncharacterized protein,GO:0004497;GO:0005506;GO:0016021;GO:0016705;GO:0020037;GO:0055114,0.0,0,-0.0463024769848597,,0,0.179476861167002
FGSG_07851,1,0.4072314169625364,0.4072314169625364,FGSG_02461,1,uncharacterized protein,GO:0016021,0.0,0,-0.311249553918993,0.00229599373855,0,0.179476861167002
FGSG_12902,1,0.6950599928599288,0.6950599928599288,FGSG_10462,14,uncharacterized protein,,0.0,0,-0.0463024769848597,,0,0.179476861167002
FGSG_20060,1,0.6950599928599288,0.6950599928599288,FGSG_10462,14,5S ribosomal RNA,,0.0,0,-0.0463024769848597,,0,0.179476861167002
FGSG_02916,1,0.6950599928599287,0.6950599928599287,FGSG_10462,14,uncharacterized protein,,0.0,0,-0.0463024769848597,,0,0.179476861167002
FGSG_04541,1,0.6950599928599287,0.6950599928599287,FGSG_10462,14,uncharacterized protein,,0.0,0,-0.0463024769848597,,0,0.179476861167002
FGSG_12498,1,0.6950599928599287,0.6950599928599287,FGSG_10462,14,uncharacterized protein,,0.0,0,-0.0463024769848597,,0,0.179476861167002
FGSG_20020,1,0.6950599928599287,0.6950599928599287,FGSG_10462,14,5S ribosomal RNA,,0.0,0,-0.0463024769848597,,0,0.179476861167002
FGSG_20023,1,0.6950599928599287,0.6950599928599287,FGSG_10462,14,5S ribosomal RNA,,0.0,0,-0.0463024769848597,,0,0.179476861167002
FGSG_04776,1,0.6247921689486009,0.6247921689486009,FGSG_04848,9,uncharacterized protein,GO:0016491;GO:0055114;GO:0071949,0.0,0,-0.0084337260282482,,0,0.179476861167002
FGSG_20651,1,0.5944607915122804,0.5944607915122804,FGSG_03122,5,tRNA-Met,,0.0,0,-0.0082426805759364,,0,0.179476861167002
FGSG_13082,1,0.5622283292381541,0.5622283292381541,FGSG_09127,8,uncharacterized protein,,0.0,0,-0.0368747167387738,,0,0.179476861167002
FGSG_11426,1,0.5612767297599556,0.5612767297599556,FGSG_03122,5,uncharacterized protein,,0.0,0,0.0566318326152143,,0,0.179476861167002
FGSG_12237,1,0.554800763997039,0.554800763997039,FGSG_14010,6,uncharacterized protein,,0.0,0,0.0735570897147113,,0,0.179476861167002
FGSG_05756,1,0.5047324642299053,0.5047324642299053,FGSG_09127,8,uncharacterized protein,GO:0016021,0.0,0,-0.0939637055812186,,0,0.179476861167002
FGSG_06046,1,0.49968060398137937,0.49968060398137937,FGSG_09127,8,uncharacterized protein,,0.0,0,-0.644486840910831,0.138357391368462,0,0.179476861167002
FGSG_20510,1,0.49016495009575234,0.49016495009575234,FGSG_02447,7,tRNA-Val,,0.0,0,-0.0596303365920961,,0,0.179476861167002
FGSG_20616,1,0.48899377450589454,0.48899377450589454,FGSG_02447,7,tRNA-Ser,,0.0,0,-0.0528445594676767,,0,0.179476861167002
FGSG_20633,1,0.48899377450589454,0.48899377450589454,FGSG_02447,7,tRNA-Ala,,0.0,0,-0.0528445594676767,,0,0.179476861167002
FGSG_11276,1,0.4762361713994163,0.4762361713994163,FGSG_04848,9,uncharacterized protein,,0.0,0,0.0421205428175221,,0,0.179476861167002
FGSG_12811,1,0.4762361713994163,0.4762361713994163,FGSG_04848,9,uncharacterized protein,,0.0,0,0.0421205428175221,,0,0.179476861167002
FGSG_08046,1,0.4752121889533376,0.4752121889533376,FGSG_02447,7,uncharacterized protein,GO:0016491;GO:0055114,0.0,0,0.0416631908509744,,0,0.179476861167002
FGSG_00952,1,0.4481647009595958,0.4481647009595958,FGSG_03122,5,uncharacterized protein,GO:0004568;GO:0005975;GO:0006032,0.0,0,-0.11257158734209,0.755166990362597,0,0.179476861167002
FGSG_07901,1,0.4477668214339368,0.4477668214339368,FGSG_14010,6,uncharacterized protein,,0.0,0,0.286221363021467,0.500517891483834,0,0.179476861167002
FGSG_11325,1,0.4371054451269851,0.4371054451269851,FGSG_04848,9,uncharacterized protein,GO:0008270;GO:0016021,0.0,0,-0.045379409999874,,0,0.179476861167002
FGSG_02722,1,0.40014107011905403,0.40014107011905403,FGSG_08078,2,uncharacterized protein,GO:0005524;GO:0016020;GO:0016773,0.0,0,0.323168862976743,0.0045689846727749,0,0.179476861167002
FGSG_00491,1,0.40762695745376143,0.40762695745376143,FGSG_03295,1,uncharacterized protein,GO:0005509;GO:0006457;GO:0030176;GO:0030433;GO:0051082,0.0,0,-0.555647189820351,2.0128865332211e-23,0,0.179476861167002
FGSG_11530,1,0.6950599928599289,0.6950599928599289,FGSG_10462,14,uncharacterized protein,GO:0009055;GO:0022900;GO:0046872;GO:0051537,0.0,0,-0.0463024769848597,,0,0.179476861167002
FGSG_02767,1,0.4049428933851925,0.4049428933851925,FGSG_02461,1,general amino acid permease AGP3,GO:0003333;GO:0015171;GO:0016021,0.0,0,-0.540436025609928,0.0612574932188885,0,0.179476861167002
FGSG_06022,1,0.40510247702855806,0.40510247702855806,FGSG_03532,2,uncharacterized protein,GO:0005215;GO:0005743;GO:0006281;GO:0016021;GO:0051382;GO:0055085,0.0,0,0.120250797952074,0.483750058270334,0,0.179476861167002
FGSG_02791,1,0.4097785425455708,0.4097785425455708,FGSG_02461,1,uncharacterized protein,GO:0003677,0.0,0,-0.619953415943638,4.66682747737492e-18,0,0.179476861167002
FGSG_10636,1,0.4051441508791725,0.4051441508791725,FGSG_08078,2,uncharacterized protein,,0.0,0,0.766598434263769,0.0020463711397764,0,0.179476861167002
FGSG_02000,1,0.40516946153131095,0.40516946153131095,FGSG_03532,2,uncharacterized protein,GO:0016740,0.0,0,0.0351577350876278,0.771404359046078,0,0.179476861167002
FGSG_04930,1,0.4092148381468426,0.4092148381468426,FGSG_03532,2,uncharacterized protein,GO:0004571;GO:0005509;GO:0008152;GO:0016021,0.0,0,0.133983192598981,0.448676761176971,0,0.179476861167002
FGSG_03333,1,0.4091121882118374,0.4091121882118374,FGSG_03532,2,uncharacterized protein,,0.0,0,0.314201234495178,0.0233828851996258,0,0.179476861167002
FGSG_07503,1,0.4090392133643143,0.4090392133643143,FGSG_03532,2,uncharacterized protein,GO:0005975;GO:0016810,0.0,0,0.124761785044176,0.217453366371097,0,0.179476861167002
FGSG_00139,1,0.4052022854043781,0.4052022854043781,FGSG_03532,2,aldehyde dehydrogenase,GO:0016620;GO:0055114,0.0,0,0.206632024211378,0.168249691916873,0,0.179476861167002
FGSG_11074,1,0.4052231508329043,0.4052231508329043,FGSG_08078,2,uncharacterized protein,GO:0008168;GO:0032259,0.0,0,0.560746836329797,2.11378216514932e-08,0,0.179476861167002
FGSG_03643,1,0.4088383378075175,0.4088383378075175,FGSG_08078,2,uncharacterized protein,GO:0016021;GO:0055085,0.0,0,0.959928312858397,1.03049907759785e-08,0,0.179476861167002
FGSG_06090,1,0.4088288065447741,0.4088288065447741,FGSG_08078,2,uncharacterized protein,GO:0006629;GO:0016021;GO:0030729,0.0,0,0.726387697634246,2.44788868857245e-07,0,0.179476861167002
FGSG_02336,1,0.405924730751143,0.405924730751143,FGSG_08078,2,uncharacterized protein,,0.0,0,0.695596672236302,0.0001366196429811,0,0.179476861167002
FGSG_07315,1,0.4059254174270568,0.4059254174270568,FGSG_08078,2,C-8 sterol isomerase,GO:0000247;GO:0005783;GO:0006696;GO:0016021,0.0,0,0.531493350326208,5.53805894405781e-08,0,0.179476861167002
FGSG_04920,1,0.4059675389332954,0.4059675389332954,FGSG_02461,1,uncharacterized protein,GO:0016021,0.0,0,-0.531314069500192,1.31657326889864e-05,0,0.179476861167002
FGSG_10131,1,0.4060837107605832,0.4060837107605832,FGSG_00007,2,uncharacterized protein,GO:0016787,0.0,0,0.0156749879198584,0.92639290378152,0,0.179476861167002
FGSG_03816,1,0.40622495306732376,0.40622495306732376,FGSG_08078,2,uncharacterized protein,GO:0016787,0.0,0,0.519419112256854,0.0101177995845839,0,0.179476861167002
FGSG_13341,1,0.40635884311372694,0.40635884311372694,FGSG_02461,1,ATP synthase subunit D protein,GO:0000274;GO:0006461;GO:0015986;GO:0046933;GO:0046961,0.0,0,-0.543499111344588,9.33418719591511e-05,0,0.179476861167002
FGSG_12519,1,0.40643717106509025,0.40643717106509025,FGSG_08078,2,uncharacterized protein,GO:0004657;GO:0006562;GO:0008483;GO:0009058;GO:0030170;GO:0055114,0.0,0,0.373035376598277,3.2267470857737303e-09,0,0.179476861167002
FGSG_02474,1,0.4066225323850401,0.4066225323850401,FGSG_02461,1,uncharacterized protein,GO:0016651;GO:0022900,0.0,0,-0.654210078977819,1.34193644024113e-06,0,0.179476861167002
FGSG_08529,1,0.40791804003138454,0.40791804003138454,FGSG_02461,1,uncharacterized protein,GO:0004647;GO:0006564;GO:0016311,0.0,0,-0.54124792316563,6.65769716448855e-06,0,0.179476861167002
FGSG_11069,1,0.4067974949433149,0.4067974949433149,FGSG_08078,2,uncharacterized protein,GO:0015663;GO:0016021;GO:0035353,0.0,0,0.680439065133278,8.1836639299731e-10,0,0.179476861167002
FGSG_09451,1,0.4077855939534112,0.4077855939534112,FGSG_08078,2,uncharacterized protein,GO:0003824;GO:0008270,0.0,0,0.632072883164455,1.68160059505699e-08,0,0.179476861167002
FGSG_04897,1,0.4077718532434376,0.4077718532434376,FGSG_08078,2,uncharacterized protein,,0.0,0,0.765211575201902,5.05199213133829e-07,0,0.179476861167002
FGSG_04560,1,0.4068327142959692,0.4068327142959692,FGSG_00743,1,uncharacterized protein,GO:0016021,0.0,0,-0.140961325227182,0.0595633014630475,0,0.179476861167002
FGSG_06532,1,0.40707394958309295,0.40707394958309295,FGSG_00007,2,peptidyl-prolyl cis-trans isomerase ssp-1,GO:0000083;GO:0000117;GO:0000122;GO:0000413;GO:0003755;GO:0005634;GO:0006369;GO:0031064;GO:0035307;GO:0045899;GO:0080182;GO:1901407;GO:2000059;GO:2000749,0.0,0,0.0300782552558659,0.814052144052975,0,0.179476861167002
FGSG_05997,1,0.40500740397833157,0.40500740397833157,FGSG_08078,2,uncharacterized protein,GO:0016491;GO:0055114,0.0,0,0.207407370939221,0.0057684749761017,0,0.179476861167002
FGSG_01084,1,0.40474451404295386,0.40474451404295386,FGSG_00765,1,uncharacterized protein,,0.0,0,-0.481921692004433,4.44806082510798e-06,0,0.179476861167002
FGSG_13516,1,0.4150550652555413,0.4150550652555413,FGSG_14010,6,uncharacterized protein,,0.0,0,0.0394809178028717,0.932909599893419,0,0.179476861167002
FGSG_00201,1,0.40470021473198886,0.40470021473198886,FGSG_03532,2,uncharacterized protein,GO:0016021,0.0,0,0.187254020517874,0.164360194151929,0,0.179476861167002
FGSG_09042,1,0.4009639347744327,0.4009639347744327,FGSG_08078,2,formamidase,GO:0016811,0.0,0,0.221835108180317,0.0005515128686811,0,0.179476861167002
FGSG_06755,1,0.40127674095106924,0.40127674095106924,FGSG_00765,1,uncharacterized protein,GO:0003735;GO:0005762;GO:0016787;GO:0032543,0.0,0,-0.227896673067394,0.094555568527992,0,0.179476861167002
FGSG_01977,1,0.4014336766436351,0.4014336766436351,FGSG_08078,2,uncharacterized protein,,0.0,0,0.952805455512486,5.6260277499836005e-21,0,0.179476861167002
FGSG_08881,1,0.4015019696284141,0.4015019696284141,FGSG_03532,2,uncharacterized protein,GO:0005789;GO:0016021;GO:0034599,0.0,0,0.224270653142093,0.153567138742005,0,0.179476861167002
FGSG_11217,1,0.401530590491696,0.401530590491696,FGSG_03532,2,uncharacterized protein,GO:0016616;GO:0044710;GO:0050662,0.0,0,0.202071716791826,0.359424432193153,0,0.179476861167002
FGSG_08788,1,0.4017197000573641,0.4017197000573641,FGSG_00765,1,uncharacterized protein,GO:0016021,0.0,0,-0.382245744146575,1.73058086078143e-05,0,0.179476861167002
FGSG_03716,1,0.40196424439315365,0.40196424439315365,FGSG_03532,2,uncharacterized protein,GO:0016021;GO:0055085,0.0,0,0.21083917036314,0.0306830652105182,0,0.179476861167002
FGSG_01405,1,0.4132476621854396,0.4132476621854396,FGSG_03532,2,uncharacterized protein,,0.0,0,0.202911286330871,0.0609967838515996,0,0.179476861167002
FGSG_11006,1,0.41324422941500816,0.41324422941500816,FGSG_00007,2,"glucan endo-1,3-beta-glucosidase",GO:0016787,0.0,0,0.231477752377683,0.586992023177533,0,0.179476861167002
FGSG_01224,1,0.4023141796792366,0.4023141796792366,FGSG_02461,1,uncharacterized protein,,0.0,0,-0.504951786917751,0.0008154218601624,0,0.179476861167002
FGSG_09282,1,0.40260769113191575,0.40260769113191575,FGSG_00765,1,uncharacterized protein,GO:0097159;GO:1901363,0.0,0,-0.285305714200204,0.0203884993921589,0,0.179476861167002
FGSG_10322,1,0.40261313939172955,0.40261313939172955,FGSG_00007,2,uncharacterized protein,GO:0005524;GO:0016301;GO:0016310;GO:0016887,0.0,0,-0.0278527470133257,0.856271514321775,0,0.179476861167002
FGSG_08595,1,0.4131140820820702,0.4131140820820702,FGSG_02461,1,uncharacterized protein,GO:0000287;GO:0004012;GO:0005524;GO:0016021;GO:0045332,0.0,0,-0.603996166064387,5.46740391518328e-06,0,0.179476861167002
FGSG_04366,1,0.40270673528241935,0.40270673528241935,FGSG_00765,1,uncharacterized protein,GO:0000131;GO:0000133;GO:0003779;GO:0005519;GO:0005816;GO:0005934;GO:0005935;GO:0007118;GO:0007121;GO:0007124;GO:0008047;GO:0030953;GO:0032880;GO:0034652;GO:0035838;GO:0035839;GO:0043085;GO:0043332;GO:0051017;GO:0051519;GO:0090338;GO:2000251,0.0,0,-0.339887623278913,0.0043383249797975,0,0.179476861167002
FGSG_08281,1,0.4128129982869838,0.4128129982869838,FGSG_09127,8,uncharacterized protein,GO:0006672;GO:0016021;GO:0016811,0.0,0,-0.0538537224913374,,0,0.179476861167002
FGSG_03399,1,0.40277174186151093,0.40277174186151093,FGSG_08078,2,uncharacterized protein,GO:0000981;GO:0005634;GO:0006357;GO:0008270,0.0,0,0.285297280284972,0.0072880889115754,0,0.179476861167002
FGSG_12131,1,0.403157708638113,0.403157708638113,FGSG_08078,2,uncharacterized protein,GO:0016407,0.0,0,0.558728919738344,0.0001584506781704,0,0.179476861167002
FGSG_04555,1,0.41254881958175477,0.41254881958175477,FGSG_02461,1,uncharacterized protein,,0.0,0,-0.883322126529268,3.45632960722141e-05,0,0.179476861167002
FGSG_01476,1,0.4033632822687901,0.4033632822687901,FGSG_08078,2,uncharacterized protein,GO:0004222;GO:0005524;GO:0006508;GO:0016021;GO:0050662,0.0,0,0.357887072766462,0.0021265880416976,0,0.179476861167002
FGSG_04382,1,0.41237965490191303,0.41237965490191303,FGSG_02461,1,serine/threonine-protein kinase nrc-2,GO:0004674;GO:0005524;GO:0006468,0.0,0,-0.450373907787945,1.31266509190189e-05,0,0.179476861167002
FGSG_09621,1,0.403393130395767,0.403393130395767,FGSG_00743,1,uncharacterized protein,,0.0,0,-0.950352906547862,0.017343017168614,0,0.179476861167002
FGSG_02575,1,0.40351620635574476,0.40351620635574476,FGSG_02461,1,uncharacterized protein,GO:0000166;GO:0001731;GO:0003743;GO:0005829;GO:0033592;GO:0034057;GO:0043024;GO:0097010,0.0,0,-0.259635775490129,0.0100575390743512,0,0.179476861167002
FGSG_05900,1,0.40381020387363153,0.40381020387363153,FGSG_00007,2,uncharacterized protein,GO:0003824;GO:0005737;GO:0046872,0.0,0,0.006185777109437,0.967054580771094,0,0.179476861167002
FGSG_03915,1,0.4038172647283954,0.4038172647283954,FGSG_03539,2,uncharacterized protein,GO:0004497;GO:0055114,0.0,0,-0.0830839885576024,0.364325808600882,0,0.179476861167002
FGSG_01807,1,0.4105740611488871,0.4105740611488871,FGSG_00007,2,uncharacterized protein,,0.0,0,0.111749916788138,0.650946619499978,0,0.179476861167002
FGSG_12835,1,0.6950599928599289,0.6950599928599289,FGSG_10462,14,uncharacterized protein,,0.0,0,-0.0463024769848597,,0,0.179476861167002
FGSG_11874,1,0.7756761452660279,0.7756761452660279,FGSG_14010,6,uncharacterized protein,GO:0016021,0.0,0,0.0490080316998113,,0,0.179476861167002
FGSG_08483,1,0.6950599928599289,0.6950599928599289,FGSG_10462,14,uncharacterized protein,GO:0016021,0.0,0,-0.0463024769848597,,0,0.179476861167002
FGSG_07791,1,0.8070374832038317,0.8070374832038317,FGSG_03122,5,uncharacterized protein,,0.0,0,-0.0051071791690046,,0,0.179476861167002
FGSG_20805,1,0.8070374832038318,0.8070374832038318,FGSG_03122,5,tRNA-Ser,,0.0,0,-0.0051071791690046,,0,0.179476861167002
FGSG_02954,1,0.8070374832038317,0.8070374832038317,FGSG_03122,5,uncharacterized protein,,0.0,0,-0.0051071791690046,,0,0.179476861167002
FGSG_03253,1,0.8070374832038317,0.8070374832038317,FGSG_03122,5,uncharacterized protein,,0.0,0,-0.0051071791690046,,0,0.179476861167002
FGSG_05703,1,0.8070374832038317,0.8070374832038317,FGSG_03122,5,3-dehydroshikimate dehydratase,GO:0051213;GO:0055114,0.0,0,-0.0051071791690046,,0,0.179476861167002
FGSG_05786,1,0.8070374832038317,0.8070374832038317,FGSG_03122,5,uncharacterized protein,GO:0016021,0.0,0,-0.0051071791690046,,0,0.179476861167002
FGSG_07714,1,0.8070374832038317,0.8070374832038317,FGSG_03122,5,uncharacterized protein,,0.0,0,-0.0051071791690046,,0,0.179476861167002
FGSG_07915,1,0.8070374832038317,0.8070374832038317,FGSG_03122,5,uncharacterized protein,GO:0016021,0.0,0,-0.0051071791690046,,0,0.179476861167002
FGSG_20571,1,0.8070374832038318,0.8070374832038318,FGSG_03122,5,tRNA-Gln,,0.0,0,-0.0051071791690046,,0,0.179476861167002
FGSG_11071,1,0.8070374832038317,0.8070374832038317,FGSG_03122,5,uncharacterized protein,GO:0016021,0.0,0,-0.0051071791690046,,0,0.179476861167002
FGSG_11181,1,0.8070374832038317,0.8070374832038317,FGSG_03122,5,uncharacterized protein,,0.0,0,-0.0051071791690046,,0,0.179476861167002
FGSG_12514,1,0.8070374832038317,0.8070374832038317,FGSG_03122,5,uncharacterized protein,,0.0,0,-0.0051071791690046,,0,0.179476861167002
FGSG_12843,1,0.8070374832038317,0.8070374832038317,FGSG_03122,5,uncharacterized protein,,0.0,0,-0.0051071791690046,,0,0.179476861167002
FGSG_13139,1,0.8070374832038317,0.8070374832038317,FGSG_03122,5,uncharacterized protein,,0.0,0,-0.0051071791690046,,0,0.179476861167002
FGSG_20722,1,0.8070374832038317,0.8070374832038317,FGSG_03122,5,tRNA-Leu,,0.0,0,-0.0051071791690046,,0,0.179476861167002
FGSG_20583,1,0.8070374832038318,0.8070374832038318,FGSG_03122,5,tRNA-Leu,,0.0,0,-0.0051071791690046,,0,0.179476861167002
FGSG_20544,1,0.8070374832038318,0.8070374832038318,FGSG_03122,5,tRNA-Glu,,0.0,0,-0.0051071791690046,,0,0.179476861167002
FGSG_20792,1,0.8070374832038317,0.8070374832038317,FGSG_03122,5,tRNA-Arg,,0.0,0,-0.0051071791690046,,0,0.179476861167002
FGSG_11860,1,0.8070374832038318,0.8070374832038318,FGSG_03122,5,uncharacterized protein,,0.0,0,-0.0051071791690046,,0,0.179476861167002
FGSG_08169,1,0.8070374832038318,0.8070374832038318,FGSG_03122,5,uncharacterized protein,GO:0003333;GO:0015171;GO:0016021,0.0,0,-0.0051071791690046,,0,0.179476861167002
FGSG_10575,1,0.8070374832038318,0.8070374832038318,FGSG_03122,5,uncharacterized protein,GO:0016021,0.0,0,-0.0051071791690046,,0,0.179476861167002
FGSG_10633,1,0.8070374832038318,0.8070374832038318,FGSG_03122,5,uncharacterized protein,GO:0016020,0.0,0,-0.0051071791690046,,0,0.179476861167002
FGSG_10651,1,0.8070374832038318,0.8070374832038318,FGSG_03122,5,uncharacterized protein,GO:0016021;GO:0016491;GO:0055114;GO:0071949,0.0,0,-0.0051071791690046,,0,0.179476861167002
FGSG_10715,1,0.8070374832038318,0.8070374832038318,FGSG_03122,5,uncharacterized protein,GO:0016021,0.0,0,-0.0051071791690046,,0,0.179476861167002
FGSG_11726,1,0.8070374832038318,0.8070374832038318,FGSG_03122,5,uncharacterized protein,GO:0000775;GO:0003677;GO:0003682;GO:0005634;GO:0046872,0.0,0,-0.0051071791690046,,0,0.179476861167002
FGSG_11972,1,0.8070374832038318,0.8070374832038318,FGSG_03122,5,uncharacterized protein,GO:0016020,0.0,0,-0.0051071791690046,,0,0.179476861167002
FGSG_20522,1,0.8070374832038318,0.8070374832038318,FGSG_03122,5,tRNA-Leu,,0.0,0,-0.0051071791690046,,0,0.179476861167002
FGSG_11973,1,0.8070374832038318,0.8070374832038318,FGSG_03122,5,phosphate-repressible phosphate permease,GO:0005315;GO:0006817;GO:0016021;GO:0055085,0.0,0,-0.0051071791690046,,0,0.179476861167002
FGSG_12121,1,0.8070374832038318,0.8070374832038318,FGSG_03122,5,uncharacterized protein,GO:0016021,0.0,0,-0.0051071791690046,,0,0.179476861167002
FGSG_12236,1,0.8070374832038318,0.8070374832038318,FGSG_03122,5,uncharacterized protein,,0.0,0,-0.0051071791690046,,0,0.179476861167002
FGSG_12393,1,0.8070374832038318,0.8070374832038318,FGSG_03122,5,uncharacterized protein,,0.0,0,-0.0051071791690046,,0,0.179476861167002
FGSG_13271,1,0.8070374832038318,0.8070374832038318,FGSG_03122,5,uncharacterized protein,,0.0,0,-0.0051071791690046,,0,0.179476861167002
FGSG_20010,1,0.8070374832038318,0.8070374832038318,FGSG_03122,5,5S ribosomal RNA,,0.0,0,-0.0051071791690046,,0,0.179476861167002
FGSG_20760,1,0.8070374832038317,0.8070374832038317,FGSG_03122,5,tRNA-Asp,,0.0,0,-0.0051071791690046,,0,0.179476861167002
FGSG_02437,1,0.799435336318776,0.799435336318776,FGSG_04848,9,uncharacterized protein,,0.0,0,-0.0050766800343622,,0,0.179476861167002
FGSG_08294,1,0.6950599928599289,0.6950599928599289,FGSG_10462,14,uncharacterized protein,,0.0,0,-0.0463024769848597,,0,0.179476861167002
FGSG_12823,1,0.7994353363187758,0.7994353363187758,FGSG_04848,9,uncharacterized protein,,0.0,0,-0.0050766800343622,,0,0.179476861167002
FGSG_12058,1,0.7994353363187758,0.7994353363187758,FGSG_04848,9,uncharacterized protein,,0.0,0,-0.0050766800343622,,0,0.179476861167002
FGSG_12462,1,0.7994353363187758,0.7994353363187758,FGSG_04848,9,uncharacterized protein,,0.0,0,-0.0050766800343622,,0,0.179476861167002
FGSG_12503,1,0.7994353363187758,0.7994353363187758,FGSG_04848,9,uncharacterized protein,,0.0,0,-0.0050766800343622,,0,0.179476861167002
FGSG_12585,1,0.7994353363187758,0.7994353363187758,FGSG_04848,9,uncharacterized protein,GO:0003824,0.0,0,-0.0050766800343622,,0,0.179476861167002
FGSG_12804,1,0.7994353363187758,0.7994353363187758,FGSG_04848,9,uncharacterized protein,,0.0,0,-0.0050766800343622,,0,0.179476861167002
FGSG_12810,1,0.7994353363187758,0.7994353363187758,FGSG_04848,9,uncharacterized protein,,0.0,0,-0.0050766800343622,,0,0.179476861167002
FGSG_12924,1,0.7994353363187758,0.7994353363187758,FGSG_04848,9,uncharacterized protein,,0.0,0,-0.0050766800343622,,0,0.179476861167002
FGSG_11503,1,0.7994353363187758,0.7994353363187758,FGSG_04848,9,uncharacterized protein,,0.0,0,-0.0050766800343622,,0,0.179476861167002
FGSG_13618,1,0.7994353363187758,0.7994353363187758,FGSG_04848,9,uncharacterized protein,,0.0,0,-0.0050766800343622,,0,0.179476861167002
FGSG_20626,1,0.7994353363187758,0.7994353363187758,FGSG_04848,9,tRNA-Glu,,0.0,0,-0.0050766800343622,,0,0.179476861167002
FGSG_20702,1,0.7994353363187758,0.7994353363187758,FGSG_04848,9,tRNA-Glu,,0.0,0,-0.0050766800343622,,0,0.179476861167002
FGSG_20786,1,0.7994353363187758,0.7994353363187758,FGSG_04848,9,tRNA-Val,,0.0,0,-0.0050766800343622,,0,0.179476861167002
FGSG_20816,1,0.7994353363187758,0.7994353363187758,FGSG_04848,9,tRNA-Leu,,0.0,0,-0.0050766800343622,,0,0.179476861167002
FGSG_02123,1,0.7994353363187756,0.7994353363187756,FGSG_04848,9,uncharacterized protein,GO:0016021;GO:0055085,0.0,0,-0.0050766800343622,,0,0.179476861167002
FGSG_11801,1,0.7994353363187758,0.7994353363187758,FGSG_04848,9,uncharacterized protein,,0.0,0,-0.0050766800343622,,0,0.179476861167002
FGSG_09336,1,0.7994353363187758,0.7994353363187758,FGSG_04848,9,uncharacterized protein,,0.0,0,-0.0050766800343622,,0,0.179476861167002
FGSG_06432,1,0.799435336318776,0.799435336318776,FGSG_04848,9,uncharacterized protein,,0.0,0,-0.0050766800343622,,0,0.179476861167002
FGSG_01714,1,0.7994353363187758,0.7994353363187758,FGSG_04848,9,uncharacterized protein,,0.0,0,-0.0050766800343622,,0,0.179476861167002
FGSG_07627,1,0.799435336318776,0.799435336318776,FGSG_04848,9,uncharacterized protein,GO:0016614;GO:0050660;GO:0055114,0.0,0,-0.0050766800343622,,0,0.179476861167002
FGSG_07828,1,0.799435336318776,0.799435336318776,FGSG_04848,9,uncharacterized protein,,0.0,0,-0.0050766800343622,,0,0.179476861167002
FGSG_11392,1,0.799435336318776,0.799435336318776,FGSG_04848,9,uncharacterized protein,,0.0,0,-0.0055894561180715,,0,0.179476861167002
FGSG_12162,1,0.799435336318776,0.799435336318776,FGSG_04848,9,uncharacterized protein,,0.0,0,-0.0050766800343622,,0,0.179476861167002
FGSG_13003,1,0.799435336318776,0.799435336318776,FGSG_04848,9,uncharacterized protein,,0.0,0,-0.0050766800343622,,0,0.179476861167002
FGSG_20673,1,0.799435336318776,0.799435336318776,FGSG_04848,9,tRNA-Val,,0.0,0,-0.0050766800343622,,0,0.179476861167002
FGSG_01723,1,0.7994353363187758,0.7994353363187758,FGSG_04848,9,uncharacterized protein,GO:0016020,0.0,0,-0.0055894561180715,,0,0.179476861167002
FGSG_09208,1,0.7994353363187758,0.7994353363187758,FGSG_04848,9,uncharacterized protein,,0.0,0,-0.0050766800343622,,0,0.179476861167002
FGSG_04466,1,0.7994353363187758,0.7994353363187758,FGSG_04848,9,uncharacterized protein,,0.0,0,-0.0050766800343622,,0,0.179476861167002
FGSG_04640,1,0.7994353363187758,0.7994353363187758,FGSG_04848,9,uncharacterized protein,,0.0,0,-0.0050766800343622,,0,0.179476861167002
FGSG_06505,1,0.7994353363187758,0.7994353363187758,FGSG_04848,9,uncharacterized protein,,0.0,0,-0.0050766800343622,,0,0.179476861167002
FGSG_07996,1,0.7994353363187758,0.7994353363187758,FGSG_04848,9,uncharacterized protein,,0.0,0,-0.0050766800343622,,0,0.179476861167002
FGSG_08279,1,0.7994353363187758,0.7994353363187758,FGSG_04848,9,uncharacterized protein,GO:0016021,0.0,0,-0.0050766800343622,,0,0.179476861167002
FGSG_09200,1,0.7994353363187758,0.7994353363187758,FGSG_04848,9,uncharacterized protein,GO:0004842;GO:0016567;GO:0046872,0.0,0,-0.0050766800343622,,0,0.179476861167002
FGSG_08161,1,0.8070374832038318,0.8070374832038318,FGSG_03122,5,uncharacterized protein,,0.0,0,-0.0051071791690046,,0,0.179476861167002
FGSG_08074,1,0.8070374832038318,0.8070374832038318,FGSG_03122,5,uncharacterized protein,,0.0,0,-0.0051071791690046,,0,0.179476861167002
FGSG_08050,1,0.8070374832038318,0.8070374832038318,FGSG_03122,5,uncharacterized protein,GO:0016020,0.0,0,-0.0051071791690046,,0,0.179476861167002
FGSG_12391,1,0.8134855499699692,0.8134855499699692,FGSG_09184,11,uncharacterized protein,,0.0,0,0.0438594995733183,,0,0.179476861167002
FGSG_12501,1,0.8134855499699694,0.8134855499699694,FGSG_09184,11,uncharacterized protein,GO:0016021;GO:0055085,0.0,0,0.0554637670649932,,0,0.179476861167002
FGSG_12504,1,0.8134855499699694,0.8134855499699694,FGSG_09184,11,uncharacterized protein,,0.0,0,0.0554637670649932,,0,0.179476861167002
FGSG_12834,1,0.8134855499699694,0.8134855499699694,FGSG_09184,11,uncharacterized protein,,0.0,0,0.0554637670649932,,0,0.179476861167002
FGSG_20744,1,0.8134855499699694,0.8134855499699694,FGSG_09184,11,tRNA-Gln,,0.0,0,0.0554637670649932,,0,0.179476861167002
FGSG_03728,1,0.8134855499699692,0.8134855499699692,FGSG_09184,11,uncharacterized protein,,0.0,0,0.0438594995733183,,0,0.179476861167002
FGSG_07760,1,0.8134855499699692,0.8134855499699692,FGSG_09184,11,uncharacterized protein,GO:0000166;GO:0004055;GO:0006520;GO:0044249;GO:1901566,0.0,0,0.0438594995733183,,0,0.179476861167002
FGSG_02032,1,0.8134855499699691,0.8134855499699691,FGSG_09184,11,uncharacterized protein,GO:0016021,0.0,0,0.0438594995733183,,0,0.179476861167002
FGSG_11728,1,0.8134855499699694,0.8134855499699694,FGSG_09184,11,uncharacterized protein,,0.0,0,0.0554637670649932,,0,0.179476861167002
FGSG_03092,1,0.8134855499699691,0.8134855499699691,FGSG_09184,11,uncharacterized protein,,0.0,0,0.0438594995733183,,0,0.179476861167002
FGSG_03939,1,0.8134855499699691,0.8134855499699691,FGSG_09184,11,uncharacterized protein,GO:0004672;GO:0005524;GO:0006468,0.0,0,0.0438594995733183,,0,0.179476861167002
FGSG_04462,1,0.8134855499699691,0.8134855499699691,FGSG_09184,11,uncharacterized protein,,0.0,0,0.0438594995733183,,0,0.179476861167002
FGSG_05825,1,0.8134855499699691,0.8134855499699691,FGSG_09184,11,uncharacterized protein,GO:0016021;GO:0016740,0.0,0,0.0438594995733183,,0,0.179476861167002
FGSG_06608,1,0.8134855499699691,0.8134855499699691,FGSG_09184,11,uncharacterized protein,,0.0,0,0.0438594995733183,,0,0.179476861167002
FGSG_06622,1,0.8134855499699691,0.8134855499699691,FGSG_09184,11,uncharacterized protein,GO:0016021;GO:0016853,0.0,0,0.0438594995733183,,0,0.179476861167002
FGSG_12197,1,0.8134855499699694,0.8134855499699694,FGSG_09184,11,uncharacterized protein,,0.0,0,0.0554637670649932,,0,0.179476861167002
FGSG_08197,1,0.8134855499699694,0.8134855499699694,FGSG_09184,11,uncharacterized protein,,0.0,0,0.0554637670649932,,0,0.179476861167002
FGSG_07976,1,0.8070374832038318,0.8070374832038318,FGSG_03122,5,uncharacterized protein,,0.0,0,-0.0051071791690046,,0,0.179476861167002
FGSG_04702,1,0.8134855499699695,0.8134855499699695,FGSG_09184,11,uncharacterized protein,GO:0016491;GO:0055114,0.0,0,0.0438594995733183,,0,0.179476861167002
FGSG_09266,3,0.4280587204630237,1.2362860679782135,FGSG_00007;FGSG_03539;FGSG_08081,2,hydroxymethylglutaryl-CoA synthase,GO:0004421;GO:0006696;GO:0008299,0.0,0,0.0359191211166083,0.698264834123343,0,0.179476861167002
FGSG_12442,2,0.41782365761233914,0.8295282533744636,FGSG_00007;FGSG_03532,2,uncharacterized protein,GO:0005634;GO:0005829;GO:0016884,0.0,0,0.0971711169078582,0.196806816607574,0,0.179476861167002
FGSG_05384,2,0.41714359331990875,0.8186181863471561,FGSG_00007;FGSG_03539,2,uncharacterized protein,GO:0000139;GO:0005351;GO:0008643;GO:0015992;GO:0016021,0.0,0,-0.0029319051338811,0.979990122204782,0,0.179476861167002
FGSG_11594,2,0.4102229271226833,0.8151472882623836,FGSG_00007;FGSG_03539,2,uncharacterized protein,GO:0003972;GO:0004113;GO:0005524;GO:0005637;GO:0005829;GO:0006388;GO:0016310;GO:0030969;GO:0032056;GO:0051730,0.0,0,-0.0042937470577797,0.965749272995,0,0.179476861167002
FGSG_08065,2,0.40511665234081856,0.8093961834672546,FGSG_00007;FGSG_08081,2,uncharacterized protein,,0.0,0,0.121034187409859,0.507103443106343,0,0.179476861167002
FGSG_02338,1,0.8134855499699695,0.8134855499699695,FGSG_09184,11,uncharacterized protein,,0.0,0,0.0438594995733183,,0,0.179476861167002
FGSG_04770,1,0.8134855499699695,0.8134855499699695,FGSG_09184,11,uncharacterized protein,GO:0004672;GO:0005524;GO:0006468,0.0,0,0.0438594995733183,,0,0.179476861167002
FGSG_08165,1,0.8134855499699694,0.8134855499699694,FGSG_09184,11,uncharacterized protein,GO:0016021,0.0,0,0.0554637670649932,,0,0.179476861167002
FGSG_09467,1,0.8134855499699695,0.8134855499699695,FGSG_09184,11,uncharacterized protein,,0.0,0,0.0554637670649932,,0,0.179476861167002
FGSG_20591,1,0.8134855499699695,0.8134855499699695,FGSG_09184,11,tRNA-Lys,,0.0,0,0.0438594995733183,,0,0.179476861167002
FGSG_04796,1,0.8134855499699694,0.8134855499699694,FGSG_09184,11,uncharacterized protein,,0.0,0,0.0554637670649932,,0,0.179476861167002
FGSG_04861,1,0.8134855499699694,0.8134855499699694,FGSG_09184,11,uncharacterized protein,,0.0,0,0.0554637670649932,,0,0.179476861167002
FGSG_07533,1,0.8134855499699694,0.8134855499699694,FGSG_09184,11,uncharacterized protein,GO:0005576;GO:0005618;GO:0030599;GO:0042545;GO:0045330;GO:0045490,0.0,0,0.0554637670649932,,0,0.179476861167002
FGSG_07990,1,0.8134855499699694,0.8134855499699694,FGSG_09184,11,uncharacterized protein,,0.0,0,0.0554637670649932,,0,0.179476861167002
FGSG_07809,1,0.8134855499699691,0.8134855499699691,FGSG_09184,11,uncharacterized protein,,0.0,0,0.0438594995733183,,0,0.179476861167002
FGSG_08091,1,0.8134855499699691,0.8134855499699691,FGSG_09184,11,uncharacterized protein,GO:0004222;GO:0006508,0.0,0,0.0438594995733183,,0,0.179476861167002
FGSG_08185,1,0.8134855499699691,0.8134855499699691,FGSG_09184,11,uncharacterized protein,GO:0008152;GO:0016747,0.0,0,0.0438594995733183,,0,0.179476861167002
FGSG_03350,1,0.8070374832038355,0.8070374832038355,FGSG_03122,5,uncharacterized protein,GO:0006950;GO:0016021,0.0,0,-0.0054550892455329,,0,0.179476861167002
FGSG_04700,1,0.8070374832038357,0.8070374832038357,FGSG_03122,5,uncharacterized protein,GO:0008643;GO:0016021;GO:0022891;GO:0055085,0.0,0,-0.0054550892455329,,0,0.179476861167002
FGSG_02548,1,0.8070374832038356,0.8070374832038356,FGSG_03122,5,uncharacterized protein,GO:0016021,0.0,0,-0.0054550892455329,,0,0.179476861167002
FGSG_02711,1,0.8070374832038356,0.8070374832038356,FGSG_03122,5,uncharacterized protein,,0.0,0,-0.0054550892455329,,0,0.179476861167002
FGSG_03758,1,0.8070374832038356,0.8070374832038356,FGSG_03122,5,uncharacterized protein,,0.0,0,-0.0056558592099523,,0,0.179476861167002
FGSG_06249,1,0.8070374832038356,0.8070374832038356,FGSG_03122,5,uncharacterized protein,,0.0,0,-0.0054550892455329,,0,0.179476861167002
FGSG_11983,1,0.8070374832038356,0.8070374832038356,FGSG_03122,5,uncharacterized protein,,0.0,0,-0.0054550892455329,,0,0.179476861167002
FGSG_03612,1,0.8070374832038355,0.8070374832038355,FGSG_03122,5,uncharacterized protein,GO:0016788,0.0,0,-0.0056558592099523,,0,0.179476861167002
FGSG_08245,1,0.8134855499699691,0.8134855499699691,FGSG_09184,11,uncharacterized protein,,0.0,0,0.0438594995733183,,0,0.179476861167002
FGSG_03615,1,0.8070374832038355,0.8070374832038355,FGSG_03122,5,uncharacterized protein,GO:0016614;GO:0055114,0.0,0,-0.0054550892455329,,0,0.179476861167002
FGSG_04742,1,0.807037483203832,0.807037483203832,FGSG_03122,5,uncharacterized protein,GO:0016021,0.0,0,-0.0051071791690046,,0,0.179476861167002
FGSG_05061,1,0.807037483203832,0.807037483203832,FGSG_03122,5,uncharacterized protein,,0.0,0,-0.0051071791690046,,0,0.179476861167002
FGSG_12674,1,0.807037483203832,0.807037483203832,FGSG_03122,5,uncharacterized protein,,0.0,0,-0.0051071791690046,,0,0.179476861167002
FGSG_00079,1,0.8070374832038318,0.8070374832038318,FGSG_03122,5,uncharacterized protein,,0.0,0,-0.0051071791690046,,0,0.179476861167002
FGSG_03470,1,0.8070374832038318,0.8070374832038318,FGSG_03122,5,uncharacterized protein,,0.0,0,-0.0051071791690046,,0,0.179476861167002
FGSG_20788,1,0.8134855499699691,0.8134855499699691,FGSG_09184,11,tRNA-Gly,,0.0,0,0.0438594995733183,,0,0.179476861167002
FGSG_14004,1,0.8134855499699691,0.8134855499699691,FGSG_09184,11,uncharacterized protein,,0.0,0,0.0438594995733183,,0,0.179476861167002
FGSG_13849,1,0.8134855499699691,0.8134855499699691,FGSG_09184,11,uncharacterized protein,,0.0,0,0.0438594995733183,,0,0.179476861167002
FGSG_13733,1,0.8134855499699691,0.8134855499699691,FGSG_09184,11,uncharacterized protein,,0.0,0,0.0438594995733183,,0,0.179476861167002
FGSG_13429,1,0.8134855499699691,0.8134855499699691,FGSG_09184,11,uncharacterized protein,GO:0016021,0.0,0,0.0438594995733183,,0,0.179476861167002
FGSG_13226,1,0.8134855499699691,0.8134855499699691,FGSG_09184,11,uncharacterized protein,GO:0016021,0.0,0,0.0438594995733183,,0,0.179476861167002
FGSG_12688,1,0.8134855499699691,0.8134855499699691,FGSG_09184,11,uncharacterized protein,,0.0,0,0.061341832971656,,0,0.179476861167002
FGSG_12478,1,0.8134855499699691,0.8134855499699691,FGSG_09184,11,uncharacterized protein,,0.0,0,0.0438594995733183,,0,0.179476861167002
FGSG_12156,1,0.8134855499699691,0.8134855499699691,FGSG_09184,11,uncharacterized protein,GO:0000398;GO:0004519;GO:0005634;GO:0017069;GO:0090305,0.0,0,0.0438594995733183,,0,0.179476861167002
FGSG_11711,1,0.8134855499699691,0.8134855499699691,FGSG_09184,11,uncharacterized protein,,0.0,0,0.0438594995733183,,0,0.179476861167002
FGSG_11641,1,0.8134855499699691,0.8134855499699691,FGSG_09184,11,uncharacterized protein,,0.0,0,0.0438594995733183,,0,0.179476861167002
FGSG_11579,1,0.8134855499699691,0.8134855499699691,FGSG_09184,11,uncharacterized protein,GO:0016020,0.0,0,0.0438594995733183,,0,0.179476861167002
FGSG_11182,1,0.8134855499699691,0.8134855499699691,FGSG_09184,11,uncharacterized protein,GO:0016021;GO:0022891;GO:0055085,0.0,0,0.0438594995733183,,0,0.179476861167002
FGSG_11040,1,0.8134855499699691,0.8134855499699691,FGSG_09184,11,glutathione S-transferase,GO:0016021;GO:0016740,0.0,0,0.0438594995733183,,0,0.179476861167002
FGSG_10644,1,0.8134855499699691,0.8134855499699691,FGSG_09184,11,uncharacterized protein,GO:0003723;GO:0004540;GO:0090501,0.0,0,0.0438594995733183,,0,0.179476861167002
FGSG_08837,1,0.8134855499699691,0.8134855499699691,FGSG_09184,11,uncharacterized protein,,0.0,0,0.0438594995733183,,0,0.179476861167002
FGSG_08246,1,0.8134855499699691,0.8134855499699691,FGSG_09184,11,uncharacterized protein,GO:0046872,0.0,0,0.0438594995733183,,0,0.179476861167002
FGSG_02841,1,0.7994353363187754,0.7994353363187754,FGSG_04848,9,uncharacterized protein,,0.0,0,-0.0054061511516479,,0,0.179476861167002
FGSG_08247,1,0.7994353363187753,0.7994353363187753,FGSG_04848,9,uncharacterized protein,GO:0016021,0.0,0,-0.0054061511516479,,0,0.179476861167002
FGSG_11248,1,0.7994353363187753,0.7994353363187753,FGSG_04848,9,uncharacterized protein,GO:0006950;GO:0016021,0.0,0,-0.0054061511516479,,0,0.179476861167002
FGSG_00937,1,0.7355389040356458,0.7355389040356458,FGSG_09127,8,uncharacterized protein,,0.0,0,-0.0447116450679053,,0,0.179476861167002
FGSG_09194,1,0.7355389040356479,0.7355389040356479,FGSG_09127,8,uncharacterized protein,,0.0,0,-0.0533982828792801,,0,0.179476861167002
FGSG_10729,1,0.7355389040356479,0.7355389040356479,FGSG_09127,8,chitinase 1 precursor,GO:0004568;GO:0005975;GO:0006032;GO:0010997;GO:0050790;GO:0097027,0.0,0,-0.0533982828792801,,0,0.179476861167002
FGSG_11975,1,0.7355389040356479,0.7355389040356479,FGSG_09127,8,uncharacterized protein,,0.0,0,-0.0533982828792801,,0,0.179476861167002
FGSG_12847,1,0.7355389040356479,0.7355389040356479,FGSG_09127,8,uncharacterized protein,GO:0016021,0.0,0,-0.0533982828792801,,0,0.179476861167002
FGSG_20575,1,0.7355389040356479,0.7355389040356479,FGSG_09127,8,tRNA-Thr,,0.0,0,-0.0533982828792801,,0,0.179476861167002
FGSG_12412,1,0.7355389040356471,0.7355389040356471,FGSG_09127,8,uncharacterized protein,,0.0,0,-0.057374793088916,,0,0.179476861167002
FGSG_01400,1,0.7355389040356458,0.7355389040356458,FGSG_09127,8,uncharacterized protein,,0.0,0,-0.0447116450679053,,0,0.179476861167002
FGSG_07682,1,0.7355389040356479,0.7355389040356479,FGSG_09127,8,uncharacterized protein,GO:0016021;GO:0055085,0.0,0,-0.0533982828792801,,0,0.179476861167002
FGSG_02394,1,0.7355389040356458,0.7355389040356458,FGSG_09127,8,uncharacterized protein,GO:0003824;GO:0008152;GO:0031177,0.0,0,-0.0447116450679053,,0,0.179476861167002
FGSG_02674,1,0.7355389040356458,0.7355389040356458,FGSG_09127,8,uncharacterized protein,,0.0,0,-0.0447116450679053,,0,0.179476861167002
FGSG_03887,1,0.7355389040356458,0.7355389040356458,FGSG_09127,8,uncharacterized protein,GO:0006508;GO:0008236;GO:0016021;GO:0055085,0.0,0,-0.0447116450679053,,0,0.179476861167002
FGSG_03909,1,0.7355389040356458,0.7355389040356458,FGSG_09127,8,uncharacterized protein,GO:0005576;GO:0030570,0.0,0,-0.0447116450679053,,0,0.179476861167002
FGSG_04331,1,0.7355389040356458,0.7355389040356458,FGSG_09127,8,uncharacterized protein,,0.0,0,-0.0447116450679053,,0,0.179476861167002
FGSG_04753,1,0.7355389040356458,0.7355389040356458,FGSG_09127,8,uncharacterized protein,,0.0,0,-0.0447116450679053,,0,0.179476861167002
FGSG_09191,1,0.7355389040356479,0.7355389040356479,FGSG_09127,8,uncharacterized protein,GO:0000324;GO:0005215;GO:0006821;GO:0016021,0.0,0,-0.0533982828792801,,0,0.179476861167002
FGSG_02948,1,0.7355389040356479,0.7355389040356479,FGSG_09127,8,uncharacterized protein,GO:0016021,0.0,0,-0.0533982828792801,,0,0.179476861167002
FGSG_12876,1,0.7450841076429457,0.7450841076429457,FGSG_02447,7,uncharacterized protein,,0.0,0,-0.0050344317795935,,0,0.179476861167002
FGSG_02568,1,0.7450841076429454,0.7450841076429454,FGSG_02447,7,uncharacterized protein,,0.0,0,-0.0057293505346407,,0,0.179476861167002
FGSG_13096,1,0.7450841076429457,0.7450841076429457,FGSG_02447,7,uncharacterized protein,,0.0,0,-0.0050344317795935,,0,0.179476861167002
FGSG_13814,1,0.7450841076429457,0.7450841076429457,FGSG_02447,7,uncharacterized protein,,0.0,0,-0.0050344317795935,,0,0.179476861167002
FGSG_20038,1,0.7450841076429457,0.7450841076429457,FGSG_02447,7,5S ribosomal RNA,,0.0,0,-0.0050344317795935,,0,0.179476861167002
FGSG_20054,1,0.7450841076429457,0.7450841076429457,FGSG_02447,7,18S ribosomal RNA,,0.0,0,-0.0050344317795935,,0,0.179476861167002
FGSG_11584,1,0.7450841076429456,0.7450841076429456,FGSG_02447,7,uncharacterized protein,GO:0003824;GO:0005524;GO:0009116,0.0,0,-0.0050344317795935,,0,0.179476861167002
FGSG_11668,1,0.7450841076429456,0.7450841076429456,FGSG_02447,7,uncharacterized protein,,0.0,0,-0.0050344317795935,,0,0.179476861167002
FGSG_09143,1,0.7450841076429447,0.7450841076429447,FGSG_02447,7,uncharacterized protein,,0.0,0,-0.0055903468543272,,0,0.179476861167002
FGSG_01740,1,0.7355389040356479,0.7355389040356479,FGSG_09127,8,uncharacterized protein,GO:0004497;GO:0005506;GO:0016021;GO:0016705;GO:0020037;GO:0055114,0.0,0,-0.0533982828792801,,0,0.179476861167002
FGSG_06488,1,0.7450841076429446,0.7450841076429446,FGSG_02447,7,uncharacterized protein,,0.0,0,-0.0055903468543272,,0,0.179476861167002
FGSG_08183,1,0.7450841076429445,0.7450841076429445,FGSG_02447,7,uncharacterized protein,GO:0004497;GO:0005506;GO:0016021;GO:0016705;GO:0020037;GO:0055114,0.0,0,-0.0053543189017628,,0,0.179476861167002
FGSG_12011,1,0.7450841076429445,0.7450841076429445,FGSG_02447,7,uncharacterized protein,GO:0016021,0.0,0,-0.0053543189017628,,0,0.179476861167002
FGSG_12408,1,0.7450841076429445,0.7450841076429445,FGSG_02447,7,uncharacterized protein,,0.0,0,-0.0053543189017628,,0,0.179476861167002
FGSG_12763,1,0.7450841076429445,0.7450841076429445,FGSG_02447,7,uncharacterized protein,,0.0,0,-0.0053543189017628,,0,0.179476861167002
FGSG_04789,1,0.735538904035648,0.735538904035648,FGSG_09127,8,uncharacterized protein,GO:0016491;GO:0050662;GO:0055114,0.0,0,-0.0533982828792801,,0,0.179476861167002
FGSG_07818,1,0.7355389040356458,0.7355389040356458,FGSG_09127,8,uncharacterized protein,GO:0016021,0.0,0,-0.0447116450679053,,0,0.179476861167002
FGSG_13325,1,0.7355389040356458,0.7355389040356458,FGSG_09127,8,uncharacterized protein,,0.0,0,-0.0447116450679053,,0,0.179476861167002
FGSG_13406,1,0.7355389040356458,0.7355389040356458,FGSG_09127,8,uncharacterized protein,,0.0,0,-0.0447116450679053,,0,0.179476861167002
FGSG_00944,1,0.6950599928599291,0.6950599928599291,FGSG_10462,14,uncharacterized protein,,0.0,0,-0.0463024769848597,,0,0.179476861167002
FGSG_12535,1,0.7355389040356456,0.7355389040356456,FGSG_09127,8,uncharacterized protein,,0.0,0,-0.0447116450679053,,0,0.179476861167002
FGSG_20625,1,0.7355389040356456,0.7355389040356456,FGSG_09127,8,tRNA-Asn,,0.0,0,-0.0447116450679053,,0,0.179476861167002
FGSG_20782,1,0.7355389040356456,0.7355389040356456,FGSG_09127,8,tRNA-Gly,,0.0,0,-0.0447116450679053,,0,0.179476861167002
FGSG_07668,1,0.6950599928599299,0.6950599928599299,FGSG_10462,14,uncharacterized protein,GO:0004181;GO:0006508;GO:0008270,0.0,0,-0.0549887132373718,,0,0.179476861167002
FGSG_08353,1,0.6950599928599299,0.6950599928599299,FGSG_10462,14,uncharacterized protein,,0.0,0,-0.0549887132373718,,0,0.179476861167002
FGSG_20507,1,0.6950599928599299,0.6950599928599299,FGSG_10462,14,tRNA-Ile,,0.0,0,-0.0549887132373718,,0,0.179476861167002
FGSG_11885,1,0.6950599928599291,0.6950599928599291,FGSG_10462,14,uncharacterized protein,,0.0,0,-0.0463024769848597,,0,0.179476861167002
FGSG_13684,1,0.7355389040356458,0.7355389040356458,FGSG_09127,8,uncharacterized protein,,0.0,0,-0.0447116450679053,,0,0.179476861167002
FGSG_01789,1,0.6950599928599289,0.6950599928599289,FGSG_10462,14,uncharacterized protein,GO:0004181;GO:0006508;GO:0008270;GO:0016021;GO:0016491;GO:0055114,0.0,0,-0.0463024769848597,,0,0.179476861167002
FGSG_04614,1,0.6950599928599289,0.6950599928599289,FGSG_10462,14,uncharacterized protein,,0.0,0,-0.0463024769848597,,0,0.179476861167002
FGSG_05118,1,0.6950599928599289,0.6950599928599289,FGSG_10462,14,uncharacterized protein,,0.0,0,-0.0463024769848597,,0,0.179476861167002
FGSG_07981,1,0.6950599928599289,0.6950599928599289,FGSG_10462,14,uncharacterized protein,,0.0,0,-0.0463024769848597,,0,0.179476861167002
FGSG_08027,1,0.6950599928599289,0.6950599928599289,FGSG_10462,14,uncharacterized protein,GO:0005524;GO:0016021;GO:0042626;GO:0055085,0.0,0,-0.0463024769848597,,0,0.179476861167002
FGSG_08278,1,0.6950599928599289,0.6950599928599289,FGSG_10462,14,uncharacterized protein,,0.0,0,-0.0463024769848597,,0,0.179476861167002
FGSG_12015,1,0.7355389040356456,0.7355389040356456,FGSG_09127,8,uncharacterized protein,,0.0,0,-0.0447116450679053,,0,0.179476861167002
FGSG_11817,1,0.7355389040356456,0.7355389040356456,FGSG_09127,8,uncharacterized protein,,0.0,0,-0.0447116450679053,,0,0.179476861167002
FGSG_11751,1,0.7355389040356456,0.7355389040356456,FGSG_09127,8,uncharacterized protein,,0.0,0,-0.0447116450679053,,0,0.179476861167002
FGSG_11714,1,0.7355389040356456,0.7355389040356456,FGSG_09127,8,uncharacterized protein,GO:0003854;GO:0006694;GO:0055114,0.0,0,-0.0447116450679053,,0,0.179476861167002
FGSG_11031,1,0.7355389040356456,0.7355389040356456,FGSG_09127,8,uncharacterized protein,,0.0,0,-0.0447116450679053,,0,0.179476861167002
FGSG_11028,1,0.7355389040356456,0.7355389040356456,FGSG_09127,8,uncharacterized protein,GO:0005524;GO:0016021;GO:0042626;GO:0055085,0.0,0,-0.0447116450679053,,0,0.179476861167002
FGSG_05340,1,0.7355389040356456,0.7355389040356456,FGSG_09127,8,uncharacterized protein,GO:0016021,0.0,0,-0.0447116450679053,,0,0.179476861167002
FGSG_03429,1,0.7355389040356456,0.7355389040356456,FGSG_09127,8,uncharacterized protein,GO:0016021;GO:0055085,0.0,0,-0.0447116450679053,,0,0.179476861167002
FGSG_20796,1,0.7355389040356457,0.7355389040356457,FGSG_09127,8,tRNA-Leu,,0.0,0,-0.0447116450679053,,0,0.179476861167002
FGSG_20789,1,0.7355389040356457,0.7355389040356457,FGSG_09127,8,tRNA-Asn,,0.0,0,-0.0447116450679053,,0,0.179476861167002
FGSG_20662,1,0.7355389040356457,0.7355389040356457,FGSG_09127,8,tRNA-Arg,,0.0,0,-0.0447116450679053,,0,0.179476861167002
FGSG_12959,1,0.7355389040356457,0.7355389040356457,FGSG_09127,8,uncharacterized protein,,0.0,0,-0.0447116450679053,,0,0.179476861167002
FGSG_06457,1,0.7355389040356457,0.7355389040356457,FGSG_09127,8,uncharacterized protein,GO:0003824;GO:0008152,0.0,0,-0.0447116450679053,,0,0.179476861167002
FGSG_20643,1,0.7355389040356458,0.7355389040356458,FGSG_09127,8,tRNA-Val,,0.0,0,-0.0447116450679053,,0,0.179476861167002
FGSG_20579,1,0.7355389040356458,0.7355389040356458,FGSG_09127,8,tRNA-Phe,,0.0,0,-0.0447116450679053,,0,0.179476861167002
FGSG_20519,1,0.7355389040356458,0.7355389040356458,FGSG_09127,8,tRNA-Thr,,0.0,0,-0.0447116450679053,,0,0.179476861167002
FGSG_20028,1,0.7355389040356458,0.7355389040356458,FGSG_09127,8,5S ribosomal RNA,,0.0,0,-0.0447116450679053,,0,0.179476861167002
FGSG_13065,1,0.7450841076429457,0.7450841076429457,FGSG_02447,7,uncharacterized protein,,0.0,0,-0.0050344317795935,,0,0.179476861167002
FGSG_12293,1,0.7450841076429457,0.7450841076429457,FGSG_02447,7,uncharacterized protein,,0.0,0,-0.0050344317795935,,0,0.179476861167002
FGSG_11304,1,0.7994353363187753,0.7994353363187753,FGSG_04848,9,"endo-1,4-beta-xylanase",GO:0005576;GO:0008810;GO:0009405;GO:0030245;GO:0030248;GO:0031176;GO:0045493,0.0,0,-0.0054061511516479,,0,0.179476861167002
FGSG_11450,1,0.7756761452660279,0.7756761452660279,FGSG_14010,6,uncharacterized protein,GO:0004497;GO:0046872;GO:0055114,0.0,0,0.0490080316998113,,0,0.179476861167002
FGSG_10330,1,0.7756761452660279,0.7756761452660279,FGSG_14010,6,uncharacterized protein,GO:0016021;GO:0016491;GO:0055114;GO:0071949,0.0,0,0.0490080316998113,,0,0.179476861167002
FGSG_10710,1,0.7756761452660279,0.7756761452660279,FGSG_14010,6,uncharacterized protein,,0.0,0,0.0490080316998113,,0,0.179476861167002
FGSG_11302,1,0.7756761452660279,0.7756761452660279,FGSG_14010,6,uncharacterized protein,GO:0016021,0.0,0,0.0490080316998113,,0,0.179476861167002
FGSG_11333,1,0.7756761452660279,0.7756761452660279,FGSG_14010,6,uncharacterized protein,,0.0,0,0.0490080316998113,,0,0.179476861167002
FGSG_11340,1,0.7756761452660279,0.7756761452660279,FGSG_14010,6,uncharacterized protein,GO:0016021;GO:0055085,0.0,0,0.0490080316998113,,0,0.179476861167002
FGSG_11351,1,0.7756761452660279,0.7756761452660279,FGSG_14010,6,uncharacterized protein,GO:0016021,0.0,0,0.0490080316998113,,0,0.179476861167002
FGSG_12486,1,0.7756761452660279,0.7756761452660279,FGSG_14010,6,uncharacterized protein,,0.0,0,0.0490080316998113,,0,0.179476861167002
FGSG_07692,1,0.7756761452660279,0.7756761452660279,FGSG_14010,6,glucosamine-6-phosphate isomerase,GO:0004342;GO:0005975;GO:0006044;GO:0016787,0.0,0,0.0490080316998113,,0,0.179476861167002
FGSG_13354,1,0.7756761452660279,0.7756761452660279,FGSG_14010,6,uncharacterized protein,,0.0,0,0.0490080316998113,,0,0.179476861167002
FGSG_13597,1,0.7756761452660279,0.7756761452660279,FGSG_14010,6,uncharacterized protein,GO:0016021,0.0,0,0.0490080316998113,,0,0.179476861167002
FGSG_13721,1,0.7756761452660279,0.7756761452660279,FGSG_14010,6,uncharacterized protein,,0.0,0,0.0490080316998113,,0,0.179476861167002
FGSG_20527,1,0.7756761452660279,0.7756761452660279,FGSG_14010,6,tRNA-Ala,,0.0,0,0.0490080316998113,,0,0.179476861167002
FGSG_20729,1,0.7756761452660279,0.7756761452660279,FGSG_14010,6,tRNA-Gly,,0.0,0,0.0490080316998113,,0,0.179476861167002
FGSG_01302,1,0.7756761452660277,0.7756761452660277,FGSG_14010,6,uncharacterized protein,GO:0016021;GO:0055085,0.0,0,0.0490080316998113,,0,0.179476861167002
FGSG_07797,1,0.7756761452660279,0.7756761452660279,FGSG_14010,6,uncharacterized protein,GO:0016746;GO:0016787,0.0,0,0.0490080316998113,,0,0.179476861167002
FGSG_06431,1,0.7756761452660279,0.7756761452660279,FGSG_14010,6,uncharacterized protein,,0.0,0,0.0490080316998113,,0,0.179476861167002
FGSG_12287,1,0.7450841076429457,0.7450841076429457,FGSG_02447,7,uncharacterized protein,GO:0016021,0.0,0,-0.0050344317795935,,0,0.179476861167002
FGSG_06470,1,0.775676145266028,0.775676145266028,FGSG_14010,6,uncharacterized protein,GO:0016021,0.0,0,0.0490080316998113,,0,0.179476861167002
FGSG_11911,1,0.7994353363187753,0.7994353363187753,FGSG_04848,9,uncharacterized protein,,0.0,0,-0.005740519013843,,0,0.179476861167002
FGSG_05883,1,0.7756761452660282,0.7756761452660282,FGSG_14010,6,uncharacterized protein,GO:0010181;GO:0016491;GO:0055114,0.0,0,0.0605713274170811,,0,0.179476861167002
FGSG_06132,1,0.7756761452660282,0.7756761452660282,FGSG_14010,6,uncharacterized protein,,0.0,0,0.0605713274170811,,0,0.179476861167002
FGSG_10692,1,0.7756761452660282,0.7756761452660282,FGSG_14010,6,uncharacterized protein,GO:0004622;GO:0009395,0.0,0,0.0605713274170811,,0,0.179476861167002
FGSG_20753,1,0.7756761452660282,0.7756761452660282,FGSG_14010,6,tRNA-Glu,,0.0,0,0.0605713274170811,,0,0.179476861167002
FGSG_06461,1,0.775676145266028,0.775676145266028,FGSG_14010,6,uncharacterized protein,GO:0003677;GO:0005634;GO:0006351;GO:0008270;GO:0016021;GO:0055085,0.0,0,0.0490080316998113,,0,0.179476861167002
FGSG_08098,1,0.775676145266028,0.775676145266028,FGSG_14010,6,uncharacterized protein,GO:0016020,0.0,0,0.0490080316998113,,0,0.179476861167002
FGSG_04942,1,0.7756761452660279,0.7756761452660279,FGSG_14010,6,uncharacterized protein,,0.0,0,0.0490080316998113,,0,0.179476861167002
FGSG_12201,1,0.775676145266028,0.775676145266028,FGSG_14010,6,uncharacterized protein,,0.0,0,0.0490080316998113,,0,0.179476861167002
FGSG_12208,1,0.775676145266028,0.775676145266028,FGSG_14010,6,uncharacterized protein,GO:0004568;GO:0005975;GO:0006032;GO:0008061;GO:0016021,0.0,0,0.0490080316998113,,0,0.179476861167002
FGSG_01775,1,0.7756761452660279,0.7756761452660279,FGSG_14010,6,uncharacterized protein,GO:0004672;GO:0005524;GO:0006468;GO:0016020,0.0,0,0.0490080316998113,,0,0.179476861167002
FGSG_01815,1,0.7756761452660279,0.7756761452660279,FGSG_14010,6,uncharacterized protein,GO:0000981;GO:0005634;GO:0006357;GO:0008270,0.0,0,0.0490080316998113,,0,0.179476861167002
FGSG_03421,1,0.7756761452660279,0.7756761452660279,FGSG_14010,6,uncharacterized protein,,0.0,0,0.0490080316998113,,0,0.179476861167002
FGSG_04870,1,0.7756761452660279,0.7756761452660279,FGSG_14010,6,uncharacterized protein,GO:0016021,0.0,0,0.0490080316998113,,0,0.179476861167002
FGSG_02241,1,0.7756761452660277,0.7756761452660277,FGSG_14010,6,uncharacterized protein,,0.0,0,0.0490080316998113,,0,0.179476861167002
FGSG_02303,1,0.7756761452660277,0.7756761452660277,FGSG_14010,6,uncharacterized protein,GO:0008152;GO:0016874,0.0,0,0.0490080316998113,,0,0.179476861167002
FGSG_02382,1,0.7756761452660277,0.7756761452660277,FGSG_14010,6,uncharacterized protein,GO:0016021;GO:0055085,0.0,0,0.0490080316998113,,0,0.179476861167002
FGSG_08073,1,0.7450841076429457,0.7450841076429457,FGSG_02447,7,uncharacterized protein,GO:0016021,0.0,0,-0.0050344317795935,,0,0.179476861167002
FGSG_03047,1,0.7450841076429457,0.7450841076429457,FGSG_02447,7,uncharacterized protein,GO:0016021,0.0,0,-0.0050344317795935,,0,0.179476861167002
FGSG_05115,1,0.7450841076429457,0.7450841076429457,FGSG_02447,7,uncharacterized protein,,0.0,0,-0.0050344317795935,,0,0.179476861167002
FGSG_05866,1,0.7450841076429457,0.7450841076429457,FGSG_02447,7,uncharacterized protein,GO:0004674;GO:0005524;GO:0006468,0.0,0,-0.0050344317795935,,0,0.179476861167002
FGSG_06559,1,0.7450841076429457,0.7450841076429457,FGSG_02447,7,uncharacterized protein,,0.0,0,-0.0050344317795935,,0,0.179476861167002
FGSG_07717,1,0.7450841076429457,0.7450841076429457,FGSG_02447,7,uncharacterized protein,,0.0,0,-0.0050344317795935,,0,0.179476861167002
FGSG_08033,1,0.7450841076429457,0.7450841076429457,FGSG_02447,7,uncharacterized protein,,0.0,0,-0.0050344317795935,,0,0.179476861167002
FGSG_08100,1,0.7450841076429457,0.7450841076429457,FGSG_02447,7,uncharacterized protein,GO:0016021,0.0,0,-0.0050344317795935,,0,0.179476861167002
FGSG_02436,1,0.7756761452660277,0.7756761452660277,FGSG_14010,6,uncharacterized protein,,0.0,0,0.0490080316998113,,0,0.179476861167002
FGSG_09133,1,0.7450841076429457,0.7450841076429457,FGSG_02447,7,uncharacterized protein,,0.0,0,-0.0050344317795935,,0,0.179476861167002
FGSG_10641,1,0.7450841076429457,0.7450841076429457,FGSG_02447,7,uncharacterized protein,GO:0003824;GO:0008152,0.0,0,-0.0050344317795935,,0,0.179476861167002
FGSG_11037,1,0.7450841076429457,0.7450841076429457,FGSG_02447,7,endoglucanase-1 precursor,GO:0000272;GO:0008810,0.0,0,-0.0050344317795935,,0,0.179476861167002
FGSG_11538,1,0.7450841076429457,0.7450841076429457,FGSG_02447,7,uncharacterized protein,GO:0016021,0.0,0,-0.0050344317795935,,0,0.179476861167002
FGSG_11727,1,0.7450841076429457,0.7450841076429457,FGSG_02447,7,uncharacterized protein,GO:0005524,0.0,0,-0.0050344317795935,,0,0.179476861167002
FGSG_12074,1,0.7450841076429457,0.7450841076429457,FGSG_02447,7,uncharacterized protein,,0.0,0,-0.0050344317795935,,0,0.179476861167002
FGSG_02988,1,0.7450841076429457,0.7450841076429457,FGSG_02447,7,uncharacterized protein,,0.0,0,-0.0050344317795935,,0,0.179476861167002
FGSG_02853,1,0.7450841076429457,0.7450841076429457,FGSG_02447,7,uncharacterized protein,GO:0016021,0.0,0,-0.0050344317795935,,0,0.179476861167002
FGSG_02370,1,0.7450841076429457,0.7450841076429457,FGSG_02447,7,uncharacterized protein,GO:0016491;GO:0055114;GO:0071949,0.0,0,-0.0050344317795935,,0,0.179476861167002
FGSG_01074,1,0.7450841076429457,0.7450841076429457,FGSG_02447,7,uncharacterized protein,,0.0,0,-0.0050344317795935,,0,0.179476861167002
FGSG_00344,1,0.7450841076429457,0.7450841076429457,FGSG_02447,7,uncharacterized protein,GO:0016021,0.0,0,-0.0050344317795935,,0,0.179476861167002
FGSG_00216,1,0.7450841076429457,0.7450841076429457,FGSG_02447,7,uncharacterized protein,,0.0,0,-0.0050344317795935,,0,0.179476861167002
FGSG_00208,1,0.7450841076429457,0.7450841076429457,FGSG_02447,7,uncharacterized protein,GO:0004622;GO:0005789;GO:0016042,0.0,0,-0.0050344317795935,,0,0.179476861167002
FGSG_11514,1,0.7450841076429459,0.7450841076429459,FGSG_02447,7,uncharacterized protein,,0.0,0,-0.0050344317795935,,0,0.179476861167002
FGSG_04787,1,0.7450841076429459,0.7450841076429459,FGSG_02447,7,uncharacterized protein,,0.0,0,-0.0050344317795935,,0,0.179476861167002
FGSG_20538,1,0.7756761452660277,0.7756761452660277,FGSG_14010,6,tRNA-Ser,,0.0,0,0.0490080316998113,,0,0.179476861167002
FGSG_13915,1,0.7756761452660277,0.7756761452660277,FGSG_14010,6,uncharacterized protein,,0.0,0,0.0490080316998113,,0,0.179476861167002
FGSG_12526,1,0.7756761452660277,0.7756761452660277,FGSG_14010,6,uncharacterized protein,,0.0,0,0.0490080316998113,,0,0.179476861167002
FGSG_12050,1,0.7756761452660277,0.7756761452660277,FGSG_14010,6,uncharacterized protein,,0.0,0,0.0490080316998113,,0,0.179476861167002
FGSG_11000,1,0.7756761452660277,0.7756761452660277,FGSG_14010,6,uncharacterized protein,,0.0,0,0.0490080316998113,,0,0.179476861167002
FGSG_10930,1,0.7756761452660277,0.7756761452660277,FGSG_14010,6,uncharacterized protein,GO:0016021,0.0,0,0.0490080316998113,,0,0.179476861167002
FGSG_10774,1,0.7756761452660277,0.7756761452660277,FGSG_14010,6,uncharacterized protein,,0.0,0,0.0490080316998113,,0,0.179476861167002
FGSG_03131,1,0.7756761452660277,0.7756761452660277,FGSG_14010,6,uncharacterized protein,GO:0016829,0.0,0,0.0490080316998113,,0,0.179476861167002
FGSG_04879,1,0.4000304848053085,0.4000304848053085,FGSG_03532,2,uncharacterized protein,GO:0003333;GO:0015171;GO:0016021,0.0,0,0.36724710399947,0.242257867031668,0,0.179476861167002
