candidate,n_goi_partners,max_TOM,sum_TOM,goi_partners,module,product,GO,gba_weight,n_deg_goi_partners,own_l2fc,own_padj,own_sig,score
FGSG_07721,52,0.4879225227439048,23.59155864717132,FGSG_00043;FGSG_00044;FGSG_00048;FGSG_00330;FGSG_00743;FGSG_01346;FGSG_01422;FGSG_01947;FGSG_02030;FGSG_02271;FGSG_02272;FGSG_02461;FGSG_02554;FGSG_03061;FGSG_03295;FGSG_03340;FGSG_03546;FGSG_03547;FGSG_03548;FGSG_03894;FGSG_03992;FGSG_04458;FGSG_04490;FGSG_04589;FGSG_04590;FGSG_04591;FGSG_04592;FGSG_04593;FGSG_04595;FGSG_04596;FGSG_04763;FGSG_04852;FGSG_05610;FGSG_05843;FGSG_05926;FGSG_06055;FGSG_06257;FGSG_07075;FGSG_07528;FGSG_08601;FGSG_08712;FGSG_08774;FGSG_09012;FGSG_09280;FGSG_09456;FGSG_09826;FGSG_09834;FGSG_10347;FGSG_10947;FGSG_11658;FGSG_12180;FGSG_12223,1,uncharacterized protein,GO:0004065;GO:0018958,16.114109181877467,35,-6.44104442438795,1.73415613154725e-41,1,0.9984574111334675
FGSG_09697,54,0.5006458524741463,25.121069773849257,FGSG_00043;FGSG_00044;FGSG_00330;FGSG_00743;FGSG_01346;FGSG_01422;FGSG_01947;FGSG_02030;FGSG_02271;FGSG_02272;FGSG_02461;FGSG_02554;FGSG_03061;FGSG_03295;FGSG_03340;FGSG_03546;FGSG_03547;FGSG_03548;FGSG_03894;FGSG_03992;FGSG_04458;FGSG_04490;FGSG_04588;FGSG_04589;FGSG_04590;FGSG_04591;FGSG_04592;FGSG_04593;FGSG_04595;FGSG_04596;FGSG_04763;FGSG_04852;FGSG_05610;FGSG_05843;FGSG_05926;FGSG_06055;FGSG_06257;FGSG_06702;FGSG_07075;FGSG_07528;FGSG_08601;FGSG_08712;FGSG_08774;FGSG_09012;FGSG_09280;FGSG_09456;FGSG_09826;FGSG_09834;FGSG_10347;FGSG_10922;FGSG_10947;FGSG_12180;FGSG_12223;FGSG_13136,1,uncharacterized protein,GO:0016021;GO:0055085,16.50328643934265,35,-5.35421965830576,0.0,1,0.9971160295103958
FGSG_06048,53,0.49278070800971063,24.351571067143055,FGSG_00043;FGSG_00044;FGSG_00048;FGSG_00330;FGSG_00743;FGSG_01346;FGSG_01422;FGSG_01947;FGSG_02030;FGSG_02271;FGSG_02272;FGSG_02461;FGSG_02554;FGSG_03061;FGSG_03295;FGSG_03340;FGSG_03546;FGSG_03547;FGSG_03548;FGSG_03894;FGSG_03992;FGSG_04458;FGSG_04490;FGSG_04589;FGSG_04590;FGSG_04591;FGSG_04592;FGSG_04593;FGSG_04595;FGSG_04596;FGSG_04763;FGSG_04852;FGSG_05610;FGSG_05843;FGSG_05926;FGSG_06055;FGSG_06257;FGSG_06702;FGSG_07075;FGSG_07528;FGSG_08601;FGSG_08712;FGSG_08774;FGSG_09012;FGSG_09280;FGSG_09456;FGSG_09826;FGSG_09834;FGSG_10347;FGSG_10947;FGSG_11658;FGSG_12180;FGSG_12223,1,uncharacterized protein,GO:0015986;GO:0015991;GO:0016021;GO:0045263;GO:0046961,16.33557921183251,35,-4.84932504978029,0.0,1,0.996244131455399
FGSG_06480,44,0.48406985612391745,19.405234780852428,FGSG_00043;FGSG_00044;FGSG_00047;FGSG_00048;FGSG_00330;FGSG_00743;FGSG_01346;FGSG_01422;FGSG_01947;FGSG_02272;FGSG_02461;FGSG_03061;FGSG_03295;FGSG_03340;FGSG_03546;FGSG_03547;FGSG_03548;FGSG_03894;FGSG_03992;FGSG_04458;FGSG_04490;FGSG_04589;FGSG_04590;FGSG_04591;FGSG_04592;FGSG_04595;FGSG_04596;FGSG_04763;FGSG_04852;FGSG_05610;FGSG_05843;FGSG_05926;FGSG_06055;FGSG_06257;FGSG_06702;FGSG_08601;FGSG_08712;FGSG_09012;FGSG_09280;FGSG_09456;FGSG_09826;FGSG_09834;FGSG_10347;FGSG_11658,1,uncharacterized protein,GO:0000257;GO:0006807,14.286114541406649,32,-6.80921383545829,0.0,1,0.9915492957746479
FGSG_01596,42,0.4825217536527184,18.40283201922782,FGSG_00043;FGSG_00044;FGSG_00047;FGSG_00048;FGSG_00330;FGSG_00743;FGSG_01346;FGSG_01422;FGSG_01947;FGSG_02272;FGSG_02461;FGSG_03061;FGSG_03340;FGSG_03546;FGSG_03547;FGSG_03548;FGSG_03894;FGSG_03992;FGSG_04458;FGSG_04490;FGSG_04589;FGSG_04590;FGSG_04591;FGSG_04592;FGSG_04596;FGSG_04763;FGSG_04852;FGSG_05610;FGSG_05926;FGSG_06055;FGSG_06257;FGSG_06702;FGSG_08601;FGSG_08712;FGSG_09012;FGSG_09280;FGSG_09456;FGSG_09826;FGSG_09834;FGSG_10347;FGSG_11658;FGSG_12927,1,uncharacterized protein,GO:0004553;GO:0005975,14.164650975359953,32,-5.35975485472264,6.73165050421246e-109,1,0.9887994634473508
FGSG_02379,43,0.4839291073755309,18.907910102984548,FGSG_00043;FGSG_00044;FGSG_00047;FGSG_00048;FGSG_00330;FGSG_00743;FGSG_01346;FGSG_01422;FGSG_01947;FGSG_02272;FGSG_02461;FGSG_03061;FGSG_03340;FGSG_03546;FGSG_03547;FGSG_03548;FGSG_03894;FGSG_03992;FGSG_04458;FGSG_04490;FGSG_04589;FGSG_04590;FGSG_04591;FGSG_04592;FGSG_04595;FGSG_04596;FGSG_04763;FGSG_04852;FGSG_05610;FGSG_05843;FGSG_05926;FGSG_06055;FGSG_06257;FGSG_06702;FGSG_08601;FGSG_08712;FGSG_09012;FGSG_09280;FGSG_09456;FGSG_09826;FGSG_09834;FGSG_10347;FGSG_11658,1,uncharacterized protein,GO:0016627;GO:0050660;GO:0055114,14.241612338868594,32,-4.82324878701285,5.36042175539749e-246,1,0.9877934272300469
FGSG_03422,52,0.4986504916911885,24.33767930439982,FGSG_00043;FGSG_00330;FGSG_00743;FGSG_01346;FGSG_01422;FGSG_01947;FGSG_02030;FGSG_02271;FGSG_02272;FGSG_02461;FGSG_02554;FGSG_03061;FGSG_03295;FGSG_03340;FGSG_03546;FGSG_03547;FGSG_03548;FGSG_03894;FGSG_03992;FGSG_04458;FGSG_04490;FGSG_04588;FGSG_04589;FGSG_04590;FGSG_04591;FGSG_04592;FGSG_04593;FGSG_04596;FGSG_04763;FGSG_05368;FGSG_05610;FGSG_05843;FGSG_05926;FGSG_06055;FGSG_06257;FGSG_07075;FGSG_07528;FGSG_08601;FGSG_08712;FGSG_08774;FGSG_09012;FGSG_09280;FGSG_09456;FGSG_09826;FGSG_09834;FGSG_10347;FGSG_10922;FGSG_10947;FGSG_12180;FGSG_12222;FGSG_12223;FGSG_13136,1,uncharacterized protein,GO:0016831,15.140656781989314,32,-3.41974533503795,1.39163443003605e-35,1,0.9875251509054326
FGSG_09896,46,0.4752722011903243,20.371342554058778,FGSG_00043;FGSG_00044;FGSG_00330;FGSG_00743;FGSG_01346;FGSG_01422;FGSG_01947;FGSG_02030;FGSG_02272;FGSG_02461;FGSG_02554;FGSG_03061;FGSG_03340;FGSG_03546;FGSG_03547;FGSG_03548;FGSG_03894;FGSG_03992;FGSG_04458;FGSG_04490;FGSG_04589;FGSG_04590;FGSG_04591;FGSG_04592;FGSG_04593;FGSG_04596;FGSG_04763;FGSG_04852;FGSG_05610;FGSG_05926;FGSG_06055;FGSG_06257;FGSG_08601;FGSG_08712;FGSG_08774;FGSG_09012;FGSG_09280;FGSG_09456;FGSG_09826;FGSG_09834;FGSG_10347;FGSG_10922;FGSG_10947;FGSG_11658;FGSG_12180;FGSG_12223,1,isocitrate lyase,GO:0004451;GO:0006097;GO:0006099;GO:0009514;GO:0046421;GO:0046872,14.717643013966155,33,-3.58570006309215,1.14163289037115e-277,1,0.9867203219315895
FGSG_11112,53,0.5004425183568165,24.632602538286708,FGSG_00330;FGSG_00743;FGSG_01346;FGSG_01422;FGSG_01947;FGSG_02030;FGSG_02271;FGSG_02272;FGSG_02461;FGSG_02554;FGSG_03061;FGSG_03295;FGSG_03340;FGSG_03546;FGSG_03547;FGSG_03548;FGSG_03894;FGSG_03992;FGSG_04458;FGSG_04490;FGSG_04588;FGSG_04589;FGSG_04590;FGSG_04591;FGSG_04592;FGSG_04593;FGSG_04595;FGSG_04596;FGSG_04763;FGSG_05368;FGSG_05610;FGSG_05843;FGSG_05926;FGSG_06055;FGSG_06257;FGSG_06702;FGSG_07075;FGSG_07528;FGSG_08601;FGSG_08712;FGSG_08774;FGSG_09012;FGSG_09280;FGSG_09456;FGSG_09826;FGSG_09834;FGSG_10347;FGSG_10947;FGSG_11206;FGSG_12180;FGSG_12222;FGSG_12223;FGSG_13136,1,uncharacterized protein,,14.5740664228093,31,-3.46483259793362,4.8694396571536105e-161,1,0.9850435949027498
FGSG_10126,43,0.47072439995139176,18.603886167835793,FGSG_00043;FGSG_00044;FGSG_00330;FGSG_00743;FGSG_01346;FGSG_01422;FGSG_01947;FGSG_02272;FGSG_02461;FGSG_02554;FGSG_03061;FGSG_03340;FGSG_03546;FGSG_03547;FGSG_03548;FGSG_03894;FGSG_03992;FGSG_04458;FGSG_04490;FGSG_04589;FGSG_04590;FGSG_04591;FGSG_04592;FGSG_04593;FGSG_04596;FGSG_04763;FGSG_04852;FGSG_05610;FGSG_05926;FGSG_06055;FGSG_06257;FGSG_08601;FGSG_08712;FGSG_09012;FGSG_09280;FGSG_09456;FGSG_09826;FGSG_09834;FGSG_10347;FGSG_10947;FGSG_11658;FGSG_12180;FGSG_12223,1,uncharacterized protein,GO:0003824;GO:0008152,13.908632852949918,32,-4.08030094823307,2.9587519204796403e-21,1,0.9849094567404426
FGSG_03005,52,0.4951646941890259,23.890040664913247,FGSG_00043;FGSG_00330;FGSG_00743;FGSG_01346;FGSG_01422;FGSG_01947;FGSG_02030;FGSG_02271;FGSG_02272;FGSG_02461;FGSG_02554;FGSG_03061;FGSG_03295;FGSG_03340;FGSG_03546;FGSG_03547;FGSG_03548;FGSG_03894;FGSG_03992;FGSG_04458;FGSG_04490;FGSG_04588;FGSG_04589;FGSG_04590;FGSG_04591;FGSG_04592;FGSG_04593;FGSG_04596;FGSG_04763;FGSG_05368;FGSG_05610;FGSG_05843;FGSG_05926;FGSG_06055;FGSG_06257;FGSG_07075;FGSG_07528;FGSG_08601;FGSG_08712;FGSG_08774;FGSG_09012;FGSG_09280;FGSG_09456;FGSG_09826;FGSG_09834;FGSG_10347;FGSG_10922;FGSG_10947;FGSG_12180;FGSG_12222;FGSG_12223;FGSG_13136,1,uncharacterized protein,GO:0016021,14.869013053413028,32,-3.19225830730861,1.11769018994562e-13,1,0.9848423876592891
FGSG_03494,56,0.5053725776999882,26.273338997842902,FGSG_00043;FGSG_00044;FGSG_00330;FGSG_00743;FGSG_01346;FGSG_01422;FGSG_01947;FGSG_02030;FGSG_02271;FGSG_02272;FGSG_02461;FGSG_02554;FGSG_03061;FGSG_03295;FGSG_03340;FGSG_03546;FGSG_03547;FGSG_03548;FGSG_03894;FGSG_03992;FGSG_04458;FGSG_04490;FGSG_04588;FGSG_04589;FGSG_04590;FGSG_04591;FGSG_04592;FGSG_04593;FGSG_04595;FGSG_04596;FGSG_04763;FGSG_04852;FGSG_05368;FGSG_05610;FGSG_05843;FGSG_05926;FGSG_06055;FGSG_06257;FGSG_06702;FGSG_07075;FGSG_07528;FGSG_08601;FGSG_08712;FGSG_08774;FGSG_09012;FGSG_09280;FGSG_09456;FGSG_09826;FGSG_09834;FGSG_10347;FGSG_10922;FGSG_10947;FGSG_12180;FGSG_12222;FGSG_12223;FGSG_13136,1,uncharacterized protein,,16.580802454055046,35,-2.84984756478482,4.27868966910636e-53,1,0.9844399731723675
FGSG_11565,41,0.47779513263958334,17.84501116508295,FGSG_00043;FGSG_00044;FGSG_00047;FGSG_00048;FGSG_00330;FGSG_00743;FGSG_01346;FGSG_01422;FGSG_01947;FGSG_02272;FGSG_02461;FGSG_03061;FGSG_03340;FGSG_03546;FGSG_03547;FGSG_03548;FGSG_03894;FGSG_03992;FGSG_04458;FGSG_04490;FGSG_04589;FGSG_04590;FGSG_04591;FGSG_04592;FGSG_04596;FGSG_04763;FGSG_04852;FGSG_05610;FGSG_05926;FGSG_06055;FGSG_06257;FGSG_08601;FGSG_08712;FGSG_09012;FGSG_09280;FGSG_09456;FGSG_09826;FGSG_09834;FGSG_10347;FGSG_10947;FGSG_11658,1,uncharacterized protein,GO:0004497;GO:0016705;GO:0055114,13.609924531466634,31,-4.14306027668149,1.5662792694608e-25,1,0.9841716968477532
FGSG_12851,51,0.48672771172564105,23.127268559630455,FGSG_00043;FGSG_00330;FGSG_00743;FGSG_01346;FGSG_01422;FGSG_01947;FGSG_02030;FGSG_02271;FGSG_02272;FGSG_02461;FGSG_02554;FGSG_03061;FGSG_03295;FGSG_03340;FGSG_03546;FGSG_03547;FGSG_03548;FGSG_03894;FGSG_03992;FGSG_04458;FGSG_04490;FGSG_04589;FGSG_04590;FGSG_04591;FGSG_04592;FGSG_04593;FGSG_04595;FGSG_04596;FGSG_04763;FGSG_04852;FGSG_05610;FGSG_05843;FGSG_05926;FGSG_06055;FGSG_06257;FGSG_06702;FGSG_07075;FGSG_07528;FGSG_08601;FGSG_08712;FGSG_08774;FGSG_09012;FGSG_09280;FGSG_09456;FGSG_09826;FGSG_09834;FGSG_10347;FGSG_10947;FGSG_12180;FGSG_12223;FGSG_13136,1,allantoicase,GO:0000256;GO:0004037,15.062469837458956,33,-3.00297145055699,1.70074301604776e-60,1,0.9824949698189136
FGSG_03970,56,0.5020912668499565,25.91618142566074,FGSG_00175;FGSG_00330;FGSG_00743;FGSG_00765;FGSG_01346;FGSG_01422;FGSG_01947;FGSG_02030;FGSG_02271;FGSG_02272;FGSG_02461;FGSG_02782;FGSG_03061;FGSG_03295;FGSG_03340;FGSG_03546;FGSG_03547;FGSG_03548;FGSG_03894;FGSG_03992;FGSG_04458;FGSG_04490;FGSG_04588;FGSG_04589;FGSG_04590;FGSG_04591;FGSG_04592;FGSG_04593;FGSG_04595;FGSG_04596;FGSG_04763;FGSG_05368;FGSG_05610;FGSG_05843;FGSG_05926;FGSG_06055;FGSG_06257;FGSG_06506;FGSG_06702;FGSG_07075;FGSG_07528;FGSG_08601;FGSG_08712;FGSG_08774;FGSG_09012;FGSG_09280;FGSG_09456;FGSG_09826;FGSG_09834;FGSG_10347;FGSG_10947;FGSG_11206;FGSG_12180;FGSG_12222;FGSG_12223;FGSG_13136,1,uncharacterized protein,,14.428054705023333,31,-3.12600311598423,3.8608206845481396e-42,1,0.9818913480885312
FGSG_04708,53,0.4992052715194907,24.697909868985462,FGSG_00043;FGSG_00330;FGSG_00743;FGSG_01346;FGSG_01422;FGSG_01947;FGSG_02030;FGSG_02271;FGSG_02272;FGSG_02461;FGSG_02554;FGSG_03061;FGSG_03295;FGSG_03340;FGSG_03546;FGSG_03547;FGSG_03548;FGSG_03894;FGSG_03992;FGSG_04458;FGSG_04490;FGSG_04588;FGSG_04589;FGSG_04590;FGSG_04591;FGSG_04592;FGSG_04593;FGSG_04595;FGSG_04596;FGSG_04763;FGSG_04852;FGSG_05610;FGSG_05843;FGSG_05926;FGSG_06055;FGSG_06257;FGSG_06702;FGSG_07075;FGSG_07528;FGSG_08601;FGSG_08712;FGSG_08774;FGSG_09012;FGSG_09280;FGSG_09456;FGSG_09826;FGSG_09834;FGSG_10347;FGSG_10947;FGSG_12180;FGSG_12222;FGSG_12223;FGSG_13136,1,uncharacterized protein,GO:0008483;GO:0030170,15.537456141572969,33,-2.82419802401118,5.61887139707457e-96,1,0.9818913480885312
FGSG_09103,44,0.4784343255460696,19.336593962808163,FGSG_00043;FGSG_00044;FGSG_00330;FGSG_00743;FGSG_01346;FGSG_01422;FGSG_01947;FGSG_02272;FGSG_02461;FGSG_03061;FGSG_03295;FGSG_03546;FGSG_03547;FGSG_03548;FGSG_03894;FGSG_03992;FGSG_04458;FGSG_04490;FGSG_04589;FGSG_04590;FGSG_04591;FGSG_04592;FGSG_04593;FGSG_04595;FGSG_04596;FGSG_04763;FGSG_04852;FGSG_05610;FGSG_05843;FGSG_05926;FGSG_06055;FGSG_06257;FGSG_06702;FGSG_07075;FGSG_07528;FGSG_08601;FGSG_08712;FGSG_09012;FGSG_09280;FGSG_09456;FGSG_09826;FGSG_09834;FGSG_10347;FGSG_10947,1,uncharacterized protein,GO:0005506;GO:0016491;GO:0055114,13.284963771629975,30,-3.64772458786264,6.523456777550219e-30,1,0.9803487592219987
FGSG_00321,52,0.48397219385146506,23.478286487075856,FGSG_00043;FGSG_00044;FGSG_00048;FGSG_00330;FGSG_00743;FGSG_01346;FGSG_01422;FGSG_01947;FGSG_02030;FGSG_02271;FGSG_02272;FGSG_02461;FGSG_02554;FGSG_03061;FGSG_03295;FGSG_03340;FGSG_03546;FGSG_03547;FGSG_03548;FGSG_03894;FGSG_03992;FGSG_04458;FGSG_04490;FGSG_04589;FGSG_04590;FGSG_04591;FGSG_04592;FGSG_04593;FGSG_04595;FGSG_04596;FGSG_04763;FGSG_04852;FGSG_05610;FGSG_05843;FGSG_05926;FGSG_06055;FGSG_06257;FGSG_07075;FGSG_07528;FGSG_08601;FGSG_08712;FGSG_08774;FGSG_09012;FGSG_09280;FGSG_09456;FGSG_09826;FGSG_09834;FGSG_10347;FGSG_10947;FGSG_11658;FGSG_12180;FGSG_12223,1,uncharacterized protein,,16.015880191763394,35,-2.6815663817897,1.52044561661003e-155,1,0.9800804828973844
FGSG_09570,47,0.4764188101617438,20.801451453211865,FGSG_00043;FGSG_00044;FGSG_00048;FGSG_00330;FGSG_00743;FGSG_01346;FGSG_01422;FGSG_01947;FGSG_02030;FGSG_02272;FGSG_02461;FGSG_02554;FGSG_03061;FGSG_03295;FGSG_03340;FGSG_03546;FGSG_03547;FGSG_03548;FGSG_03894;FGSG_03992;FGSG_04458;FGSG_04490;FGSG_04589;FGSG_04590;FGSG_04591;FGSG_04592;FGSG_04593;FGSG_04596;FGSG_04763;FGSG_04852;FGSG_05610;FGSG_05843;FGSG_05926;FGSG_06055;FGSG_06257;FGSG_08601;FGSG_08712;FGSG_09012;FGSG_09280;FGSG_09456;FGSG_09826;FGSG_09834;FGSG_10347;FGSG_10947;FGSG_11658;FGSG_12180;FGSG_12223,1,uncharacterized protein,,14.797109367561559,33,-2.77019786374422,7.96383996122332e-90,1,0.9775318578135479
FGSG_00712,46,0.4850356224145214,20.420314324788034,FGSG_00043;FGSG_00044;FGSG_00047;FGSG_00048;FGSG_00330;FGSG_00743;FGSG_01346;FGSG_01422;FGSG_01947;FGSG_02272;FGSG_02461;FGSG_03061;FGSG_03295;FGSG_03340;FGSG_03546;FGSG_03547;FGSG_03548;FGSG_03894;FGSG_03992;FGSG_04458;FGSG_04490;FGSG_04589;FGSG_04590;FGSG_04591;FGSG_04592;FGSG_04593;FGSG_04595;FGSG_04596;FGSG_04763;FGSG_04852;FGSG_05610;FGSG_05843;FGSG_05926;FGSG_06055;FGSG_06257;FGSG_06702;FGSG_08601;FGSG_08712;FGSG_09012;FGSG_09280;FGSG_09456;FGSG_09826;FGSG_09834;FGSG_10347;FGSG_10947;FGSG_11658,1,uncharacterized protein,GO:0004499;GO:0050660;GO:0050661;GO:0055114,14.85105365432546,33,-2.65648139226158,5.3198303504173204e-157,1,0.976056338028169
FGSG_07130,55,0.5000308623733534,25.55654177609423,FGSG_00043;FGSG_00330;FGSG_00743;FGSG_01346;FGSG_01422;FGSG_01947;FGSG_02030;FGSG_02271;FGSG_02272;FGSG_02461;FGSG_02554;FGSG_03061;FGSG_03295;FGSG_03340;FGSG_03546;FGSG_03547;FGSG_03548;FGSG_03894;FGSG_03992;FGSG_04458;FGSG_04490;FGSG_04588;FGSG_04589;FGSG_04590;FGSG_04591;FGSG_04592;FGSG_04593;FGSG_04595;FGSG_04596;FGSG_04763;FGSG_04852;FGSG_05368;FGSG_05610;FGSG_05843;FGSG_05926;FGSG_06055;FGSG_06257;FGSG_07075;FGSG_07528;FGSG_08601;FGSG_08712;FGSG_08774;FGSG_09012;FGSG_09280;FGSG_09456;FGSG_09826;FGSG_09834;FGSG_10347;FGSG_10922;FGSG_10947;FGSG_11206;FGSG_12180;FGSG_12222;FGSG_12223;FGSG_13136,1,uncharacterized protein,,16.022892129088742,34,-2.3836111254299,1.2602298736092698e-177,1,0.9758551307847082
FGSG_06482,30,0.4804845209737889,13.01860443308279,FGSG_00043;FGSG_00044;FGSG_00047;FGSG_00048;FGSG_00330;FGSG_01346;FGSG_01422;FGSG_01947;FGSG_02272;FGSG_03061;FGSG_03546;FGSG_03547;FGSG_03548;FGSG_03992;FGSG_04458;FGSG_04490;FGSG_04589;FGSG_04590;FGSG_04591;FGSG_04596;FGSG_04852;FGSG_05610;FGSG_05926;FGSG_08601;FGSG_08712;FGSG_09280;FGSG_09456;FGSG_09834;FGSG_10347;FGSG_11658,1,uncharacterized protein,,10.928858417320916,25,-10.7638416398644,1.00186435414053e-59,1,0.9738430583501005
FGSG_05401,50,0.49188618977654924,22.639763671951073,FGSG_00043;FGSG_00175;FGSG_00330;FGSG_00500;FGSG_00743;FGSG_01346;FGSG_01422;FGSG_01947;FGSG_02030;FGSG_02271;FGSG_02272;FGSG_02461;FGSG_03061;FGSG_03295;FGSG_03546;FGSG_03547;FGSG_03548;FGSG_03894;FGSG_03992;FGSG_04458;FGSG_04490;FGSG_04589;FGSG_04590;FGSG_04591;FGSG_04592;FGSG_04593;FGSG_04595;FGSG_04596;FGSG_04763;FGSG_05610;FGSG_05843;FGSG_05926;FGSG_06055;FGSG_06257;FGSG_06702;FGSG_07075;FGSG_07528;FGSG_08601;FGSG_08712;FGSG_08774;FGSG_09012;FGSG_09280;FGSG_09456;FGSG_09826;FGSG_09834;FGSG_10347;FGSG_10947;FGSG_12180;FGSG_12223;FGSG_13136,1,uncharacterized protein,,14.055373404558292,31,-2.68376375501282,3.18673314810459e-84,1,0.9725016767270289
FGSG_02824,48,0.4977125591080108,21.32526300301679,FGSG_00330;FGSG_00743;FGSG_00765;FGSG_01422;FGSG_02030;FGSG_02271;FGSG_02272;FGSG_02461;FGSG_02554;FGSG_02972;FGSG_03061;FGSG_03340;FGSG_03546;FGSG_03547;FGSG_03548;FGSG_03747;FGSG_03894;FGSG_03992;FGSG_04458;FGSG_04490;FGSG_04588;FGSG_04589;FGSG_04590;FGSG_04591;FGSG_04592;FGSG_04593;FGSG_04596;FGSG_05368;FGSG_05610;FGSG_06055;FGSG_07075;FGSG_08493;FGSG_08601;FGSG_08712;FGSG_08774;FGSG_09012;FGSG_09280;FGSG_09456;FGSG_09826;FGSG_09834;FGSG_10347;FGSG_10444;FGSG_10922;FGSG_10947;FGSG_12180;FGSG_12222;FGSG_12223;FGSG_13136,1,uncharacterized protein,GO:0004622;GO:0009395;GO:0016021;GO:0055085,12.588008970748293,28,-3.2540706274354,6.734066105601591e-67,1,0.9723675385647216
FGSG_10618,51,0.4894309056273302,23.586803107735935,FGSG_00043;FGSG_00330;FGSG_00743;FGSG_01346;FGSG_01422;FGSG_01947;FGSG_02030;FGSG_02271;FGSG_02272;FGSG_02461;FGSG_02554;FGSG_03061;FGSG_03295;FGSG_03340;FGSG_03546;FGSG_03547;FGSG_03548;FGSG_03894;FGSG_03992;FGSG_04458;FGSG_04490;FGSG_04588;FGSG_04589;FGSG_04590;FGSG_04591;FGSG_04592;FGSG_04593;FGSG_04595;FGSG_04596;FGSG_04763;FGSG_05610;FGSG_05843;FGSG_05926;FGSG_06055;FGSG_06257;FGSG_06702;FGSG_07075;FGSG_07528;FGSG_08601;FGSG_08712;FGSG_08774;FGSG_09012;FGSG_09280;FGSG_09456;FGSG_09826;FGSG_09834;FGSG_10347;FGSG_10947;FGSG_12180;FGSG_12223;FGSG_13136,1,uncharacterized protein,GO:0016021,14.909197081822988,32,-2.35531572327215,1.55135167449271e-06,1,0.9719651240778002
FGSG_02291,51,0.4941405134384616,23.034741381299412,FGSG_00175;FGSG_00330;FGSG_00500;FGSG_00743;FGSG_01346;FGSG_01422;FGSG_01947;FGSG_02030;FGSG_02271;FGSG_02272;FGSG_02461;FGSG_02782;FGSG_03061;FGSG_03295;FGSG_03546;FGSG_03547;FGSG_03548;FGSG_03894;FGSG_03992;FGSG_04458;FGSG_04490;FGSG_04588;FGSG_04589;FGSG_04590;FGSG_04591;FGSG_04592;FGSG_04593;FGSG_04595;FGSG_04596;FGSG_04763;FGSG_05610;FGSG_05843;FGSG_05926;FGSG_06055;FGSG_06257;FGSG_06702;FGSG_07075;FGSG_07528;FGSG_08601;FGSG_08712;FGSG_08774;FGSG_09012;FGSG_09280;FGSG_09456;FGSG_09826;FGSG_09834;FGSG_10347;FGSG_10947;FGSG_12180;FGSG_12223;FGSG_13136,1,uncharacterized protein,GO:0008270;GO:0016491;GO:0055114,13.583126747746308,30,-2.72999195516955,1.0678154765667e-66,1,0.97102615694165
FGSG_02978,54,0.4944578067964548,24.682008942871633,FGSG_00043;FGSG_00175;FGSG_00330;FGSG_00500;FGSG_00743;FGSG_01346;FGSG_01422;FGSG_01947;FGSG_02030;FGSG_02271;FGSG_02272;FGSG_02461;FGSG_03061;FGSG_03295;FGSG_03340;FGSG_03546;FGSG_03547;FGSG_03548;FGSG_03558;FGSG_03894;FGSG_03992;FGSG_04458;FGSG_04490;FGSG_04588;FGSG_04589;FGSG_04590;FGSG_04591;FGSG_04592;FGSG_04593;FGSG_04595;FGSG_04596;FGSG_04763;FGSG_05610;FGSG_05843;FGSG_05926;FGSG_06055;FGSG_06257;FGSG_06444;FGSG_06702;FGSG_07075;FGSG_07528;FGSG_08601;FGSG_08712;FGSG_08774;FGSG_09012;FGSG_09280;FGSG_09456;FGSG_09826;FGSG_09834;FGSG_10347;FGSG_10947;FGSG_12180;FGSG_12223;FGSG_13136,1,uncharacterized protein,GO:0016021;GO:0022891;GO:0055085,15.195012253530969,33,-2.25376419848157,1.69019458139181e-260,1,0.9708249496981891
FGSG_07660,55,0.5028936903533245,25.470373246126115,FGSG_00330;FGSG_00743;FGSG_00765;FGSG_01346;FGSG_01422;FGSG_01947;FGSG_02030;FGSG_02271;FGSG_02272;FGSG_02461;FGSG_02554;FGSG_02782;FGSG_03061;FGSG_03295;FGSG_03340;FGSG_03546;FGSG_03547;FGSG_03548;FGSG_03894;FGSG_03992;FGSG_04458;FGSG_04490;FGSG_04588;FGSG_04589;FGSG_04590;FGSG_04591;FGSG_04592;FGSG_04593;FGSG_04595;FGSG_04596;FGSG_04763;FGSG_05368;FGSG_05610;FGSG_05843;FGSG_05926;FGSG_06055;FGSG_06257;FGSG_07075;FGSG_07528;FGSG_08601;FGSG_08712;FGSG_08774;FGSG_09012;FGSG_09280;FGSG_09456;FGSG_09826;FGSG_09834;FGSG_10347;FGSG_10922;FGSG_10947;FGSG_11206;FGSG_12180;FGSG_12222;FGSG_12223;FGSG_13136,1,uncharacterized protein,GO:0008168;GO:0032259,14.845381947061924,32,-2.33604199570285,6.37270759288895e-14,1,0.9707578806170356
FGSG_07722,36,0.47750461471904226,15.408471621606697,FGSG_00330;FGSG_00743;FGSG_01422;FGSG_02272;FGSG_02461;FGSG_02554;FGSG_03061;FGSG_03340;FGSG_03546;FGSG_03547;FGSG_03548;FGSG_03894;FGSG_03992;FGSG_04458;FGSG_04490;FGSG_04589;FGSG_04590;FGSG_04591;FGSG_04592;FGSG_04593;FGSG_04596;FGSG_05610;FGSG_05926;FGSG_06055;FGSG_08601;FGSG_08712;FGSG_08774;FGSG_09012;FGSG_09280;FGSG_09456;FGSG_09826;FGSG_09834;FGSG_10347;FGSG_10947;FGSG_12180;FGSG_12223,1,uncharacterized protein,GO:0006820;GO:0016021;GO:0022857;GO:0055085,10.73105561100384,25,-5.66445170955938,2.77962511418956e-06,1,0.9707578806170355
FGSG_07129,45,0.4757182073232348,19.812578898816753,FGSG_00043;FGSG_00044;FGSG_00048;FGSG_00330;FGSG_00743;FGSG_01346;FGSG_01422;FGSG_01947;FGSG_02030;FGSG_02272;FGSG_02461;FGSG_02554;FGSG_03061;FGSG_03340;FGSG_03546;FGSG_03547;FGSG_03548;FGSG_03894;FGSG_03992;FGSG_04458;FGSG_04490;FGSG_04589;FGSG_04590;FGSG_04591;FGSG_04592;FGSG_04593;FGSG_04596;FGSG_04763;FGSG_04852;FGSG_05610;FGSG_05926;FGSG_06055;FGSG_06257;FGSG_08601;FGSG_08712;FGSG_09012;FGSG_09280;FGSG_09456;FGSG_09826;FGSG_09834;FGSG_10347;FGSG_10947;FGSG_11658;FGSG_12180;FGSG_12223,1,uncharacterized protein,GO:0000324;GO:0005768;GO:0015184;GO:0015811;GO:0016021,14.621597143442752,33,-2.35860645078331,5.3839136707329005e-74,1,0.9702213279678069
FGSG_00663,54,0.49693154178221405,24.848103470187546,FGSG_00043;FGSG_00330;FGSG_00743;FGSG_01346;FGSG_01422;FGSG_01947;FGSG_02030;FGSG_02271;FGSG_02272;FGSG_02461;FGSG_02554;FGSG_02972;FGSG_03061;FGSG_03295;FGSG_03340;FGSG_03546;FGSG_03547;FGSG_03548;FGSG_03894;FGSG_03992;FGSG_04458;FGSG_04490;FGSG_04588;FGSG_04589;FGSG_04590;FGSG_04591;FGSG_04592;FGSG_04593;FGSG_04596;FGSG_04763;FGSG_04852;FGSG_05368;FGSG_05610;FGSG_05843;FGSG_05926;FGSG_06055;FGSG_06257;FGSG_07075;FGSG_07528;FGSG_08601;FGSG_08712;FGSG_08774;FGSG_09012;FGSG_09280;FGSG_09456;FGSG_09826;FGSG_09834;FGSG_10347;FGSG_10922;FGSG_10947;FGSG_12180;FGSG_12222;FGSG_12223;FGSG_13136,1,uncharacterized protein,GO:0016021,15.474306474715771,33,-2.15228487208382,6.95438546149359e-131,1,0.9694164989939638
FGSG_02823,42,0.49870000638575684,18.15858477717843,FGSG_00330;FGSG_00743;FGSG_00765;FGSG_01422;FGSG_02030;FGSG_02272;FGSG_02461;FGSG_02554;FGSG_02972;FGSG_03061;FGSG_03340;FGSG_03546;FGSG_03547;FGSG_03548;FGSG_03747;FGSG_03894;FGSG_03992;FGSG_04458;FGSG_04490;FGSG_04588;FGSG_04589;FGSG_04590;FGSG_04591;FGSG_04592;FGSG_04593;FGSG_04596;FGSG_05368;FGSG_05610;FGSG_06055;FGSG_08493;FGSG_08601;FGSG_08712;FGSG_08774;FGSG_09012;FGSG_09456;FGSG_09826;FGSG_09834;FGSG_10347;FGSG_10922;FGSG_10947;FGSG_12180;FGSG_12223,1,uncharacterized protein,GO:0004622;GO:0009395;GO:0016021;GO:0055085,10.845580466835122,25,-4.75284635854286,7.98727295300805e-14,1,0.9691482226693493
FGSG_04086,40,0.48142455830952385,17.622563051880366,FGSG_00043;FGSG_00330;FGSG_00743;FGSG_01346;FGSG_01422;FGSG_01947;FGSG_02272;FGSG_02461;FGSG_03061;FGSG_03295;FGSG_03340;FGSG_03546;FGSG_03547;FGSG_03548;FGSG_03894;FGSG_03992;FGSG_04458;FGSG_04490;FGSG_04589;FGSG_04590;FGSG_04591;FGSG_04592;FGSG_04593;FGSG_04595;FGSG_04596;FGSG_04763;FGSG_05610;FGSG_05926;FGSG_06055;FGSG_06257;FGSG_07075;FGSG_08601;FGSG_08712;FGSG_09012;FGSG_09280;FGSG_09456;FGSG_09826;FGSG_09834;FGSG_10347;FGSG_10947,1,uncharacterized protein,,12.828742444539708,29,-2.90424459220005,7.96339464074998e-12,1,0.9688128772635816
FGSG_02281,49,0.5003656970438197,22.712239993724545,FGSG_00330;FGSG_00743;FGSG_00765;FGSG_01422;FGSG_02030;FGSG_02271;FGSG_02272;FGSG_02461;FGSG_02782;FGSG_03061;FGSG_03295;FGSG_03546;FGSG_03547;FGSG_03548;FGSG_03894;FGSG_03992;FGSG_04458;FGSG_04490;FGSG_04588;FGSG_04589;FGSG_04590;FGSG_04591;FGSG_04592;FGSG_04593;FGSG_04596;FGSG_04763;FGSG_05368;FGSG_05610;FGSG_05843;FGSG_06055;FGSG_06257;FGSG_07075;FGSG_07528;FGSG_08601;FGSG_08712;FGSG_08774;FGSG_09012;FGSG_09280;FGSG_09456;FGSG_09826;FGSG_09834;FGSG_10347;FGSG_10922;FGSG_10947;FGSG_11206;FGSG_12180;FGSG_12222;FGSG_12223;FGSG_13136,1,uncharacterized protein,GO:0016021;GO:0055085,12.464701129037776,27,-3.02873876550891,3.35864672135079e-128,1,0.9676727028839704
FGSG_11566,30,0.4761375547659451,12.9459058181212,FGSG_00043;FGSG_00330;FGSG_00743;FGSG_01346;FGSG_01422;FGSG_01947;FGSG_02272;FGSG_02461;FGSG_03061;FGSG_03340;FGSG_03546;FGSG_03547;FGSG_03548;FGSG_03894;FGSG_03992;FGSG_04458;FGSG_04490;FGSG_04589;FGSG_04590;FGSG_04591;FGSG_04596;FGSG_05610;FGSG_05926;FGSG_08601;FGSG_08712;FGSG_09012;FGSG_09280;FGSG_09456;FGSG_09834;FGSG_10347,1,uncharacterized protein,GO:0008270;GO:0016491;GO:0055114,9.969428118372377,23,-5.01865922125596,1.09724468662715e-14,1,0.9663313212608987
FGSG_11757,52,0.5072631565634188,24.238185837579117,FGSG_00330;FGSG_00743;FGSG_00765;FGSG_01422;FGSG_02030;FGSG_02271;FGSG_02272;FGSG_02461;FGSG_02782;FGSG_03061;FGSG_03295;FGSG_03340;FGSG_03546;FGSG_03547;FGSG_03548;FGSG_03894;FGSG_03992;FGSG_04309;FGSG_04458;FGSG_04490;FGSG_04588;FGSG_04589;FGSG_04590;FGSG_04591;FGSG_04592;FGSG_04593;FGSG_04596;FGSG_04763;FGSG_05368;FGSG_05610;FGSG_05843;FGSG_06055;FGSG_06257;FGSG_06506;FGSG_07075;FGSG_07528;FGSG_08601;FGSG_08712;FGSG_08774;FGSG_09012;FGSG_09280;FGSG_09456;FGSG_09826;FGSG_09834;FGSG_10347;FGSG_10922;FGSG_10947;FGSG_11206;FGSG_12180;FGSG_12222;FGSG_12223;FGSG_13136,1,uncharacterized protein,,13.008305625781038,28,-2.5935106483459,2.5482750628278202e-98,1,0.9651911468812877
FGSG_03984,50,0.49988454611874594,22.648083876593397,FGSG_00175;FGSG_00330;FGSG_00500;FGSG_00743;FGSG_01422;FGSG_01947;FGSG_02030;FGSG_02271;FGSG_02272;FGSG_02461;FGSG_02782;FGSG_03061;FGSG_03295;FGSG_03546;FGSG_03547;FGSG_03548;FGSG_03894;FGSG_03992;FGSG_04458;FGSG_04490;FGSG_04588;FGSG_04589;FGSG_04590;FGSG_04591;FGSG_04592;FGSG_04593;FGSG_04595;FGSG_04596;FGSG_04763;FGSG_05610;FGSG_05843;FGSG_06055;FGSG_06257;FGSG_06702;FGSG_07075;FGSG_07528;FGSG_08601;FGSG_08712;FGSG_08774;FGSG_09012;FGSG_09280;FGSG_09456;FGSG_09826;FGSG_09834;FGSG_10347;FGSG_10947;FGSG_11206;FGSG_12180;FGSG_12223;FGSG_13136,1,uncharacterized protein,GO:0004497;GO:0010181;GO:0055114,12.75844162735413,28,-2.60564920467901,1.63021274410477e-138,1,0.9640509725016767
FGSG_09373,52,0.4987977650654687,23.941672288526338,FGSG_00175;FGSG_00330;FGSG_00500;FGSG_00743;FGSG_01346;FGSG_01422;FGSG_01947;FGSG_02030;FGSG_02271;FGSG_02272;FGSG_02461;FGSG_02782;FGSG_03061;FGSG_03295;FGSG_03546;FGSG_03547;FGSG_03548;FGSG_03894;FGSG_03992;FGSG_04458;FGSG_04490;FGSG_04588;FGSG_04589;FGSG_04590;FGSG_04591;FGSG_04592;FGSG_04593;FGSG_04595;FGSG_04596;FGSG_04763;FGSG_05368;FGSG_05610;FGSG_05843;FGSG_06055;FGSG_06257;FGSG_06702;FGSG_07075;FGSG_07528;FGSG_08601;FGSG_08712;FGSG_08774;FGSG_09012;FGSG_09280;FGSG_09456;FGSG_09826;FGSG_09834;FGSG_10347;FGSG_10947;FGSG_11206;FGSG_12180;FGSG_12223;FGSG_13136,1,uncharacterized protein,GO:0000104;GO:0055114,13.405285365312846,29,-2.27661016445757,1.65766154314303e-106,1,0.9623071763916834
FGSG_01672,46,0.48452857215128226,20.404057340506654,FGSG_00043;FGSG_00044;FGSG_00047;FGSG_00048;FGSG_00330;FGSG_00743;FGSG_01346;FGSG_01422;FGSG_01947;FGSG_02272;FGSG_02461;FGSG_03061;FGSG_03295;FGSG_03340;FGSG_03546;FGSG_03547;FGSG_03548;FGSG_03894;FGSG_03992;FGSG_04458;FGSG_04490;FGSG_04589;FGSG_04590;FGSG_04591;FGSG_04592;FGSG_04595;FGSG_04596;FGSG_04763;FGSG_04852;FGSG_05610;FGSG_05843;FGSG_05926;FGSG_06055;FGSG_06257;FGSG_06702;FGSG_07075;FGSG_08601;FGSG_08712;FGSG_09012;FGSG_09280;FGSG_09456;FGSG_09826;FGSG_09834;FGSG_10347;FGSG_10947;FGSG_11658,1,pyrimidine precursor biosynthesis enzyme THI12,GO:0009228,14.402795646393448,32,-1.98855321285659,9.18394905457e-205,1,0.9615694164989939
FGSG_13521,52,0.4989807545809944,23.93858762655312,FGSG_00175;FGSG_00330;FGSG_00743;FGSG_00765;FGSG_01422;FGSG_01947;FGSG_02030;FGSG_02271;FGSG_02272;FGSG_02461;FGSG_02782;FGSG_03061;FGSG_03295;FGSG_03546;FGSG_03547;FGSG_03548;FGSG_03894;FGSG_03992;FGSG_04458;FGSG_04490;FGSG_04588;FGSG_04589;FGSG_04590;FGSG_04591;FGSG_04592;FGSG_04593;FGSG_04595;FGSG_04596;FGSG_04763;FGSG_05368;FGSG_05610;FGSG_05843;FGSG_06055;FGSG_06257;FGSG_06506;FGSG_06702;FGSG_07075;FGSG_07528;FGSG_08601;FGSG_08712;FGSG_08774;FGSG_09012;FGSG_09280;FGSG_09456;FGSG_09826;FGSG_09834;FGSG_10347;FGSG_10947;FGSG_11206;FGSG_12180;FGSG_12223;FGSG_13136,1,uncharacterized protein,,12.90849877538383,28,-2.38591734353583,1.15809084839504e-65,1,0.9614352783366868
FGSG_12977,44,0.502321484395592,19.384691364604898,FGSG_00330;FGSG_00743;FGSG_00765;FGSG_01422;FGSG_02030;FGSG_02271;FGSG_02272;FGSG_02461;FGSG_02972;FGSG_03061;FGSG_03340;FGSG_03546;FGSG_03547;FGSG_03548;FGSG_03747;FGSG_03894;FGSG_03992;FGSG_04458;FGSG_04588;FGSG_04589;FGSG_04590;FGSG_04591;FGSG_04592;FGSG_04593;FGSG_05368;FGSG_05610;FGSG_06055;FGSG_07075;FGSG_08493;FGSG_08601;FGSG_08712;FGSG_08774;FGSG_09012;FGSG_09280;FGSG_09456;FGSG_09826;FGSG_09834;FGSG_10347;FGSG_10922;FGSG_10947;FGSG_12180;FGSG_12222;FGSG_12223;FGSG_13136,1,uncharacterized protein,,10.990951327131325,25,-3.05178059174837,3.15339864111834e-17,1,0.9614352783366868
FGSG_10224,49,0.4976190295823862,22.335322996878258,FGSG_00175;FGSG_00330;FGSG_00500;FGSG_00743;FGSG_01422;FGSG_01947;FGSG_02030;FGSG_02271;FGSG_02272;FGSG_02461;FGSG_02782;FGSG_03061;FGSG_03295;FGSG_03546;FGSG_03547;FGSG_03548;FGSG_03894;FGSG_03992;FGSG_04458;FGSG_04490;FGSG_04588;FGSG_04589;FGSG_04590;FGSG_04591;FGSG_04592;FGSG_04593;FGSG_04595;FGSG_04596;FGSG_04763;FGSG_05610;FGSG_05843;FGSG_06055;FGSG_06257;FGSG_06702;FGSG_07075;FGSG_07528;FGSG_08601;FGSG_08712;FGSG_08774;FGSG_09012;FGSG_09280;FGSG_09456;FGSG_09826;FGSG_09834;FGSG_10347;FGSG_10947;FGSG_12180;FGSG_12223;FGSG_13136,1,uncharacterized protein,GO:0016021,12.733673311516618,28,-2.44641040470011,6.83700669476347e-114,1,0.9614352783366867
FGSG_07925,51,0.4890281216390156,22.92672316295986,FGSG_00175;FGSG_00330;FGSG_00500;FGSG_00743;FGSG_01346;FGSG_01422;FGSG_01947;FGSG_02030;FGSG_02271;FGSG_02272;FGSG_02461;FGSG_02782;FGSG_03061;FGSG_03295;FGSG_03546;FGSG_03547;FGSG_03548;FGSG_03558;FGSG_03894;FGSG_03992;FGSG_04458;FGSG_04490;FGSG_04588;FGSG_04589;FGSG_04590;FGSG_04591;FGSG_04592;FGSG_04593;FGSG_04595;FGSG_04596;FGSG_04763;FGSG_05610;FGSG_05843;FGSG_05926;FGSG_06055;FGSG_06257;FGSG_06702;FGSG_07075;FGSG_07528;FGSG_08601;FGSG_08712;FGSG_08774;FGSG_09012;FGSG_09280;FGSG_09456;FGSG_09826;FGSG_09834;FGSG_10347;FGSG_10947;FGSG_12223;FGSG_13136,1,uncharacterized protein,GO:0019825;GO:0020037,13.06788263668356,29,-2.32343143685573,1.8123711124904802e-52,1,0.9610328638497653
FGSG_07530,28,0.46802520749731125,12.287459467327285,FGSG_01866;FGSG_02077;FGSG_02255;FGSG_02320;FGSG_02321;FGSG_02323;FGSG_02324;FGSG_02325;FGSG_02326;FGSG_02327;FGSG_02328;FGSG_02329;FGSG_02840;FGSG_02903;FGSG_03574;FGSG_03599;FGSG_03600;FGSG_03842;FGSG_03881;FGSG_05919;FGSG_08082;FGSG_08083;FGSG_08795;FGSG_09187;FGSG_10670;FGSG_11184;FGSG_11326;FGSG_13952,2,alcohol oxidase,GO:0008812;GO:0047639;GO:0050660;GO:0055114,8.861457293368954,20,5.78481210260608,0.0,1,0.960429242119383
FGSG_03913,52,0.5050120767244248,24.22376184144619,FGSG_00330;FGSG_00743;FGSG_00765;FGSG_01422;FGSG_02030;FGSG_02271;FGSG_02272;FGSG_02461;FGSG_02554;FGSG_02972;FGSG_03061;FGSG_03295;FGSG_03340;FGSG_03546;FGSG_03547;FGSG_03548;FGSG_03747;FGSG_03894;FGSG_03992;FGSG_04458;FGSG_04490;FGSG_04588;FGSG_04589;FGSG_04590;FGSG_04591;FGSG_04592;FGSG_04593;FGSG_04596;FGSG_04763;FGSG_05368;FGSG_05610;FGSG_06055;FGSG_06257;FGSG_07075;FGSG_07528;FGSG_08493;FGSG_08601;FGSG_08712;FGSG_08774;FGSG_09012;FGSG_09280;FGSG_09456;FGSG_09826;FGSG_09834;FGSG_10347;FGSG_10922;FGSG_10947;FGSG_11206;FGSG_12180;FGSG_12222;FGSG_12223;FGSG_13136,1,uncharacterized protein,GO:0008270;GO:0016491;GO:0055114,13.51786307759619,29,-2.1158685626372,1.23689094843886e-27,1,0.9594902749832328
FGSG_01695,54,0.5034920183632031,25.284489278382328,FGSG_00330;FGSG_00743;FGSG_00765;FGSG_01422;FGSG_01947;FGSG_02030;FGSG_02271;FGSG_02272;FGSG_02461;FGSG_02554;FGSG_02782;FGSG_03061;FGSG_03295;FGSG_03340;FGSG_03546;FGSG_03547;FGSG_03548;FGSG_03894;FGSG_03992;FGSG_04458;FGSG_04490;FGSG_04588;FGSG_04589;FGSG_04590;FGSG_04591;FGSG_04592;FGSG_04593;FGSG_04596;FGSG_04763;FGSG_05368;FGSG_05610;FGSG_05843;FGSG_05926;FGSG_06055;FGSG_06257;FGSG_07075;FGSG_07528;FGSG_08493;FGSG_08601;FGSG_08712;FGSG_08774;FGSG_09012;FGSG_09280;FGSG_09456;FGSG_09826;FGSG_09834;FGSG_10347;FGSG_10922;FGSG_10947;FGSG_11206;FGSG_12180;FGSG_12222;FGSG_12223;FGSG_13136,1,uncharacterized protein,GO:0016021,14.097757618315596,30,-1.91987955443042,2.07055927737892e-31,1,0.9578806170355465
FGSG_04693,49,0.4783962122934973,21.98889839031454,FGSG_00043;FGSG_00044;FGSG_00330;FGSG_00500;FGSG_00743;FGSG_01346;FGSG_01422;FGSG_01947;FGSG_02030;FGSG_02271;FGSG_02272;FGSG_02461;FGSG_03061;FGSG_03295;FGSG_03340;FGSG_03546;FGSG_03547;FGSG_03548;FGSG_03894;FGSG_03992;FGSG_04458;FGSG_04490;FGSG_04589;FGSG_04590;FGSG_04591;FGSG_04592;FGSG_04593;FGSG_04595;FGSG_04596;FGSG_04763;FGSG_04852;FGSG_05610;FGSG_05843;FGSG_05926;FGSG_06055;FGSG_06257;FGSG_06702;FGSG_07075;FGSG_07528;FGSG_08601;FGSG_08712;FGSG_09012;FGSG_09280;FGSG_09456;FGSG_09826;FGSG_09834;FGSG_10347;FGSG_10947;FGSG_12223,1,uncharacterized protein,GO:0016021,14.875545797434095,33,-1.77303639999148,1.09096724080735e-46,1,0.9571428571428571
FGSG_01823,23,0.4722554572749229,10.097439942949363,FGSG_02321;FGSG_02323;FGSG_02324;FGSG_02325;FGSG_02326;FGSG_02327;FGSG_02328;FGSG_02329;FGSG_02840;FGSG_02903;FGSG_03541;FGSG_03599;FGSG_03600;FGSG_03842;FGSG_05919;FGSG_08082;FGSG_08083;FGSG_08795;FGSG_09187;FGSG_10670;FGSG_11184;FGSG_11326;FGSG_13952,2,uncharacterized protein,GO:0008152;GO:0016021;GO:0016740,8.828547686646706,20,4.59181461585599,4.1769079107118405e-132,1,0.9570757880617036
FGSG_08695,49,0.5052055681242327,22.092276189086665,FGSG_00330;FGSG_00743;FGSG_00765;FGSG_01422;FGSG_01621;FGSG_02030;FGSG_02271;FGSG_02272;FGSG_02461;FGSG_02554;FGSG_02972;FGSG_03061;FGSG_03340;FGSG_03546;FGSG_03547;FGSG_03548;FGSG_03747;FGSG_03894;FGSG_03992;FGSG_04458;FGSG_04588;FGSG_04589;FGSG_04590;FGSG_04591;FGSG_04592;FGSG_04593;FGSG_05368;FGSG_05610;FGSG_06055;FGSG_07075;FGSG_07528;FGSG_08493;FGSG_08601;FGSG_08712;FGSG_08774;FGSG_09012;FGSG_09280;FGSG_09456;FGSG_09826;FGSG_09834;FGSG_10347;FGSG_10444;FGSG_10922;FGSG_10947;FGSG_11206;FGSG_12180;FGSG_12222;FGSG_12223;FGSG_13136,1,uncharacterized protein,GO:0016021,11.63132794367886,26,-2.49173600016965,2.02437867949837e-99,1,0.9556002682763246
FGSG_12110,42,0.49991482533315135,18.71545112368482,FGSG_00175;FGSG_00330;FGSG_00500;FGSG_00743;FGSG_01422;FGSG_02030;FGSG_02271;FGSG_02272;FGSG_02461;FGSG_02782;FGSG_03061;FGSG_03295;FGSG_03546;FGSG_03547;FGSG_03548;FGSG_03894;FGSG_03992;FGSG_04458;FGSG_04588;FGSG_04589;FGSG_04590;FGSG_04591;FGSG_04593;FGSG_04595;FGSG_04763;FGSG_05610;FGSG_05843;FGSG_06055;FGSG_06257;FGSG_07075;FGSG_07528;FGSG_08601;FGSG_08712;FGSG_08774;FGSG_09012;FGSG_09280;FGSG_09456;FGSG_09826;FGSG_09834;FGSG_10347;FGSG_10947;FGSG_13136,1,uncharacterized protein,GO:0016021,9.802537813049065,22,-3.01189104932126,1.0427807032367e-140,1,0.9554661301140175
FGSG_02502,46,0.49033174769331644,20.412766814240662,FGSG_00175;FGSG_00330;FGSG_00500;FGSG_00743;FGSG_01346;FGSG_01422;FGSG_01947;FGSG_02030;FGSG_02271;FGSG_02272;FGSG_02461;FGSG_03061;FGSG_03295;FGSG_03546;FGSG_03547;FGSG_03548;FGSG_03558;FGSG_03894;FGSG_03992;FGSG_04458;FGSG_04490;FGSG_04589;FGSG_04590;FGSG_04591;FGSG_04592;FGSG_04593;FGSG_04595;FGSG_04596;FGSG_04763;FGSG_05610;FGSG_05843;FGSG_06055;FGSG_06257;FGSG_06444;FGSG_06702;FGSG_07075;FGSG_07528;FGSG_08601;FGSG_08712;FGSG_09012;FGSG_09280;FGSG_09456;FGSG_09826;FGSG_09834;FGSG_10347;FGSG_10947,1,C-5 sterol desaturase,GO:0000248;GO:0005506;GO:0005788;GO:0006633;GO:0006696;GO:0016021;GO:0055114,12.432744267180897,28,-2.17755817150078,6.5440567098126795e-177,1,0.9529845741113346
FGSG_08049,34,0.4722224651729281,15.306117539894514,FGSG_00007;FGSG_01866;FGSG_02255;FGSG_02320;FGSG_02321;FGSG_02323;FGSG_02324;FGSG_02325;FGSG_02326;FGSG_02327;FGSG_02328;FGSG_02329;FGSG_02840;FGSG_02903;FGSG_03532;FGSG_03539;FGSG_03541;FGSG_03543;FGSG_03599;FGSG_03600;FGSG_03842;FGSG_03881;FGSG_05919;FGSG_08081;FGSG_08082;FGSG_08083;FGSG_08795;FGSG_09064;FGSG_09187;FGSG_10670;FGSG_11184;FGSG_11326;FGSG_12211;FGSG_13952,2,uncharacterized protein,,9.07069475478441,20,3.05956765714887,5.006164436959631e-167,1,0.9525150905432596
FGSG_06307,49,0.48933882464182277,22.180593932516413,FGSG_00043;FGSG_00330;FGSG_00743;FGSG_01346;FGSG_01422;FGSG_01947;FGSG_02030;FGSG_02271;FGSG_02272;FGSG_02461;FGSG_02554;FGSG_03061;FGSG_03295;FGSG_03340;FGSG_03546;FGSG_03547;FGSG_03548;FGSG_03894;FGSG_03992;FGSG_04458;FGSG_04490;FGSG_04588;FGSG_04589;FGSG_04590;FGSG_04591;FGSG_04592;FGSG_04593;FGSG_04596;FGSG_04763;FGSG_05368;FGSG_05610;FGSG_05926;FGSG_06055;FGSG_06257;FGSG_07075;FGSG_07528;FGSG_08601;FGSG_08712;FGSG_08774;FGSG_09012;FGSG_09280;FGSG_09456;FGSG_09826;FGSG_09834;FGSG_10347;FGSG_10922;FGSG_10947;FGSG_12180;FGSG_12223,1,uncharacterized protein,GO:0000122;GO:0000183;GO:0000781;GO:0006281;GO:0006348;GO:0008080;GO:0016573;GO:0030466;GO:0043565,14.647438147975967,32,-1.69271777101464,1.1536103509588098e-42,1,0.9522468142186453
FGSG_05338,41,0.49553827684850904,18.03054774582038,FGSG_00330;FGSG_00743;FGSG_01422;FGSG_02030;FGSG_02271;FGSG_02272;FGSG_02461;FGSG_02554;FGSG_03061;FGSG_03340;FGSG_03546;FGSG_03547;FGSG_03548;FGSG_03894;FGSG_03992;FGSG_04458;FGSG_04490;FGSG_04589;FGSG_04590;FGSG_04591;FGSG_04592;FGSG_04593;FGSG_04596;FGSG_04763;FGSG_05610;FGSG_06055;FGSG_07075;FGSG_08601;FGSG_08712;FGSG_08774;FGSG_09012;FGSG_09280;FGSG_09456;FGSG_09826;FGSG_09834;FGSG_10347;FGSG_10922;FGSG_10947;FGSG_12180;FGSG_12223;FGSG_13136,1,uncharacterized protein,GO:0016021,11.886842883913461,27,-2.23330890834876,1.21818348709594e-13,1,0.9519785378940309
FGSG_10855,48,0.48380937502768345,21.21145344070344,FGSG_00043;FGSG_00175;FGSG_00330;FGSG_00500;FGSG_00743;FGSG_01346;FGSG_01422;FGSG_01947;FGSG_02030;FGSG_02271;FGSG_02272;FGSG_02461;FGSG_03061;FGSG_03295;FGSG_03546;FGSG_03547;FGSG_03548;FGSG_03558;FGSG_03894;FGSG_03992;FGSG_04458;FGSG_04490;FGSG_04589;FGSG_04590;FGSG_04591;FGSG_04592;FGSG_04593;FGSG_04595;FGSG_04596;FGSG_04763;FGSG_05610;FGSG_05843;FGSG_05926;FGSG_06055;FGSG_06257;FGSG_06444;FGSG_06702;FGSG_07075;FGSG_07528;FGSG_08601;FGSG_08712;FGSG_09012;FGSG_09280;FGSG_09456;FGSG_09826;FGSG_09834;FGSG_10347;FGSG_10947,1,alcohol dehydrogenase 1,GO:0004022;GO:0005737;GO:0008270;GO:0055114,13.265694947136508,30,-1.83909906446938,2.41455103782492e-218,1,0.9505030181086519
FGSG_01814,20,0.4694015679828285,8.660419488841534,FGSG_02321;FGSG_02323;FGSG_02324;FGSG_02325;FGSG_02326;FGSG_02327;FGSG_02328;FGSG_02329;FGSG_02840;FGSG_02903;FGSG_03599;FGSG_03842;FGSG_05919;FGSG_08083;FGSG_08795;FGSG_09187;FGSG_10670;FGSG_11184;FGSG_11326;FGSG_13952,2,uncharacterized protein,GO:0016021;GO:0055085,7.812767828389141,18,4.90521531462426,4.88806194290059e-08,1,0.948692152917505
FGSG_06468,28,0.46982152857355153,12.059915757791941,FGSG_00007;FGSG_01866;FGSG_02255;FGSG_02321;FGSG_02323;FGSG_02324;FGSG_02325;FGSG_02326;FGSG_02327;FGSG_02328;FGSG_02329;FGSG_02840;FGSG_02903;FGSG_03539;FGSG_03541;FGSG_03599;FGSG_03600;FGSG_03842;FGSG_03881;FGSG_05919;FGSG_08081;FGSG_08082;FGSG_08083;FGSG_08795;FGSG_09187;FGSG_11184;FGSG_11326;FGSG_13952,2,uncharacterized protein,GO:0016021;GO:0055085,8.298627603620846,19,3.49699754877558,4.40779428399371e-17,1,0.9482226693494299
FGSG_02552,48,0.49859566589208615,21.33841313046835,FGSG_00330;FGSG_00743;FGSG_00765;FGSG_01422;FGSG_02030;FGSG_02271;FGSG_02272;FGSG_02461;FGSG_02554;FGSG_03061;FGSG_03295;FGSG_03340;FGSG_03546;FGSG_03547;FGSG_03548;FGSG_03894;FGSG_03992;FGSG_04458;FGSG_04490;FGSG_04588;FGSG_04589;FGSG_04590;FGSG_04591;FGSG_04592;FGSG_04593;FGSG_04596;FGSG_04763;FGSG_05368;FGSG_05610;FGSG_06055;FGSG_06257;FGSG_07075;FGSG_07528;FGSG_08601;FGSG_08712;FGSG_08774;FGSG_09012;FGSG_09280;FGSG_09456;FGSG_09826;FGSG_09834;FGSG_10347;FGSG_10922;FGSG_10947;FGSG_11206;FGSG_12180;FGSG_12223;FGSG_13136,1,uncharacterized protein,,12.583384272132053,28,-1.90080538222225,2.46420719991143e-19,1,0.9476190476190477
FGSG_03590,49,0.4994457857222056,22.249958562793974,FGSG_00330;FGSG_00743;FGSG_00765;FGSG_01422;FGSG_02030;FGSG_02271;FGSG_02272;FGSG_02461;FGSG_02782;FGSG_03061;FGSG_03295;FGSG_03546;FGSG_03547;FGSG_03548;FGSG_03894;FGSG_03992;FGSG_04458;FGSG_04490;FGSG_04588;FGSG_04589;FGSG_04590;FGSG_04591;FGSG_04592;FGSG_04593;FGSG_04596;FGSG_04763;FGSG_05368;FGSG_05610;FGSG_05843;FGSG_06055;FGSG_06257;FGSG_07075;FGSG_07528;FGSG_08601;FGSG_08712;FGSG_08774;FGSG_09012;FGSG_09280;FGSG_09456;FGSG_09826;FGSG_09834;FGSG_10347;FGSG_10922;FGSG_10947;FGSG_11206;FGSG_12180;FGSG_12222;FGSG_12223;FGSG_13136,1,uncharacterized protein,GO:0016787,12.187360097972809,27,-1.95363011338278,2.87710719318973e-45,1,0.9475519785378941
FGSG_10542,32,0.4840082035104424,13.839206477922605,FGSG_00043;FGSG_00044;FGSG_00330;FGSG_01346;FGSG_01422;FGSG_01947;FGSG_02272;FGSG_02461;FGSG_03061;FGSG_03546;FGSG_03547;FGSG_03548;FGSG_03894;FGSG_03992;FGSG_04458;FGSG_04590;FGSG_04591;FGSG_04595;FGSG_04763;FGSG_05610;FGSG_05843;FGSG_06055;FGSG_06257;FGSG_06702;FGSG_07075;FGSG_08601;FGSG_08712;FGSG_09012;FGSG_09280;FGSG_09456;FGSG_09834;FGSG_10347,1,uncharacterized protein,,9.63610559864165,22,-2.52541901871792,1.57683040624912e-38,1,0.9474178403755869
FGSG_12280,33,0.4946960271425268,14.10575661129406,FGSG_00330;FGSG_00743;FGSG_01422;FGSG_02030;FGSG_02272;FGSG_02461;FGSG_02554;FGSG_02972;FGSG_03061;FGSG_03340;FGSG_03546;FGSG_03548;FGSG_03747;FGSG_03894;FGSG_04458;FGSG_04589;FGSG_04590;FGSG_04592;FGSG_04593;FGSG_05368;FGSG_05610;FGSG_08493;FGSG_08601;FGSG_08712;FGSG_08774;FGSG_09012;FGSG_09826;FGSG_10347;FGSG_10444;FGSG_10922;FGSG_10947;FGSG_12180;FGSG_12223,1,uncharacterized protein,,8.543897611821015,20,-3.17132012556922,4.78115937430711e-15,1,0.9473507712944333
FGSG_06830,44,0.5013367386285924,19.613627672290512,FGSG_00175;FGSG_00330;FGSG_00500;FGSG_00743;FGSG_01422;FGSG_02030;FGSG_02271;FGSG_02272;FGSG_02461;FGSG_02782;FGSG_03061;FGSG_03295;FGSG_03546;FGSG_03547;FGSG_03548;FGSG_03894;FGSG_03992;FGSG_04458;FGSG_04588;FGSG_04589;FGSG_04590;FGSG_04591;FGSG_04593;FGSG_04595;FGSG_04763;FGSG_05610;FGSG_05843;FGSG_06055;FGSG_06257;FGSG_07075;FGSG_07528;FGSG_08601;FGSG_08712;FGSG_08774;FGSG_09012;FGSG_09280;FGSG_09456;FGSG_09826;FGSG_09834;FGSG_10347;FGSG_10947;FGSG_11206;FGSG_12180;FGSG_13136,1,uncharacterized protein,,10.251746311744844,23,-2.30945775700295,3.73885106548547e-196,1,0.9463447350771295
FGSG_13689,47,0.48703517290595444,21.054524293413465,FGSG_00043;FGSG_00330;FGSG_00743;FGSG_01346;FGSG_01422;FGSG_01947;FGSG_02030;FGSG_02271;FGSG_02272;FGSG_02461;FGSG_03061;FGSG_03295;FGSG_03340;FGSG_03546;FGSG_03547;FGSG_03548;FGSG_03894;FGSG_03992;FGSG_04458;FGSG_04490;FGSG_04589;FGSG_04590;FGSG_04591;FGSG_04592;FGSG_04593;FGSG_04595;FGSG_04596;FGSG_04763;FGSG_05610;FGSG_05843;FGSG_05926;FGSG_06055;FGSG_06257;FGSG_06702;FGSG_07075;FGSG_07528;FGSG_08601;FGSG_08712;FGSG_08774;FGSG_09012;FGSG_09280;FGSG_09456;FGSG_09826;FGSG_09834;FGSG_10347;FGSG_10947;FGSG_12223,1,uncharacterized protein,,13.946900180296279,31,-1.60496922388594,3.87389434791458e-71,1,0.9456740442655935
FGSG_00489,44,0.48192439987092645,19.202394162545602,FGSG_00043;FGSG_00044;FGSG_00047;FGSG_00048;FGSG_00330;FGSG_00743;FGSG_01346;FGSG_01422;FGSG_01947;FGSG_02272;FGSG_02461;FGSG_03061;FGSG_03295;FGSG_03546;FGSG_03547;FGSG_03548;FGSG_03894;FGSG_03992;FGSG_04458;FGSG_04490;FGSG_04589;FGSG_04590;FGSG_04591;FGSG_04592;FGSG_04595;FGSG_04596;FGSG_04763;FGSG_04852;FGSG_05610;FGSG_05843;FGSG_05926;FGSG_06055;FGSG_06257;FGSG_06702;FGSG_07075;FGSG_08601;FGSG_08712;FGSG_09012;FGSG_09280;FGSG_09456;FGSG_09826;FGSG_09834;FGSG_10347;FGSG_10784,1,uncharacterized protein,GO:0004497;GO:0055114;GO:0071949,14.015530104132436,32,-1.59311901008223,5.08807976861927e-79,1,0.9453386988598257
FGSG_09335,48,0.49419035005700845,21.670665020948572,FGSG_00330;FGSG_00500;FGSG_00743;FGSG_01346;FGSG_01422;FGSG_01947;FGSG_02030;FGSG_02271;FGSG_02272;FGSG_02461;FGSG_03061;FGSG_03295;FGSG_03546;FGSG_03547;FGSG_03548;FGSG_03894;FGSG_03992;FGSG_04458;FGSG_04490;FGSG_04589;FGSG_04590;FGSG_04591;FGSG_04592;FGSG_04593;FGSG_04595;FGSG_04596;FGSG_04763;FGSG_05610;FGSG_05843;FGSG_05926;FGSG_06055;FGSG_06257;FGSG_06702;FGSG_07075;FGSG_07528;FGSG_08601;FGSG_08712;FGSG_08774;FGSG_09012;FGSG_09280;FGSG_09456;FGSG_09826;FGSG_09834;FGSG_10347;FGSG_10947;FGSG_12180;FGSG_12223;FGSG_13136,1,uncharacterized protein,GO:0016021;GO:0055085,13.585627309406037,30,-1.65072360355319,8.46367712088044e-70,1,0.9452045606975185
FGSG_11888,36,0.4719845503613281,16.119950275169963,FGSG_00007;FGSG_01866;FGSG_02077;FGSG_02255;FGSG_02320;FGSG_02321;FGSG_02323;FGSG_02324;FGSG_02325;FGSG_02326;FGSG_02327;FGSG_02328;FGSG_02329;FGSG_02840;FGSG_02903;FGSG_03532;FGSG_03539;FGSG_03541;FGSG_03543;FGSG_03574;FGSG_03599;FGSG_03600;FGSG_03842;FGSG_03881;FGSG_05919;FGSG_08081;FGSG_08082;FGSG_08083;FGSG_08795;FGSG_09064;FGSG_09187;FGSG_10670;FGSG_11184;FGSG_11326;FGSG_12211;FGSG_13952,2,uncharacterized protein,GO:0016021,9.139300229925874,20,2.36851598384596,3.0471413428103e-142,1,0.9425217974513749
FGSG_04696,22,0.4698362734611304,9.560183432442944,FGSG_02321;FGSG_02323;FGSG_02324;FGSG_02325;FGSG_02326;FGSG_02327;FGSG_02328;FGSG_02329;FGSG_02840;FGSG_02903;FGSG_03599;FGSG_03600;FGSG_03842;FGSG_05919;FGSG_08082;FGSG_08083;FGSG_08795;FGSG_09187;FGSG_10670;FGSG_11184;FGSG_11326;FGSG_13952,2,uncharacterized protein,GO:0016021,8.706636280829768,20,2.73943525872327,1.13015942622708e-38,1,0.9424547283702213
FGSG_03306,31,0.4717809293167548,13.7475061829109,FGSG_00007;FGSG_01866;FGSG_02077;FGSG_02255;FGSG_02320;FGSG_02321;FGSG_02323;FGSG_02324;FGSG_02325;FGSG_02326;FGSG_02327;FGSG_02328;FGSG_02329;FGSG_02840;FGSG_02903;FGSG_03539;FGSG_03541;FGSG_03599;FGSG_03600;FGSG_03842;FGSG_03881;FGSG_05919;FGSG_08081;FGSG_08082;FGSG_08083;FGSG_08795;FGSG_09187;FGSG_10670;FGSG_11184;FGSG_11326;FGSG_13952,2,uncharacterized protein,GO:0016021;GO:0022857;GO:0055085,9.010621446657323,20,2.49570043655529,1.45735316606094e-37,1,0.9422535211267606
FGSG_06719,38,0.4835133984787418,16.681152389777175,FGSG_00043;FGSG_00044;FGSG_00048;FGSG_00330;FGSG_00743;FGSG_01346;FGSG_01422;FGSG_01947;FGSG_02272;FGSG_02461;FGSG_03061;FGSG_03546;FGSG_03547;FGSG_03548;FGSG_03894;FGSG_03992;FGSG_04458;FGSG_04490;FGSG_04589;FGSG_04590;FGSG_04591;FGSG_04592;FGSG_04595;FGSG_04596;FGSG_04763;FGSG_04852;FGSG_05610;FGSG_05926;FGSG_06055;FGSG_06257;FGSG_08601;FGSG_08712;FGSG_09012;FGSG_09280;FGSG_09456;FGSG_09826;FGSG_09834;FGSG_10347,1,uncharacterized protein,,13.202099051659737,30,-1.62244688331856,7.38426838294742e-58,1,0.9419852448021462
FGSG_08403,54,0.4975943633313555,24.964425700996514,FGSG_00043;FGSG_00330;FGSG_00743;FGSG_01346;FGSG_01422;FGSG_01947;FGSG_02030;FGSG_02271;FGSG_02272;FGSG_02461;FGSG_02554;FGSG_03061;FGSG_03295;FGSG_03340;FGSG_03546;FGSG_03547;FGSG_03548;FGSG_03894;FGSG_03992;FGSG_04458;FGSG_04490;FGSG_04588;FGSG_04589;FGSG_04590;FGSG_04591;FGSG_04592;FGSG_04593;FGSG_04595;FGSG_04596;FGSG_04763;FGSG_05368;FGSG_05610;FGSG_05843;FGSG_05926;FGSG_06055;FGSG_06257;FGSG_07075;FGSG_07528;FGSG_08601;FGSG_08712;FGSG_08774;FGSG_09012;FGSG_09280;FGSG_09456;FGSG_09826;FGSG_09834;FGSG_10347;FGSG_10922;FGSG_10947;FGSG_11206;FGSG_12180;FGSG_12222;FGSG_12223;FGSG_13136,1,uncharacterized protein,GO:0032933;GO:0046983,15.356226918784088,33,-1.39963731181308,4.27324049602378e-101,1,0.9416498993963782
FGSG_03162,23,0.4755049453008167,10.162776613632015,FGSG_00330;FGSG_00743;FGSG_01422;FGSG_02272;FGSG_02461;FGSG_03061;FGSG_03546;FGSG_03547;FGSG_03548;FGSG_03894;FGSG_03992;FGSG_04458;FGSG_04589;FGSG_04590;FGSG_04591;FGSG_05610;FGSG_08601;FGSG_08712;FGSG_09012;FGSG_09280;FGSG_09456;FGSG_09834;FGSG_10347,1,uncharacterized protein,GO:0005215;GO:0006810;GO:0016021,7.122303825185302,16,-5.65557838164183,0.0001378048105048,1,0.9414486921529175
FGSG_10739,49,0.48239220870828076,22.152627716282154,FGSG_00043;FGSG_00330;FGSG_00743;FGSG_01346;FGSG_01422;FGSG_01947;FGSG_02030;FGSG_02271;FGSG_02272;FGSG_02461;FGSG_02554;FGSG_03061;FGSG_03295;FGSG_03340;FGSG_03546;FGSG_03547;FGSG_03548;FGSG_03894;FGSG_03992;FGSG_04458;FGSG_04490;FGSG_04589;FGSG_04590;FGSG_04591;FGSG_04592;FGSG_04593;FGSG_04595;FGSG_04596;FGSG_04763;FGSG_05610;FGSG_05843;FGSG_05926;FGSG_06055;FGSG_06257;FGSG_07075;FGSG_07528;FGSG_08601;FGSG_08712;FGSG_08774;FGSG_09012;FGSG_09280;FGSG_09456;FGSG_09826;FGSG_09834;FGSG_10347;FGSG_10947;FGSG_12180;FGSG_12223;FGSG_13136,1,coproporphyrinogen III oxidase,GO:0004109;GO:0005829;GO:0006783;GO:0016021;GO:0055114,14.569625396956466,32,-1.43284806093774,1.03430017200603e-41,1,0.9407109322602281
FGSG_12883,48,0.47890533528663515,21.373655626710544,FGSG_00043;FGSG_00330;FGSG_00743;FGSG_01346;FGSG_01422;FGSG_01947;FGSG_02030;FGSG_02271;FGSG_02272;FGSG_02461;FGSG_02554;FGSG_03061;FGSG_03295;FGSG_03340;FGSG_03546;FGSG_03547;FGSG_03548;FGSG_03894;FGSG_03992;FGSG_04458;FGSG_04490;FGSG_04589;FGSG_04590;FGSG_04591;FGSG_04592;FGSG_04593;FGSG_04595;FGSG_04596;FGSG_04763;FGSG_04852;FGSG_05610;FGSG_05843;FGSG_05926;FGSG_06055;FGSG_06257;FGSG_07075;FGSG_07528;FGSG_08601;FGSG_08712;FGSG_08774;FGSG_09012;FGSG_09280;FGSG_09456;FGSG_09826;FGSG_09834;FGSG_10347;FGSG_10947;FGSG_12223,1,uncharacterized protein,GO:0005634;GO:0006281;GO:0006855;GO:0008081;GO:0015238;GO:0015297;GO:0016021,14.347557180832952,32,-1.43430096800737,2.30686151673618e-39,1,0.9401743796109994
FGSG_09178,52,0.5085298581547711,24.46827278976764,FGSG_00330;FGSG_00743;FGSG_00765;FGSG_01422;FGSG_02030;FGSG_02271;FGSG_02272;FGSG_02461;FGSG_02554;FGSG_02782;FGSG_03061;FGSG_03295;FGSG_03340;FGSG_03546;FGSG_03547;FGSG_03548;FGSG_03894;FGSG_03992;FGSG_04458;FGSG_04490;FGSG_04588;FGSG_04589;FGSG_04590;FGSG_04591;FGSG_04592;FGSG_04593;FGSG_04596;FGSG_04763;FGSG_05368;FGSG_05610;FGSG_05843;FGSG_06055;FGSG_06257;FGSG_07075;FGSG_07528;FGSG_08493;FGSG_08601;FGSG_08712;FGSG_08774;FGSG_09012;FGSG_09280;FGSG_09456;FGSG_09826;FGSG_09834;FGSG_10347;FGSG_10922;FGSG_10947;FGSG_11206;FGSG_12180;FGSG_12222;FGSG_12223;FGSG_13136,1,uncharacterized protein,GO:0000981;GO:0003677;GO:0005634;GO:0006351;GO:0006357;GO:0008270,13.21851137296368,28,-1.56583288336027,3.02711251015417e-42,1,0.9399731723675385
FGSG_10617,53,0.4918756963118269,24.357737197940622,FGSG_00043;FGSG_00044;FGSG_00048;FGSG_00330;FGSG_00743;FGSG_01346;FGSG_01422;FGSG_01947;FGSG_02030;FGSG_02271;FGSG_02272;FGSG_02461;FGSG_02554;FGSG_03061;FGSG_03295;FGSG_03340;FGSG_03546;FGSG_03547;FGSG_03548;FGSG_03894;FGSG_03992;FGSG_04458;FGSG_04490;FGSG_04589;FGSG_04590;FGSG_04591;FGSG_04592;FGSG_04593;FGSG_04595;FGSG_04596;FGSG_04763;FGSG_04852;FGSG_05610;FGSG_05843;FGSG_05926;FGSG_06055;FGSG_06257;FGSG_06702;FGSG_07075;FGSG_07528;FGSG_08601;FGSG_08712;FGSG_08774;FGSG_09012;FGSG_09280;FGSG_09456;FGSG_09826;FGSG_09834;FGSG_10347;FGSG_10947;FGSG_11658;FGSG_12180;FGSG_12223,1,uncharacterized protein,GO:0003824;GO:0008152;GO:0031177,16.280466234472367,35,-1.32327920174165,1.7380275770200002e-100,1,0.9398390342052314
FGSG_05829,22,0.4703445855088344,9.585930451636138,FGSG_02077;FGSG_02321;FGSG_02323;FGSG_02324;FGSG_02325;FGSG_02326;FGSG_02327;FGSG_02328;FGSG_02329;FGSG_02840;FGSG_02903;FGSG_03599;FGSG_03600;FGSG_03842;FGSG_05919;FGSG_08083;FGSG_08795;FGSG_09187;FGSG_10670;FGSG_11184;FGSG_11326;FGSG_13952,2,uncharacterized protein,GO:0006508;GO:0008236,8.311245014069506,19,2.77315197549082,7.56742775798195e-44,1,0.9397719651240778
FGSG_11285,22,0.46883003902711956,9.529365687335112,FGSG_02321;FGSG_02323;FGSG_02324;FGSG_02325;FGSG_02326;FGSG_02327;FGSG_02328;FGSG_02329;FGSG_02840;FGSG_02903;FGSG_03599;FGSG_03600;FGSG_03842;FGSG_05919;FGSG_08082;FGSG_08083;FGSG_08795;FGSG_09187;FGSG_10670;FGSG_11184;FGSG_11326;FGSG_13952,2,uncharacterized protein,GO:0016021,8.679000263286504,20,2.59589665407073,1.37267579498182e-109,1,0.9397719651240778
FGSG_00793,23,0.47045383204263425,10.097310886910284,FGSG_00330;FGSG_00743;FGSG_01422;FGSG_02272;FGSG_02461;FGSG_03061;FGSG_03546;FGSG_03547;FGSG_03548;FGSG_03894;FGSG_03992;FGSG_04458;FGSG_04589;FGSG_04590;FGSG_04591;FGSG_05610;FGSG_08601;FGSG_08712;FGSG_09012;FGSG_09280;FGSG_09456;FGSG_09834;FGSG_10347,1,uncharacterized protein,GO:0016021,7.055163217165108,16,-5.04363305433781,4.10173604821332e-06,1,0.9397048960429242
FGSG_13155,23,0.47999587768887686,10.095527282601862,FGSG_00330;FGSG_00743;FGSG_01422;FGSG_02272;FGSG_02461;FGSG_03061;FGSG_03546;FGSG_03547;FGSG_03548;FGSG_03894;FGSG_03992;FGSG_04458;FGSG_04589;FGSG_04590;FGSG_04591;FGSG_05610;FGSG_08601;FGSG_08712;FGSG_09012;FGSG_09280;FGSG_09456;FGSG_09834;FGSG_10347,1,uncharacterized protein,,7.141147929297403,16,-4.65302126935525,0.0001702228469431,1,0.9396378269617707
FGSG_05348,32,0.4679505611077337,14.070087917607495,FGSG_00007;FGSG_01866;FGSG_02255;FGSG_02321;FGSG_02323;FGSG_02324;FGSG_02325;FGSG_02326;FGSG_02327;FGSG_02328;FGSG_02329;FGSG_02840;FGSG_02903;FGSG_03532;FGSG_03539;FGSG_03541;FGSG_03543;FGSG_03599;FGSG_03600;FGSG_03842;FGSG_03881;FGSG_05919;FGSG_07896;FGSG_08081;FGSG_08082;FGSG_08083;FGSG_08795;FGSG_09187;FGSG_10670;FGSG_11184;FGSG_11326;FGSG_13952,2,uncharacterized protein,GO:0016021,8.825417756325635,20,2.41297583385875,1.92215590333007e-112,1,0.9385647216633132
FGSG_10802,32,0.4919638425140745,13.693238982494961,FGSG_00330;FGSG_00743;FGSG_01422;FGSG_02030;FGSG_02272;FGSG_02461;FGSG_02554;FGSG_02972;FGSG_03061;FGSG_03340;FGSG_03546;FGSG_03548;FGSG_03747;FGSG_03894;FGSG_04458;FGSG_04589;FGSG_04590;FGSG_04593;FGSG_05368;FGSG_05610;FGSG_08493;FGSG_08601;FGSG_08712;FGSG_08774;FGSG_09012;FGSG_09826;FGSG_10347;FGSG_10444;FGSG_10922;FGSG_10947;FGSG_12180;FGSG_12223,1,uncharacterized protein,GO:0016021,8.153302822214117,19,-2.80502896294254,2.88044393417975e-38,1,0.9380952380952381
FGSG_07913,55,0.5061728569303587,25.95142185759076,FGSG_00043;FGSG_00330;FGSG_00743;FGSG_00765;FGSG_01346;FGSG_01422;FGSG_01947;FGSG_02030;FGSG_02271;FGSG_02272;FGSG_02461;FGSG_02554;FGSG_03061;FGSG_03295;FGSG_03340;FGSG_03546;FGSG_03547;FGSG_03548;FGSG_03894;FGSG_03992;FGSG_04458;FGSG_04490;FGSG_04588;FGSG_04589;FGSG_04590;FGSG_04591;FGSG_04592;FGSG_04593;FGSG_04595;FGSG_04596;FGSG_04763;FGSG_05368;FGSG_05610;FGSG_05843;FGSG_05926;FGSG_06055;FGSG_06257;FGSG_07075;FGSG_07528;FGSG_08601;FGSG_08712;FGSG_08774;FGSG_09012;FGSG_09280;FGSG_09456;FGSG_09826;FGSG_09834;FGSG_10347;FGSG_10922;FGSG_10947;FGSG_11206;FGSG_12180;FGSG_12222;FGSG_12223;FGSG_13136,1,uncharacterized protein,GO:0006810;GO:0016021,15.721055618547638,33,-1.32010123016891,3.53297225519889e-57,1,0.9378940308517774
FGSG_11474,29,0.4737198396600717,12.752500032645626,FGSG_00007;FGSG_01866;FGSG_02255;FGSG_02321;FGSG_02323;FGSG_02324;FGSG_02325;FGSG_02326;FGSG_02327;FGSG_02328;FGSG_02329;FGSG_02840;FGSG_02903;FGSG_03539;FGSG_03541;FGSG_03599;FGSG_03600;FGSG_03842;FGSG_03881;FGSG_05919;FGSG_08081;FGSG_08082;FGSG_08083;FGSG_08795;FGSG_09187;FGSG_10670;FGSG_11184;FGSG_11326;FGSG_13952,2,uncharacterized protein,,8.94000629163476,20,2.23838167415789,5.93336050174024e-116,1,0.936619718309859
FGSG_03638,33,0.4728151780967738,14.869094354596834,FGSG_00007;FGSG_01866;FGSG_02255;FGSG_02320;FGSG_02321;FGSG_02323;FGSG_02324;FGSG_02325;FGSG_02326;FGSG_02327;FGSG_02328;FGSG_02329;FGSG_02840;FGSG_02903;FGSG_03532;FGSG_03539;FGSG_03541;FGSG_03543;FGSG_03599;FGSG_03600;FGSG_03842;FGSG_03881;FGSG_05919;FGSG_08081;FGSG_08082;FGSG_08083;FGSG_08795;FGSG_09064;FGSG_09187;FGSG_10670;FGSG_11184;FGSG_11326;FGSG_13952,2,uncharacterized protein,GO:0016614;GO:0050660;GO:0055114,9.098215093743871,20,2.08860613257905,2.54790374715793e-61,1,0.9362843729040913
FGSG_07921,34,0.4678230122288464,15.115616466643106,FGSG_00007;FGSG_01866;FGSG_02255;FGSG_02320;FGSG_02321;FGSG_02323;FGSG_02324;FGSG_02325;FGSG_02326;FGSG_02327;FGSG_02328;FGSG_02329;FGSG_02840;FGSG_02903;FGSG_03532;FGSG_03539;FGSG_03541;FGSG_03543;FGSG_03599;FGSG_03600;FGSG_03842;FGSG_03881;FGSG_05919;FGSG_08081;FGSG_08082;FGSG_08083;FGSG_08795;FGSG_09064;FGSG_09187;FGSG_10670;FGSG_11184;FGSG_11326;FGSG_12211;FGSG_13952,2,uncharacterized protein,GO:0000981;GO:0004553;GO:0005634;GO:0006357;GO:0008270;GO:0016052;GO:0030246,9.029471141052081,20,2.12415096395655,1.81236568688968e-54,1,0.9360160965794768
FGSG_11270,36,0.4750382610625339,16.154685843166604,FGSG_00007;FGSG_01866;FGSG_02255;FGSG_02320;FGSG_02321;FGSG_02323;FGSG_02324;FGSG_02325;FGSG_02326;FGSG_02327;FGSG_02328;FGSG_02329;FGSG_02840;FGSG_02903;FGSG_03532;FGSG_03539;FGSG_03541;FGSG_03543;FGSG_03599;FGSG_03600;FGSG_03842;FGSG_03881;FGSG_05919;FGSG_07896;FGSG_08081;FGSG_08082;FGSG_08083;FGSG_08084;FGSG_08795;FGSG_09064;FGSG_09187;FGSG_10670;FGSG_11184;FGSG_11326;FGSG_12211;FGSG_13952,2,uncharacterized protein,GO:0004497;GO:0055114,9.011054320846641,20,2.13466660563341,2.1004653431992e-107,1,0.9357478202548625
FGSG_13514,28,0.472997661338197,12.190646401916695,FGSG_00007;FGSG_01866;FGSG_02255;FGSG_02320;FGSG_02321;FGSG_02323;FGSG_02324;FGSG_02325;FGSG_02326;FGSG_02327;FGSG_02328;FGSG_02329;FGSG_02840;FGSG_02903;FGSG_03541;FGSG_03599;FGSG_03600;FGSG_03842;FGSG_03881;FGSG_05919;FGSG_08082;FGSG_08083;FGSG_08795;FGSG_09187;FGSG_10670;FGSG_11184;FGSG_11326;FGSG_13952,2,uncharacterized protein,,8.85332780394268,20,2.25050618060067,4.0168812817292503e-47,1,0.9356807511737089
FGSG_04188,24,0.46997462189688743,10.291543181392587,FGSG_01866;FGSG_02321;FGSG_02323;FGSG_02324;FGSG_02325;FGSG_02326;FGSG_02327;FGSG_02328;FGSG_02329;FGSG_02840;FGSG_02903;FGSG_03539;FGSG_03541;FGSG_03599;FGSG_03600;FGSG_03842;FGSG_08082;FGSG_08083;FGSG_08795;FGSG_09187;FGSG_10670;FGSG_11184;FGSG_11326;FGSG_13952,2,uncharacterized protein,GO:0016021;GO:0055085,8.231785235150328,19,2.49600322119627,3.5425948412702303e-20,1,0.9341381623071764
FGSG_01883,37,0.47979191198261933,15.992975251066886,FGSG_00043;FGSG_00044;FGSG_00047;FGSG_00048;FGSG_00330;FGSG_00743;FGSG_01346;FGSG_01422;FGSG_01947;FGSG_02272;FGSG_02461;FGSG_03061;FGSG_03546;FGSG_03547;FGSG_03548;FGSG_03894;FGSG_03992;FGSG_04458;FGSG_04490;FGSG_04589;FGSG_04590;FGSG_04591;FGSG_04596;FGSG_04763;FGSG_04852;FGSG_05610;FGSG_05926;FGSG_06055;FGSG_06257;FGSG_06702;FGSG_08601;FGSG_08712;FGSG_09012;FGSG_09280;FGSG_09456;FGSG_09834;FGSG_10347,1,uncharacterized protein,GO:0008324;GO:0016021;GO:0098655,12.198162756161782,28,-1.57991847732998,9.86323054794365e-38,1,0.9334004024144869
FGSG_01379,32,0.46997141489397015,14.099096651353557,FGSG_00007;FGSG_01866;FGSG_02255;FGSG_02321;FGSG_02323;FGSG_02324;FGSG_02325;FGSG_02326;FGSG_02327;FGSG_02328;FGSG_02329;FGSG_03532;FGSG_03535;FGSG_03539;FGSG_03541;FGSG_03543;FGSG_03600;FGSG_03842;FGSG_03881;FGSG_07896;FGSG_08079;FGSG_08081;FGSG_08082;FGSG_08083;FGSG_08084;FGSG_08795;FGSG_09064;FGSG_09187;FGSG_10670;FGSG_11184;FGSG_11326;FGSG_13952,2,uncharacterized protein,GO:0008152;GO:0016021;GO:0016874,6.994637512072042,16,3.61364929070813,0.0,1,0.9333333333333333
FGSG_08266,55,0.5080748394685509,25.9393596329031,FGSG_00330;FGSG_00743;FGSG_00765;FGSG_01422;FGSG_02030;FGSG_02271;FGSG_02272;FGSG_02461;FGSG_02554;FGSG_02972;FGSG_03061;FGSG_03295;FGSG_03340;FGSG_03546;FGSG_03547;FGSG_03548;FGSG_03747;FGSG_03894;FGSG_03992;FGSG_04458;FGSG_04490;FGSG_04588;FGSG_04589;FGSG_04590;FGSG_04591;FGSG_04592;FGSG_04593;FGSG_04596;FGSG_04763;FGSG_05368;FGSG_05610;FGSG_05843;FGSG_05926;FGSG_06055;FGSG_06257;FGSG_07075;FGSG_07528;FGSG_08493;FGSG_08601;FGSG_08712;FGSG_08774;FGSG_09012;FGSG_09280;FGSG_09456;FGSG_09826;FGSG_09834;FGSG_10347;FGSG_10444;FGSG_10922;FGSG_10947;FGSG_11206;FGSG_12180;FGSG_12222;FGSG_12223;FGSG_13136,1,acetyl-CoA hydrolase,GO:0003986;GO:0005739;GO:0005829;GO:0006083;GO:0006084;GO:0008775,14.674391535833342,31,-1.31223428491198,4.75728946534095e-64,1,0.9332662642521796
FGSG_13153,23,0.46904097854555243,10.146549551770136,FGSG_00330;FGSG_00743;FGSG_01422;FGSG_02272;FGSG_02461;FGSG_03061;FGSG_03546;FGSG_03548;FGSG_03894;FGSG_03992;FGSG_04458;FGSG_04589;FGSG_04590;FGSG_04591;FGSG_04593;FGSG_05610;FGSG_08601;FGSG_08712;FGSG_08774;FGSG_09012;FGSG_09456;FGSG_09834;FGSG_10347,1,uncharacterized protein,GO:0003824;GO:0008152;GO:0016021,6.67725640241688,15,-4.82959328397529,1.03450431251904e-05,1,0.9321260898725687
FGSG_03821,31,0.4714143163815564,13.523574198715373,FGSG_00007;FGSG_01866;FGSG_02077;FGSG_02255;FGSG_02320;FGSG_02321;FGSG_02323;FGSG_02324;FGSG_02325;FGSG_02326;FGSG_02327;FGSG_02328;FGSG_02329;FGSG_02840;FGSG_02903;FGSG_03539;FGSG_03541;FGSG_03599;FGSG_03600;FGSG_03842;FGSG_03881;FGSG_05919;FGSG_08081;FGSG_08082;FGSG_08083;FGSG_08795;FGSG_09187;FGSG_10670;FGSG_11184;FGSG_11326;FGSG_13952,2,uncharacterized protein,GO:0008168;GO:0032259,8.887595623195008,20,2.03043886476585,4.7941766246102503e-20,1,0.9320590207914151
FGSG_06062,26,0.47869287216619616,11.329226851051162,FGSG_00330;FGSG_00743;FGSG_01422;FGSG_02272;FGSG_02461;FGSG_03061;FGSG_03546;FGSG_03547;FGSG_03548;FGSG_03894;FGSG_03992;FGSG_04458;FGSG_04589;FGSG_04590;FGSG_04591;FGSG_04593;FGSG_05610;FGSG_07075;FGSG_08601;FGSG_08712;FGSG_08774;FGSG_09012;FGSG_09280;FGSG_09456;FGSG_09834;FGSG_10347,1,uncharacterized protein,,7.368294940624847,17,-2.87876002003936,2.57807366047018e-05,1,0.9319919517102616
FGSG_09378,51,0.5020813020494181,23.691260704326798,FGSG_00330;FGSG_00743;FGSG_00765;FGSG_01422;FGSG_02030;FGSG_02271;FGSG_02272;FGSG_02461;FGSG_02554;FGSG_03061;FGSG_03295;FGSG_03340;FGSG_03546;FGSG_03547;FGSG_03548;FGSG_03894;FGSG_03992;FGSG_04458;FGSG_04490;FGSG_04588;FGSG_04589;FGSG_04590;FGSG_04591;FGSG_04592;FGSG_04593;FGSG_04596;FGSG_04763;FGSG_05368;FGSG_05610;FGSG_05843;FGSG_05926;FGSG_06055;FGSG_06257;FGSG_07075;FGSG_07528;FGSG_08601;FGSG_08712;FGSG_08774;FGSG_09012;FGSG_09280;FGSG_09456;FGSG_09826;FGSG_09834;FGSG_10347;FGSG_10922;FGSG_10947;FGSG_11206;FGSG_12180;FGSG_12222;FGSG_12223;FGSG_13136,1,uncharacterized protein,,13.539026863966622,29,-1.37289852639411,2.10341759407922e-27,1,0.9317236753856473
FGSG_02895,24,0.48285532712387047,10.537201139534647,FGSG_00330;FGSG_01422;FGSG_01947;FGSG_02272;FGSG_02461;FGSG_03061;FGSG_03546;FGSG_03547;FGSG_03548;FGSG_03894;FGSG_03992;FGSG_04458;FGSG_04590;FGSG_04591;FGSG_05610;FGSG_06257;FGSG_07075;FGSG_08601;FGSG_08712;FGSG_09012;FGSG_09280;FGSG_09456;FGSG_09834;FGSG_10347,1,uncharacterized protein,GO:0016021,7.555856555580843,17,-2.67276877636219,2.17214284175042e-16,1,0.9315224681421865
FGSG_05730,54,0.5065874580863649,25.292159088096096,FGSG_00330;FGSG_00743;FGSG_00765;FGSG_01422;FGSG_02030;FGSG_02271;FGSG_02272;FGSG_02461;FGSG_02554;FGSG_02972;FGSG_03061;FGSG_03295;FGSG_03340;FGSG_03546;FGSG_03547;FGSG_03548;FGSG_03747;FGSG_03894;FGSG_03992;FGSG_04458;FGSG_04490;FGSG_04588;FGSG_04589;FGSG_04590;FGSG_04591;FGSG_04592;FGSG_04593;FGSG_04596;FGSG_04763;FGSG_05368;FGSG_05610;FGSG_05926;FGSG_06055;FGSG_06257;FGSG_07075;FGSG_07528;FGSG_08493;FGSG_08601;FGSG_08712;FGSG_08774;FGSG_09012;FGSG_09280;FGSG_09456;FGSG_09826;FGSG_09834;FGSG_10347;FGSG_10444;FGSG_10922;FGSG_10947;FGSG_11206;FGSG_12180;FGSG_12222;FGSG_12223;FGSG_13136,1,uncharacterized protein,GO:0016021,14.487579158857331,31,-1.29901311623514,3.5363529202695997e-41,1,0.931120053655265
FGSG_06508,44,0.5031895309374719,19.468715684448167,FGSG_00330;FGSG_00743;FGSG_00765;FGSG_01422;FGSG_01621;FGSG_02030;FGSG_02271;FGSG_02272;FGSG_02461;FGSG_02972;FGSG_03061;FGSG_03546;FGSG_03548;FGSG_03747;FGSG_03894;FGSG_03992;FGSG_04458;FGSG_04588;FGSG_04589;FGSG_04590;FGSG_04591;FGSG_04592;FGSG_04593;FGSG_05368;FGSG_05610;FGSG_06055;FGSG_07075;FGSG_07528;FGSG_08493;FGSG_08601;FGSG_08712;FGSG_08774;FGSG_09012;FGSG_09456;FGSG_09826;FGSG_09834;FGSG_10347;FGSG_10922;FGSG_10947;FGSG_11206;FGSG_12180;FGSG_12222;FGSG_12223;FGSG_13136,1,uncharacterized protein,GO:0003333;GO:0015171;GO:0016021,9.66283973087464,22,-1.79166147154295,6.651968135225261e-09,1,0.9310529845741113
FGSG_05039,43,0.4703880009546993,18.805824624092267,FGSG_00043;FGSG_00330;FGSG_00743;FGSG_01346;FGSG_01422;FGSG_01947;FGSG_02030;FGSG_02271;FGSG_02272;FGSG_02461;FGSG_03061;FGSG_03295;FGSG_03546;FGSG_03547;FGSG_03548;FGSG_03894;FGSG_03992;FGSG_04458;FGSG_04490;FGSG_04589;FGSG_04590;FGSG_04591;FGSG_04592;FGSG_04593;FGSG_04596;FGSG_04763;FGSG_05610;FGSG_05843;FGSG_05926;FGSG_06055;FGSG_06257;FGSG_06702;FGSG_07075;FGSG_07528;FGSG_08601;FGSG_08712;FGSG_09012;FGSG_09280;FGSG_09456;FGSG_09826;FGSG_09834;FGSG_10347;FGSG_10947,1,uncharacterized protein,GO:0016021,12.21645997721796,28,-1.50731787572062,1.40660266876239e-24,1,0.930449362843729
FGSG_05040,44,0.4816688853335962,19.247881292097773,FGSG_00043;FGSG_00175;FGSG_00330;FGSG_00500;FGSG_00743;FGSG_01346;FGSG_01422;FGSG_01947;FGSG_02030;FGSG_02271;FGSG_02272;FGSG_02461;FGSG_03061;FGSG_03295;FGSG_03546;FGSG_03547;FGSG_03548;FGSG_03558;FGSG_03894;FGSG_03992;FGSG_04458;FGSG_04490;FGSG_04589;FGSG_04590;FGSG_04591;FGSG_04595;FGSG_04596;FGSG_04763;FGSG_05610;FGSG_05843;FGSG_06055;FGSG_06257;FGSG_06702;FGSG_07075;FGSG_07528;FGSG_08601;FGSG_08712;FGSG_09012;FGSG_09280;FGSG_09456;FGSG_09826;FGSG_09834;FGSG_10347;FGSG_10947,1,uncharacterized protein,GO:0016787,11.446982660212292,26,-1.54033510017798,3.55657436793801e-28,1,0.9297116029510396
FGSG_12009,52,0.5057864023006504,23.92824916725581,FGSG_00330;FGSG_00743;FGSG_00765;FGSG_01422;FGSG_01621;FGSG_02030;FGSG_02271;FGSG_02272;FGSG_02461;FGSG_02782;FGSG_03061;FGSG_03295;FGSG_03340;FGSG_03546;FGSG_03547;FGSG_03548;FGSG_03894;FGSG_03992;FGSG_04309;FGSG_04458;FGSG_04490;FGSG_04588;FGSG_04589;FGSG_04590;FGSG_04591;FGSG_04592;FGSG_04593;FGSG_04596;FGSG_05368;FGSG_05610;FGSG_06055;FGSG_06257;FGSG_06506;FGSG_07075;FGSG_07528;FGSG_08493;FGSG_08601;FGSG_08712;FGSG_08774;FGSG_09012;FGSG_09280;FGSG_09456;FGSG_09826;FGSG_09834;FGSG_10347;FGSG_10922;FGSG_10947;FGSG_11206;FGSG_12180;FGSG_12222;FGSG_12223;FGSG_13136,1,uncharacterized protein,,12.34298936382079,27,-1.46641139715192,2.93583512502201e-50,1,0.9294433266264253
FGSG_11585,42,0.5008700894765332,18.779434469499154,FGSG_00330;FGSG_00743;FGSG_01422;FGSG_02030;FGSG_02271;FGSG_02272;FGSG_02461;FGSG_02782;FGSG_03061;FGSG_03295;FGSG_03546;FGSG_03547;FGSG_03548;FGSG_03894;FGSG_03992;FGSG_04458;FGSG_04588;FGSG_04589;FGSG_04590;FGSG_04591;FGSG_04593;FGSG_04763;FGSG_05610;FGSG_05843;FGSG_06055;FGSG_06257;FGSG_07075;FGSG_07528;FGSG_08601;FGSG_08712;FGSG_08774;FGSG_09012;FGSG_09280;FGSG_09456;FGSG_09826;FGSG_09834;FGSG_10347;FGSG_10947;FGSG_11206;FGSG_12180;FGSG_12223;FGSG_13136,1,cytochrome P450 55A2,GO:0004497;GO:0005506;GO:0016705;GO:0020037;GO:0055114,10.221388078165795,23,-1.69770809394553,6.06145015723721e-41,1,0.9293762575452716
FGSG_09098,18,0.46824860615034236,7.802173180169171,FGSG_02321;FGSG_02323;FGSG_02324;FGSG_02325;FGSG_02326;FGSG_02327;FGSG_02328;FGSG_02329;FGSG_02840;FGSG_02903;FGSG_03599;FGSG_03600;FGSG_03842;FGSG_05919;FGSG_08083;FGSG_11184;FGSG_11326;FGSG_13952,2,uncharacterized protein,GO:0016757,6.9532015133275324,16,3.25279719779281,1.44433111744052e-42,1,0.9293762575452715
FGSG_03006,34,0.4997553394459561,14.956011338894028,FGSG_00330;FGSG_00743;FGSG_01422;FGSG_02030;FGSG_02271;FGSG_02272;FGSG_02461;FGSG_03061;FGSG_03295;FGSG_03546;FGSG_03547;FGSG_03548;FGSG_03894;FGSG_03992;FGSG_04458;FGSG_04589;FGSG_04590;FGSG_04591;FGSG_04593;FGSG_05610;FGSG_06055;FGSG_06257;FGSG_07075;FGSG_07528;FGSG_08601;FGSG_08712;FGSG_08774;FGSG_09012;FGSG_09280;FGSG_09456;FGSG_09834;FGSG_10347;FGSG_10947;FGSG_13136,1,uncharacterized protein,GO:0016747,8.331084142325825,19,-2.1698351396927,2.7505244961458304e-25,1,0.929309188464118
FGSG_08697,37,0.4901601796597039,16.156835423056734,FGSG_00175;FGSG_00330;FGSG_00500;FGSG_00743;FGSG_01422;FGSG_02030;FGSG_02271;FGSG_02272;FGSG_02461;FGSG_03061;FGSG_03295;FGSG_03546;FGSG_03547;FGSG_03548;FGSG_03894;FGSG_03992;FGSG_04458;FGSG_04590;FGSG_04591;FGSG_04763;FGSG_05610;FGSG_05843;FGSG_06055;FGSG_06257;FGSG_06702;FGSG_07075;FGSG_07528;FGSG_08601;FGSG_08712;FGSG_08774;FGSG_09012;FGSG_09280;FGSG_09456;FGSG_09834;FGSG_10347;FGSG_10947;FGSG_13136,1,uncharacterized protein,GO:0005375;GO:0016021;GO:0035434,7.899279989057803,18,-2.34011007544613,1.1231616302668999e-17,1,0.9292421193829645
FGSG_06124,53,0.5079947770729131,24.611695545441673,FGSG_00330;FGSG_00743;FGSG_00765;FGSG_01422;FGSG_01621;FGSG_02030;FGSG_02271;FGSG_02272;FGSG_02461;FGSG_02554;FGSG_02972;FGSG_03061;FGSG_03295;FGSG_03340;FGSG_03546;FGSG_03547;FGSG_03548;FGSG_03747;FGSG_03894;FGSG_03992;FGSG_04458;FGSG_04490;FGSG_04588;FGSG_04589;FGSG_04590;FGSG_04591;FGSG_04592;FGSG_04593;FGSG_04596;FGSG_04763;FGSG_05368;FGSG_05610;FGSG_06055;FGSG_06257;FGSG_07075;FGSG_07528;FGSG_08493;FGSG_08601;FGSG_08712;FGSG_08774;FGSG_09012;FGSG_09280;FGSG_09456;FGSG_09826;FGSG_09834;FGSG_10347;FGSG_10922;FGSG_10947;FGSG_11206;FGSG_12180;FGSG_12222;FGSG_12223;FGSG_13136,1,uncharacterized protein,GO:0016021,13.407284346291108,29,-1.34426366579294,1.7413421383198e-123,1,0.9291079812206572
FGSG_11379,24,0.47340708472872955,10.151493346405497,FGSG_00330;FGSG_00743;FGSG_01422;FGSG_02272;FGSG_02461;FGSG_02554;FGSG_03061;FGSG_03340;FGSG_03546;FGSG_03548;FGSG_03894;FGSG_04458;FGSG_04589;FGSG_04592;FGSG_05610;FGSG_08601;FGSG_08712;FGSG_08774;FGSG_09012;FGSG_09826;FGSG_09834;FGSG_10347;FGSG_10922;FGSG_12180,1,uncharacterized protein,,6.789204182513577,16,-3.54371504155152,1.51030853663704e-08,1,0.9290409121395038
FGSG_10008,38,0.4858421755704119,16.658309881521816,FGSG_00330;FGSG_00743;FGSG_01422;FGSG_02030;FGSG_02272;FGSG_02461;FGSG_02554;FGSG_02972;FGSG_03061;FGSG_03340;FGSG_03546;FGSG_03547;FGSG_03548;FGSG_03894;FGSG_03992;FGSG_04458;FGSG_04490;FGSG_04589;FGSG_04590;FGSG_04591;FGSG_04592;FGSG_04593;FGSG_04596;FGSG_05610;FGSG_05926;FGSG_06055;FGSG_08601;FGSG_08712;FGSG_08774;FGSG_09012;FGSG_09280;FGSG_09826;FGSG_09834;FGSG_10347;FGSG_10922;FGSG_10947;FGSG_12180;FGSG_12223,1,uncharacterized protein,GO:0016021,11.43841419970604,26,-1.53568799669279,1.27635608599612e-119,1,0.9287055667337358
FGSG_04694,23,0.4787746783387218,9.992832275360888,FGSG_00043;FGSG_00044;FGSG_00330;FGSG_01346;FGSG_01422;FGSG_01947;FGSG_02272;FGSG_03061;FGSG_03546;FGSG_03547;FGSG_03548;FGSG_03992;FGSG_04458;FGSG_04589;FGSG_04590;FGSG_04591;FGSG_05610;FGSG_08601;FGSG_08712;FGSG_09280;FGSG_09456;FGSG_09834;FGSG_10347,1,uncharacterized protein,GO:0016491;GO:0016740;GO:0031177;GO:0055114,8.313411269811484,19,-2.08494250689705,1.4987650447695399e-36,1,0.9277665995975855
FGSG_05164,54,0.4927540459088681,24.933848962454658,FGSG_00043;FGSG_00330;FGSG_00743;FGSG_01346;FGSG_01422;FGSG_01947;FGSG_02030;FGSG_02271;FGSG_02272;FGSG_02461;FGSG_02554;FGSG_02782;FGSG_03061;FGSG_03295;FGSG_03340;FGSG_03546;FGSG_03547;FGSG_03548;FGSG_03894;FGSG_03992;FGSG_04458;FGSG_04490;FGSG_04588;FGSG_04589;FGSG_04590;FGSG_04591;FGSG_04592;FGSG_04593;FGSG_04596;FGSG_04763;FGSG_05368;FGSG_05610;FGSG_05843;FGSG_05926;FGSG_06055;FGSG_06257;FGSG_06702;FGSG_07075;FGSG_07528;FGSG_08601;FGSG_08712;FGSG_08774;FGSG_09012;FGSG_09280;FGSG_09456;FGSG_09826;FGSG_09834;FGSG_10347;FGSG_10922;FGSG_10947;FGSG_12180;FGSG_12222;FGSG_12223;FGSG_13136,1,inositolphosphorylceramide-B C-26 hydroxylase,GO:0005506;GO:0005789;GO:0006633;GO:0006675;GO:0016021;GO:0020037;GO:0055114;GO:0080132,14.932992178197688,32,-1.23575025034323,6.8982131579543505e-31,1,0.9268276324614353
FGSG_03079,29,0.46948282955961257,12.523603087897072,FGSG_00007;FGSG_01866;FGSG_02255;FGSG_02321;FGSG_02323;FGSG_02324;FGSG_02325;FGSG_02326;FGSG_02327;FGSG_02328;FGSG_02329;FGSG_02840;FGSG_02903;FGSG_03539;FGSG_03541;FGSG_03599;FGSG_03600;FGSG_03842;FGSG_03881;FGSG_05919;FGSG_08081;FGSG_08082;FGSG_08083;FGSG_08795;FGSG_09187;FGSG_10670;FGSG_11184;FGSG_11326;FGSG_13952,2,uncharacterized protein,,8.776817962431094,20,1.88614392849147,9.016827931518551e-58,1,0.9254862508383634
FGSG_02084,33,0.47761600088711265,14.288277167614112,FGSG_00330;FGSG_00743;FGSG_01422;FGSG_02030;FGSG_02271;FGSG_02272;FGSG_02461;FGSG_03061;FGSG_03295;FGSG_03546;FGSG_03547;FGSG_03548;FGSG_03894;FGSG_03992;FGSG_04458;FGSG_04589;FGSG_04590;FGSG_04591;FGSG_05610;FGSG_05843;FGSG_06055;FGSG_06257;FGSG_07075;FGSG_07528;FGSG_08601;FGSG_08712;FGSG_08774;FGSG_09012;FGSG_09280;FGSG_09456;FGSG_09834;FGSG_10347;FGSG_10947,1,uncharacterized protein,GO:0006950;GO:0016021,7.850122371781418,18,-2.18609275804329,2.36741661032411e-09,1,0.9252179745137492
FGSG_09039,26,0.47279536987420784,11.114457305117961,FGSG_00043;FGSG_00044;FGSG_00048;FGSG_00330;FGSG_01422;FGSG_01947;FGSG_02272;FGSG_03061;FGSG_03546;FGSG_03547;FGSG_03548;FGSG_03894;FGSG_03992;FGSG_04458;FGSG_04589;FGSG_04591;FGSG_05610;FGSG_05926;FGSG_08601;FGSG_08712;FGSG_09012;FGSG_09280;FGSG_09456;FGSG_09834;FGSG_10347;FGSG_11658,1,N amino acid transport system protein,GO:0016021,8.655340210598617,20,-1.90237450127801,3.9759863037978104e-61,1,0.9244131455399061
FGSG_00878,42,0.4925163855564073,18.384811200908487,FGSG_00330;FGSG_00743;FGSG_01422;FGSG_02030;FGSG_02271;FGSG_02272;FGSG_02461;FGSG_03061;FGSG_03295;FGSG_03340;FGSG_03546;FGSG_03547;FGSG_03548;FGSG_03894;FGSG_03992;FGSG_04458;FGSG_04490;FGSG_04588;FGSG_04589;FGSG_04590;FGSG_04591;FGSG_04592;FGSG_04593;FGSG_04596;FGSG_05368;FGSG_05610;FGSG_05926;FGSG_06055;FGSG_07075;FGSG_07528;FGSG_08601;FGSG_08712;FGSG_08774;FGSG_09012;FGSG_09280;FGSG_09456;FGSG_09826;FGSG_09834;FGSG_10347;FGSG_10947;FGSG_12180;FGSG_12223,1,uncharacterized protein,,11.43913449507408,26,-1.43808386792894,1.29001452409372e-13,1,0.9243460764587526
FGSG_00108,21,0.4772479984448872,9.184027176963273,FGSG_00330;FGSG_01422;FGSG_02272;FGSG_03061;FGSG_03546;FGSG_03547;FGSG_03548;FGSG_03894;FGSG_03992;FGSG_04458;FGSG_04589;FGSG_04590;FGSG_04591;FGSG_05610;FGSG_08601;FGSG_08712;FGSG_09012;FGSG_09280;FGSG_09456;FGSG_09834;FGSG_10347,1,uncharacterized protein,GO:0016021;GO:0055085,7.0743465828822325,16,-2.67776936975008,7.29656464965896e-07,1,0.9242119382964453
FGSG_08347,45,0.48840688494455714,20.010151107691403,FGSG_00175;FGSG_00330;FGSG_00500;FGSG_00743;FGSG_01346;FGSG_01422;FGSG_01947;FGSG_02030;FGSG_02271;FGSG_02272;FGSG_02461;FGSG_03061;FGSG_03295;FGSG_03546;FGSG_03547;FGSG_03548;FGSG_03894;FGSG_03992;FGSG_04458;FGSG_04490;FGSG_04589;FGSG_04590;FGSG_04591;FGSG_04592;FGSG_04593;FGSG_04595;FGSG_04596;FGSG_04763;FGSG_05610;FGSG_05843;FGSG_05926;FGSG_06055;FGSG_06257;FGSG_06702;FGSG_07075;FGSG_07528;FGSG_08601;FGSG_08712;FGSG_09012;FGSG_09280;FGSG_09456;FGSG_09826;FGSG_09834;FGSG_10347;FGSG_10947,1,uncharacterized protein,GO:0003333;GO:0015171;GO:0016021,12.440964161612378,28,-1.37321923501854,1.959268660964e-58,1,0.9242119382964453
FGSG_04971,34,0.46347269809298797,14.99206110273155,FGSG_00007;FGSG_01866;FGSG_02255;FGSG_02320;FGSG_02321;FGSG_02323;FGSG_02324;FGSG_02325;FGSG_02326;FGSG_02327;FGSG_02328;FGSG_02329;FGSG_02840;FGSG_02903;FGSG_03532;FGSG_03539;FGSG_03541;FGSG_03543;FGSG_03600;FGSG_03842;FGSG_03881;FGSG_07896;FGSG_08081;FGSG_08082;FGSG_08083;FGSG_08084;FGSG_08795;FGSG_09064;FGSG_09187;FGSG_10670;FGSG_11184;FGSG_11326;FGSG_12211;FGSG_13952,2,uncharacterized protein,,7.989798087843094,18,2.05604581096387,1.5736544329058998e-31,1,0.923943661971831
FGSG_07720,18,0.47215385484816585,7.748222868603832,FGSG_00330;FGSG_00743;FGSG_01422;FGSG_02272;FGSG_03061;FGSG_03546;FGSG_03547;FGSG_03548;FGSG_03894;FGSG_03992;FGSG_04458;FGSG_04589;FGSG_04591;FGSG_05610;FGSG_08601;FGSG_08712;FGSG_09834;FGSG_10347,1,uncharacterized protein,GO:0005215;GO:0016021;GO:0055085,6.094482145898009,14,-7.06129822827846,4.2391169331687704e-09,1,0.9234741784037559
FGSG_05842,51,0.5050383834771327,23.35299026261538,FGSG_00330;FGSG_00743;FGSG_00765;FGSG_01422;FGSG_02030;FGSG_02271;FGSG_02272;FGSG_02461;FGSG_02554;FGSG_02972;FGSG_03061;FGSG_03295;FGSG_03340;FGSG_03546;FGSG_03547;FGSG_03548;FGSG_03747;FGSG_03894;FGSG_03992;FGSG_04458;FGSG_04490;FGSG_04588;FGSG_04589;FGSG_04590;FGSG_04591;FGSG_04592;FGSG_04593;FGSG_04596;FGSG_05368;FGSG_05610;FGSG_06055;FGSG_07075;FGSG_07528;FGSG_08493;FGSG_08601;FGSG_08712;FGSG_08774;FGSG_09012;FGSG_09280;FGSG_09456;FGSG_09826;FGSG_09834;FGSG_10347;FGSG_10444;FGSG_10922;FGSG_10947;FGSG_11206;FGSG_12180;FGSG_12222;FGSG_12223;FGSG_13136,1,uncharacterized protein,,12.831119475484766,28,-1.31549521569699,2.33934275007779e-16,1,0.9231388329979879
FGSG_09535,57,0.5022633709179902,26.658460264929893,FGSG_00043;FGSG_00330;FGSG_00743;FGSG_00765;FGSG_01346;FGSG_01422;FGSG_01947;FGSG_02030;FGSG_02271;FGSG_02272;FGSG_02461;FGSG_02554;FGSG_02782;FGSG_03061;FGSG_03295;FGSG_03340;FGSG_03546;FGSG_03547;FGSG_03548;FGSG_03894;FGSG_03992;FGSG_04458;FGSG_04490;FGSG_04588;FGSG_04589;FGSG_04590;FGSG_04591;FGSG_04592;FGSG_04593;FGSG_04595;FGSG_04596;FGSG_04763;FGSG_05368;FGSG_05610;FGSG_05843;FGSG_05926;FGSG_06055;FGSG_06257;FGSG_06702;FGSG_07075;FGSG_07528;FGSG_08601;FGSG_08712;FGSG_08774;FGSG_09012;FGSG_09280;FGSG_09456;FGSG_09826;FGSG_09834;FGSG_10347;FGSG_10922;FGSG_10947;FGSG_11206;FGSG_12180;FGSG_12222;FGSG_12223;FGSG_13136,1,uncharacterized protein,GO:0001671;GO:0005829;GO:0006457;GO:0006950;GO:0032781;GO:0051087,15.576950297109477,33,-1.14052583529732,6.3336036147651495e-34,1,0.9226693494299127
FGSG_11819,19,0.4708750523258792,8.25938571075999,FGSG_00330;FGSG_01422;FGSG_02272;FGSG_03061;FGSG_03546;FGSG_03547;FGSG_03548;FGSG_03992;FGSG_04458;FGSG_04590;FGSG_04591;FGSG_05610;FGSG_07075;FGSG_08601;FGSG_08712;FGSG_09280;FGSG_09456;FGSG_09834;FGSG_10347,1,uncharacterized protein,,6.1650520165029485,14,-4.27407206131458,0.0001430273070988,1,0.9219315895372233
FGSG_03180,48,0.49496347428712256,21.45397131572678,FGSG_00330;FGSG_00743;FGSG_01422;FGSG_02030;FGSG_02271;FGSG_02272;FGSG_02461;FGSG_02554;FGSG_02972;FGSG_03061;FGSG_03340;FGSG_03546;FGSG_03547;FGSG_03548;FGSG_03747;FGSG_03894;FGSG_03992;FGSG_04458;FGSG_04490;FGSG_04588;FGSG_04589;FGSG_04590;FGSG_04591;FGSG_04592;FGSG_04593;FGSG_04596;FGSG_04763;FGSG_05368;FGSG_05610;FGSG_05926;FGSG_06055;FGSG_07075;FGSG_08493;FGSG_08601;FGSG_08712;FGSG_08774;FGSG_09012;FGSG_09280;FGSG_09456;FGSG_09826;FGSG_09834;FGSG_10347;FGSG_10444;FGSG_10922;FGSG_10947;FGSG_12180;FGSG_12222;FGSG_12223,1,peroxiredoxin 1,GO:0051920;GO:0055114;GO:0098869,13.526325553328,30,-1.25451049055209,4.1310866589904e-73,1,0.9209255533199194
FGSG_00052,19,0.4724215198201437,8.20311845492304,FGSG_00330;FGSG_00743;FGSG_01422;FGSG_02272;FGSG_03061;FGSG_03546;FGSG_03547;FGSG_03548;FGSG_03894;FGSG_03992;FGSG_04458;FGSG_04589;FGSG_04590;FGSG_04591;FGSG_05610;FGSG_08601;FGSG_08712;FGSG_09834;FGSG_10347,1,uncharacterized protein,GO:0000981;GO:0003677;GO:0005634;GO:0006351;GO:0006357;GO:0008270,6.5324837298331255,15,-3.11922938940842,1.25136686120963e-10,1,0.9207914151576124
FGSG_04728,26,0.4636510694703825,11.304598600280158,FGSG_01866;FGSG_02077;FGSG_02255;FGSG_02320;FGSG_02321;FGSG_02323;FGSG_02324;FGSG_02325;FGSG_02326;FGSG_02327;FGSG_02328;FGSG_02329;FGSG_02840;FGSG_02903;FGSG_03574;FGSG_03600;FGSG_03842;FGSG_03881;FGSG_05919;FGSG_08083;FGSG_08795;FGSG_09187;FGSG_10670;FGSG_11184;FGSG_11326;FGSG_13952,2,uncharacterized protein,GO:0016614;GO:0050660;GO:0055114,7.890074511555377,18,1.93824417237591,5.1894461394572604e-17,1,0.920523138832998
FGSG_02165,23,0.4775097396377181,10.266923575191358,FGSG_00330;FGSG_00743;FGSG_01422;FGSG_02271;FGSG_02272;FGSG_02461;FGSG_03061;FGSG_03546;FGSG_03548;FGSG_03894;FGSG_03992;FGSG_04458;FGSG_04589;FGSG_04590;FGSG_05610;FGSG_07075;FGSG_08601;FGSG_08712;FGSG_09012;FGSG_09280;FGSG_09456;FGSG_09834;FGSG_10347,1,uncharacterized protein,GO:0008270;GO:0016491;GO:0055114,6.71641447525869,15,-2.82414990685591,4.25212442230262e-10,1,0.9203890006706908
FGSG_00773,29,0.474238050482383,12.494159925214655,FGSG_00175;FGSG_00330;FGSG_00500;FGSG_01422;FGSG_02271;FGSG_02272;FGSG_02461;FGSG_03061;FGSG_03295;FGSG_03546;FGSG_03548;FGSG_03558;FGSG_03894;FGSG_03992;FGSG_04458;FGSG_04590;FGSG_05610;FGSG_05843;FGSG_06257;FGSG_06702;FGSG_07075;FGSG_07528;FGSG_08601;FGSG_08712;FGSG_09012;FGSG_09280;FGSG_09456;FGSG_09834;FGSG_10347,1,uncharacterized protein,GO:0005375;GO:0016021;GO:0035434,6.550538518470284,15,-3.04917235199694,5.29854196945739e-24,1,0.919852448021462
FGSG_09693,20,0.46447713864169465,8.594240330850438,FGSG_00330;FGSG_00743;FGSG_01422;FGSG_02272;FGSG_03061;FGSG_03546;FGSG_03547;FGSG_03548;FGSG_03894;FGSG_03992;FGSG_04458;FGSG_04589;FGSG_05610;FGSG_08601;FGSG_08712;FGSG_09012;FGSG_09456;FGSG_09834;FGSG_10347;FGSG_12180,1,uncharacterized protein,GO:0004930;GO:0007166;GO:0007186;GO:0016021,6.107661109308757,14,-4.39685859599756,0.0003318812711115,1,0.9197853789403085
FGSG_02469,32,0.4847393815294527,14.000105211547305,FGSG_00175;FGSG_00330;FGSG_00500;FGSG_00743;FGSG_01422;FGSG_02271;FGSG_02272;FGSG_02461;FGSG_03061;FGSG_03295;FGSG_03546;FGSG_03548;FGSG_03894;FGSG_03992;FGSG_04458;FGSG_04590;FGSG_04595;FGSG_05610;FGSG_05843;FGSG_06055;FGSG_06257;FGSG_06444;FGSG_06702;FGSG_07075;FGSG_07528;FGSG_08601;FGSG_08712;FGSG_09012;FGSG_09280;FGSG_09456;FGSG_09834;FGSG_10347,1,uncharacterized protein,GO:0000002;GO:0005634;GO:0005829;GO:0006950;GO:0008198;GO:0009228;GO:0016491;GO:0042802;GO:0052837;GO:0055114,7.583195311659809,17,-2.00041534627712,2.1919706562949202e-173,1,0.9197853789403085
FGSG_02267,30,0.46654024778858333,13.18872903202886,FGSG_00007;FGSG_01866;FGSG_02255;FGSG_02321;FGSG_02323;FGSG_02324;FGSG_02325;FGSG_02326;FGSG_02327;FGSG_02328;FGSG_02329;FGSG_02840;FGSG_03532;FGSG_03535;FGSG_03539;FGSG_03541;FGSG_03543;FGSG_03600;FGSG_03842;FGSG_03881;FGSG_07896;FGSG_08081;FGSG_08082;FGSG_08083;FGSG_08795;FGSG_09187;FGSG_10670;FGSG_11184;FGSG_11326;FGSG_13952,2,uncharacterized protein,GO:0016491;GO:0055114,7.489573698894544,17,1.98641131478421,3.18965833392772e-102,1,0.918242790073776
FGSG_02314,25,0.45663835243149686,10.690288885122193,FGSG_01866;FGSG_02077;FGSG_02255;FGSG_02320;FGSG_02321;FGSG_02323;FGSG_02324;FGSG_02325;FGSG_02326;FGSG_02327;FGSG_02328;FGSG_02329;FGSG_02840;FGSG_02903;FGSG_03574;FGSG_03842;FGSG_03881;FGSG_05919;FGSG_08083;FGSG_08795;FGSG_09187;FGSG_10670;FGSG_11326;FGSG_12211;FGSG_13952,2,uncharacterized protein,GO:0000272;GO:0004185;GO:0005576;GO:0006508;GO:0052761,6.907850778539722,16,2.58202172408517,4.4361749114776996e-35,1,0.9180415828303152
FGSG_02616,32,0.48089160971552863,13.868276485184886,FGSG_00043;FGSG_00044;FGSG_00048;FGSG_00330;FGSG_00743;FGSG_01346;FGSG_01422;FGSG_01947;FGSG_02272;FGSG_03061;FGSG_03546;FGSG_03547;FGSG_03548;FGSG_03894;FGSG_03992;FGSG_04458;FGSG_04490;FGSG_04589;FGSG_04590;FGSG_04591;FGSG_04596;FGSG_04852;FGSG_05610;FGSG_05926;FGSG_08601;FGSG_08712;FGSG_09012;FGSG_09280;FGSG_09456;FGSG_09834;FGSG_10347;FGSG_11658,1,uncharacterized protein,GO:0016787,10.920269867221144,25,-1.3935643757671,1.2731248949357398e-11,1,0.917907444668008
FGSG_05683,38,0.4990304215930862,16.390136330552924,FGSG_00330;FGSG_00743;FGSG_00765;FGSG_01422;FGSG_02030;FGSG_02272;FGSG_02461;FGSG_02554;FGSG_02972;FGSG_03061;FGSG_03340;FGSG_03546;FGSG_03548;FGSG_03747;FGSG_03894;FGSG_04458;FGSG_04588;FGSG_04589;FGSG_04590;FGSG_04591;FGSG_04592;FGSG_04593;FGSG_05368;FGSG_05610;FGSG_08493;FGSG_08601;FGSG_08712;FGSG_08774;FGSG_09012;FGSG_09826;FGSG_09834;FGSG_10347;FGSG_10444;FGSG_10922;FGSG_10947;FGSG_12180;FGSG_12222;FGSG_12223,1,uncharacterized protein,GO:0004499;GO:0050660;GO:0050661;GO:0055114,9.480321627407271,22,-1.48476319029271,2.3890169395175604e-15,1,0.9173708920187793
FGSG_03033,39,0.4993656151675221,16.73942003863593,FGSG_00330;FGSG_00743;FGSG_00765;FGSG_01422;FGSG_02030;FGSG_02271;FGSG_02272;FGSG_02461;FGSG_02554;FGSG_02972;FGSG_03061;FGSG_03546;FGSG_03548;FGSG_03747;FGSG_03894;FGSG_03992;FGSG_04458;FGSG_04588;FGSG_04589;FGSG_04590;FGSG_04593;FGSG_05368;FGSG_05610;FGSG_06055;FGSG_08493;FGSG_08601;FGSG_08712;FGSG_08774;FGSG_09012;FGSG_09826;FGSG_09834;FGSG_10347;FGSG_10444;FGSG_10922;FGSG_10947;FGSG_11206;FGSG_12180;FGSG_12223;FGSG_13136,1,uncharacterized protein,GO:0016021;GO:0055085,9.025845779530577,21,-1.53602300140657,4.2437112486113195e-28,1,0.916767270288397
FGSG_07275,39,0.4874077921483013,16.963573908376734,FGSG_00330;FGSG_00743;FGSG_01422;FGSG_02030;FGSG_02272;FGSG_02461;FGSG_02554;FGSG_02972;FGSG_03061;FGSG_03340;FGSG_03546;FGSG_03547;FGSG_03548;FGSG_03894;FGSG_03992;FGSG_04458;FGSG_04490;FGSG_04589;FGSG_04590;FGSG_04591;FGSG_04592;FGSG_04593;FGSG_04596;FGSG_05610;FGSG_05926;FGSG_06055;FGSG_08601;FGSG_08712;FGSG_08774;FGSG_09012;FGSG_09280;FGSG_09456;FGSG_09826;FGSG_09834;FGSG_10347;FGSG_10922;FGSG_10947;FGSG_12180;FGSG_12223,1,uncharacterized protein,GO:0008152;GO:0016846,11.378241902418775,26,-1.33099855246099,3.49898277088772e-47,1,0.9167002012072434
FGSG_08425,44,0.503645445227916,19.522473175818135,FGSG_00330;FGSG_00743;FGSG_00765;FGSG_01422;FGSG_02030;FGSG_02271;FGSG_02272;FGSG_02461;FGSG_02554;FGSG_02972;FGSG_03061;FGSG_03546;FGSG_03548;FGSG_03747;FGSG_03894;FGSG_03992;FGSG_04458;FGSG_04588;FGSG_04589;FGSG_04590;FGSG_04591;FGSG_04592;FGSG_04593;FGSG_05368;FGSG_05610;FGSG_06055;FGSG_07075;FGSG_08493;FGSG_08601;FGSG_08712;FGSG_08774;FGSG_09012;FGSG_09456;FGSG_09826;FGSG_09834;FGSG_10347;FGSG_10444;FGSG_10922;FGSG_10947;FGSG_11206;FGSG_12180;FGSG_12222;FGSG_12223;FGSG_13136,1,uncharacterized protein,GO:0005739;GO:0016491;GO:0051536;GO:0055114,10.14321337738377,23,-1.41483030580915,1.29619079556376e-32,1,0.9163648558014754
FGSG_05706,23,0.4692337367963815,9.956116528979845,FGSG_02321;FGSG_02323;FGSG_02324;FGSG_02325;FGSG_02326;FGSG_02327;FGSG_02328;FGSG_02329;FGSG_02840;FGSG_02903;FGSG_03539;FGSG_03541;FGSG_03599;FGSG_03600;FGSG_03842;FGSG_05919;FGSG_08082;FGSG_08083;FGSG_08795;FGSG_09187;FGSG_11184;FGSG_11326;FGSG_13952,2,uncharacterized protein,,8.288189526079192,19,1.71728401530876,8.62671489998476e-66,1,0.9156941649899397
FGSG_03862,22,0.47217095032379514,9.51265962194913,FGSG_02321;FGSG_02323;FGSG_02324;FGSG_02325;FGSG_02326;FGSG_02327;FGSG_02328;FGSG_02329;FGSG_02840;FGSG_02903;FGSG_03599;FGSG_03600;FGSG_03842;FGSG_05919;FGSG_08082;FGSG_08083;FGSG_08795;FGSG_09187;FGSG_10670;FGSG_11184;FGSG_11326;FGSG_13952,2,uncharacterized protein,GO:0016021;GO:0055085,8.656971528543503,20,1.58314803439354,7.465765429237029e-16,1,0.9134808853118712
FGSG_09706,22,0.47189620948249633,9.59611664109362,FGSG_02321;FGSG_02323;FGSG_02324;FGSG_02325;FGSG_02326;FGSG_02327;FGSG_02328;FGSG_02329;FGSG_02840;FGSG_02903;FGSG_03599;FGSG_03600;FGSG_03842;FGSG_05919;FGSG_08082;FGSG_08083;FGSG_08795;FGSG_09187;FGSG_10670;FGSG_11184;FGSG_11326;FGSG_13952,2,uncharacterized protein,GO:0005524;GO:0016887,8.73387228513794,20,1.54577225363115,3.10455802066363e-41,1,0.9131455399061033
FGSG_07174,27,0.4769184167323913,11.482751812930895,FGSG_00330;FGSG_00743;FGSG_01422;FGSG_02272;FGSG_02461;FGSG_02554;FGSG_03061;FGSG_03340;FGSG_03546;FGSG_03548;FGSG_03894;FGSG_04458;FGSG_04490;FGSG_04589;FGSG_04593;FGSG_04596;FGSG_05610;FGSG_08601;FGSG_08712;FGSG_08774;FGSG_09012;FGSG_09826;FGSG_09834;FGSG_10347;FGSG_10922;FGSG_12180;FGSG_12223,1,NADP-specific glutamate dehydrogenase,GO:0004354;GO:0005829;GO:0006520;GO:0055114,8.06864989035133,19,-1.69832516846961,7.11821737186613e-38,1,0.9129443326626425
FGSG_14015,33,0.47343064977985966,14.818880717065165,FGSG_00007;FGSG_01866;FGSG_02077;FGSG_02255;FGSG_02320;FGSG_02321;FGSG_02323;FGSG_02324;FGSG_02325;FGSG_02326;FGSG_02327;FGSG_02328;FGSG_02329;FGSG_02840;FGSG_02903;FGSG_03532;FGSG_03539;FGSG_03541;FGSG_03543;FGSG_03599;FGSG_03600;FGSG_03842;FGSG_03881;FGSG_05919;FGSG_08081;FGSG_08082;FGSG_08083;FGSG_08795;FGSG_09187;FGSG_10670;FGSG_11184;FGSG_11326;FGSG_13952,2,uncharacterized protein,GO:0008168;GO:0032259,9.16826277067657,20,1.42721277552218,4.50732436848917e-159,1,0.9127431254191818
FGSG_01149,35,0.5004236135719827,15.438117181535903,FGSG_00330;FGSG_00743;FGSG_00765;FGSG_01422;FGSG_01621;FGSG_02030;FGSG_02271;FGSG_02272;FGSG_02461;FGSG_02972;FGSG_03061;FGSG_03747;FGSG_03894;FGSG_04458;FGSG_04588;FGSG_04589;FGSG_04590;FGSG_04593;FGSG_05368;FGSG_05610;FGSG_08493;FGSG_08601;FGSG_08712;FGSG_08774;FGSG_09012;FGSG_09834;FGSG_10347;FGSG_10444;FGSG_10922;FGSG_10947;FGSG_11206;FGSG_12180;FGSG_12222;FGSG_12223;FGSG_13136,1,uncharacterized protein,GO:0016021,7.441046839376313,17,-1.86885594375478,1.01694219215739e-55,1,0.9127431254191818
FGSG_13378,23,0.4651458502189547,9.974182975122444,FGSG_00330;FGSG_00743;FGSG_01422;FGSG_02272;FGSG_02461;FGSG_03061;FGSG_03546;FGSG_03547;FGSG_03548;FGSG_03894;FGSG_03992;FGSG_04458;FGSG_04589;FGSG_04590;FGSG_04591;FGSG_05610;FGSG_08601;FGSG_08712;FGSG_09012;FGSG_09280;FGSG_09456;FGSG_09834;FGSG_10347,1,uncharacterized protein,,7.007016835765404,16,-2.08621001670669,1.49122541447183e-06,1,0.9124077800134138
FGSG_14016,26,0.459189711841002,11.158017101625314,FGSG_00007;FGSG_01866;FGSG_02255;FGSG_02320;FGSG_02321;FGSG_02323;FGSG_02324;FGSG_02325;FGSG_02326;FGSG_02327;FGSG_02328;FGSG_02329;FGSG_02840;FGSG_02903;FGSG_03574;FGSG_03600;FGSG_03842;FGSG_03881;FGSG_08082;FGSG_08083;FGSG_08795;FGSG_09187;FGSG_10670;FGSG_11326;FGSG_12211;FGSG_13952,2,uncharacterized protein,,7.379469951547784,17,1.88380693067832,2.86466752647848e-22,1,0.9123407109322603
FGSG_11670,18,0.4682811306624361,7.776008381334801,FGSG_00330;FGSG_01422;FGSG_02272;FGSG_03061;FGSG_03546;FGSG_03547;FGSG_03548;FGSG_03992;FGSG_04458;FGSG_04590;FGSG_04591;FGSG_05610;FGSG_07075;FGSG_08601;FGSG_09280;FGSG_09456;FGSG_09834;FGSG_10347,1,uncharacterized protein,GO:0005634;GO:0005829,6.110239331133186,14,-3.03993474505847,2.09373924935332e-08,1,0.9117370892018779
FGSG_11610,32,0.4707256285703251,14.166653019817726,FGSG_00007;FGSG_01866;FGSG_02255;FGSG_02320;FGSG_02321;FGSG_02323;FGSG_02324;FGSG_02325;FGSG_02326;FGSG_02327;FGSG_02328;FGSG_02329;FGSG_02840;FGSG_02903;FGSG_03532;FGSG_03539;FGSG_03541;FGSG_03543;FGSG_03599;FGSG_03600;FGSG_03842;FGSG_03881;FGSG_05919;FGSG_08081;FGSG_08082;FGSG_08083;FGSG_08795;FGSG_09187;FGSG_10670;FGSG_11184;FGSG_11326;FGSG_13952,2,uncharacterized protein,GO:0000981;GO:0005634;GO:0006357;GO:0008270,8.95320968022604,20,1.45589826929798,6.8583512822905804e-68,1,0.9116029510395707
FGSG_02218,19,0.4674671622607109,8.199472165734695,FGSG_02321;FGSG_02323;FGSG_02324;FGSG_02325;FGSG_02326;FGSG_02327;FGSG_02328;FGSG_02329;FGSG_02840;FGSG_02903;FGSG_03599;FGSG_03600;FGSG_03842;FGSG_05919;FGSG_08083;FGSG_09187;FGSG_11184;FGSG_11326;FGSG_13952,2,uncharacterized protein,GO:0008152;GO:0016787,7.355304497851607,17,1.85287489724271,1.9264246714542e-92,1,0.9111334674714956
FGSG_07646,16,0.46561384059822497,6.931514617908716,FGSG_02321;FGSG_02323;FGSG_02324;FGSG_02325;FGSG_02326;FGSG_02327;FGSG_02328;FGSG_02329;FGSG_02840;FGSG_02903;FGSG_03599;FGSG_03842;FGSG_08083;FGSG_10670;FGSG_11326;FGSG_13952,2,uncharacterized protein,GO:0046353;GO:0046677,6.08108733478669,14,3.05516247385694,2.40249430090824e-28,1,0.9108651911468812
FGSG_04183,48,0.49601427137701126,21.83594517032267,FGSG_00330;FGSG_00743;FGSG_01422;FGSG_01947;FGSG_02030;FGSG_02271;FGSG_02272;FGSG_02461;FGSG_03061;FGSG_03295;FGSG_03340;FGSG_03546;FGSG_03547;FGSG_03548;FGSG_03894;FGSG_03992;FGSG_04458;FGSG_04490;FGSG_04588;FGSG_04589;FGSG_04590;FGSG_04591;FGSG_04592;FGSG_04593;FGSG_04595;FGSG_04596;FGSG_04763;FGSG_05368;FGSG_05610;FGSG_05843;FGSG_06055;FGSG_06257;FGSG_07075;FGSG_07528;FGSG_08601;FGSG_08712;FGSG_08774;FGSG_09012;FGSG_09280;FGSG_09456;FGSG_09826;FGSG_09834;FGSG_10347;FGSG_10947;FGSG_11206;FGSG_12180;FGSG_12223;FGSG_13136,1,uncharacterized protein,GO:0005634;GO:0005829;GO:0031505,13.193919058494087,29,-1.13362345614561,1.9001520482030698e-12,1,0.9104627766599598
FGSG_07263,29,0.4847527486493921,12.499788820494148,FGSG_00330;FGSG_00743;FGSG_01422;FGSG_02030;FGSG_02272;FGSG_02461;FGSG_02554;FGSG_03061;FGSG_03546;FGSG_03548;FGSG_03894;FGSG_03992;FGSG_04458;FGSG_04490;FGSG_04589;FGSG_04590;FGSG_04591;FGSG_04593;FGSG_05610;FGSG_06055;FGSG_08601;FGSG_08712;FGSG_08774;FGSG_09012;FGSG_09456;FGSG_09834;FGSG_10347;FGSG_12180;FGSG_12223,1,uncharacterized protein,GO:0004417;GO:0004789;GO:0009228;GO:0016310;GO:0016491;GO:0055114,7.772493894449422,18,-1.70324212564748,7.47985395161832e-13,1,0.9102615694164989
FGSG_05011,31,0.47668708780594377,13.20126997311331,FGSG_00043;FGSG_00044;FGSG_00048;FGSG_00330;FGSG_00743;FGSG_01346;FGSG_01422;FGSG_01947;FGSG_02272;FGSG_03061;FGSG_03340;FGSG_03546;FGSG_03547;FGSG_03548;FGSG_03894;FGSG_03992;FGSG_04458;FGSG_04490;FGSG_04589;FGSG_04591;FGSG_04596;FGSG_05610;FGSG_05926;FGSG_08601;FGSG_08712;FGSG_09012;FGSG_09280;FGSG_09456;FGSG_09834;FGSG_10347;FGSG_11658,1,uncharacterized protein,GO:0016021;GO:0055085,10.30674222274114,24,-1.30088732855575,1.68557984618129e-45,1,0.9096579476861167
FGSG_09054,35,0.4803230103496369,15.172054294032256,FGSG_00330;FGSG_00743;FGSG_01422;FGSG_02030;FGSG_02272;FGSG_02461;FGSG_03061;FGSG_03546;FGSG_03547;FGSG_03548;FGSG_03894;FGSG_03992;FGSG_04458;FGSG_04490;FGSG_04589;FGSG_04590;FGSG_04591;FGSG_04593;FGSG_04596;FGSG_04763;FGSG_05610;FGSG_06055;FGSG_07075;FGSG_08601;FGSG_08712;FGSG_08774;FGSG_09012;FGSG_09280;FGSG_09456;FGSG_09826;FGSG_09834;FGSG_10347;FGSG_10947;FGSG_12180;FGSG_12223,1,uncharacterized protein,GO:0004497;GO:0055114,9.964066274848687,23,-1.31638254995668,4.49810916480623e-05,1,0.9085848423876592
FGSG_10803,19,0.4591018386272414,8.177743147091737,FGSG_00330;FGSG_00743;FGSG_01422;FGSG_02272;FGSG_03061;FGSG_03546;FGSG_03548;FGSG_03894;FGSG_03992;FGSG_04458;FGSG_04589;FGSG_05610;FGSG_08601;FGSG_08712;FGSG_09012;FGSG_09456;FGSG_09834;FGSG_10347;FGSG_12180,1,uncharacterized protein,,5.669118663189421,13,-4.40191821531801,3.623072237884e-08,1,0.9080482897384305
FGSG_08357,27,0.46195865473732983,11.673598052271215,FGSG_00007;FGSG_01866;FGSG_02255;FGSG_02321;FGSG_02323;FGSG_02324;FGSG_02325;FGSG_02326;FGSG_02327;FGSG_02328;FGSG_02329;FGSG_02840;FGSG_03539;FGSG_03541;FGSG_03599;FGSG_03600;FGSG_03842;FGSG_03881;FGSG_07896;FGSG_08081;FGSG_08082;FGSG_08083;FGSG_08795;FGSG_09187;FGSG_11184;FGSG_11326;FGSG_13952,2,uncharacterized protein,GO:0008080,7.439400571941613,17,1.72275177990253,1.1546010023518299e-55,1,0.907981220657277
FGSG_13840,15,0.46876061891292065,6.5580166968285925,FGSG_02321;FGSG_02323;FGSG_02324;FGSG_02325;FGSG_02326;FGSG_02327;FGSG_02328;FGSG_02329;FGSG_02840;FGSG_02903;FGSG_03599;FGSG_03842;FGSG_08083;FGSG_11326;FGSG_13952,2,uncharacterized protein,GO:0016614;GO:0050660;GO:0055114,5.708083392499138,13,3.48920715092106,2.0388266974623402e-17,1,0.9076458752515091
FGSG_12702,31,0.4744960709834854,13.410979172548913,FGSG_00330;FGSG_00743;FGSG_01422;FGSG_02272;FGSG_02461;FGSG_03061;FGSG_03340;FGSG_03546;FGSG_03547;FGSG_03548;FGSG_03894;FGSG_03992;FGSG_04458;FGSG_04589;FGSG_04590;FGSG_04591;FGSG_04592;FGSG_04593;FGSG_04596;FGSG_05610;FGSG_06055;FGSG_08601;FGSG_08712;FGSG_08774;FGSG_09012;FGSG_09280;FGSG_09456;FGSG_09826;FGSG_09834;FGSG_10347;FGSG_10947,1,uncharacterized protein,GO:0016021,9.070384700764341,21,-1.36988678901425,2.48127414261187e-08,1,0.9075117370892019
FGSG_00713,25,0.475075971700077,10.799140724278645,FGSG_00043;FGSG_00044;FGSG_00330;FGSG_01422;FGSG_01947;FGSG_02272;FGSG_03061;FGSG_03546;FGSG_03547;FGSG_03548;FGSG_03894;FGSG_03992;FGSG_04458;FGSG_04589;FGSG_04590;FGSG_04591;FGSG_05610;FGSG_05926;FGSG_08601;FGSG_08712;FGSG_09012;FGSG_09280;FGSG_09456;FGSG_09834;FGSG_10347,1,uncharacterized protein,GO:0000981;GO:0003677;GO:0005634;GO:0006351;GO:0008270;GO:0009410;GO:0043619,8.70206868338278,20,-1.43079001156837,6.96453201269322e-28,1,0.9067069081153588
FGSG_08375,19,0.4703595624392712,8.159825777279426,FGSG_02321;FGSG_02323;FGSG_02324;FGSG_02325;FGSG_02326;FGSG_02327;FGSG_02328;FGSG_02329;FGSG_02840;FGSG_02903;FGSG_03599;FGSG_03842;FGSG_05919;FGSG_08083;FGSG_09187;FGSG_10670;FGSG_11184;FGSG_11326;FGSG_13952,2,uncharacterized protein,GO:0000111;GO:0003684;GO:0005829;GO:0006289;GO:0006298;GO:0016021;GO:0043161;GO:0055085;GO:0072686,7.311085593711035,17,1.74017544561988,3.2703971771481896e-30,1,0.9065727699530516
FGSG_03430,24,0.48293643788108903,10.1936695603412,FGSG_00743;FGSG_01422;FGSG_02272;FGSG_02461;FGSG_02554;FGSG_02972;FGSG_03061;FGSG_03340;FGSG_03747;FGSG_03894;FGSG_04458;FGSG_04589;FGSG_04593;FGSG_05610;FGSG_08601;FGSG_08712;FGSG_08774;FGSG_09012;FGSG_09826;FGSG_10347;FGSG_10922;FGSG_10947;FGSG_12180;FGSG_12223,1,uncharacterized protein,GO:0016491;GO:0055114,5.982761566042472,14,-2.93642365624353,9.10073962245678e-75,1,0.9063715627095909
FGSG_04457,26,0.4717878627589193,11.380272162071993,FGSG_01866;FGSG_02077;FGSG_02320;FGSG_02321;FGSG_02323;FGSG_02324;FGSG_02325;FGSG_02326;FGSG_02327;FGSG_02328;FGSG_02329;FGSG_02840;FGSG_02903;FGSG_03599;FGSG_03600;FGSG_03842;FGSG_03881;FGSG_05919;FGSG_08082;FGSG_08083;FGSG_08795;FGSG_09187;FGSG_10670;FGSG_11184;FGSG_11326;FGSG_13952,2,uncharacterized protein,,8.86329256332106,20,1.38570661626358,8.34777231785643e-115,1,0.9059020791415158
FGSG_07741,29,0.461718707677008,12.618898594974706,FGSG_00007;FGSG_01866;FGSG_02255;FGSG_02321;FGSG_02323;FGSG_02324;FGSG_02325;FGSG_02326;FGSG_02327;FGSG_02328;FGSG_02329;FGSG_02840;FGSG_03532;FGSG_03539;FGSG_03541;FGSG_03543;FGSG_03600;FGSG_03842;FGSG_03881;FGSG_07896;FGSG_08081;FGSG_08082;FGSG_08083;FGSG_08795;FGSG_09187;FGSG_10670;FGSG_11184;FGSG_11326;FGSG_13952,2,uncharacterized protein,GO:0005576;GO:0009405,7.410495386290048,17,1.68114271232009,2.31641218953188e-13,1,0.9056338028169013
FGSG_07590,21,0.47202837384675206,9.032277882335274,FGSG_00330;FGSG_00743;FGSG_01422;FGSG_02272;FGSG_02461;FGSG_02554;FGSG_03061;FGSG_03340;FGSG_03546;FGSG_03548;FGSG_03894;FGSG_04458;FGSG_04589;FGSG_05610;FGSG_08601;FGSG_08712;FGSG_08774;FGSG_09012;FGSG_09834;FGSG_10347;FGSG_12180,1,uncharacterized protein,GO:0051213;GO:0055114,5.6465206938681165,13,-4.33690271411662,9.11115532857397e-16,1,0.9051643192488263
FGSG_11750,44,0.4827432789248851,19.4952117713152,FGSG_00043;FGSG_00330;FGSG_00743;FGSG_01346;FGSG_01422;FGSG_01947;FGSG_02030;FGSG_02272;FGSG_02461;FGSG_02554;FGSG_03061;FGSG_03340;FGSG_03546;FGSG_03547;FGSG_03548;FGSG_03894;FGSG_03992;FGSG_04458;FGSG_04490;FGSG_04589;FGSG_04590;FGSG_04591;FGSG_04592;FGSG_04593;FGSG_04596;FGSG_04763;FGSG_05610;FGSG_05926;FGSG_06055;FGSG_06257;FGSG_07075;FGSG_08601;FGSG_08712;FGSG_08774;FGSG_09012;FGSG_09280;FGSG_09456;FGSG_09826;FGSG_09834;FGSG_10347;FGSG_10922;FGSG_10947;FGSG_12180;FGSG_12223,1,uncharacterized protein,GO:0000981;GO:0003677;GO:0005634;GO:0006351;GO:0006357;GO:0008270,13.805533011362991,31,-1.04273492000581,4.016155618612121e-31,1,0.9050972501676728
FGSG_13110,38,0.48839396391340806,16.520748676651486,FGSG_00330;FGSG_00743;FGSG_01422;FGSG_02030;FGSG_02272;FGSG_02461;FGSG_02554;FGSG_02972;FGSG_03061;FGSG_03340;FGSG_03546;FGSG_03547;FGSG_03548;FGSG_03747;FGSG_03894;FGSG_03992;FGSG_04458;FGSG_04490;FGSG_04589;FGSG_04590;FGSG_04591;FGSG_04592;FGSG_04593;FGSG_04596;FGSG_05610;FGSG_06055;FGSG_08601;FGSG_08712;FGSG_08774;FGSG_09012;FGSG_09280;FGSG_09826;FGSG_09834;FGSG_10347;FGSG_10922;FGSG_10947;FGSG_12180;FGSG_12223,1,D-lactate dehydrogenase 2,GO:0000981;GO:0005634;GO:0006357;GO:0008270;GO:0016614;GO:0050660;GO:0055114,11.291082371297025,26,-1.21454923591227,2.9979358130478997e-41,1,0.904560697518444
FGSG_03956,15,0.46219184471086294,6.484212637987857,FGSG_02321;FGSG_02323;FGSG_02324;FGSG_02325;FGSG_02326;FGSG_02327;FGSG_02328;FGSG_02329;FGSG_02840;FGSG_02903;FGSG_03599;FGSG_03842;FGSG_08083;FGSG_11326;FGSG_13952,2,uncharacterized protein,GO:0016021;GO:0055085,5.640577162251828,13,4.08675623535944,2.70573327997021e-28,1,0.9031522468142187
FGSG_02343,36,0.47521124848523305,16.115150202229394,FGSG_00007;FGSG_01866;FGSG_02077;FGSG_02255;FGSG_02320;FGSG_02321;FGSG_02323;FGSG_02324;FGSG_02325;FGSG_02326;FGSG_02327;FGSG_02328;FGSG_02329;FGSG_02840;FGSG_02903;FGSG_03532;FGSG_03539;FGSG_03541;FGSG_03543;FGSG_03574;FGSG_03599;FGSG_03600;FGSG_03842;FGSG_03881;FGSG_05919;FGSG_08081;FGSG_08082;FGSG_08083;FGSG_08795;FGSG_09064;FGSG_09187;FGSG_10670;FGSG_11184;FGSG_11326;FGSG_12211;FGSG_13952,2,uncharacterized protein,GO:0005215;GO:0016021;GO:0055085,9.111127478574318,20,1.29114131725619,4.2717413806049e-41,1,0.9028839704896042
FGSG_05166,22,0.4776363042804892,9.645248842184317,FGSG_00330;FGSG_00743;FGSG_01422;FGSG_02272;FGSG_02461;FGSG_03061;FGSG_03546;FGSG_03548;FGSG_03894;FGSG_03992;FGSG_04458;FGSG_04589;FGSG_04590;FGSG_04593;FGSG_05610;FGSG_08601;FGSG_08712;FGSG_08774;FGSG_09012;FGSG_09456;FGSG_09834;FGSG_10347,1,uncharacterized protein,,6.1237523287482,14,-2.38510057920887,0.0009755247658707,1,0.9021462105969149
FGSG_02522,45,0.5021178354844014,19.722670182518666,FGSG_00330;FGSG_00743;FGSG_00765;FGSG_01422;FGSG_01621;FGSG_02030;FGSG_02271;FGSG_02272;FGSG_02461;FGSG_02554;FGSG_02972;FGSG_03061;FGSG_03340;FGSG_03546;FGSG_03548;FGSG_03747;FGSG_03894;FGSG_03992;FGSG_04458;FGSG_04588;FGSG_04589;FGSG_04590;FGSG_04591;FGSG_04592;FGSG_04593;FGSG_05368;FGSG_05610;FGSG_07075;FGSG_08493;FGSG_08601;FGSG_08712;FGSG_08774;FGSG_09012;FGSG_09456;FGSG_09826;FGSG_09834;FGSG_10347;FGSG_10444;FGSG_10922;FGSG_10947;FGSG_11206;FGSG_12180;FGSG_12222;FGSG_12223;FGSG_13136,1,SUR2 protein,GO:0000170;GO:0005506;GO:0005789;GO:0006633;GO:0006665;GO:0016021;GO:0055114,10.456457918091568,24,-1.22598873630051,8.542563387258401e-25,1,0.9021462105969148
FGSG_09526,40,0.49377417102081617,17.235682153070563,FGSG_00330;FGSG_00743;FGSG_00765;FGSG_01422;FGSG_02030;FGSG_02272;FGSG_02461;FGSG_02554;FGSG_02972;FGSG_03061;FGSG_03340;FGSG_03546;FGSG_03547;FGSG_03548;FGSG_03747;FGSG_03894;FGSG_03992;FGSG_04458;FGSG_04490;FGSG_04589;FGSG_04590;FGSG_04591;FGSG_04592;FGSG_04593;FGSG_04596;FGSG_05368;FGSG_05610;FGSG_06055;FGSG_08601;FGSG_08712;FGSG_08774;FGSG_09012;FGSG_09826;FGSG_09834;FGSG_10347;FGSG_10444;FGSG_10922;FGSG_10947;FGSG_12180;FGSG_12223,1,uncharacterized protein,GO:0016021,11.180936945859933,26,-1.15581354704179,5.59187354638698e-35,1,0.9009389671361503
FGSG_04223,34,0.49220210121045305,15.04558608858013,FGSG_00330;FGSG_00500;FGSG_00743;FGSG_01422;FGSG_02030;FGSG_02271;FGSG_02272;FGSG_02461;FGSG_03061;FGSG_03295;FGSG_03546;FGSG_03547;FGSG_03548;FGSG_03894;FGSG_03992;FGSG_04458;FGSG_04589;FGSG_04590;FGSG_04591;FGSG_04595;FGSG_04763;FGSG_05610;FGSG_05843;FGSG_06055;FGSG_06257;FGSG_07075;FGSG_07528;FGSG_08601;FGSG_08712;FGSG_09012;FGSG_09280;FGSG_09456;FGSG_09834;FGSG_10347,1,aldehyde reductase 1,GO:0016491;GO:0055114,8.884039663318907,20,-1.30414227251453,2.07572919883175e-43,1,0.9008718980549967
FGSG_10728,20,0.4712613509380244,8.624808909116311,FGSG_00330;FGSG_00743;FGSG_01422;FGSG_02272;FGSG_03061;FGSG_03546;FGSG_03547;FGSG_03548;FGSG_03894;FGSG_03992;FGSG_04458;FGSG_04589;FGSG_04591;FGSG_05610;FGSG_08601;FGSG_08712;FGSG_09012;FGSG_09456;FGSG_09834;FGSG_10347,1,uncharacterized protein,GO:0004568;GO:0005975;GO:0006032;GO:0006508;GO:0007130;GO:0008047;GO:0010997;GO:0030476;GO:0043085;GO:0044778;GO:0045732;GO:0097027,6.141026573279362,14,-2.29042649263529,3.12733361809407e-10,1,0.900670690811536
FGSG_02274,20,0.4557301690062512,8.712035300745175,FGSG_00330;FGSG_00743;FGSG_01422;FGSG_02272;FGSG_02461;FGSG_03061;FGSG_03546;FGSG_03548;FGSG_03894;FGSG_03992;FGSG_04458;FGSG_04589;FGSG_04590;FGSG_05610;FGSG_08601;FGSG_08712;FGSG_09012;FGSG_09456;FGSG_09834;FGSG_10347,1,uncharacterized protein,GO:0016021,5.706980198185118,13,-2.88383755920573,8.27935928254726e-05,1,0.9004694835680751
FGSG_09210,15,0.45536516854438897,6.4519179888359455,FGSG_02321;FGSG_02323;FGSG_02324;FGSG_02325;FGSG_02326;FGSG_02327;FGSG_02328;FGSG_02329;FGSG_02840;FGSG_03599;FGSG_03842;FGSG_08083;FGSG_11184;FGSG_11326;FGSG_13952,2,uncharacterized protein,GO:0006950;GO:0016021;GO:0055085,5.618924631340082,13,3.86702720575114,3.6158932133964e-166,1,0.9001341381623071
FGSG_09483,15,0.4659709835563371,6.493089399809789,FGSG_02321;FGSG_02323;FGSG_02324;FGSG_02325;FGSG_02326;FGSG_02327;FGSG_02328;FGSG_02329;FGSG_02840;FGSG_02903;FGSG_03599;FGSG_05919;FGSG_08083;FGSG_11326;FGSG_13952,2,uncharacterized protein,GO:0004617;GO:0006564;GO:0016597;GO:0051287;GO:0055114,5.6513518244343635,13,3.12415419290077,7.21424821835298e-42,1,0.8995305164319248
FGSG_06060,19,0.474791298330982,8.328928616030684,FGSG_00330;FGSG_01422;FGSG_01947;FGSG_02272;FGSG_03061;FGSG_03546;FGSG_03547;FGSG_03548;FGSG_03992;FGSG_04458;FGSG_04590;FGSG_04591;FGSG_05610;FGSG_08601;FGSG_08712;FGSG_09280;FGSG_09456;FGSG_09834;FGSG_10347,1,uncharacterized protein,GO:0016021;GO:0016491;GO:0055114,6.6424668185763345,15,-1.82827040955242,4.49204721662019e-19,1,0.8990610328638499
FGSG_02050,20,0.4706504810944625,8.582948854162325,FGSG_00330;FGSG_01422;FGSG_02271;FGSG_02272;FGSG_02461;FGSG_03061;FGSG_03295;FGSG_03546;FGSG_03548;FGSG_03992;FGSG_04458;FGSG_04590;FGSG_05610;FGSG_07075;FGSG_08601;FGSG_08712;FGSG_09280;FGSG_09456;FGSG_09834;FGSG_10347,1,uncharacterized protein,,5.63016535787982,13,-3.48237688091604,6.22892088689013e-13,1,0.898859825620389
FGSG_07683,27,0.46213397897663816,11.729741256829337,FGSG_00007;FGSG_01866;FGSG_02255;FGSG_02321;FGSG_02323;FGSG_02324;FGSG_02325;FGSG_02326;FGSG_02327;FGSG_02328;FGSG_02329;FGSG_03532;FGSG_03539;FGSG_03541;FGSG_03543;FGSG_03600;FGSG_03842;FGSG_03881;FGSG_07896;FGSG_08081;FGSG_08082;FGSG_08083;FGSG_08795;FGSG_09187;FGSG_11184;FGSG_11326;FGSG_13952,2,uncharacterized protein,GO:0008270;GO:0016491;GO:0055114,6.578255810658072,15,1.88511140187779,3.0946760407627604e-61,1,0.8985915492957747
FGSG_08322,26,0.49586780301712857,11.569446454039294,FGSG_00330;FGSG_00743;FGSG_01422;FGSG_02271;FGSG_02272;FGSG_02461;FGSG_03061;FGSG_03295;FGSG_03546;FGSG_03548;FGSG_03894;FGSG_03992;FGSG_04458;FGSG_04590;FGSG_05610;FGSG_06055;FGSG_06257;FGSG_07075;FGSG_07528;FGSG_08601;FGSG_08712;FGSG_08774;FGSG_09012;FGSG_09456;FGSG_09834;FGSG_10347,1,uncharacterized protein,,6.28206164593642,14,-2.02853411653843,6.47341197125035e-16,1,0.8981220657276996
FGSG_10884,21,0.4724366833122894,9.070567910275392,FGSG_00043;FGSG_00044;FGSG_00047;FGSG_00048;FGSG_00330;FGSG_01422;FGSG_01947;FGSG_02272;FGSG_03061;FGSG_03546;FGSG_03547;FGSG_03548;FGSG_03992;FGSG_04458;FGSG_04590;FGSG_04591;FGSG_08601;FGSG_09280;FGSG_09456;FGSG_09834;FGSG_10347,1,uncharacterized protein,GO:0004674;GO:0006468,8.211495667237642,19,-1.36683936165732,3.90687863681035e-19,1,0.8981220657276996
FGSG_08700,25,0.4691432429224517,10.593195254181184,FGSG_00330;FGSG_00743;FGSG_01422;FGSG_02272;FGSG_02461;FGSG_02554;FGSG_03061;FGSG_03340;FGSG_03546;FGSG_03548;FGSG_03894;FGSG_04458;FGSG_04490;FGSG_04589;FGSG_04596;FGSG_05610;FGSG_08601;FGSG_08712;FGSG_08774;FGSG_09012;FGSG_09826;FGSG_10347;FGSG_10922;FGSG_12180;FGSG_12223,1,malate synthase,GO:0004474;GO:0006097;GO:0006099,7.224448910979821,17,-1.55022140456586,4.20949984733492e-84,1,0.8979879275653924
FGSG_07588,28,0.4685451381836227,12.321297666261982,FGSG_00007;FGSG_01866;FGSG_02077;FGSG_02255;FGSG_02320;FGSG_02321;FGSG_02323;FGSG_02324;FGSG_02325;FGSG_02326;FGSG_02327;FGSG_02328;FGSG_02329;FGSG_02840;FGSG_02903;FGSG_03599;FGSG_03600;FGSG_03842;FGSG_03881;FGSG_05919;FGSG_08082;FGSG_08083;FGSG_08795;FGSG_09187;FGSG_10670;FGSG_11184;FGSG_11326;FGSG_13952,2,uncharacterized protein,GO:0019867,8.902847642640312,20,1.26742377169107,4.17881088776239e-70,1,0.8971160295103957
FGSG_11230,22,0.47054488199370514,9.512574585921676,FGSG_02321;FGSG_02323;FGSG_02324;FGSG_02325;FGSG_02326;FGSG_02327;FGSG_02328;FGSG_02329;FGSG_02840;FGSG_02903;FGSG_03599;FGSG_03600;FGSG_03842;FGSG_05919;FGSG_08082;FGSG_08083;FGSG_08795;FGSG_09187;FGSG_10670;FGSG_11184;FGSG_11326;FGSG_13952,2,uncharacterized protein,,8.661955405547602,20,1.28592465279682,2.85076504205972e-58,1,0.896244131455399
FGSG_03662,48,0.4968581200388667,21.7232722166528,FGSG_00330;FGSG_00743;FGSG_00765;FGSG_01422;FGSG_01621;FGSG_02030;FGSG_02271;FGSG_02272;FGSG_02461;FGSG_02782;FGSG_03061;FGSG_03295;FGSG_03546;FGSG_03547;FGSG_03548;FGSG_03894;FGSG_03992;FGSG_04309;FGSG_04458;FGSG_04588;FGSG_04589;FGSG_04590;FGSG_04591;FGSG_04592;FGSG_04593;FGSG_05368;FGSG_05610;FGSG_06055;FGSG_06257;FGSG_06506;FGSG_07075;FGSG_07528;FGSG_08601;FGSG_08712;FGSG_08774;FGSG_09012;FGSG_09280;FGSG_09456;FGSG_09826;FGSG_09834;FGSG_10347;FGSG_10922;FGSG_10947;FGSG_11206;FGSG_12180;FGSG_12222;FGSG_12223;FGSG_13136,1,uncharacterized protein,,10.756582456865521,24,-1.11149764302923,1.18103361575016e-30,1,0.8958417169684776
FGSG_00260,31,0.497720512480886,13.688667097237671,FGSG_00743;FGSG_00765;FGSG_01422;FGSG_01621;FGSG_02030;FGSG_02272;FGSG_02461;FGSG_02972;FGSG_03061;FGSG_03747;FGSG_03894;FGSG_04458;FGSG_04588;FGSG_04589;FGSG_04590;FGSG_04593;FGSG_05368;FGSG_05610;FGSG_08493;FGSG_08712;FGSG_08774;FGSG_09012;FGSG_10347;FGSG_10444;FGSG_10922;FGSG_10947;FGSG_11206;FGSG_12180;FGSG_12222;FGSG_12223;FGSG_13136,1,uncharacterized protein,,5.7789620441683125,13,-2.35685132680782,8.084445774367421e-73,1,0.8952380952380952
FGSG_09333,21,0.4656006880203428,9.154844284199026,FGSG_00330;FGSG_00743;FGSG_01422;FGSG_02272;FGSG_02461;FGSG_03061;FGSG_03546;FGSG_03548;FGSG_03894;FGSG_03992;FGSG_04458;FGSG_04589;FGSG_04590;FGSG_05610;FGSG_08601;FGSG_08712;FGSG_09012;FGSG_09456;FGSG_09834;FGSG_10347;FGSG_12180,1,RDR1 protein,GO:0000981;GO:0003677;GO:0005634;GO:0006351;GO:0006357;GO:0008270;GO:0009410,6.188028596799507,14,-1.9392849995125,4.38816870998445e-22,1,0.8951039570757879
FGSG_02814,49,0.4993404882638255,22.57229235320608,FGSG_00330;FGSG_00743;FGSG_00765;FGSG_01422;FGSG_02030;FGSG_02271;FGSG_02272;FGSG_02461;FGSG_02782;FGSG_03061;FGSG_03295;FGSG_03546;FGSG_03547;FGSG_03548;FGSG_03894;FGSG_03992;FGSG_04458;FGSG_04490;FGSG_04588;FGSG_04589;FGSG_04590;FGSG_04591;FGSG_04592;FGSG_04593;FGSG_04595;FGSG_04596;FGSG_04763;FGSG_05368;FGSG_05610;FGSG_05843;FGSG_06055;FGSG_06257;FGSG_07075;FGSG_07528;FGSG_08601;FGSG_08712;FGSG_08774;FGSG_09012;FGSG_09280;FGSG_09456;FGSG_09826;FGSG_09834;FGSG_10347;FGSG_10947;FGSG_11206;FGSG_12180;FGSG_12222;FGSG_12223;FGSG_13136,1,uncharacterized protein,GO:0046983,12.447791870751228,27,-1.0291587051962,7.490125655143111e-44,1,0.8940979208584843
FGSG_12548,23,0.47728081434278974,9.741350453610421,FGSG_00743;FGSG_01422;FGSG_02272;FGSG_02461;FGSG_02554;FGSG_03061;FGSG_03340;FGSG_03546;FGSG_03548;FGSG_03894;FGSG_04458;FGSG_04589;FGSG_04593;FGSG_05610;FGSG_08601;FGSG_08712;FGSG_08774;FGSG_09012;FGSG_09826;FGSG_10347;FGSG_10922;FGSG_12180;FGSG_12223,1,uncharacterized protein,GO:0005576;GO:0016021;GO:0016998;GO:0030600,6.372388578571325,15,-1.88107880441264,9.831689947424309e-36,1,0.8938967136150235
FGSG_02657,23,0.4719009423574953,9.990189984952375,FGSG_00330;FGSG_00743;FGSG_01422;FGSG_02272;FGSG_02461;FGSG_03061;FGSG_03546;FGSG_03547;FGSG_03548;FGSG_03894;FGSG_03992;FGSG_04458;FGSG_04589;FGSG_04590;FGSG_04591;FGSG_05610;FGSG_08601;FGSG_08712;FGSG_09012;FGSG_09280;FGSG_09456;FGSG_09834;FGSG_10347,1,uncharacterized protein,GO:0020037;GO:0051213;GO:0055114,7.019239956239595,16,-1.52899716972976,1.74017946659619e-20,1,0.8936955063715627
FGSG_04780,22,0.4594539593951032,9.522150176895675,FGSG_00330;FGSG_00743;FGSG_01422;FGSG_02272;FGSG_02461;FGSG_03061;FGSG_03546;FGSG_03548;FGSG_03894;FGSG_03992;FGSG_04458;FGSG_04589;FGSG_04590;FGSG_05610;FGSG_07075;FGSG_08601;FGSG_08712;FGSG_09012;FGSG_09280;FGSG_09456;FGSG_09834;FGSG_10347,1,uncharacterized protein,GO:0016021;GO:0016491;GO:0055114,6.133696954414828,14,-1.93448552284511,0.0304190201295496,1,0.8922870556673375
FGSG_03025,31,0.5029405902366193,13.377277148239628,FGSG_00743;FGSG_00765;FGSG_01422;FGSG_02030;FGSG_02271;FGSG_02272;FGSG_02461;FGSG_03061;FGSG_03894;FGSG_04458;FGSG_04588;FGSG_04589;FGSG_04590;FGSG_04593;FGSG_05368;FGSG_05610;FGSG_07075;FGSG_08493;FGSG_08601;FGSG_08712;FGSG_08774;FGSG_09012;FGSG_09456;FGSG_09834;FGSG_10347;FGSG_10922;FGSG_10947;FGSG_11206;FGSG_12180;FGSG_12223;FGSG_13136,1,uncharacterized protein,,6.044929291306175,14,-2.04816084705496,6.38298141267824e-05,1,0.8918846411804158
FGSG_12935,17,0.4700666991988677,7.354279144573263,FGSG_00330;FGSG_01422;FGSG_02272;FGSG_03061;FGSG_03546;FGSG_03547;FGSG_03548;FGSG_03894;FGSG_03992;FGSG_04458;FGSG_04589;FGSG_04591;FGSG_08601;FGSG_09280;FGSG_09456;FGSG_09834;FGSG_10347,1,uncharacterized protein,GO:0008270,6.524525509359108,15,-1.71234834484969,3.07538631071708e-16,1,0.8913480885311871
FGSG_13992,16,0.4646238795538942,6.941805932241225,FGSG_02321;FGSG_02323;FGSG_02324;FGSG_02325;FGSG_02326;FGSG_02327;FGSG_02328;FGSG_02329;FGSG_02840;FGSG_03599;FGSG_03842;FGSG_08083;FGSG_09187;FGSG_11184;FGSG_11326;FGSG_13952,2,uncharacterized protein,,6.0968698034517494,14,1.93648257812852,6.79555101060491e-38,1,0.8913480885311871
FGSG_04159,21,0.4645462088001984,8.987843687205096,FGSG_00330;FGSG_00743;FGSG_01422;FGSG_02272;FGSG_03061;FGSG_03546;FGSG_03547;FGSG_03548;FGSG_03894;FGSG_03992;FGSG_04458;FGSG_04589;FGSG_04591;FGSG_05610;FGSG_08601;FGSG_08712;FGSG_09012;FGSG_09280;FGSG_09456;FGSG_09834;FGSG_10347,1,uncharacterized protein,GO:0016021,6.510851231534004,15,-1.69419591370049,3.40308438923678e-08,1,0.8898054996646546
FGSG_03789,19,0.45610396229987216,8.221773749931963,FGSG_00330;FGSG_00743;FGSG_01422;FGSG_02272;FGSG_02461;FGSG_03061;FGSG_03546;FGSG_03548;FGSG_03894;FGSG_03992;FGSG_04458;FGSG_04589;FGSG_04590;FGSG_05610;FGSG_08601;FGSG_08712;FGSG_09456;FGSG_09834;FGSG_10347,1,uncharacterized protein,,5.680528776067233,13,-2.30357878507031,0.0005302189462317,1,0.8890677397719651
FGSG_10655,19,0.4710546574137929,8.14879569449987,FGSG_00330;FGSG_01422;FGSG_02271;FGSG_02272;FGSG_03061;FGSG_03295;FGSG_03546;FGSG_03548;FGSG_03992;FGSG_04458;FGSG_04590;FGSG_05610;FGSG_07075;FGSG_08601;FGSG_08712;FGSG_09280;FGSG_09456;FGSG_09834;FGSG_10347,1,uncharacterized protein,GO:0016021;GO:0016491;GO:0055114,5.624294364314964,13,-2.73633300271244,1.99334896543887e-22,1,0.8888665325285043
FGSG_09827,17,0.4380208493934337,7.109056204641961,FGSG_00330;FGSG_00743;FGSG_01422;FGSG_02272;FGSG_03061;FGSG_03546;FGSG_03548;FGSG_03894;FGSG_03992;FGSG_04458;FGSG_04589;FGSG_04590;FGSG_05610;FGSG_08601;FGSG_08712;FGSG_09834;FGSG_10347,1,uncharacterized protein,,5.452333421573654,13,-3.10446010224778,0.0083385058395582,1,0.8886653252850436
FGSG_08210,14,0.45948085029948404,6.041820196252678,FGSG_02321;FGSG_02323;FGSG_02324;FGSG_02325;FGSG_02326;FGSG_02327;FGSG_02328;FGSG_02329;FGSG_02903;FGSG_03599;FGSG_03842;FGSG_08083;FGSG_11326;FGSG_13952,2,uncharacterized protein,,5.204046564499709,12,3.78939039658002,2.4385372171277798e-11,1,0.8876592890677397
FGSG_05532,14,0.4615335276388739,6.060406837625568,FGSG_02321;FGSG_02323;FGSG_02324;FGSG_02325;FGSG_02326;FGSG_02327;FGSG_02328;FGSG_02329;FGSG_02840;FGSG_02903;FGSG_03599;FGSG_05919;FGSG_11326;FGSG_13952,2,uncharacterized protein,GO:0016021,5.2291679113928415,12,3.30829898987213,2.02015693856183e-72,1,0.8871898054996646
FGSG_10316,18,0.46714314291553544,7.786092880134798,FGSG_02321;FGSG_02323;FGSG_02324;FGSG_02325;FGSG_02326;FGSG_02327;FGSG_02328;FGSG_02329;FGSG_02840;FGSG_03599;FGSG_03600;FGSG_03842;FGSG_08082;FGSG_08083;FGSG_09187;FGSG_11184;FGSG_11326;FGSG_13952,2,uncharacterized protein,,6.942086663553093,16,1.43311251991751,1.81396977315555e-23,1,0.8865191146881288
FGSG_04504,15,0.4624708929636305,6.487461235922899,FGSG_02321;FGSG_02323;FGSG_02324;FGSG_02325;FGSG_02326;FGSG_02327;FGSG_02328;FGSG_02329;FGSG_02840;FGSG_02903;FGSG_03599;FGSG_05919;FGSG_08083;FGSG_11326;FGSG_13952,2,uncharacterized protein,GO:0003993;GO:0016311;GO:0046872,5.65549686147915,13,2.26126572157544,2.05333679262224e-68,1,0.8861167002012071
FGSG_10433,20,0.4778250923374285,8.570691491215358,FGSG_00330;FGSG_00743;FGSG_01422;FGSG_02272;FGSG_02461;FGSG_03061;FGSG_03546;FGSG_03548;FGSG_03894;FGSG_04458;FGSG_04589;FGSG_05610;FGSG_08601;FGSG_08712;FGSG_08774;FGSG_09012;FGSG_09834;FGSG_10347;FGSG_10922;FGSG_12180,1,uncharacterized protein,GO:0004252;GO:0006508,5.578010041469817,13,-2.71973800022576,2.20339858790097e-07,1,0.8855801475519784
FGSG_13196,28,0.46557763384647366,12.185895339194495,FGSG_01866;FGSG_02077;FGSG_02255;FGSG_02320;FGSG_02321;FGSG_02323;FGSG_02324;FGSG_02325;FGSG_02326;FGSG_02327;FGSG_02328;FGSG_02329;FGSG_02840;FGSG_02903;FGSG_03574;FGSG_03599;FGSG_03600;FGSG_03842;FGSG_03881;FGSG_05919;FGSG_08082;FGSG_08083;FGSG_08795;FGSG_09187;FGSG_10670;FGSG_11184;FGSG_11326;FGSG_13952,2,uncharacterized protein,GO:0016491;GO:0055114,8.754017199727336,20,1.14229681565947,3.03235764491559e-08,1,0.8854460093896714
FGSG_03143,14,0.46839340993183,6.102250809463038,FGSG_02321;FGSG_02323;FGSG_02324;FGSG_02325;FGSG_02326;FGSG_02327;FGSG_02328;FGSG_02329;FGSG_02840;FGSG_03842;FGSG_08083;FGSG_08795;FGSG_11326;FGSG_13952,2,uncharacterized protein,GO:0016787,5.252351901624415,12,3.04077680412532,1.63812428862797e-20,1,0.8853118712273642
FGSG_02220,19,0.4634492561896599,8.003375781694963,FGSG_00330;FGSG_00743;FGSG_01422;FGSG_02272;FGSG_03061;FGSG_03340;FGSG_03546;FGSG_03548;FGSG_03894;FGSG_04458;FGSG_04589;FGSG_05610;FGSG_08601;FGSG_08712;FGSG_08774;FGSG_09012;FGSG_10347;FGSG_10922;FGSG_12180,1,uncharacterized protein,GO:0016620;GO:0055114,5.5117262426699,13,-2.78835182090942,2.23821434136711e-36,1,0.884708249496982
FGSG_08240,33,0.4595998502753863,14.31814014429057,FGSG_00007;FGSG_01866;FGSG_02255;FGSG_02320;FGSG_02321;FGSG_02323;FGSG_02324;FGSG_02325;FGSG_02326;FGSG_02327;FGSG_02328;FGSG_02329;FGSG_02840;FGSG_02903;FGSG_03532;FGSG_03539;FGSG_03541;FGSG_03543;FGSG_03600;FGSG_03842;FGSG_03881;FGSG_05919;FGSG_08081;FGSG_08082;FGSG_08083;FGSG_08795;FGSG_09064;FGSG_09187;FGSG_10670;FGSG_11184;FGSG_11326;FGSG_12211;FGSG_13952,2,uncharacterized protein,,8.30902088197418,19,1.17998241529692,0.0158272271425694,1,0.8837692823608316
FGSG_07705,17,0.45991503881836876,7.356980622077346,FGSG_02077;FGSG_02320;FGSG_02321;FGSG_02323;FGSG_02324;FGSG_02325;FGSG_02326;FGSG_02327;FGSG_02328;FGSG_02329;FGSG_02840;FGSG_02903;FGSG_05919;FGSG_08083;FGSG_08795;FGSG_10670;FGSG_11326,2,uncharacterized protein,,5.65317309795657,13,2.14232638647544,9.10395551555524e-22,1,0.8829644533869887
FGSG_08402,12,0.4677820740144965,5.18297466943402,FGSG_00330;FGSG_03546;FGSG_03547;FGSG_03548;FGSG_03992;FGSG_04458;FGSG_04589;FGSG_04591;FGSG_08601;FGSG_09280;FGSG_09834;FGSG_10347,1,nitrite reductase,GO:0008942;GO:0020037;GO:0042128;GO:0046872;GO:0050660;GO:0050661;GO:0051537;GO:0055114,5.18297466943402,12,-3.45067513400873,3.17140193253196e-169,1,0.8826961770623742
FGSG_03678,19,0.4622001885616157,8.086298857855297,FGSG_02320;FGSG_02321;FGSG_02323;FGSG_02324;FGSG_02325;FGSG_02326;FGSG_02327;FGSG_02328;FGSG_02329;FGSG_02840;FGSG_02903;FGSG_03842;FGSG_05919;FGSG_08083;FGSG_08795;FGSG_09187;FGSG_10670;FGSG_11326;FGSG_13952,2,uncharacterized protein,,6.8235026951321025,16,1.40597141375749,1.12579946229268e-05,1,0.8824279007377599
FGSG_11568,13,0.4647079976796502,5.59194374973334,FGSG_00330;FGSG_01422;FGSG_03546;FGSG_03547;FGSG_03548;FGSG_03992;FGSG_04458;FGSG_04589;FGSG_04591;FGSG_08601;FGSG_09280;FGSG_09834;FGSG_10347,1,uncharacterized protein,GO:0004499;GO:0050660;GO:0050661;GO:0055114,5.190351402225378,12,-3.30362964614271,1.47524345951035e-07,1,0.8820254862508383
FGSG_09104,12,0.46269369127673415,5.29239256977313,FGSG_00330;FGSG_03546;FGSG_03547;FGSG_03548;FGSG_03992;FGSG_04458;FGSG_04591;FGSG_08601;FGSG_09280;FGSG_09456;FGSG_09834;FGSG_10347,1,uncharacterized protein,GO:0016021;GO:0016491;GO:0046872;GO:0055085;GO:0055114,4.860778307829003,11,-5.54825729649467,0.0002742178984104,1,0.8819584171696848
FGSG_11073,21,0.4599202713258968,8.953630896775241,FGSG_00007;FGSG_01866;FGSG_02255;FGSG_02320;FGSG_02321;FGSG_02323;FGSG_02324;FGSG_02325;FGSG_02326;FGSG_02327;FGSG_02328;FGSG_02329;FGSG_02903;FGSG_03842;FGSG_03881;FGSG_08083;FGSG_08795;FGSG_09187;FGSG_10670;FGSG_11326;FGSG_13952,2,uncharacterized protein,GO:0004177;GO:0006508,6.034719994795662,14,1.72601266319604,1.24815419039934e-16,1,0.8816901408450705
FGSG_04788,22,0.47686061850875155,9.581752150220446,FGSG_00330;FGSG_01422;FGSG_02271;FGSG_02272;FGSG_02461;FGSG_03061;FGSG_03295;FGSG_03546;FGSG_03548;FGSG_03894;FGSG_03992;FGSG_04458;FGSG_04590;FGSG_05610;FGSG_07075;FGSG_08601;FGSG_08712;FGSG_09012;FGSG_09280;FGSG_09456;FGSG_09834;FGSG_10347,1,uncharacterized protein,,6.164292294586919,14,-1.59647090721235,7.154584105733131e-17,1,0.8814889336016096
FGSG_06278,21,0.4622404804124193,8.906906116019083,FGSG_01866;FGSG_02321;FGSG_02323;FGSG_02324;FGSG_02325;FGSG_02326;FGSG_02327;FGSG_02328;FGSG_02329;FGSG_02840;FGSG_02903;FGSG_03600;FGSG_03842;FGSG_03881;FGSG_08082;FGSG_08083;FGSG_08795;FGSG_09187;FGSG_10670;FGSG_11326;FGSG_13952,2,glucoamylase precursor,GO:0000272;GO:0004339;GO:2001070,7.245345127604598,17,1.28086855300027,3.56217617853838e-06,1,0.8811535881958417
FGSG_03026,29,0.4960436132989882,12.624528288932172,FGSG_00743;FGSG_00765;FGSG_01422;FGSG_02030;FGSG_02272;FGSG_02461;FGSG_02972;FGSG_03061;FGSG_03747;FGSG_03894;FGSG_04588;FGSG_04589;FGSG_04590;FGSG_04593;FGSG_05368;FGSG_05610;FGSG_08493;FGSG_08712;FGSG_08774;FGSG_09012;FGSG_10347;FGSG_10444;FGSG_10922;FGSG_10947;FGSG_11206;FGSG_12180;FGSG_12222;FGSG_12223;FGSG_13136,1,uncharacterized protein,GO:0006260;GO:0008998;GO:0051536;GO:0055114,5.293698515850643,12,-2.68353442361346,2.0061724858178503e-31,1,0.8810194500335345
FGSG_10991,20,0.4754371677995601,8.741522611303461,FGSG_00330;FGSG_00743;FGSG_01422;FGSG_02272;FGSG_02461;FGSG_03061;FGSG_03546;FGSG_03548;FGSG_03894;FGSG_04458;FGSG_04589;FGSG_04590;FGSG_05610;FGSG_08601;FGSG_08712;FGSG_08774;FGSG_09012;FGSG_09456;FGSG_09834;FGSG_10347,1,uncharacterized protein,GO:0004497;GO:0005506;GO:0016021;GO:0016705;GO:0020037;GO:0055114,5.207977642708918,12,-2.91023004315437,0.0020091313117014,1,0.8794097920858485
FGSG_03715,12,0.4720397475731125,5.303501154735142,FGSG_00330;FGSG_03546;FGSG_03547;FGSG_03548;FGSG_03992;FGSG_04458;FGSG_04589;FGSG_04591;FGSG_08601;FGSG_09280;FGSG_09834;FGSG_10347,1,uncharacterized protein,,5.303501154735142,12,-2.55627872254448,4.78243020464165e-167,1,0.8793427230046948
FGSG_02967,42,0.495586967591204,18.49078973234682,FGSG_00330;FGSG_00743;FGSG_00765;FGSG_01422;FGSG_02030;FGSG_02271;FGSG_02272;FGSG_02461;FGSG_02782;FGSG_03061;FGSG_03295;FGSG_03546;FGSG_03548;FGSG_03894;FGSG_03992;FGSG_04309;FGSG_04458;FGSG_04588;FGSG_04589;FGSG_04590;FGSG_04591;FGSG_04593;FGSG_05368;FGSG_05610;FGSG_05843;FGSG_06055;FGSG_06257;FGSG_06506;FGSG_07075;FGSG_07528;FGSG_08601;FGSG_08712;FGSG_08774;FGSG_09012;FGSG_09280;FGSG_09456;FGSG_09834;FGSG_10347;FGSG_10947;FGSG_11206;FGSG_12180;FGSG_13136,1,uncharacterized protein,,8.360103132865545,19,-1.09215030310604,1.80837571320845e-19,1,0.8785378940308518
FGSG_00054,33,0.46527046747544465,14.446987342474761,FGSG_00007;FGSG_01866;FGSG_02077;FGSG_02255;FGSG_02320;FGSG_02321;FGSG_02323;FGSG_02324;FGSG_02325;FGSG_02326;FGSG_02327;FGSG_02328;FGSG_02329;FGSG_02840;FGSG_02903;FGSG_03532;FGSG_03539;FGSG_03541;FGSG_03574;FGSG_03600;FGSG_03842;FGSG_03881;FGSG_05919;FGSG_08081;FGSG_08082;FGSG_08083;FGSG_08795;FGSG_09187;FGSG_10670;FGSG_11184;FGSG_11326;FGSG_12211;FGSG_13952,2,uncharacterized protein,GO:0005488;GO:0006355,8.495463171544438,19,1.08894381938788,7.41471992779858e-24,1,0.8784708249496982
FGSG_12129,17,0.4746283321491651,7.497340350319182,FGSG_00330;FGSG_01422;FGSG_02272;FGSG_03061;FGSG_03546;FGSG_03547;FGSG_03548;FGSG_03992;FGSG_04458;FGSG_04590;FGSG_04591;FGSG_08601;FGSG_08712;FGSG_09280;FGSG_09456;FGSG_09834;FGSG_10347,1,peroxisomal copper amine oxidase,GO:0005507;GO:0008131;GO:0009308;GO:0048038;GO:0055114,6.238507217472557,14,-1.4590755224272,2.82621160726687e-44,1,0.8770623742454728
FGSG_09170,15,0.4648104300262781,6.4605743574254255,FGSG_02321;FGSG_02323;FGSG_02324;FGSG_02325;FGSG_02326;FGSG_02327;FGSG_02328;FGSG_02329;FGSG_02840;FGSG_02903;FGSG_08083;FGSG_08795;FGSG_10670;FGSG_11326;FGSG_13952,2,uncharacterized protein,,5.629226236890013,13,1.98800761206182,7.85911549983136e-06,1,0.875720992622401
FGSG_02108,14,0.4597676787176576,6.044233213055633,FGSG_02321;FGSG_02323;FGSG_02324;FGSG_02325;FGSG_02326;FGSG_02327;FGSG_02328;FGSG_02329;FGSG_02903;FGSG_03599;FGSG_03842;FGSG_08083;FGSG_11326;FGSG_13952,2,uncharacterized protein,,5.208244925428012,12,2.65527018212038,8.32551488923422e-22,1,0.8753185781354795
FGSG_02822,26,0.46112343033283365,11.20084461318094,FGSG_00007;FGSG_01866;FGSG_02255;FGSG_02321;FGSG_02323;FGSG_02324;FGSG_02325;FGSG_02326;FGSG_02327;FGSG_02328;FGSG_02329;FGSG_02840;FGSG_03539;FGSG_03541;FGSG_03600;FGSG_03842;FGSG_03881;FGSG_07896;FGSG_08081;FGSG_08082;FGSG_08083;FGSG_08795;FGSG_09187;FGSG_11184;FGSG_11326;FGSG_13952,2,uncharacterized protein,,6.942109363935238,16,1.27643894012656,3.3190714212279e-25,1,0.8747820254862507
FGSG_00199,19,0.456702705545805,8.19809799569525,FGSG_01866;FGSG_02077;FGSG_02320;FGSG_02321;FGSG_02323;FGSG_02324;FGSG_02325;FGSG_02326;FGSG_02327;FGSG_02328;FGSG_02329;FGSG_02840;FGSG_02903;FGSG_03574;FGSG_05919;FGSG_08083;FGSG_08795;FGSG_10670;FGSG_11326,2,uncharacterized protein,,5.644827753460723,13,1.8936022213595,1.56629399920257e-51,1,0.8743125419181758
FGSG_08201,13,0.4659019358152334,5.656958351150279,FGSG_02321;FGSG_02323;FGSG_02324;FGSG_02325;FGSG_02326;FGSG_02327;FGSG_02328;FGSG_02329;FGSG_02903;FGSG_08083;FGSG_10670;FGSG_11326;FGSG_13952,2,uncharacterized protein,,4.816398908637242,11,3.61970928706847,9.70087651869404e-05,1,0.8742454728370221
FGSG_01580,21,0.4628869804984643,8.902781530725917,FGSG_00007;FGSG_01866;FGSG_02321;FGSG_02324;FGSG_02325;FGSG_02326;FGSG_02327;FGSG_02328;FGSG_02329;FGSG_03539;FGSG_03541;FGSG_03600;FGSG_03842;FGSG_03881;FGSG_06039;FGSG_07896;FGSG_08081;FGSG_08082;FGSG_08083;FGSG_09187;FGSG_13952,2,uncharacterized protein,GO:0016021,5.125656605854926,12,3.05574766110357,1.34254160330544e-168,1,0.8739101274312542
FGSG_07687,16,0.4693236815478416,6.933976871980271,FGSG_01866;FGSG_02321;FGSG_02323;FGSG_02324;FGSG_02325;FGSG_02326;FGSG_02327;FGSG_02328;FGSG_02329;FGSG_03600;FGSG_03842;FGSG_08082;FGSG_08083;FGSG_09187;FGSG_11326;FGSG_13952,2,uncharacterized protein,,5.680131859781457,13,1.71643765848824,4.06589675264407e-09,1,0.8731723675385646
FGSG_03693,22,0.47187662677010783,9.487126737231417,FGSG_00175;FGSG_00330;FGSG_01422;FGSG_02271;FGSG_02272;FGSG_02461;FGSG_03061;FGSG_03295;FGSG_03546;FGSG_03548;FGSG_03894;FGSG_03992;FGSG_04458;FGSG_04590;FGSG_05610;FGSG_07075;FGSG_07528;FGSG_08712;FGSG_09012;FGSG_09456;FGSG_09834;FGSG_10347,1,uncharacterized protein,GO:0005375;GO:0016021;GO:0035434,5.19059033284626,12,-2.57166829811283,1.48958049487785e-38,1,0.8716297786720322
FGSG_11025,20,0.4650794230200635,8.63196443789506,FGSG_02321;FGSG_02323;FGSG_02324;FGSG_02325;FGSG_02326;FGSG_02327;FGSG_02328;FGSG_02329;FGSG_02840;FGSG_03539;FGSG_03541;FGSG_03599;FGSG_03600;FGSG_03842;FGSG_08082;FGSG_08083;FGSG_09187;FGSG_11184;FGSG_11326;FGSG_13952,2,uncharacterized protein,,6.987111045184276,16,1.24404966228757,1.42324356795526e-68,1,0.871495640509725
FGSG_05486,11,0.46267449024806895,4.823040035485003,FGSG_00330;FGSG_03546;FGSG_03547;FGSG_03548;FGSG_03992;FGSG_04458;FGSG_04591;FGSG_08601;FGSG_09280;FGSG_09834;FGSG_10347,1,uncharacterized protein,,4.823040035485003,11,-3.12013152289958,2.9781368197434197e-92,1,0.8706237424547283
FGSG_08950,22,0.4767878651887478,9.562218359168543,FGSG_00043;FGSG_00330;FGSG_01422;FGSG_02272;FGSG_03061;FGSG_03546;FGSG_03547;FGSG_03548;FGSG_03894;FGSG_03992;FGSG_04458;FGSG_04589;FGSG_04590;FGSG_04591;FGSG_05610;FGSG_08601;FGSG_08712;FGSG_09012;FGSG_09280;FGSG_09456;FGSG_09834;FGSG_10347,1,uncharacterized protein,GO:0004725;GO:0035335,7.474405774207462,17,-1.08753796565132,1.6862874022635001e-18,1,0.8693494299128102
FGSG_11439,12,0.46331980957560753,5.292758461590225,FGSG_00330;FGSG_03546;FGSG_03547;FGSG_03548;FGSG_03992;FGSG_04458;FGSG_04591;FGSG_08601;FGSG_09280;FGSG_09456;FGSG_09834;FGSG_10347,1,uncharacterized protein,GO:0005215;GO:0016021;GO:0055085,4.86766331369115,11,-2.88079567851122,2.6145208925557102e-111,1,0.8689470154258887
FGSG_01283,28,0.46300093968044403,12.228289298344128,FGSG_00007;FGSG_01866;FGSG_02255;FGSG_02321;FGSG_02323;FGSG_02324;FGSG_02325;FGSG_02326;FGSG_02327;FGSG_02328;FGSG_02329;FGSG_02840;FGSG_03532;FGSG_03539;FGSG_03541;FGSG_03600;FGSG_03842;FGSG_03881;FGSG_07896;FGSG_08081;FGSG_08082;FGSG_08083;FGSG_08795;FGSG_09187;FGSG_10670;FGSG_11184;FGSG_11326;FGSG_13952,2,uncharacterized protein,GO:0004563;GO:0005975,7.47977330506787,17,1.08328429508094,3.57138653088768e-28,1,0.868879946344735
FGSG_04126,12,0.4533823303438796,5.190287348002705,FGSG_00330;FGSG_03546;FGSG_03547;FGSG_03548;FGSG_03992;FGSG_04458;FGSG_04591;FGSG_08601;FGSG_09280;FGSG_09456;FGSG_09834;FGSG_10347,1,uricase,GO:0004846;GO:0005634;GO:0005777;GO:0005829;GO:0006144;GO:0019628;GO:0055114,4.786894733120227,11,-3.13176120461978,7.9526932417002e-226,1,0.8685446009389671
FGSG_08191,28,0.45859889199822707,12.010006343018164,FGSG_00007;FGSG_01866;FGSG_02077;FGSG_02255;FGSG_02320;FGSG_02321;FGSG_02323;FGSG_02324;FGSG_02325;FGSG_02326;FGSG_02327;FGSG_02328;FGSG_02329;FGSG_02840;FGSG_02903;FGSG_03532;FGSG_03574;FGSG_03600;FGSG_03842;FGSG_03881;FGSG_08082;FGSG_08083;FGSG_08795;FGSG_09187;FGSG_10670;FGSG_11326;FGSG_12211;FGSG_13952,2,uncharacterized protein,GO:0004497;GO:0005506;GO:0016021;GO:0016705;GO:0020037;GO:0055114,7.3895113013967455,17,1.08967460924093,0.0375889429035182,1,0.8685446009389671
FGSG_06056,20,0.46416388940039377,8.620498171647153,FGSG_00330;FGSG_00743;FGSG_01422;FGSG_02272;FGSG_03061;FGSG_03340;FGSG_03546;FGSG_03548;FGSG_03894;FGSG_03992;FGSG_04458;FGSG_04589;FGSG_05610;FGSG_08601;FGSG_08712;FGSG_09012;FGSG_09456;FGSG_09834;FGSG_10347;FGSG_12180,1,uncharacterized protein,GO:0001104;GO:0006357;GO:0016592,6.107704961752694,14,-1.37783320684072,6.10489633725718e-16,1,0.8682092555331992
FGSG_06605,22,0.4634547212141085,9.445557642042735,FGSG_00007;FGSG_01866;FGSG_02321;FGSG_02324;FGSG_02325;FGSG_02326;FGSG_02327;FGSG_02328;FGSG_02329;FGSG_03539;FGSG_03541;FGSG_03600;FGSG_03842;FGSG_03881;FGSG_06039;FGSG_07896;FGSG_08081;FGSG_08082;FGSG_08083;FGSG_09187;FGSG_11326;FGSG_13952,2,beta-glucosidase 1 precursor,GO:0008422;GO:0030245;GO:0102483,5.6017132722486895,13,1.76637265366669,1.0484321911993501e-31,1,0.866264252179745
FGSG_12214,13,0.45569718948637966,5.539840847848863,FGSG_02321;FGSG_02323;FGSG_02324;FGSG_02325;FGSG_02326;FGSG_02327;FGSG_02328;FGSG_02329;FGSG_02903;FGSG_03599;FGSG_03842;FGSG_11326;FGSG_13952,2,uncharacterized protein,,4.717699872756512,11,3.87860222508397,1.0685688744438199e-273,1,0.8654594232059021
FGSG_03990,14,0.4598981261533846,6.030870573000054,FGSG_02321;FGSG_02323;FGSG_02324;FGSG_02325;FGSG_02326;FGSG_02327;FGSG_02328;FGSG_02329;FGSG_02903;FGSG_03842;FGSG_08083;FGSG_10670;FGSG_11326;FGSG_13952,2,uncharacterized protein,GO:0016311;GO:0016791;GO:0047407,5.192719707903626,12,2.18983373519576,1.1405854625655e-26,1,0.8651911468812876
FGSG_06566,20,0.47939690648343236,8.741752249672642,FGSG_00330;FGSG_01422;FGSG_02272;FGSG_02461;FGSG_03061;FGSG_03295;FGSG_03546;FGSG_03547;FGSG_03548;FGSG_03992;FGSG_04458;FGSG_04590;FGSG_05610;FGSG_07075;FGSG_08601;FGSG_08712;FGSG_09280;FGSG_09456;FGSG_09834;FGSG_10347,1,succinate/fumarate transporter,GO:0005469;GO:0015741;GO:0016021;GO:0071422,5.778031824164705,13,-1.42602285582422,5.05352392985932e-41,1,0.8651240778001342
FGSG_08188,21,0.45223762190015265,9.007994037916978,FGSG_01866;FGSG_02077;FGSG_02320;FGSG_02321;FGSG_02323;FGSG_02324;FGSG_02325;FGSG_02326;FGSG_02327;FGSG_02328;FGSG_02329;FGSG_02903;FGSG_03574;FGSG_03881;FGSG_08083;FGSG_08795;FGSG_09187;FGSG_10670;FGSG_11326;FGSG_12211;FGSG_13952,2,uncharacterized protein,GO:0000166;GO:0005507;GO:0016021;GO:0019829;GO:0030001;GO:0098655,5.614595037253354,13,1.71717910882234,2.90191383365059e-51,1,0.8650570087189806
FGSG_04087,23,0.4610901772479629,9.975201919102856,FGSG_00330;FGSG_00743;FGSG_01422;FGSG_02272;FGSG_02461;FGSG_03061;FGSG_03546;FGSG_03547;FGSG_03548;FGSG_03894;FGSG_03992;FGSG_04458;FGSG_04589;FGSG_04590;FGSG_05610;FGSG_08601;FGSG_08712;FGSG_08774;FGSG_09012;FGSG_09280;FGSG_09456;FGSG_09834;FGSG_10347,1,uncharacterized protein,GO:0006672;GO:0016021;GO:0016811,6.504562916107961,15,-1.26169850981909,1.1899884944638799e-11,1,0.8644533869885982
FGSG_12926,12,0.45985781228354605,5.19566837333261,FGSG_00330;FGSG_03546;FGSG_03547;FGSG_03548;FGSG_03992;FGSG_04458;FGSG_04591;FGSG_08601;FGSG_09280;FGSG_09456;FGSG_09834;FGSG_10347,1,uncharacterized protein,GO:0000981;GO:0003677;GO:0005634;GO:0006351;GO:0006357;GO:0008270,4.785713295888848,11,-2.93452913414657,4.23051459472426e-53,1,0.8643863179074447
FGSG_04542,26,0.460996279865215,11.254440908549732,FGSG_00007;FGSG_01866;FGSG_02255;FGSG_02321;FGSG_02323;FGSG_02324;FGSG_02325;FGSG_02326;FGSG_02327;FGSG_02328;FGSG_02329;FGSG_02840;FGSG_03539;FGSG_03541;FGSG_03600;FGSG_03842;FGSG_03881;FGSG_07896;FGSG_08081;FGSG_08082;FGSG_08083;FGSG_08795;FGSG_09187;FGSG_11184;FGSG_11326;FGSG_13952,2,uncharacterized protein,GO:0016620;GO:0055114,6.986851044297906,16,1.1247617026668,1.00933167478664e-16,1,0.8639168343393696
FGSG_04874,14,0.45651507854841733,6.03439614487491,FGSG_02321;FGSG_02323;FGSG_02324;FGSG_02325;FGSG_02326;FGSG_02327;FGSG_02328;FGSG_02329;FGSG_02903;FGSG_03599;FGSG_03842;FGSG_08083;FGSG_11326;FGSG_13952,2,uncharacterized protein,GO:0008152,5.2001042696555615,12,2.04733696469387,1.98322290535668e-33,1,0.8631790744466801
FGSG_03520,12,0.458669452304644,5.273578252293615,FGSG_00330;FGSG_03546;FGSG_03547;FGSG_03548;FGSG_03992;FGSG_04458;FGSG_04591;FGSG_08601;FGSG_09280;FGSG_09456;FGSG_09834;FGSG_10347,1,uncharacterized protein,GO:0003824;GO:0008270,4.8424127286412935,11,-2.61683573740003,6.60561415756713e-264,1,0.8631790744466801
FGSG_04828,14,0.4575725842305006,6.040644427637613,FGSG_02321;FGSG_02323;FGSG_02324;FGSG_02325;FGSG_02326;FGSG_02327;FGSG_02328;FGSG_02329;FGSG_02903;FGSG_03599;FGSG_03842;FGSG_08083;FGSG_11326;FGSG_13952,2,uncharacterized protein,GO:0016021;GO:0020037;GO:0051213;GO:0055114,5.208532388391981,12,1.95068622536006,6.19845335079617e-31,1,0.8629107981220657
FGSG_03951,24,0.4803025217628744,10.68308294510282,FGSG_00330;FGSG_00743;FGSG_01422;FGSG_02272;FGSG_02461;FGSG_03061;FGSG_03546;FGSG_03547;FGSG_03548;FGSG_03894;FGSG_03992;FGSG_04458;FGSG_04589;FGSG_04590;FGSG_04591;FGSG_05610;FGSG_06055;FGSG_08601;FGSG_08712;FGSG_09012;FGSG_09280;FGSG_09456;FGSG_09834;FGSG_10347,1,uncharacterized protein,GO:0006665;GO:0008168;GO:0016021;GO:0032259,7.222140886701194,16,-1.0650872167138,1.68093127602287e-21,1,0.8623742454728369
FGSG_12150,21,0.4793758372840754,9.033055840545963,FGSG_00330;FGSG_00743;FGSG_01422;FGSG_02272;FGSG_02461;FGSG_03061;FGSG_03546;FGSG_03548;FGSG_03894;FGSG_04458;FGSG_04589;FGSG_04590;FGSG_05610;FGSG_08601;FGSG_08712;FGSG_08774;FGSG_09012;FGSG_09456;FGSG_09834;FGSG_10347;FGSG_12180,1,uncharacterized protein,,5.552725354959721,13,-1.72484291632682,0.0001321061342506,1,0.8622401073105299
FGSG_00285,19,0.45895244091228066,8.165075908547696,FGSG_00330;FGSG_00743;FGSG_01422;FGSG_02272;FGSG_02554;FGSG_03061;FGSG_03340;FGSG_03546;FGSG_03548;FGSG_03894;FGSG_04458;FGSG_04589;FGSG_05610;FGSG_08601;FGSG_08712;FGSG_09012;FGSG_09834;FGSG_10347;FGSG_12180,1,uncharacterized protein,GO:0016021,5.649240124719728,13,-1.52543184638598,3.99250473460662e-36,1,0.8622401073105298
FGSG_10974,23,0.4601109326739432,9.865207642961648,FGSG_00007;FGSG_01866;FGSG_02321;FGSG_02324;FGSG_02325;FGSG_02326;FGSG_02327;FGSG_02328;FGSG_02329;FGSG_03535;FGSG_03539;FGSG_03541;FGSG_03600;FGSG_03842;FGSG_03881;FGSG_07896;FGSG_08081;FGSG_08082;FGSG_08083;FGSG_09187;FGSG_11184;FGSG_11326;FGSG_13952,2,uncharacterized protein,,6.014501781625787,14,1.32610812814493,1.6425665100403801e-31,1,0.8617035546613012
FGSG_08681,20,0.4658916547152065,8.761346582832081,FGSG_00330;FGSG_00743;FGSG_01422;FGSG_02272;FGSG_02461;FGSG_03061;FGSG_03546;FGSG_03548;FGSG_03894;FGSG_03992;FGSG_04458;FGSG_04589;FGSG_04590;FGSG_05610;FGSG_08601;FGSG_08712;FGSG_09012;FGSG_09456;FGSG_09834;FGSG_10347,1,uncharacterized protein,,5.704493056507537,13,-1.42080981718351,0.0018248112670771,1,0.8614352783366869
FGSG_10680,17,0.4613641466468826,7.1941875703807066,FGSG_00007;FGSG_01866;FGSG_02321;FGSG_02323;FGSG_02324;FGSG_02325;FGSG_02326;FGSG_02327;FGSG_02328;FGSG_02329;FGSG_03539;FGSG_03541;FGSG_03842;FGSG_08082;FGSG_08083;FGSG_11326;FGSG_13952,2,uncharacterized protein,GO:0016616;GO:0051287;GO:0055114,4.746412662574052,11,3.0291880164592,7.0013517431188504e-68,1,0.8603621730382294
FGSG_03780,12,0.4531673280222917,5.242795837080346,FGSG_00330;FGSG_03546;FGSG_03547;FGSG_03548;FGSG_03992;FGSG_04458;FGSG_04591;FGSG_08601;FGSG_09280;FGSG_09456;FGSG_09834;FGSG_10347,1,uncharacterized protein,GO:0005215;GO:0016021;GO:0055085,4.82698757089635,11,-2.3172262436356,0.0231570700752487,1,0.8575452716297787
FGSG_00294,18,0.4790730620526696,7.847590882017901,FGSG_00330;FGSG_01422;FGSG_02272;FGSG_03061;FGSG_03546;FGSG_03547;FGSG_03548;FGSG_03992;FGSG_04458;FGSG_04589;FGSG_04590;FGSG_04591;FGSG_08601;FGSG_08712;FGSG_09280;FGSG_09456;FGSG_09834;FGSG_10347,1,uncharacterized protein,GO:0016787,6.6032286899620445,15,-1.11145963006997,1.94179437611381e-15,1,0.8574782025486252
FGSG_05928,21,0.46188288374607667,9.016432169710374,FGSG_00330;FGSG_01422;FGSG_02271;FGSG_02272;FGSG_02461;FGSG_03061;FGSG_03295;FGSG_03546;FGSG_03548;FGSG_03894;FGSG_03992;FGSG_04458;FGSG_04590;FGSG_05610;FGSG_07075;FGSG_07528;FGSG_08712;FGSG_09012;FGSG_09456;FGSG_09834;FGSG_10347,1,uncharacterized protein,GO:0016021,5.1617230128199605,12,-1.93815549990104,6.8645150839859996e-18,1,0.8562038900067068
FGSG_10990,22,0.4730746482033296,9.690470686217418,FGSG_00330;FGSG_00743;FGSG_01422;FGSG_02271;FGSG_02272;FGSG_02461;FGSG_03061;FGSG_03546;FGSG_03548;FGSG_03894;FGSG_03992;FGSG_04458;FGSG_04590;FGSG_05610;FGSG_07075;FGSG_08601;FGSG_08712;FGSG_09012;FGSG_09280;FGSG_09456;FGSG_09834;FGSG_10347,1,uncharacterized protein,GO:0003824;GO:0008152;GO:0031177,6.1769880634153385,14,-1.19991301804261,4.16700012045629e-08,1,0.8554661301140175
FGSG_09125,13,0.4502692757165696,5.52607352537604,FGSG_02321;FGSG_02323;FGSG_02324;FGSG_02325;FGSG_02326;FGSG_02327;FGSG_02328;FGSG_02329;FGSG_02903;FGSG_03842;FGSG_08083;FGSG_11326;FGSG_13952,2,uncharacterized protein,GO:0016491;GO:0055114,4.712893998821713,11,2.8579557468654,0.0077388613123978,1,0.8551978537894032
FGSG_05294,31,0.4952910622193914,13.485834087011739,FGSG_00743;FGSG_00765;FGSG_01422;FGSG_01621;FGSG_02030;FGSG_02271;FGSG_02272;FGSG_02461;FGSG_02972;FGSG_03061;FGSG_03747;FGSG_03894;FGSG_04588;FGSG_04589;FGSG_04590;FGSG_04593;FGSG_05368;FGSG_05610;FGSG_08493;FGSG_08712;FGSG_08774;FGSG_09012;FGSG_10347;FGSG_10444;FGSG_10922;FGSG_10947;FGSG_11206;FGSG_12180;FGSG_12222;FGSG_12223;FGSG_13136,1,uncharacterized protein,,5.617612236036325,13,-1.4687042241779,1.25561231276024e-37,1,0.8550637156270959
FGSG_03516,10,0.46207527671548604,4.3160793380024565,FGSG_00330;FGSG_03546;FGSG_03547;FGSG_03548;FGSG_04458;FGSG_04589;FGSG_04591;FGSG_08601;FGSG_09834;FGSG_10347,1,uncharacterized protein,GO:0016021,4.3160793380024565,10,-4.82752911786952,3.86323767893367e-62,1,0.8541247484909458
FGSG_11269,22,0.4608929137497814,9.415526580461043,FGSG_00007;FGSG_01866;FGSG_02321;FGSG_02323;FGSG_02324;FGSG_02325;FGSG_02326;FGSG_02327;FGSG_02328;FGSG_02329;FGSG_03539;FGSG_03541;FGSG_03600;FGSG_03842;FGSG_03881;FGSG_07896;FGSG_08081;FGSG_08082;FGSG_08083;FGSG_09187;FGSG_11326;FGSG_13952,2,uncharacterized protein,GO:0045735,5.6373490157617345,13,1.40915091270371,1.4136744551261302e-25,1,0.8531857813547955
FGSG_10631,12,0.4571463956970505,5.211688332814158,FGSG_02321;FGSG_02323;FGSG_02324;FGSG_02325;FGSG_02326;FGSG_02327;FGSG_02328;FGSG_02329;FGSG_03842;FGSG_08083;FGSG_11326;FGSG_13952,2,uncharacterized protein,GO:0016614;GO:0050660;GO:0055114,4.38566053517186,10,3.0766743525701,1.69598080804089e-08,1,0.8522468142186452
FGSG_08193,26,0.44845728806941176,10.916529820691357,FGSG_00007;FGSG_01866;FGSG_02255;FGSG_02320;FGSG_02321;FGSG_02323;FGSG_02324;FGSG_02325;FGSG_02326;FGSG_02327;FGSG_02328;FGSG_02329;FGSG_02903;FGSG_03532;FGSG_03543;FGSG_03842;FGSG_03881;FGSG_08078;FGSG_08083;FGSG_08795;FGSG_09064;FGSG_09187;FGSG_10670;FGSG_11326;FGSG_12211;FGSG_13952,2,uncharacterized protein,GO:0003824,5.927516390933806,14,1.24416051573268,9.562170058658369e-16,1,0.8514419852448021
FGSG_02698,28,0.48786997113399305,12.006954082460158,FGSG_00330;FGSG_00743;FGSG_01422;FGSG_02030;FGSG_02272;FGSG_02461;FGSG_02554;FGSG_02972;FGSG_03061;FGSG_03340;FGSG_03747;FGSG_03894;FGSG_04458;FGSG_04589;FGSG_04593;FGSG_05610;FGSG_08493;FGSG_08601;FGSG_08712;FGSG_08774;FGSG_09012;FGSG_09826;FGSG_10347;FGSG_10444;FGSG_10922;FGSG_10947;FGSG_12180;FGSG_12223,1,uncharacterized protein,GO:0016020;GO:0016740,6.911990961509281,16,-1.01884237699414,1.14789848369637e-28,1,0.8502347417840375
FGSG_00486,17,0.4716828431751555,7.395997278195316,FGSG_00043;FGSG_00044;FGSG_00047;FGSG_00048;FGSG_00330;FGSG_01422;FGSG_03546;FGSG_03547;FGSG_03548;FGSG_03992;FGSG_04458;FGSG_04591;FGSG_08601;FGSG_09280;FGSG_09456;FGSG_09834;FGSG_10347,1,uncharacterized protein,GO:0005737;GO:0016301;GO:0016310;GO:0016798,6.553986130407635,15,-1.05885217642257,2.52919011559702e-16,1,0.8498993963782696
FGSG_12204,20,0.47115269130543064,8.612934125235073,FGSG_00330;FGSG_00743;FGSG_01422;FGSG_02271;FGSG_02272;FGSG_02461;FGSG_03061;FGSG_03546;FGSG_03548;FGSG_03894;FGSG_04458;FGSG_04590;FGSG_05610;FGSG_07075;FGSG_08601;FGSG_08712;FGSG_09012;FGSG_09456;FGSG_09834;FGSG_10347,1,uncharacterized protein,GO:0016021;GO:0055085,5.147028246373779,12,-1.79015499722743,0.0004240425624599,1,0.849832327297116
FGSG_08270,23,0.48384570142315153,10.248915018791168,FGSG_00330;FGSG_00743;FGSG_01422;FGSG_02271;FGSG_02272;FGSG_02461;FGSG_03061;FGSG_03546;FGSG_03548;FGSG_03894;FGSG_03992;FGSG_04458;FGSG_04589;FGSG_04590;FGSG_05610;FGSG_07075;FGSG_08601;FGSG_08712;FGSG_08774;FGSG_09012;FGSG_09456;FGSG_09834;FGSG_10347,1,uncharacterized protein,,6.274400307342124,14,-1.09178959963521,3.61962560403279e-11,1,0.8496311200536553
FGSG_05128,24,0.4874127302525338,10.726183646536565,FGSG_00330;FGSG_00743;FGSG_01422;FGSG_02271;FGSG_02272;FGSG_02461;FGSG_03061;FGSG_03295;FGSG_03546;FGSG_03548;FGSG_03894;FGSG_03992;FGSG_04458;FGSG_04590;FGSG_05610;FGSG_07075;FGSG_07528;FGSG_08601;FGSG_08712;FGSG_09012;FGSG_09280;FGSG_09456;FGSG_09834;FGSG_10347,1,uncharacterized protein,GO:0008152;GO:0016829,6.328540081389752,14,-1.08739712456206,1.52863317267876e-13,1,0.8491616364855801
FGSG_03375,29,0.4637052820043364,12.672804903262218,FGSG_00007;FGSG_01866;FGSG_02255;FGSG_02321;FGSG_02323;FGSG_02324;FGSG_02325;FGSG_02326;FGSG_02327;FGSG_02328;FGSG_02329;FGSG_03532;FGSG_03535;FGSG_03539;FGSG_03541;FGSG_03543;FGSG_03600;FGSG_03842;FGSG_03881;FGSG_07896;FGSG_08081;FGSG_08082;FGSG_08083;FGSG_08084;FGSG_08795;FGSG_09187;FGSG_11184;FGSG_11326;FGSG_13952,2,uncharacterized protein,GO:0016021;GO:0016491;GO:0055114,6.5990699958469,15,1.040633123159,7.7097738018945e-33,1,0.8490945674044266
FGSG_13979,13,0.450895173112148,5.566033969603792,FGSG_02321;FGSG_02323;FGSG_02324;FGSG_02325;FGSG_02326;FGSG_02327;FGSG_02328;FGSG_02329;FGSG_03599;FGSG_03842;FGSG_08083;FGSG_11326;FGSG_13952,2,uncharacterized protein,GO:0008080;GO:0016021;GO:0055085,4.744493519518491,11,2.31828734072975,2.20489099671278e-132,1,0.8488262910798121
FGSG_11147,12,0.45589418683363886,5.139769216357379,FGSG_02321;FGSG_02323;FGSG_02324;FGSG_02325;FGSG_02326;FGSG_02327;FGSG_02328;FGSG_02329;FGSG_02903;FGSG_03842;FGSG_11326;FGSG_13952,2,uncharacterized protein,,4.315711204161399,10,3.41023994440646,1.2151250776088902e-15,1,0.8485580147551979
FGSG_04494,20,0.4568201083937841,8.604702547530627,FGSG_00330;FGSG_00743;FGSG_01422;FGSG_02272;FGSG_02461;FGSG_03061;FGSG_03546;FGSG_03548;FGSG_03894;FGSG_03992;FGSG_04458;FGSG_04590;FGSG_05610;FGSG_07075;FGSG_08601;FGSG_08712;FGSG_09012;FGSG_09456;FGSG_09834;FGSG_10347,1,uncharacterized protein,,5.178416650430369,12,-1.65452189721573,3.46821465316043e-05,1,0.8469483568075118
FGSG_05260,16,0.4523134768411535,6.753488884415672,FGSG_00330;FGSG_00743;FGSG_01422;FGSG_02272;FGSG_03061;FGSG_03546;FGSG_03548;FGSG_03894;FGSG_04458;FGSG_04589;FGSG_05610;FGSG_08601;FGSG_08712;FGSG_09834;FGSG_10347;FGSG_12180,1,uncharacterized protein,GO:0005739;GO:0016021,5.116309166022165,12,-1.74134365192555,2.05460381166506e-39,1,0.8467471495640511
FGSG_09814,21,0.46641426676577274,9.06267858451159,FGSG_00330;FGSG_01422;FGSG_02271;FGSG_02272;FGSG_02461;FGSG_03061;FGSG_03295;FGSG_03546;FGSG_03548;FGSG_03992;FGSG_04458;FGSG_04590;FGSG_05610;FGSG_07075;FGSG_07528;FGSG_08601;FGSG_08712;FGSG_09280;FGSG_09456;FGSG_09834;FGSG_10347,1,uncharacterized protein,GO:0016021,5.620083755232439,13,-1.3177893869293,8.755394746994111e-14,1,0.8460093896713615
FGSG_05995,17,0.4547185688918796,7.231588394995569,FGSG_00330;FGSG_00743;FGSG_01422;FGSG_02272;FGSG_03061;FGSG_03546;FGSG_03548;FGSG_03894;FGSG_03992;FGSG_04458;FGSG_04589;FGSG_04590;FGSG_05610;FGSG_08601;FGSG_08712;FGSG_09834;FGSG_10347,1,uncharacterized protein,,5.576325601005989,13,-1.3550857814026,2.73202591774082e-09,1,0.8455399061032864
FGSG_11377,14,0.4616113343634117,6.004031335689958,FGSG_02077;FGSG_02321;FGSG_02323;FGSG_02324;FGSG_02325;FGSG_02326;FGSG_02327;FGSG_02328;FGSG_02329;FGSG_02840;FGSG_02903;FGSG_08083;FGSG_10670;FGSG_11326,2,uncharacterized protein,,4.783555286907245,11,1.91723402159224,1.82649558219718e-12,1,0.845271629778672
FGSG_01836,13,0.4643546508990069,5.653100524175198,FGSG_02321;FGSG_02323;FGSG_02324;FGSG_02325;FGSG_02326;FGSG_02327;FGSG_02328;FGSG_02329;FGSG_02840;FGSG_02903;FGSG_08083;FGSG_11326;FGSG_13952,2,uncharacterized protein,GO:0005975;GO:0016758;GO:0030259,4.8127980464697595,11,1.8642757992182,3.74094899042734e-12,1,0.845271629778672
FGSG_13382,22,0.4822211912096739,9.654686607075659,FGSG_00330;FGSG_00743;FGSG_01422;FGSG_02271;FGSG_02272;FGSG_02461;FGSG_03061;FGSG_03546;FGSG_03548;FGSG_03894;FGSG_03992;FGSG_04458;FGSG_04590;FGSG_05610;FGSG_07075;FGSG_08601;FGSG_08712;FGSG_08774;FGSG_09012;FGSG_09456;FGSG_09834;FGSG_10347,1,uncharacterized protein,GO:0016021;GO:0055085,5.688335070218413,13,-1.21424343056469,0.0102376371708195,1,0.8436619718309859
FGSG_07495,12,0.45350080358226874,5.174455877174929,FGSG_00330;FGSG_03546;FGSG_03547;FGSG_03548;FGSG_03992;FGSG_04458;FGSG_04591;FGSG_08601;FGSG_09280;FGSG_09456;FGSG_09834;FGSG_10347,1,uric acid-xanthine permease,GO:0005215;GO:0016021;GO:0055085,4.767475873615099,11,-1.89596706463817,3.92951439157892e-181,1,0.8426559356136821
FGSG_00470,13,0.45466210035659127,5.614544670460645,FGSG_02321;FGSG_02323;FGSG_02324;FGSG_02325;FGSG_02326;FGSG_02327;FGSG_02328;FGSG_02329;FGSG_03599;FGSG_03842;FGSG_08083;FGSG_11326;FGSG_13952,2,uncharacterized protein,GO:0016021,4.786625215454819,11,1.81393168593607,2.17297879239577e-18,1,0.8420523138832998
FGSG_00517,16,0.45846864643192425,6.807992530356819,FGSG_00330;FGSG_00743;FGSG_01422;FGSG_02272;FGSG_03061;FGSG_03546;FGSG_03548;FGSG_03894;FGSG_04458;FGSG_04589;FGSG_05610;FGSG_08601;FGSG_08712;FGSG_09012;FGSG_09834;FGSG_10347,1,uncharacterized protein,GO:0016021,4.776507829945961,11,-1.81971778955244,2.7739513389080402e-09,1,0.8416498993963784
FGSG_09086,12,0.461225298051654,5.236498042316461,FGSG_02321;FGSG_02323;FGSG_02324;FGSG_02325;FGSG_02326;FGSG_02327;FGSG_02328;FGSG_02329;FGSG_02903;FGSG_03599;FGSG_05919;FGSG_11326,2,uncharacterized protein,GO:0004497;GO:0005506;GO:0016021;GO:0016705;GO:0020037;GO:0055114,4.406180139940387,10,2.32521757880775,2.17349922990852e-38,1,0.8412474849094568
FGSG_06609,14,0.45807296163058037,6.0202483055512515,FGSG_02321;FGSG_02323;FGSG_02324;FGSG_02325;FGSG_02326;FGSG_02327;FGSG_02328;FGSG_02329;FGSG_02903;FGSG_03842;FGSG_08083;FGSG_10670;FGSG_11326;FGSG_13952,2,uncharacterized protein,GO:0008080,5.178617808902435,12,1.48473768926519,4.11957022091857e-10,1,0.8409792085848424
FGSG_04514,20,0.46519096028786977,8.523452898423221,FGSG_01866;FGSG_02255;FGSG_02320;FGSG_02321;FGSG_02323;FGSG_02324;FGSG_02325;FGSG_02326;FGSG_02327;FGSG_02328;FGSG_02329;FGSG_02903;FGSG_03842;FGSG_03881;FGSG_08083;FGSG_08795;FGSG_09187;FGSG_10670;FGSG_11326;FGSG_13952,2,uncharacterized protein,,6.062203897715826,14,1.06609928464048,8.14935537571599e-14,1,0.8407780013413817
FGSG_04972,28,0.45976157452988475,12.105853964329892,FGSG_00007;FGSG_01866;FGSG_02255;FGSG_02321;FGSG_02326;FGSG_02327;FGSG_02328;FGSG_02329;FGSG_03532;FGSG_03534;FGSG_03535;FGSG_03537;FGSG_03539;FGSG_03541;FGSG_03543;FGSG_03600;FGSG_03842;FGSG_03881;FGSG_06039;FGSG_07896;FGSG_08079;FGSG_08081;FGSG_08082;FGSG_08083;FGSG_08084;FGSG_09064;FGSG_09187;FGSG_13952,2,uncharacterized protein,,4.358266745356881,10,2.47461876952505,2.39441292337604e-141,1,0.8397719651240778
FGSG_00836,15,0.4709730641953174,6.638215471953117,FGSG_00330;FGSG_01422;FGSG_03546;FGSG_03547;FGSG_03548;FGSG_03992;FGSG_04458;FGSG_04590;FGSG_04591;FGSG_08601;FGSG_08712;FGSG_09280;FGSG_09456;FGSG_09834;FGSG_10347,1,uncharacterized protein,GO:0000002;GO:0000166;GO:0003676;GO:0031305,5.396767170563884,12,-1.31753266964042,4.81459559111566e-50,1,0.8396378269617706
FGSG_04370,18,0.46655642534150493,7.677911037934873,FGSG_00330;FGSG_00743;FGSG_01422;FGSG_02272;FGSG_03061;FGSG_03546;FGSG_03547;FGSG_03548;FGSG_03894;FGSG_03992;FGSG_04458;FGSG_04589;FGSG_04591;FGSG_05610;FGSG_08601;FGSG_08712;FGSG_09834;FGSG_10347,1,uncharacterized protein,GO:0000297;GO:0000329;GO:0015606;GO:0015847;GO:0016021;GO:0033101;GO:1903710;GO:1903711,6.026882913823615,14,-1.0676012021388,3.7503316503287097e-16,1,0.8396378269617706
FGSG_02828,15,0.4664333544047772,6.49958622080651,FGSG_02321;FGSG_02323;FGSG_02324;FGSG_02325;FGSG_02326;FGSG_02327;FGSG_02328;FGSG_02329;FGSG_02840;FGSG_02903;FGSG_08083;FGSG_08795;FGSG_10670;FGSG_11326;FGSG_13952,2,uncharacterized protein,,5.658455085395672,13,1.17163006224758,1.89131474005744e-27,1,0.8389000670690812
FGSG_02874,12,0.4470488234578068,5.093708346580979,FGSG_00007;FGSG_02321;FGSG_02324;FGSG_02325;FGSG_02326;FGSG_02327;FGSG_02328;FGSG_02329;FGSG_03842;FGSG_08083;FGSG_11326;FGSG_13952,2,uncharacterized protein,GO:0000981;GO:0005634;GO:0006357;GO:0008270,4.2912921667216475,10,2.79090395969561,1.1802481487195e-15,1,0.8387659289067739
FGSG_01792,12,0.44045680925102887,5.066940052092015,FGSG_02321;FGSG_02323;FGSG_02324;FGSG_02325;FGSG_02326;FGSG_02327;FGSG_02328;FGSG_02329;FGSG_03842;FGSG_08083;FGSG_11326;FGSG_13952,2,uncharacterized protein,GO:0016021;GO:0055085,4.254176737680963,10,3.08172970208714,9.00455615853739e-05,1,0.8378940308517773
FGSG_12008,15,0.448012613576214,6.340384338345569,FGSG_00330;FGSG_00743;FGSG_01422;FGSG_02272;FGSG_03061;FGSG_03546;FGSG_03548;FGSG_03894;FGSG_04458;FGSG_04589;FGSG_05610;FGSG_08601;FGSG_09834;FGSG_10347;FGSG_12180,1,uncharacterized protein,,5.108185156918798,12,-1.51053540170466,0.0035765615701155,1,0.8370221327967807
FGSG_03749,19,0.48905584939025937,8.228918195348676,FGSG_00743;FGSG_00765;FGSG_02272;FGSG_02461;FGSG_02972;FGSG_03061;FGSG_03747;FGSG_03894;FGSG_04589;FGSG_04593;FGSG_05368;FGSG_05610;FGSG_08493;FGSG_08774;FGSG_09012;FGSG_10444;FGSG_10922;FGSG_12180;FGSG_12223,1,uncharacterized protein,GO:0016021,4.363978820109872,10,-2.2991777720513,6.39542890397539e-14,1,0.8366197183098592
FGSG_02342,20,0.4478069029336557,8.535122391019057,FGSG_01866;FGSG_02077;FGSG_02320;FGSG_02321;FGSG_02323;FGSG_02324;FGSG_02325;FGSG_02326;FGSG_02327;FGSG_02328;FGSG_02329;FGSG_02903;FGSG_03574;FGSG_03881;FGSG_08078;FGSG_08083;FGSG_08795;FGSG_10670;FGSG_11326;FGSG_12211,2,cutinase precursor,GO:0005576;GO:0008152;GO:0050525,4.749777311546971,11,1.79840541938637,2.81011992432172e-23,1,0.8366197183098592
FGSG_12445,14,0.457762026622236,6.001866198400723,FGSG_02321;FGSG_02323;FGSG_02324;FGSG_02325;FGSG_02326;FGSG_02327;FGSG_02328;FGSG_02329;FGSG_02903;FGSG_03599;FGSG_03842;FGSG_08083;FGSG_11326;FGSG_13952,2,uncharacterized protein,GO:0004527;GO:0016021;GO:0090305,5.175207070942641,12,1.41879060737526,2.31104207689504e-69,1,0.8363514419852449
FGSG_00443,12,0.4652110262840323,5.319837957040261,FGSG_00330;FGSG_03546;FGSG_03547;FGSG_03548;FGSG_03992;FGSG_04458;FGSG_04591;FGSG_08601;FGSG_09280;FGSG_09456;FGSG_09834;FGSG_10347,1,uncharacterized protein,GO:0003839;GO:0005634;GO:0005829;GO:0006751;GO:0016020,4.900915187544779,11,-1.51495551758903,1.1311700911673401e-35,1,0.8360160965794768
FGSG_08054,11,0.44551608428012945,4.708322777185982,FGSG_02321;FGSG_02323;FGSG_02324;FGSG_02325;FGSG_02326;FGSG_02327;FGSG_02328;FGSG_02329;FGSG_02903;FGSG_10670;FGSG_11326,2,uncharacterized protein,GO:0008270;GO:0016021;GO:0016491;GO:0055114,3.8928825831368696,9,5.91130425271838,1.27418934986825e-06,1,0.8358819584171697
FGSG_10190,23,0.4900772425989529,10.010417036191983,FGSG_00330;FGSG_00743;FGSG_01422;FGSG_02030;FGSG_02272;FGSG_02461;FGSG_03061;FGSG_03546;FGSG_03548;FGSG_03894;FGSG_04458;FGSG_04589;FGSG_04590;FGSG_04593;FGSG_05610;FGSG_06055;FGSG_08601;FGSG_08712;FGSG_08774;FGSG_09012;FGSG_09834;FGSG_10347;FGSG_12180,1,uncharacterized protein,GO:0008168;GO:0032259,6.074699588564252,14,-1.02026484543523,1.05281035128156e-07,1,0.8355466130114018
FGSG_12572,30,0.44296774791195437,12.64055033416253,FGSG_00007;FGSG_01866;FGSG_02255;FGSG_02320;FGSG_02321;FGSG_02323;FGSG_02324;FGSG_02325;FGSG_02326;FGSG_02327;FGSG_02328;FGSG_02329;FGSG_03532;FGSG_03543;FGSG_03842;FGSG_03881;FGSG_08077;FGSG_08078;FGSG_08079;FGSG_08081;FGSG_08082;FGSG_08083;FGSG_08084;FGSG_08795;FGSG_09064;FGSG_09187;FGSG_10670;FGSG_11326;FGSG_12211;FGSG_13952,2,uncharacterized protein,GO:0000981;GO:0005634;GO:0006357;GO:0008270,5.9042962333995845,14,1.03623211084791,5.237902472379009e-22,1,0.8335345405767942
FGSG_09477,13,0.46275195090887694,5.634592098375037,FGSG_01866;FGSG_02321;FGSG_02323;FGSG_02324;FGSG_02325;FGSG_02326;FGSG_02327;FGSG_02328;FGSG_02329;FGSG_03842;FGSG_08083;FGSG_11326;FGSG_13952,2,uncharacterized protein,GO:0004733;GO:0005887;GO:0010181;GO:0015079;GO:0042823;GO:0055114;GO:0071805,4.392731714306375,10,1.93975491307297,0.0001570356625895,1,0.8326626425217974
FGSG_03692,18,0.4686272271477499,7.7634380617014696,FGSG_01422;FGSG_02271;FGSG_02272;FGSG_02461;FGSG_03061;FGSG_03295;FGSG_03548;FGSG_03894;FGSG_03992;FGSG_04458;FGSG_04590;FGSG_05610;FGSG_07075;FGSG_07528;FGSG_08712;FGSG_09456;FGSG_09834;FGSG_10347,1,uncharacterized protein,GO:0016021;GO:0016491;GO:0055114,4.304529189650823,10,-2.35483652996569,1.09121157063407e-96,1,0.8323943661971831
FGSG_04727,11,0.45244400406561214,4.717196347328428,FGSG_02321;FGSG_02323;FGSG_02324;FGSG_02325;FGSG_02326;FGSG_02327;FGSG_02328;FGSG_02329;FGSG_02903;FGSG_10670;FGSG_11326,2,uncharacterized protein,GO:0003677;GO:0005634;GO:0006351;GO:0008270;GO:0016491;GO:0055114;GO:0071949,3.8999452697896424,9,3.62495573833502,8.95469755925332e-06,1,0.8309188464118041
FGSG_12251,11,0.4418581547780751,4.705681367459585,FGSG_00330;FGSG_03546;FGSG_03547;FGSG_03548;FGSG_03992;FGSG_04458;FGSG_08601;FGSG_09280;FGSG_09456;FGSG_09834;FGSG_10347,1,uncharacterized protein,GO:0004065;GO:0018958,4.302316622874818,10,-2.25673078016886,3.21245983151201e-05,1,0.8303152246814218
FGSG_12154,12,0.46400777802377674,5.275197475258255,FGSG_00330;FGSG_03546;FGSG_03547;FGSG_03548;FGSG_03992;FGSG_04458;FGSG_04591;FGSG_08601;FGSG_09280;FGSG_09456;FGSG_09834;FGSG_10347,1,uncharacterized protein,GO:0004364;GO:0004602;GO:0005741;GO:0005783;GO:0006749;GO:0055114;GO:0098869,4.847786542382785,11,-1.43156779720833,6.09729981138803e-27,1,0.8301140174379611
FGSG_02691,12,0.45236256411902287,5.1968666144372255,FGSG_00330;FGSG_03546;FGSG_03547;FGSG_03548;FGSG_03992;FGSG_04458;FGSG_04591;FGSG_08601;FGSG_09280;FGSG_09456;FGSG_09834;FGSG_10347,1,uncharacterized protein,GO:0051213;GO:0055114,4.778639525695742,11,-1.51102770964364,7.22565789709395e-48,1,0.8299128101945004
FGSG_08465,13,0.4658145312401437,5.704330458354335,FGSG_01866;FGSG_02321;FGSG_02323;FGSG_02324;FGSG_02325;FGSG_02326;FGSG_02327;FGSG_02328;FGSG_02329;FGSG_03842;FGSG_08083;FGSG_11326;FGSG_13952,2,uncharacterized protein,,4.458124774934045,10,1.82292057787808,3.4547335390622e-13,1,0.8297116029510396
FGSG_13994,12,0.45156231352120757,5.101995967793612,FGSG_02321;FGSG_02323;FGSG_02324;FGSG_02325;FGSG_02326;FGSG_02327;FGSG_02328;FGSG_02329;FGSG_03842;FGSG_08083;FGSG_11326;FGSG_13952,2,uncharacterized protein,,4.2897118331063915,10,2.25766723417967,1.10729774954204e-22,1,0.8290409121395037
FGSG_13458,18,0.4677766701494835,7.743240965156232,FGSG_00330;FGSG_01422;FGSG_02272;FGSG_02461;FGSG_03061;FGSG_03546;FGSG_03547;FGSG_03548;FGSG_03992;FGSG_04458;FGSG_04590;FGSG_05610;FGSG_07075;FGSG_08601;FGSG_09280;FGSG_09456;FGSG_09834;FGSG_10347,1,uncharacterized protein,GO:0016810,5.649450363934172,13,-1.05001803960253,1.62396644154427e-14,1,0.8267605633802817
FGSG_03818,11,0.45388911655626685,4.799076474603122,FGSG_02321;FGSG_02323;FGSG_02324;FGSG_02325;FGSG_02326;FGSG_02327;FGSG_02328;FGSG_02329;FGSG_02903;FGSG_03599;FGSG_11326,2,uncharacterized protein,,3.9734268310643097,9,2.81336562704282,1.32010381650072e-262,1,0.8267605633802817
FGSG_02680,15,0.4577614496260228,6.32073833454133,FGSG_00007;FGSG_01866;FGSG_02324;FGSG_02325;FGSG_02326;FGSG_02327;FGSG_02328;FGSG_02329;FGSG_03539;FGSG_03842;FGSG_03881;FGSG_08082;FGSG_08083;FGSG_11326;FGSG_13952,2,uncharacterized protein,GO:0016021;GO:0016747,4.687674291241433,11,1.66379926663949,2.5297344363419e-11,1,0.8257545271629779
FGSG_03288,22,0.49295605227135436,9.641000565848152,FGSG_00330;FGSG_00743;FGSG_01422;FGSG_02271;FGSG_02272;FGSG_02461;FGSG_03061;FGSG_03546;FGSG_03548;FGSG_03894;FGSG_03992;FGSG_04458;FGSG_04590;FGSG_05610;FGSG_07075;FGSG_07528;FGSG_08712;FGSG_09012;FGSG_09456;FGSG_09834;FGSG_10347;FGSG_13136,1,uncharacterized protein,GO:0004553;GO:0005975;GO:0016021,5.2579464025925455,12,-1.17885557512746,3.7387862277792304e-24,1,0.8256874580818243
FGSG_03785,16,0.46672541541362766,6.888276253431489,FGSG_00330;FGSG_01422;FGSG_02272;FGSG_03061;FGSG_03295;FGSG_03546;FGSG_03548;FGSG_03992;FGSG_04458;FGSG_04590;FGSG_07075;FGSG_08601;FGSG_09280;FGSG_09456;FGSG_09834;FGSG_10347,1,uncharacterized protein,GO:0008152;GO:0016020;GO:0016787,5.200115384965397,12,-1.25143259511672,1.52981675071799e-08,1,0.8256874580818243
FGSG_03737,18,0.48161086597421066,7.836116921601429,FGSG_00743;FGSG_01422;FGSG_02272;FGSG_02461;FGSG_03061;FGSG_03548;FGSG_03894;FGSG_04458;FGSG_04589;FGSG_04590;FGSG_05610;FGSG_08601;FGSG_08712;FGSG_08774;FGSG_09012;FGSG_09456;FGSG_09834;FGSG_10347,1,uncharacterized protein,GO:0016021;GO:0055085,4.32068809795259,10,-1.93111203136193,0.0102995256088638,1,0.8255533199195171
FGSG_02825,16,0.45528587895791167,6.913695123060512,FGSG_00330;FGSG_00743;FGSG_01422;FGSG_02272;FGSG_03061;FGSG_03546;FGSG_03548;FGSG_03894;FGSG_04458;FGSG_04589;FGSG_05610;FGSG_08601;FGSG_08712;FGSG_09834;FGSG_10347;FGSG_12180,1,uncharacterized protein,GO:0000981;GO:0003677;GO:0005634;GO:0006351;GO:0006357;GO:0008270,5.219936477867233,12,-1.22201993679937,4.4474753800685694e-11,1,0.82541918175721
FGSG_01072,11,0.4538493948732345,4.764350131502839,FGSG_00330;FGSG_03546;FGSG_03547;FGSG_03548;FGSG_03992;FGSG_04458;FGSG_08601;FGSG_09280;FGSG_09456;FGSG_09834;FGSG_10347,1,uncharacterized protein,,4.327947285591976,10,-1.91331986883613,1.2232004575512e-06,1,0.8252179745137491
FGSG_05309,15,0.4624215622513945,6.442477138350614,FGSG_02321;FGSG_02323;FGSG_02324;FGSG_02325;FGSG_02326;FGSG_02327;FGSG_02328;FGSG_02329;FGSG_02840;FGSG_02903;FGSG_03599;FGSG_05919;FGSG_08083;FGSG_11326;FGSG_13952,2,uncharacterized protein,GO:0000981;GO:0003677;GO:0005634;GO:0006351;GO:0006357;GO:0008270,5.606403767562566,13,1.08644324168057,2.0977780259439003e-32,1,0.825083836351442
FGSG_13807,10,0.4450578651429772,4.209026698593881,FGSG_02323;FGSG_02324;FGSG_02325;FGSG_02326;FGSG_02327;FGSG_02328;FGSG_02329;FGSG_03842;FGSG_11326;FGSG_13952,2,uncharacterized protein,GO:0016021;GO:0055085,3.807800584825577,9,5.83735164455904,3.54769430845537e-14,1,0.8249496981891349
FGSG_09889,15,0.46808787905101007,6.51234726001093,FGSG_02321;FGSG_02323;FGSG_02324;FGSG_02325;FGSG_02326;FGSG_02327;FGSG_02328;FGSG_02329;FGSG_02840;FGSG_02903;FGSG_03599;FGSG_05919;FGSG_08083;FGSG_11326;FGSG_13952,2,uncharacterized protein,,5.674374944603178,13,1.01183862188612,1.96724909081515e-31,1,0.8240778001341381
FGSG_04746,11,0.44947203770192773,4.664116572833167,FGSG_02077;FGSG_02320;FGSG_02324;FGSG_02325;FGSG_02326;FGSG_02327;FGSG_02328;FGSG_02329;FGSG_02903;FGSG_10670;FGSG_11326,2,uncharacterized protein,,3.8364604393206347,9,3.77156142599764,8.05940979986953e-39,1,0.8238095238095238
FGSG_03942,13,0.46299681318489205,5.639953367305319,FGSG_02321;FGSG_02323;FGSG_02324;FGSG_02325;FGSG_02326;FGSG_02327;FGSG_02328;FGSG_02329;FGSG_02903;FGSG_03599;FGSG_08083;FGSG_11326;FGSG_13952,2,uncharacterized protein,,4.805116761228324,11,1.35629707180974,4.0773197456181e-12,1,0.8230717639168343
FGSG_00483,28,0.4915522960903908,12.290032849288512,FGSG_00743;FGSG_00765;FGSG_01422;FGSG_02030;FGSG_02271;FGSG_02272;FGSG_02461;FGSG_03061;FGSG_03295;FGSG_03894;FGSG_04309;FGSG_04458;FGSG_04588;FGSG_04590;FGSG_04593;FGSG_05368;FGSG_05610;FGSG_07075;FGSG_07528;FGSG_08712;FGSG_08774;FGSG_09012;FGSG_09456;FGSG_09834;FGSG_10347;FGSG_11206;FGSG_12180;FGSG_13136,1,uncharacterized protein,,4.39889491006492,10,-1.67520918225933,1.0811333107652e-55,1,0.822468142186452
FGSG_05170,20,0.4660879540851583,8.603568442352081,FGSG_00330;FGSG_00743;FGSG_01422;FGSG_02272;FGSG_02461;FGSG_03061;FGSG_03340;FGSG_03546;FGSG_03548;FGSG_03894;FGSG_04458;FGSG_04589;FGSG_05610;FGSG_08601;FGSG_08712;FGSG_08774;FGSG_09012;FGSG_09834;FGSG_10347;FGSG_12180,1,uncharacterized protein,,5.6463459352249155,13,-1.01283644701095,8.51747817082208e-12,1,0.8211267605633803
FGSG_10081,11,0.45556290693029705,4.751616377177759,FGSG_02321;FGSG_02323;FGSG_02324;FGSG_02325;FGSG_02326;FGSG_02327;FGSG_02328;FGSG_02329;FGSG_02903;FGSG_10670;FGSG_11326,2,uncharacterized protein,GO:0016021;GO:0016747,3.934098369615211,9,2.42930477354771,1.3959391554565e-22,1,0.8184439973172368
FGSG_02695,10,0.4456495344789188,4.237768773912728,FGSG_02323;FGSG_02324;FGSG_02325;FGSG_02326;FGSG_02327;FGSG_02328;FGSG_02329;FGSG_03842;FGSG_11326;FGSG_13952,2,uncharacterized protein,GO:0016491;GO:0055114,3.831061755786186,9,3.09589989872418,1.00657872932119e-48,1,0.8181086519114689
FGSG_00322,14,0.4573392616389467,5.85903388545956,FGSG_00743;FGSG_02272;FGSG_02461;FGSG_03061;FGSG_03546;FGSG_03548;FGSG_03894;FGSG_04458;FGSG_04589;FGSG_05610;FGSG_08601;FGSG_08774;FGSG_09012;FGSG_10347,1,uncharacterized protein,,3.783138609277372,9,-3.79335045853038,0.0057544897614147,1,0.8177733065057009
FGSG_03099,11,0.43790623229907755,4.6362360436678705,FGSG_02323;FGSG_02324;FGSG_02325;FGSG_02326;FGSG_02327;FGSG_02328;FGSG_02329;FGSG_03842;FGSG_08083;FGSG_11326;FGSG_13952,2,uncharacterized protein,GO:0016021,4.2320400423030415,10,2.05034256959187,7.00462091776571e-07,1,0.8177733065057009
FGSG_03639,17,0.4476931456729258,7.174855215628408,FGSG_01866;FGSG_02320;FGSG_02321;FGSG_02323;FGSG_02324;FGSG_02325;FGSG_02326;FGSG_02327;FGSG_02328;FGSG_02329;FGSG_02903;FGSG_03574;FGSG_08083;FGSG_08795;FGSG_10670;FGSG_11326;FGSG_12211,2,uncharacterized protein,GO:0016021,4.6760460115881255,11,1.46375032626764,2.22172721360682e-25,1,0.8174379610999329
FGSG_12607,24,0.487307886121232,10.410424371849281,FGSG_00175;FGSG_00743;FGSG_01422;FGSG_02030;FGSG_02271;FGSG_02272;FGSG_02461;FGSG_02782;FGSG_03061;FGSG_03295;FGSG_03548;FGSG_03894;FGSG_04458;FGSG_04590;FGSG_05610;FGSG_05843;FGSG_07075;FGSG_07528;FGSG_08712;FGSG_09012;FGSG_09456;FGSG_09834;FGSG_10347;FGSG_13136,1,uncharacterized protein,GO:0016021,3.9644081953891823,9,-2.24387892675372,1.00575805322273e-57,1,0.8164319248826291
FGSG_00769,12,0.46136490281402326,5.250782810143425,FGSG_00330;FGSG_03546;FGSG_03547;FGSG_03548;FGSG_03992;FGSG_04458;FGSG_04591;FGSG_08601;FGSG_09280;FGSG_09456;FGSG_09834;FGSG_10347,1,uncharacterized protein,GO:0016021;GO:0030001;GO:0046873;GO:0055085,4.808892779105728,11,-1.26928815772818,1.67246390591619e-28,1,0.8157612340710932
FGSG_06036,11,0.44394190634228564,4.6802311699990815,FGSG_00330;FGSG_03546;FGSG_03547;FGSG_03548;FGSG_03992;FGSG_04458;FGSG_08601;FGSG_09280;FGSG_09456;FGSG_09834;FGSG_10347,1,uncharacterized protein,,4.2670733520591035,10,-1.84419621824707,4.85590729499726e-05,1,0.8154258886653253
FGSG_03294,15,0.4756842276543979,6.592199625721858,FGSG_00330;FGSG_01422;FGSG_03546;FGSG_03547;FGSG_03548;FGSG_03992;FGSG_04458;FGSG_04589;FGSG_04591;FGSG_08601;FGSG_08712;FGSG_09280;FGSG_09456;FGSG_09834;FGSG_10347,1,uncharacterized protein,GO:0000981;GO:0003677;GO:0005634;GO:0006351;GO:0006357;GO:0008270,5.373332936242362,12,-1.04240464695189,3.0403467126446005e-16,1,0.8150234741784037
FGSG_12845,13,0.45080333182153487,5.52345741657607,FGSG_02321;FGSG_02323;FGSG_02324;FGSG_02325;FGSG_02326;FGSG_02327;FGSG_02328;FGSG_02329;FGSG_02903;FGSG_03842;FGSG_08083;FGSG_11326;FGSG_13952,2,uncharacterized protein,GO:0030529,4.69558573887751,11,1.39498590111074,9.77811861464605e-05,1,0.8140174379610999
FGSG_00227,10,0.4434974871655493,4.212356009132148,FGSG_00330;FGSG_03546;FGSG_03547;FGSG_03548;FGSG_04458;FGSG_04591;FGSG_08601;FGSG_09280;FGSG_09834;FGSG_10347,1,uncharacterized protein,GO:0000981;GO:0003677;GO:0005634;GO:0006351;GO:0006357;GO:0008270,4.212356009132148,10,-1.93451187691385,6.160230259030949e-11,1,0.8137491616364856
FGSG_09383,12,0.4533599436140493,5.173412264678861,FGSG_02321;FGSG_02323;FGSG_02324;FGSG_02325;FGSG_02326;FGSG_02327;FGSG_02328;FGSG_02329;FGSG_03842;FGSG_08083;FGSG_11326;FGSG_13952,2,uncharacterized protein,GO:0008171;GO:0032259,4.349623814865884,10,1.52941553562176,4.55030918123212e-09,1,0.8135479543930249
FGSG_04899,12,0.4508583765395323,5.152817601004428,FGSG_02321;FGSG_02323;FGSG_02324;FGSG_02325;FGSG_02326;FGSG_02327;FGSG_02328;FGSG_02329;FGSG_03842;FGSG_08083;FGSG_11326;FGSG_13952,2,uncharacterized protein,GO:0016021;GO:0055085,4.337377889580548,10,1.56790291044043,8.04504764036516e-58,1,0.8133467471495641
FGSG_04950,32,0.49466235966847644,14.088281743373608,FGSG_00743;FGSG_00765;FGSG_01422;FGSG_01621;FGSG_02030;FGSG_02271;FGSG_02272;FGSG_02461;FGSG_03061;FGSG_03894;FGSG_04309;FGSG_04458;FGSG_04588;FGSG_04589;FGSG_04590;FGSG_04593;FGSG_05368;FGSG_05610;FGSG_07075;FGSG_07528;FGSG_08493;FGSG_08712;FGSG_08774;FGSG_09012;FGSG_09456;FGSG_09834;FGSG_10347;FGSG_10922;FGSG_10947;FGSG_11206;FGSG_12180;FGSG_13136,1,uncharacterized protein,,5.232868545145065,12,-1.04898532107006,3.47333361440369e-18,1,0.8126760563380282
FGSG_03261,12,0.4573239126986209,5.162762122409899,FGSG_02321;FGSG_02323;FGSG_02324;FGSG_02325;FGSG_02326;FGSG_02327;FGSG_02328;FGSG_02329;FGSG_03842;FGSG_08083;FGSG_11326;FGSG_13952,2,uncharacterized protein,,4.34620458276454,10,1.50827782657144,2.16990226080288e-05,1,0.8119382964453388
FGSG_02319,13,0.4600886259519874,5.564024399182015,FGSG_01866;FGSG_02321;FGSG_02323;FGSG_02324;FGSG_02325;FGSG_02326;FGSG_02327;FGSG_02328;FGSG_02329;FGSG_08083;FGSG_10670;FGSG_11326;FGSG_13952,2,uncharacterized protein,GO:0016021,4.342088934559361,10,1.51364146191674,0.0005330583963242,1,0.8119382964453387
FGSG_09479,20,0.4707950185487007,8.708575003780172,FGSG_00330;FGSG_00743;FGSG_01422;FGSG_02272;FGSG_02461;FGSG_03061;FGSG_03546;FGSG_03548;FGSG_03894;FGSG_04458;FGSG_04589;FGSG_04590;FGSG_05610;FGSG_08601;FGSG_08712;FGSG_08774;FGSG_09012;FGSG_09456;FGSG_09834;FGSG_10347,1,uncharacterized protein,GO:0004672;GO:0005524;GO:0006468,5.243168775452434,12,-1.03439903136314,0.0001736057586649,1,0.8114688128772636
FGSG_13650,16,0.4583993437723062,6.86231094063124,FGSG_00007;FGSG_01866;FGSG_02321;FGSG_02323;FGSG_02324;FGSG_02325;FGSG_02326;FGSG_02327;FGSG_02328;FGSG_02329;FGSG_03842;FGSG_03881;FGSG_08082;FGSG_08083;FGSG_11326;FGSG_13952,2,uncharacterized protein,GO:0001678;GO:0004396;GO:0005215;GO:0005524;GO:0005536;GO:0005623;GO:0006096;GO:0016021;GO:0046835;GO:0055085,4.8034538022667315,11,1.23219159741616,1.83901324885063e-15,1,0.8112005365526492
FGSG_04368,11,0.4538358361392742,4.753240351623724,FGSG_02321;FGSG_02323;FGSG_02324;FGSG_02325;FGSG_02326;FGSG_02327;FGSG_02328;FGSG_02329;FGSG_02903;FGSG_11326;FGSG_13952,2,uncharacterized protein,GO:0016021;GO:0016491;GO:0022891;GO:0055085;GO:0055114;GO:0071949,3.9278961491074886,9,2.08095991855663,3.2153392915300298e-40,1,0.8109322602280349
FGSG_06038,15,0.4555666250392281,6.373875201909386,FGSG_00007;FGSG_01866;FGSG_02321;FGSG_02323;FGSG_02324;FGSG_02325;FGSG_02326;FGSG_02327;FGSG_02328;FGSG_02329;FGSG_03842;FGSG_03881;FGSG_08083;FGSG_11326;FGSG_13952,2,uncharacterized protein,,4.331938630360037,10,1.50754044677714,1.3370557990296201e-14,1,0.8103957075788062
FGSG_03063,10,0.42951191430892355,4.122592587331418,FGSG_00330;FGSG_03546;FGSG_03548;FGSG_03992;FGSG_04458;FGSG_08601;FGSG_09280;FGSG_09456;FGSG_09834;FGSG_10347,1,uncharacterized protein,GO:0005886;GO:0007124;GO:0008519;GO:0016021;GO:0019740;GO:0072488,3.707264529710889,9,-3.27107799552725,0.0032280797437019,1,0.810127431254192
FGSG_00857,13,0.47149444808794494,5.806618222652472,FGSG_00330;FGSG_01422;FGSG_03546;FGSG_03547;FGSG_03548;FGSG_03992;FGSG_04458;FGSG_04591;FGSG_08601;FGSG_09280;FGSG_09456;FGSG_09834;FGSG_10347,1,uncharacterized protein,,4.971051113151017,11,-1.14496745289832,2.2173505754290098e-55,1,0.809926224010731
FGSG_04658,13,0.4621208534225136,5.633081933421614,FGSG_01866;FGSG_02321;FGSG_02323;FGSG_02324;FGSG_02325;FGSG_02326;FGSG_02327;FGSG_02328;FGSG_02329;FGSG_03842;FGSG_08083;FGSG_11326;FGSG_13952,2,uncharacterized protein,GO:0016021;GO:0055085,4.381111040129207,10,1.41799032688808,1.22720421702785e-05,1,0.8098591549295775
FGSG_13252,17,0.47782579604270914,7.219984625494424,FGSG_00743;FGSG_01422;FGSG_02272;FGSG_02461;FGSG_03061;FGSG_03340;FGSG_03894;FGSG_04458;FGSG_04589;FGSG_05610;FGSG_08601;FGSG_08712;FGSG_08774;FGSG_09012;FGSG_10347;FGSG_10922;FGSG_12180,1,uncharacterized protein,,4.279990232589366,10,-1.60116222765368,1.3311741376794402e-15,1,0.8087189805499665
FGSG_01829,10,0.4449745950245527,4.259886726393075,FGSG_02324;FGSG_02325;FGSG_02326;FGSG_02327;FGSG_02328;FGSG_02329;FGSG_03842;FGSG_08083;FGSG_11326;FGSG_13952,2,uncharacterized protein,GO:0005975;GO:0016853;GO:0030246,4.259886726393075,10,1.66412040525894,1.78295494644508e-05,1,0.8081824279007378
FGSG_09082,11,0.4471320353029506,4.672830599939268,FGSG_02323;FGSG_02324;FGSG_02325;FGSG_02326;FGSG_02327;FGSG_02328;FGSG_02329;FGSG_03842;FGSG_08083;FGSG_11326;FGSG_13952,2,alpha-glucosidase,GO:0003824;GO:0005975,4.271643544289425,10,1.63393445462882,1.07007388003642e-09,1,0.8081153588195842
FGSG_04667,10,0.44297990223963196,4.1986481673288285,FGSG_00330;FGSG_03546;FGSG_03547;FGSG_03548;FGSG_04458;FGSG_08601;FGSG_09280;FGSG_09456;FGSG_09834;FGSG_10347,1,uncharacterized protein,GO:0005215;GO:0016021;GO:0051213;GO:0055085;GO:0055114,3.7985933140302413,9,-2.68891115001395,0.0002322030764474,1,0.8075788061703555
FGSG_03721,10,0.4462962262400467,4.191632416704903,FGSG_02323;FGSG_02324;FGSG_02325;FGSG_02326;FGSG_02327;FGSG_02328;FGSG_02329;FGSG_03842;FGSG_11326;FGSG_13952,2,uncharacterized protein,,3.787882354010032,9,2.77273741545048,3.8535754131322095e-114,1,0.8074446680080483
FGSG_03750,11,0.4367370457985138,4.59284368279344,FGSG_00330;FGSG_03546;FGSG_03547;FGSG_03548;FGSG_03992;FGSG_04458;FGSG_04591;FGSG_08601;FGSG_09280;FGSG_09834;FGSG_10347,1,uncharacterized protein,,4.59284368279344,11,-1.32133840017009,2.43962955472726e-14,1,0.8066398390342052
FGSG_02387,10,0.45316065211124507,4.353369505719496,FGSG_02321;FGSG_02323;FGSG_02324;FGSG_02325;FGSG_02326;FGSG_02327;FGSG_02328;FGSG_02329;FGSG_02903;FGSG_11326,2,uncharacterized protein,GO:0016491;GO:0055114,3.5399901106350056,8,3.204135117287,3.00838777135617e-21,1,0.8065057008718981
FGSG_11655,10,0.44629034054287997,4.237341564798415,FGSG_00330;FGSG_03546;FGSG_03547;FGSG_03548;FGSG_04458;FGSG_04591;FGSG_08601;FGSG_09280;FGSG_09834;FGSG_10347,1,uncharacterized protein,GO:0004318;GO:0004497;GO:0005506;GO:0005835;GO:0006633;GO:0016705;GO:0020037;GO:0055114,4.237341564798415,10,-1.6862786129471,1.5483364829372e-105,1,0.8062374245472836
FGSG_08231,11,0.4579645326710749,4.753827359203852,FGSG_02321;FGSG_02323;FGSG_02324;FGSG_02325;FGSG_02326;FGSG_02327;FGSG_02328;FGSG_02329;FGSG_08083;FGSG_11326;FGSG_13952,2,uncharacterized protein,,3.931592614682403,9,1.90780908443999,2.46492535264765e-08,1,0.8060362173038229
FGSG_03845,11,0.4630483293074926,4.796293856502521,FGSG_02321;FGSG_02323;FGSG_02324;FGSG_02325;FGSG_02326;FGSG_02327;FGSG_02328;FGSG_02329;FGSG_08083;FGSG_11326;FGSG_13952,2,uncharacterized protein,GO:0016021,3.9693599231965684,9,1.81585349253838,4.37350211323763e-07,1,0.8057679409792087
FGSG_07384,12,0.45702342780045935,5.171246670454171,FGSG_02321;FGSG_02323;FGSG_02324;FGSG_02325;FGSG_02326;FGSG_02327;FGSG_02328;FGSG_02329;FGSG_02903;FGSG_08083;FGSG_11326;FGSG_13952,2,uncharacterized protein,,4.343400179079976,10,1.40272876619458,6.99494216874921e-05,1,0.805700871898055
FGSG_04695,10,0.461761470865549,4.395824596972144,FGSG_02321;FGSG_02323;FGSG_02324;FGSG_02325;FGSG_02326;FGSG_02327;FGSG_02328;FGSG_02329;FGSG_02903;FGSG_11326,2,uncharacterized protein,GO:0016021,3.56708818990803,8,3.0356673817463,3.76042110561167e-16,1,0.8055667337357478
FGSG_04677,12,0.44992212387154124,5.13456702287265,FGSG_02321;FGSG_02323;FGSG_02324;FGSG_02325;FGSG_02326;FGSG_02327;FGSG_02328;FGSG_02329;FGSG_03842;FGSG_08083;FGSG_11326;FGSG_13952,2,uncharacterized protein,GO:0016787,4.319750621796846,10,1.42957974129036,7.50740439393624e-05,1,0.8051643192488263
FGSG_13742,12,0.4542472836638122,5.2004782900758055,FGSG_02321;FGSG_02323;FGSG_02324;FGSG_02325;FGSG_02326;FGSG_02327;FGSG_02328;FGSG_02329;FGSG_03842;FGSG_08083;FGSG_11326;FGSG_13952,2,uncharacterized protein,,4.380769734081616,10,1.33849762478082,8.98293104790418e-13,1,0.8045606975184441
FGSG_09913,19,0.48578377217326796,8.244746612134481,FGSG_00330;FGSG_00743;FGSG_01422;FGSG_02272;FGSG_02461;FGSG_03061;FGSG_03546;FGSG_03548;FGSG_03894;FGSG_04458;FGSG_04589;FGSG_05610;FGSG_08601;FGSG_08712;FGSG_08774;FGSG_09012;FGSG_09834;FGSG_10347;FGSG_12180,1,uncharacterized protein,GO:0016021;GO:0055085,5.200095739197844,12,-1.01189542143909,3.33554780401657e-06,1,0.8044936284372903
FGSG_10962,24,0.4913449034323741,10.542644227104825,FGSG_00743;FGSG_01422;FGSG_02030;FGSG_02271;FGSG_02272;FGSG_02461;FGSG_02782;FGSG_03061;FGSG_03295;FGSG_03894;FGSG_03992;FGSG_04458;FGSG_04590;FGSG_05610;FGSG_06506;FGSG_07075;FGSG_07528;FGSG_08712;FGSG_08774;FGSG_09012;FGSG_09456;FGSG_09834;FGSG_10347;FGSG_13136,1,uncharacterized protein,,3.979318618016873,9,-1.73030133690656,7.2775550865333995e-37,1,0.8036217303822937
FGSG_01617,16,0.45978125373227685,6.848516850982037,FGSG_01422;FGSG_02271;FGSG_02272;FGSG_02461;FGSG_03061;FGSG_03546;FGSG_03548;FGSG_03894;FGSG_04458;FGSG_04590;FGSG_05610;FGSG_07075;FGSG_09012;FGSG_09456;FGSG_09834;FGSG_10347,1,uncharacterized protein,,4.245608741495947,10,-1.58718537996458,0.0009639877116094,1,0.8033534540576794
FGSG_05922,12,0.46231910583635527,5.2370913091242794,FGSG_02321;FGSG_02323;FGSG_02324;FGSG_02325;FGSG_02326;FGSG_02327;FGSG_02328;FGSG_02329;FGSG_02903;FGSG_08083;FGSG_11326;FGSG_13952,2,uncharacterized protein,,4.401657277025874,10,1.29679557097791,1.41213589295658e-09,1,0.803085177733065
FGSG_13708,10,0.4516495462715301,4.373283972740868,FGSG_02321;FGSG_02323;FGSG_02324;FGSG_02325;FGSG_02326;FGSG_02327;FGSG_02328;FGSG_02329;FGSG_02903;FGSG_11326,2,uncharacterized protein,GO:0008171;GO:0032259,3.5538986066459692,8,2.93104805161946,0.0,1,0.8028839704896042
FGSG_02074,18,0.44325331139398416,7.655594522370261,FGSG_00330;FGSG_00743;FGSG_01422;FGSG_02272;FGSG_02461;FGSG_03061;FGSG_03546;FGSG_03548;FGSG_03894;FGSG_04458;FGSG_04589;FGSG_05610;FGSG_08601;FGSG_08712;FGSG_09012;FGSG_09456;FGSG_09834;FGSG_10347,1,uncharacterized protein,GO:0016021,4.748048488419441,11,-1.1905334371375,0.0123554395120907,1,0.8016767270288396
FGSG_07973,11,0.4395526146508855,4.642177633767481,FGSG_00330;FGSG_03546;FGSG_03547;FGSG_03548;FGSG_03992;FGSG_04458;FGSG_08601;FGSG_09280;FGSG_09456;FGSG_09834;FGSG_10347,1,uncharacterized protein,GO:0016021,4.22360819293822,10,-1.58173349016972,8.006029525967511e-10,1,0.8016767270288396
FGSG_10923,10,0.451337453266634,4.319488613381916,FGSG_02321;FGSG_02323;FGSG_02324;FGSG_02325;FGSG_02326;FGSG_02327;FGSG_02328;FGSG_02329;FGSG_02903;FGSG_11326,2,uncharacterized protein,GO:0006950;GO:0016021,3.5103044065962212,8,3.00164312255117,9.231900508497841e-10,1,0.8012743125419182
FGSG_03717,12,0.4577958209409193,5.061688825252546,FGSG_00007;FGSG_02324;FGSG_02325;FGSG_02326;FGSG_02327;FGSG_02328;FGSG_02329;FGSG_03842;FGSG_08082;FGSG_08083;FGSG_11326;FGSG_13952,2,uncharacterized protein,,4.647475882424789,11,1.25232653983677,8.23119566756643e-28,1,0.7997987927565392
FGSG_11306,18,0.44229967105648593,7.533786882271825,FGSG_01866;FGSG_02320;FGSG_02321;FGSG_02323;FGSG_02324;FGSG_02325;FGSG_02326;FGSG_02327;FGSG_02328;FGSG_02329;FGSG_03532;FGSG_03881;FGSG_08078;FGSG_08083;FGSG_08795;FGSG_10670;FGSG_11326;FGSG_12211,2,uncharacterized protein,GO:0016021,4.226503484523603,10,1.52573449027776,1.0518557598499e-14,1,0.7995975855130785
FGSG_04459,15,0.49138571526266783,6.460502081840577,FGSG_00743;FGSG_01422;FGSG_02272;FGSG_02461;FGSG_03061;FGSG_03894;FGSG_04458;FGSG_04589;FGSG_05610;FGSG_08712;FGSG_08774;FGSG_09012;FGSG_10347;FGSG_10922;FGSG_12180,1,uncharacterized protein,GO:0000981;GO:0005634;GO:0006357;GO:0008270,3.451531983272852,8,-3.29625477933261,1.8963650552251997e-12,1,0.7985915492957747
FGSG_03832,8,0.42652801380983474,3.3846153364984883,FGSG_02324;FGSG_02325;FGSG_02326;FGSG_02327;FGSG_02328;FGSG_02329;FGSG_02903;FGSG_11326,2,uncharacterized protein,,3.3846153364984883,8,5.91120813146398,1.19235022333232e-06,1,0.7983232729711602
FGSG_12764,12,0.45576885890493496,5.202839894860959,FGSG_02321;FGSG_02323;FGSG_02324;FGSG_02325;FGSG_02326;FGSG_02327;FGSG_02328;FGSG_02329;FGSG_02903;FGSG_10670;FGSG_11326;FGSG_13952,2,uncharacterized protein,,4.369721310969518,10,1.27258320672918,2.16050942134756e-32,1,0.797719651240778
FGSG_09007,13,0.4667065669368679,5.700427922278152,FGSG_02321;FGSG_02323;FGSG_02324;FGSG_02325;FGSG_02326;FGSG_02327;FGSG_02328;FGSG_02329;FGSG_02903;FGSG_03842;FGSG_08083;FGSG_11326;FGSG_13952,2,uncharacterized protein,,4.855057047205024,11,1.03393216247755,9.844686084553719e-11,1,0.7972501676727028
FGSG_03420,16,0.49219893419392347,6.999317951156034,FGSG_00743;FGSG_01422;FGSG_02272;FGSG_02461;FGSG_03061;FGSG_03894;FGSG_04458;FGSG_04589;FGSG_04590;FGSG_05610;FGSG_08712;FGSG_08774;FGSG_09012;FGSG_09834;FGSG_10347;FGSG_12180,1,uncharacterized protein,GO:0016021,3.8893502880679716,9,-1.72793995589488,0.003245148421068,1,0.7966465459423206
FGSG_12254,12,0.4592204601448557,5.1991492272618824,FGSG_01866;FGSG_02321;FGSG_02324;FGSG_02325;FGSG_02326;FGSG_02327;FGSG_02328;FGSG_02329;FGSG_03842;FGSG_08083;FGSG_11326;FGSG_13952,2,uncharacterized protein,GO:0016021,4.375101994016902,10,1.26248385368294,0.0002181102918368,1,0.7963782696177062
FGSG_12782,10,0.4563568703391251,4.342076850225895,FGSG_02321;FGSG_02323;FGSG_02324;FGSG_02325;FGSG_02326;FGSG_02327;FGSG_02328;FGSG_02329;FGSG_08083;FGSG_11326,2,uncharacterized protein,GO:0000981;GO:0005634;GO:0006357;GO:0008270,3.5273446059388296,8,2.49688864667379,2.48785616757687e-24,1,0.7948356807511737
FGSG_00392,11,0.4539409644506637,4.694451528665504,FGSG_02077;FGSG_02321;FGSG_02324;FGSG_02325;FGSG_02326;FGSG_02327;FGSG_02328;FGSG_02329;FGSG_02903;FGSG_10670;FGSG_11326,2,uncharacterized protein,,3.891402014702318,9,1.59792832162175,3.16283581820822e-16,1,0.7914822266934943
FGSG_02906,13,0.4601740486260599,5.488786255316612,FGSG_00007;FGSG_01866;FGSG_02324;FGSG_02325;FGSG_02326;FGSG_02327;FGSG_02328;FGSG_02329;FGSG_03539;FGSG_03842;FGSG_08082;FGSG_08083;FGSG_13952,2,uncharacterized protein,,4.255631831716312,10,1.32903328013546,1.66707148953638e-28,1,0.7908115358819584
FGSG_02051,11,0.4558177146847239,4.811019659846089,FGSG_00330;FGSG_03546;FGSG_03547;FGSG_03548;FGSG_03992;FGSG_04458;FGSG_08601;FGSG_09280;FGSG_09456;FGSG_09834;FGSG_10347,1,superoxide dismutase,GO:0004784;GO:0019430;GO:0046872;GO:0055114,4.37422392208966,10,-1.18302116520564,4.22084542745463e-34,1,0.7901408450704226
FGSG_12563,11,0.4409399169968556,4.649655993784334,FGSG_02323;FGSG_02324;FGSG_02325;FGSG_02326;FGSG_02327;FGSG_02328;FGSG_02329;FGSG_03842;FGSG_08083;FGSG_11326;FGSG_13952,2,uncharacterized protein,GO:0016491;GO:0046872;GO:0051537;GO:0055114,4.2450444420352875,10,1.3474496684052,1.49039277176087e-49,1,0.790073775989269
FGSG_03432,11,0.45500337580973443,4.760096832223701,FGSG_02321;FGSG_02323;FGSG_02324;FGSG_02325;FGSG_02326;FGSG_02327;FGSG_02328;FGSG_02329;FGSG_02903;FGSG_11326;FGSG_13952,2,uncharacterized protein,GO:0004190;GO:0006508,3.9368902903891607,9,1.45075318007732,1.82982812319073e-19,1,0.7895372233400403
FGSG_11992,10,0.4582071674319184,4.383496051904638,FGSG_02321;FGSG_02323;FGSG_02324;FGSG_02325;FGSG_02326;FGSG_02327;FGSG_02328;FGSG_02329;FGSG_02903;FGSG_11326,2,uncharacterized protein,GO:0003824;GO:0050662,3.5649910186060625,8,2.07390457416479,3.76042110561167e-16,1,0.788933601609658
FGSG_02137,10,0.4375418864780775,4.2557957721251105,FGSG_00330;FGSG_03546;FGSG_03548;FGSG_03992;FGSG_04458;FGSG_08601;FGSG_09280;FGSG_09456;FGSG_09834;FGSG_10347,1,uncharacterized protein,GO:0016491;GO:0020037;GO:0046872;GO:0055114,3.8338316675293824,9,-1.66965299336464,0.0047954611508589,1,0.7873239436619719
FGSG_11653,15,0.4393920238998416,6.444681487481166,FGSG_00330;FGSG_01422;FGSG_02272;FGSG_02461;FGSG_03061;FGSG_03546;FGSG_03548;FGSG_03894;FGSG_04458;FGSG_05610;FGSG_08601;FGSG_09012;FGSG_09456;FGSG_09834;FGSG_10347,1,uncharacterized protein,GO:0000981;GO:0003677;GO:0005634;GO:0006351;GO:0006357;GO:0008270;GO:0008484,4.297661147699046,10,-1.24738088570259,0.0012960402249838,1,0.7871898054996647
FGSG_01223,16,0.4412735719737895,6.775146732671639,FGSG_00330;FGSG_00743;FGSG_01422;FGSG_02272;FGSG_03061;FGSG_03546;FGSG_03548;FGSG_03894;FGSG_04458;FGSG_04589;FGSG_05610;FGSG_08601;FGSG_09012;FGSG_09456;FGSG_09834;FGSG_10347,1,uncharacterized protein,GO:0016021,4.712361710242041,11,-1.05512785920236,0.0199179445936839,1,0.7871227364185112
FGSG_03120,14,0.452568338999411,5.897508047576219,FGSG_01866;FGSG_02320;FGSG_02321;FGSG_02323;FGSG_02324;FGSG_02325;FGSG_02326;FGSG_02327;FGSG_02328;FGSG_02329;FGSG_08083;FGSG_09187;FGSG_11326;FGSG_13952,2,uncharacterized protein,GO:0016021,4.265830392916965,10,1.27353072849699,2.66037260369644e-06,1,0.7867873910127432
FGSG_07500,16,0.4623604215895117,6.747482107534912,FGSG_00007;FGSG_01866;FGSG_02321;FGSG_02323;FGSG_02324;FGSG_02325;FGSG_02326;FGSG_02327;FGSG_02328;FGSG_02329;FGSG_03539;FGSG_03842;FGSG_08082;FGSG_08083;FGSG_11326;FGSG_13952,2,uncharacterized protein,GO:0016491;GO:0030151;GO:0042128;GO:0055114,4.706808857088004,11,1.04607811116152,2.28209289056024e-35,1,0.7858484238765928
FGSG_03630,10,0.4506693370938908,4.339106406567733,FGSG_02321;FGSG_02323;FGSG_02324;FGSG_02325;FGSG_02326;FGSG_02327;FGSG_02328;FGSG_02329;FGSG_02903;FGSG_11326,2,uncharacterized protein,,3.531618372300782,8,1.97035507332203,1.68492936876639e-82,1,0.7849094567404427
FGSG_03955,8,0.43394434833147005,3.300859005610081,FGSG_02324;FGSG_02325;FGSG_02326;FGSG_02327;FGSG_02328;FGSG_03842;FGSG_11326;FGSG_13952,2,uncharacterized protein,GO:0005737;GO:0008677;GO:0009063;GO:0015940;GO:0050661;GO:0055114,3.300859005610081,8,4.03888576557141,0.0003338783582914,1,0.7844399731723676
FGSG_02864,8,0.43646555912287677,3.372048654060807,FGSG_02324;FGSG_02325;FGSG_02326;FGSG_02327;FGSG_02328;FGSG_03842;FGSG_11326;FGSG_13952,2,uncharacterized protein,,3.372048654060807,8,2.94708829932411,9.623857608142878e-40,1,0.7832997987927566
FGSG_08309,13,0.46006307915639943,5.492014330806305,FGSG_00007;FGSG_01866;FGSG_02324;FGSG_02325;FGSG_02326;FGSG_02327;FGSG_02328;FGSG_02329;FGSG_03539;FGSG_03842;FGSG_08082;FGSG_08083;FGSG_13952,2,uncharacterized protein,GO:0005524;GO:0016021;GO:0042626;GO:0055085,4.259459516362129,10,1.24862104611912,2.5597664709967903e-35,1,0.7828973843058351
FGSG_04377,8,0.4482508232101177,3.4590232682723188,FGSG_02324;FGSG_02325;FGSG_02326;FGSG_02327;FGSG_02328;FGSG_02329;FGSG_02903;FGSG_11326,2,uncharacterized protein,,3.4590232682723188,8,2.23076496877676,1.42728417378717e-05,1,0.7828303152246814
FGSG_11721,11,0.4422713978419509,4.651818376758805,FGSG_02321;FGSG_02323;FGSG_02324;FGSG_02325;FGSG_02326;FGSG_02327;FGSG_02328;FGSG_02329;FGSG_03842;FGSG_11326;FGSG_13952,2,uncharacterized protein,GO:0046872,3.8480186803217817,9,1.47987061793623,6.63900368760008e-06,1,0.782092555331992
FGSG_13391,18,0.47771505123824515,7.803259196321566,FGSG_00743;FGSG_01422;FGSG_02271;FGSG_02272;FGSG_02461;FGSG_03061;FGSG_03548;FGSG_03894;FGSG_04458;FGSG_04590;FGSG_05610;FGSG_07075;FGSG_08712;FGSG_08774;FGSG_09012;FGSG_09456;FGSG_09834;FGSG_10347,1,uncharacterized protein,,3.9010434595701367,9,-1.35710795387691,2.14855479324308e-06,1,0.7809523809523811
FGSG_12594,9,0.43540507063609807,3.7793042488032236,FGSG_02324;FGSG_02325;FGSG_02326;FGSG_02327;FGSG_02328;FGSG_02329;FGSG_08083;FGSG_11326;FGSG_13952,2,uncharacterized protein,GO:0000166;GO:0004497;GO:0050662;GO:0055114,3.7793042488032236,9,1.67586116563641,0.0109485687244832,1,0.7807511737089202
FGSG_03140,12,0.45127250463537816,5.1429774639346375,FGSG_02321;FGSG_02323;FGSG_02324;FGSG_02325;FGSG_02326;FGSG_02327;FGSG_02328;FGSG_02329;FGSG_03842;FGSG_08083;FGSG_11326;FGSG_13952,2,uncharacterized protein,GO:0016021;GO:0022891;GO:0055085,4.318329128919619,10,1.09909093228306,0.0336536074241626,1,0.7802816901408451
FGSG_09268,13,0.4687070347838744,5.704733405560854,FGSG_01866;FGSG_02321;FGSG_02323;FGSG_02324;FGSG_02325;FGSG_02326;FGSG_02327;FGSG_02328;FGSG_02329;FGSG_03842;FGSG_08083;FGSG_11326;FGSG_13952,2,uncharacterized protein,,4.456541825230981,10,1.03017990308398,1.19553054502382e-08,1,0.7793427230046948
FGSG_05253,10,0.45709077514087326,4.298990576004814,FGSG_00330;FGSG_03546;FGSG_03547;FGSG_03548;FGSG_03992;FGSG_04458;FGSG_04589;FGSG_08601;FGSG_09834;FGSG_10347,1,uncharacterized protein,,4.298990576004814,10,-1.09328167279767,1.09968297608337e-05,1,0.7773977196512407
FGSG_04515,12,0.44362839362267087,5.06965893613412,FGSG_02321;FGSG_02323;FGSG_02324;FGSG_02325;FGSG_02326;FGSG_02327;FGSG_02328;FGSG_02329;FGSG_02903;FGSG_03842;FGSG_11326;FGSG_13952,2,uncharacterized protein,,4.2577769663677305,10,1.16281445531283,4.218495869172511e-09,1,0.77719651240778
FGSG_12109,14,0.4980630681667592,6.106733068037936,FGSG_00743;FGSG_01422;FGSG_02272;FGSG_02461;FGSG_03061;FGSG_03894;FGSG_04589;FGSG_04593;FGSG_05610;FGSG_08712;FGSG_08774;FGSG_09012;FGSG_10922;FGSG_12180,1,uncharacterized protein,,3.0527426465462257,7,-3.44097074425114,7.03684898313842e-08,1,0.7761904761904762
FGSG_03727,11,0.4559696309275356,4.748041888228774,FGSG_02321;FGSG_02323;FGSG_02324;FGSG_02325;FGSG_02326;FGSG_02327;FGSG_02328;FGSG_02329;FGSG_08083;FGSG_11326;FGSG_13952,2,uncharacterized protein,GO:0000981;GO:0003677;GO:0005634;GO:0006351;GO:0006357;GO:0008270,3.926936696834523,9,1.27975490535911,9.20131405297676e-06,1,0.7758551307847082
FGSG_04616,10,0.44661931531168586,4.332087696397951,FGSG_02321;FGSG_02323;FGSG_02324;FGSG_02325;FGSG_02326;FGSG_02327;FGSG_02328;FGSG_02329;FGSG_02903;FGSG_11326,2,uncharacterized protein,GO:0008152;GO:0016846,3.519483547833015,8,1.69816903062161,2.20924476371814e-10,1,0.7743796109993293
FGSG_05203,16,0.44185108211754787,6.675859271788371,FGSG_00743;FGSG_01422;FGSG_02272;FGSG_02461;FGSG_03061;FGSG_03546;FGSG_03548;FGSG_03894;FGSG_04458;FGSG_04589;FGSG_05610;FGSG_08601;FGSG_09012;FGSG_09456;FGSG_09834;FGSG_10347,1,meiotic coiled-coil protein 2,GO:0003723,4.209088122710206,10,-1.19000869244398,0.0204774487370184,1,0.7739771965124077
FGSG_11651,8,0.44083575175483813,3.4122754695969437,FGSG_02324;FGSG_02325;FGSG_02326;FGSG_02327;FGSG_02328;FGSG_02329;FGSG_02903;FGSG_11326,2,uncharacterized protein,,3.4122754695969437,8,2.05907020306195,8.589694008901801e-15,1,0.7729040912139504
FGSG_07296,11,0.4526969312695635,4.705435206873602,FGSG_02077;FGSG_02321;FGSG_02324;FGSG_02325;FGSG_02326;FGSG_02327;FGSG_02328;FGSG_02329;FGSG_02903;FGSG_10670;FGSG_11326,2,ATP-dependent RNA helicase DBP8,GO:0000447;GO:0000472;GO:0000480;GO:0003723;GO:0004004;GO:0005524;GO:0005730;GO:0030686,3.888633215089734,9,1.2845214942712,1.34046602079259e-43,1,0.7728370221327968
FGSG_09029,7,0.4433358350733606,3.0081963163392587,FGSG_02324;FGSG_02325;FGSG_02326;FGSG_02327;FGSG_02328;FGSG_02329;FGSG_11326,2,uncharacterized protein,GO:0016491;GO:0055114,3.0081963163392587,7,3.45014728478502,2.546320299204e-06,1,0.7723004694835681
FGSG_10657,10,0.4325550077310014,4.15978679106894,FGSG_00330;FGSG_03546;FGSG_03548;FGSG_03992;FGSG_04458;FGSG_08601;FGSG_09280;FGSG_09456;FGSG_09834;FGSG_10347,1,uncharacterized protein,GO:0006355,3.7560045370470525,9,-1.47450910300914,0.0307291840788245,1,0.7716297786720322
FGSG_12387,7,0.4354409834282646,2.9553387151277835,FGSG_02324;FGSG_02325;FGSG_02326;FGSG_02327;FGSG_02328;FGSG_02329;FGSG_11326,2,uncharacterized protein,,2.9553387151277835,7,6.2265126378969,1.77374620711867e-16,1,0.7699530516431925
FGSG_04735,25,0.4888490317579672,10.791682146220401,FGSG_00743;FGSG_00765;FGSG_01422;FGSG_01621;FGSG_02030;FGSG_02272;FGSG_02461;FGSG_02972;FGSG_03061;FGSG_03747;FGSG_03894;FGSG_04588;FGSG_04589;FGSG_04593;FGSG_05368;FGSG_05610;FGSG_08493;FGSG_08712;FGSG_08774;FGSG_09012;FGSG_10444;FGSG_10922;FGSG_11206;FGSG_12180;FGSG_13136,1,uncharacterized protein,,3.9011333504937573,9,-1.23116751133073,1.42246299458622e-33,1,0.7689470154258887
FGSG_07691,12,0.44591044496767135,5.063828706786491,FGSG_02321;FGSG_02323;FGSG_02324;FGSG_02325;FGSG_02326;FGSG_02327;FGSG_02328;FGSG_02329;FGSG_03842;FGSG_08083;FGSG_11326;FGSG_13952,2,uncharacterized protein,,4.251166370696962,10,1.08173969043557,0.0110130091734147,1,0.7687458081824279
FGSG_13111,11,0.44603270988459237,4.6977011834414215,FGSG_00330;FGSG_03546;FGSG_03547;FGSG_03548;FGSG_03992;FGSG_04458;FGSG_08601;FGSG_09280;FGSG_09456;FGSG_09834;FGSG_10347,1,enoyl-CoA hydratase,GO:0008152;GO:0016853,4.267183299608529,10,-1.05581855362389,4.1198789158740397e-22,1,0.7685446009389671
FGSG_09088,7,0.432310663953986,2.977596631431842,FGSG_02324;FGSG_02325;FGSG_02326;FGSG_02327;FGSG_02328;FGSG_02329;FGSG_11326,2,uncharacterized protein,,2.977596631431842,7,4.02693786688016,0.0002781109190781,1,0.7680080482897385
FGSG_08823,8,0.4581744528503072,3.522182104043114,FGSG_02321;FGSG_02324;FGSG_02325;FGSG_02326;FGSG_02327;FGSG_02328;FGSG_02329;FGSG_11326,2,uncharacterized protein,GO:0005524;GO:0016021;GO:0042626;GO:0055085,3.1154444624644997,7,2.52882155868194,7.18380429598794e-05,1,0.7674714956405098
FGSG_08389,13,0.4438999223006386,5.485589535601243,FGSG_00330;FGSG_00743;FGSG_01422;FGSG_03061;FGSG_03546;FGSG_03548;FGSG_03894;FGSG_04458;FGSG_04589;FGSG_05610;FGSG_08601;FGSG_08712;FGSG_10347,1,uncharacterized protein,,3.8383104826675836,9,-1.28068079770794,0.0006785143836092,1,0.7667337357478203
FGSG_02873,12,0.4449141908364142,5.10277541944925,FGSG_02321;FGSG_02323;FGSG_02324;FGSG_02325;FGSG_02326;FGSG_02327;FGSG_02328;FGSG_02329;FGSG_02903;FGSG_03842;FGSG_11326;FGSG_13952,2,uncharacterized protein,GO:0008152;GO:0016874,4.280686551113142,10,1.02419629006419,1.07893694581e-08,1,0.7665325285043596
FGSG_04283,18,0.4616836405531713,7.65218349554575,FGSG_00007;FGSG_01866;FGSG_02321;FGSG_02324;FGSG_02325;FGSG_02326;FGSG_02327;FGSG_02328;FGSG_02329;FGSG_03539;FGSG_03541;FGSG_03842;FGSG_03881;FGSG_07896;FGSG_08081;FGSG_08082;FGSG_08083;FGSG_13952,2,uncharacterized protein,,4.297843811073812,10,1.00801456731062,3.67369398720608e-28,1,0.7661971830985915
FGSG_11236,13,0.4522958475915362,5.458533184988843,FGSG_00007;FGSG_01866;FGSG_02321;FGSG_02324;FGSG_02326;FGSG_02327;FGSG_02328;FGSG_02329;FGSG_03842;FGSG_03881;FGSG_08083;FGSG_11326;FGSG_13952,2,uncharacterized protein,GO:0016788,3.833864290119863,9,1.27857084340603,0.0002486607580142,1,0.7660630449362844
FGSG_01491,14,0.48728650471653684,6.009216935130839,FGSG_00743;FGSG_02272;FGSG_02461;FGSG_02972;FGSG_03061;FGSG_03747;FGSG_03894;FGSG_04589;FGSG_05610;FGSG_08774;FGSG_09012;FGSG_10347;FGSG_10922;FGSG_12180,1,uncharacterized protein,,3.4336365789239225,8,-1.70924265834684,1.52513161664212e-08,1,0.7654594232059022
FGSG_03199,27,0.4502600453904689,11.523405547135065,FGSG_00007;FGSG_01866;FGSG_02255;FGSG_02321;FGSG_02326;FGSG_02327;FGSG_02328;FGSG_02329;FGSG_03532;FGSG_03535;FGSG_03539;FGSG_03541;FGSG_03543;FGSG_03600;FGSG_03842;FGSG_03881;FGSG_07896;FGSG_08077;FGSG_08078;FGSG_08079;FGSG_08081;FGSG_08082;FGSG_08083;FGSG_08084;FGSG_09064;FGSG_09187;FGSG_13952,2,phenol 2-monooxygenase,GO:0004497;GO:0016021;GO:0055114;GO:0071949,4.257749155289667,10,1.03692669421663,1.49430772358573e-32,1,0.7650570087189805
FGSG_13975,7,0.4398233729798402,2.9270777251936257,FGSG_02324;FGSG_02325;FGSG_02326;FGSG_02327;FGSG_02328;FGSG_02329;FGSG_11326,2,uncharacterized protein,GO:0016787,2.9270777251936257,7,5.41530664639094,4.2042788919338594e-12,1,0.7648558014755198
FGSG_11257,10,0.45815457663552434,4.346630088386005,FGSG_02321;FGSG_02323;FGSG_02324;FGSG_02325;FGSG_02326;FGSG_02327;FGSG_02328;FGSG_02329;FGSG_08083;FGSG_11326,2,uncharacterized protein,GO:0006508;GO:0008236,3.529339097350961,8,1.43919223450455,0.0001015107406016,1,0.7643192488262911
FGSG_04610,8,0.4529655843089253,3.4811700817982443,FGSG_02321;FGSG_02324;FGSG_02325;FGSG_02326;FGSG_02327;FGSG_02328;FGSG_02329;FGSG_11326,2,uncharacterized protein,GO:0016021;GO:0022891;GO:0055085,3.075734198958751,7,2.422678712221,1.45485993799346e-05,1,0.7642521797451376
FGSG_01986,7,0.435669681556122,2.9433399877162394,FGSG_02324;FGSG_02325;FGSG_02326;FGSG_02327;FGSG_02328;FGSG_02329;FGSG_11326,2,uncharacterized protein,GO:0016021;GO:0055085,2.9433399877162394,7,4.06831606859762,1.98204280703789e-10,1,0.763044936284373
FGSG_03920,7,0.4312170811028062,2.9264159233856937,FGSG_02324;FGSG_02325;FGSG_02326;FGSG_02327;FGSG_02328;FGSG_02329;FGSG_11326,2,uncharacterized protein,GO:0005506;GO:0016021;GO:0016705;GO:0020037;GO:0022891;GO:0055085;GO:0055114,2.9264159233856937,7,4.59376761940703,0.0018318616704151,1,0.7626425217974514
FGSG_13388,11,0.44328996068874094,4.663678831470717,FGSG_00330;FGSG_03546;FGSG_03547;FGSG_03548;FGSG_03992;FGSG_04458;FGSG_08601;FGSG_09280;FGSG_09456;FGSG_09834;FGSG_10347,1,uncharacterized protein,GO:0051213;GO:0055114,4.24558148535019,10,-1.03630769797597,3.58030514381508e-08,1,0.7626425217974513
FGSG_08230,22,0.4883512853449976,9.58086835813469,FGSG_00743;FGSG_01422;FGSG_02030;FGSG_02271;FGSG_02272;FGSG_02461;FGSG_03061;FGSG_03295;FGSG_03548;FGSG_03894;FGSG_04458;FGSG_04590;FGSG_05610;FGSG_07075;FGSG_07528;FGSG_08712;FGSG_08774;FGSG_09012;FGSG_09456;FGSG_09834;FGSG_10347;FGSG_13136,1,uncharacterized protein,GO:0016021;GO:0055085,3.9632167356708754,9,-1.08748545158263,3.05974715043267e-05,1,0.7625754527162978
FGSG_12583,9,0.44042705301424134,3.8241797940423616,FGSG_00330;FGSG_03546;FGSG_03548;FGSG_04458;FGSG_08601;FGSG_09280;FGSG_09456;FGSG_09834;FGSG_10347,1,uncharacterized protein,,3.3998843362650053,8,-1.78009208235876,0.0013503502765525,1,0.7625083836351443
FGSG_12136,15,0.48489673462397354,6.42010217535366,FGSG_00743;FGSG_01422;FGSG_02272;FGSG_02461;FGSG_03061;FGSG_03894;FGSG_04458;FGSG_04589;FGSG_05610;FGSG_08601;FGSG_08774;FGSG_09012;FGSG_10347;FGSG_10922;FGSG_12180,1,uncharacterized protein,GO:0016021;GO:0016746,3.8388665621761744,9,-1.23864993911899,0.0003158556786304,1,0.7619718309859156
FGSG_10817,11,0.4577799664373912,4.785361483578306,FGSG_02321;FGSG_02323;FGSG_02324;FGSG_02325;FGSG_02326;FGSG_02327;FGSG_02328;FGSG_02329;FGSG_02903;FGSG_11326;FGSG_13952,2,uncharacterized protein,,3.9587073905828363,9,1.07128634642182,1.8976932866564e-17,1,0.7611670020120724
FGSG_09366,16,0.4818299264964781,6.846177150611997,FGSG_00743;FGSG_02272;FGSG_02461;FGSG_02972;FGSG_03061;FGSG_03747;FGSG_03894;FGSG_04589;FGSG_05368;FGSG_05610;FGSG_08493;FGSG_08774;FGSG_09012;FGSG_10444;FGSG_10922;FGSG_12180,1,uncharacterized protein,GO:0004553;GO:0005975,3.457993219143326,8,-1.51804284206981,2.52717830366407e-57,1,0.7608987256874581
FGSG_01603,7,0.4461960535135604,3.024584137657163,FGSG_02324;FGSG_02325;FGSG_02326;FGSG_02327;FGSG_02328;FGSG_02329;FGSG_11326,2,uncharacterized protein,GO:0016787,3.024584137657163,7,2.46849347352675,3.63644374287974e-12,1,0.760764587525151
FGSG_09121,7,0.43958845139988356,2.9990661958043616,FGSG_02324;FGSG_02325;FGSG_02326;FGSG_02327;FGSG_02328;FGSG_02329;FGSG_11326,2,uncharacterized protein,GO:0004499;GO:0050660;GO:0050661;GO:0055114,2.9990661958043616,7,2.62696878393687,0.0111648205507244,1,0.7596914822266936
FGSG_11985,10,0.4366997123028958,4.217632678864436,FGSG_02321;FGSG_02323;FGSG_02324;FGSG_02325;FGSG_02326;FGSG_02327;FGSG_02328;FGSG_02329;FGSG_02903;FGSG_11326,2,uncharacterized protein,,3.4085070850946613,8,1.66583289948492,0.0110845884911655,1,0.7590207914151577
FGSG_02805,21,0.472274950766667,9.011191755954165,FGSG_00743;FGSG_01422;FGSG_02271;FGSG_02272;FGSG_02461;FGSG_02782;FGSG_03061;FGSG_03295;FGSG_03548;FGSG_03894;FGSG_04458;FGSG_04590;FGSG_05610;FGSG_07075;FGSG_07528;FGSG_08712;FGSG_08774;FGSG_09012;FGSG_09456;FGSG_09834;FGSG_10347,1,uncharacterized protein,GO:0000981;GO:0005634;GO:0006357;GO:0008270,3.881787470062452,9,-1.12024800613148,3.64631996200937e-05,1,0.7588195841716969
FGSG_01780,11,0.4486940698869237,4.658196982148269,FGSG_02321;FGSG_02323;FGSG_02324;FGSG_02325;FGSG_02326;FGSG_02327;FGSG_02328;FGSG_02329;FGSG_08083;FGSG_11326;FGSG_13952,2,uncharacterized protein,GO:0016021,3.8524671335553737,9,1.12389015326549,0.0063857941175064,1,0.7567404426559357
FGSG_07862,20,0.48038474940170506,8.685634222363149,FGSG_00743;FGSG_01422;FGSG_02271;FGSG_02272;FGSG_02461;FGSG_02782;FGSG_03061;FGSG_03295;FGSG_03894;FGSG_04458;FGSG_04590;FGSG_05610;FGSG_05843;FGSG_07075;FGSG_07528;FGSG_08712;FGSG_09012;FGSG_09456;FGSG_09834;FGSG_10347,1,uncharacterized protein,GO:0008080,3.4992393899701266,8,-1.34631306961481,1.83734750918979e-12,1,0.7557344064386318
FGSG_11828,54,0.49104708756870535,24.796631394491857,FGSG_00043;FGSG_00044;FGSG_00330;FGSG_00743;FGSG_01346;FGSG_01422;FGSG_01947;FGSG_02030;FGSG_02271;FGSG_02272;FGSG_02461;FGSG_02554;FGSG_03061;FGSG_03295;FGSG_03340;FGSG_03546;FGSG_03547;FGSG_03548;FGSG_03894;FGSG_03992;FGSG_04458;FGSG_04490;FGSG_04588;FGSG_04589;FGSG_04590;FGSG_04591;FGSG_04592;FGSG_04593;FGSG_04595;FGSG_04596;FGSG_04763;FGSG_04852;FGSG_05610;FGSG_05843;FGSG_05926;FGSG_06055;FGSG_06257;FGSG_06702;FGSG_07075;FGSG_07528;FGSG_08601;FGSG_08712;FGSG_08774;FGSG_09012;FGSG_09280;FGSG_09456;FGSG_09826;FGSG_09834;FGSG_10347;FGSG_10922;FGSG_10947;FGSG_12180;FGSG_12223;FGSG_13136,1,uncharacterized protein,GO:0016021,16.19525122436259,35,-0.833035265585749,6.55073536819676e-28,0,0.7543259557344064
FGSG_09308,52,0.4860040317806463,23.523161285505036,FGSG_00043;FGSG_00044;FGSG_00330;FGSG_00743;FGSG_01346;FGSG_01422;FGSG_01947;FGSG_02030;FGSG_02271;FGSG_02272;FGSG_02461;FGSG_02554;FGSG_03061;FGSG_03295;FGSG_03340;FGSG_03546;FGSG_03547;FGSG_03548;FGSG_03894;FGSG_03992;FGSG_04458;FGSG_04490;FGSG_04588;FGSG_04589;FGSG_04590;FGSG_04591;FGSG_04592;FGSG_04593;FGSG_04595;FGSG_04596;FGSG_04763;FGSG_04852;FGSG_05610;FGSG_05843;FGSG_05926;FGSG_06055;FGSG_06257;FGSG_07075;FGSG_07528;FGSG_08601;FGSG_08712;FGSG_08774;FGSG_09012;FGSG_09280;FGSG_09456;FGSG_09826;FGSG_09834;FGSG_10347;FGSG_10922;FGSG_10947;FGSG_12180;FGSG_12223,1,uncharacterized protein,GO:0046983,16.00796872180994,35,-0.804792081205774,1.7499402831813402e-25,0,0.7535211267605633
FGSG_08638,56,0.5095394502385343,26.52892248990451,FGSG_00043;FGSG_00330;FGSG_00743;FGSG_00765;FGSG_01346;FGSG_01422;FGSG_01947;FGSG_02030;FGSG_02271;FGSG_02272;FGSG_02461;FGSG_02554;FGSG_03061;FGSG_03295;FGSG_03340;FGSG_03546;FGSG_03547;FGSG_03548;FGSG_03894;FGSG_03992;FGSG_04458;FGSG_04490;FGSG_04588;FGSG_04589;FGSG_04590;FGSG_04591;FGSG_04592;FGSG_04593;FGSG_04595;FGSG_04596;FGSG_04763;FGSG_05368;FGSG_05610;FGSG_05843;FGSG_05926;FGSG_06055;FGSG_06257;FGSG_06702;FGSG_07075;FGSG_07528;FGSG_08601;FGSG_08712;FGSG_08774;FGSG_09012;FGSG_09280;FGSG_09456;FGSG_09826;FGSG_09834;FGSG_10347;FGSG_10922;FGSG_10947;FGSG_11206;FGSG_12180;FGSG_12222;FGSG_12223;FGSG_13136,1,uncharacterized protein,GO:0001101;GO:0005096;GO:0005546;GO:0005829;GO:0005933;GO:0007231;GO:0010314;GO:0030479;GO:0032153;GO:0032266;GO:0035024;GO:0043547;GO:0070273;GO:0080025,15.812291914040046,33,-0.813606947296253,2.8119524484255103e-38,0,0.7533199195171026
FGSG_10656,7,0.43169018172595136,2.923956453291783,FGSG_02324;FGSG_02325;FGSG_02326;FGSG_02327;FGSG_02328;FGSG_03842;FGSG_13952,2,uncharacterized protein,,2.923956453291783,7,2.98977097607161,6.265249402355201e-107,1,0.7526492287055666
FGSG_09906,50,0.48247494459105844,22.64563413157108,FGSG_00043;FGSG_00044;FGSG_00330;FGSG_00743;FGSG_01346;FGSG_01422;FGSG_01947;FGSG_02030;FGSG_02271;FGSG_02272;FGSG_02461;FGSG_02554;FGSG_03061;FGSG_03295;FGSG_03340;FGSG_03546;FGSG_03547;FGSG_03548;FGSG_03894;FGSG_03992;FGSG_04458;FGSG_04490;FGSG_04589;FGSG_04590;FGSG_04591;FGSG_04592;FGSG_04593;FGSG_04595;FGSG_04596;FGSG_04763;FGSG_04852;FGSG_05610;FGSG_05843;FGSG_05926;FGSG_06055;FGSG_06257;FGSG_07075;FGSG_07528;FGSG_08601;FGSG_08712;FGSG_08774;FGSG_09012;FGSG_09280;FGSG_09456;FGSG_09826;FGSG_09834;FGSG_10347;FGSG_10947;FGSG_12180;FGSG_12223,1,uncharacterized protein,,15.521599607858612,34,-0.953580930606433,1.63495367803543e-58,0,0.7525150905432595
FGSG_07539,54,0.4936488721976837,24.980893270011034,FGSG_00043;FGSG_00330;FGSG_00743;FGSG_01346;FGSG_01422;FGSG_01947;FGSG_02030;FGSG_02271;FGSG_02272;FGSG_02461;FGSG_02554;FGSG_03061;FGSG_03295;FGSG_03340;FGSG_03546;FGSG_03547;FGSG_03548;FGSG_03894;FGSG_03992;FGSG_04458;FGSG_04490;FGSG_04588;FGSG_04589;FGSG_04590;FGSG_04591;FGSG_04592;FGSG_04593;FGSG_04595;FGSG_04596;FGSG_04763;FGSG_05368;FGSG_05610;FGSG_05843;FGSG_05926;FGSG_06055;FGSG_06257;FGSG_06702;FGSG_07075;FGSG_07528;FGSG_08601;FGSG_08712;FGSG_08774;FGSG_09012;FGSG_09280;FGSG_09456;FGSG_09826;FGSG_09834;FGSG_10347;FGSG_10922;FGSG_10947;FGSG_12180;FGSG_12222;FGSG_12223;FGSG_13136,1,uncharacterized protein,GO:0000038;GO:0001676;GO:0004467;GO:0005324;GO:0005777;GO:0005783;GO:0005811;GO:0006633;GO:0015909;GO:0031235;GO:0031957,15.38339641659423,33,-0.7660316385002,1.78996240288767e-13,0,0.752112676056338
FGSG_03319,9,0.4453854797645068,3.8063296405555294,FGSG_02323;FGSG_02324;FGSG_02325;FGSG_02326;FGSG_02327;FGSG_02328;FGSG_02329;FGSG_02903;FGSG_11326,2,uncharacterized protein,GO:0005524;GO:0051301,3.399930150186768,8,1.50746877355121,3.12646963455656e-32,1,0.7517102615694164
FGSG_04182,52,0.4924231672463764,24.035230232477666,FGSG_00043;FGSG_00330;FGSG_00743;FGSG_01346;FGSG_01422;FGSG_01947;FGSG_02030;FGSG_02271;FGSG_02272;FGSG_02461;FGSG_02554;FGSG_03061;FGSG_03295;FGSG_03340;FGSG_03546;FGSG_03547;FGSG_03548;FGSG_03894;FGSG_03992;FGSG_04458;FGSG_04490;FGSG_04588;FGSG_04589;FGSG_04590;FGSG_04591;FGSG_04592;FGSG_04593;FGSG_04595;FGSG_04596;FGSG_04763;FGSG_05368;FGSG_05610;FGSG_05843;FGSG_05926;FGSG_06055;FGSG_06257;FGSG_06702;FGSG_07075;FGSG_07528;FGSG_08601;FGSG_08712;FGSG_08774;FGSG_09012;FGSG_09280;FGSG_09456;FGSG_09826;FGSG_09834;FGSG_10347;FGSG_10947;FGSG_12180;FGSG_12223;FGSG_13136,1,uncharacterized protein,GO:0003333;GO:0015171;GO:0016021,14.939090646720759,32,-0.90529376745036,2.14017171538964e-24,0,0.7511066398390341
FGSG_04725,8,0.4245231885286873,3.2949743930195847,FGSG_02324;FGSG_02325;FGSG_02326;FGSG_02327;FGSG_02328;FGSG_02329;FGSG_02903;FGSG_11326,2,uncharacterized protein,GO:0000981;GO:0003677;GO:0005634;GO:0006351;GO:0006357;GO:0008270,3.2949743930195847,8,1.75520438535514,1.5208485943381102e-09,1,0.7507042253521128
FGSG_00136,15,0.4813544996937235,6.548275463349685,FGSG_00743;FGSG_00765;FGSG_02272;FGSG_02461;FGSG_02972;FGSG_03061;FGSG_03747;FGSG_03894;FGSG_05368;FGSG_05610;FGSG_08493;FGSG_08774;FGSG_10444;FGSG_10922;FGSG_12180,1,uncharacterized protein,GO:0016021,3.0884326971565295,7,-1.79926821823163,5.03074377084345e-54,1,0.7503688799463448
FGSG_09737,9,0.4419035258789075,3.7966785744280416,FGSG_00743;FGSG_03061;FGSG_03894;FGSG_04458;FGSG_04589;FGSG_05610;FGSG_08601;FGSG_10347;FGSG_12180,1,uncharacterized protein,GO:0005215;GO:0016021;GO:0055085,2.9617538902643803,7,-2.42588432217077,9.58521521096559e-19,1,0.7498993963782696
FGSG_04745,7,0.44099784822902816,2.959218775239551,FGSG_02077;FGSG_02325;FGSG_02326;FGSG_02327;FGSG_02328;FGSG_02329;FGSG_11326,2,uncharacterized protein,,2.5541415492174595,6,7.22426091974937,6.69248593050417e-90,1,0.7497652582159624
FGSG_11161,8,0.4532444534059273,3.4854448258320834,FGSG_02321;FGSG_02324;FGSG_02325;FGSG_02326;FGSG_02327;FGSG_02328;FGSG_02329;FGSG_11326,2,uncharacterized protein,,3.082445018689067,7,1.78358026967644,1.39956102885991e-05,1,0.7492957746478873
FGSG_06813,47,0.4787693588992993,20.729145313203805,FGSG_00043;FGSG_00044;FGSG_00047;FGSG_00048;FGSG_00330;FGSG_00743;FGSG_01346;FGSG_01422;FGSG_01947;FGSG_02272;FGSG_02461;FGSG_03061;FGSG_03295;FGSG_03340;FGSG_03546;FGSG_03547;FGSG_03548;FGSG_03894;FGSG_03992;FGSG_04458;FGSG_04490;FGSG_04589;FGSG_04590;FGSG_04591;FGSG_04592;FGSG_04593;FGSG_04595;FGSG_04596;FGSG_04763;FGSG_04852;FGSG_05610;FGSG_05843;FGSG_05926;FGSG_06055;FGSG_06257;FGSG_06702;FGSG_07075;FGSG_07528;FGSG_08601;FGSG_08712;FGSG_09012;FGSG_09280;FGSG_09456;FGSG_09826;FGSG_09834;FGSG_10347;FGSG_10947,1,uncharacterized protein,GO:0003857;GO:0006631;GO:0055114;GO:0070403,14.634725463076562,33,-0.969145694789738,1.1058519555542799e-22,0,0.7488933601609657
FGSG_07934,10,0.4444722398357348,4.228234453663118,FGSG_02323;FGSG_02324;FGSG_02325;FGSG_02326;FGSG_02327;FGSG_02328;FGSG_02329;FGSG_03842;FGSG_11326;FGSG_13952,2,uncharacterized protein,GO:0016021,3.821376064394254,9,1.092973739111,0.0006807939524319,1,0.7488933601609657
FGSG_02292,7,0.433472550773347,2.907031327539162,FGSG_02324;FGSG_02325;FGSG_02326;FGSG_02327;FGSG_02328;FGSG_02329;FGSG_11326,2,uncharacterized protein,GO:0016021;GO:0022891;GO:0055085,2.907031327539162,7,2.77618619388177,5.55943632588751e-06,1,0.7487592219986586
FGSG_12117,7,0.43689635073289795,2.980820419026259,FGSG_02324;FGSG_02325;FGSG_02326;FGSG_02327;FGSG_02328;FGSG_02329;FGSG_11326,2,uncharacterized protein,GO:0000981;GO:0003677;GO:0005634;GO:0006351;GO:0006357;GO:0008270,2.980820419026259,7,2.20707161732634,0.0076097148181138,1,0.7474849094567404
FGSG_09933,48,0.47476611665700524,21.400713064683536,FGSG_00043;FGSG_00044;FGSG_00330;FGSG_00743;FGSG_01346;FGSG_01422;FGSG_01947;FGSG_02030;FGSG_02271;FGSG_02272;FGSG_02461;FGSG_03061;FGSG_03295;FGSG_03340;FGSG_03546;FGSG_03547;FGSG_03548;FGSG_03894;FGSG_03992;FGSG_04458;FGSG_04490;FGSG_04589;FGSG_04590;FGSG_04591;FGSG_04592;FGSG_04593;FGSG_04595;FGSG_04596;FGSG_04763;FGSG_05610;FGSG_05843;FGSG_05926;FGSG_06055;FGSG_06257;FGSG_06702;FGSG_07075;FGSG_07528;FGSG_08601;FGSG_08712;FGSG_08774;FGSG_09012;FGSG_09280;FGSG_09456;FGSG_09826;FGSG_09834;FGSG_10347;FGSG_10947;FGSG_12223,1,uncharacterized protein,GO:0005741;GO:0006820;GO:0008308;GO:0055085;GO:1903959,14.322817754929716,32,-0.693751223692477,5.2924912648153905e-20,0,0.7472837022132797
FGSG_11305,7,0.4328642642535301,2.9510677007010124,FGSG_02324;FGSG_02325;FGSG_02326;FGSG_02327;FGSG_02328;FGSG_02329;FGSG_11326,2,uncharacterized protein,GO:0005739;GO:0005768;GO:0005811;GO:0005829;GO:0008526;GO:0015914;GO:0030433;GO:0031505;GO:0043001;GO:0045717;GO:0046488;GO:1901352;GO:2001247,2.9510677007010124,7,2.36792644101455,5.77590671486106e-06,1,0.7470154258886653
FGSG_04203,46,0.48089604529864266,20.29971509558134,FGSG_00043;FGSG_00044;FGSG_00330;FGSG_00743;FGSG_01346;FGSG_01422;FGSG_01947;FGSG_02030;FGSG_02272;FGSG_02461;FGSG_02554;FGSG_03061;FGSG_03295;FGSG_03340;FGSG_03546;FGSG_03547;FGSG_03548;FGSG_03894;FGSG_03992;FGSG_04458;FGSG_04490;FGSG_04589;FGSG_04590;FGSG_04591;FGSG_04592;FGSG_04593;FGSG_04595;FGSG_04596;FGSG_04763;FGSG_04852;FGSG_05610;FGSG_05843;FGSG_05926;FGSG_06055;FGSG_06257;FGSG_07075;FGSG_08601;FGSG_08712;FGSG_09012;FGSG_09280;FGSG_09456;FGSG_09826;FGSG_09834;FGSG_10347;FGSG_10947;FGSG_12223,1,uncharacterized protein,GO:0000981;GO:0003677;GO:0005634;GO:0006351;GO:0006357;GO:0008270,14.259453885668254,32,-0.71834020557555,1.4344374666886499e-16,0,0.7468812877263581
FGSG_04943,13,0.43733569554080715,5.485500849331577,FGSG_01422;FGSG_02272;FGSG_02461;FGSG_03061;FGSG_03546;FGSG_03548;FGSG_03894;FGSG_04458;FGSG_05610;FGSG_09012;FGSG_09456;FGSG_09834;FGSG_10347,1,amino-acid permease inda1,GO:0003333;GO:0015171;GO:0016021,3.3643564571821,8,-1.50279096117291,0.0003776466229483,1,0.7468142186452047
FGSG_07026,11,0.44717076018868096,4.640938247733949,FGSG_02321;FGSG_02323;FGSG_02324;FGSG_02325;FGSG_02326;FGSG_02327;FGSG_02328;FGSG_02329;FGSG_08083;FGSG_10670;FGSG_11326,2,uncharacterized protein,,3.830554703663841,9,1.0589004525239,9.99090278465123e-06,1,0.7468142186452046
FGSG_02924,11,0.452136803952725,4.693811352622037,FGSG_01866;FGSG_02321;FGSG_02324;FGSG_02325;FGSG_02326;FGSG_02327;FGSG_02328;FGSG_02329;FGSG_08083;FGSG_11326;FGSG_13952,2,uncharacterized protein,GO:0016491;GO:0055114,3.872934161756267,9,1.01885461940571,0.0015597410852861,1,0.7465459423205902
FGSG_06309,49,0.48797234980148757,22.059969188166548,FGSG_00043;FGSG_00330;FGSG_00743;FGSG_01346;FGSG_01422;FGSG_01947;FGSG_02030;FGSG_02271;FGSG_02272;FGSG_02461;FGSG_02554;FGSG_03061;FGSG_03295;FGSG_03340;FGSG_03546;FGSG_03547;FGSG_03548;FGSG_03894;FGSG_03992;FGSG_04458;FGSG_04490;FGSG_04588;FGSG_04589;FGSG_04590;FGSG_04591;FGSG_04592;FGSG_04593;FGSG_04596;FGSG_04763;FGSG_05610;FGSG_05843;FGSG_05926;FGSG_06055;FGSG_06257;FGSG_07075;FGSG_07528;FGSG_08601;FGSG_08712;FGSG_08774;FGSG_09012;FGSG_09280;FGSG_09456;FGSG_09826;FGSG_09834;FGSG_10347;FGSG_10947;FGSG_12180;FGSG_12223;FGSG_13136,1,uncharacterized protein,GO:0005840;GO:0016021,14.094091303000035,31,-0.53451871671729,9.41496585934179e-12,0,0.746076458752515
FGSG_13146,7,0.43433071727986433,3.008496061688655,FGSG_02324;FGSG_02325;FGSG_02326;FGSG_02327;FGSG_02328;FGSG_02329;FGSG_11326,2,uncharacterized protein,GO:0003700;GO:0006355;GO:0043565,3.008496061688655,7,1.86783547614876,2.23784109053468e-19,1,0.7454057679409792
FGSG_06184,46,0.4842428203860338,20.349386085010405,FGSG_00043;FGSG_00044;FGSG_00330;FGSG_00743;FGSG_01346;FGSG_01422;FGSG_01947;FGSG_02030;FGSG_02271;FGSG_02272;FGSG_02461;FGSG_03061;FGSG_03295;FGSG_03546;FGSG_03547;FGSG_03548;FGSG_03894;FGSG_03992;FGSG_04458;FGSG_04490;FGSG_04589;FGSG_04590;FGSG_04591;FGSG_04592;FGSG_04593;FGSG_04595;FGSG_04596;FGSG_04763;FGSG_04852;FGSG_05610;FGSG_05843;FGSG_05926;FGSG_06055;FGSG_06257;FGSG_06702;FGSG_07075;FGSG_07528;FGSG_08601;FGSG_08712;FGSG_09012;FGSG_09280;FGSG_09456;FGSG_09826;FGSG_09834;FGSG_10347;FGSG_10947,1,acyl-CoA desaturase,GO:0004768;GO:0006636;GO:0009055;GO:0020037;GO:0030176;GO:0046872;GO:0055114,13.846540557728224,31,-0.914385303405716,1.10453459540518e-49,0,0.7450704225352112
FGSG_06644,50,0.4906911227706263,22.78430288399456,FGSG_00330;FGSG_00743;FGSG_01422;FGSG_01947;FGSG_02030;FGSG_02271;FGSG_02272;FGSG_02461;FGSG_02554;FGSG_02782;FGSG_03061;FGSG_03295;FGSG_03340;FGSG_03546;FGSG_03547;FGSG_03548;FGSG_03894;FGSG_03992;FGSG_04458;FGSG_04490;FGSG_04588;FGSG_04589;FGSG_04590;FGSG_04591;FGSG_04592;FGSG_04593;FGSG_04596;FGSG_04763;FGSG_05368;FGSG_05610;FGSG_05843;FGSG_05926;FGSG_06055;FGSG_06257;FGSG_07075;FGSG_07528;FGSG_08601;FGSG_08712;FGSG_08774;FGSG_09012;FGSG_09280;FGSG_09456;FGSG_09826;FGSG_09834;FGSG_10347;FGSG_10922;FGSG_10947;FGSG_12180;FGSG_12223;FGSG_13136,1,uncharacterized protein,GO:0005737;GO:0006614;GO:0016021;GO:0046967,13.760771178251563,30,-0.454428974719533,1.40481661104231e-10,0,0.7446680080482897
FGSG_09678,49,0.4961671072133995,22.312398715526182,FGSG_00330;FGSG_00743;FGSG_01422;FGSG_01947;FGSG_02030;FGSG_02271;FGSG_02272;FGSG_02461;FGSG_02554;FGSG_03061;FGSG_03295;FGSG_03340;FGSG_03546;FGSG_03547;FGSG_03548;FGSG_03894;FGSG_03992;FGSG_04458;FGSG_04490;FGSG_04588;FGSG_04589;FGSG_04590;FGSG_04591;FGSG_04592;FGSG_04593;FGSG_04596;FGSG_04763;FGSG_05368;FGSG_05610;FGSG_05843;FGSG_05926;FGSG_06055;FGSG_06257;FGSG_07075;FGSG_07528;FGSG_08601;FGSG_08712;FGSG_08774;FGSG_09012;FGSG_09280;FGSG_09456;FGSG_09826;FGSG_09834;FGSG_10347;FGSG_10922;FGSG_10947;FGSG_12180;FGSG_12223;FGSG_13136,1,uncharacterized protein,GO:0004152;GO:0005737;GO:0006207;GO:0016020;GO:0055114,13.705173799716011,30,-0.899839572951755,8.187422650750681e-15,0,0.744466800804829
FGSG_04035,24,0.44637430646203624,10.111406173089645,FGSG_00007;FGSG_01866;FGSG_02326;FGSG_02327;FGSG_02328;FGSG_02329;FGSG_03532;FGSG_03535;FGSG_03539;FGSG_03541;FGSG_03543;FGSG_03842;FGSG_03881;FGSG_07896;FGSG_08077;FGSG_08078;FGSG_08079;FGSG_08081;FGSG_08082;FGSG_08083;FGSG_08084;FGSG_09064;FGSG_12211;FGSG_13952,2,uncharacterized protein,GO:0046983,3.363935147003409,8,1.44417165872854,9.79427383875624e-18,1,0.7443326626425218
FGSG_11192,7,0.430710402540985,2.8535564114931957,FGSG_02324;FGSG_02325;FGSG_02326;FGSG_02327;FGSG_03842;FGSG_11326;FGSG_13952,2,uncharacterized protein,GO:0016491;GO:0055114,2.8535564114931957,7,2.7454074465489,6.38719798090187e-09,1,0.7439973172367539
FGSG_08489,41,0.4767694850694253,17.85091010761841,FGSG_00043;FGSG_00044;FGSG_00048;FGSG_00330;FGSG_00743;FGSG_01346;FGSG_01422;FGSG_01947;FGSG_02272;FGSG_02461;FGSG_03061;FGSG_03340;FGSG_03546;FGSG_03547;FGSG_03548;FGSG_03894;FGSG_03992;FGSG_04458;FGSG_04490;FGSG_04589;FGSG_04590;FGSG_04591;FGSG_04592;FGSG_04593;FGSG_04596;FGSG_04763;FGSG_04852;FGSG_05610;FGSG_05843;FGSG_05926;FGSG_06055;FGSG_06257;FGSG_08601;FGSG_08712;FGSG_09012;FGSG_09280;FGSG_09456;FGSG_09826;FGSG_09834;FGSG_10347;FGSG_10947,1,2-oxodicarboxylate carrier 2,GO:0016021;GO:0055085,13.568040080122985,31,-0.752449163443174,3.26532117352157e-19,0,0.7436619718309859
FGSG_07863,10,0.4430271692394686,4.208446487795471,FGSG_00330;FGSG_03546;FGSG_03547;FGSG_03548;FGSG_04458;FGSG_08601;FGSG_09280;FGSG_09456;FGSG_09834;FGSG_10347,1,uncharacterized protein,GO:0003700;GO:0006355;GO:0043565,3.806951755940979,9,-1.06433533619609,7.46049830574588e-22,1,0.7435949027498323
FGSG_01599,13,0.4829584039459548,5.597651280149393,FGSG_00743;FGSG_02272;FGSG_02461;FGSG_02972;FGSG_03061;FGSG_03747;FGSG_03894;FGSG_05610;FGSG_08493;FGSG_08774;FGSG_10444;FGSG_10922;FGSG_12180,1,uncharacterized protein,GO:0016021,3.023124666378825,7,-1.74969052134427,1.95776461185592e-08,1,0.7432595573440643
FGSG_03882,13,0.4818178499844452,5.564322741081865,FGSG_00743;FGSG_02272;FGSG_02461;FGSG_02972;FGSG_03061;FGSG_03747;FGSG_03894;FGSG_05610;FGSG_08493;FGSG_08774;FGSG_10444;FGSG_10922;FGSG_12180,1,uncharacterized protein,GO:0005524;GO:0005886;GO:0016021;GO:0042626;GO:0055085,3.0068281324068087,7,-1.78270713859772,7.09366052300818e-07,1,0.7423205902079142
FGSG_04729,9,0.45253382325679103,3.903452519979642,FGSG_02321;FGSG_02324;FGSG_02325;FGSG_02326;FGSG_02327;FGSG_02328;FGSG_02329;FGSG_02903;FGSG_11326,2,uncharacterized protein,GO:0016020,3.4984936851401742,8,1.19784336887137,2.7754541228880397e-12,1,0.7422535211267606
FGSG_00300,50,0.49392227537347005,22.933695380802572,FGSG_00330;FGSG_00743;FGSG_00765;FGSG_01422;FGSG_01947;FGSG_02030;FGSG_02271;FGSG_02272;FGSG_02461;FGSG_02782;FGSG_03061;FGSG_03295;FGSG_03340;FGSG_03546;FGSG_03547;FGSG_03548;FGSG_03894;FGSG_03992;FGSG_04458;FGSG_04490;FGSG_04588;FGSG_04589;FGSG_04590;FGSG_04591;FGSG_04592;FGSG_04593;FGSG_04596;FGSG_04763;FGSG_05368;FGSG_05610;FGSG_05843;FGSG_06055;FGSG_06257;FGSG_07075;FGSG_07528;FGSG_08601;FGSG_08712;FGSG_08774;FGSG_09012;FGSG_09280;FGSG_09456;FGSG_09826;FGSG_09834;FGSG_10347;FGSG_10922;FGSG_10947;FGSG_11206;FGSG_12180;FGSG_12223;FGSG_13136,1,ATP synthase subunit 5,GO:0000274;GO:0015986;GO:0046933;GO:0046961,13.278881147968656,29,-0.565468355668896,2.13688332584197e-13,0,0.7422535211267606
FGSG_13004,50,0.4974442421775172,22.687243035255662,FGSG_00330;FGSG_00743;FGSG_01422;FGSG_02030;FGSG_02271;FGSG_02272;FGSG_02461;FGSG_02554;FGSG_03061;FGSG_03295;FGSG_03340;FGSG_03546;FGSG_03547;FGSG_03548;FGSG_03894;FGSG_03992;FGSG_04458;FGSG_04490;FGSG_04588;FGSG_04589;FGSG_04590;FGSG_04591;FGSG_04592;FGSG_04593;FGSG_04596;FGSG_04763;FGSG_05368;FGSG_05610;FGSG_05843;FGSG_05926;FGSG_06055;FGSG_06257;FGSG_07075;FGSG_07528;FGSG_08601;FGSG_08712;FGSG_08774;FGSG_09012;FGSG_09280;FGSG_09456;FGSG_09826;FGSG_09834;FGSG_10347;FGSG_10922;FGSG_10947;FGSG_11206;FGSG_12180;FGSG_12222;FGSG_12223;FGSG_13136,1,uncharacterized protein,GO:0003677;GO:0006904;GO:0008168;GO:0016491;GO:0032259;GO:0055114,13.274455095760898,29,-0.793085475673267,8.804382298605399e-12,0,0.7420523138832997
FGSG_11176,7,0.4316521697457862,2.879016767577681,FGSG_02324;FGSG_02325;FGSG_02326;FGSG_02327;FGSG_02328;FGSG_03842;FGSG_11326,2,uncharacterized protein,,2.879016767577681,7,2.54620224844448,5.58446499309773e-07,1,0.7419852448021462
FGSG_08071,9,0.4501144833064921,3.818185012759115,FGSG_02321;FGSG_02324;FGSG_02325;FGSG_02326;FGSG_02327;FGSG_02328;FGSG_02329;FGSG_08083;FGSG_11326,2,uncharacterized protein,GO:0016021,3.414826365011557,8,1.30418741620183,0.0014800587749154,1,0.7418511066398391
FGSG_06560,50,0.4967686857874771,22.749865957913393,FGSG_00330;FGSG_00743;FGSG_01422;FGSG_01947;FGSG_02030;FGSG_02271;FGSG_02272;FGSG_02461;FGSG_02782;FGSG_03061;FGSG_03295;FGSG_03340;FGSG_03546;FGSG_03547;FGSG_03548;FGSG_03894;FGSG_03992;FGSG_04458;FGSG_04490;FGSG_04588;FGSG_04589;FGSG_04590;FGSG_04591;FGSG_04592;FGSG_04593;FGSG_04595;FGSG_04596;FGSG_04763;FGSG_05368;FGSG_05610;FGSG_05843;FGSG_06055;FGSG_06257;FGSG_07075;FGSG_07528;FGSG_08601;FGSG_08712;FGSG_08774;FGSG_09012;FGSG_09280;FGSG_09456;FGSG_09826;FGSG_09834;FGSG_10347;FGSG_10947;FGSG_11206;FGSG_12180;FGSG_12222;FGSG_12223;FGSG_13136,1,methionine aminopeptidase 2B,GO:0005829;GO:0006508;GO:0046872;GO:0070006;GO:0070084,13.217938923103945,29,-0.813053428802418,1.4693618717335e-19,0,0.7414486921529175
FGSG_03645,12,0.4517010021158836,5.054488104397376,FGSG_00007;FGSG_01866;FGSG_02324;FGSG_02326;FGSG_02327;FGSG_02328;FGSG_02329;FGSG_03842;FGSG_03881;FGSG_08082;FGSG_08083;FGSG_13952,2,uncharacterized protein,GO:0003824;GO:0008152,3.8053392653878655,9,1.04427266641979,0.0018262100891289,1,0.7412474849094568
FGSG_07085,53,0.5041778137440777,24.274889043314577,FGSG_00330;FGSG_00743;FGSG_00765;FGSG_01422;FGSG_01621;FGSG_02030;FGSG_02271;FGSG_02272;FGSG_02461;FGSG_02554;FGSG_02782;FGSG_03061;FGSG_03295;FGSG_03340;FGSG_03546;FGSG_03547;FGSG_03548;FGSG_03747;FGSG_03894;FGSG_03992;FGSG_04458;FGSG_04490;FGSG_04588;FGSG_04589;FGSG_04590;FGSG_04591;FGSG_04592;FGSG_04593;FGSG_04596;FGSG_04763;FGSG_05368;FGSG_05610;FGSG_06055;FGSG_06257;FGSG_07075;FGSG_07528;FGSG_08493;FGSG_08601;FGSG_08712;FGSG_08774;FGSG_09012;FGSG_09280;FGSG_09456;FGSG_09826;FGSG_09834;FGSG_10347;FGSG_10922;FGSG_10947;FGSG_11206;FGSG_12180;FGSG_12222;FGSG_12223;FGSG_13136,1,uncharacterized protein,,13.197343682989281,29,-0.86101095924689,5.31943265647663e-23,0,0.741046277665996
FGSG_09845,52,0.49932349135227616,23.22040978392834,FGSG_00330;FGSG_00743;FGSG_00765;FGSG_01422;FGSG_02030;FGSG_02271;FGSG_02272;FGSG_02461;FGSG_02554;FGSG_02972;FGSG_03061;FGSG_03295;FGSG_03340;FGSG_03546;FGSG_03547;FGSG_03548;FGSG_03747;FGSG_03894;FGSG_03992;FGSG_04458;FGSG_04490;FGSG_04588;FGSG_04589;FGSG_04590;FGSG_04591;FGSG_04592;FGSG_04593;FGSG_04596;FGSG_04763;FGSG_05368;FGSG_05610;FGSG_06055;FGSG_06257;FGSG_07075;FGSG_07528;FGSG_08493;FGSG_08601;FGSG_08712;FGSG_08774;FGSG_09012;FGSG_09280;FGSG_09456;FGSG_09826;FGSG_09834;FGSG_10347;FGSG_10922;FGSG_10947;FGSG_11206;FGSG_12180;FGSG_12222;FGSG_12223;FGSG_13136,1,uncharacterized protein,GO:0006629;GO:0016021;GO:0016491;GO:0055114,13.120636541100644,29,-0.831330084545787,7.37452122811624e-29,0,0.7406438631790744
FGSG_08492,46,0.4915442657444231,20.53685543789886,FGSG_00330;FGSG_00743;FGSG_01346;FGSG_01422;FGSG_02030;FGSG_02271;FGSG_02272;FGSG_02461;FGSG_02554;FGSG_03061;FGSG_03295;FGSG_03340;FGSG_03546;FGSG_03547;FGSG_03548;FGSG_03894;FGSG_03992;FGSG_04458;FGSG_04490;FGSG_04588;FGSG_04589;FGSG_04590;FGSG_04591;FGSG_04592;FGSG_04593;FGSG_04596;FGSG_04763;FGSG_05610;FGSG_05926;FGSG_06055;FGSG_06257;FGSG_07075;FGSG_07528;FGSG_08601;FGSG_08712;FGSG_08774;FGSG_09012;FGSG_09280;FGSG_09456;FGSG_09826;FGSG_09834;FGSG_10347;FGSG_10947;FGSG_12180;FGSG_12223;FGSG_13136,1,uncharacterized protein,GO:0005628;GO:0005634;GO:0005774;GO:0005794;GO:0005829;GO:0031321;GO:0033565;GO:0043130;GO:0043328,13.026305920098006,29,-0.379380341687103,1.43760017083904e-06,0,0.7402414486921529
FGSG_04663,8,0.44582353175771555,3.353053703925115,FGSG_00007;FGSG_02324;FGSG_02326;FGSG_02327;FGSG_03842;FGSG_08082;FGSG_08083;FGSG_13952,2,uncharacterized protein,GO:0008270;GO:0016491;GO:0055114,2.9487877238586746,7,2.08088690959453,4.32875558814462e-06,1,0.7401743796109994
FGSG_00644,51,0.5023705112203163,23.668986325768806,FGSG_00330;FGSG_00743;FGSG_00765;FGSG_01422;FGSG_02030;FGSG_02271;FGSG_02272;FGSG_02461;FGSG_02554;FGSG_02782;FGSG_03061;FGSG_03295;FGSG_03340;FGSG_03546;FGSG_03547;FGSG_03548;FGSG_03894;FGSG_03992;FGSG_04458;FGSG_04490;FGSG_04588;FGSG_04589;FGSG_04590;FGSG_04591;FGSG_04592;FGSG_04593;FGSG_04596;FGSG_04763;FGSG_05368;FGSG_05610;FGSG_05843;FGSG_06055;FGSG_06257;FGSG_07075;FGSG_07528;FGSG_08601;FGSG_08712;FGSG_08774;FGSG_09012;FGSG_09280;FGSG_09456;FGSG_09826;FGSG_09834;FGSG_10347;FGSG_10922;FGSG_10947;FGSG_11206;FGSG_12180;FGSG_12222;FGSG_12223;FGSG_13136,1,uncharacterized protein,GO:0005750;GO:0006122;GO:0008121;GO:0009060;GO:0030061;GO:0046872;GO:1902600,13.000603757967692,28,-0.65299196056405,1.82299276851072e-19,0,0.7398390342052313
FGSG_06564,13,0.44907510474828854,5.576909004374431,FGSG_01422;FGSG_02271;FGSG_02272;FGSG_02461;FGSG_03061;FGSG_03295;FGSG_04458;FGSG_04590;FGSG_05610;FGSG_07075;FGSG_07528;FGSG_09456;FGSG_09834,1,uncharacterized protein,GO:0016021,2.5883328031458808,6,-2.81861160267368,8.52137080030684e-93,1,0.7397719651240777
FGSG_05045,45,0.49327011048737396,20.14720984608809,FGSG_00330;FGSG_00743;FGSG_01346;FGSG_01422;FGSG_02030;FGSG_02271;FGSG_02272;FGSG_02461;FGSG_02554;FGSG_03061;FGSG_03295;FGSG_03340;FGSG_03546;FGSG_03547;FGSG_03548;FGSG_03894;FGSG_03992;FGSG_04458;FGSG_04490;FGSG_04589;FGSG_04590;FGSG_04591;FGSG_04592;FGSG_04593;FGSG_04595;FGSG_04596;FGSG_04763;FGSG_05610;FGSG_06055;FGSG_06257;FGSG_07075;FGSG_07528;FGSG_08601;FGSG_08712;FGSG_08774;FGSG_09012;FGSG_09280;FGSG_09456;FGSG_09826;FGSG_09834;FGSG_10347;FGSG_10947;FGSG_12180;FGSG_12223;FGSG_13136,1,uncharacterized protein,GO:0016021;GO:0016307;GO:0046854,12.965907019435601,29,-0.894986496092931,1.71888306896215e-27,0,0.7396378269617706
FGSG_08596,45,0.4932919778617025,20.057522568389516,FGSG_00330;FGSG_00743;FGSG_01346;FGSG_01422;FGSG_02030;FGSG_02271;FGSG_02272;FGSG_02461;FGSG_02554;FGSG_03061;FGSG_03295;FGSG_03340;FGSG_03546;FGSG_03547;FGSG_03548;FGSG_03894;FGSG_03992;FGSG_04458;FGSG_04490;FGSG_04589;FGSG_04590;FGSG_04591;FGSG_04592;FGSG_04593;FGSG_04596;FGSG_04763;FGSG_05610;FGSG_06055;FGSG_06257;FGSG_07075;FGSG_07528;FGSG_08601;FGSG_08712;FGSG_08774;FGSG_09012;FGSG_09280;FGSG_09456;FGSG_09826;FGSG_09834;FGSG_10347;FGSG_10922;FGSG_10947;FGSG_12180;FGSG_12223;FGSG_13136,1,uncharacterized protein,GO:0007131;GO:0016620;GO:0055114,12.956087955684687,29,-0.901812432496166,2.14937437856541e-10,0,0.7394366197183099
FGSG_13321,50,0.50299103253951,22.844574930258464,FGSG_00330;FGSG_00743;FGSG_00765;FGSG_01422;FGSG_02030;FGSG_02271;FGSG_02272;FGSG_02461;FGSG_02782;FGSG_03061;FGSG_03295;FGSG_03340;FGSG_03546;FGSG_03547;FGSG_03548;FGSG_03894;FGSG_03992;FGSG_04458;FGSG_04490;FGSG_04588;FGSG_04589;FGSG_04590;FGSG_04591;FGSG_04592;FGSG_04593;FGSG_04596;FGSG_04763;FGSG_05368;FGSG_05610;FGSG_06055;FGSG_06257;FGSG_07075;FGSG_07528;FGSG_08493;FGSG_08601;FGSG_08712;FGSG_08774;FGSG_09012;FGSG_09280;FGSG_09456;FGSG_09826;FGSG_09834;FGSG_10347;FGSG_10922;FGSG_10947;FGSG_11206;FGSG_12180;FGSG_12222;FGSG_12223;FGSG_13136,1,uncharacterized protein,GO:0005623;GO:0045454,12.689582020108427,28,-0.646965753933668,1.8599005384278302e-09,0,0.7382293762575453
FGSG_10362,49,0.4985455778945357,22.007888407643883,FGSG_00330;FGSG_00743;FGSG_00765;FGSG_01422;FGSG_02030;FGSG_02271;FGSG_02272;FGSG_02461;FGSG_02554;FGSG_03061;FGSG_03295;FGSG_03340;FGSG_03546;FGSG_03547;FGSG_03548;FGSG_03894;FGSG_03992;FGSG_04458;FGSG_04490;FGSG_04588;FGSG_04589;FGSG_04590;FGSG_04591;FGSG_04592;FGSG_04593;FGSG_04596;FGSG_04763;FGSG_05368;FGSG_05610;FGSG_06055;FGSG_06257;FGSG_07075;FGSG_07528;FGSG_08601;FGSG_08712;FGSG_08774;FGSG_09012;FGSG_09280;FGSG_09456;FGSG_09826;FGSG_09834;FGSG_10347;FGSG_10922;FGSG_10947;FGSG_11206;FGSG_12180;FGSG_12222;FGSG_12223;FGSG_13136,1,uncharacterized protein,GO:0003729;GO:0005778;GO:0005782;GO:0005829;GO:0033611;GO:0050203,12.661031270328726,28,-0.719147941431543,5.04720745015318e-20,0,0.7380281690140845
FGSG_04315,48,0.49261386114610656,21.692679145801453,FGSG_00330;FGSG_00743;FGSG_00765;FGSG_01422;FGSG_02030;FGSG_02271;FGSG_02272;FGSG_02461;FGSG_02782;FGSG_03061;FGSG_03295;FGSG_03340;FGSG_03546;FGSG_03547;FGSG_03548;FGSG_03894;FGSG_03992;FGSG_04458;FGSG_04490;FGSG_04588;FGSG_04589;FGSG_04590;FGSG_04591;FGSG_04592;FGSG_04593;FGSG_04596;FGSG_04763;FGSG_05368;FGSG_05610;FGSG_05843;FGSG_06055;FGSG_06257;FGSG_07075;FGSG_07528;FGSG_08601;FGSG_08712;FGSG_08774;FGSG_09012;FGSG_09280;FGSG_09456;FGSG_09826;FGSG_09834;FGSG_10347;FGSG_10922;FGSG_10947;FGSG_12180;FGSG_12223;FGSG_13136,1,cytochrome c oxidase polypeptide V,GO:0004129;GO:0005739;GO:0016021;GO:1902600,12.604857158242812,28,-0.647937366467463,3.3216777548602398e-12,0,0.7378269617706237
FGSG_10320,47,0.4880707425415105,21.08845351095086,FGSG_00330;FGSG_00743;FGSG_01422;FGSG_01947;FGSG_02030;FGSG_02271;FGSG_02272;FGSG_02461;FGSG_02782;FGSG_03061;FGSG_03295;FGSG_03340;FGSG_03546;FGSG_03547;FGSG_03548;FGSG_03894;FGSG_03992;FGSG_04458;FGSG_04490;FGSG_04588;FGSG_04589;FGSG_04590;FGSG_04591;FGSG_04592;FGSG_04593;FGSG_04596;FGSG_04763;FGSG_05368;FGSG_05610;FGSG_05843;FGSG_06055;FGSG_06257;FGSG_07075;FGSG_07528;FGSG_08601;FGSG_08712;FGSG_08774;FGSG_09012;FGSG_09280;FGSG_09456;FGSG_09826;FGSG_09834;FGSG_10347;FGSG_10947;FGSG_12180;FGSG_12223;FGSG_13136,1,methionine aminopeptidase 2,GO:0005737;GO:0006508;GO:0046872;GO:0070006;GO:0070084,12.588160383486317,28,-0.725315871887184,2.0298162009818802e-14,0,0.737625754527163
FGSG_09541,42,0.47162090496551373,18.15320477966521,FGSG_00043;FGSG_00330;FGSG_00743;FGSG_01346;FGSG_01422;FGSG_01947;FGSG_02030;FGSG_02272;FGSG_02461;FGSG_03061;FGSG_03295;FGSG_03340;FGSG_03546;FGSG_03547;FGSG_03548;FGSG_03894;FGSG_03992;FGSG_04458;FGSG_04490;FGSG_04589;FGSG_04590;FGSG_04591;FGSG_04592;FGSG_04593;FGSG_04596;FGSG_04763;FGSG_05610;FGSG_05926;FGSG_06055;FGSG_06257;FGSG_07075;FGSG_08601;FGSG_08712;FGSG_08774;FGSG_09012;FGSG_09280;FGSG_09456;FGSG_09826;FGSG_09834;FGSG_10347;FGSG_10947;FGSG_12180,1,uncharacterized protein,,12.560342973663268,29,-0.660460780220833,2.62689999357126e-08,0,0.7370221327967806
FGSG_00221,11,0.45245934555076417,4.677447276938181,FGSG_00007;FGSG_01866;FGSG_02321;FGSG_02326;FGSG_02327;FGSG_02328;FGSG_02329;FGSG_03842;FGSG_03881;FGSG_08083;FGSG_13952,2,uncharacterized protein,,3.0113816830916385,7,1.61368460131588,1.46632113083553e-05,1,0.7368879946344735
FGSG_00561,52,0.5059073584868032,23.47666579291321,FGSG_00330;FGSG_00743;FGSG_00765;FGSG_01422;FGSG_01621;FGSG_02030;FGSG_02271;FGSG_02272;FGSG_02461;FGSG_02554;FGSG_02972;FGSG_03061;FGSG_03295;FGSG_03340;FGSG_03546;FGSG_03547;FGSG_03548;FGSG_03747;FGSG_03894;FGSG_03992;FGSG_04458;FGSG_04490;FGSG_04588;FGSG_04589;FGSG_04590;FGSG_04591;FGSG_04592;FGSG_04593;FGSG_04596;FGSG_05368;FGSG_05610;FGSG_06055;FGSG_07075;FGSG_07528;FGSG_08493;FGSG_08601;FGSG_08712;FGSG_08774;FGSG_09012;FGSG_09280;FGSG_09456;FGSG_09826;FGSG_09834;FGSG_10347;FGSG_10444;FGSG_10922;FGSG_10947;FGSG_11206;FGSG_12180;FGSG_12222;FGSG_12223;FGSG_13136,1,cytochrome c1,GO:0005750;GO:0006122;GO:0020037;GO:0045153,12.543553286613893,28,-0.571589251032731,1.0340338682413399e-18,0,0.7368209255533199
FGSG_01403,45,0.5000203843597464,20.256422048975327,FGSG_00330;FGSG_00500;FGSG_00743;FGSG_01422;FGSG_01947;FGSG_02030;FGSG_02271;FGSG_02272;FGSG_02461;FGSG_03061;FGSG_03295;FGSG_03546;FGSG_03547;FGSG_03548;FGSG_03894;FGSG_03992;FGSG_04458;FGSG_04490;FGSG_04589;FGSG_04590;FGSG_04591;FGSG_04592;FGSG_04593;FGSG_04595;FGSG_04596;FGSG_04763;FGSG_05610;FGSG_05843;FGSG_06055;FGSG_06257;FGSG_07075;FGSG_07528;FGSG_08601;FGSG_08712;FGSG_08774;FGSG_09012;FGSG_09280;FGSG_09456;FGSG_09826;FGSG_09834;FGSG_10347;FGSG_10947;FGSG_12180;FGSG_12223;FGSG_13136,1,uncharacterized protein,GO:0010181;GO:0016491;GO:0045892;GO:0055114,12.532796851210236,28,-0.8062997934891,3.74485523471181e-34,0,0.7366197183098591
FGSG_11244,10,0.4526481768784622,4.355679020686035,FGSG_02321;FGSG_02323;FGSG_02324;FGSG_02325;FGSG_02326;FGSG_02327;FGSG_02328;FGSG_02329;FGSG_02903;FGSG_11326,2,uncharacterized protein,,3.5461124183347614,8,1.07903627324994,2.60625814493321e-20,1,0.7364185110663984
FGSG_08459,45,0.4943169192783528,20.03744158748731,FGSG_00330;FGSG_00743;FGSG_01422;FGSG_02030;FGSG_02271;FGSG_02272;FGSG_02461;FGSG_03061;FGSG_03295;FGSG_03340;FGSG_03546;FGSG_03547;FGSG_03548;FGSG_03894;FGSG_03992;FGSG_04458;FGSG_04490;FGSG_04588;FGSG_04589;FGSG_04590;FGSG_04591;FGSG_04592;FGSG_04593;FGSG_04596;FGSG_05368;FGSG_05610;FGSG_05926;FGSG_06055;FGSG_06257;FGSG_07075;FGSG_07528;FGSG_08601;FGSG_08712;FGSG_08774;FGSG_09012;FGSG_09280;FGSG_09456;FGSG_09826;FGSG_09834;FGSG_10347;FGSG_10922;FGSG_10947;FGSG_12180;FGSG_12223;FGSG_13136,1,uncharacterized protein,,12.469848501785819,28,-0.481181740505243,1.37645350979889e-10,0,0.7364185110663983
FGSG_03335,14,0.45994699819882573,6.025558428020418,FGSG_01422;FGSG_02271;FGSG_02272;FGSG_02461;FGSG_03061;FGSG_03295;FGSG_03894;FGSG_04458;FGSG_04590;FGSG_05610;FGSG_07075;FGSG_07528;FGSG_09456;FGSG_09834,1,uncharacterized protein,,3.015821237872649,7,-1.5745545965843,4.56329549762519e-68,1,0.7356136820925553
FGSG_06154,49,0.5025269992444406,21.650465778295665,FGSG_00330;FGSG_00743;FGSG_00765;FGSG_01422;FGSG_02030;FGSG_02271;FGSG_02272;FGSG_02461;FGSG_02554;FGSG_02972;FGSG_03061;FGSG_03340;FGSG_03546;FGSG_03547;FGSG_03548;FGSG_03747;FGSG_03894;FGSG_03992;FGSG_04458;FGSG_04490;FGSG_04588;FGSG_04589;FGSG_04590;FGSG_04591;FGSG_04592;FGSG_04593;FGSG_04596;FGSG_05368;FGSG_05610;FGSG_06055;FGSG_07075;FGSG_08493;FGSG_08601;FGSG_08712;FGSG_08774;FGSG_09012;FGSG_09280;FGSG_09456;FGSG_09826;FGSG_09834;FGSG_10347;FGSG_10444;FGSG_10922;FGSG_10947;FGSG_11206;FGSG_12180;FGSG_12222;FGSG_12223;FGSG_13136,1,heat shock protein SSC1,GO:0005524;GO:0006457;GO:0051082,12.325005749676338,28,-0.819936709752285,6.55722219784386e-31,0,0.7352112676056337
FGSG_10202,51,0.4970771582123552,23.235163817651394,FGSG_00330;FGSG_00743;FGSG_00765;FGSG_01422;FGSG_01621;FGSG_02030;FGSG_02271;FGSG_02272;FGSG_02461;FGSG_02782;FGSG_03061;FGSG_03295;FGSG_03340;FGSG_03546;FGSG_03547;FGSG_03548;FGSG_03894;FGSG_03992;FGSG_04458;FGSG_04588;FGSG_04589;FGSG_04590;FGSG_04591;FGSG_04592;FGSG_04593;FGSG_04596;FGSG_04763;FGSG_05368;FGSG_05610;FGSG_05843;FGSG_06055;FGSG_06257;FGSG_06506;FGSG_07075;FGSG_07528;FGSG_08601;FGSG_08712;FGSG_08774;FGSG_09012;FGSG_09280;FGSG_09456;FGSG_09826;FGSG_09834;FGSG_10347;FGSG_10922;FGSG_10947;FGSG_11206;FGSG_12180;FGSG_12222;FGSG_12223;FGSG_13136,1,uncharacterized protein,GO:0005829;GO:0008270;GO:0071243,12.232562537205581,27,-0.840238119107231,2.0589992549062603e-15,0,0.735010060362173
FGSG_09087,8,0.4536638535458429,3.485458416442409,FGSG_02321;FGSG_02324;FGSG_02325;FGSG_02326;FGSG_02327;FGSG_02328;FGSG_02329;FGSG_11326,2,uncharacterized protein,,3.081102437769064,7,1.43450471302056,8.63076047874929e-12,1,0.7348759221998657
FGSG_05692,14,0.4355275902904762,5.825855341787829,FGSG_01866;FGSG_02320;FGSG_02321;FGSG_02325;FGSG_02326;FGSG_02327;FGSG_02328;FGSG_02329;FGSG_03574;FGSG_08078;FGSG_08083;FGSG_10670;FGSG_11326;FGSG_12211,2,uncharacterized protein,GO:0016021,3.334686297181284,8,1.36026296615855,3.30633506110198e-17,1,0.7348088531187122
FGSG_00838,51,0.5045388108650453,23.070655948665248,FGSG_00330;FGSG_00743;FGSG_00765;FGSG_01422;FGSG_01621;FGSG_02030;FGSG_02271;FGSG_02272;FGSG_02461;FGSG_02554;FGSG_02972;FGSG_03061;FGSG_03295;FGSG_03340;FGSG_03546;FGSG_03547;FGSG_03548;FGSG_03747;FGSG_03894;FGSG_03992;FGSG_04458;FGSG_04490;FGSG_04588;FGSG_04589;FGSG_04590;FGSG_04591;FGSG_04592;FGSG_04593;FGSG_04596;FGSG_05368;FGSG_05610;FGSG_06055;FGSG_07075;FGSG_07528;FGSG_08493;FGSG_08601;FGSG_08712;FGSG_08774;FGSG_09012;FGSG_09280;FGSG_09456;FGSG_09826;FGSG_09834;FGSG_10347;FGSG_10922;FGSG_10947;FGSG_11206;FGSG_12180;FGSG_12222;FGSG_12223;FGSG_13136,1,heat shock protein 70,GO:0005524;GO:0005634;GO:0005737;GO:0006457;GO:0006616;GO:0016021;GO:0051082,12.202328489299413,27,-0.667326465577252,3.1369520613527804e-17,0,0.7346076458752515
FGSG_06328,36,0.47941725707756305,15.516992778214009,FGSG_00043;FGSG_00044;FGSG_00047;FGSG_00048;FGSG_00330;FGSG_00743;FGSG_01346;FGSG_01422;FGSG_01947;FGSG_02272;FGSG_03061;FGSG_03340;FGSG_03546;FGSG_03547;FGSG_03548;FGSG_03894;FGSG_03992;FGSG_04458;FGSG_04490;FGSG_04589;FGSG_04590;FGSG_04591;FGSG_04596;FGSG_04852;FGSG_05610;FGSG_05926;FGSG_06055;FGSG_08601;FGSG_08712;FGSG_09012;FGSG_09280;FGSG_09456;FGSG_09826;FGSG_09834;FGSG_10347;FGSG_11658,1,xylulose-5-phosphate phosphoketolase,GO:0005975;GO:0016832,12.156129800573417,28,-0.790750881064809,1.13152770647856e-33,0,0.7340040241448692
FGSG_04582,43,0.4991227971093977,19.394772854973283,FGSG_00330;FGSG_00743;FGSG_01422;FGSG_02030;FGSG_02271;FGSG_02272;FGSG_02461;FGSG_03061;FGSG_03295;FGSG_03546;FGSG_03547;FGSG_03548;FGSG_03894;FGSG_03992;FGSG_04458;FGSG_04490;FGSG_04589;FGSG_04590;FGSG_04591;FGSG_04592;FGSG_04593;FGSG_04595;FGSG_04596;FGSG_04763;FGSG_05610;FGSG_05843;FGSG_06055;FGSG_06257;FGSG_07075;FGSG_07528;FGSG_08601;FGSG_08712;FGSG_08774;FGSG_09012;FGSG_09280;FGSG_09456;FGSG_09826;FGSG_09834;FGSG_10347;FGSG_10947;FGSG_12180;FGSG_12223;FGSG_13136,1,uncharacterized protein,GO:0004818;GO:0005524;GO:0005634;GO:0005739;GO:0005829;GO:0006424;GO:0017102,12.127158204728612,27,-0.698695265465718,7.63282791844127e-19,0,0.7338028169014085
FGSG_00871,49,0.498632636809053,22.618369674146408,FGSG_00330;FGSG_00743;FGSG_00765;FGSG_01422;FGSG_02030;FGSG_02271;FGSG_02272;FGSG_02461;FGSG_02782;FGSG_03061;FGSG_03295;FGSG_03546;FGSG_03547;FGSG_03548;FGSG_03894;FGSG_03992;FGSG_04458;FGSG_04490;FGSG_04588;FGSG_04589;FGSG_04590;FGSG_04591;FGSG_04592;FGSG_04593;FGSG_04596;FGSG_04763;FGSG_05368;FGSG_05610;FGSG_05843;FGSG_06055;FGSG_06257;FGSG_06506;FGSG_07075;FGSG_07528;FGSG_08601;FGSG_08712;FGSG_08774;FGSG_09012;FGSG_09280;FGSG_09456;FGSG_09826;FGSG_09834;FGSG_10347;FGSG_10947;FGSG_11206;FGSG_12180;FGSG_12222;FGSG_12223;FGSG_13136,1,thioredoxin reductase,GO:0004791;GO:0005634;GO:0005829;GO:0019430;GO:0055114,12.039283579219555,26,-0.7246278274214,5.21721841167049e-19,0,0.7336016096579476
FGSG_04806,8,0.44587559979473296,3.3938352943061663,FGSG_02324;FGSG_02325;FGSG_02326;FGSG_02327;FGSG_02328;FGSG_03842;FGSG_08083;FGSG_13952,2,uncharacterized protein,,3.3938352943061663,8,1.26333533207242,3.52052919317641e-05,1,0.7334674714956406
FGSG_09992,39,0.4729779305475326,16.937215262831266,FGSG_00330;FGSG_00743;FGSG_01346;FGSG_01422;FGSG_02030;FGSG_02272;FGSG_02461;FGSG_02554;FGSG_03061;FGSG_03340;FGSG_03546;FGSG_03547;FGSG_03548;FGSG_03894;FGSG_03992;FGSG_04458;FGSG_04490;FGSG_04589;FGSG_04590;FGSG_04591;FGSG_04592;FGSG_04593;FGSG_04596;FGSG_04763;FGSG_05610;FGSG_05926;FGSG_06055;FGSG_08601;FGSG_08712;FGSG_08774;FGSG_09012;FGSG_09280;FGSG_09456;FGSG_09826;FGSG_09834;FGSG_10347;FGSG_10947;FGSG_12180;FGSG_12223,1,uncharacterized protein,GO:0005488,11.803557978045145,27,-0.98437005110348,2.54093046431419e-38,0,0.733199195171026
FGSG_01433,39,0.4848256099027324,16.998982960612107,FGSG_00330;FGSG_00743;FGSG_01346;FGSG_01422;FGSG_02030;FGSG_02272;FGSG_02461;FGSG_02554;FGSG_03061;FGSG_03340;FGSG_03546;FGSG_03547;FGSG_03548;FGSG_03894;FGSG_03992;FGSG_04458;FGSG_04490;FGSG_04589;FGSG_04590;FGSG_04591;FGSG_04592;FGSG_04593;FGSG_04596;FGSG_05610;FGSG_05926;FGSG_06055;FGSG_08601;FGSG_08712;FGSG_08774;FGSG_09012;FGSG_09280;FGSG_09456;FGSG_09826;FGSG_09834;FGSG_10347;FGSG_10922;FGSG_10947;FGSG_12180;FGSG_12223,1,glutamate synthase precursor,GO:0005506;GO:0005739;GO:0005829;GO:0006537;GO:0010181;GO:0016040;GO:0050660;GO:0051536;GO:0055114,11.772513573704346,27,-0.92154311697724,1.75269416304769e-32,0,0.7329979879275654
FGSG_00863,49,0.49746686035494453,22.145117705570613,FGSG_00330;FGSG_00743;FGSG_00765;FGSG_01422;FGSG_02030;FGSG_02271;FGSG_02272;FGSG_02461;FGSG_02782;FGSG_03061;FGSG_03295;FGSG_03546;FGSG_03547;FGSG_03548;FGSG_03894;FGSG_03992;FGSG_04458;FGSG_04588;FGSG_04589;FGSG_04590;FGSG_04591;FGSG_04592;FGSG_04593;FGSG_04596;FGSG_04763;FGSG_05368;FGSG_05610;FGSG_05843;FGSG_06055;FGSG_06257;FGSG_06506;FGSG_07075;FGSG_07528;FGSG_08601;FGSG_08712;FGSG_08774;FGSG_09012;FGSG_09280;FGSG_09456;FGSG_09826;FGSG_09834;FGSG_10347;FGSG_10922;FGSG_10947;FGSG_11206;FGSG_12180;FGSG_12222;FGSG_12223;FGSG_13136,1,peptidase subunit beta,GO:0004222;GO:0006627;GO:0017087;GO:0046872,11.719653019919637,26,-0.622405821463227,1.60523225720851e-12,0,0.7327967806841046
FGSG_05402,36,0.47590292111686827,15.475798654774758,FGSG_00043;FGSG_00044;FGSG_00048;FGSG_00330;FGSG_00743;FGSG_01346;FGSG_01422;FGSG_01947;FGSG_02272;FGSG_02461;FGSG_03061;FGSG_03340;FGSG_03546;FGSG_03547;FGSG_03548;FGSG_03894;FGSG_03992;FGSG_04458;FGSG_04490;FGSG_04589;FGSG_04590;FGSG_04591;FGSG_04592;FGSG_04596;FGSG_05610;FGSG_05926;FGSG_06055;FGSG_08601;FGSG_08712;FGSG_09012;FGSG_09280;FGSG_09456;FGSG_09826;FGSG_09834;FGSG_10347;FGSG_11658,1,uncharacterized protein,GO:0000981;GO:0005634;GO:0006357;GO:0008270,11.695930500192091,27,-0.773984338019577,2.3890169395175604e-15,0,0.7325955734406439
FGSG_02679,10,0.451807639548679,4.187120518770645,FGSG_00007;FGSG_02324;FGSG_02326;FGSG_02327;FGSG_02328;FGSG_03539;FGSG_03842;FGSG_08082;FGSG_08083;FGSG_13952,2,uncharacterized protein,GO:0016021,3.372160803582075,8,1.26915470188751,1.49609751447224e-11,1,0.7325285043594902
FGSG_05267,37,0.4644823185832389,15.994598711619776,FGSG_00043;FGSG_00330;FGSG_00743;FGSG_01422;FGSG_01947;FGSG_02272;FGSG_02461;FGSG_03061;FGSG_03340;FGSG_03546;FGSG_03547;FGSG_03548;FGSG_03894;FGSG_03992;FGSG_04458;FGSG_04490;FGSG_04589;FGSG_04590;FGSG_04591;FGSG_04592;FGSG_04593;FGSG_04596;FGSG_05610;FGSG_05926;FGSG_06055;FGSG_06257;FGSG_08601;FGSG_08712;FGSG_08774;FGSG_09012;FGSG_09280;FGSG_09456;FGSG_09826;FGSG_09834;FGSG_10347;FGSG_10947;FGSG_12223,1,uncharacterized protein,,11.674326271978714,27,-0.592268288293792,2.06225468266423e-10,0,0.732394366197183
FGSG_05031,17,0.48685424898260526,7.263655305894795,FGSG_00743;FGSG_00765;FGSG_02272;FGSG_02461;FGSG_02972;FGSG_03061;FGSG_03747;FGSG_03894;FGSG_05368;FGSG_05610;FGSG_08493;FGSG_08774;FGSG_09012;FGSG_10444;FGSG_10922;FGSG_12180;FGSG_13136,1,uncharacterized protein,GO:0000166,3.025277219867046,7,-1.47057861658469,3.93062928556162e-09,1,0.7322602280348759
FGSG_01057,41,0.49742279579022214,18.394884111091528,FGSG_00330;FGSG_00743;FGSG_01422;FGSG_02030;FGSG_02271;FGSG_02272;FGSG_02461;FGSG_03061;FGSG_03295;FGSG_03546;FGSG_03547;FGSG_03548;FGSG_03894;FGSG_03992;FGSG_04458;FGSG_04490;FGSG_04589;FGSG_04590;FGSG_04591;FGSG_04592;FGSG_04593;FGSG_04596;FGSG_04763;FGSG_05610;FGSG_06055;FGSG_06257;FGSG_07075;FGSG_07528;FGSG_08601;FGSG_08712;FGSG_08774;FGSG_09012;FGSG_09280;FGSG_09456;FGSG_09826;FGSG_09834;FGSG_10347;FGSG_10947;FGSG_12180;FGSG_12223;FGSG_13136,1,uncharacterized protein,GO:0005773;GO:0005783;GO:0005886;GO:0009651;GO:0030149;GO:0031307;GO:0046513;GO:0051278;GO:0052712,11.598648995393749,26,-0.54621558397658,4.272288500146031e-09,0,0.7319919517102615
FGSG_03813,7,0.4386156558998718,3.0267777588546805,FGSG_02324;FGSG_02325;FGSG_02326;FGSG_02327;FGSG_02328;FGSG_02329;FGSG_11326,2,alpha-N-arabinofuranosidase precursor,GO:0031221;GO:0046373;GO:0046556,3.0267777588546805,7,1.45720578084713,7.18810980419068e-08,1,0.7318578135479543
FGSG_04317,41,0.49619516262143376,17.99790559395091,FGSG_00330;FGSG_00743;FGSG_01422;FGSG_02030;FGSG_02271;FGSG_02272;FGSG_02461;FGSG_02554;FGSG_03061;FGSG_03295;FGSG_03340;FGSG_03546;FGSG_03547;FGSG_03548;FGSG_03894;FGSG_03992;FGSG_04458;FGSG_04490;FGSG_04588;FGSG_04589;FGSG_04590;FGSG_04591;FGSG_04592;FGSG_04593;FGSG_04596;FGSG_05610;FGSG_06055;FGSG_07075;FGSG_08601;FGSG_08712;FGSG_08774;FGSG_09012;FGSG_09280;FGSG_09456;FGSG_09826;FGSG_09834;FGSG_10347;FGSG_10922;FGSG_10947;FGSG_12180;FGSG_12223,1,uncharacterized protein,GO:0016021;GO:0055085,11.446425103736276,26,-0.464044633044147,3.62536022472146e-10,0,0.73158953722334
FGSG_07191,38,0.4854694971595875,16.56209943482883,FGSG_00330;FGSG_00743;FGSG_01422;FGSG_02030;FGSG_02272;FGSG_02461;FGSG_02554;FGSG_03061;FGSG_03340;FGSG_03546;FGSG_03547;FGSG_03548;FGSG_03894;FGSG_03992;FGSG_04458;FGSG_04490;FGSG_04589;FGSG_04590;FGSG_04591;FGSG_04592;FGSG_04593;FGSG_04596;FGSG_05610;FGSG_05926;FGSG_06055;FGSG_08601;FGSG_08712;FGSG_08774;FGSG_09012;FGSG_09280;FGSG_09456;FGSG_09826;FGSG_09834;FGSG_10347;FGSG_10922;FGSG_10947;FGSG_12180;FGSG_12223,1,uncharacterized protein,GO:0004471;GO:0006108;GO:0046872;GO:0051287;GO:0055114,11.37013600337548,26,-0.873028694269695,5.1483277977362e-25,0,0.7307847082494969
FGSG_03651,8,0.4208620783965222,3.271087680331581,FGSG_02324;FGSG_02325;FGSG_02326;FGSG_02327;FGSG_02328;FGSG_02329;FGSG_02903;FGSG_11326,2,uncharacterized protein,GO:0003824;GO:0050662,3.271087680331581,8,1.34980877848311,8.19903110268563e-08,1,0.7307847082494969
FGSG_09137,10,0.46696256141374515,4.219362914813118,FGSG_00743;FGSG_02272;FGSG_03061;FGSG_03894;FGSG_04589;FGSG_05610;FGSG_08774;FGSG_09012;FGSG_10922;FGSG_12180,1,uncharacterized protein,GO:0003824,2.5473552031008824,6,-2.68737120027207,1.22720421702785e-05,1,0.7307847082494969
FGSG_12502,38,0.48554936337293064,16.52465108886621,FGSG_00330;FGSG_00743;FGSG_01422;FGSG_02030;FGSG_02272;FGSG_02461;FGSG_02554;FGSG_03061;FGSG_03340;FGSG_03546;FGSG_03547;FGSG_03548;FGSG_03894;FGSG_03992;FGSG_04458;FGSG_04490;FGSG_04589;FGSG_04590;FGSG_04591;FGSG_04592;FGSG_04593;FGSG_04596;FGSG_05610;FGSG_05926;FGSG_06055;FGSG_08601;FGSG_08712;FGSG_08774;FGSG_09012;FGSG_09280;FGSG_09456;FGSG_09826;FGSG_09834;FGSG_10347;FGSG_10922;FGSG_10947;FGSG_12180;FGSG_12223,1,uncharacterized protein,GO:0016021,11.347959515940186,26,-0.895411717816136,2.46689968875363e-26,0,0.7305835010060362
FGSG_10804,39,0.49772623088723283,16.95436534436762,FGSG_00330;FGSG_00743;FGSG_01422;FGSG_02030;FGSG_02271;FGSG_02272;FGSG_02461;FGSG_02554;FGSG_03061;FGSG_03340;FGSG_03546;FGSG_03547;FGSG_03548;FGSG_03894;FGSG_03992;FGSG_04458;FGSG_04490;FGSG_04589;FGSG_04590;FGSG_04591;FGSG_04592;FGSG_04593;FGSG_04596;FGSG_05610;FGSG_06055;FGSG_07075;FGSG_08601;FGSG_08712;FGSG_08774;FGSG_09012;FGSG_09280;FGSG_09456;FGSG_09826;FGSG_09834;FGSG_10347;FGSG_10922;FGSG_10947;FGSG_12180;FGSG_12223,1,glutaryl-CoA dehydrogenase,GO:0003995;GO:0050660;GO:0055114,11.256088732990412,26,-0.782055467034414,8.2459432409013e-10,0,0.7301810865191146
FGSG_09185,45,0.49461098700030864,20.14523417797491,FGSG_00330;FGSG_00743;FGSG_00765;FGSG_01422;FGSG_02030;FGSG_02271;FGSG_02272;FGSG_02461;FGSG_02782;FGSG_03061;FGSG_03295;FGSG_03546;FGSG_03547;FGSG_03548;FGSG_03894;FGSG_03992;FGSG_04458;FGSG_04588;FGSG_04589;FGSG_04590;FGSG_04591;FGSG_04592;FGSG_04593;FGSG_04596;FGSG_04763;FGSG_05368;FGSG_05610;FGSG_05843;FGSG_06055;FGSG_06257;FGSG_07075;FGSG_07528;FGSG_08601;FGSG_08712;FGSG_08774;FGSG_09012;FGSG_09280;FGSG_09456;FGSG_09826;FGSG_09834;FGSG_10347;FGSG_10947;FGSG_12180;FGSG_12223;FGSG_13136,1,adenylosuccinate lyase,GO:0004018;GO:0006189;GO:0044208;GO:0051262;GO:0070626,11.167610335894873,25,-0.77911301969098,2.9403720579574596e-11,0,0.729778672032193
FGSG_01317,45,0.5022386829806823,19.968924196888533,FGSG_00330;FGSG_00743;FGSG_00765;FGSG_01422;FGSG_02030;FGSG_02271;FGSG_02272;FGSG_02461;FGSG_03061;FGSG_03295;FGSG_03546;FGSG_03547;FGSG_03548;FGSG_03894;FGSG_03992;FGSG_04458;FGSG_04490;FGSG_04588;FGSG_04589;FGSG_04590;FGSG_04591;FGSG_04592;FGSG_04593;FGSG_04596;FGSG_05368;FGSG_05610;FGSG_06055;FGSG_07075;FGSG_07528;FGSG_08601;FGSG_08712;FGSG_08774;FGSG_09012;FGSG_09280;FGSG_09456;FGSG_09826;FGSG_09834;FGSG_10347;FGSG_10922;FGSG_10947;FGSG_11206;FGSG_12180;FGSG_12222;FGSG_12223;FGSG_13136,1,uncharacterized protein,GO:0005634;GO:0005829;GO:0006879;GO:0009055;GO:0015035;GO:0015038;GO:0045454;GO:0055114,11.054318076064666,25,-0.462551518456748,1.64658338034129e-06,0,0.7295774647887324
FGSG_05277,33,0.4834610828682857,14.453039779207682,FGSG_00043;FGSG_00044;FGSG_00330;FGSG_00743;FGSG_01346;FGSG_01422;FGSG_01947;FGSG_02272;FGSG_02461;FGSG_03061;FGSG_03546;FGSG_03547;FGSG_03548;FGSG_03894;FGSG_03992;FGSG_04458;FGSG_04490;FGSG_04589;FGSG_04590;FGSG_04591;FGSG_04596;FGSG_04763;FGSG_05610;FGSG_05926;FGSG_06055;FGSG_06257;FGSG_08601;FGSG_08712;FGSG_09012;FGSG_09280;FGSG_09456;FGSG_09834;FGSG_10347,1,uracil permease,GO:0005215;GO:0016021;GO:0055085,11.024610535214752,25,-0.803510431090799,8.14647653474281e-36,0,0.7293762575452716
FGSG_02546,40,0.4972177477966877,17.604250316302345,FGSG_00330;FGSG_00743;FGSG_01422;FGSG_02030;FGSG_02271;FGSG_02272;FGSG_02461;FGSG_03061;FGSG_03295;FGSG_03546;FGSG_03547;FGSG_03548;FGSG_03894;FGSG_03992;FGSG_04458;FGSG_04490;FGSG_04589;FGSG_04590;FGSG_04591;FGSG_04593;FGSG_04596;FGSG_04763;FGSG_05610;FGSG_06055;FGSG_06257;FGSG_07075;FGSG_07528;FGSG_08601;FGSG_08712;FGSG_08774;FGSG_09012;FGSG_09280;FGSG_09456;FGSG_09826;FGSG_09834;FGSG_10347;FGSG_10947;FGSG_12180;FGSG_12223;FGSG_13136,1,uncharacterized protein,,10.92486769006195,25,-0.458549686448942,0.0004425173193929,0,0.7287726358148893
FGSG_13299,48,0.5033050127325581,21.873753402620007,FGSG_00330;FGSG_00743;FGSG_00765;FGSG_01422;FGSG_01621;FGSG_02030;FGSG_02271;FGSG_02272;FGSG_02461;FGSG_02782;FGSG_03061;FGSG_03295;FGSG_03546;FGSG_03547;FGSG_03548;FGSG_03747;FGSG_03894;FGSG_03992;FGSG_04309;FGSG_04458;FGSG_04588;FGSG_04589;FGSG_04590;FGSG_04591;FGSG_04592;FGSG_04593;FGSG_05368;FGSG_05610;FGSG_06055;FGSG_07075;FGSG_07528;FGSG_08493;FGSG_08601;FGSG_08712;FGSG_08774;FGSG_09012;FGSG_09280;FGSG_09456;FGSG_09826;FGSG_09834;FGSG_10347;FGSG_10922;FGSG_10947;FGSG_11206;FGSG_12180;FGSG_12222;FGSG_12223;FGSG_13136,1,uncharacterized protein,GO:0008152;GO:0016021;GO:0016746,10.852327713807375,24,-0.735186648784315,2.13162312113564e-23,0,0.7283702213279678
FGSG_13897,8,0.4302953506835499,3.3089115138349814,FGSG_00330;FGSG_03546;FGSG_03547;FGSG_03548;FGSG_04458;FGSG_08601;FGSG_09280;FGSG_09834,1,amino-acid permease inda1,GO:0003333;GO:0015171;GO:0016021,3.3089115138349814,8,-1.29785552388818,3.33980183408681e-05,1,0.7283702213279677
FGSG_03826,10,0.4483362603394231,4.234032353302383,FGSG_01866;FGSG_02321;FGSG_02324;FGSG_02326;FGSG_02327;FGSG_02328;FGSG_02329;FGSG_08083;FGSG_11326;FGSG_13952,2,uncharacterized protein,,3.4284847322300687,8,1.09957418119474,0.0200855146257047,1,0.7283031522468142
FGSG_12182,37,0.49316877805776976,15.984986064479584,FGSG_00330;FGSG_00743;FGSG_01422;FGSG_02030;FGSG_02272;FGSG_02461;FGSG_02554;FGSG_03061;FGSG_03340;FGSG_03546;FGSG_03547;FGSG_03548;FGSG_03894;FGSG_03992;FGSG_04458;FGSG_04490;FGSG_04589;FGSG_04590;FGSG_04591;FGSG_04592;FGSG_04593;FGSG_04596;FGSG_05610;FGSG_06055;FGSG_08601;FGSG_08712;FGSG_08774;FGSG_09012;FGSG_09280;FGSG_09456;FGSG_09826;FGSG_09834;FGSG_10347;FGSG_10922;FGSG_10947;FGSG_12180;FGSG_12223,1,uncharacterized protein,GO:0003735;GO:0005730;GO:0005762;GO:0016787;GO:0032543;GO:0035091,10.790824216103172,25,-0.514651703226063,1.14084110522125e-06,0,0.7279678068410462
FGSG_06400,10,0.452749708472098,4.367751072510705,FGSG_02321;FGSG_02323;FGSG_02324;FGSG_02325;FGSG_02326;FGSG_02327;FGSG_02328;FGSG_02329;FGSG_02903;FGSG_11326,2,uncharacterized protein,GO:0003963;GO:0006396,3.549188486004294,8,1.00986930194355,1.15821599853356e-10,1,0.7279007377598927
FGSG_08321,46,0.49795605183342584,20.748145159947473,FGSG_00330;FGSG_00743;FGSG_00765;FGSG_01422;FGSG_02030;FGSG_02271;FGSG_02272;FGSG_02461;FGSG_02782;FGSG_03061;FGSG_03295;FGSG_03546;FGSG_03547;FGSG_03548;FGSG_03894;FGSG_03992;FGSG_04458;FGSG_04588;FGSG_04589;FGSG_04590;FGSG_04591;FGSG_04592;FGSG_04593;FGSG_04763;FGSG_05368;FGSG_05610;FGSG_05843;FGSG_06055;FGSG_06257;FGSG_06506;FGSG_07075;FGSG_07528;FGSG_08601;FGSG_08712;FGSG_08774;FGSG_09012;FGSG_09280;FGSG_09456;FGSG_09826;FGSG_09834;FGSG_10347;FGSG_10947;FGSG_11206;FGSG_12180;FGSG_12223;FGSG_13136,1,uncharacterized protein,GO:0000981;GO:0005634;GO:0006357;GO:0008270,10.773969524728983,24,-0.965383356697239,2.0460952482846102e-25,0,0.7277665995975855
FGSG_13347,17,0.4865663437060243,7.3364909781003655,FGSG_00743;FGSG_00765;FGSG_02272;FGSG_02461;FGSG_02972;FGSG_03061;FGSG_03747;FGSG_03894;FGSG_04589;FGSG_05368;FGSG_05610;FGSG_08493;FGSG_08774;FGSG_09012;FGSG_10444;FGSG_10922;FGSG_12180,1,uncharacterized protein,GO:0016021;GO:0016491;GO:0055114,3.4762137201560788,8,-1.04698042829897,6.658805156733071e-17,1,0.7276324614352783
FGSG_04794,10,0.45620642395862243,4.317497361521508,FGSG_02321;FGSG_02323;FGSG_02324;FGSG_02325;FGSG_02326;FGSG_02327;FGSG_02328;FGSG_02329;FGSG_08083;FGSG_11326,2,uncharacterized protein,,3.508623822789836,8,1.02067004364043,0.0036362382855968,1,0.7272300469483568
FGSG_12601,8,0.4322061113407273,3.3594170657782016,FGSG_02324;FGSG_02325;FGSG_02326;FGSG_02327;FGSG_02328;FGSG_02329;FGSG_02903;FGSG_11326,2,uncharacterized protein,,3.3594170657782016,8,1.24415420346036,1.84924365934234e-07,1,0.7271629778672032
FGSG_01234,44,0.5010771472712239,19.067802178485554,FGSG_00330;FGSG_00743;FGSG_00765;FGSG_01422;FGSG_02030;FGSG_02271;FGSG_02272;FGSG_02461;FGSG_02554;FGSG_02972;FGSG_03061;FGSG_03340;FGSG_03546;FGSG_03548;FGSG_03747;FGSG_03894;FGSG_03992;FGSG_04458;FGSG_04588;FGSG_04589;FGSG_04590;FGSG_04591;FGSG_04592;FGSG_04593;FGSG_05368;FGSG_05610;FGSG_06055;FGSG_08493;FGSG_08601;FGSG_08712;FGSG_08774;FGSG_09012;FGSG_09456;FGSG_09826;FGSG_09834;FGSG_10347;FGSG_10444;FGSG_10922;FGSG_10947;FGSG_11206;FGSG_12180;FGSG_12222;FGSG_12223;FGSG_13136,1,adenylate cyclase,GO:0000287;GO:0004016;GO:0005739;GO:0005789;GO:0005886;GO:0006171;GO:0007188;GO:0007265,10.426325065677608,24,-0.430772573640083,2.47139822394334e-08,0,0.7269617706237425
FGSG_02966,21,0.4884695696125668,9.138587626191512,FGSG_00743;FGSG_01422;FGSG_02030;FGSG_02271;FGSG_02272;FGSG_02461;FGSG_02782;FGSG_03061;FGSG_03295;FGSG_03894;FGSG_04309;FGSG_04590;FGSG_05610;FGSG_07075;FGSG_07528;FGSG_08712;FGSG_08774;FGSG_09012;FGSG_09456;FGSG_09834;FGSG_13136,1,uncharacterized protein,GO:0016021;GO:0055085,2.7096206653120154,6,-1.91346985562527,5.622141554626679e-55,1,0.7268947015425888
FGSG_03701,39,0.4985890237483785,16.905155397018465,FGSG_00330;FGSG_00743;FGSG_01422;FGSG_02030;FGSG_02271;FGSG_02272;FGSG_02461;FGSG_03061;FGSG_03340;FGSG_03546;FGSG_03547;FGSG_03548;FGSG_03894;FGSG_03992;FGSG_04458;FGSG_04588;FGSG_04589;FGSG_04590;FGSG_04591;FGSG_04592;FGSG_04593;FGSG_05368;FGSG_05610;FGSG_06055;FGSG_07075;FGSG_08601;FGSG_08712;FGSG_08774;FGSG_09012;FGSG_09280;FGSG_09456;FGSG_09826;FGSG_09834;FGSG_10347;FGSG_10922;FGSG_10947;FGSG_12180;FGSG_12223;FGSG_13136,1,uncharacterized protein,,10.365357217839836,24,-0.836072784601422,6.846583856863e-06,0,0.7267605633802816
FGSG_09934,38,0.49790183745783534,16.4474177447198,FGSG_00330;FGSG_00743;FGSG_01422;FGSG_02030;FGSG_02271;FGSG_02272;FGSG_02461;FGSG_02554;FGSG_03061;FGSG_03546;FGSG_03547;FGSG_03548;FGSG_03894;FGSG_03992;FGSG_04458;FGSG_04490;FGSG_04589;FGSG_04590;FGSG_04591;FGSG_04593;FGSG_04596;FGSG_05610;FGSG_06055;FGSG_07075;FGSG_08601;FGSG_08712;FGSG_08774;FGSG_09012;FGSG_09280;FGSG_09456;FGSG_09826;FGSG_09834;FGSG_10347;FGSG_10922;FGSG_10947;FGSG_12180;FGSG_12223;FGSG_13136,1,asparagine synthetase 2,GO:0004066;GO:0006529,10.328859912225301,24,-0.482825168944321,3.9543830507069006e-10,0,0.7265593561368209
FGSG_04709,8,0.43021152407332947,3.3429616518114313,FGSG_00330;FGSG_03546;FGSG_03548;FGSG_03992;FGSG_04458;FGSG_08601;FGSG_09834;FGSG_10347,1,uncharacterized protein,GO:0008643;GO:0016021;GO:0055085,3.3429616518114313,8,-1.25921764003693,0.0009806797896272,1,0.7260898725687459
FGSG_13676,14,0.4902059864033366,6.101438955706393,FGSG_00743;FGSG_01422;FGSG_02272;FGSG_02461;FGSG_03061;FGSG_03894;FGSG_04458;FGSG_04589;FGSG_05610;FGSG_08712;FGSG_08774;FGSG_09012;FGSG_10347;FGSG_12180,1,uncharacterized protein,,3.0321176592937755,7,-1.35045377107421,0.0429867915318761,1,0.7260898725687458
FGSG_13510,8,0.4407572099089795,3.402448756277666,FGSG_02321;FGSG_02324;FGSG_02325;FGSG_02326;FGSG_02327;FGSG_02328;FGSG_02329;FGSG_11326,2,uncharacterized protein,,2.9989393940653715,7,1.43100596492653,0.0133783872102224,1,0.7259557344064387
FGSG_02034,18,0.4858483953769044,7.79244519708528,FGSG_00743;FGSG_00765;FGSG_02272;FGSG_02461;FGSG_02972;FGSG_03061;FGSG_03747;FGSG_03894;FGSG_05368;FGSG_05610;FGSG_08493;FGSG_08774;FGSG_09012;FGSG_10444;FGSG_10922;FGSG_11206;FGSG_12180;FGSG_13136,1,alcohol dehydrogenase 1,GO:0008270;GO:0016491;GO:0055114,3.0737921747886388,7,-1.31726390881271,1.4036481935193e-14,1,0.7258215962441315
FGSG_04312,47,0.49509658569579756,21.039817315602534,FGSG_00330;FGSG_00743;FGSG_00765;FGSG_01422;FGSG_01621;FGSG_02030;FGSG_02271;FGSG_02272;FGSG_02461;FGSG_02782;FGSG_03061;FGSG_03295;FGSG_03546;FGSG_03547;FGSG_03548;FGSG_03894;FGSG_03992;FGSG_04309;FGSG_04458;FGSG_04588;FGSG_04589;FGSG_04590;FGSG_04591;FGSG_04592;FGSG_04593;FGSG_05368;FGSG_05610;FGSG_06055;FGSG_06506;FGSG_07075;FGSG_07528;FGSG_08601;FGSG_08712;FGSG_08774;FGSG_09012;FGSG_09280;FGSG_09456;FGSG_09826;FGSG_09834;FGSG_10347;FGSG_10922;FGSG_10947;FGSG_11206;FGSG_12180;FGSG_12222;FGSG_12223;FGSG_13136,1,uncharacterized protein,GO:0005524;GO:0005754;GO:0015991;GO:0042776;GO:0043531;GO:0046933;GO:0046961,10.178345760690169,23,-0.598755619664946,9.729730426374409e-11,0,0.7257545271629778
FGSG_06987,45,0.5041379876276639,19.746879183335313,FGSG_00330;FGSG_00743;FGSG_00765;FGSG_01422;FGSG_01621;FGSG_02030;FGSG_02271;FGSG_02272;FGSG_02461;FGSG_02972;FGSG_03061;FGSG_03546;FGSG_03548;FGSG_03747;FGSG_03894;FGSG_03992;FGSG_04458;FGSG_04588;FGSG_04589;FGSG_04590;FGSG_04591;FGSG_04592;FGSG_04593;FGSG_05368;FGSG_05610;FGSG_06055;FGSG_07075;FGSG_07528;FGSG_08493;FGSG_08601;FGSG_08712;FGSG_08774;FGSG_09012;FGSG_09456;FGSG_09826;FGSG_09834;FGSG_10347;FGSG_10444;FGSG_10922;FGSG_10947;FGSG_11206;FGSG_12180;FGSG_12222;FGSG_12223;FGSG_13136,1,uncharacterized protein,,10.05645084294919,23,-0.823196663317416,3.9205763967035204e-14,0,0.7253521126760564
FGSG_11894,42,0.48335116480544454,18.43748092929826,FGSG_00330;FGSG_00743;FGSG_01422;FGSG_02030;FGSG_02271;FGSG_02272;FGSG_02461;FGSG_02782;FGSG_03061;FGSG_03295;FGSG_03546;FGSG_03547;FGSG_03548;FGSG_03894;FGSG_03992;FGSG_04458;FGSG_04588;FGSG_04589;FGSG_04590;FGSG_04591;FGSG_04592;FGSG_04593;FGSG_05368;FGSG_05610;FGSG_05843;FGSG_06055;FGSG_06257;FGSG_07075;FGSG_07528;FGSG_08601;FGSG_08712;FGSG_08774;FGSG_09012;FGSG_09280;FGSG_09456;FGSG_09826;FGSG_09834;FGSG_10347;FGSG_10947;FGSG_12180;FGSG_12223;FGSG_13136,1,ATP synthase subunit alpha,GO:0005524;GO:0005754;GO:0015986;GO:0015991;GO:0042645;GO:0046933;GO:0046961,10.038805840371886,23,-0.520743172607547,1.31874529245186e-08,0,0.7251509054325955
FGSG_02480,39,0.4986145829094227,17.1961983912121,FGSG_00330;FGSG_00743;FGSG_01422;FGSG_02030;FGSG_02271;FGSG_02272;FGSG_02461;FGSG_03061;FGSG_03295;FGSG_03546;FGSG_03547;FGSG_03548;FGSG_03894;FGSG_03992;FGSG_04458;FGSG_04588;FGSG_04589;FGSG_04590;FGSG_04591;FGSG_04593;FGSG_04763;FGSG_05610;FGSG_06055;FGSG_06257;FGSG_07075;FGSG_07528;FGSG_08601;FGSG_08712;FGSG_08774;FGSG_09012;FGSG_09280;FGSG_09456;FGSG_09826;FGSG_09834;FGSG_10347;FGSG_10947;FGSG_12180;FGSG_12223;FGSG_13136,1,uncharacterized protein,GO:0004751;GO:0008615;GO:0009052;GO:0042802,10.037557894459765,23,-0.495230402058349,1.87501159747265e-06,0,0.7249496981891348
FGSG_07765,8,0.45156802919654304,3.392765367231654,FGSG_00007;FGSG_02324;FGSG_02326;FGSG_02327;FGSG_02328;FGSG_03842;FGSG_08083;FGSG_13952,2,uncharacterized protein,GO:0004497;GO:0005506;GO:0016021;GO:0016705;GO:0020037;GO:0055114,2.9821394943115305,7,1.47755183721034,1.0544613142677e-55,1,0.7248826291079812
FGSG_01591,37,0.4978732395703525,16.097033173313037,FGSG_00330;FGSG_00743;FGSG_01422;FGSG_02030;FGSG_02272;FGSG_02461;FGSG_03061;FGSG_03340;FGSG_03546;FGSG_03547;FGSG_03548;FGSG_03894;FGSG_03992;FGSG_04458;FGSG_04588;FGSG_04589;FGSG_04590;FGSG_04591;FGSG_04592;FGSG_04593;FGSG_05368;FGSG_05610;FGSG_06055;FGSG_07075;FGSG_08601;FGSG_08712;FGSG_08774;FGSG_09012;FGSG_09280;FGSG_09456;FGSG_09826;FGSG_09834;FGSG_10347;FGSG_10922;FGSG_10947;FGSG_12180;FGSG_12223,1,phosphate carrier protein,GO:0006810;GO:0016021,9.99667127264701,23,-0.692356504079527,1.3982605165446e-11,0,0.724748490945674
FGSG_12181,41,0.4898750711787,18.075681879365067,FGSG_00175;FGSG_00330;FGSG_00743;FGSG_01422;FGSG_02030;FGSG_02271;FGSG_02272;FGSG_02461;FGSG_02782;FGSG_03061;FGSG_03295;FGSG_03546;FGSG_03547;FGSG_03548;FGSG_03894;FGSG_03992;FGSG_04458;FGSG_04589;FGSG_04590;FGSG_04591;FGSG_04592;FGSG_04593;FGSG_04763;FGSG_05610;FGSG_05843;FGSG_06055;FGSG_06257;FGSG_06702;FGSG_07075;FGSG_07528;FGSG_08601;FGSG_08712;FGSG_08774;FGSG_09012;FGSG_09280;FGSG_09456;FGSG_09826;FGSG_09834;FGSG_10347;FGSG_10947;FGSG_13136,1,cytochrome c oxidase polypeptide IV,GO:0004129;GO:0005751;GO:0006123;GO:0008270;GO:0009060;GO:0018580;GO:1902600,9.68394525893693,22,-0.819424392512882,1.2003269512645701e-17,0,0.7239436619718309
FGSG_13950,8,0.42735297940587286,3.315080257005794,FGSG_02324;FGSG_02325;FGSG_02326;FGSG_02327;FGSG_02328;FGSG_03842;FGSG_08083;FGSG_13952,2,uncharacterized protein,,3.315080257005794,8,1.25574035229193,0.0068860515214534,1,0.7236083165660631
FGSG_05251,45,0.5006172870677247,19.774960297556323,FGSG_00330;FGSG_00743;FGSG_00765;FGSG_01422;FGSG_01621;FGSG_02030;FGSG_02271;FGSG_02272;FGSG_02461;FGSG_02782;FGSG_03061;FGSG_03295;FGSG_03546;FGSG_03548;FGSG_03894;FGSG_03992;FGSG_04458;FGSG_04588;FGSG_04589;FGSG_04590;FGSG_04591;FGSG_04592;FGSG_04593;FGSG_05368;FGSG_05610;FGSG_06055;FGSG_07075;FGSG_07528;FGSG_08493;FGSG_08601;FGSG_08712;FGSG_08774;FGSG_09012;FGSG_09280;FGSG_09456;FGSG_09826;FGSG_09834;FGSG_10347;FGSG_10922;FGSG_10947;FGSG_11206;FGSG_12180;FGSG_12222;FGSG_12223;FGSG_13136,1,uncharacterized protein,GO:0003676;GO:0005634;GO:0005750;GO:0006122;GO:0008121;GO:0009060;GO:0046872;GO:0051537;GO:1902600,9.63845929938294,22,-0.642082707617813,1.7116220236334202e-09,0,0.7235412474849094
FGSG_02224,8,0.43606874443508503,3.3675368151964706,FGSG_02324;FGSG_02325;FGSG_02326;FGSG_02327;FGSG_02328;FGSG_02329;FGSG_02903;FGSG_11326,2,uncharacterized protein,,3.3675368151964706,8,1.16325478154652,5.34478705074396e-20,1,0.7232059020791415
FGSG_06206,41,0.5012202656723003,17.94659680279421,FGSG_00330;FGSG_00743;FGSG_00765;FGSG_01422;FGSG_02030;FGSG_02271;FGSG_02272;FGSG_02461;FGSG_02554;FGSG_02972;FGSG_03061;FGSG_03340;FGSG_03546;FGSG_03548;FGSG_03747;FGSG_03894;FGSG_03992;FGSG_04458;FGSG_04588;FGSG_04589;FGSG_04590;FGSG_04593;FGSG_05368;FGSG_05610;FGSG_06055;FGSG_08493;FGSG_08601;FGSG_08712;FGSG_08774;FGSG_09012;FGSG_09826;FGSG_09834;FGSG_10347;FGSG_10444;FGSG_10922;FGSG_10947;FGSG_11206;FGSG_12180;FGSG_12222;FGSG_12223;FGSG_13136,1,uncharacterized protein,GO:0004674;GO:0005524;GO:0005829;GO:0006468;GO:0006808;GO:0032153;GO:0051286;GO:1900417,9.599379246436099,22,-0.456245025299906,1.77823315524157e-10,0,0.7231388329979879
FGSG_03300,39,0.49442822848729145,17.04242437317526,FGSG_00330;FGSG_00743;FGSG_01422;FGSG_02030;FGSG_02271;FGSG_02272;FGSG_02461;FGSG_03061;FGSG_03295;FGSG_03546;FGSG_03547;FGSG_03548;FGSG_03894;FGSG_03992;FGSG_04458;FGSG_04588;FGSG_04589;FGSG_04590;FGSG_04591;FGSG_04592;FGSG_04593;FGSG_05368;FGSG_05610;FGSG_06055;FGSG_07075;FGSG_07528;FGSG_08601;FGSG_08712;FGSG_08774;FGSG_09012;FGSG_09280;FGSG_09456;FGSG_09826;FGSG_09834;FGSG_10347;FGSG_10947;FGSG_12180;FGSG_12223;FGSG_13136,1,uncharacterized protein,,9.558394198802173,22,-0.390067994898852,3.67292177894771e-07,0,0.7229376257545271
FGSG_07244,31,0.4688591464613157,13.328274323273634,FGSG_00330;FGSG_00743;FGSG_01346;FGSG_01422;FGSG_02272;FGSG_02461;FGSG_02554;FGSG_03061;FGSG_03340;FGSG_03546;FGSG_03547;FGSG_03548;FGSG_03894;FGSG_03992;FGSG_04458;FGSG_04490;FGSG_04589;FGSG_04590;FGSG_04591;FGSG_04596;FGSG_05610;FGSG_05926;FGSG_06055;FGSG_08601;FGSG_08712;FGSG_09012;FGSG_09456;FGSG_09826;FGSG_09834;FGSG_10347;FGSG_12180,1,uncharacterized protein,GO:0005783;GO:0031314;GO:0045182;GO:0070131;GO:0097034,9.536337943678056,22,-0.792843083587076,3.18661457153877e-13,0,0.7227364185110664
FGSG_00186,28,0.4803176065061968,12.039823543180207,FGSG_00043;FGSG_00044;FGSG_00330;FGSG_00743;FGSG_01346;FGSG_01422;FGSG_02272;FGSG_03061;FGSG_03546;FGSG_03547;FGSG_03548;FGSG_03894;FGSG_03992;FGSG_04458;FGSG_04490;FGSG_04589;FGSG_04590;FGSG_04591;FGSG_04596;FGSG_05610;FGSG_05926;FGSG_08601;FGSG_08712;FGSG_09012;FGSG_09280;FGSG_09456;FGSG_09834;FGSG_10347,1,uncharacterized protein,GO:0004414;GO:0005737;GO:0009086,9.525124149369603,22,-0.979178747556528,2.67786390697538e-20,0,0.7225352112676056
FGSG_10005,38,0.49946729294091985,16.42154540698231,FGSG_00330;FGSG_00743;FGSG_00765;FGSG_01422;FGSG_02030;FGSG_02272;FGSG_02461;FGSG_02554;FGSG_02972;FGSG_03061;FGSG_03340;FGSG_03546;FGSG_03548;FGSG_03747;FGSG_03894;FGSG_04458;FGSG_04588;FGSG_04589;FGSG_04590;FGSG_04591;FGSG_04592;FGSG_04593;FGSG_05368;FGSG_05610;FGSG_08493;FGSG_08601;FGSG_08712;FGSG_08774;FGSG_09012;FGSG_09456;FGSG_09826;FGSG_09834;FGSG_10347;FGSG_10444;FGSG_10922;FGSG_10947;FGSG_12180;FGSG_12223,1,choline-phosphate cytidylyltransferase,GO:0004105;GO:0005635;GO:0006657,9.502597202201626,22,-0.763267258325132,1.89048631203656e-13,0,0.7223340040241448
FGSG_02738,44,0.5017237537299707,19.6755817525293,FGSG_00330;FGSG_00743;FGSG_00765;FGSG_01422;FGSG_01621;FGSG_02030;FGSG_02271;FGSG_02272;FGSG_02461;FGSG_03061;FGSG_03295;FGSG_03546;FGSG_03548;FGSG_03894;FGSG_03992;FGSG_04309;FGSG_04458;FGSG_04588;FGSG_04589;FGSG_04590;FGSG_04591;FGSG_04593;FGSG_05368;FGSG_05610;FGSG_06055;FGSG_07075;FGSG_07528;FGSG_08493;FGSG_08601;FGSG_08712;FGSG_08774;FGSG_09012;FGSG_09280;FGSG_09456;FGSG_09826;FGSG_09834;FGSG_10347;FGSG_10922;FGSG_10947;FGSG_11206;FGSG_12180;FGSG_12222;FGSG_12223;FGSG_13136,1,uncharacterized protein,,9.329170684383856,21,-0.839352785820422,1.33990770565706e-29,0,0.7219315895372234
FGSG_00746,41,0.48981931548229135,18.087353655745098,FGSG_00175;FGSG_00330;FGSG_00500;FGSG_00743;FGSG_01422;FGSG_02030;FGSG_02271;FGSG_02272;FGSG_02461;FGSG_02782;FGSG_03061;FGSG_03295;FGSG_03546;FGSG_03547;FGSG_03548;FGSG_03894;FGSG_03992;FGSG_04458;FGSG_04590;FGSG_04591;FGSG_04592;FGSG_04593;FGSG_04763;FGSG_05610;FGSG_05843;FGSG_06055;FGSG_06257;FGSG_06702;FGSG_07075;FGSG_07528;FGSG_08601;FGSG_08712;FGSG_08774;FGSG_09012;FGSG_09280;FGSG_09456;FGSG_09826;FGSG_09834;FGSG_10347;FGSG_10947;FGSG_13136,1,uncharacterized protein,GO:0005634;GO:0005829;GO:0030433;GO:0030474;GO:0030674;GO:0031593;GO:0042177,9.280951021972962,21,-0.582642862289275,1.441933807949e-12,0,0.7217303822937625
FGSG_00603,43,0.5018009248784328,19.185951695866716,FGSG_00330;FGSG_00743;FGSG_00765;FGSG_01422;FGSG_01621;FGSG_02030;FGSG_02271;FGSG_02272;FGSG_02461;FGSG_02972;FGSG_03061;FGSG_03546;FGSG_03548;FGSG_03747;FGSG_03894;FGSG_03992;FGSG_04309;FGSG_04458;FGSG_04588;FGSG_04589;FGSG_04590;FGSG_04593;FGSG_05368;FGSG_05610;FGSG_07075;FGSG_07528;FGSG_08493;FGSG_08601;FGSG_08712;FGSG_08774;FGSG_09012;FGSG_09456;FGSG_09826;FGSG_09834;FGSG_10347;FGSG_10444;FGSG_10922;FGSG_10947;FGSG_11206;FGSG_12180;FGSG_12222;FGSG_12223;FGSG_13136,1,uncharacterized protein,GO:0016021,9.239300398514406,21,-0.756270389274568,1.17654983346324e-19,0,0.7215291750503018
FGSG_04987,9,0.452420857545458,3.8658028000362354,FGSG_02321;FGSG_02324;FGSG_02325;FGSG_02326;FGSG_02327;FGSG_02328;FGSG_02329;FGSG_08083;FGSG_11326,2,uncharacterized protein,GO:0000981;GO:0003677;GO:0003824;GO:0005634;GO:0006351;GO:0006357;GO:0008270;GO:0050662,3.4598689828039504,8,1.01867290506204,6.74114564934918e-05,1,0.721327967806841
FGSG_03525,34,0.4791187268534166,14.821160159176952,FGSG_00043;FGSG_00330;FGSG_00743;FGSG_01422;FGSG_01947;FGSG_02271;FGSG_02272;FGSG_02461;FGSG_03061;FGSG_03295;FGSG_03546;FGSG_03547;FGSG_03548;FGSG_03894;FGSG_03992;FGSG_04458;FGSG_04590;FGSG_04591;FGSG_04596;FGSG_04763;FGSG_05610;FGSG_05843;FGSG_06055;FGSG_06257;FGSG_06702;FGSG_07075;FGSG_07528;FGSG_08601;FGSG_08712;FGSG_09012;FGSG_09280;FGSG_09456;FGSG_09834;FGSG_10347,1,uncharacterized protein,GO:0008168;GO:0032259,9.232060399197492,21,-0.718971612302748,3.21741834239273e-13,0,0.7213279678068409
FGSG_13861,8,0.447348058342539,3.4167715192630554,FGSG_02324;FGSG_02325;FGSG_02326;FGSG_02327;FGSG_02328;FGSG_02329;FGSG_08083;FGSG_11326,2,uncharacterized protein,GO:0004553;GO:0005975,3.4167715192630554,8,1.05925110959806,3.7150741002382e-06,1,0.7209926224010732
FGSG_06105,30,0.4722354147807201,13.070347492523391,FGSG_00330;FGSG_00743;FGSG_01422;FGSG_02272;FGSG_02461;FGSG_03061;FGSG_03546;FGSG_03547;FGSG_03548;FGSG_03894;FGSG_03992;FGSG_04458;FGSG_04490;FGSG_04589;FGSG_04590;FGSG_04591;FGSG_04593;FGSG_04596;FGSG_05610;FGSG_06055;FGSG_08601;FGSG_08712;FGSG_08774;FGSG_09012;FGSG_09280;FGSG_09456;FGSG_09826;FGSG_09834;FGSG_10347;FGSG_12180,1,uncharacterized protein,GO:0005506;GO:0031418;GO:0045329;GO:0050353;GO:0055114,9.164901419652383,21,-0.554135599972781,2.44322732147213e-08,0,0.7209255533199195
FGSG_11413,9,0.4739126863538171,3.871472031028172,FGSG_00743;FGSG_02272;FGSG_03061;FGSG_03894;FGSG_04589;FGSG_05610;FGSG_08774;FGSG_10922;FGSG_12180,1,uncharacterized protein,GO:0016740,2.5796249823385744,6,-1.91649983712557,1.46896563432502e-08,1,0.7207914151576125
FGSG_10306,36,0.47939230206008515,15.627267289585438,FGSG_00330;FGSG_00743;FGSG_01422;FGSG_02030;FGSG_02271;FGSG_02272;FGSG_02461;FGSG_03061;FGSG_03295;FGSG_03546;FGSG_03547;FGSG_03548;FGSG_03894;FGSG_03992;FGSG_04458;FGSG_04589;FGSG_04590;FGSG_04591;FGSG_04592;FGSG_04593;FGSG_05610;FGSG_05843;FGSG_06055;FGSG_06257;FGSG_07075;FGSG_07528;FGSG_08601;FGSG_08712;FGSG_08774;FGSG_09012;FGSG_09280;FGSG_09456;FGSG_09826;FGSG_09834;FGSG_10347;FGSG_10947,1,uncharacterized protein,GO:0000001;GO:0001302;GO:0005743;GO:0006457;GO:0007007;GO:0045861;GO:0070584,9.10052205004244,21,-0.664086840225041,1.0866145028025e-08,0,0.7203219315895372
FGSG_13617,38,0.48254517721562173,16.45929409456006,FGSG_00330;FGSG_00743;FGSG_01422;FGSG_02030;FGSG_02271;FGSG_02272;FGSG_02461;FGSG_02782;FGSG_03061;FGSG_03295;FGSG_03546;FGSG_03547;FGSG_03548;FGSG_03894;FGSG_03992;FGSG_04458;FGSG_04588;FGSG_04589;FGSG_04590;FGSG_04591;FGSG_04592;FGSG_04593;FGSG_05610;FGSG_05843;FGSG_06055;FGSG_06257;FGSG_07075;FGSG_07528;FGSG_08601;FGSG_08712;FGSG_08774;FGSG_09012;FGSG_09280;FGSG_09456;FGSG_09826;FGSG_09834;FGSG_10347;FGSG_10947,1,D-amino-acid oxidase,GO:0003884;GO:0046416;GO:0055114;GO:0071949,9.088000449261918,21,-0.828391572453175,3.22896085410076e-10,0,0.7199195171026157
FGSG_12600,8,0.4357922642481795,3.4273179911759213,FGSG_02324;FGSG_02325;FGSG_02326;FGSG_02327;FGSG_02328;FGSG_02329;FGSG_02903;FGSG_11326,2,uncharacterized protein,GO:0003676;GO:0005524,3.4273179911759213,8,1.0368200490769,3.53658330584716e-23,1,0.7199195171026156
FGSG_06202,31,0.47650711623238995,13.24679388097993,FGSG_00330;FGSG_00743;FGSG_01422;FGSG_02272;FGSG_02461;FGSG_02554;FGSG_03061;FGSG_03340;FGSG_03546;FGSG_03547;FGSG_03548;FGSG_03894;FGSG_04458;FGSG_04490;FGSG_04589;FGSG_04590;FGSG_04591;FGSG_04593;FGSG_04596;FGSG_05610;FGSG_06055;FGSG_08601;FGSG_08712;FGSG_08774;FGSG_09012;FGSG_09826;FGSG_09834;FGSG_10347;FGSG_10947;FGSG_12180;FGSG_12223,1,uncharacterized protein,GO:0008270;GO:0016491;GO:0055114,8.998695915793753,21,-0.956246972441298,2.6660361826730003e-11,0,0.7185110663983904
FGSG_12536,29,0.47422704377265096,12.761391924832331,FGSG_00007;FGSG_01866;FGSG_02255;FGSG_02321;FGSG_02323;FGSG_02324;FGSG_02325;FGSG_02326;FGSG_02327;FGSG_02328;FGSG_02329;FGSG_02840;FGSG_02903;FGSG_03539;FGSG_03541;FGSG_03599;FGSG_03600;FGSG_03842;FGSG_03881;FGSG_05919;FGSG_08081;FGSG_08082;FGSG_08083;FGSG_08795;FGSG_09187;FGSG_10670;FGSG_11184;FGSG_11326;FGSG_13952,2,uncharacterized protein,,8.954078838832496,20,0.8502087682303,6.91631418702743e-16,0,0.7183098591549295
FGSG_10490,8,0.4193094651413478,3.287343573792309,FGSG_02324;FGSG_02325;FGSG_02326;FGSG_02327;FGSG_02328;FGSG_02329;FGSG_02903;FGSG_11326,2,uncharacterized protein,GO:0016021,3.287343573792309,8,1.20171758655666,5.75344216196006e-10,1,0.7177733065057008
FGSG_11900,22,0.45487824619738215,9.173935726238714,FGSG_00007;FGSG_01866;FGSG_02326;FGSG_02327;FGSG_02328;FGSG_02329;FGSG_03532;FGSG_03534;FGSG_03535;FGSG_03537;FGSG_03539;FGSG_03541;FGSG_03543;FGSG_03842;FGSG_03881;FGSG_06039;FGSG_07896;FGSG_08079;FGSG_08081;FGSG_08083;FGSG_08084;FGSG_13952,2,uncharacterized protein,,2.929588375251108,7,1.478056636071,1.42615513368698e-81,1,0.7171696847753186
FGSG_02358,9,0.4449000484310778,3.801717134820074,FGSG_02320;FGSG_02321;FGSG_02326;FGSG_02327;FGSG_02328;FGSG_02329;FGSG_03881;FGSG_08083;FGSG_11326,2,uncharacterized protein,GO:0016021;GO:0022891;GO:0055085,2.5903454188676434,6,1.72753683158658,0.0020408700153308,1,0.7164319248826292
FGSG_03466,24,0.47256002527415236,10.5035841480496,FGSG_01866;FGSG_02321;FGSG_02323;FGSG_02324;FGSG_02325;FGSG_02326;FGSG_02327;FGSG_02328;FGSG_02329;FGSG_02840;FGSG_02903;FGSG_03541;FGSG_03599;FGSG_03600;FGSG_03842;FGSG_05919;FGSG_08082;FGSG_08083;FGSG_08795;FGSG_09187;FGSG_10670;FGSG_11184;FGSG_11326;FGSG_13952,2,uncharacterized protein,,8.828323077298576,20,0.897757230988552,2.7904174878796597e-49,0,0.7162977867203218
FGSG_12105,29,0.46914132761957045,12.678298663511965,FGSG_00007;FGSG_01866;FGSG_02255;FGSG_02321;FGSG_02323;FGSG_02324;FGSG_02325;FGSG_02326;FGSG_02327;FGSG_02328;FGSG_02329;FGSG_02840;FGSG_02903;FGSG_03539;FGSG_03541;FGSG_03599;FGSG_03600;FGSG_03842;FGSG_03881;FGSG_05919;FGSG_08081;FGSG_08082;FGSG_08083;FGSG_08795;FGSG_09187;FGSG_10670;FGSG_11184;FGSG_11326;FGSG_13952,2,uncharacterized protein,GO:0003885;GO:0016020;GO:0050660;GO:0055114,8.815264445400492,20,0.933798890148093,9.35469142534324e-37,0,0.7158953722334004
FGSG_02163,38,0.49648523321905436,16.70654028679145,FGSG_00175;FGSG_00330;FGSG_00500;FGSG_00743;FGSG_01422;FGSG_02030;FGSG_02271;FGSG_02272;FGSG_02461;FGSG_03061;FGSG_03295;FGSG_03546;FGSG_03547;FGSG_03548;FGSG_03894;FGSG_03992;FGSG_04458;FGSG_04590;FGSG_04591;FGSG_04593;FGSG_04595;FGSG_04763;FGSG_05610;FGSG_05843;FGSG_06055;FGSG_06257;FGSG_07075;FGSG_07528;FGSG_08601;FGSG_08712;FGSG_08774;FGSG_09012;FGSG_09280;FGSG_09456;FGSG_09834;FGSG_10347;FGSG_10947;FGSG_13136,1,uncharacterized protein,GO:0008271;GO:0016021;GO:1902358,8.794181187805183,20,-0.582817787460591,9.29184015298831e-12,0,0.7156941649899397
FGSG_02875,18,0.44767357383287054,7.542756080663371,FGSG_00007;FGSG_01866;FGSG_02321;FGSG_02326;FGSG_02327;FGSG_02328;FGSG_02329;FGSG_03532;FGSG_03539;FGSG_03541;FGSG_03543;FGSG_03881;FGSG_08081;FGSG_08083;FGSG_08084;FGSG_09064;FGSG_09187;FGSG_13952,2,uncharacterized protein,,3.002905675335302,7,1.26745293529718,1.0614644301434199e-11,1,0.7145539906103286
FGSG_10567,9,0.4383525843056989,3.7696157982745113,FGSG_00007;FGSG_02324;FGSG_02326;FGSG_02327;FGSG_02328;FGSG_02329;FGSG_03842;FGSG_08083;FGSG_13952,2,uncharacterized protein,,3.3552555811390805,8,1.07637628429039,0.0342903438244979,1,0.7145539906103286
FGSG_10300,8,0.4318732807138874,3.365213779134807,FGSG_02324;FGSG_02325;FGSG_02326;FGSG_02327;FGSG_02328;FGSG_02329;FGSG_02903;FGSG_11326,2,uncharacterized protein,,3.365213779134807,8,1.0596332511584,3.2901220286405e-96,1,0.7138832997987927
FGSG_13095,11,0.48635737446741584,4.759771681003569,FGSG_00743;FGSG_02272;FGSG_02461;FGSG_03061;FGSG_03894;FGSG_04589;FGSG_05610;FGSG_08774;FGSG_09012;FGSG_10922;FGSG_12180,1,uncharacterized protein,,2.571163758477572,6,-1.75013968733919,0.0008081831621948,1,0.7138162307176392
FGSG_00296,37,0.49664013858037415,15.907159901412621,FGSG_00330;FGSG_00743;FGSG_00765;FGSG_01422;FGSG_02030;FGSG_02272;FGSG_02461;FGSG_02554;FGSG_02972;FGSG_03061;FGSG_03340;FGSG_03546;FGSG_03548;FGSG_03747;FGSG_03894;FGSG_04458;FGSG_04589;FGSG_04590;FGSG_04591;FGSG_04593;FGSG_05368;FGSG_05610;FGSG_06055;FGSG_08493;FGSG_08601;FGSG_08712;FGSG_08774;FGSG_09012;FGSG_09826;FGSG_10347;FGSG_10444;FGSG_10922;FGSG_10947;FGSG_11206;FGSG_12180;FGSG_12223;FGSG_13136,1,threonine dehydratase,GO:0004794;GO:0006567;GO:0009097;GO:0030170,8.629893163747267,20,-0.721979403733366,1.3427331831640902e-15,0,0.7136820925553319
FGSG_03985,7,0.43742758249071284,2.9387503978454,FGSG_00330;FGSG_03546;FGSG_03547;FGSG_03548;FGSG_04458;FGSG_08601;FGSG_10347,1,uncharacterized protein,GO:0000329;GO:0003333;GO:0005789;GO:0005887;GO:0006631;GO:0006970;GO:0015171;GO:0015203;GO:0015226;GO:1902047;GO:1902269;GO:1902274;GO:1902603,2.9387503978454,7,-1.41135958451206,0.0076802570419343,1,0.7136150234741784
FGSG_06631,36,0.5021958396018027,15.580597204847232,FGSG_00330;FGSG_00743;FGSG_00765;FGSG_01422;FGSG_02030;FGSG_02271;FGSG_02272;FGSG_02461;FGSG_02972;FGSG_03061;FGSG_03546;FGSG_03548;FGSG_03747;FGSG_03894;FGSG_04458;FGSG_04588;FGSG_04589;FGSG_04590;FGSG_04593;FGSG_05368;FGSG_05610;FGSG_08493;FGSG_08601;FGSG_08712;FGSG_08774;FGSG_09012;FGSG_09456;FGSG_09826;FGSG_09834;FGSG_10347;FGSG_10444;FGSG_10922;FGSG_10947;FGSG_12180;FGSG_12223;FGSG_13136,1,uncharacterized protein,GO:0008152;GO:0016874;GO:0032153;GO:0072686,8.587885967887756,20,-0.413092388129064,4.88205874563306e-06,0,0.7134808853118713
FGSG_11990,28,0.4756418702315393,11.989584684190937,FGSG_00330;FGSG_00743;FGSG_01422;FGSG_02272;FGSG_02461;FGSG_02554;FGSG_03061;FGSG_03340;FGSG_03546;FGSG_03548;FGSG_03894;FGSG_04458;FGSG_04490;FGSG_04589;FGSG_04590;FGSG_04591;FGSG_04593;FGSG_04596;FGSG_05610;FGSG_08601;FGSG_08712;FGSG_08774;FGSG_09012;FGSG_09826;FGSG_09834;FGSG_10347;FGSG_12180;FGSG_12223,1,uncharacterized protein,,8.549343497198585,20,-0.87110751572626,1.4905273029156602e-15,0,0.7132796780684104
FGSG_01352,28,0.4822109257712637,12.418184234705278,FGSG_00330;FGSG_00743;FGSG_01422;FGSG_02271;FGSG_02272;FGSG_02461;FGSG_03061;FGSG_03546;FGSG_03547;FGSG_03548;FGSG_03894;FGSG_03992;FGSG_04458;FGSG_04589;FGSG_04590;FGSG_04591;FGSG_04763;FGSG_05610;FGSG_06055;FGSG_06257;FGSG_07075;FGSG_08601;FGSG_08712;FGSG_09012;FGSG_09280;FGSG_09456;FGSG_09834;FGSG_10347,1,uncharacterized protein,GO:0016021;GO:0055085,8.466227183841122,19,-0.821140672831517,1.86442861351055e-14,0,0.7126760563380281
FGSG_08448,38,0.499649282714527,16.867680648116448,FGSG_00330;FGSG_00743;FGSG_00765;FGSG_01422;FGSG_02030;FGSG_02271;FGSG_02272;FGSG_02461;FGSG_02782;FGSG_03061;FGSG_03295;FGSG_03546;FGSG_03548;FGSG_03894;FGSG_03992;FGSG_04458;FGSG_04588;FGSG_04589;FGSG_04590;FGSG_04591;FGSG_04593;FGSG_05610;FGSG_06055;FGSG_06257;FGSG_07075;FGSG_07528;FGSG_08601;FGSG_08712;FGSG_08774;FGSG_09012;FGSG_09280;FGSG_09456;FGSG_09834;FGSG_10347;FGSG_10947;FGSG_11206;FGSG_12180;FGSG_13136,1,uncharacterized protein,GO:0016874,8.376316452287634,19,-0.91967030238448,1.0505341833386e-29,0,0.7124748490945674
FGSG_03012,24,0.4722771345481985,10.361516267956036,FGSG_00007;FGSG_01866;FGSG_02321;FGSG_02323;FGSG_02324;FGSG_02325;FGSG_02326;FGSG_02327;FGSG_02328;FGSG_02329;FGSG_02840;FGSG_02903;FGSG_03599;FGSG_03600;FGSG_03842;FGSG_03881;FGSG_08082;FGSG_08083;FGSG_08795;FGSG_09187;FGSG_10670;FGSG_11184;FGSG_11326;FGSG_13952,2,uncharacterized protein,,8.283146288388807,19,0.619433385515034,5.96611268606031e-07,0,0.7108651911468813
FGSG_06188,26,0.4675968254017662,11.204816906616974,FGSG_00043;FGSG_00330;FGSG_00743;FGSG_01422;FGSG_01947;FGSG_02272;FGSG_02461;FGSG_03061;FGSG_03546;FGSG_03547;FGSG_03548;FGSG_03894;FGSG_03992;FGSG_04458;FGSG_04589;FGSG_04590;FGSG_04591;FGSG_05610;FGSG_05926;FGSG_08601;FGSG_08712;FGSG_09012;FGSG_09280;FGSG_09456;FGSG_09834;FGSG_10347,1,uncharacterized protein,,8.234879764966221,19,-0.766106746384102,2.96431394029718e-19,0,0.7106639839034204
FGSG_03272,8,0.45150234640070985,3.46537133871632,FGSG_02321;FGSG_02324;FGSG_02325;FGSG_02326;FGSG_02327;FGSG_02328;FGSG_02329;FGSG_11326,2,uncharacterized protein,GO:0003677;GO:0005634;GO:0006351;GO:0008270;GO:0008643;GO:0016021;GO:0022891;GO:0055085,3.0642602607163085,7,1.12977587138415,0.0497532349776153,1,0.7100603621730383
FGSG_00492,40,0.4988129701887453,17.495416045601917,FGSG_00330;FGSG_00743;FGSG_00765;FGSG_01422;FGSG_01621;FGSG_02030;FGSG_02271;FGSG_02272;FGSG_02461;FGSG_02782;FGSG_03061;FGSG_03546;FGSG_03548;FGSG_03894;FGSG_03992;FGSG_04458;FGSG_04588;FGSG_04589;FGSG_04590;FGSG_04593;FGSG_05368;FGSG_05610;FGSG_07075;FGSG_07528;FGSG_08493;FGSG_08601;FGSG_08712;FGSG_08774;FGSG_09012;FGSG_09456;FGSG_09826;FGSG_09834;FGSG_10347;FGSG_10922;FGSG_10947;FGSG_11206;FGSG_12180;FGSG_12222;FGSG_12223;FGSG_13136,1,uncharacterized protein,,8.209399736721627,19,-0.799418523851566,4.8784125466562e-10,0,0.7100603621730383
FGSG_05442,35,0.499271623933484,15.141146513190428,FGSG_00330;FGSG_00743;FGSG_01422;FGSG_02030;FGSG_02271;FGSG_02272;FGSG_02461;FGSG_03061;FGSG_03546;FGSG_03548;FGSG_03894;FGSG_03992;FGSG_04458;FGSG_04588;FGSG_04589;FGSG_04590;FGSG_04591;FGSG_04593;FGSG_05368;FGSG_05610;FGSG_06055;FGSG_07075;FGSG_07528;FGSG_08601;FGSG_08712;FGSG_08774;FGSG_09012;FGSG_09456;FGSG_09826;FGSG_09834;FGSG_10347;FGSG_10947;FGSG_12180;FGSG_12223;FGSG_13136,1,uncharacterized protein,,8.199573669235903,19,-0.335974631515803,0.0044846739070423,0,0.7098591549295774
FGSG_12874,30,0.49673607858770175,13.012067715336883,FGSG_00330;FGSG_00743;FGSG_01422;FGSG_02030;FGSG_02272;FGSG_02461;FGSG_03061;FGSG_03546;FGSG_03547;FGSG_03548;FGSG_03894;FGSG_03992;FGSG_04458;FGSG_04589;FGSG_04590;FGSG_04591;FGSG_04593;FGSG_05610;FGSG_06055;FGSG_08601;FGSG_08712;FGSG_08774;FGSG_09012;FGSG_09456;FGSG_09826;FGSG_09834;FGSG_10347;FGSG_10947;FGSG_12180;FGSG_12223,1,uncharacterized protein,GO:0000329;GO:0005794;GO:0006810;GO:0016021,8.192340603888002,19,-0.514057165378649,1.95429779848873e-05,0,0.7096579476861167
FGSG_00012,7,0.44043368991456416,2.982375882939864,FGSG_02324;FGSG_02325;FGSG_02326;FGSG_02327;FGSG_02328;FGSG_02329;FGSG_11326,2,uncharacterized protein,GO:0004497;GO:0005506;GO:0016021;GO:0016705;GO:0020037;GO:0055114,2.982375882939864,7,1.26710028294767,0.02279865314251,1,0.7095238095238094
FGSG_07450,29,0.4863024358971249,12.345433354189193,FGSG_00330;FGSG_00743;FGSG_01422;FGSG_02030;FGSG_02272;FGSG_02461;FGSG_03061;FGSG_03546;FGSG_03547;FGSG_03548;FGSG_03894;FGSG_03992;FGSG_04458;FGSG_04589;FGSG_04590;FGSG_04592;FGSG_04593;FGSG_05610;FGSG_08601;FGSG_08712;FGSG_08774;FGSG_09012;FGSG_09456;FGSG_09826;FGSG_09834;FGSG_10347;FGSG_10947;FGSG_12180;FGSG_12223,1,uncharacterized protein,GO:0000139;GO:0005789;GO:0008203;GO:0015485;GO:0016021;GO:0032936;GO:0035103;GO:0070452,8.007238694364034,19,-0.554011653728114,4.45914916480488e-05,0,0.7090543259557344
FGSG_08875,26,0.4829067789526489,11.505716740988055,FGSG_00330;FGSG_00743;FGSG_01422;FGSG_02271;FGSG_02272;FGSG_02461;FGSG_03061;FGSG_03546;FGSG_03547;FGSG_03548;FGSG_03894;FGSG_03992;FGSG_04458;FGSG_04589;FGSG_04590;FGSG_04591;FGSG_05610;FGSG_06257;FGSG_07075;FGSG_08601;FGSG_08712;FGSG_09012;FGSG_09280;FGSG_09456;FGSG_09834;FGSG_10347,1,sulfate adenylyltransferase,GO:0000103;GO:0004020;GO:0004781;GO:0005524;GO:0005737;GO:0009086;GO:0016310;GO:0019344;GO:0070814,7.9821982257929776,18,-0.524286773701137,5.987563618757331e-09,0,0.7086519114688128
FGSG_06544,35,0.49313966247496477,15.345433298205233,FGSG_00175;FGSG_00330;FGSG_00500;FGSG_00743;FGSG_01422;FGSG_02030;FGSG_02271;FGSG_02272;FGSG_02461;FGSG_03061;FGSG_03295;FGSG_03546;FGSG_03547;FGSG_03548;FGSG_03894;FGSG_03992;FGSG_04458;FGSG_04590;FGSG_04591;FGSG_04763;FGSG_05610;FGSG_05843;FGSG_06055;FGSG_06257;FGSG_07075;FGSG_07528;FGSG_08601;FGSG_08712;FGSG_08774;FGSG_09012;FGSG_09280;FGSG_09456;FGSG_09834;FGSG_10347;FGSG_13136,1,cystathionine beta-synthase,GO:0004122;GO:0005739;GO:0006535;GO:0007089;GO:0019343;GO:0019346;GO:0070814,7.910108747783687,18,-0.8400943034851,8.51931176426224e-14,0,0.7084507042253521
FGSG_03368,6,0.4327700249912817,2.46729890542242,FGSG_02324;FGSG_02325;FGSG_02326;FGSG_02327;FGSG_02903;FGSG_11326,2,uncharacterized protein,,2.46729890542242,6,2.11403107105561,3.41006714999215e-14,1,0.7080482897384306
FGSG_02373,34,0.4607993762832298,14.805275659353214,FGSG_00007;FGSG_01866;FGSG_02255;FGSG_02320;FGSG_02321;FGSG_02323;FGSG_02324;FGSG_02325;FGSG_02326;FGSG_02327;FGSG_02328;FGSG_02329;FGSG_02840;FGSG_02903;FGSG_03532;FGSG_03539;FGSG_03541;FGSG_03543;FGSG_03600;FGSG_03842;FGSG_03881;FGSG_07896;FGSG_08081;FGSG_08082;FGSG_08083;FGSG_08084;FGSG_08795;FGSG_09064;FGSG_09187;FGSG_10670;FGSG_11184;FGSG_11326;FGSG_12211;FGSG_13952,2,uncharacterized protein,,7.896946897923398,18,0.887899456148963,5.293046390354341e-15,0,0.7080482897384306
FGSG_07257,33,0.48166059965553365,14.34160019889406,FGSG_00330;FGSG_00743;FGSG_01422;FGSG_02030;FGSG_02271;FGSG_02272;FGSG_02461;FGSG_03061;FGSG_03295;FGSG_03546;FGSG_03547;FGSG_03548;FGSG_03894;FGSG_03992;FGSG_04458;FGSG_04589;FGSG_04590;FGSG_04591;FGSG_05610;FGSG_05843;FGSG_06055;FGSG_06257;FGSG_07075;FGSG_07528;FGSG_08601;FGSG_08712;FGSG_08774;FGSG_09012;FGSG_09280;FGSG_09456;FGSG_09834;FGSG_10347;FGSG_10947,1,uncharacterized protein,GO:0003735;GO:0005840;GO:0006412;GO:0009060;GO:0042645,7.877710723970455,18,-0.653388208755418,1.24911557186961e-07,0,0.707645875251509
FGSG_04357,22,0.46867724383560033,9.51502974400364,FGSG_01866;FGSG_02321;FGSG_02323;FGSG_02324;FGSG_02325;FGSG_02326;FGSG_02327;FGSG_02328;FGSG_02329;FGSG_02840;FGSG_02903;FGSG_03600;FGSG_03842;FGSG_03881;FGSG_08082;FGSG_08083;FGSG_08795;FGSG_09187;FGSG_10670;FGSG_11184;FGSG_11326;FGSG_13952,2,uncharacterized protein,GO:0016021,7.8327763048772265,18,0.98790301449565,3.51827539575368e-27,0,0.7072434607645874
FGSG_07017,40,0.49746700703105484,17.603403915646005,FGSG_00330;FGSG_00743;FGSG_00765;FGSG_01422;FGSG_01621;FGSG_02030;FGSG_02271;FGSG_02272;FGSG_02461;FGSG_02782;FGSG_03061;FGSG_03546;FGSG_03548;FGSG_03894;FGSG_03992;FGSG_04309;FGSG_04458;FGSG_04588;FGSG_04589;FGSG_04590;FGSG_04593;FGSG_05368;FGSG_05610;FGSG_07075;FGSG_07528;FGSG_08493;FGSG_08601;FGSG_08712;FGSG_08774;FGSG_09012;FGSG_09456;FGSG_09834;FGSG_10347;FGSG_10922;FGSG_10947;FGSG_11206;FGSG_12180;FGSG_12222;FGSG_12223;FGSG_13136,1,uncharacterized protein,GO:0004371;GO:0005524;GO:0006071;GO:0016310,7.802948804488814,18,-0.692822013928754,1.2031987383150699e-11,0,0.706841046277666
FGSG_13673,32,0.4833043247476264,13.84706284179559,FGSG_00330;FGSG_00743;FGSG_01422;FGSG_02030;FGSG_02271;FGSG_02272;FGSG_02461;FGSG_03061;FGSG_03295;FGSG_03546;FGSG_03547;FGSG_03548;FGSG_03894;FGSG_03992;FGSG_04458;FGSG_04589;FGSG_04590;FGSG_04591;FGSG_04593;FGSG_05610;FGSG_06055;FGSG_07075;FGSG_07528;FGSG_08601;FGSG_08712;FGSG_08774;FGSG_09012;FGSG_09280;FGSG_09456;FGSG_09834;FGSG_10347;FGSG_10947,1,uncharacterized protein,GO:0004527;GO:0016021;GO:0090305,7.802555523043495,18,-0.491041819301971,0.0005537830655704,0,0.7066398390342052
FGSG_01159,15,0.4821495443651469,6.443776508941348,FGSG_00743;FGSG_00765;FGSG_02272;FGSG_02461;FGSG_03061;FGSG_03747;FGSG_03894;FGSG_05368;FGSG_05610;FGSG_08493;FGSG_08774;FGSG_10444;FGSG_10922;FGSG_12180;FGSG_13136,1,uncharacterized protein,GO:0000166;GO:0003723,2.995383279625316,7,-1.19620532104745,1.69402923784139e-06,1,0.7063044936284373
FGSG_02735,31,0.4586654633430032,13.296768120049997,FGSG_00007;FGSG_01866;FGSG_02255;FGSG_02320;FGSG_02321;FGSG_02323;FGSG_02324;FGSG_02325;FGSG_02326;FGSG_02327;FGSG_02328;FGSG_02329;FGSG_02840;FGSG_02903;FGSG_03532;FGSG_03539;FGSG_03541;FGSG_03543;FGSG_03600;FGSG_03842;FGSG_03881;FGSG_08081;FGSG_08082;FGSG_08083;FGSG_08795;FGSG_09064;FGSG_09187;FGSG_10670;FGSG_11184;FGSG_11326;FGSG_13952,2,uncharacterized protein,,7.749235715850247,18,0.32002210300667,0.0002659301516087,0,0.7062374245472837
FGSG_13310,37,0.49807256317738785,16.099200672207996,FGSG_00330;FGSG_00743;FGSG_00765;FGSG_01422;FGSG_02030;FGSG_02271;FGSG_02272;FGSG_02461;FGSG_02782;FGSG_03061;FGSG_03295;FGSG_03546;FGSG_03548;FGSG_03894;FGSG_03992;FGSG_04458;FGSG_04588;FGSG_04589;FGSG_04590;FGSG_04593;FGSG_05368;FGSG_05610;FGSG_07075;FGSG_07528;FGSG_08601;FGSG_08712;FGSG_08774;FGSG_09012;FGSG_09456;FGSG_09834;FGSG_10347;FGSG_10922;FGSG_10947;FGSG_11206;FGSG_12180;FGSG_12223;FGSG_13136,1,uncharacterized protein,GO:0005634;GO:0005758;GO:0005829;GO:0031305;GO:0033617,7.740251570147513,18,-0.475329993218551,5.02078616594781e-05,0,0.7060362173038228
FGSG_01586,27,0.4636322551227734,11.45620122890617,FGSG_00007;FGSG_01866;FGSG_02255;FGSG_02321;FGSG_02323;FGSG_02324;FGSG_02325;FGSG_02326;FGSG_02327;FGSG_02328;FGSG_02329;FGSG_02840;FGSG_02903;FGSG_03539;FGSG_03541;FGSG_03600;FGSG_03842;FGSG_03881;FGSG_08081;FGSG_08082;FGSG_08083;FGSG_08795;FGSG_09187;FGSG_10670;FGSG_11184;FGSG_11326;FGSG_13952,2,uncharacterized protein,,7.711521299796728,18,0.775260261426195,2.24535017859048e-07,0,0.7058350100603622
FGSG_02043,29,0.4888781113057544,12.793292366018862,FGSG_00330;FGSG_00743;FGSG_01422;FGSG_02030;FGSG_02271;FGSG_02272;FGSG_02461;FGSG_03061;FGSG_03295;FGSG_03546;FGSG_03548;FGSG_03894;FGSG_03992;FGSG_04458;FGSG_04589;FGSG_04590;FGSG_04591;FGSG_05610;FGSG_06055;FGSG_06257;FGSG_07075;FGSG_08601;FGSG_08712;FGSG_08774;FGSG_09012;FGSG_09280;FGSG_09456;FGSG_09834;FGSG_10347,1,uncharacterized protein,GO:0004519;GO:0004527;GO:0005634;GO:0005829;GO:0090305,7.553372210820248,17,-0.34358676877953,4.62358681000044e-05,0,0.7052313883299798
FGSG_09863,29,0.48520655149493674,12.814340033263194,FGSG_00330;FGSG_00743;FGSG_01422;FGSG_02271;FGSG_02272;FGSG_02461;FGSG_03061;FGSG_03295;FGSG_03546;FGSG_03547;FGSG_03548;FGSG_03894;FGSG_03992;FGSG_04458;FGSG_04589;FGSG_04590;FGSG_05610;FGSG_05843;FGSG_06055;FGSG_06257;FGSG_07075;FGSG_07528;FGSG_08601;FGSG_08712;FGSG_09012;FGSG_09280;FGSG_09456;FGSG_09834;FGSG_10347,1,uncharacterized protein,GO:0005789;GO:0008374;GO:0016021,7.543963848878674,17,-0.592014324560773,7.92642547078931e-10,0,0.705030181086519
FGSG_10267,21,0.4782984538306121,9.251223949402208,FGSG_00330;FGSG_01422;FGSG_01947;FGSG_02272;FGSG_03061;FGSG_03546;FGSG_03547;FGSG_03548;FGSG_03894;FGSG_03992;FGSG_04458;FGSG_04589;FGSG_04590;FGSG_04591;FGSG_05610;FGSG_08601;FGSG_08712;FGSG_09280;FGSG_09456;FGSG_09834;FGSG_10347,1,C-1-tetrahydrofolate synthase,GO:0004329;GO:0004488;GO:0005524;GO:0009396;GO:0055114,7.528791101301469,17,-0.702646068763205,3.14054471678201e-21,0,0.7048289738430583
FGSG_00198,19,0.43484275377347414,7.965409302787954,FGSG_00007;FGSG_01866;FGSG_02320;FGSG_02321;FGSG_02326;FGSG_02327;FGSG_02328;FGSG_02329;FGSG_03532;FGSG_03543;FGSG_03881;FGSG_08077;FGSG_08078;FGSG_08083;FGSG_08084;FGSG_09064;FGSG_10670;FGSG_11326;FGSG_12211,2,uncharacterized protein,,2.942222603593122,7,1.28153506248953,9.9138430612049e-08,1,0.7047619047619048
FGSG_09351,34,0.45913738060938364,14.888087755769442,FGSG_00007;FGSG_01866;FGSG_02255;FGSG_02320;FGSG_02321;FGSG_02323;FGSG_02324;FGSG_02325;FGSG_02326;FGSG_02327;FGSG_02328;FGSG_02329;FGSG_02840;FGSG_02903;FGSG_03532;FGSG_03539;FGSG_03541;FGSG_03543;FGSG_03574;FGSG_03600;FGSG_03842;FGSG_03881;FGSG_08078;FGSG_08081;FGSG_08082;FGSG_08083;FGSG_08084;FGSG_08795;FGSG_09064;FGSG_09187;FGSG_10670;FGSG_11326;FGSG_12211;FGSG_13952,2,uncharacterized protein,GO:0004497;GO:0005506;GO:0008168;GO:0016021;GO:0016705;GO:0020037;GO:0032259;GO:0055114,7.486582072939556,17,0.986459078466174,4.83944705602329e-50,0,0.7044265593561367
FGSG_11567,5,0.4270257237139694,2.0559254214810068,FGSG_03894;FGSG_04458;FGSG_04589;FGSG_08601;FGSG_12180,1,uncharacterized protein,GO:0016021;GO:0055085,2.0559254214810068,5,-5.534018974465,9.26758643492284e-05,1,0.7043594902749832
FGSG_10747,31,0.4913601413073371,13.58608647424598,FGSG_00330;FGSG_00743;FGSG_01422;FGSG_02030;FGSG_02271;FGSG_02272;FGSG_02461;FGSG_03061;FGSG_03295;FGSG_03546;FGSG_03547;FGSG_03548;FGSG_03894;FGSG_03992;FGSG_04458;FGSG_04590;FGSG_04591;FGSG_05610;FGSG_05843;FGSG_06055;FGSG_06257;FGSG_07075;FGSG_07528;FGSG_08601;FGSG_08712;FGSG_08774;FGSG_09012;FGSG_09280;FGSG_09456;FGSG_09834;FGSG_10347,1,uncharacterized protein,GO:0016021;GO:0022891;GO:0055085,7.4593010723860935,17,-0.804371767752904,8.18022279309691e-08,0,0.7038229376257545
FGSG_00702,26,0.4663160143846338,11.307792734549045,FGSG_00007;FGSG_01866;FGSG_02255;FGSG_02321;FGSG_02323;FGSG_02324;FGSG_02325;FGSG_02326;FGSG_02327;FGSG_02328;FGSG_02329;FGSG_02840;FGSG_03539;FGSG_03541;FGSG_03599;FGSG_03600;FGSG_03842;FGSG_03881;FGSG_08081;FGSG_08082;FGSG_08083;FGSG_08795;FGSG_09187;FGSG_11184;FGSG_11326;FGSG_13952,2,uncharacterized protein,GO:0016021;GO:0016740,7.44791856118679,17,0.680130104473264,5.9854504128921095e-33,0,0.7036217303822937
FGSG_11337,7,0.4287608134506219,2.9497627710988366,FGSG_02324;FGSG_02325;FGSG_02326;FGSG_02327;FGSG_02328;FGSG_02329;FGSG_11326,2,ribokinase,GO:0004747;GO:0006014;GO:0046835,2.9497627710988366,7,1.26269429417269,0.0078161848064006,1,0.7035546613011402
FGSG_09053,15,0.4715734519508047,6.504282946023425,FGSG_01422;FGSG_02271;FGSG_02272;FGSG_02461;FGSG_03061;FGSG_03894;FGSG_04458;FGSG_04590;FGSG_05610;FGSG_07075;FGSG_07528;FGSG_08712;FGSG_09012;FGSG_09456;FGSG_09834,1,uncharacterized protein,GO:0003333;GO:0015171;GO:0016021,3.068235779581256,7,-1.0534748377574,3.5017523252182e-12,1,0.7024815560026827
FGSG_09402,35,0.5022581035478713,15.294004886452232,FGSG_00330;FGSG_00743;FGSG_00765;FGSG_01422;FGSG_01621;FGSG_02030;FGSG_02271;FGSG_02272;FGSG_02461;FGSG_03061;FGSG_03548;FGSG_03747;FGSG_03894;FGSG_04458;FGSG_04588;FGSG_04589;FGSG_04590;FGSG_04593;FGSG_05368;FGSG_05610;FGSG_07075;FGSG_08493;FGSG_08601;FGSG_08712;FGSG_08774;FGSG_09012;FGSG_09456;FGSG_09834;FGSG_10347;FGSG_10922;FGSG_10947;FGSG_11206;FGSG_12180;FGSG_12223;FGSG_13136,1,uncharacterized protein,GO:0008654;GO:0016021;GO:0016780,7.353256260484926,17,-0.626994868373771,8.313462653845699e-12,0,0.7020120724346076
FGSG_06119,37,0.49049679758126224,16.115504428038665,FGSG_00330;FGSG_00743;FGSG_00765;FGSG_01422;FGSG_02030;FGSG_02271;FGSG_02272;FGSG_02461;FGSG_02782;FGSG_03061;FGSG_03295;FGSG_03546;FGSG_03548;FGSG_03894;FGSG_03992;FGSG_04458;FGSG_04588;FGSG_04589;FGSG_04590;FGSG_04593;FGSG_05368;FGSG_05610;FGSG_06506;FGSG_07075;FGSG_07528;FGSG_08601;FGSG_08712;FGSG_08774;FGSG_09012;FGSG_09456;FGSG_09834;FGSG_10347;FGSG_10947;FGSG_11206;FGSG_12180;FGSG_12223;FGSG_13136,1,uncharacterized protein,GO:0004553;GO:0005975;GO:0016021,7.34777217324418,17,-0.479674582783551,1.18640254217205e-07,0,0.7018108651911468
FGSG_02863,24,0.46159249168007976,10.284448248512717,FGSG_01866;FGSG_02077;FGSG_02320;FGSG_02321;FGSG_02323;FGSG_02324;FGSG_02325;FGSG_02326;FGSG_02327;FGSG_02328;FGSG_02329;FGSG_02840;FGSG_02903;FGSG_03574;FGSG_03600;FGSG_03842;FGSG_03881;FGSG_05919;FGSG_08083;FGSG_08795;FGSG_09187;FGSG_10670;FGSG_11326;FGSG_13952,2,uncharacterized protein,GO:0016491;GO:0055114,7.340969047903293,17,0.647546169525189,5.53053524496159e-21,0,0.7016096579476861
FGSG_01424,25,0.46580239171708687,10.710801805843133,FGSG_00330;FGSG_00743;FGSG_01422;FGSG_02272;FGSG_02461;FGSG_02554;FGSG_03061;FGSG_03340;FGSG_03546;FGSG_03548;FGSG_03894;FGSG_04458;FGSG_04490;FGSG_04589;FGSG_04590;FGSG_04596;FGSG_05610;FGSG_08601;FGSG_08712;FGSG_08774;FGSG_09012;FGSG_09826;FGSG_09834;FGSG_10347;FGSG_12180,1,uncharacterized protein,GO:0000166;GO:0000176;GO:0001068;GO:0019904;GO:0030847;GO:0031124;GO:0031126;GO:0034472;GO:0035649;GO:0042780;GO:0071028;GO:0071034;GO:0071041,7.325933678254891,17,-0.631601632572602,8.58805901887946e-09,0,0.7014084507042253
FGSG_00602,8,0.4564294544475225,3.4254891872698887,FGSG_00007;FGSG_01866;FGSG_02327;FGSG_03539;FGSG_03842;FGSG_08082;FGSG_08083;FGSG_13952,2,uncharacterized protein,,2.1670640455973826,5,2.19021109578206,5.8678371410994903e-67,1,0.7013413816230718
FGSG_03069,31,0.45554129314819447,13.236491732749222,FGSG_00007;FGSG_01866;FGSG_02255;FGSG_02320;FGSG_02321;FGSG_02323;FGSG_02324;FGSG_02325;FGSG_02326;FGSG_02327;FGSG_02328;FGSG_02329;FGSG_02903;FGSG_03532;FGSG_03539;FGSG_03541;FGSG_03543;FGSG_03600;FGSG_03842;FGSG_03881;FGSG_08081;FGSG_08082;FGSG_08083;FGSG_08795;FGSG_09064;FGSG_09187;FGSG_10670;FGSG_11184;FGSG_11326;FGSG_12211;FGSG_13952,2,uncharacterized protein,GO:0008152;GO:0016829,7.324668099326634,17,0.644749117660406,3.7957056658963395e-12,0,0.7012072434607646
FGSG_02578,15,0.4767508862382312,6.447930190136929,FGSG_00743;FGSG_01422;FGSG_02271;FGSG_02272;FGSG_02461;FGSG_03061;FGSG_03894;FGSG_04590;FGSG_05610;FGSG_07075;FGSG_07528;FGSG_09012;FGSG_09456;FGSG_09834;FGSG_13136,1,uncharacterized protein,GO:0016021,2.630568797268016,6,-1.34827807163869,4.75181437432671e-29,1,0.7008718980549966
FGSG_11409,24,0.4630580366070078,10.203978894697926,FGSG_00007;FGSG_01866;FGSG_02321;FGSG_02323;FGSG_02324;FGSG_02325;FGSG_02326;FGSG_02327;FGSG_02328;FGSG_02329;FGSG_02840;FGSG_03539;FGSG_03600;FGSG_03842;FGSG_03881;FGSG_08081;FGSG_08082;FGSG_08083;FGSG_08795;FGSG_09187;FGSG_10670;FGSG_11184;FGSG_11326;FGSG_13952,2,uncharacterized protein,,7.3092500633859,17,0.851148557093657,2.81520966517565e-14,0,0.700804828973843
FGSG_09230,32,0.47687514426640504,13.774719866777195,FGSG_00330;FGSG_00743;FGSG_01422;FGSG_02030;FGSG_02271;FGSG_02272;FGSG_02461;FGSG_02782;FGSG_03061;FGSG_03295;FGSG_03546;FGSG_03547;FGSG_03548;FGSG_03894;FGSG_03992;FGSG_04458;FGSG_04590;FGSG_04591;FGSG_05610;FGSG_05843;FGSG_06257;FGSG_07075;FGSG_07528;FGSG_08601;FGSG_08712;FGSG_08774;FGSG_09012;FGSG_09280;FGSG_09456;FGSG_09834;FGSG_10347;FGSG_10947,1,uncharacterized protein,,7.291644156109138,17,-0.763232853488149,5.89386776011174e-11,0,0.7006036217303823
FGSG_10673,10,0.44650942913722796,4.1936193903202525,FGSG_00007;FGSG_01866;FGSG_02326;FGSG_02327;FGSG_02328;FGSG_02329;FGSG_03842;FGSG_03881;FGSG_08083;FGSG_13952,2,uncharacterized protein,GO:0016620;GO:0055114,2.9534788054910392,7,1.22394585017868,0.0144311142360626,1,0.7004024144869215
FGSG_08337,29,0.4929916291763993,12.426129859422792,FGSG_00330;FGSG_00743;FGSG_00765;FGSG_01422;FGSG_02030;FGSG_02272;FGSG_02461;FGSG_02554;FGSG_02972;FGSG_03061;FGSG_03340;FGSG_03747;FGSG_03894;FGSG_04458;FGSG_04589;FGSG_04590;FGSG_04593;FGSG_05610;FGSG_08601;FGSG_08712;FGSG_08774;FGSG_09012;FGSG_09826;FGSG_10347;FGSG_10444;FGSG_10922;FGSG_10947;FGSG_12180;FGSG_12223,1,uncharacterized protein,,7.287489265093746,17,-0.685157648134452,1.0636380796326101e-15,0,0.7004024144869215
FGSG_06792,26,0.48590416748587234,11.083299296394312,FGSG_00330;FGSG_00743;FGSG_01422;FGSG_02272;FGSG_02461;FGSG_02554;FGSG_03061;FGSG_03340;FGSG_03546;FGSG_03548;FGSG_03894;FGSG_04458;FGSG_04589;FGSG_04593;FGSG_05610;FGSG_08601;FGSG_08712;FGSG_08774;FGSG_09012;FGSG_09826;FGSG_09834;FGSG_10347;FGSG_10922;FGSG_10947;FGSG_12180;FGSG_12223,1,uncharacterized protein,GO:0004197;GO:0006508,7.2456991272832285,17,-0.922534809824483,1.24972923960239e-10,0,0.7002012072434607
FGSG_07871,5,0.40990331594595647,2.0314071443280026,FGSG_02326;FGSG_02327;FGSG_02328;FGSG_02329;FGSG_11326,2,uncharacterized protein,,2.0314071443280026,5,5.49934612833315,0.0001919940453713,1,0.6997987927565392
FGSG_10019,32,0.4962884282319308,13.712722229233288,FGSG_00330;FGSG_00743;FGSG_00765;FGSG_01422;FGSG_02030;FGSG_02271;FGSG_02272;FGSG_02461;FGSG_03061;FGSG_03546;FGSG_03548;FGSG_03894;FGSG_04458;FGSG_04588;FGSG_04589;FGSG_04590;FGSG_04593;FGSG_05368;FGSG_05610;FGSG_07075;FGSG_08601;FGSG_08712;FGSG_08774;FGSG_09012;FGSG_09456;FGSG_09834;FGSG_10347;FGSG_10922;FGSG_10947;FGSG_12180;FGSG_12223;FGSG_13136,1,uncharacterized protein,GO:0016021;GO:0030234;GO:0050790,7.220903631861657,17,-0.599467133274168,2.46993100094349e-07,0,0.6993963782696176
FGSG_08771,23,0.47861106838375356,10.232115867894445,FGSG_00330;FGSG_00743;FGSG_01422;FGSG_02272;FGSG_02461;FGSG_03061;FGSG_03546;FGSG_03547;FGSG_03548;FGSG_03894;FGSG_03992;FGSG_04458;FGSG_04589;FGSG_04590;FGSG_04591;FGSG_05610;FGSG_06055;FGSG_08601;FGSG_08712;FGSG_09280;FGSG_09456;FGSG_09834;FGSG_10347,1,uncharacterized protein,GO:0004660;GO:0005634;GO:0005829;GO:0005965;GO:0018343;GO:0042127,7.209821562814324,16,-0.711540046701458,1.08816740867272e-09,0,0.6991951710261569
FGSG_04692,24,0.48390802739974675,10.613870233210442,FGSG_00330;FGSG_00743;FGSG_01422;FGSG_02272;FGSG_02461;FGSG_03061;FGSG_03546;FGSG_03547;FGSG_03548;FGSG_03894;FGSG_03992;FGSG_04458;FGSG_04589;FGSG_04590;FGSG_04591;FGSG_05610;FGSG_07075;FGSG_08601;FGSG_08712;FGSG_09012;FGSG_09280;FGSG_09456;FGSG_09834;FGSG_10347,1,uncharacterized protein,GO:0016747,7.1817149352716605,16,-0.901635111377821,1.31357154903087e-26,0,0.6989939637826962
FGSG_06380,10,0.4229712509874402,4.100963060761537,FGSG_00743;FGSG_01422;FGSG_02272;FGSG_03061;FGSG_03894;FGSG_04458;FGSG_04589;FGSG_05610;FGSG_08601;FGSG_10347,1,uncharacterized protein,GO:0003677;GO:0005634;GO:0006351;GO:0006355;GO:0008270,2.8719294009978236,7,-1.28628715406348,0.0275726085048675,1,0.6987927565392353
FGSG_01162,28,0.49022962186181696,12.401147099720477,FGSG_00330;FGSG_00743;FGSG_01422;FGSG_02271;FGSG_02272;FGSG_02461;FGSG_03061;FGSG_03295;FGSG_03546;FGSG_03548;FGSG_03894;FGSG_03992;FGSG_04458;FGSG_04589;FGSG_04590;FGSG_05610;FGSG_06055;FGSG_06257;FGSG_07075;FGSG_07528;FGSG_08601;FGSG_08712;FGSG_08774;FGSG_09012;FGSG_09280;FGSG_09456;FGSG_09834;FGSG_10347,1,uncharacterized protein,GO:0008324;GO:0016021;GO:0098655,7.141085903456965,16,-0.727619493028969,2.96902421739523e-06,0,0.6985915492957746
FGSG_06163,23,0.47562501252006506,10.110006061585139,FGSG_00330;FGSG_00743;FGSG_01422;FGSG_02272;FGSG_02461;FGSG_03061;FGSG_03546;FGSG_03547;FGSG_03548;FGSG_03894;FGSG_03992;FGSG_04458;FGSG_04589;FGSG_04590;FGSG_04591;FGSG_05610;FGSG_08601;FGSG_08712;FGSG_09012;FGSG_09280;FGSG_09456;FGSG_09834;FGSG_10347,1,uncharacterized protein,GO:0008080,7.1294031924382955,16,-0.676783559696282,3.73821911963937e-09,0,0.6983903420523139
FGSG_07630,25,0.4803924415639492,10.916549096399915,FGSG_00743;FGSG_00765;FGSG_01422;FGSG_02030;FGSG_02271;FGSG_02272;FGSG_02461;FGSG_02782;FGSG_03061;FGSG_03295;FGSG_03894;FGSG_04309;FGSG_04588;FGSG_04590;FGSG_05368;FGSG_05610;FGSG_06506;FGSG_07075;FGSG_07528;FGSG_08712;FGSG_08774;FGSG_09012;FGSG_09456;FGSG_09834;FGSG_13136,1,uncharacterized protein,GO:0016021,2.7080258041520477,6,-1.29325458689248,2.7907675152347804e-09,1,0.6979879275653924
FGSG_06398,6,0.4373311962918543,2.5007438105987654,FGSG_02324;FGSG_02325;FGSG_02326;FGSG_02327;FGSG_02328;FGSG_11326,2,uncharacterized protein,,2.5007438105987654,6,1.63474645028934,4.07802324564728e-23,1,0.6975855130784708
FGSG_10200,21,0.48050220888808753,9.125948746652671,FGSG_00330;FGSG_00743;FGSG_01422;FGSG_02272;FGSG_03061;FGSG_03546;FGSG_03547;FGSG_03548;FGSG_03894;FGSG_03992;FGSG_04458;FGSG_04589;FGSG_04590;FGSG_04591;FGSG_05610;FGSG_08601;FGSG_08712;FGSG_09280;FGSG_09456;FGSG_09834;FGSG_10347,1,S-(hydroxymethyl)glutathione dehydrogenase,GO:0000703;GO:0000947;GO:0003677;GO:0004022;GO:0005634;GO:0005739;GO:0005829;GO:0006069;GO:0006285;GO:0008270;GO:0033833;GO:0033859;GO:0046294;GO:0051539;GO:0051903,7.053300178572983,16,-0.607651178598944,3.0816442321949003e-24,0,0.6975855130784707
FGSG_11129,23,0.4700744010281867,9.998247702878166,FGSG_00330;FGSG_00743;FGSG_01422;FGSG_02272;FGSG_02461;FGSG_03061;FGSG_03546;FGSG_03547;FGSG_03548;FGSG_03894;FGSG_03992;FGSG_04458;FGSG_04589;FGSG_04590;FGSG_04591;FGSG_05610;FGSG_08601;FGSG_08712;FGSG_09012;FGSG_09280;FGSG_09456;FGSG_09834;FGSG_10347,1,uncharacterized protein,,7.037756711508643,16,-0.884385819718652,5.05904524167598e-13,0,0.6973843058350101
FGSG_09239,23,0.47059128322077715,10.030412540510133,FGSG_00330;FGSG_00743;FGSG_01422;FGSG_02272;FGSG_02461;FGSG_03061;FGSG_03546;FGSG_03547;FGSG_03548;FGSG_03894;FGSG_03992;FGSG_04458;FGSG_04589;FGSG_04590;FGSG_04591;FGSG_05610;FGSG_08601;FGSG_08712;FGSG_09012;FGSG_09456;FGSG_09834;FGSG_10347;FGSG_12180,1,ubiquinone/menaquinone biosynthesis methyltransferase ubiE,GO:0005759;GO:0006744;GO:0009060;GO:0016021;GO:0031314;GO:0032259;GO:0043334,7.034179232838163,16,-0.979506663951975,6.5359774738144405e-09,0,0.6971830985915493
FGSG_06108,25,0.4598979214653204,10.850296744109368,FGSG_01866;FGSG_02077;FGSG_02255;FGSG_02320;FGSG_02321;FGSG_02323;FGSG_02324;FGSG_02325;FGSG_02326;FGSG_02327;FGSG_02328;FGSG_02329;FGSG_02840;FGSG_02903;FGSG_03574;FGSG_03842;FGSG_03881;FGSG_05919;FGSG_08083;FGSG_08795;FGSG_09187;FGSG_10670;FGSG_11326;FGSG_12211;FGSG_13952,2,uncharacterized protein,GO:0016021,7.029087789512232,16,0.989094628556214,5.8907234267642796e-49,0,0.6969818913480885
FGSG_10435,23,0.4692275030192391,10.000417344550879,FGSG_00330;FGSG_00743;FGSG_01422;FGSG_02272;FGSG_02461;FGSG_03061;FGSG_03546;FGSG_03547;FGSG_03548;FGSG_03894;FGSG_03992;FGSG_04458;FGSG_04589;FGSG_04590;FGSG_04591;FGSG_05610;FGSG_08601;FGSG_08712;FGSG_09012;FGSG_09280;FGSG_09456;FGSG_09834;FGSG_10347,1,uncharacterized protein,,7.0198341093538446,16,-0.211903035275863,,0,0.6967806841046277
FGSG_03161,11,0.4530236858367377,4.662756227571634,FGSG_00007;FGSG_01866;FGSG_02326;FGSG_02327;FGSG_03539;FGSG_03842;FGSG_03881;FGSG_08081;FGSG_08082;FGSG_08083;FGSG_13952,2,uncharacterized protein,GO:0016021;GO:0055085,2.5671648992769653,6,1.39132421278991,0.0112700746861077,1,0.6966465459423206
FGSG_12134,26,0.46412856181381784,11.243130604238099,FGSG_00007;FGSG_01866;FGSG_02255;FGSG_02321;FGSG_02323;FGSG_02324;FGSG_02325;FGSG_02326;FGSG_02327;FGSG_02328;FGSG_02329;FGSG_02840;FGSG_03539;FGSG_03541;FGSG_03600;FGSG_03842;FGSG_03881;FGSG_07896;FGSG_08081;FGSG_08082;FGSG_08083;FGSG_08795;FGSG_09187;FGSG_11184;FGSG_11326;FGSG_13952,2,uncharacterized protein,GO:0000981;GO:0005634;GO:0006357;GO:0008270,6.99662167769571,16,0.754080466738152,1.45412781934036e-16,0,0.6961770623742455
FGSG_00396,24,0.46543453715318095,10.395426240734617,FGSG_00330;FGSG_00743;FGSG_01422;FGSG_02272;FGSG_02461;FGSG_03061;FGSG_03546;FGSG_03547;FGSG_03548;FGSG_03894;FGSG_03992;FGSG_04458;FGSG_04589;FGSG_04590;FGSG_04591;FGSG_05610;FGSG_07075;FGSG_08601;FGSG_08712;FGSG_09012;FGSG_09280;FGSG_09456;FGSG_09834;FGSG_10347,1,uncharacterized protein,GO:0016021,6.994074573492981,16,-0.528142375319282,6.41124618031353e-06,0,0.6957746478873239
FGSG_05162,21,0.47334943689535613,9.051711244366947,FGSG_00330;FGSG_00743;FGSG_01422;FGSG_02272;FGSG_03061;FGSG_03546;FGSG_03547;FGSG_03548;FGSG_03894;FGSG_03992;FGSG_04458;FGSG_04589;FGSG_04590;FGSG_04591;FGSG_05610;FGSG_08601;FGSG_08712;FGSG_09280;FGSG_09456;FGSG_09834;FGSG_10347,1,uncharacterized protein,GO:0000329;GO:0000422;GO:0004724;GO:0005743;GO:0005758;GO:0005759;GO:0006470;GO:0016236;GO:0032872;GO:0043085;GO:0046872;GO:0061191;GO:1901098;GO:1903715,6.9918924819200345,16,-0.544547347732436,3.88257337106268e-05,0,0.6955734406438632
FGSG_06043,25,0.4762624742888374,10.795449173465457,FGSG_00330;FGSG_01422;FGSG_01947;FGSG_02272;FGSG_02461;FGSG_03061;FGSG_03546;FGSG_03547;FGSG_03548;FGSG_03894;FGSG_03992;FGSG_04458;FGSG_04590;FGSG_05610;FGSG_05843;FGSG_06257;FGSG_06702;FGSG_07075;FGSG_08601;FGSG_08712;FGSG_09012;FGSG_09280;FGSG_09456;FGSG_09834;FGSG_10347,1,uncharacterized protein,GO:0016021;GO:0016787,6.987316254227206,16,-0.840529867111354,5.242311524576081e-15,0,0.6953722334004023
FGSG_04768,9,0.45253813979143637,3.8008308456304762,FGSG_00007;FGSG_01866;FGSG_02327;FGSG_03539;FGSG_03842;FGSG_08081;FGSG_08082;FGSG_08083;FGSG_13952,2,uncharacterized protein,GO:0005975;GO:0052861;GO:0052862,2.165247161647912,5,1.92232144554676,7.57593075577586e-13,1,0.6948356807511737
FGSG_11825,21,0.46881644840178077,9.049615887925103,FGSG_00330;FGSG_00743;FGSG_01422;FGSG_02272;FGSG_03061;FGSG_03546;FGSG_03547;FGSG_03548;FGSG_03894;FGSG_03992;FGSG_04458;FGSG_04589;FGSG_04590;FGSG_04591;FGSG_05610;FGSG_08601;FGSG_08712;FGSG_09280;FGSG_09456;FGSG_09834;FGSG_10347,1,uncharacterized protein,,6.977363964735813,16,-0.346322243651487,4.40553238057484e-06,0,0.6947686116700201
FGSG_13873,24,0.4684828577480838,10.233166564728746,FGSG_00007;FGSG_01866;FGSG_02321;FGSG_02323;FGSG_02324;FGSG_02325;FGSG_02326;FGSG_02327;FGSG_02328;FGSG_02329;FGSG_02840;FGSG_03539;FGSG_03541;FGSG_03600;FGSG_03842;FGSG_03881;FGSG_08081;FGSG_08082;FGSG_08083;FGSG_08795;FGSG_09187;FGSG_11184;FGSG_11326;FGSG_13952,2,uncharacterized protein,GO:0008080,6.945771869701482,16,0.763630686067152,2.2222322376667698e-12,0,0.6943661971830986
FGSG_00996,21,0.46400284375763917,9.034912362840434,FGSG_00330;FGSG_00743;FGSG_01422;FGSG_02272;FGSG_03061;FGSG_03546;FGSG_03547;FGSG_03548;FGSG_03894;FGSG_03992;FGSG_04458;FGSG_04589;FGSG_04590;FGSG_04591;FGSG_05610;FGSG_08601;FGSG_08712;FGSG_09280;FGSG_09456;FGSG_09834;FGSG_10347,1,uncharacterized protein,GO:0000147;GO:0003779;GO:0005634;GO:0005829;GO:0030479;GO:0031097;GO:0035840;GO:0045010;GO:0051127,6.939060383274429,16,-0.536656999874516,5.24673922199906e-06,0,0.6937625754527162
FGSG_08773,34,0.5001922138502812,14.753660463074203,FGSG_00743;FGSG_00765;FGSG_01422;FGSG_01621;FGSG_02030;FGSG_02271;FGSG_02272;FGSG_02461;FGSG_02972;FGSG_03061;FGSG_03747;FGSG_03894;FGSG_04458;FGSG_04588;FGSG_04589;FGSG_04590;FGSG_04593;FGSG_05368;FGSG_05610;FGSG_08493;FGSG_08601;FGSG_08712;FGSG_08774;FGSG_09012;FGSG_09826;FGSG_10347;FGSG_10444;FGSG_10922;FGSG_10947;FGSG_11206;FGSG_12180;FGSG_12222;FGSG_12223;FGSG_13136,1,mannose-1-phosphate guanyltransferase,GO:0000032;GO:0004475;GO:0005525;GO:0005829;GO:0006486;GO:0007049;GO:0009272;GO:0009298;GO:0051286,6.920039287048203,16,-0.828827918000151,4.93946627696465e-12,0,0.6935613682092555
FGSG_10451,7,0.4204615542777037,2.8888469800498866,FGSG_02324;FGSG_02325;FGSG_02326;FGSG_02327;FGSG_02328;FGSG_02329;FGSG_11326,2,benzoate 4-monooxygenase,GO:0004497;GO:0005506;GO:0016021;GO:0016705;GO:0020037;GO:0055114,2.8888469800498866,7,1.21784326688688,0.0087656304678164,1,0.6929577464788732
FGSG_02819,30,0.4549736130228809,12.943165970230176,FGSG_00007;FGSG_01866;FGSG_02255;FGSG_02320;FGSG_02321;FGSG_02323;FGSG_02324;FGSG_02325;FGSG_02326;FGSG_02327;FGSG_02328;FGSG_02329;FGSG_03532;FGSG_03539;FGSG_03541;FGSG_03543;FGSG_03600;FGSG_03842;FGSG_03881;FGSG_08081;FGSG_08082;FGSG_08083;FGSG_08084;FGSG_08795;FGSG_09064;FGSG_09187;FGSG_10670;FGSG_11184;FGSG_11326;FGSG_13952,2,uncharacterized protein,,6.898529055074324,16,0.807972330946702,4.9402553465147e-06,0,0.6929577464788732
FGSG_12700,29,0.48125932469786525,12.496160702930673,FGSG_00330;FGSG_00743;FGSG_01422;FGSG_02030;FGSG_02271;FGSG_02272;FGSG_02461;FGSG_03061;FGSG_03295;FGSG_03546;FGSG_03548;FGSG_03894;FGSG_03992;FGSG_04458;FGSG_04589;FGSG_04590;FGSG_04593;FGSG_05610;FGSG_07075;FGSG_07528;FGSG_08601;FGSG_08712;FGSG_08774;FGSG_09012;FGSG_09280;FGSG_09456;FGSG_09834;FGSG_10347;FGSG_10947,1,uncharacterized protein,GO:0016021;GO:0055085,6.890905397744687,16,-0.919569744119779,2.46036439262243e-09,0,0.6927565392354125
FGSG_01849,23,0.4625282816895202,9.798407373428365,FGSG_00007;FGSG_01866;FGSG_02255;FGSG_02320;FGSG_02321;FGSG_02323;FGSG_02324;FGSG_02325;FGSG_02326;FGSG_02327;FGSG_02328;FGSG_02329;FGSG_02903;FGSG_03600;FGSG_03842;FGSG_03881;FGSG_08082;FGSG_08083;FGSG_08795;FGSG_09187;FGSG_10670;FGSG_11326;FGSG_13952,2,uncharacterized protein,GO:0004519;GO:0004527;GO:0090305,6.881681835197747,16,0.567986186185368,5.27466273365366e-06,0,0.6925553319919516
FGSG_08308,28,0.45673824465104135,11.83944576330313,FGSG_00007;FGSG_01866;FGSG_02255;FGSG_02320;FGSG_02321;FGSG_02323;FGSG_02324;FGSG_02325;FGSG_02326;FGSG_02327;FGSG_02328;FGSG_02329;FGSG_02903;FGSG_03532;FGSG_03541;FGSG_03543;FGSG_03600;FGSG_03842;FGSG_03881;FGSG_08081;FGSG_08082;FGSG_08083;FGSG_08795;FGSG_09187;FGSG_10670;FGSG_11326;FGSG_12211;FGSG_13952,2,uncharacterized protein,GO:0005524;GO:0016021;GO:0042626;GO:0055085,6.85563031305929,16,0.588110778435003,1.8946841152612e-05,0,0.6923541247484909
FGSG_06233,27,0.4529386721184602,11.363636963485154,FGSG_00007;FGSG_01866;FGSG_02255;FGSG_02320;FGSG_02321;FGSG_02323;FGSG_02324;FGSG_02325;FGSG_02326;FGSG_02327;FGSG_02328;FGSG_02329;FGSG_02903;FGSG_03532;FGSG_03543;FGSG_03600;FGSG_03842;FGSG_03881;FGSG_08081;FGSG_08082;FGSG_08083;FGSG_08795;FGSG_09187;FGSG_10670;FGSG_11326;FGSG_12211;FGSG_13952,2,uncharacterized protein,,6.7829203735046795,16,0.577740376057934,6.10605247541082e-07,0,0.6917505030181086
FGSG_09092,23,0.4806821448999217,10.346263130536446,FGSG_00330;FGSG_00743;FGSG_01422;FGSG_02271;FGSG_02272;FGSG_02461;FGSG_03061;FGSG_03546;FGSG_03548;FGSG_03894;FGSG_03992;FGSG_04458;FGSG_04589;FGSG_04590;FGSG_05610;FGSG_07075;FGSG_08601;FGSG_08712;FGSG_09012;FGSG_09280;FGSG_09456;FGSG_09834;FGSG_10347,1,uncharacterized protein,,6.76692930647395,15,-0.594376521790667,0.0009892847591608,0,0.6915492957746479
FGSG_09747,23,0.4703764674603789,10.189970395339722,FGSG_00330;FGSG_00743;FGSG_01422;FGSG_02272;FGSG_02461;FGSG_03061;FGSG_03546;FGSG_03547;FGSG_03548;FGSG_03894;FGSG_03992;FGSG_04458;FGSG_04589;FGSG_04590;FGSG_05610;FGSG_07075;FGSG_08601;FGSG_08712;FGSG_09012;FGSG_09280;FGSG_09456;FGSG_09834;FGSG_10347,1,uncharacterized protein,GO:0003723;GO:0005783;GO:0005829;GO:0005844;GO:0007088;GO:0007126;GO:0008298;GO:0016071;GO:0042175,6.694275590106042,15,-0.375794799615323,8.67814155629085e-06,0,0.6911468812877263
FGSG_06077,24,0.4825295575994415,10.678530675978898,FGSG_00330;FGSG_00743;FGSG_01422;FGSG_02271;FGSG_02272;FGSG_02461;FGSG_03061;FGSG_03546;FGSG_03548;FGSG_03894;FGSG_03992;FGSG_04458;FGSG_04589;FGSG_04590;FGSG_04593;FGSG_05610;FGSG_07075;FGSG_08601;FGSG_08712;FGSG_08774;FGSG_09012;FGSG_09456;FGSG_09834;FGSG_10347,1,uncharacterized protein,GO:0016021,6.6925709577633885,15,-0.750177592180494,1.10194331180176e-07,0,0.6909456740442655
FGSG_03259,23,0.46901780739420035,10.098413596169474,FGSG_00330;FGSG_00743;FGSG_01422;FGSG_02272;FGSG_02461;FGSG_03061;FGSG_03546;FGSG_03547;FGSG_03548;FGSG_03894;FGSG_03992;FGSG_04458;FGSG_04589;FGSG_04590;FGSG_05610;FGSG_07075;FGSG_08601;FGSG_08712;FGSG_09012;FGSG_09280;FGSG_09456;FGSG_09834;FGSG_10347,1,uncharacterized protein,GO:0016491;GO:0055114,6.639656227207292,15,-0.631491902636132,1.06222881460159e-08,0,0.6903420523138832
FGSG_13361,22,0.4686883670420019,9.649581629849457,FGSG_00330;FGSG_00743;FGSG_01422;FGSG_02272;FGSG_02461;FGSG_03061;FGSG_03546;FGSG_03547;FGSG_03548;FGSG_03894;FGSG_03992;FGSG_04458;FGSG_04589;FGSG_04590;FGSG_05610;FGSG_08601;FGSG_08712;FGSG_09012;FGSG_09456;FGSG_09834;FGSG_10347;FGSG_12180,1,uncharacterized protein,,6.638450979054362,15,-0.782930620967792,0.0002130583048932,0,0.6901408450704225
FGSG_03808,7,0.4347735604324941,2.9609262091772184,FGSG_02324;FGSG_02325;FGSG_02326;FGSG_02327;FGSG_02328;FGSG_02329;FGSG_11326,2,uncharacterized protein,GO:0003333;GO:0008152;GO:0015171;GO:0016021;GO:0016787,2.9609262091772184,7,1.06815581665288,0.0063335817068726,1,0.6900067069081154
FGSG_05221,21,0.46563950728180514,9.220202513336142,FGSG_00330;FGSG_00743;FGSG_01422;FGSG_02272;FGSG_02461;FGSG_03061;FGSG_03546;FGSG_03548;FGSG_03894;FGSG_03992;FGSG_04458;FGSG_04589;FGSG_04590;FGSG_04591;FGSG_05610;FGSG_08601;FGSG_08712;FGSG_09280;FGSG_09456;FGSG_09834;FGSG_10347,1,phosphoserine aminotransferase,GO:0004648;GO:0005829;GO:0006564;GO:0009113,6.633621982634926,15,-0.417549261585105,0.001687381342986,0,0.6899396378269617
FGSG_10471,6,0.43681266107393885,2.5458132295925195,FGSG_02325;FGSG_02326;FGSG_02327;FGSG_02328;FGSG_02329;FGSG_11326,2,uncharacterized protein,GO:0004386;GO:0005524;GO:0008270,2.5458132295925195,6,1.34472604943151,0.0435864278625523,1,0.6898054996646545
FGSG_08352,33,0.5000898315877034,14.631712363925793,FGSG_00743;FGSG_00765;FGSG_01422;FGSG_01621;FGSG_02030;FGSG_02271;FGSG_02272;FGSG_02461;FGSG_02972;FGSG_03061;FGSG_03747;FGSG_03894;FGSG_04458;FGSG_04588;FGSG_04589;FGSG_04590;FGSG_04593;FGSG_05368;FGSG_05610;FGSG_08493;FGSG_08601;FGSG_08712;FGSG_08774;FGSG_09012;FGSG_10347;FGSG_10444;FGSG_10922;FGSG_10947;FGSG_11206;FGSG_12180;FGSG_12222;FGSG_12223;FGSG_13136,1,glycine dehydrogenase,GO:0004375;GO:0005739;GO:0006730;GO:0019464;GO:0055114,6.618946310418114,15,-0.745415968712283,1.63812584433624e-19,0,0.689738430583501
FGSG_07173,22,0.47310125853402096,9.592714626348506,FGSG_00330;FGSG_01422;FGSG_02272;FGSG_02461;FGSG_03061;FGSG_03546;FGSG_03547;FGSG_03548;FGSG_03894;FGSG_03992;FGSG_04458;FGSG_04590;FGSG_04591;FGSG_05610;FGSG_07075;FGSG_08601;FGSG_08712;FGSG_09012;FGSG_09280;FGSG_09456;FGSG_09834;FGSG_10347,1,alpha-methylacyl-CoA racemase,GO:0003824,6.610158630595585,15,-0.975719024855619,3.0430147222153e-08,0,0.6895372233400402
FGSG_07467,27,0.47500557390612735,11.720620994980324,FGSG_00175;FGSG_00330;FGSG_00500;FGSG_01422;FGSG_02271;FGSG_02272;FGSG_02461;FGSG_03061;FGSG_03295;FGSG_03546;FGSG_03548;FGSG_03894;FGSG_03992;FGSG_04458;FGSG_04590;FGSG_05610;FGSG_05843;FGSG_06257;FGSG_07075;FGSG_07528;FGSG_08601;FGSG_08712;FGSG_09012;FGSG_09280;FGSG_09456;FGSG_09834;FGSG_10347,1,uncharacterized protein,GO:0000788;GO:0005737;GO:0006334;GO:0006337;GO:0006606;GO:0007117;GO:0031116;GO:0032968;GO:0042393,6.581938082569508,15,-0.293680870661908,8.48919611434956e-09,0,0.6889336016096579
FGSG_11168,21,0.4738265709956794,9.052555837113502,FGSG_00330;FGSG_00743;FGSG_01422;FGSG_02272;FGSG_03061;FGSG_03546;FGSG_03547;FGSG_03548;FGSG_03894;FGSG_03992;FGSG_04458;FGSG_04589;FGSG_04591;FGSG_05610;FGSG_08601;FGSG_08712;FGSG_09012;FGSG_09280;FGSG_09456;FGSG_09834;FGSG_10347,1,uncharacterized protein,,6.572264935020152,15,-0.697666709543837,2.3987850216100404e-09,0,0.6885311871227364
FGSG_10859,22,0.46059833608791967,9.542304066786155,FGSG_00330;FGSG_00743;FGSG_01422;FGSG_02272;FGSG_02461;FGSG_03061;FGSG_03546;FGSG_03547;FGSG_03548;FGSG_03894;FGSG_03992;FGSG_04458;FGSG_04589;FGSG_04590;FGSG_05610;FGSG_08601;FGSG_08712;FGSG_09012;FGSG_09280;FGSG_09456;FGSG_09834;FGSG_10347,1,uncharacterized protein,GO:0003840;GO:0006749,6.570806082228109,15,-0.373253406062243,0.0007228507376483,0,0.6883299798792756
FGSG_08831,22,0.464116182475617,9.504217637211722,FGSG_00330;FGSG_00743;FGSG_01422;FGSG_02272;FGSG_02461;FGSG_03061;FGSG_03546;FGSG_03548;FGSG_03894;FGSG_03992;FGSG_04458;FGSG_04589;FGSG_04590;FGSG_04591;FGSG_05610;FGSG_08601;FGSG_08712;FGSG_09012;FGSG_09280;FGSG_09456;FGSG_09834;FGSG_10347,1,uncharacterized protein,GO:0003677;GO:0005634;GO:0006351;GO:0008270;GO:0016021,6.5588584656660105,15,-0.64552203872904,0.0045800690702972,0,0.6881287726358148
FGSG_00278,33,0.4901774345118496,14.34862757783482,FGSG_00175;FGSG_00330;FGSG_00743;FGSG_01422;FGSG_02030;FGSG_02271;FGSG_02272;FGSG_02461;FGSG_02782;FGSG_03061;FGSG_03295;FGSG_03546;FGSG_03548;FGSG_03894;FGSG_03992;FGSG_04458;FGSG_04590;FGSG_05610;FGSG_05843;FGSG_06055;FGSG_06257;FGSG_07075;FGSG_07528;FGSG_08601;FGSG_08712;FGSG_08774;FGSG_09012;FGSG_09280;FGSG_09456;FGSG_09834;FGSG_10347;FGSG_10947;FGSG_13136,1,biotin synthase,GO:0004076;GO:0009102;GO:0046872;GO:0051537;GO:0051539,6.5335756319900105,15,-0.899329583127158,3.81260354476666e-10,0,0.6875251509054325
FGSG_07135,22,0.4620230925609498,9.479997243191523,FGSG_00330;FGSG_00743;FGSG_01422;FGSG_02272;FGSG_02461;FGSG_03061;FGSG_03546;FGSG_03547;FGSG_03548;FGSG_03894;FGSG_03992;FGSG_04458;FGSG_04589;FGSG_04590;FGSG_05610;FGSG_08601;FGSG_08712;FGSG_09012;FGSG_09280;FGSG_09456;FGSG_09834;FGSG_10347,1,uncharacterized protein,GO:0004061;GO:0019441;GO:0034354,6.515928635422695,15,-0.631155560566182,2.9874747766934903e-09,0,0.6869215291750502
FGSG_04234,8,0.4414527809292312,3.3700113118572057,FGSG_00743;FGSG_03894;FGSG_04458;FGSG_04589;FGSG_08601;FGSG_10347;FGSG_10922;FGSG_12180,1,uncharacterized protein,GO:0016021,2.940069517351211,7,-1.06955586716662,7.50404154977514e-24,1,0.6868544600938967
FGSG_13640,20,0.4714904100247179,8.559894079526792,FGSG_00330;FGSG_00743;FGSG_01422;FGSG_02272;FGSG_03061;FGSG_03546;FGSG_03547;FGSG_03548;FGSG_03894;FGSG_03992;FGSG_04458;FGSG_04589;FGSG_04591;FGSG_05610;FGSG_08601;FGSG_08712;FGSG_09280;FGSG_09456;FGSG_09834;FGSG_10347,1,uncharacterized protein,GO:0005096;GO:0016021;GO:0035556;GO:0043547;GO:0055085;GO:0097042;GO:1990130;GO:2000785,6.5111322897272945,15,-0.505494892606265,8.42015189564444e-06,0,0.6867203219315895
FGSG_05593,24,0.4647138900160075,10.250844573630719,FGSG_00007;FGSG_01866;FGSG_02255;FGSG_02321;FGSG_02323;FGSG_02324;FGSG_02325;FGSG_02326;FGSG_02327;FGSG_02328;FGSG_02329;FGSG_03539;FGSG_03541;FGSG_03600;FGSG_03842;FGSG_03881;FGSG_08081;FGSG_08082;FGSG_08083;FGSG_08795;FGSG_09187;FGSG_11184;FGSG_11326;FGSG_13952,2,uncharacterized protein,GO:0006665;GO:0008168;GO:0016021;GO:0032259,6.506341820703526,15,0.621749623137392,8.919106122309289e-11,0,0.686317907444668
FGSG_11205,34,0.4844033634812022,14.85126763603969,FGSG_00330;FGSG_00743;FGSG_01422;FGSG_02030;FGSG_02271;FGSG_02272;FGSG_02461;FGSG_02782;FGSG_03061;FGSG_03295;FGSG_03546;FGSG_03548;FGSG_03894;FGSG_03992;FGSG_04458;FGSG_04588;FGSG_04590;FGSG_04593;FGSG_05368;FGSG_05610;FGSG_05843;FGSG_06506;FGSG_07075;FGSG_07528;FGSG_08601;FGSG_08712;FGSG_08774;FGSG_09012;FGSG_09280;FGSG_09456;FGSG_09834;FGSG_10347;FGSG_10947;FGSG_13136,1,uncharacterized protein,,6.503391393642637,15,-0.993621534444592,7.89211266960367e-13,0,0.6859154929577465
FGSG_11553,23,0.46661713642565483,9.746132419615208,FGSG_00007;FGSG_01866;FGSG_02321;FGSG_02323;FGSG_02324;FGSG_02325;FGSG_02326;FGSG_02327;FGSG_02328;FGSG_02329;FGSG_03539;FGSG_03541;FGSG_03600;FGSG_03842;FGSG_03881;FGSG_08081;FGSG_08082;FGSG_08083;FGSG_08795;FGSG_09187;FGSG_10670;FGSG_11326;FGSG_13952,2,uncharacterized protein,,6.47336839806605,15,0.888273734439228,0.0006362526789449,0,0.6857142857142856
FGSG_09556,31,0.48553368209963627,13.432285127778096,FGSG_00330;FGSG_00743;FGSG_01422;FGSG_02030;FGSG_02271;FGSG_02272;FGSG_02461;FGSG_02782;FGSG_03061;FGSG_03295;FGSG_03546;FGSG_03548;FGSG_03894;FGSG_03992;FGSG_04458;FGSG_04588;FGSG_04590;FGSG_04593;FGSG_05610;FGSG_07075;FGSG_07528;FGSG_08601;FGSG_08712;FGSG_08774;FGSG_09012;FGSG_09280;FGSG_09456;FGSG_09834;FGSG_10347;FGSG_10947;FGSG_13136,1,uncharacterized protein,GO:0000166;GO:0005829;GO:0043047,6.456896116487375,15,-0.337372677475247,3.97113454563836e-05,0,0.685513078470825
FGSG_04941,21,0.46520017468451313,8.907428377021247,FGSG_00007;FGSG_01866;FGSG_02321;FGSG_02323;FGSG_02324;FGSG_02325;FGSG_02326;FGSG_02327;FGSG_02328;FGSG_02329;FGSG_03541;FGSG_03600;FGSG_03842;FGSG_03881;FGSG_08082;FGSG_08083;FGSG_08795;FGSG_09187;FGSG_10670;FGSG_11326;FGSG_13952,2,uncharacterized protein,GO:0016021;GO:0016491;GO:0055114,6.444180697149958,15,0.709776851879622,4.98583374791481e-07,0,0.6853118712273641
FGSG_09970,22,0.47883321470383794,9.44427673939191,FGSG_00330;FGSG_00743;FGSG_01422;FGSG_02272;FGSG_02461;FGSG_03061;FGSG_03340;FGSG_03546;FGSG_03548;FGSG_03894;FGSG_04458;FGSG_04589;FGSG_05610;FGSG_08601;FGSG_08712;FGSG_08774;FGSG_09012;FGSG_09834;FGSG_10347;FGSG_10922;FGSG_12180;FGSG_12223,1,uncharacterized protein,GO:0005739;GO:0016021;GO:0016740;GO:0017196,6.441879868475738,15,-0.960900224889255,7.907287397231799e-19,0,0.6851106639839034
FGSG_11480,31,0.4632286184722505,13.27964063209456,FGSG_00007;FGSG_01866;FGSG_02255;FGSG_02321;FGSG_02323;FGSG_02324;FGSG_02325;FGSG_02326;FGSG_02327;FGSG_02328;FGSG_02329;FGSG_03532;FGSG_03535;FGSG_03539;FGSG_03541;FGSG_03543;FGSG_03600;FGSG_03842;FGSG_03881;FGSG_07896;FGSG_08079;FGSG_08081;FGSG_08082;FGSG_08083;FGSG_08084;FGSG_08795;FGSG_09064;FGSG_09187;FGSG_11184;FGSG_11326;FGSG_13952,2,uncharacterized protein,GO:0016021;GO:0022891;GO:0055085,6.435145302816027,15,0.925212209513588,3.58409138786245e-28,0,0.6849094567404426
FGSG_09984,20,0.45817435804684686,8.472475996640126,FGSG_00330;FGSG_01422;FGSG_02272;FGSG_03061;FGSG_03546;FGSG_03547;FGSG_03548;FGSG_03894;FGSG_03992;FGSG_04458;FGSG_04589;FGSG_04591;FGSG_05610;FGSG_08601;FGSG_08712;FGSG_09012;FGSG_09280;FGSG_09456;FGSG_09834;FGSG_10347,1,imidazole glycerol phosphate synthase hisHF,GO:0000105;GO:0000107;GO:0004359;GO:0005634;GO:0005829;GO:0016833,6.426102900014776,15,-0.512364517484642,7.02140678028243e-05,0,0.6847082494969818
FGSG_03127,26,0.4944048655965593,11.096342554926782,FGSG_00330;FGSG_00743;FGSG_01422;FGSG_02030;FGSG_02272;FGSG_02461;FGSG_02554;FGSG_02972;FGSG_03061;FGSG_03340;FGSG_03548;FGSG_03894;FGSG_04458;FGSG_04589;FGSG_04593;FGSG_05610;FGSG_08601;FGSG_08712;FGSG_08774;FGSG_09012;FGSG_09826;FGSG_10347;FGSG_10922;FGSG_10947;FGSG_12180;FGSG_12223,1,uncharacterized protein,GO:0005975;GO:0016311;GO:0042132,6.41063474392873,15,-0.787533513382556,2.63609105888066e-12,0,0.6845070422535211
FGSG_06336,6,0.43722550768696794,2.544352845737495,FGSG_02326;FGSG_02327;FGSG_02328;FGSG_02329;FGSG_08083;FGSG_11326,2,uncharacterized protein,GO:0016021;GO:0055085,2.544352845737495,6,1.2814500198803,0.0004124156740154,1,0.6845070422535211
FGSG_09998,21,0.47120760347627777,9.374759622016011,FGSG_00330;FGSG_00743;FGSG_01422;FGSG_02272;FGSG_02461;FGSG_03061;FGSG_03546;FGSG_03548;FGSG_03894;FGSG_03992;FGSG_04458;FGSG_04589;FGSG_04590;FGSG_04591;FGSG_05610;FGSG_08601;FGSG_08712;FGSG_09012;FGSG_09456;FGSG_09834;FGSG_10347,1,transketolase 1,GO:0004802;GO:0005634;GO:0005829;GO:0008152;GO:0046872,6.311686023048448,14,-0.658413606475389,1.1577189853334898e-11,0,0.6839034205231388
FGSG_02600,22,0.4770813711451616,9.668414667708479,FGSG_00330;FGSG_00743;FGSG_01422;FGSG_02271;FGSG_02272;FGSG_02461;FGSG_03061;FGSG_03546;FGSG_03548;FGSG_03894;FGSG_03992;FGSG_04458;FGSG_04590;FGSG_05610;FGSG_07075;FGSG_08601;FGSG_08712;FGSG_09012;FGSG_09280;FGSG_09456;FGSG_09834;FGSG_10347,1,"1,2-dihydroxy-3-keto-5-methylthiopentene dioxygenase",GO:0005506;GO:0005634;GO:0005737;GO:0010308;GO:0010309;GO:0019509;GO:0055114,6.230152938897957,14,-0.400524868609149,6.35374483781486e-09,0,0.6830985915492958
FGSG_08765,6,0.43449225554424425,2.503872800154165,FGSG_00330;FGSG_03546;FGSG_03548;FGSG_04458;FGSG_08601;FGSG_10347,1,uncharacterized protein,,2.503872800154165,6,-1.33862451378405,0.0001550259710798,1,0.6829644533869886
FGSG_04053,21,0.4679282402006257,9.197000557386069,FGSG_00330;FGSG_00743;FGSG_01422;FGSG_02272;FGSG_02461;FGSG_03061;FGSG_03546;FGSG_03548;FGSG_03894;FGSG_03992;FGSG_04458;FGSG_04589;FGSG_04590;FGSG_05610;FGSG_08601;FGSG_08712;FGSG_09012;FGSG_09456;FGSG_09834;FGSG_10347;FGSG_12180,1,uncharacterized protein,GO:0004674;GO:0005524;GO:0018105;GO:0045292;GO:0070317,6.223499843622165,14,-0.345688636935795,0.0003218069373384,0,0.682897384305835
FGSG_10746,21,0.46625970243326853,9.2562486921045,FGSG_00330;FGSG_00743;FGSG_01422;FGSG_02272;FGSG_02461;FGSG_03061;FGSG_03546;FGSG_03548;FGSG_03894;FGSG_03992;FGSG_04458;FGSG_04589;FGSG_04590;FGSG_05610;FGSG_08601;FGSG_08712;FGSG_09012;FGSG_09456;FGSG_09834;FGSG_10347;FGSG_12180,1,aspartate aminotransferase,GO:0001300;GO:0001302;GO:0004069;GO:0006532;GO:0019266;GO:0030170;GO:0080130,6.195051756552472,14,-0.698535378553225,4.78842946707696e-10,0,0.6826961770623742
FGSG_09245,22,0.4662398560168868,9.64971927427571,FGSG_00330;FGSG_00743;FGSG_01422;FGSG_02271;FGSG_02272;FGSG_02461;FGSG_03061;FGSG_03546;FGSG_03548;FGSG_03894;FGSG_03992;FGSG_04458;FGSG_04589;FGSG_04590;FGSG_05610;FGSG_07075;FGSG_08601;FGSG_08712;FGSG_09012;FGSG_09456;FGSG_09834;FGSG_10347,1,uncharacterized protein,GO:0016491;GO:0046872;GO:0055114,6.191503254576845,14,-0.660115003826951,9.34954896530115e-05,0,0.6824949698189134
FGSG_02950,5,0.45007542146401947,2.1428982929762577,FGSG_00743;FGSG_03894;FGSG_04589;FGSG_10922;FGSG_12180,1,uncharacterized protein,GO:0016021,1.7138555935267294,4,-3.61765077538404,0.0020841015274928,1,0.6821596244131456
FGSG_12335,6,0.43475859226892155,2.5210702682084882,FGSG_02324;FGSG_02326;FGSG_02327;FGSG_03842;FGSG_08083;FGSG_13952,2,uncharacterized protein,GO:0016021;GO:0055085,2.5210702682084882,6,1.29905933767725,0.0008081831621948,1,0.6821596244131456
FGSG_04343,22,0.4815763247364658,9.669638950642446,FGSG_00330;FGSG_00743;FGSG_01422;FGSG_02271;FGSG_02272;FGSG_02461;FGSG_03061;FGSG_03546;FGSG_03548;FGSG_03894;FGSG_03992;FGSG_04458;FGSG_04589;FGSG_04590;FGSG_05610;FGSG_07075;FGSG_08601;FGSG_08712;FGSG_09012;FGSG_09456;FGSG_09834;FGSG_10347,1,"fructose-2,6-bisphosphatase",GO:0003873;GO:0004331;GO:0005524;GO:0006000;GO:0006003;GO:0006006;GO:0016311;GO:0046835,6.154846347265913,14,-0.378653317385018,0.0013784046295795,0,0.6814889336016096
FGSG_00490,22,0.4730340094045997,9.645643288880061,FGSG_00330;FGSG_00743;FGSG_01422;FGSG_02272;FGSG_02461;FGSG_03061;FGSG_03546;FGSG_03548;FGSG_03894;FGSG_03992;FGSG_04458;FGSG_04589;FGSG_04590;FGSG_05610;FGSG_08601;FGSG_08712;FGSG_08774;FGSG_09012;FGSG_09456;FGSG_09834;FGSG_10347;FGSG_12180,1,methylmalonate-semialdehyde dehydrogenase,GO:0004491;GO:0055114,6.152920790526526,14,-0.548818522119829,4.02404638250886e-06,0,0.6812877263581488
FGSG_07023,22,0.4749730837992105,9.600591742805301,FGSG_00330;FGSG_00743;FGSG_01422;FGSG_02272;FGSG_02461;FGSG_03061;FGSG_03546;FGSG_03548;FGSG_03894;FGSG_04458;FGSG_04589;FGSG_04590;FGSG_04593;FGSG_05610;FGSG_08601;FGSG_08712;FGSG_08774;FGSG_09012;FGSG_09456;FGSG_09834;FGSG_10347;FGSG_12180,1,uncharacterized protein,GO:0016831;GO:0019752;GO:0030170,6.143491390587082,14,-0.912288835104383,2.91515235118196e-06,0,0.6810865191146881
FGSG_06652,22,0.4703171837677577,9.604396481728262,FGSG_00330;FGSG_00743;FGSG_01422;FGSG_02271;FGSG_02272;FGSG_02461;FGSG_03061;FGSG_03546;FGSG_03548;FGSG_03894;FGSG_03992;FGSG_04458;FGSG_04589;FGSG_04590;FGSG_05610;FGSG_07075;FGSG_08601;FGSG_08712;FGSG_09012;FGSG_09456;FGSG_09834;FGSG_10347,1,uncharacterized protein,GO:0016021,6.1408312708689,14,-0.273327412484031,0.027880030712652,0,0.6806841046277665
FGSG_08973,6,0.41099030833444844,2.4406399618064514,FGSG_02325;FGSG_02326;FGSG_02327;FGSG_02328;FGSG_02329;FGSG_02903,2,uncharacterized protein,GO:0016021,2.4406399618064514,6,1.41134086221756,8.18899305187297e-19,1,0.6804828973843059
FGSG_05198,19,0.4718223870523874,8.237575036856938,FGSG_00330;FGSG_01422;FGSG_02272;FGSG_03061;FGSG_03546;FGSG_03547;FGSG_03548;FGSG_03992;FGSG_04458;FGSG_04590;FGSG_04591;FGSG_05610;FGSG_07075;FGSG_08601;FGSG_08712;FGSG_09280;FGSG_09456;FGSG_09834;FGSG_10347,1,NADH-quinone oxidoreductase chain 3,GO:0008137;GO:0009055;GO:0016020;GO:0042773;GO:0051536,6.140689639700544,14,-0.346068850324063,6.13832342376851e-06,0,0.6804828973843058
FGSG_12820,5,0.4375599482697254,2.1407909937192913,FGSG_02326;FGSG_02327;FGSG_02328;FGSG_02329;FGSG_11326,2,uncharacterized protein,,2.1407909937192913,5,1.60668705228095,0.0021360149006741,1,0.6800134138162307
FGSG_03360,6,0.42508321982173314,2.504764969692226,FGSG_02326;FGSG_02327;FGSG_02328;FGSG_02329;FGSG_08083;FGSG_13952,2,uncharacterized protein,GO:0016021;GO:0055085,2.504764969692226,6,1.29025681142436,0.0255578343463899,1,0.6794097920858484
FGSG_00380,20,0.4647718770986325,8.696177402422437,FGSG_00330;FGSG_00743;FGSG_01422;FGSG_02272;FGSG_02461;FGSG_03061;FGSG_03546;FGSG_03548;FGSG_03894;FGSG_03992;FGSG_04458;FGSG_04589;FGSG_04590;FGSG_05610;FGSG_08601;FGSG_08712;FGSG_09012;FGSG_09834;FGSG_10347;FGSG_12180,1,uncharacterized protein,GO:0005741;GO:0006511;GO:0016021;GO:0016579;GO:0036459,6.105675183968412,14,-0.497655173840507,0.0002173536642401,0,0.6792756539235412
FGSG_05854,30,0.5006163349802978,13.097490520233592,FGSG_00743;FGSG_00765;FGSG_01422;FGSG_02030;FGSG_02271;FGSG_02272;FGSG_02461;FGSG_02972;FGSG_03061;FGSG_03747;FGSG_03894;FGSG_04458;FGSG_04588;FGSG_04589;FGSG_04590;FGSG_04593;FGSG_05368;FGSG_05610;FGSG_08493;FGSG_08712;FGSG_08774;FGSG_09012;FGSG_10347;FGSG_10444;FGSG_10922;FGSG_10947;FGSG_11206;FGSG_12180;FGSG_12223;FGSG_13136,1,uncharacterized protein,GO:0003934;GO:0005634;GO:0005737;GO:0046654,6.088814771833026,14,-0.498481984407626,4.57010634993906e-06,0,0.678672032193159
FGSG_05471,7,0.4359684833616825,2.8984882604047986,FGSG_02324;FGSG_02325;FGSG_02326;FGSG_02327;FGSG_02328;FGSG_02903;FGSG_11326,2,uncharacterized protein,GO:0004190;GO:0006508;GO:0016021,2.8984882604047986,7,1.03331046527023,6.57332707371606e-55,1,0.6782025486250838
FGSG_09891,17,0.46741538824781664,7.317268224403937,FGSG_00330;FGSG_01422;FGSG_02272;FGSG_03061;FGSG_03546;FGSG_03547;FGSG_03548;FGSG_03992;FGSG_04458;FGSG_04590;FGSG_04591;FGSG_07075;FGSG_08601;FGSG_09280;FGSG_09456;FGSG_09834;FGSG_10347,1,arsenical pump-driving ATPase,GO:0000750;GO:0005085;GO:0005524;GO:0005634;GO:0005829;GO:0006620;GO:0006890;GO:0009408;GO:0010038;GO:0016887;GO:0042802;GO:0043529;GO:0043547;GO:0045048;GO:0046872;GO:0051082;GO:1990507,6.062867432211587,14,-0.729966084961254,2.06760352085883e-14,0,0.6780684104627765
FGSG_13868,21,0.4682957158043724,9.069907139289366,FGSG_00330;FGSG_01422;FGSG_02271;FGSG_02272;FGSG_02461;FGSG_03061;FGSG_03295;FGSG_03546;FGSG_03548;FGSG_03894;FGSG_03992;FGSG_04458;FGSG_04590;FGSG_05610;FGSG_07075;FGSG_08601;FGSG_08712;FGSG_09280;FGSG_09456;FGSG_09834;FGSG_10347,1,uncharacterized protein,GO:0016021,6.055950404556255,14,-0.959679018753089,3.93943869446386e-05,0,0.6776659959758551
FGSG_02899,20,0.46305798910175267,8.525941894344646,FGSG_00007;FGSG_01866;FGSG_02321;FGSG_02323;FGSG_02324;FGSG_02325;FGSG_02326;FGSG_02327;FGSG_02328;FGSG_02329;FGSG_03539;FGSG_03600;FGSG_03842;FGSG_08081;FGSG_08082;FGSG_08083;FGSG_08795;FGSG_09187;FGSG_11326;FGSG_13952,2,uncharacterized protein,,6.046078199909212,14,0.700101682975446,1.1318534294956e-05,0,0.6774647887323944
FGSG_02402,18,0.4701936691616147,7.682010506986803,FGSG_00330;FGSG_00743;FGSG_01422;FGSG_02272;FGSG_03061;FGSG_03546;FGSG_03547;FGSG_03548;FGSG_03894;FGSG_03992;FGSG_04458;FGSG_04589;FGSG_04591;FGSG_05610;FGSG_08601;FGSG_08712;FGSG_09834;FGSG_10347,1,uncharacterized protein,GO:0016021,6.045744134130131,14,-0.943183162091437,2.74332472922153e-22,0,0.6772635814889335
FGSG_12341,19,0.46241698685485927,8.083223829409677,FGSG_00330;FGSG_00743;FGSG_01422;FGSG_02272;FGSG_03061;FGSG_03546;FGSG_03547;FGSG_03548;FGSG_03894;FGSG_03992;FGSG_04458;FGSG_04589;FGSG_04591;FGSG_05610;FGSG_08601;FGSG_08712;FGSG_09456;FGSG_09834;FGSG_10347,1,uncharacterized protein,GO:0003333;GO:0004497;GO:0005506;GO:0015171;GO:0016021;GO:0016705;GO:0020037;GO:0055114,6.0423785619560855,14,-0.860601412209422,0.000412259718511,0,0.676861167002012
FGSG_05713,21,0.4873851342874897,9.045538669343877,FGSG_00330;FGSG_00743;FGSG_01422;FGSG_02272;FGSG_02461;FGSG_03061;FGSG_03546;FGSG_03548;FGSG_03894;FGSG_04458;FGSG_04589;FGSG_04590;FGSG_05610;FGSG_08601;FGSG_08712;FGSG_08774;FGSG_09012;FGSG_09834;FGSG_10347;FGSG_10922;FGSG_12180,1,threonine synthase,GO:0004795;GO:0009088,5.988905633304716,14,-0.460945229207001,1.60827755080592e-06,0,0.676056338028169
FGSG_20650,13,0.45432399337696855,5.546105569011973,FGSG_00743;FGSG_01422;FGSG_02272;FGSG_02461;FGSG_03061;FGSG_03894;FGSG_04458;FGSG_05610;FGSG_08774;FGSG_09012;FGSG_09456;FGSG_09834;FGSG_10347,1,tRNA-Ala,,2.5772236453729827,6,-1.09858011272417,0.0208936369463883,1,0.675720992622401
FGSG_11716,26,0.4493229006497398,10.985377881702105,FGSG_00007;FGSG_01866;FGSG_02255;FGSG_02320;FGSG_02321;FGSG_02323;FGSG_02324;FGSG_02325;FGSG_02326;FGSG_02327;FGSG_02328;FGSG_02329;FGSG_02903;FGSG_03532;FGSG_03543;FGSG_03842;FGSG_03881;FGSG_08078;FGSG_08083;FGSG_08795;FGSG_09064;FGSG_09187;FGSG_10670;FGSG_11326;FGSG_12211;FGSG_13952,2,uncharacterized protein,GO:0005524,5.976680057519806,14,0.575949617828883,0.0001183421047942,0,0.6756539235412474
FGSG_07688,19,0.4589996872989599,8.02345136077022,FGSG_01866;FGSG_02320;FGSG_02321;FGSG_02323;FGSG_02324;FGSG_02325;FGSG_02326;FGSG_02327;FGSG_02328;FGSG_02329;FGSG_02903;FGSG_03842;FGSG_03881;FGSG_08083;FGSG_08795;FGSG_09187;FGSG_10670;FGSG_11326;FGSG_13952,2,uncharacterized protein,,5.965495888588814,14,0.716063917723007,1.83100770113241e-07,0,0.6754527162977867
FGSG_01830,27,0.45147412211933957,11.442427312442257,FGSG_00007;FGSG_01866;FGSG_02255;FGSG_02321;FGSG_02323;FGSG_02324;FGSG_02325;FGSG_02326;FGSG_02327;FGSG_02328;FGSG_02329;FGSG_03532;FGSG_03539;FGSG_03541;FGSG_03543;FGSG_03600;FGSG_03842;FGSG_03881;FGSG_08081;FGSG_08082;FGSG_08083;FGSG_08084;FGSG_08795;FGSG_09064;FGSG_09187;FGSG_11326;FGSG_13952,2,uncharacterized protein,GO:0045735,5.954534851882506,14,0.772339560681712,6.43542132828246e-06,0,0.675251509054326
FGSG_08797,6,0.43498445921043016,2.551094027703027,FGSG_02324;FGSG_02326;FGSG_02327;FGSG_02328;FGSG_02329;FGSG_11326,2,uncharacterized protein,GO:0004553;GO:0005975;GO:0030246,2.551094027703027,6,1.15113589435817,0.0024788411787729,1,0.6751173708920188
FGSG_08398,26,0.4503772996268609,10.937695659130268,FGSG_00007;FGSG_01866;FGSG_02255;FGSG_02320;FGSG_02321;FGSG_02323;FGSG_02324;FGSG_02325;FGSG_02326;FGSG_02327;FGSG_02328;FGSG_02329;FGSG_02903;FGSG_03532;FGSG_03543;FGSG_03842;FGSG_03881;FGSG_08081;FGSG_08083;FGSG_08795;FGSG_09064;FGSG_09187;FGSG_10670;FGSG_11326;FGSG_12211;FGSG_13952,2,glucosamine-6-phosphate isomerase,GO:0004342;GO:0005975;GO:0006044;GO:0016787,5.953227239743991,14,0.495887051350428,1.67966053581069e-08,0,0.6750503018108651
FGSG_13638,21,0.4761025980086146,9.414865502086531,FGSG_00330;FGSG_00743;FGSG_01422;FGSG_02272;FGSG_02461;FGSG_03061;FGSG_03546;FGSG_03548;FGSG_03894;FGSG_03992;FGSG_04458;FGSG_04589;FGSG_04590;FGSG_05610;FGSG_08601;FGSG_08712;FGSG_08774;FGSG_09012;FGSG_09456;FGSG_09834;FGSG_10347,1,uncharacterized protein,,5.858898785300873,13,-0.583549859220585,0.0001711086762959,0,0.6744466800804829
FGSG_05122,21,0.47432098824874636,9.331492396811822,FGSG_00330;FGSG_00743;FGSG_01422;FGSG_02272;FGSG_02461;FGSG_03061;FGSG_03546;FGSG_03548;FGSG_03894;FGSG_03992;FGSG_04458;FGSG_04589;FGSG_04590;FGSG_05610;FGSG_08601;FGSG_08712;FGSG_08774;FGSG_09012;FGSG_09456;FGSG_09834;FGSG_10347,1,uncharacterized protein,GO:0016491;GO:0055114,5.816299477841273,13,-0.7969490734836,0.0007993105992344,0,0.6742454728370221
FGSG_07101,21,0.47614835019363533,9.333067512175159,FGSG_00330;FGSG_00743;FGSG_01422;FGSG_02271;FGSG_02272;FGSG_02461;FGSG_03061;FGSG_03546;FGSG_03548;FGSG_03894;FGSG_03992;FGSG_04458;FGSG_04590;FGSG_05610;FGSG_07075;FGSG_08601;FGSG_08712;FGSG_09012;FGSG_09456;FGSG_09834;FGSG_10347,1,translation initiation factor RLI1,GO:0000054;GO:0003743;GO:0005506;GO:0005524;GO:0005634;GO:0006413;GO:0006415;GO:0016887;GO:0022626;GO:0032790;GO:0034599;GO:0042273,5.787793735692117,13,-0.303800751100185,0.0005728752550662,0,0.6740442655935613
FGSG_09123,7,0.4414177908691528,2.9888557210053412,FGSG_02321;FGSG_02326;FGSG_02327;FGSG_02328;FGSG_02329;FGSG_08083;FGSG_11326,2,uncharacterized protein,GO:0000981;GO:0003677;GO:0005634;GO:0006351;GO:0006357;GO:0008270;GO:0016021,2.58857810122448,6,1.06497259878492,1.22895655193945e-05,1,0.6737089201877935
FGSG_06595,13,0.4518038510625678,5.555897085681569,FGSG_01422;FGSG_02271;FGSG_02272;FGSG_02461;FGSG_03061;FGSG_03295;FGSG_04458;FGSG_04590;FGSG_05610;FGSG_07075;FGSG_07528;FGSG_09456;FGSG_09834,1,uncharacterized protein,,2.580215431293001,6,-1.07023300452352,9.985155865364311e-17,1,0.6735077129443328
FGSG_12035,16,0.46917356673114463,7.010967537052984,FGSG_00330;FGSG_01422;FGSG_03546;FGSG_03547;FGSG_03548;FGSG_03992;FGSG_04458;FGSG_04589;FGSG_04590;FGSG_04591;FGSG_08601;FGSG_08712;FGSG_09280;FGSG_09456;FGSG_09834;FGSG_10347,1,uncharacterized protein,GO:0000462;GO:0001732;GO:0003743;GO:0003924;GO:0005525;GO:0005739;GO:0006446;GO:0022627;GO:0031369;GO:0042255;GO:0043022,5.7705997021584325,13,-0.566197634828677,1.3392700306322598e-11,0,0.673440643863179
FGSG_02046,21,0.4840416081909867,9.292304811165451,FGSG_00330;FGSG_00743;FGSG_01422;FGSG_02271;FGSG_02272;FGSG_02461;FGSG_03061;FGSG_03546;FGSG_03548;FGSG_03894;FGSG_03992;FGSG_04458;FGSG_04590;FGSG_05610;FGSG_07075;FGSG_08601;FGSG_08712;FGSG_09012;FGSG_09456;FGSG_09834;FGSG_10347,1,uncharacterized protein,,5.754879711888048,13,-0.653222841042046,0.0071054072223457,0,0.6732394366197183
FGSG_13398,21,0.46156660817188366,9.202696429629047,FGSG_00330;FGSG_00743;FGSG_01422;FGSG_02272;FGSG_02461;FGSG_03061;FGSG_03546;FGSG_03548;FGSG_03894;FGSG_03992;FGSG_04458;FGSG_04589;FGSG_04590;FGSG_05610;FGSG_08601;FGSG_08712;FGSG_08774;FGSG_09012;FGSG_09456;FGSG_09834;FGSG_10347,1,3-ketoacyl-CoA thiolase B,GO:0008152;GO:0016747,5.747979609496829,13,-0.898377885710631,4.1476211030201706e-09,0,0.6730382293762575
FGSG_07592,21,0.46763441402403744,9.241855122745728,FGSG_00330;FGSG_00743;FGSG_01422;FGSG_02271;FGSG_02272;FGSG_02461;FGSG_03061;FGSG_03546;FGSG_03548;FGSG_03894;FGSG_03992;FGSG_04458;FGSG_04590;FGSG_05610;FGSG_07075;FGSG_08601;FGSG_08712;FGSG_09012;FGSG_09456;FGSG_09834;FGSG_10347,1,uncharacterized protein,GO:0008080,5.7465679230668725,13,-0.940359001082701,0.0012198663348962,0,0.6728370221327967
FGSG_08329,21,0.47310880764212665,9.26702675363561,FGSG_00330;FGSG_00743;FGSG_01422;FGSG_02271;FGSG_02272;FGSG_02461;FGSG_03061;FGSG_03546;FGSG_03548;FGSG_03894;FGSG_03992;FGSG_04458;FGSG_04590;FGSG_05610;FGSG_07075;FGSG_08601;FGSG_08712;FGSG_09012;FGSG_09456;FGSG_09834;FGSG_10347,1,uncharacterized protein,GO:0004077;GO:0005634;GO:0009305;GO:0071734,5.736748036691853,13,-0.618213082560877,3.89915665694637e-05,0,0.672635814889336
FGSG_00425,20,0.4550356348145543,8.766855715618757,FGSG_00330;FGSG_00743;FGSG_01422;FGSG_02272;FGSG_02461;FGSG_03061;FGSG_03546;FGSG_03548;FGSG_03894;FGSG_03992;FGSG_04458;FGSG_04589;FGSG_04590;FGSG_05610;FGSG_08601;FGSG_08712;FGSG_09012;FGSG_09456;FGSG_09834;FGSG_10347,1,uncharacterized protein,GO:0006457;GO:0007021,5.730710067272649,13,-0.470660218436176,4.39050816005504e-05,0,0.6724346076458753
FGSG_12999,20,0.4773393594133511,8.817117855522268,FGSG_00330;FGSG_00743;FGSG_01422;FGSG_02271;FGSG_02272;FGSG_02461;FGSG_03061;FGSG_03546;FGSG_03548;FGSG_03894;FGSG_03992;FGSG_04458;FGSG_04590;FGSG_05610;FGSG_07075;FGSG_08601;FGSG_08712;FGSG_09456;FGSG_09834;FGSG_10347,1,uncharacterized protein,,5.728406210327045,13,-0.675363199254907,1.19950679675429e-06,0,0.6722334004024144
FGSG_20022,12,0.4845197075029485,5.288095739097714,FGSG_00743;FGSG_01422;FGSG_02271;FGSG_02272;FGSG_02461;FGSG_03061;FGSG_03894;FGSG_04588;FGSG_05368;FGSG_05610;FGSG_08774;FGSG_09012,1,5S ribosomal RNA,,1.8084390836197712,4,-2.17993418877967,0.0001099098435133,1,0.6721663313212609
FGSG_03989,20,0.4544871584118697,8.740520223359695,FGSG_00330;FGSG_00743;FGSG_01422;FGSG_02272;FGSG_02461;FGSG_03061;FGSG_03546;FGSG_03548;FGSG_03894;FGSG_03992;FGSG_04458;FGSG_04589;FGSG_04590;FGSG_05610;FGSG_08601;FGSG_08712;FGSG_09012;FGSG_09456;FGSG_09834;FGSG_10347,1,uncharacterized protein,GO:0008152;GO:0016787,5.7245596900650835,13,-0.850748845943757,0.0025504151089919,0,0.6720321931589537
FGSG_03688,18,0.46783248789033843,7.806160673946224,FGSG_00330;FGSG_01422;FGSG_02272;FGSG_03061;FGSG_03546;FGSG_03547;FGSG_03548;FGSG_03992;FGSG_04458;FGSG_04590;FGSG_05610;FGSG_07075;FGSG_08601;FGSG_08712;FGSG_09280;FGSG_09456;FGSG_09834;FGSG_10347,1,uncharacterized protein,GO:0016021,5.721889993852051,13,-0.363736786510979,0.0012597191389763,0,0.671830985915493
FGSG_06387,20,0.467594954883533,8.718204170229964,FGSG_00330;FGSG_01422;FGSG_02272;FGSG_02461;FGSG_03061;FGSG_03546;FGSG_03548;FGSG_03894;FGSG_03992;FGSG_04458;FGSG_04590;FGSG_05610;FGSG_07075;FGSG_08601;FGSG_08712;FGSG_09012;FGSG_09280;FGSG_09456;FGSG_09834;FGSG_10347,1,uncharacterized protein,GO:0004852;GO:0006783,5.721222689764934,13,-0.659365626364075,3.38484237401502e-07,0,0.6716297786720321
FGSG_08138,6,0.4253496860326565,2.483774849879722,FGSG_02325;FGSG_02326;FGSG_02327;FGSG_02328;FGSG_02329;FGSG_11326,2,uncharacterized protein,GO:0046872,2.483774849879722,6,1.25166945680529,6.19844475201451e-39,1,0.671495640509725
FGSG_00320,22,0.46232541331865407,9.582765887086536,FGSG_00330;FGSG_00743;FGSG_01422;FGSG_02272;FGSG_02461;FGSG_03061;FGSG_03546;FGSG_03548;FGSG_03894;FGSG_03992;FGSG_04458;FGSG_04590;FGSG_05610;FGSG_05843;FGSG_07075;FGSG_08601;FGSG_08712;FGSG_09012;FGSG_09280;FGSG_09456;FGSG_09834;FGSG_10347,1,uncharacterized protein,GO:0016491;GO:0055114,5.720572893785531,13,-0.440003387292569,1.45639658000937e-05,0,0.6714285714285714
FGSG_00589,20,0.45930984553132936,8.728059314206192,FGSG_00330;FGSG_00743;FGSG_01422;FGSG_02272;FGSG_02461;FGSG_03061;FGSG_03546;FGSG_03548;FGSG_03894;FGSG_03992;FGSG_04458;FGSG_04589;FGSG_04590;FGSG_05610;FGSG_08601;FGSG_08712;FGSG_09012;FGSG_09456;FGSG_09834;FGSG_10347,1,ribulose-phosphate 3-epimerase,GO:0004750;GO:0005506;GO:0005975;GO:0006098;GO:0016706;GO:0031418;GO:0055114,5.718179849558034,13,-0.951663381159769,1.49222509812625e-12,0,0.6712273641851106
FGSG_04232,21,0.4733143762800857,9.141577642939861,FGSG_00330;FGSG_00743;FGSG_01422;FGSG_02272;FGSG_02461;FGSG_03061;FGSG_03546;FGSG_03548;FGSG_03894;FGSG_04458;FGSG_04589;FGSG_04590;FGSG_05610;FGSG_08601;FGSG_08712;FGSG_08774;FGSG_09012;FGSG_09456;FGSG_09834;FGSG_10347;FGSG_12180,1,UDP-glucose 6-dehydrogenase,GO:0000271;GO:0003979;GO:0051287;GO:0055114,5.715141871936584,13,-0.336806300644862,1.45680706046912e-05,0,0.6710261569416499
FGSG_13580,21,0.4681812938277963,9.200995153052759,FGSG_00330;FGSG_00743;FGSG_01422;FGSG_02272;FGSG_02461;FGSG_03061;FGSG_03546;FGSG_03548;FGSG_03894;FGSG_03992;FGSG_04458;FGSG_04589;FGSG_04590;FGSG_05610;FGSG_08601;FGSG_08712;FGSG_08774;FGSG_09012;FGSG_09456;FGSG_09834;FGSG_10347,1,uncharacterized protein,,5.705926970494139,13,-0.281908211038688,0.196109290716578,0,0.6704225352112675
FGSG_07535,21,0.48751225412188254,9.251012147211323,FGSG_00330;FGSG_00743;FGSG_01422;FGSG_02271;FGSG_02272;FGSG_02461;FGSG_03061;FGSG_03546;FGSG_03548;FGSG_03894;FGSG_03992;FGSG_04458;FGSG_04590;FGSG_05610;FGSG_07075;FGSG_08601;FGSG_08712;FGSG_09012;FGSG_09456;FGSG_09834;FGSG_10347,1,uncharacterized protein,GO:0016740,5.693210849901916,13,-0.271588702340541,0.0342510284867324,0,0.670020120724346
FGSG_05327,21,0.4855458555222948,9.188463718977255,FGSG_00330;FGSG_00743;FGSG_01422;FGSG_02272;FGSG_02461;FGSG_03061;FGSG_03546;FGSG_03548;FGSG_03894;FGSG_04458;FGSG_04589;FGSG_04590;FGSG_05610;FGSG_08601;FGSG_08712;FGSG_08774;FGSG_09012;FGSG_09456;FGSG_09834;FGSG_10347;FGSG_12180,1,NAM9 protein,GO:0003735;GO:0005763;GO:0019843;GO:0032543,5.689346717700764,13,-0.4297726008883,0.0003400144016039,0,0.6698189134808853
FGSG_11251,5,0.43580195060657173,2.1176092331632246,FGSG_02326;FGSG_02327;FGSG_02328;FGSG_02329;FGSG_11326,2,uncharacterized protein,,2.1176092331632246,5,1.48614498147338,8.82541609873485e-08,1,0.6694164989939637
FGSG_08760,30,0.49521922757462367,13.083553088417473,FGSG_00175;FGSG_00330;FGSG_00743;FGSG_01422;FGSG_02030;FGSG_02271;FGSG_02272;FGSG_02461;FGSG_02782;FGSG_03061;FGSG_03295;FGSG_03548;FGSG_03894;FGSG_03992;FGSG_04458;FGSG_04590;FGSG_05610;FGSG_05843;FGSG_06055;FGSG_06257;FGSG_07075;FGSG_07528;FGSG_08712;FGSG_08774;FGSG_09012;FGSG_09280;FGSG_09456;FGSG_09834;FGSG_10347;FGSG_13136,1,cytochrome c oxidase assembly protein COX15,GO:0005739;GO:0006784;GO:0016021;GO:0016627;GO:0055114,5.6852784669503516,13,-0.878874124781792,3.5059904847259e-18,0,0.6694164989939637
FGSG_09330,21,0.48270067811840744,9.184299469741719,FGSG_00330;FGSG_00743;FGSG_01422;FGSG_02272;FGSG_02461;FGSG_03061;FGSG_03546;FGSG_03548;FGSG_03894;FGSG_04458;FGSG_04589;FGSG_04590;FGSG_05610;FGSG_08601;FGSG_08712;FGSG_08774;FGSG_09012;FGSG_09456;FGSG_09834;FGSG_10347;FGSG_12180,1,uncharacterized protein,GO:0016021,5.682463696387756,13,-0.943642891599204,3.72930160869999e-05,0,0.669215291750503
FGSG_06196,21,0.46836454543462935,9.09359954792181,FGSG_00330;FGSG_00743;FGSG_01422;FGSG_02272;FGSG_02461;FGSG_03061;FGSG_03546;FGSG_03548;FGSG_03894;FGSG_04458;FGSG_04589;FGSG_04590;FGSG_05610;FGSG_08601;FGSG_08712;FGSG_08774;FGSG_09012;FGSG_09456;FGSG_09834;FGSG_10347;FGSG_12180,1,uncharacterized protein,,5.679205629117394,13,-0.404254211051117,0.0138602873445726,0,0.6686116700201207
FGSG_04351,22,0.47895080022920533,9.610934372787225,FGSG_00330;FGSG_00743;FGSG_01422;FGSG_02271;FGSG_02272;FGSG_02461;FGSG_03061;FGSG_03546;FGSG_03548;FGSG_03894;FGSG_03992;FGSG_04458;FGSG_04590;FGSG_05610;FGSG_07075;FGSG_08601;FGSG_08712;FGSG_08774;FGSG_09012;FGSG_09456;FGSG_09834;FGSG_10347,1,uncharacterized protein,GO:0043130,5.678724112280634,13,-0.348135802689627,0.0053606405966687,0,0.6684104627766599
FGSG_00665,20,0.47180106913812403,8.690618359480924,FGSG_00330;FGSG_00743;FGSG_01422;FGSG_02272;FGSG_02461;FGSG_03061;FGSG_03546;FGSG_03548;FGSG_03894;FGSG_04458;FGSG_04589;FGSG_04590;FGSG_05610;FGSG_08601;FGSG_08712;FGSG_08774;FGSG_09012;FGSG_09834;FGSG_10347;FGSG_12180,1,uncharacterized protein,GO:0002943;GO:0005634;GO:0005737;GO:0017150;GO:0046872;GO:0050660;GO:0055114,5.676919375174571,13,-0.934884434378381,7.46292932815378e-05,0,0.6682092555331992
FGSG_03589,21,0.46310883361257577,8.967230862494011,FGSG_00007;FGSG_01866;FGSG_02321;FGSG_02323;FGSG_02324;FGSG_02325;FGSG_02326;FGSG_02327;FGSG_02328;FGSG_02329;FGSG_03539;FGSG_03541;FGSG_03600;FGSG_03842;FGSG_03881;FGSG_08081;FGSG_08082;FGSG_08083;FGSG_09187;FGSG_11326;FGSG_13952,2,uncharacterized protein,GO:0008152;GO:0016021;GO:0016874,5.670063247626809,13,0.997259494221661,8.84066785596592e-07,0,0.6678068410462776
FGSG_00335,19,0.4642610641921452,8.258560119629683,FGSG_00330;FGSG_00743;FGSG_01422;FGSG_02272;FGSG_02461;FGSG_03061;FGSG_03546;FGSG_03548;FGSG_03894;FGSG_04458;FGSG_04589;FGSG_04590;FGSG_05610;FGSG_08601;FGSG_08712;FGSG_09012;FGSG_09834;FGSG_10347;FGSG_12180,1,uncharacterized protein,GO:0000166;GO:0001068;GO:0005634;GO:0008143;GO:0030847;GO:0031124;GO:0031126;GO:0034472;GO:0035649;GO:0042780;GO:0071028;GO:0071034;GO:0071041,5.665912993607945,13,-0.735626718457449,6.86510658460194e-07,0,0.6674044265593561
FGSG_09140,20,0.45859143419178944,8.630260393709376,FGSG_00330;FGSG_00743;FGSG_01422;FGSG_02272;FGSG_02461;FGSG_03061;FGSG_03546;FGSG_03548;FGSG_03894;FGSG_03992;FGSG_04458;FGSG_04589;FGSG_04590;FGSG_05610;FGSG_08601;FGSG_08712;FGSG_09012;FGSG_09456;FGSG_09834;FGSG_10347,1,uncharacterized protein,GO:0008080;GO:0016884,5.662483745017093,13,-0.692776081265791,3.2377215929589604e-09,0,0.6672032193158953
FGSG_02464,31,0.49841119317874755,13.530236876719004,FGSG_00743;FGSG_00765;FGSG_01422;FGSG_01621;FGSG_02030;FGSG_02271;FGSG_02272;FGSG_02461;FGSG_03061;FGSG_03747;FGSG_03894;FGSG_04458;FGSG_04588;FGSG_04589;FGSG_04590;FGSG_04593;FGSG_05368;FGSG_05610;FGSG_07075;FGSG_08493;FGSG_08712;FGSG_08774;FGSG_09012;FGSG_10347;FGSG_10922;FGSG_10947;FGSG_11206;FGSG_12180;FGSG_12222;FGSG_12223;FGSG_13136,1,uncharacterized protein,,5.656961290603215,13,-0.591717547909318,2.33447071456508e-12,0,0.6668008048289739
FGSG_01354,20,0.4816775461967869,8.727689827637507,FGSG_00330;FGSG_00743;FGSG_01422;FGSG_02272;FGSG_02461;FGSG_03061;FGSG_03546;FGSG_03548;FGSG_03894;FGSG_04458;FGSG_04589;FGSG_04590;FGSG_05610;FGSG_08601;FGSG_08712;FGSG_08774;FGSG_09012;FGSG_09834;FGSG_10347;FGSG_12180,1,uncharacterized protein,GO:0004402;GO:0005829;GO:0006281;GO:0008270;GO:0016573;GO:0032777;GO:0035064;GO:1900404;GO:2000873,5.655368156461262,13,-0.332408990609806,0.0028234393808562,0,0.6663983903420523
FGSG_08851,21,0.46631405564146955,9.137643877559034,FGSG_00330;FGSG_01422;FGSG_02271;FGSG_02272;FGSG_02461;FGSG_03061;FGSG_03295;FGSG_03546;FGSG_03548;FGSG_03894;FGSG_03992;FGSG_04458;FGSG_04590;FGSG_05610;FGSG_07075;FGSG_07528;FGSG_08601;FGSG_08712;FGSG_09456;FGSG_09834;FGSG_10347,1,2-methylcitrate dehydratase,GO:0019629;GO:0047547;GO:0051537,5.654291742809727,13,-0.748147587653892,2.7017999994573302e-17,0,0.6661971830985914
FGSG_02787,20,0.4630265718625649,8.603416068129507,FGSG_00330;FGSG_01422;FGSG_02272;FGSG_02461;FGSG_03061;FGSG_03546;FGSG_03548;FGSG_03894;FGSG_03992;FGSG_04458;FGSG_04590;FGSG_05610;FGSG_07075;FGSG_08601;FGSG_08712;FGSG_09012;FGSG_09280;FGSG_09456;FGSG_09834;FGSG_10347,1,uncharacterized protein,GO:0000981;GO:0003677;GO:0005634;GO:0006351;GO:0006357;GO:0008270;GO:0016021,5.646656305802317,13,-0.614026147686374,2.54970286314993e-07,0,0.6651911468812877
FGSG_13615,34,0.4934090321201889,14.872430735237451,FGSG_00743;FGSG_00765;FGSG_01422;FGSG_01621;FGSG_02030;FGSG_02271;FGSG_02272;FGSG_02461;FGSG_02782;FGSG_03061;FGSG_03894;FGSG_04309;FGSG_04458;FGSG_04588;FGSG_04589;FGSG_04590;FGSG_04593;FGSG_05368;FGSG_05610;FGSG_06506;FGSG_07075;FGSG_07528;FGSG_08712;FGSG_08774;FGSG_09012;FGSG_09456;FGSG_09834;FGSG_10347;FGSG_10922;FGSG_10947;FGSG_11206;FGSG_12180;FGSG_12223;FGSG_13136,1,uncharacterized protein,,5.645870298875709,13,-0.854528895246874,1.552355841813e-09,0,0.6645875251509054
FGSG_11339,10,0.4489790282583542,4.2361815448652544,FGSG_00007;FGSG_01866;FGSG_02327;FGSG_03539;FGSG_03842;FGSG_03881;FGSG_08081;FGSG_08082;FGSG_08083;FGSG_13952,2,uncharacterized protein,GO:0016021;GO:0022891;GO:0055085,2.1405389284455762,5,1.32185752782406,0.0074022104605495,1,0.6645204560697517
FGSG_02229,20,0.4595795662890244,8.655272941741108,FGSG_00330;FGSG_00743;FGSG_01422;FGSG_02272;FGSG_02461;FGSG_03061;FGSG_03546;FGSG_03548;FGSG_03894;FGSG_04458;FGSG_04589;FGSG_04590;FGSG_05610;FGSG_08601;FGSG_08712;FGSG_09012;FGSG_09456;FGSG_09834;FGSG_10347;FGSG_12180,1,uncharacterized protein,GO:0003333;GO:0015171;GO:0016021,5.645206421014343,13,-0.875966593460347,0.0187466384740571,0,0.6643863179074446
FGSG_01277,33,0.49555236758673465,14.484462331593233,FGSG_00743;FGSG_00765;FGSG_01422;FGSG_01621;FGSG_02030;FGSG_02271;FGSG_02272;FGSG_02461;FGSG_03061;FGSG_03894;FGSG_04309;FGSG_04458;FGSG_04588;FGSG_04589;FGSG_04590;FGSG_04593;FGSG_05368;FGSG_05610;FGSG_07075;FGSG_07528;FGSG_08493;FGSG_08712;FGSG_08774;FGSG_09012;FGSG_09456;FGSG_09834;FGSG_10347;FGSG_10922;FGSG_10947;FGSG_11206;FGSG_12180;FGSG_12223;FGSG_13136,1,uncharacterized protein,,5.644472678711492,13,-0.473971109574156,1.41912051031764e-08,0,0.663983903420523
FGSG_09232,33,0.49723168116976657,14.420175570816626,FGSG_00743;FGSG_00765;FGSG_01422;FGSG_01621;FGSG_02030;FGSG_02271;FGSG_02272;FGSG_02461;FGSG_03061;FGSG_03894;FGSG_04309;FGSG_04458;FGSG_04588;FGSG_04589;FGSG_04590;FGSG_04593;FGSG_05368;FGSG_05610;FGSG_07075;FGSG_07528;FGSG_08493;FGSG_08712;FGSG_08774;FGSG_09012;FGSG_09456;FGSG_09834;FGSG_10347;FGSG_10922;FGSG_10947;FGSG_11206;FGSG_12180;FGSG_12223;FGSG_13136,1,uncharacterized protein,GO:0005267;GO:0016021;GO:0071805,5.64299165971326,13,-0.649654118071477,1.95155278955774e-08,0,0.6637826961770623
FGSG_06989,9,0.4658892340370458,3.8073454474915125,FGSG_00743;FGSG_02972;FGSG_03747;FGSG_03894;FGSG_05610;FGSG_08493;FGSG_08774;FGSG_10444;FGSG_10922,1,uncharacterized protein,GO:0043531,1.7290641025821043,4,-2.17782453857459,0.0001401533132151,1,0.6637826961770623
FGSG_09161,6,0.42083212799956554,2.482674762721955,FGSG_02324;FGSG_02325;FGSG_02326;FGSG_02327;FGSG_02328;FGSG_02329,2,uncharacterized protein,,2.482674762721955,6,1.13310381190854,0.0252758092636066,1,0.6636485580147553
FGSG_09927,22,0.471280378728429,9.523236910131581,FGSG_00330;FGSG_00743;FGSG_01422;FGSG_02271;FGSG_02272;FGSG_02461;FGSG_03061;FGSG_03546;FGSG_03548;FGSG_03894;FGSG_03992;FGSG_04458;FGSG_04590;FGSG_05610;FGSG_07075;FGSG_07528;FGSG_08601;FGSG_08712;FGSG_09012;FGSG_09456;FGSG_09834;FGSG_10347,1,import receptor,GO:0005741;GO:0006886;GO:0015450;GO:0016021;GO:0071806,5.64184366081114,13,-0.290900714610096,0.0002504528251741,0,0.6635814889336016
FGSG_05156,18,0.45382970361187264,7.8309019112593035,FGSG_00330;FGSG_00743;FGSG_01422;FGSG_02272;FGSG_02461;FGSG_03061;FGSG_03546;FGSG_03548;FGSG_03894;FGSG_03992;FGSG_04458;FGSG_04589;FGSG_04590;FGSG_05610;FGSG_08601;FGSG_08712;FGSG_09834;FGSG_10347,1,orotidine 5'-phosphate decarboxylase,GO:0003677;GO:0004590;GO:0005634;GO:0005829;GO:0006207;GO:0006222;GO:0006351;GO:0008270,5.639860926615767,13,-0.353252163423818,0.0003769296997794,0,0.66317907444668
FGSG_06180,21,0.48465947655798436,9.154706060579294,FGSG_00330;FGSG_00743;FGSG_01422;FGSG_02271;FGSG_02272;FGSG_02461;FGSG_03061;FGSG_03546;FGSG_03548;FGSG_03894;FGSG_03992;FGSG_04458;FGSG_04590;FGSG_05610;FGSG_07075;FGSG_08601;FGSG_08712;FGSG_09012;FGSG_09456;FGSG_09834;FGSG_10347,1,uncharacterized protein,,5.63953578235857,13,-0.217630619672864,0.0891164999290161,0,0.6629778672032193
FGSG_10856,22,0.4754246356693501,9.527592815919009,FGSG_00330;FGSG_01422;FGSG_02271;FGSG_02272;FGSG_02461;FGSG_03061;FGSG_03295;FGSG_03546;FGSG_03548;FGSG_03894;FGSG_03992;FGSG_04458;FGSG_04590;FGSG_05610;FGSG_07075;FGSG_07528;FGSG_08601;FGSG_08712;FGSG_09012;FGSG_09456;FGSG_09834;FGSG_10347,1,uncharacterized protein,GO:0000147;GO:0005524;GO:0005829;GO:0005885;GO:0030041;GO:0030479;GO:0032153;GO:0034314;GO:0051285;GO:0051666;GO:1903475,5.636904523152586,13,-0.309028696522098,8.4686130920355e-05,0,0.6625754527162978
FGSG_07300,21,0.46607180025148803,9.063281146955994,FGSG_00330;FGSG_01422;FGSG_02271;FGSG_02272;FGSG_02461;FGSG_03061;FGSG_03295;FGSG_03546;FGSG_03548;FGSG_03992;FGSG_04458;FGSG_04590;FGSG_05610;FGSG_07075;FGSG_07528;FGSG_08601;FGSG_08712;FGSG_09280;FGSG_09456;FGSG_09834;FGSG_10347,1,uncharacterized protein,,5.632524370086737,13,-0.57762105701382,5.3905191948409e-05,0,0.662374245472837
FGSG_08770,15,0.4608461249830816,6.4514791945098064,FGSG_00330;FGSG_01422;FGSG_03546;FGSG_03547;FGSG_03548;FGSG_03992;FGSG_04458;FGSG_04589;FGSG_04590;FGSG_04591;FGSG_08601;FGSG_08712;FGSG_09280;FGSG_09834;FGSG_10347,1,uncharacterized protein,,5.625949461183285,13,-0.642064172343888,1.16003910482202e-05,0,0.6617706237424548
FGSG_11021,9,0.4336951944932267,3.7461512578143066,FGSG_02320;FGSG_02321;FGSG_02326;FGSG_02327;FGSG_02328;FGSG_02329;FGSG_03574;FGSG_10670;FGSG_11326,2,uncharacterized protein,,2.515353887080727,6,1.0680545622435,4.67430916505135e-20,1,0.6615023474178403
FGSG_04067,21,0.49336500997213567,9.165447837244445,FGSG_00330;FGSG_00743;FGSG_01422;FGSG_02272;FGSG_02461;FGSG_03061;FGSG_03546;FGSG_03548;FGSG_03894;FGSG_04458;FGSG_04589;FGSG_04590;FGSG_05610;FGSG_08601;FGSG_08712;FGSG_08774;FGSG_09012;FGSG_09456;FGSG_09834;FGSG_10347;FGSG_12180,1,uncharacterized protein,GO:0005840,5.617686460089881,13,-0.478593793473434,0.003675285011056,0,0.6609657947686116
FGSG_07766,4,0.4171884895195543,1.6400183039285954,FGSG_02324;FGSG_02325;FGSG_02327;FGSG_02903,2,uncharacterized protein,,1.6400183039285954,4,5.98668913191758,5.66089286461662e-05,1,0.6607645875251509
FGSG_01701,24,0.46048166538135893,10.218386082719595,FGSG_00007;FGSG_01866;FGSG_02255;FGSG_02321;FGSG_02323;FGSG_02324;FGSG_02325;FGSG_02326;FGSG_02327;FGSG_02328;FGSG_02329;FGSG_03532;FGSG_03539;FGSG_03541;FGSG_03600;FGSG_03842;FGSG_03881;FGSG_07896;FGSG_08081;FGSG_08082;FGSG_08083;FGSG_09187;FGSG_11326;FGSG_13952,2,uncharacterized protein,,5.6129605383003796,13,0.715426843810942,2.0344810892802303e-09,0,0.6603621730382293
FGSG_03044,18,0.461634316329758,7.656672387668138,FGSG_00007;FGSG_01866;FGSG_02321;FGSG_02323;FGSG_02324;FGSG_02325;FGSG_02326;FGSG_02327;FGSG_02328;FGSG_02329;FGSG_03842;FGSG_03881;FGSG_08082;FGSG_08083;FGSG_08795;FGSG_09187;FGSG_11326;FGSG_13952,2,uncharacterized protein,GO:0000981;GO:0005634;GO:0006357;GO:0008270,5.602652685963372,13,0.75351486361612,0.0003353762554362,0,0.6599597585513078
FGSG_10857,20,0.47646225837241696,8.668614157162617,FGSG_00330;FGSG_00743;FGSG_01422;FGSG_02272;FGSG_02461;FGSG_03061;FGSG_03546;FGSG_03548;FGSG_03894;FGSG_04458;FGSG_04589;FGSG_04590;FGSG_05610;FGSG_08601;FGSG_08712;FGSG_08774;FGSG_09012;FGSG_09834;FGSG_10347;FGSG_12180,1,uncharacterized protein,GO:0016787,5.596526111726745,13,-0.604036793080366,0.0029883377304867,0,0.6595573440643863
FGSG_00925,20,0.4586872604219464,8.57431538784505,FGSG_00330;FGSG_01422;FGSG_02271;FGSG_02272;FGSG_02461;FGSG_03061;FGSG_03546;FGSG_03548;FGSG_03894;FGSG_03992;FGSG_04458;FGSG_04590;FGSG_05610;FGSG_07075;FGSG_08601;FGSG_08712;FGSG_09012;FGSG_09456;FGSG_09834;FGSG_10347,1,uncharacterized protein,GO:0004180;GO:0006508;GO:0016021,5.582466740170109,13,-0.347429201434882,0.0006267725789334,0,0.6593561368209255
FGSG_06438,20,0.4885250622943259,8.671233088144666,FGSG_00330;FGSG_00743;FGSG_01422;FGSG_02272;FGSG_02461;FGSG_03061;FGSG_03546;FGSG_03548;FGSG_03894;FGSG_04458;FGSG_04589;FGSG_04590;FGSG_05610;FGSG_08601;FGSG_08712;FGSG_08774;FGSG_09012;FGSG_09834;FGSG_10347;FGSG_12180,1,uncharacterized protein,GO:0016614;GO:0050660;GO:0055114,5.581777197638682,13,-0.81976817139146,0.0094050033088411,0,0.6591549295774648
FGSG_05087,21,0.467891969319156,8.951365800788018,FGSG_00330;FGSG_01422;FGSG_02271;FGSG_02272;FGSG_02461;FGSG_03061;FGSG_03295;FGSG_03546;FGSG_03548;FGSG_03992;FGSG_04458;FGSG_04590;FGSG_05610;FGSG_07075;FGSG_07528;FGSG_08601;FGSG_08712;FGSG_09280;FGSG_09456;FGSG_09834;FGSG_10347,1,acetyl-CoA acetyltransferase,GO:0008152;GO:0016747,5.5798137954212805,13,-0.893249996472041,1.37268064055229e-25,0,0.658953722334004
FGSG_10080,28,0.4809833194826486,12.044574346812647,FGSG_00175;FGSG_00743;FGSG_01422;FGSG_02030;FGSG_02271;FGSG_02272;FGSG_02461;FGSG_02782;FGSG_03061;FGSG_03295;FGSG_03546;FGSG_03548;FGSG_03894;FGSG_03992;FGSG_04458;FGSG_04590;FGSG_05610;FGSG_05843;FGSG_06257;FGSG_07075;FGSG_07528;FGSG_08712;FGSG_08774;FGSG_09012;FGSG_09280;FGSG_09456;FGSG_09834;FGSG_10347,1,delta-aminolevulinic acid dehydratase,GO:0004655;GO:0006779;GO:0046872,5.579630079903964,13,-0.620636896095604,9.83232009085351e-11,0,0.6587525150905432
FGSG_06216,20,0.46243640870277297,8.477065166334302,FGSG_00330;FGSG_01422;FGSG_02271;FGSG_02272;FGSG_02461;FGSG_03061;FGSG_03295;FGSG_03546;FGSG_03548;FGSG_03992;FGSG_04458;FGSG_04590;FGSG_05610;FGSG_07075;FGSG_08601;FGSG_08712;FGSG_09280;FGSG_09456;FGSG_09834;FGSG_10347,1,uncharacterized protein,,5.573025178324885,13,-0.458825798437777,0.0034359932450535,0,0.6581488933601609
FGSG_12741,27,0.4815924893987139,11.600492553079564,FGSG_00330;FGSG_00743;FGSG_01422;FGSG_02030;FGSG_02271;FGSG_02272;FGSG_02461;FGSG_03061;FGSG_03295;FGSG_03546;FGSG_03548;FGSG_03894;FGSG_03992;FGSG_04458;FGSG_04588;FGSG_04590;FGSG_04593;FGSG_05610;FGSG_07075;FGSG_07528;FGSG_08712;FGSG_08774;FGSG_09012;FGSG_09456;FGSG_09834;FGSG_10347;FGSG_10947,1,uncharacterized protein,GO:0000981;GO:0003677;GO:0005506;GO:0005634;GO:0006351;GO:0006357;GO:0008270;GO:0016021;GO:0016705;GO:0031418;GO:0055114,5.57217866195276,13,-0.836632972277351,5.1116339694421e-07,0,0.6579476861167002
FGSG_01703,19,0.4470071052009447,8.070729488940568,FGSG_00330;FGSG_00743;FGSG_01422;FGSG_02272;FGSG_02461;FGSG_03061;FGSG_03546;FGSG_03548;FGSG_03894;FGSG_03992;FGSG_04458;FGSG_04589;FGSG_04590;FGSG_05610;FGSG_08601;FGSG_08712;FGSG_09456;FGSG_09834;FGSG_10347,1,pH-response regulator protein palA/rim-20,GO:0001403;GO:0005634;GO:0005829;GO:0009268;GO:0016485;GO:0030435;GO:0032153;GO:0044732,5.563100936943934,13,-0.254403083131951,0.0671651619752499,0,0.6577464788732393
FGSG_10119,20,0.4799907136602807,8.602324440229305,FGSG_00330;FGSG_00743;FGSG_01422;FGSG_02272;FGSG_02461;FGSG_03061;FGSG_03546;FGSG_03548;FGSG_03894;FGSG_04458;FGSG_04589;FGSG_04590;FGSG_05610;FGSG_08601;FGSG_08712;FGSG_08774;FGSG_09012;FGSG_09834;FGSG_10347;FGSG_12180,1,uncharacterized protein,,5.553448541133333,13,-0.503616204497689,0.0013296383395528,0,0.6575452716297786
FGSG_08907,20,0.45751210857694463,8.578225621682812,FGSG_00330;FGSG_01422;FGSG_02271;FGSG_02272;FGSG_02461;FGSG_03061;FGSG_03546;FGSG_03548;FGSG_03894;FGSG_03992;FGSG_04458;FGSG_04590;FGSG_05610;FGSG_07075;FGSG_08601;FGSG_08712;FGSG_09012;FGSG_09456;FGSG_09834;FGSG_10347,1,uncharacterized protein,,5.5475248654665945,13,-0.934236061571142,5.5510545839805e-06,0,0.6571428571428571
FGSG_09897,17,0.4418649940160294,7.262169854155941,FGSG_00330;FGSG_00743;FGSG_01422;FGSG_02272;FGSG_03061;FGSG_03546;FGSG_03548;FGSG_03894;FGSG_03992;FGSG_04458;FGSG_04589;FGSG_04590;FGSG_05610;FGSG_08601;FGSG_08712;FGSG_09834;FGSG_10347,1,carbon catabolite derepressing protein kinase,GO:0000324;GO:0001302;GO:0001403;GO:0004679;GO:0005524;GO:0005641;GO:0005829;GO:0006468;GO:0006995;GO:0007124;GO:0007155;GO:0017148;GO:0031588;GO:0044732;GO:0045722;GO:0071940;GO:0090606;GO:1900436,5.5440284666199355,13,-0.644914947154335,2.9311666062151e-06,0,0.6569416498993963
FGSG_06061,7,0.43793139076481025,2.930669427032253,FGSG_03546;FGSG_03548;FGSG_03992;FGSG_04458;FGSG_09280;FGSG_09456;FGSG_09834,1,uncharacterized protein,GO:0005887;GO:0015088;GO:0015677;GO:0035434,2.4955153906148193,6,-1.04988647900835,1.00092246178086e-08,1,0.6568075117370893
FGSG_00331,26,0.4457505599083087,11.018337678652822,FGSG_00007;FGSG_01866;FGSG_02255;FGSG_02320;FGSG_02321;FGSG_02323;FGSG_02324;FGSG_02325;FGSG_02326;FGSG_02327;FGSG_02328;FGSG_02329;FGSG_02903;FGSG_03532;FGSG_03543;FGSG_03574;FGSG_03881;FGSG_08078;FGSG_08083;FGSG_08795;FGSG_09064;FGSG_09187;FGSG_10670;FGSG_11326;FGSG_12211;FGSG_13952,2,uncharacterized protein,,5.54288623473498,13,0.797346078269991,5.238696609545609e-18,0,0.6567404426559356
FGSG_06096,19,0.45741306980651386,8.050342140411383,FGSG_00330;FGSG_01422;FGSG_02271;FGSG_02272;FGSG_02461;FGSG_03061;FGSG_03546;FGSG_03548;FGSG_03992;FGSG_04458;FGSG_04590;FGSG_05610;FGSG_07075;FGSG_08601;FGSG_08712;FGSG_09280;FGSG_09456;FGSG_09834;FGSG_10347,1,uncharacterized protein,GO:0003743;GO:0005085;GO:0005634;GO:0005829;GO:0005851;GO:0006413;GO:0006446;GO:0030234;GO:0032045;GO:0043547,5.540322454047061,13,-0.352001769827766,0.0045800690702972,0,0.6565392354124748
FGSG_02439,20,0.45926602455136983,8.451559898163486,FGSG_00330;FGSG_01422;FGSG_02271;FGSG_02272;FGSG_02461;FGSG_03061;FGSG_03295;FGSG_03546;FGSG_03548;FGSG_03992;FGSG_04458;FGSG_04590;FGSG_05610;FGSG_07075;FGSG_08601;FGSG_09012;FGSG_09280;FGSG_09456;FGSG_09834;FGSG_10347,1,uncharacterized protein,GO:0003333;GO:0005794;GO:0015171;GO:0015203;GO:0016021;GO:1902047,5.503576030117783,13,-0.313691742767332,9.00455615853739e-05,0,0.6561368209255533
FGSG_01924,19,0.4588420313937965,7.992049731856752,FGSG_00330;FGSG_01422;FGSG_02271;FGSG_02272;FGSG_03061;FGSG_03295;FGSG_03546;FGSG_03548;FGSG_03992;FGSG_04458;FGSG_04590;FGSG_05610;FGSG_07075;FGSG_08601;FGSG_08712;FGSG_09280;FGSG_09456;FGSG_09834;FGSG_10347,1,uncharacterized protein,GO:0004092;GO:0005739;GO:0005777;GO:0009437,5.501352562968838,13,-0.460025473651512,0.0001294126158458,0,0.6559356136820925
FGSG_00209,6,0.44309042862758663,2.5140469623375523,FGSG_00007;FGSG_02327;FGSG_03842;FGSG_08082;FGSG_08083;FGSG_13952,2,uncharacterized protein,GO:0016021,2.1105371537175124,5,1.30495694965464,8.7083080946747e-06,1,0.6558685446009389
FGSG_08348,19,0.4574058983212489,7.976947452224586,FGSG_00330;FGSG_01422;FGSG_02271;FGSG_02272;FGSG_02461;FGSG_03061;FGSG_03295;FGSG_03546;FGSG_03548;FGSG_03992;FGSG_04458;FGSG_04590;FGSG_05610;FGSG_07075;FGSG_08601;FGSG_09280;FGSG_09456;FGSG_09834;FGSG_10347,1,uncharacterized protein,GO:0006541;GO:0016740,5.459372485191291,13,-0.774912455737166,2.62614168093441e-05,0,0.6557344064386318
FGSG_02684,5,0.4415462662495943,2.146989923078213,FGSG_02326;FGSG_02327;FGSG_02328;FGSG_02329;FGSG_11326,2,uncharacterized protein,GO:0016021,2.146989923078213,5,1.22942127078996,2.97084174743823e-05,1,0.6555331991951711
FGSG_06812,17,0.4345769006390848,7.136293019772539,FGSG_00330;FGSG_00743;FGSG_01422;FGSG_02272;FGSG_03061;FGSG_03546;FGSG_03548;FGSG_03894;FGSG_03992;FGSG_04458;FGSG_04589;FGSG_04590;FGSG_05610;FGSG_08601;FGSG_08712;FGSG_09834;FGSG_10347,1,uncharacterized protein,GO:0003677;GO:0005634,5.455223895544451,13,-0.720067852140552,0.0112535453139344,0,0.655533199195171
FGSG_00068,5,0.43796958764574706,2.168284467683032,FGSG_02326;FGSG_02327;FGSG_02328;FGSG_02329;FGSG_08083,2,alpha-galactosidase C precursor,GO:0004557;GO:0005975,2.168284467683032,5,1.1574780640931,0.0024668258520253,1,0.6545942320590208
FGSG_00455,23,0.4982232749358376,10.090890253670281,FGSG_00330;FGSG_00743;FGSG_01422;FGSG_02030;FGSG_02271;FGSG_02272;FGSG_02461;FGSG_03061;FGSG_03548;FGSG_03894;FGSG_04458;FGSG_04589;FGSG_04590;FGSG_05610;FGSG_07075;FGSG_08601;FGSG_08712;FGSG_08774;FGSG_09012;FGSG_09456;FGSG_09834;FGSG_10347;FGSG_13136,1,uncharacterized protein,GO:0016021,5.273445637374408,12,-0.375035492172017,9.59416795777387e-06,0,0.6543259557344064
FGSG_05321,21,0.4928907783806905,9.248172662687445,FGSG_00330;FGSG_00743;FGSG_01422;FGSG_02271;FGSG_02272;FGSG_02461;FGSG_03061;FGSG_03546;FGSG_03548;FGSG_03894;FGSG_03992;FGSG_04458;FGSG_04590;FGSG_05610;FGSG_07075;FGSG_08712;FGSG_09012;FGSG_09456;FGSG_09834;FGSG_10347;FGSG_13136,1,fatty acid synthase subunit alpha reductase,GO:0000287;GO:0004315;GO:0004316;GO:0005739;GO:0005835;GO:0008897;GO:0055114;GO:1900535,5.27132905508072,12,-0.450175287300961,8.81859340746092e-11,0,0.6541247484909457
FGSG_02756,20,0.4626965925409863,8.725157033394295,FGSG_00330;FGSG_00743;FGSG_01422;FGSG_02272;FGSG_02461;FGSG_03061;FGSG_03546;FGSG_03548;FGSG_03894;FGSG_03992;FGSG_04458;FGSG_04590;FGSG_05610;FGSG_07075;FGSG_08601;FGSG_08712;FGSG_09012;FGSG_09456;FGSG_09834;FGSG_10347,1,uncharacterized protein,GO:0000329;GO:0005768;GO:0005829;GO:0006886;GO:0008565;GO:0030904;GO:0042147;GO:0045053,5.270495829348916,12,-0.326759588993315,0.0003941369551028,0,0.6539235412474849
FGSG_07517,30,0.49501261661429935,13.0591307652013,FGSG_00743;FGSG_00765;FGSG_01422;FGSG_01621;FGSG_02030;FGSG_02272;FGSG_02461;FGSG_02972;FGSG_03061;FGSG_03747;FGSG_03894;FGSG_04588;FGSG_04589;FGSG_04590;FGSG_04593;FGSG_05368;FGSG_05610;FGSG_08493;FGSG_08712;FGSG_08774;FGSG_09012;FGSG_10347;FGSG_10444;FGSG_10922;FGSG_10947;FGSG_11206;FGSG_12180;FGSG_12222;FGSG_12223;FGSG_13136,1,uncharacterized protein,,5.264757507612772,12,-0.645495715509203,6.192179863707359e-11,0,0.6537223340040241
FGSG_12142,10,0.4534770972752223,4.143934506303365,FGSG_00743;FGSG_00765;FGSG_01981;FGSG_03747;FGSG_03894;FGSG_05610;FGSG_08493;FGSG_08774;FGSG_10444;FGSG_10922,1,uncharacterized protein,GO:0004252;GO:0006508,1.6986964034040795,4,-1.93725322176024,6.55073536819676e-28,1,0.653252850435949
FGSG_09830,20,0.46957221898338497,8.661627203266667,FGSG_00330;FGSG_00743;FGSG_01422;FGSG_02272;FGSG_02461;FGSG_03061;FGSG_03546;FGSG_03548;FGSG_03894;FGSG_04458;FGSG_04589;FGSG_05610;FGSG_08601;FGSG_08712;FGSG_08774;FGSG_09012;FGSG_09456;FGSG_09834;FGSG_10347;FGSG_12180,1,C-4 methylsterol oxidase,GO:0000254;GO:0005506;GO:0005789;GO:0005886;GO:0006633;GO:0006696;GO:0016021;GO:0055114,5.24776222232421,12,-0.903666334908122,2.74575157725164e-14,0,0.6531187122736418
FGSG_05012,23,0.48280283320242623,9.951010888181587,FGSG_00330;FGSG_00743;FGSG_01422;FGSG_02271;FGSG_02272;FGSG_02461;FGSG_03061;FGSG_03295;FGSG_03546;FGSG_03548;FGSG_03894;FGSG_03992;FGSG_04458;FGSG_04590;FGSG_05610;FGSG_07075;FGSG_07528;FGSG_08712;FGSG_09012;FGSG_09456;FGSG_09834;FGSG_10347;FGSG_13136,1,uncharacterized protein,GO:0000049;GO:0004812;GO:0006418;GO:0008047;GO:0016740;GO:0017102;GO:0032266;GO:0051351;GO:0080025,5.244156131945026,12,-0.462507656167076,2.14172793555875e-05,0,0.6529175050301811
FGSG_03283,22,0.486134310850105,9.584670287901217,FGSG_00330;FGSG_00743;FGSG_01422;FGSG_02271;FGSG_02272;FGSG_02461;FGSG_03061;FGSG_03546;FGSG_03548;FGSG_03894;FGSG_03992;FGSG_04458;FGSG_04590;FGSG_05610;FGSG_07075;FGSG_07528;FGSG_08712;FGSG_09012;FGSG_09456;FGSG_09834;FGSG_10347;FGSG_13136,1,uncharacterized protein,GO:0016020,5.241884936199934,12,-0.972614346747364,9.41860774759755e-06,0,0.6525150905432595
FGSG_09950,14,0.4595543622601642,6.070554986118205,FGSG_00330;FGSG_01422;FGSG_03546;FGSG_03547;FGSG_03548;FGSG_03992;FGSG_04458;FGSG_04590;FGSG_04591;FGSG_08601;FGSG_09280;FGSG_09456;FGSG_09834;FGSG_10347,1,uncharacterized protein,,5.237371774063894,12,-0.605733955623374,8.46954785233919e-15,0,0.6523138832997988
FGSG_08586,21,0.4710091103150751,9.13671806322672,FGSG_00330;FGSG_00743;FGSG_01422;FGSG_02272;FGSG_02461;FGSG_03061;FGSG_03546;FGSG_03548;FGSG_03894;FGSG_03992;FGSG_04458;FGSG_04590;FGSG_05610;FGSG_07075;FGSG_08601;FGSG_08712;FGSG_08774;FGSG_09012;FGSG_09456;FGSG_09834;FGSG_10347,1,uncharacterized protein,GO:0005829,5.23654308151285,12,-0.271136650374662,0.0006868932993683,0,0.6521126760563379
FGSG_10994,6,0.42539001874991167,2.470330886306669,FGSG_02324;FGSG_02325;FGSG_02326;FGSG_02327;FGSG_02328;FGSG_11326,2,uncharacterized protein,,2.470330886306669,6,1.03769170646188,0.0005521321589893,1,0.6517102615694166
FGSG_00906,19,0.4548798530441685,8.141995807727513,FGSG_00330;FGSG_00743;FGSG_01422;FGSG_02272;FGSG_02461;FGSG_03061;FGSG_03546;FGSG_03548;FGSG_03894;FGSG_04458;FGSG_04589;FGSG_05610;FGSG_08601;FGSG_08712;FGSG_09012;FGSG_09456;FGSG_09834;FGSG_10347;FGSG_12180,1,alanyl-tRNA synthetase,GO:0003676;GO:0004813;GO:0005524;GO:0005739;GO:0008270;GO:0070143,5.2287565373122575,12,-0.214056523069142,0.0064701796899615,0,0.6515090543259557
FGSG_06770,20,0.4759841114538153,8.664995617468984,FGSG_00330;FGSG_00743;FGSG_01422;FGSG_02272;FGSG_02461;FGSG_03061;FGSG_03546;FGSG_03548;FGSG_03894;FGSG_04458;FGSG_04589;FGSG_05610;FGSG_08601;FGSG_08712;FGSG_08774;FGSG_09012;FGSG_09456;FGSG_09834;FGSG_10347;FGSG_12180,1,uncharacterized protein,GO:0006457;GO:0030176;GO:0031072;GO:0046872;GO:0051082;GO:2001256,5.228322496069433,12,-0.434767844961886,0.0001057354618285,0,0.6513078470824949
FGSG_01443,16,0.45659022425296,6.917790190631003,FGSG_00330;FGSG_00743;FGSG_01422;FGSG_02272;FGSG_03061;FGSG_03546;FGSG_03548;FGSG_03894;FGSG_03992;FGSG_04458;FGSG_04589;FGSG_05610;FGSG_08601;FGSG_08712;FGSG_09834;FGSG_10347,1,uncharacterized protein,GO:0000790;GO:0003676;GO:0004523;GO:0005730;GO:0006401;GO:0090502,5.224085443227075,12,-0.669903953162112,4.63429968224842e-06,0,0.6511066398390342
FGSG_01751,6,0.41395158839597757,2.4405597339533434,FGSG_02324;FGSG_02326;FGSG_02327;FGSG_02328;FGSG_02329;FGSG_11326,2,uncharacterized protein,GO:0004672;GO:0005524;GO:0006468,2.4405597339533434,6,1.05068148833484,2.36018382980415e-05,1,0.6510395707578807
FGSG_10239,21,0.4820738473028524,9.142005331401336,FGSG_00330;FGSG_00743;FGSG_01422;FGSG_02271;FGSG_02272;FGSG_02461;FGSG_03061;FGSG_03546;FGSG_03548;FGSG_03894;FGSG_03992;FGSG_04458;FGSG_04590;FGSG_05610;FGSG_07075;FGSG_07528;FGSG_08712;FGSG_09012;FGSG_09456;FGSG_09834;FGSG_10347,1,uncharacterized protein,GO:0004722;GO:0006470;GO:0046872,5.222713682016919,12,-0.301276137606886,8.21883661823417e-07,0,0.6509054325955734
FGSG_10308,14,0.4624768226499663,6.069661498479481,FGSG_02321;FGSG_02323;FGSG_02324;FGSG_02325;FGSG_02326;FGSG_02327;FGSG_02328;FGSG_02329;FGSG_02903;FGSG_03842;FGSG_08083;FGSG_10670;FGSG_11326;FGSG_13952,2,uncharacterized protein,GO:0005811;GO:0016021,5.219932898833481,12,0.704806046392166,7.28146864576082e-14,0,0.6505030181086519
FGSG_00573,22,0.48662986597497676,9.550212166195525,FGSG_00330;FGSG_00743;FGSG_01422;FGSG_02271;FGSG_02272;FGSG_02461;FGSG_03061;FGSG_03295;FGSG_03546;FGSG_03548;FGSG_03894;FGSG_03992;FGSG_04458;FGSG_04590;FGSG_05610;FGSG_07075;FGSG_07528;FGSG_08712;FGSG_09012;FGSG_09456;FGSG_09834;FGSG_10347,1,uncharacterized protein,GO:0000981;GO:0003677;GO:0005634;GO:0006351;GO:0006357;GO:0008270,5.214174951412248,12,-0.37313448979793,5.74742402746637e-05,0,0.6503018108651911
FGSG_04456,31,0.4921544530308062,13.567499385802723,FGSG_00743;FGSG_00765;FGSG_01422;FGSG_01621;FGSG_02030;FGSG_02271;FGSG_02272;FGSG_02461;FGSG_03061;FGSG_03894;FGSG_04309;FGSG_04458;FGSG_04588;FGSG_04589;FGSG_04590;FGSG_04593;FGSG_05368;FGSG_05610;FGSG_07075;FGSG_07528;FGSG_08712;FGSG_08774;FGSG_09012;FGSG_09456;FGSG_09834;FGSG_10347;FGSG_10922;FGSG_10947;FGSG_11206;FGSG_12180;FGSG_13136,1,uncharacterized protein,GO:0016740,5.209047561526889,12,-0.706850107220338,2.59966190147463e-26,0,0.6501006036217304
FGSG_10211,28,0.4997759930345201,12.087293362881603,FGSG_00743;FGSG_00765;FGSG_01422;FGSG_02030;FGSG_02272;FGSG_02461;FGSG_02972;FGSG_03061;FGSG_03747;FGSG_03894;FGSG_04588;FGSG_04589;FGSG_04590;FGSG_04593;FGSG_05368;FGSG_05610;FGSG_08493;FGSG_08712;FGSG_08774;FGSG_09012;FGSG_10347;FGSG_10444;FGSG_10922;FGSG_10947;FGSG_11206;FGSG_12180;FGSG_12223;FGSG_13136,1,homoserine kinase,GO:0004413;GO:0005524;GO:0009088;GO:0009092;GO:0016310,5.209027535687671,12,-0.653884944902499,2.15013827677492e-08,0,0.6498993963782697
FGSG_00723,20,0.48076543353372575,8.68570164621601,FGSG_00330;FGSG_00743;FGSG_01422;FGSG_02271;FGSG_02272;FGSG_02461;FGSG_03061;FGSG_03546;FGSG_03548;FGSG_03894;FGSG_03992;FGSG_04458;FGSG_04590;FGSG_05610;FGSG_07075;FGSG_08712;FGSG_09012;FGSG_09456;FGSG_09834;FGSG_10347,1,uncharacterized protein,GO:0016021,5.20040926751993,12,-0.272293673655144,0.0386447012582309,0,0.6488933601609658
FGSG_07924,20,0.4699191701180636,8.651219143184422,FGSG_00330;FGSG_00743;FGSG_01422;FGSG_02272;FGSG_02461;FGSG_03061;FGSG_03546;FGSG_03548;FGSG_03894;FGSG_04458;FGSG_04589;FGSG_04590;FGSG_05610;FGSG_08601;FGSG_08712;FGSG_08774;FGSG_09012;FGSG_09456;FGSG_09834;FGSG_10347,1,uncharacterized protein,GO:0000981;GO:0005634;GO:0006357;GO:0008270,5.198094546591748,12,-0.22698310904663,0.0560118100895817,0,0.6480885311871227
FGSG_00249,20,0.46994056179867144,8.667484274503769,FGSG_00330;FGSG_00743;FGSG_01422;FGSG_02272;FGSG_02461;FGSG_03061;FGSG_03546;FGSG_03548;FGSG_03894;FGSG_04458;FGSG_04589;FGSG_04590;FGSG_05610;FGSG_08601;FGSG_08712;FGSG_08774;FGSG_09012;FGSG_09456;FGSG_09834;FGSG_10347,1,uncharacterized protein,GO:0008270;GO:0016491;GO:0055114,5.197281044064023,12,-0.276578797872744,0.0356627151923843,0,0.6478873239436619
FGSG_10309,32,0.48130673531480767,13.912109754972327,FGSG_00330;FGSG_00743;FGSG_00765;FGSG_01422;FGSG_02030;FGSG_02271;FGSG_02272;FGSG_02461;FGSG_02782;FGSG_03061;FGSG_03295;FGSG_03548;FGSG_03894;FGSG_03992;FGSG_04309;FGSG_04458;FGSG_04588;FGSG_04590;FGSG_04593;FGSG_05368;FGSG_05610;FGSG_06506;FGSG_07075;FGSG_07528;FGSG_08712;FGSG_08774;FGSG_09012;FGSG_09456;FGSG_09834;FGSG_10347;FGSG_10947;FGSG_13136,1,uncharacterized protein,GO:0005758;GO:0015914;GO:0031314;GO:0032048;GO:1990050;GO:2001247,5.194638607565367,12,-0.431470813402383,7.5873461866575e-06,0,0.6476861167002013
FGSG_05328,16,0.4561016153300066,6.900688464102498,FGSG_00330;FGSG_00743;FGSG_01422;FGSG_02272;FGSG_03061;FGSG_03546;FGSG_03548;FGSG_03894;FGSG_04458;FGSG_04589;FGSG_05610;FGSG_08601;FGSG_08712;FGSG_09834;FGSG_10347;FGSG_12180,1,cytochrome b2,GO:0004460;GO:0005758;GO:0006089;GO:0010181;GO:0020037;GO:0046872;GO:0055114,5.194348667783084,12,-0.857866794089027,4.4598516947031595e-16,0,0.6474849094567404
FGSG_06094,19,0.45225758644649894,8.0934581218229,FGSG_00330;FGSG_00743;FGSG_01422;FGSG_02272;FGSG_02461;FGSG_03061;FGSG_03546;FGSG_03548;FGSG_03894;FGSG_04458;FGSG_04589;FGSG_05610;FGSG_08601;FGSG_08712;FGSG_09012;FGSG_09456;FGSG_09834;FGSG_10347;FGSG_12180,1,uncharacterized protein,GO:0004042;GO:0004358;GO:0005759;GO:0006526;GO:0006592;GO:0031505,5.191380157983219,12,-0.644880767446833,7.03183202989639e-07,0,0.6470824949698188
FGSG_11061,14,0.46291474505590624,6.015451653838325,FGSG_02321;FGSG_02323;FGSG_02324;FGSG_02325;FGSG_02326;FGSG_02327;FGSG_02328;FGSG_02329;FGSG_02840;FGSG_02903;FGSG_08083;FGSG_10670;FGSG_11326;FGSG_13952,2,uncharacterized protein,GO:0046872;GO:0051087,5.185565820853483,12,0.909695646406608,0.0002605921976848,0,0.6464788732394366
FGSG_09888,13,0.45698675690805585,5.612617632923395,FGSG_00330;FGSG_02272;FGSG_03546;FGSG_03547;FGSG_03548;FGSG_03992;FGSG_04458;FGSG_04591;FGSG_08601;FGSG_09280;FGSG_09456;FGSG_09834;FGSG_10347,1,uncharacterized protein,GO:0005634;GO:0005829;GO:0008270,5.181904924327656,12,-0.346351284342563,0.0001420447674315,0,0.6460764587525151
FGSG_03426,6,0.448230982542021,2.5441189030381564,FGSG_00007;FGSG_02327;FGSG_03842;FGSG_08082;FGSG_08083;FGSG_13952,2,uncharacterized protein,GO:0016491;GO:0016884;GO:0055114,2.1340465150645453,5,1.10855189209749,7.51235583807025e-13,1,0.6458752515090543
FGSG_02221,18,0.48197148132301343,7.842085201428888,FGSG_00743;FGSG_00765;FGSG_01422;FGSG_01621;FGSG_02030;FGSG_02271;FGSG_02272;FGSG_02461;FGSG_03061;FGSG_03894;FGSG_04309;FGSG_04588;FGSG_05368;FGSG_05610;FGSG_08774;FGSG_09012;FGSG_11206;FGSG_13136,1,uncharacterized protein,,1.8065049947551177,4,-1.42804636963799,2.10636766656134e-26,1,0.6456740442655935
FGSG_04129,6,0.43631340060888585,2.524669270666575,FGSG_00743;FGSG_03894;FGSG_04589;FGSG_08601;FGSG_10922;FGSG_12180,1,uncharacterized protein,GO:0016021,2.1018399418509377,5,-1.23161458976269,9.663553296124099e-37,1,0.6456740442655935
FGSG_09983,13,0.45818293793495324,5.592322112681959,FGSG_00330;FGSG_03546;FGSG_03547;FGSG_03548;FGSG_03992;FGSG_04458;FGSG_04589;FGSG_04591;FGSG_08601;FGSG_09280;FGSG_09456;FGSG_09834;FGSG_10347,1,uncharacterized protein,GO:0008073;GO:0043086,5.177916669177167,12,-0.502113954152056,4.3714148995147003e-11,0,0.6454728370221328
FGSG_10039,13,0.4603721510247347,5.582702451910717,FGSG_00330;FGSG_03546;FGSG_03547;FGSG_03548;FGSG_03992;FGSG_04458;FGSG_04589;FGSG_04591;FGSG_08601;FGSG_08712;FGSG_09280;FGSG_09834;FGSG_10347,1,uncharacterized protein,GO:0016021;GO:0051920;GO:0055085;GO:0055114;GO:0098869,5.174860173490749,12,-0.814365202119433,3.53671276424976e-06,0,0.6450704225352113
FGSG_12662,7,0.41761174534705436,2.8700613359002856,FGSG_03546;FGSG_03548;FGSG_04458;FGSG_08601;FGSG_09012;FGSG_09456;FGSG_09834,1,uncharacterized protein,,2.06193748221886,5,-1.29569115524565,0.0005621781042376,1,0.6450033534540577
FGSG_08458,16,0.4658025007537278,6.849024927907331,FGSG_00330;FGSG_01422;FGSG_02272;FGSG_03061;FGSG_03295;FGSG_03546;FGSG_03548;FGSG_03992;FGSG_04458;FGSG_04590;FGSG_07075;FGSG_08601;FGSG_09280;FGSG_09456;FGSG_09834;FGSG_10347,1,uncharacterized protein,GO:0003729;GO:0005634;GO:0005829;GO:0006166;GO:0006537;GO:0017061;GO:0019509,5.173021543897537,12,-0.837242610171212,5.22180841432458e-12,0,0.6448692152917505
FGSG_12819,19,0.4469028629115073,8.15309767386653,FGSG_00330;FGSG_00743;FGSG_01422;FGSG_02272;FGSG_02461;FGSG_03061;FGSG_03546;FGSG_03548;FGSG_03894;FGSG_03992;FGSG_04458;FGSG_04590;FGSG_05610;FGSG_08601;FGSG_08712;FGSG_09012;FGSG_09456;FGSG_09834;FGSG_10347,1,uncharacterized protein,GO:0008080,5.170405822166681,12,-0.63317988652829,0.0001442579073,0,0.6446680080482897
FGSG_02094,18,0.46697456222649014,7.678903430283008,FGSG_00330;FGSG_01422;FGSG_02272;FGSG_02461;FGSG_03061;FGSG_03295;FGSG_03546;FGSG_03548;FGSG_03992;FGSG_04458;FGSG_04590;FGSG_05610;FGSG_07075;FGSG_08601;FGSG_09280;FGSG_09456;FGSG_09834;FGSG_10347,1,uncharacterized protein,GO:0001403;GO:0005794;GO:0015200;GO:0015398;GO:0016021;GO:0072489,5.16865842212192,12,-0.778658458378142,4.58828600583325e-18,0,0.644466800804829
FGSG_08751,17,0.4512733856610383,7.249570797899905,FGSG_00330;FGSG_00743;FGSG_01422;FGSG_02272;FGSG_03061;FGSG_03546;FGSG_03548;FGSG_03894;FGSG_04458;FGSG_04589;FGSG_05610;FGSG_08601;FGSG_08712;FGSG_09012;FGSG_09834;FGSG_10347;FGSG_12180,1,uncharacterized protein,,5.166901530043827,12,-0.780959255526612,4.49271805391985e-06,0,0.6442655935613683
FGSG_01155,16,0.45927025021107787,6.776869593486814,FGSG_00330;FGSG_00743;FGSG_01422;FGSG_02272;FGSG_03061;FGSG_03546;FGSG_03547;FGSG_03548;FGSG_03894;FGSG_04458;FGSG_04589;FGSG_05610;FGSG_08601;FGSG_09012;FGSG_09834;FGSG_10347,1,vacuolar protein sorting-associated protein 26B-B,GO:0005634;GO:0005768;GO:0005829;GO:0006886;GO:0030906;GO:0042147;GO:0045053,5.1662763744210904,12,-0.371834299808603,0.0001033402676237,0,0.6440643863179074
FGSG_10624,14,0.4614114079082381,5.988514353082421,FGSG_02321;FGSG_02323;FGSG_02324;FGSG_02325;FGSG_02326;FGSG_02327;FGSG_02328;FGSG_02329;FGSG_02903;FGSG_08083;FGSG_08795;FGSG_10670;FGSG_11326;FGSG_13952,2,uncharacterized protein,GO:0004488;GO:0009396;GO:0055114,5.1621967515627665,12,0.89512927721137,1.22020300704721e-05,0,0.6438631790744467
FGSG_09198,5,0.42573400745836787,2.0825709105274757,FGSG_03546;FGSG_03547;FGSG_03548;FGSG_04458;FGSG_08601,1,uncharacterized protein,GO:0006631;GO:0016491;GO:0050151;GO:0055114;GO:0071949,2.0825709105274757,5,-1.25425467633675,5.31943265647663e-23,1,0.6437290409121396
FGSG_08710,18,0.4522291922403323,7.655251170367978,FGSG_00330;FGSG_00743;FGSG_01422;FGSG_02272;FGSG_02461;FGSG_03061;FGSG_03546;FGSG_03548;FGSG_03894;FGSG_04458;FGSG_04589;FGSG_05610;FGSG_08601;FGSG_08712;FGSG_09012;FGSG_09834;FGSG_10347;FGSG_12180,1,uncharacterized protein,GO:0005525,5.16128126578492,12,-0.558405759613358,3.93617770046561e-07,0,0.6434607645875251
FGSG_04413,28,0.4968982630710582,12.113436976116978,FGSG_00743;FGSG_00765;FGSG_01422;FGSG_01621;FGSG_02030;FGSG_02271;FGSG_02272;FGSG_02461;FGSG_03061;FGSG_03747;FGSG_03894;FGSG_04588;FGSG_04589;FGSG_04590;FGSG_04593;FGSG_05368;FGSG_05610;FGSG_08493;FGSG_08712;FGSG_08774;FGSG_09012;FGSG_10444;FGSG_10922;FGSG_10947;FGSG_11206;FGSG_12180;FGSG_12223;FGSG_13136,1,uncharacterized protein,GO:0006665;GO:0008117;GO:0009267;GO:0016831;GO:0019722;GO:0019752;GO:0030170;GO:0032541;GO:0097038,5.15572521516655,12,-0.621856635207982,2.12619468226825e-08,0,0.6432595573440644
FGSG_07963,19,0.4738300746517233,8.19585746382748,FGSG_00330;FGSG_01422;FGSG_02271;FGSG_02272;FGSG_02461;FGSG_03061;FGSG_03546;FGSG_03548;FGSG_03894;FGSG_03992;FGSG_04458;FGSG_04590;FGSG_05610;FGSG_07075;FGSG_08712;FGSG_09012;FGSG_09456;FGSG_09834;FGSG_10347,1,uncharacterized protein,GO:0016021;GO:0055085,5.154290780117201,12,-0.27592460152462,0.0176240902002796,0,0.6430583501006036
FGSG_06230,17,0.4517473892735204,7.237193233446316,FGSG_00330;FGSG_00743;FGSG_01422;FGSG_02272;FGSG_03061;FGSG_03546;FGSG_03548;FGSG_03894;FGSG_04458;FGSG_04589;FGSG_05610;FGSG_08601;FGSG_08712;FGSG_09012;FGSG_09834;FGSG_10347;FGSG_12180,1,uncharacterized protein,,5.149114849315938,12,-0.696733605116094,0.0015913579928205,0,0.6428571428571428
FGSG_06961,18,0.45328505813652853,7.574815537001918,FGSG_00330;FGSG_00743;FGSG_01422;FGSG_02272;FGSG_03061;FGSG_03546;FGSG_03548;FGSG_03894;FGSG_04458;FGSG_04589;FGSG_04591;FGSG_05610;FGSG_08601;FGSG_08712;FGSG_09012;FGSG_09456;FGSG_09834;FGSG_10347,1,glutamate 5-kinase,GO:0003723;GO:0004349;GO:0005737;GO:0006561;GO:0016310,5.146436442508518,12,-0.459687587176751,9.83473755239623e-05,0,0.6424547283702213
FGSG_07715,19,0.4448400064491751,8.016809252806118,FGSG_00330;FGSG_00743;FGSG_01422;FGSG_02272;FGSG_02461;FGSG_03061;FGSG_03546;FGSG_03548;FGSG_03894;FGSG_03992;FGSG_04458;FGSG_04590;FGSG_05610;FGSG_08601;FGSG_08712;FGSG_09012;FGSG_09456;FGSG_09834;FGSG_10347,1,uncharacterized protein,,5.143030295000487,12,-0.583177102161616,0.159044398714325,0,0.6422535211267606
FGSG_04827,7,0.44809005414715053,2.9509733897336865,FGSG_00007;FGSG_02327;FGSG_03539;FGSG_03842;FGSG_08082;FGSG_08083;FGSG_13952,2,uncharacterized protein,GO:0016021;GO:0055085,2.1261734119032005,5,1.09025047057104,8.74752632509886e-14,1,0.6421193829644534
FGSG_05428,26,0.462628533166743,11.042903792321269,FGSG_00007;FGSG_01866;FGSG_02255;FGSG_02321;FGSG_02324;FGSG_02326;FGSG_02327;FGSG_02328;FGSG_02329;FGSG_03532;FGSG_03534;FGSG_03535;FGSG_03539;FGSG_03541;FGSG_03543;FGSG_03600;FGSG_03842;FGSG_03881;FGSG_06039;FGSG_07896;FGSG_08081;FGSG_08082;FGSG_08083;FGSG_09187;FGSG_11326;FGSG_13952,2,eukaryotic translation initiation factor 6,GO:0000054;GO:0000463;GO:0000466;GO:0003743;GO:0005730;GO:0005829;GO:0006413;GO:0030687;GO:0042256;GO:0043022;GO:0043023;GO:1902626,5.1406862265564195,12,0.708756796504087,4.6535654877158796e-30,0,0.6420523138832998
FGSG_05145,17,0.45651035944767254,7.259152587745212,FGSG_00330;FGSG_00743;FGSG_01422;FGSG_02272;FGSG_02554;FGSG_03061;FGSG_03546;FGSG_03548;FGSG_03894;FGSG_04458;FGSG_04589;FGSG_05610;FGSG_08601;FGSG_08712;FGSG_09834;FGSG_10347;FGSG_12180,1,uncharacterized protein,,5.140248714391765,12,-0.959058539909569,3.9368505317566496e-12,0,0.641851106639839
FGSG_10846,19,0.4494691086715181,8.122331380422647,FGSG_00330;FGSG_00743;FGSG_01422;FGSG_02272;FGSG_02461;FGSG_03061;FGSG_03546;FGSG_03548;FGSG_03894;FGSG_03992;FGSG_04458;FGSG_04590;FGSG_05610;FGSG_07075;FGSG_08601;FGSG_09012;FGSG_09456;FGSG_09834;FGSG_10347,1,cytochrome c oxidase assembly protein COX11,GO:0005507;GO:0005743;GO:0005758;GO:0005761;GO:0006461;GO:0009060;GO:0016021,5.133899449259912,12,-0.85814135599649,7.51530613674571e-06,0,0.6416498993963783
FGSG_11596,17,0.4556288311396951,7.22255560476053,FGSG_00330;FGSG_00743;FGSG_01422;FGSG_02272;FGSG_03061;FGSG_03546;FGSG_03548;FGSG_03894;FGSG_04458;FGSG_04589;FGSG_05610;FGSG_08601;FGSG_08712;FGSG_09012;FGSG_09834;FGSG_10347;FGSG_12180,1,uncharacterized protein,GO:0005840,5.126537669077892,12,-0.322980245639101,0.0029345812885832,0,0.6414486921529174
FGSG_00053,6,0.4420767042986671,2.565668868973949,FGSG_02320;FGSG_02326;FGSG_02327;FGSG_02328;FGSG_02329;FGSG_11326,2,aryl-alcohol dehydrogenase,,2.1574161669611085,5,1.03116917247173,5.42696940730186e-20,1,0.641046277665996
FGSG_11113,14,0.44939888580783055,5.928675726565819,FGSG_00330;FGSG_00743;FGSG_02272;FGSG_03061;FGSG_03546;FGSG_03548;FGSG_03894;FGSG_04458;FGSG_04589;FGSG_05610;FGSG_08601;FGSG_09834;FGSG_10347;FGSG_12180,1,uncharacterized protein,,5.1035629761145564,12,-0.89388488096383,2.96431394029718e-19,0,0.6406438631790744
FGSG_02098,18,0.4581167182406172,7.590544553345844,FGSG_00330;FGSG_01422;FGSG_02271;FGSG_02272;FGSG_02461;FGSG_03061;FGSG_03295;FGSG_03546;FGSG_03548;FGSG_03992;FGSG_04458;FGSG_04590;FGSG_05610;FGSG_07075;FGSG_08601;FGSG_09456;FGSG_09834;FGSG_10347,1,uncharacterized protein,GO:0003735;GO:0006412;GO:0015934;GO:0051087,5.068566049244893,12,-0.415497909573777,3.77832268572743e-05,0,0.6404426559356137
FGSG_10858,15,0.45558758173133895,6.2973937760236165,FGSG_00330;FGSG_02272;FGSG_03061;FGSG_03295;FGSG_03546;FGSG_03548;FGSG_03992;FGSG_04458;FGSG_04590;FGSG_07075;FGSG_08601;FGSG_09280;FGSG_09456;FGSG_09834;FGSG_10347,1,"alpha-1,2-mannosyltransferase alg-11",GO:0000026;GO:0005789;GO:0006486;GO:0006490;GO:0009312;GO:0097502,5.046744531343409,12,-0.247251178931853,0.0062980781797127,0,0.6402414486921528
FGSG_05189,17,0.4412160900359685,7.09756620555448,FGSG_00330;FGSG_02272;FGSG_02461;FGSG_03061;FGSG_03546;FGSG_03548;FGSG_03894;FGSG_03992;FGSG_04458;FGSG_04590;FGSG_05610;FGSG_07075;FGSG_08601;FGSG_09012;FGSG_09456;FGSG_09834;FGSG_10347,1,uncharacterized protein,GO:0000155;GO:0000160;GO:0005622;GO:0023014,5.017050478579073,12,-0.253800254617434,0.0826507408190761,0,0.6400402414486922
FGSG_03751,16,0.4350885515441335,6.688349710106306,FGSG_00330;FGSG_00743;FGSG_01422;FGSG_02272;FGSG_03061;FGSG_03546;FGSG_03548;FGSG_03894;FGSG_03992;FGSG_04458;FGSG_04590;FGSG_05610;FGSG_08601;FGSG_08712;FGSG_09834;FGSG_10347,1,uncharacterized protein,GO:0016021;GO:0055085,5.005109669521138,12,-0.486414035080806,0.0015046072201787,0,0.6398390342052314
FGSG_11549,5,0.4162745896502962,2.0552208661517444,FGSG_02324;FGSG_02326;FGSG_02327;FGSG_02328;FGSG_11326,2,uncharacterized protein,GO:0016491;GO:0055114,2.0552208661517444,5,1.25575087288285,7.03488142201779e-06,1,0.6392354124748492
FGSG_09448,12,0.4599214042924241,5.299887726920733,FGSG_00330;FGSG_03546;FGSG_03547;FGSG_03548;FGSG_03992;FGSG_04458;FGSG_04591;FGSG_08601;FGSG_09280;FGSG_09456;FGSG_09834;FGSG_10347,1,uncharacterized protein,GO:0000103;GO:0004851;GO:0005622;GO:0009086;GO:0019354;GO:0032259;GO:0043115;GO:0055114,4.867598163470441,11,-0.891829839371401,7.80441933731343e-10,0,0.6390342052313883
FGSG_10675,6,0.4330421051747569,2.5201472286450977,FGSG_00007;FGSG_03539;FGSG_03842;FGSG_08082;FGSG_08083;FGSG_13952,2,uncharacterized protein,,1.6703894750924473,4,1.81747475079992,4.6649867937965903e-20,1,0.6386988598256204
FGSG_01926,12,0.4584496975884351,5.253081794630677,FGSG_00330;FGSG_03546;FGSG_03547;FGSG_03548;FGSG_03992;FGSG_04458;FGSG_04591;FGSG_08601;FGSG_09280;FGSG_09456;FGSG_09834;FGSG_10347,1,electron transfer flavoprotein subunit alpha,GO:0005739;GO:0009055;GO:0050660,4.852801662545101,11,-0.948975462395982,2.7651722922984202e-17,0,0.638430583501006
FGSG_01921,12,0.4631904064786093,5.254383224653451,FGSG_00330;FGSG_03546;FGSG_03547;FGSG_03548;FGSG_03992;FGSG_04458;FGSG_04591;FGSG_08601;FGSG_09280;FGSG_09456;FGSG_09834;FGSG_10347,1,uncharacterized protein,GO:0016301;GO:0016310;GO:0044419,4.851878964994215,11,-0.67171299246456,1.48289124523159e-10,0,0.6382293762575453
FGSG_00018,12,0.46354718520781557,5.284676334378179,FGSG_00330;FGSG_03546;FGSG_03547;FGSG_03548;FGSG_03992;FGSG_04458;FGSG_04591;FGSG_08601;FGSG_09280;FGSG_09456;FGSG_09834;FGSG_10347,1,uncharacterized protein,GO:0004497;GO:0006629;GO:0016021;GO:0055114,4.85159087842332,11,-0.75433616510552,5.78611182199993e-10,0,0.6380281690140845
FGSG_07556,4,0.42714695467395036,1.6700180950186923,FGSG_02326;FGSG_02327;FGSG_02328;FGSG_02329,2,uncharacterized protein,GO:0016491;GO:0055114,1.6700180950186923,4,1.7984645524254,1.25409452414826e-06,1,0.6379610999329309
FGSG_05169,11,0.46125756980118415,4.842043058233097,FGSG_00330;FGSG_03546;FGSG_03547;FGSG_03548;FGSG_03992;FGSG_04458;FGSG_04591;FGSG_08601;FGSG_09280;FGSG_09834;FGSG_10347,1,uncharacterized protein,GO:0008483;GO:0009058;GO:0030170,4.842043058233097,11,-0.785507610983947,3.86332034872272e-15,0,0.6374245472837022
FGSG_02160,13,0.4669139444492587,5.665777855406199,FGSG_02321;FGSG_02323;FGSG_02324;FGSG_02325;FGSG_02326;FGSG_02327;FGSG_02328;FGSG_02329;FGSG_03842;FGSG_08083;FGSG_10670;FGSG_11326;FGSG_13952,2,aldehyde dehydrogenase,GO:0016620;GO:0055114,4.821519194662598,11,0.857251944848982,0.002494225199167,0,0.6368209255533199
FGSG_00969,28,0.494000612975307,12.2493659313229,FGSG_00743;FGSG_00765;FGSG_01422;FGSG_02030;FGSG_02271;FGSG_02272;FGSG_02461;FGSG_03061;FGSG_03894;FGSG_04309;FGSG_04458;FGSG_04588;FGSG_04589;FGSG_04590;FGSG_04593;FGSG_05368;FGSG_05610;FGSG_07075;FGSG_07528;FGSG_08712;FGSG_08774;FGSG_09012;FGSG_09456;FGSG_09834;FGSG_10347;FGSG_11206;FGSG_12180;FGSG_13136,1,bifunctional purine biosynthesis protein ADE17,GO:0003937;GO:0004643;GO:0005829;GO:0006189,4.81545724196266,11,-0.438566715890715,1.2650397710872e-06,0,0.6364185110663984
FGSG_04507,5,0.4329771918800811,2.086676313975659,FGSG_02324;FGSG_02327;FGSG_03842;FGSG_08083;FGSG_13952,2,uncharacterized protein,GO:0008289,2.086676313975659,5,1.11668724955354,2.29124348737008e-12,1,0.636150234741784
FGSG_05906,4,0.4240700242330816,1.648904587261474,FGSG_02324;FGSG_02325;FGSG_02327;FGSG_02903,2,uncharacterized protein,GO:0004806;GO:0006629,1.648904587261474,4,2.11749469212222,1.7556930376126098e-56,1,0.6360831656606305
FGSG_07211,18,0.4527956130149179,7.7509904579268,FGSG_00330;FGSG_00743;FGSG_01422;FGSG_02272;FGSG_02461;FGSG_03061;FGSG_03546;FGSG_03548;FGSG_03894;FGSG_04458;FGSG_04589;FGSG_05610;FGSG_08601;FGSG_08712;FGSG_09012;FGSG_09456;FGSG_09834;FGSG_10347,1,uncharacterized protein,,4.812258621350012,11,-0.497625959783196,7.90807351585451e-05,0,0.6360160965794768
FGSG_11295,5,0.4258869403591283,2.0497598954570018,FGSG_02324;FGSG_02325;FGSG_02326;FGSG_02327;FGSG_11326,2,uncharacterized protein,GO:0003824;GO:0008152,2.0497598954570018,5,1.24250127847566,0.0008388327808168,1,0.6359490274983233
FGSG_00529,16,0.45252058510525206,6.944575527246159,FGSG_00330;FGSG_01422;FGSG_02272;FGSG_02461;FGSG_03061;FGSG_03546;FGSG_03548;FGSG_03894;FGSG_03992;FGSG_04458;FGSG_05610;FGSG_08601;FGSG_09012;FGSG_09456;FGSG_09834;FGSG_10347,1,ammonium transporter MEP1,GO:0008519;GO:0016021;GO:0072488,4.803172221646511,11,-0.637046494031646,3.15806212195096e-10,0,0.6352112676056337
FGSG_07411,5,0.4281212005567956,2.1013399493705602,FGSG_00743;FGSG_03894;FGSG_04589;FGSG_10922;FGSG_12180,1,uncharacterized protein,GO:0016021;GO:0055085,1.6856061287686555,4,-1.58048522517909,2.5095798799730803e-20,1,0.6351441985244802
FGSG_07019,11,0.4594603693881027,4.801122272200542,FGSG_00330;FGSG_03546;FGSG_03547;FGSG_03548;FGSG_03992;FGSG_04458;FGSG_04591;FGSG_08601;FGSG_09280;FGSG_09834;FGSG_10347,1,uncharacterized protein,GO:0003860;GO:0005739;GO:0006574,4.801122272200542,11,-0.519143044641341,4.3457640708129094e-11,0,0.635010060362173
FGSG_08803,12,0.4664558059297374,5.19974983818419,FGSG_00330;FGSG_03546;FGSG_03547;FGSG_03548;FGSG_03992;FGSG_04458;FGSG_04589;FGSG_04591;FGSG_08601;FGSG_08712;FGSG_09834;FGSG_10347,1,uncharacterized protein,GO:0005634;GO:0005737;GO:0015937;GO:0016874;GO:1990143,4.797374351241323,11,-0.605918379740343,1.79575576490307e-06,0,0.6348088531187123
FGSG_02559,19,0.4956480467249493,8.371054659430671,FGSG_00743;FGSG_01422;FGSG_02272;FGSG_02461;FGSG_03061;FGSG_03548;FGSG_03894;FGSG_04458;FGSG_04589;FGSG_04590;FGSG_05610;FGSG_08601;FGSG_08712;FGSG_08774;FGSG_09012;FGSG_09456;FGSG_09834;FGSG_10347;FGSG_12180,1,uncharacterized protein,,4.790271479606652,11,-0.329968180964448,0.0363828651613032,0,0.6346076458752515
FGSG_01425,19,0.45528481552977557,8.16306310236128,FGSG_00330;FGSG_00743;FGSG_01422;FGSG_02272;FGSG_02461;FGSG_03061;FGSG_03546;FGSG_03548;FGSG_03894;FGSG_04458;FGSG_04589;FGSG_05610;FGSG_08601;FGSG_08712;FGSG_08774;FGSG_09012;FGSG_09456;FGSG_09834;FGSG_10347,1,plasma membrane ATPase,GO:0005524;GO:0006754;GO:0008553;GO:0016021;GO:0046872;GO:1902600,4.774975731728552,11,-0.863106942450147,1.92209899752425e-11,0,0.6331991951710262
FGSG_00731,28,0.4979698727026886,12.045356801371572,FGSG_00743;FGSG_00765;FGSG_01422;FGSG_02030;FGSG_02271;FGSG_02272;FGSG_02461;FGSG_03061;FGSG_03894;FGSG_04458;FGSG_04588;FGSG_04589;FGSG_04590;FGSG_04593;FGSG_05368;FGSG_05610;FGSG_07075;FGSG_07528;FGSG_08712;FGSG_08774;FGSG_09012;FGSG_09456;FGSG_09834;FGSG_10347;FGSG_10947;FGSG_11206;FGSG_12180;FGSG_13136,1,uncharacterized protein,GO:0016021,4.771683984318031,11,-0.371156654525413,6.21713936534397e-05,0,0.6329979879275653
FGSG_05264,20,0.4815415372866395,8.733803449325109,FGSG_00743;FGSG_01422;FGSG_02271;FGSG_02272;FGSG_02461;FGSG_03061;FGSG_03546;FGSG_03548;FGSG_03894;FGSG_04458;FGSG_04590;FGSG_05610;FGSG_07075;FGSG_08601;FGSG_08712;FGSG_08774;FGSG_09012;FGSG_09456;FGSG_09834;FGSG_10347,1,uncharacterized protein,GO:0003677,4.768821594789759,11,-0.482351829348459,9.4525221025548e-05,0,0.6327967806841046
FGSG_00720,20,0.47758876740892436,8.667827811362997,FGSG_00330;FGSG_01422;FGSG_02271;FGSG_02272;FGSG_02461;FGSG_03061;FGSG_03295;FGSG_03548;FGSG_03894;FGSG_03992;FGSG_04458;FGSG_04590;FGSG_05610;FGSG_07075;FGSG_07528;FGSG_08712;FGSG_09012;FGSG_09456;FGSG_09834;FGSG_10347,1,uncharacterized protein,,4.7683381016978705,11,-0.561402985470939,7.64831744866155e-14,0,0.6325955734406439
FGSG_05892,13,0.4617402568725783,5.575421549817738,FGSG_00330;FGSG_00743;FGSG_03061;FGSG_03546;FGSG_03547;FGSG_03548;FGSG_03894;FGSG_04458;FGSG_04589;FGSG_05610;FGSG_08601;FGSG_09834;FGSG_10347,1,uncharacterized protein,GO:0016021,4.766272664763326,11,-0.994480489045402,1.08155040246884e-20,0,0.6321931589537223
FGSG_10874,26,0.5006006540763198,11.17466866367121,FGSG_00743;FGSG_00765;FGSG_01422;FGSG_02030;FGSG_02272;FGSG_02461;FGSG_02972;FGSG_03061;FGSG_03747;FGSG_03894;FGSG_04588;FGSG_04589;FGSG_04593;FGSG_05368;FGSG_05610;FGSG_08493;FGSG_08712;FGSG_08774;FGSG_09012;FGSG_10347;FGSG_10444;FGSG_10922;FGSG_10947;FGSG_12180;FGSG_12223;FGSG_13136,1,uncharacterized protein,,4.765555225691316,11,-0.560538390765232,0.0001625362241597,0,0.6319919517102616
FGSG_01182,16,0.4539023950103754,6.804197351293485,FGSG_00330;FGSG_00743;FGSG_01422;FGSG_02272;FGSG_03061;FGSG_03546;FGSG_03548;FGSG_03894;FGSG_04458;FGSG_04589;FGSG_05610;FGSG_08601;FGSG_09012;FGSG_09456;FGSG_09834;FGSG_10347,1,uncharacterized protein,GO:0000781;GO:0003690;GO:0003887;GO:0006272;GO:0006273;GO:0006348;GO:0008622;GO:0008623;GO:0031492;GO:0042276;GO:0042766;GO:0043044;GO:0046982;GO:0070868;GO:0090399,4.764596138602334,11,-0.67414928634217,2.77797372463843e-06,0,0.6317907444668007
FGSG_06268,18,0.4498830733866592,7.7010003591244205,FGSG_00330;FGSG_00743;FGSG_01422;FGSG_02272;FGSG_02461;FGSG_03061;FGSG_03546;FGSG_03548;FGSG_03894;FGSG_04458;FGSG_04589;FGSG_05610;FGSG_08601;FGSG_08774;FGSG_09012;FGSG_09456;FGSG_09834;FGSG_10347,1,cytochrome c oxidase polypeptide VIb,GO:0004129;GO:0005758;GO:1902600,4.76327749897076,11,-0.602141110472783,2.42499783090918e-08,0,0.63158953722334
FGSG_02516,6,0.44652598032720664,2.537041451306936,FGSG_00743;FGSG_03894;FGSG_04589;FGSG_05610;FGSG_10922;FGSG_12180,1,uncharacterized protein,GO:0003677;GO:0046983,1.7009288968741199,4,-1.39968450029203,2.51348731269847e-19,1,0.6315224681421865
FGSG_01003,5,0.4324614649251554,2.0872882777991824,FGSG_00743;FGSG_03894;FGSG_04589;FGSG_10922;FGSG_12180,1,uncharacterized protein,GO:0016021,1.676489208679711,4,-1.57583671996068,9.28385002595836e-08,1,0.6315224681421865
FGSG_08943,11,0.45445050956690186,4.76304963754833,FGSG_00330;FGSG_03546;FGSG_03547;FGSG_03548;FGSG_03992;FGSG_04458;FGSG_04591;FGSG_08601;FGSG_09280;FGSG_09834;FGSG_10347,1,2-deoxy-D-gluconate 3-dehydrogenase,GO:0016491;GO:0055114,4.76304963754833,11,-0.821554712390569,1.6729759045989798e-11,0,0.6313883299798793
FGSG_10108,19,0.47827702185639065,8.25164565538751,FGSG_00330;FGSG_00743;FGSG_01422;FGSG_02271;FGSG_02272;FGSG_02461;FGSG_03061;FGSG_03546;FGSG_03548;FGSG_03894;FGSG_04458;FGSG_04590;FGSG_05610;FGSG_07075;FGSG_08712;FGSG_09012;FGSG_09456;FGSG_09834;FGSG_10347,1,uncharacterized protein,,4.7622871882712685,11,-0.672234038713731,7.2803305632885e-05,0,0.6311871227364185
FGSG_10281,13,0.45979362738325846,5.59846671251089,FGSG_02321;FGSG_02323;FGSG_02324;FGSG_02325;FGSG_02326;FGSG_02327;FGSG_02328;FGSG_02329;FGSG_02903;FGSG_08083;FGSG_10670;FGSG_11326;FGSG_13952,2,uncharacterized protein,,4.762006307241015,11,0.426504128552635,2.29759471853211e-07,0,0.6309859154929577
FGSG_04581,14,0.46129260388857896,5.998503741294989,FGSG_01866;FGSG_02321;FGSG_02323;FGSG_02324;FGSG_02325;FGSG_02326;FGSG_02327;FGSG_02328;FGSG_02329;FGSG_03842;FGSG_08083;FGSG_08795;FGSG_11326;FGSG_13952,2,uncharacterized protein,GO:0000104;GO:0000981;GO:0003677;GO:0005634;GO:0006099;GO:0006351;GO:0006357;GO:0008270;GO:0009055;GO:0016020,4.761169851929206,11,0.484477787611162,1.57952503459834e-06,0,0.630784708249497
FGSG_13459,4,0.41872095806679355,1.6389190559454785,FGSG_02326;FGSG_02327;FGSG_02328;FGSG_02329,2,uncharacterized protein,GO:0004497;GO:0005506;GO:0008168;GO:0016021;GO:0016705;GO:0020037;GO:0032259;GO:0055114,1.6389190559454785,4,2.02709226088823,1.0338384128854202e-09,1,0.6305835010060363
FGSG_02524,19,0.46626308644092807,8.227368297761664,FGSG_00330;FGSG_00743;FGSG_01422;FGSG_02272;FGSG_02461;FGSG_03061;FGSG_03546;FGSG_03548;FGSG_03894;FGSG_04458;FGSG_04590;FGSG_05610;FGSG_08601;FGSG_08712;FGSG_08774;FGSG_09012;FGSG_09456;FGSG_09834;FGSG_10347,1,uncharacterized protein,,4.757269889984736,11,-0.47971411135708,0.000797464898204,0,0.6305835010060362
FGSG_04937,19,0.48753462891854643,8.328370700844658,FGSG_00743;FGSG_01422;FGSG_02272;FGSG_02461;FGSG_03061;FGSG_03546;FGSG_03548;FGSG_03894;FGSG_04458;FGSG_04589;FGSG_04590;FGSG_05610;FGSG_08601;FGSG_08712;FGSG_08774;FGSG_09012;FGSG_09456;FGSG_09834;FGSG_10347,1,uncharacterized protein,,4.75685604392407,11,-0.446324239824244,0.0204504926908323,0,0.6303822937625755
FGSG_06246,20,0.49407813583267346,8.628550088580083,FGSG_00743;FGSG_01422;FGSG_02272;FGSG_02461;FGSG_02554;FGSG_02972;FGSG_03061;FGSG_03894;FGSG_04458;FGSG_04589;FGSG_04593;FGSG_05610;FGSG_08601;FGSG_08712;FGSG_08774;FGSG_09012;FGSG_10347;FGSG_10922;FGSG_12180;FGSG_12223,1,heat shock protein 60,GO:0003688;GO:0003697;GO:0003779;GO:0005524;GO:0005758;GO:0006458;GO:0016887;GO:0031966;GO:0042026;GO:0042645;GO:0045041;GO:0050821;GO:0051082;GO:0051087;GO:0051131;GO:0051604,4.755767663075981,11,-0.664511629153587,3.9806185316880004e-11,0,0.6301810865191146
FGSG_11440,4,0.4148627883384357,1.6375671698568517,FGSG_03546;FGSG_03547;FGSG_03548;FGSG_08601,1,uncharacterized protein,GO:0005506;GO:0016491;GO:0055114,1.6375671698568517,4,-1.98998250786055,3.87584805380397e-107,1,0.6301140174379611
FGSG_07959,11,0.45392184574770167,4.754218432849935,FGSG_00330;FGSG_03546;FGSG_03547;FGSG_03548;FGSG_03992;FGSG_04458;FGSG_04591;FGSG_08601;FGSG_09280;FGSG_09834;FGSG_10347,1,uncharacterized protein,,4.754218432849935,11,-0.621075301459954,5.17570465819473e-05,0,0.6299798792756539
FGSG_09480,19,0.47892186097108447,8.248853705064795,FGSG_00330;FGSG_00743;FGSG_01422;FGSG_02271;FGSG_02272;FGSG_02461;FGSG_03061;FGSG_03548;FGSG_03894;FGSG_03992;FGSG_04458;FGSG_04590;FGSG_05610;FGSG_07075;FGSG_08712;FGSG_09012;FGSG_09456;FGSG_09834;FGSG_10347,1,uncharacterized protein,,4.753854927753503,11,-0.3796026202803,0.0059211909571893,0,0.6297786720321932
FGSG_11771,19,0.4935105199753338,8.315698620258988,FGSG_00743;FGSG_01422;FGSG_02272;FGSG_02461;FGSG_03061;FGSG_03548;FGSG_03894;FGSG_04458;FGSG_04589;FGSG_04590;FGSG_05610;FGSG_08601;FGSG_08712;FGSG_08774;FGSG_09012;FGSG_09456;FGSG_09834;FGSG_10347;FGSG_12180,1,uncharacterized protein,,4.752821261595554,11,-0.552753757124579,0.0001531517814574,0,0.6295774647887323
FGSG_13392,18,0.45748592331111404,7.646343071701155,FGSG_00007;FGSG_01866;FGSG_02321;FGSG_02324;FGSG_02325;FGSG_02326;FGSG_02327;FGSG_02328;FGSG_02329;FGSG_03539;FGSG_03541;FGSG_03842;FGSG_03881;FGSG_08081;FGSG_08082;FGSG_08083;FGSG_11326;FGSG_13952,2,uncharacterized protein,,4.750400101409443,11,0.743194499287143,1.62396644154427e-14,0,0.6293762575452716
FGSG_07625,6,0.42120127166416843,2.4785391131535808,FGSG_03546;FGSG_03548;FGSG_04458;FGSG_08601;FGSG_09456;FGSG_09834,1,alpha-L-arabinofuranosidase precursor,GO:0046373;GO:0046556,2.0745766140829605,5,-1.08371807769875,0.0051606994161469,1,0.6291750503018108
FGSG_08313,11,0.4582255790242636,4.744832440928549,FGSG_00330;FGSG_03546;FGSG_03547;FGSG_03548;FGSG_03992;FGSG_04458;FGSG_04591;FGSG_08601;FGSG_09280;FGSG_09834;FGSG_10347,1,uncharacterized protein,GO:0001401;GO:0006461;GO:0015266;GO:0031307;GO:0045040,4.744832440928549,11,-0.8382263153229,1.71189296808215e-22,0,0.6285714285714286
FGSG_13396,11,0.4601483458466166,4.7435609948432615,FGSG_00330;FGSG_03546;FGSG_03547;FGSG_03548;FGSG_03894;FGSG_04458;FGSG_04589;FGSG_04591;FGSG_08601;FGSG_09834;FGSG_10347,1,uncharacterized protein,,4.7435609948432615,11,-0.696748806028606,2.12592715823265e-12,0,0.6281690140845071
FGSG_02671,15,0.4570370362561573,6.3850648888270864,FGSG_00007;FGSG_01866;FGSG_02321;FGSG_02323;FGSG_02324;FGSG_02325;FGSG_02326;FGSG_02327;FGSG_02328;FGSG_02329;FGSG_03842;FGSG_08082;FGSG_08083;FGSG_11326;FGSG_13952,2,uncharacterized protein,GO:0016021;GO:0055085,4.741375904647099,11,0.723782406648708,3.69430365954942e-11,0,0.6279678068410462
FGSG_00796,18,0.4520247578943154,7.7505256879822175,FGSG_00330;FGSG_00743;FGSG_01422;FGSG_02272;FGSG_02461;FGSG_03061;FGSG_03546;FGSG_03548;FGSG_03894;FGSG_04458;FGSG_04590;FGSG_05610;FGSG_08601;FGSG_08712;FGSG_09012;FGSG_09456;FGSG_09834;FGSG_10347,1,uncharacterized protein,GO:0003677;GO:0005634;GO:0006302;GO:0006310,4.740806235735147,11,-0.623829319999813,0.0054030107105178,0,0.6277665995975855
FGSG_04600,16,0.45393096187121024,6.810073360722246,FGSG_00007;FGSG_01866;FGSG_02321;FGSG_02324;FGSG_02325;FGSG_02326;FGSG_02327;FGSG_02328;FGSG_02329;FGSG_03539;FGSG_03842;FGSG_03881;FGSG_08083;FGSG_09187;FGSG_11326;FGSG_13952,2,uncharacterized protein,,4.7380664400197965,11,0.848191052965389,1.95658076673916e-08,0,0.6275653923541247
FGSG_08519,18,0.4831640268924219,7.7704407545845,FGSG_00743;FGSG_01422;FGSG_02272;FGSG_02461;FGSG_03061;FGSG_03546;FGSG_03548;FGSG_03894;FGSG_04458;FGSG_04589;FGSG_05610;FGSG_08601;FGSG_08712;FGSG_08774;FGSG_09012;FGSG_09834;FGSG_10347;FGSG_12180,1,uncharacterized protein,GO:0005452;GO:0015698;GO:0016021,4.736072876493883,11,-0.456417902906626,0.0013685575340113,0,0.6273641851106639
FGSG_08680,19,0.4688861828335964,8.199401332771721,FGSG_00330;FGSG_01422;FGSG_02271;FGSG_02272;FGSG_02461;FGSG_03061;FGSG_03295;FGSG_03548;FGSG_03894;FGSG_03992;FGSG_04458;FGSG_04590;FGSG_05610;FGSG_07075;FGSG_07528;FGSG_08712;FGSG_09456;FGSG_09834;FGSG_10347,1,uncharacterized protein,GO:0004594;GO:0005524;GO:0015937;GO:0016310,4.732469057952883,11,-0.313246731680728,0.0003466890491366,0,0.6271629778672032
FGSG_01918,16,0.4593716086810619,6.769407729872524,FGSG_01866;FGSG_02320;FGSG_02321;FGSG_02323;FGSG_02324;FGSG_02325;FGSG_02326;FGSG_02327;FGSG_02328;FGSG_02329;FGSG_03842;FGSG_03881;FGSG_08083;FGSG_09187;FGSG_11326;FGSG_13952,2,uncharacterized protein,GO:0003723;GO:0004652;GO:0005634;GO:0031123;GO:0043631,4.732098071443682,11,0.762683384353873,6.70826437327453e-08,0,0.6269617706237425
FGSG_07907,11,0.4631605284055676,4.7281490045830825,FGSG_00330;FGSG_03546;FGSG_03547;FGSG_03548;FGSG_03992;FGSG_04458;FGSG_04589;FGSG_04591;FGSG_08601;FGSG_09834;FGSG_10347,1,uncharacterized protein,GO:0005739;GO:0016740;GO:0016787,4.7281490045830825,11,-0.853414047715101,1.28872298168132e-32,0,0.6267605633802816
FGSG_00282,16,0.44537427532168333,6.764697226064753,FGSG_00330;FGSG_00743;FGSG_01422;FGSG_02272;FGSG_03061;FGSG_03546;FGSG_03548;FGSG_03894;FGSG_04458;FGSG_04589;FGSG_05610;FGSG_08601;FGSG_09012;FGSG_09456;FGSG_09834;FGSG_10347,1,uncharacterized protein,,4.719538781729154,11,-0.936063145387207,0.028502867721505,0,0.6265593561368209
FGSG_02491,18,0.45009526322513227,7.614957559361388,FGSG_00330;FGSG_00743;FGSG_01422;FGSG_02272;FGSG_02461;FGSG_03061;FGSG_03546;FGSG_03548;FGSG_03894;FGSG_04458;FGSG_04589;FGSG_05610;FGSG_08601;FGSG_08774;FGSG_09012;FGSG_09456;FGSG_09834;FGSG_10347,1,uncharacterized protein,GO:0000287;GO:0005634;GO:0005829;GO:0016311;GO:0019284;GO:0019509;GO:0043715;GO:0043716;GO:0043874,4.71490222323395,11,-0.64553362651782,1.18026976044098e-05,0,0.6261569416498994
FGSG_13782,4,0.4221550543272418,1.6636293569005005,FGSG_03546;FGSG_03548;FGSG_04458;FGSG_08601,1,uncharacterized protein,,1.6636293569005005,4,-1.53691048590455,0.0068271875637057,1,0.6259557344064386
FGSG_11062,15,0.4533643472024232,6.332734535717651,FGSG_00007;FGSG_01866;FGSG_02321;FGSG_02323;FGSG_02324;FGSG_02325;FGSG_02326;FGSG_02327;FGSG_02328;FGSG_02329;FGSG_03842;FGSG_08082;FGSG_08083;FGSG_11326;FGSG_13952,2,uncharacterized protein,GO:0016021;GO:0016740,4.71343619631793,11,0.785662623108797,1.05443076226823e-10,0,0.6259557344064386
FGSG_07366,9,0.4610556364171918,3.906923296102444,FGSG_02271;FGSG_02272;FGSG_02461;FGSG_03061;FGSG_03894;FGSG_05610;FGSG_07075;FGSG_09456;FGSG_13136,1,uncharacterized protein,GO:0016021,1.7658125743018753,4,-1.23129753897993,5.80957356015717e-27,1,0.6256203890006706
FGSG_07192,17,0.4738725391615743,7.332063811118395,FGSG_00330;FGSG_00743;FGSG_01422;FGSG_02272;FGSG_02461;FGSG_03061;FGSG_03894;FGSG_04458;FGSG_04589;FGSG_04590;FGSG_05610;FGSG_08601;FGSG_08712;FGSG_08774;FGSG_09834;FGSG_10347;FGSG_12180,1,cutinase transcription factor 1 beta,GO:0000981;GO:0003677;GO:0005634;GO:0006351;GO:0006357;GO:0008270,4.70502070964208,11,-0.813412031951168,1.71123792833633e-06,0,0.6251509054325955
FGSG_01028,18,0.47252669702513517,7.635524348559279,FGSG_00743;FGSG_01422;FGSG_02272;FGSG_02461;FGSG_03061;FGSG_03546;FGSG_03548;FGSG_03894;FGSG_04458;FGSG_04589;FGSG_05610;FGSG_08601;FGSG_08712;FGSG_08774;FGSG_09012;FGSG_10347;FGSG_10922;FGSG_12180,1,uncharacterized protein,GO:0005739;GO:0006457;GO:0009060;GO:0016021;GO:0016226;GO:0051087;GO:0051259,4.701893444546638,11,-0.845678267460368,9.442159357412021e-09,0,0.6249496981891348
FGSG_12590,13,0.4513423791297701,5.525861497425415,FGSG_02321;FGSG_02323;FGSG_02324;FGSG_02325;FGSG_02326;FGSG_02327;FGSG_02328;FGSG_02329;FGSG_02903;FGSG_03842;FGSG_08083;FGSG_11326;FGSG_13952,2,uncharacterized protein,,4.697683470140137,11,0.783886574233992,0.0518829096693449,0,0.6247484909456741
FGSG_09805,18,0.4782751972723575,7.708782866290098,FGSG_00743;FGSG_01422;FGSG_02272;FGSG_02461;FGSG_03061;FGSG_03546;FGSG_03548;FGSG_03894;FGSG_04458;FGSG_04589;FGSG_05610;FGSG_08601;FGSG_08712;FGSG_08774;FGSG_09012;FGSG_09834;FGSG_10347;FGSG_12180,1,uncharacterized protein,GO:0004081;GO:0005829;GO:0006154;GO:0017111,4.689583229827491,11,-0.992182071170284,2.05521442033808e-06,0,0.6243460764587525
FGSG_05632,16,0.4453230606331474,6.774456175314509,FGSG_00330;FGSG_00743;FGSG_01422;FGSG_02272;FGSG_03061;FGSG_03546;FGSG_03548;FGSG_03894;FGSG_04458;FGSG_04589;FGSG_05610;FGSG_08601;FGSG_08712;FGSG_09012;FGSG_09834;FGSG_10347,1,uncharacterized protein,GO:0003756;GO:0005634;GO:0005829;GO:0006457;GO:0016972;GO:0030176;GO:0055114,4.688048744547798,11,-0.413179213115433,0.0015870567701673,0,0.6241448692152917
FGSG_01990,19,0.4475267677259173,7.98069307097877,FGSG_00007;FGSG_01866;FGSG_02321;FGSG_02323;FGSG_02324;FGSG_02325;FGSG_02326;FGSG_02327;FGSG_02328;FGSG_02329;FGSG_03532;FGSG_03881;FGSG_08081;FGSG_08083;FGSG_08795;FGSG_10670;FGSG_11326;FGSG_12211;FGSG_13952,2,uncharacterized protein,GO:0003333;GO:0015171;GO:0016021,4.676097222886591,11,0.918431286963422,1.6732636260221098e-12,0,0.6237424547283702
FGSG_08885,16,0.46457277536207237,6.766693043147544,FGSG_00743;FGSG_02272;FGSG_03061;FGSG_03546;FGSG_03548;FGSG_03894;FGSG_04458;FGSG_04589;FGSG_05610;FGSG_08601;FGSG_08712;FGSG_08774;FGSG_09012;FGSG_10347;FGSG_10922;FGSG_12180,1,uncharacterized protein,,4.675553269898089,11,-0.587432050780673,5.0385619631938e-07,0,0.6233400402414486
FGSG_02908,29,0.45537129649503605,12.421166267269099,FGSG_00007;FGSG_01866;FGSG_02255;FGSG_02321;FGSG_02326;FGSG_02327;FGSG_02328;FGSG_02329;FGSG_03532;FGSG_03535;FGSG_03539;FGSG_03541;FGSG_03543;FGSG_03600;FGSG_03842;FGSG_03881;FGSG_07896;FGSG_08077;FGSG_08078;FGSG_08079;FGSG_08081;FGSG_08082;FGSG_08083;FGSG_08084;FGSG_08795;FGSG_09064;FGSG_09187;FGSG_12211;FGSG_13952,2,uncharacterized protein,GO:0004497;GO:0005506;GO:0016708;GO:0019439;GO:0051537;GO:0055114,4.666870989070242,11,0.878786960340147,6.35394875018494e-29,0,0.6231388329979879
FGSG_07858,12,0.44195683617732295,5.067367692349536,FGSG_00330;FGSG_03546;FGSG_03547;FGSG_03548;FGSG_03992;FGSG_04458;FGSG_04591;FGSG_08601;FGSG_09280;FGSG_09456;FGSG_09834;FGSG_10347,1,uncharacterized protein,GO:0003677;GO:0004003;GO:0005215;GO:0005524;GO:0005634;GO:0006139;GO:0016021;GO:0032508;GO:0055085,4.664385502163228,11,-0.706627857633474,1.86702774095106e-05,0,0.6229376257545272
FGSG_00790,19,0.4542018680515899,7.997466552929875,FGSG_00330;FGSG_01422;FGSG_02271;FGSG_02272;FGSG_02461;FGSG_03061;FGSG_03295;FGSG_03546;FGSG_03548;FGSG_03992;FGSG_04458;FGSG_04590;FGSG_05610;FGSG_07075;FGSG_07528;FGSG_08712;FGSG_09456;FGSG_09834;FGSG_10347,1,uncharacterized protein,,4.663059285505891,11,-0.391139197454605,0.0008839134323872,0,0.6227364185110664
FGSG_01554,15,0.4385517103242619,6.350399921905846,FGSG_00330;FGSG_00743;FGSG_01422;FGSG_02272;FGSG_03061;FGSG_03548;FGSG_03894;FGSG_04458;FGSG_04589;FGSG_04590;FGSG_05610;FGSG_08601;FGSG_08712;FGSG_09834;FGSG_10347,1,uncharacterized protein,,4.633975600230533,11,-0.357754042058682,0.001785895224488,0,0.6223340040241448
FGSG_07743,12,0.47207110309709327,5.256948561748129,FGSG_00743;FGSG_00765;FGSG_02271;FGSG_02272;FGSG_02461;FGSG_03061;FGSG_03894;FGSG_04309;FGSG_05610;FGSG_08774;FGSG_09012;FGSG_13136,1,uncharacterized protein,,1.7910288460618975,4,-1.1489563398411,3.4337836961895404e-15,1,0.6222669349429912
FGSG_05966,15,0.4336456276546122,6.271593760316968,FGSG_00330;FGSG_00743;FGSG_01422;FGSG_02272;FGSG_03061;FGSG_03546;FGSG_03548;FGSG_03894;FGSG_04458;FGSG_04589;FGSG_05610;FGSG_08601;FGSG_08712;FGSG_09834;FGSG_10347,1,uncharacterized protein,GO:0016021,4.614328529188286,11,-0.351938563341449,0.0145350053992851,0,0.6221327967806841
FGSG_07137,15,0.43208739349496567,6.271392947899571,FGSG_00330;FGSG_00743;FGSG_01422;FGSG_02272;FGSG_03061;FGSG_03546;FGSG_03548;FGSG_03894;FGSG_04458;FGSG_04589;FGSG_05610;FGSG_08601;FGSG_08712;FGSG_09834;FGSG_10347,1,uncharacterized protein,GO:0003677;GO:0003899;GO:0005666;GO:0006383,4.612351869722502,11,-0.329600867923448,0.0424391727717948,0,0.6219315895372233
FGSG_01230,14,0.44925824685648474,5.805321951632139,FGSG_00330;FGSG_02272;FGSG_03061;FGSG_03295;FGSG_03546;FGSG_03548;FGSG_03992;FGSG_04458;FGSG_04590;FGSG_07075;FGSG_09280;FGSG_09456;FGSG_09834;FGSG_10347,1,phosphate carrier protein 2,GO:0005315;GO:0005739;GO:0006817;GO:0016021;GO:0055085,4.555488394702897,11,-0.277691009588277,0.0014313487030122,0,0.6215291750503018
FGSG_08872,12,0.46699979566131666,5.26720588629103,FGSG_02321;FGSG_02323;FGSG_02324;FGSG_02325;FGSG_02326;FGSG_02327;FGSG_02328;FGSG_02329;FGSG_03842;FGSG_08083;FGSG_11326;FGSG_13952,2,uncharacterized protein,,4.4283790870689055,10,0.347595374626556,7.00462091776571e-07,0,0.6209255533199195
FGSG_09836,12,0.45816763765667406,5.2384775758775675,FGSG_02321;FGSG_02323;FGSG_02324;FGSG_02325;FGSG_02326;FGSG_02327;FGSG_02328;FGSG_02329;FGSG_03842;FGSG_08083;FGSG_11326;FGSG_13952,2,uncharacterized protein,,4.406413286041412,10,0.63034544969238,8.34755477169628e-08,0,0.6207243460764588
FGSG_05676,12,0.461245138458678,5.2213708178478555,FGSG_02321;FGSG_02323;FGSG_02324;FGSG_02325;FGSG_02326;FGSG_02327;FGSG_02328;FGSG_02329;FGSG_03842;FGSG_08083;FGSG_11326;FGSG_13952,2,uncharacterized protein,GO:0004843;GO:0005622;GO:0006511;GO:0016021,4.397797907609228,10,0.60555439987852,1.50388703235357e-05,0,0.6199195171026156
FGSG_05520,17,0.45609592097587004,7.251335447962953,FGSG_00007;FGSG_01866;FGSG_02321;FGSG_02323;FGSG_02324;FGSG_02325;FGSG_02326;FGSG_02327;FGSG_02328;FGSG_02329;FGSG_03539;FGSG_03541;FGSG_03842;FGSG_03881;FGSG_08083;FGSG_11326;FGSG_13952,2,uncharacterized protein,GO:0000070;GO:0000122;GO:0000775;GO:0000781;GO:0005829;GO:0006283;GO:0006348;GO:0008180;GO:0016874;GO:0030466;GO:0030702;GO:0031048;GO:0031507;GO:0031625;GO:0034613;GO:0042787;GO:0043494;GO:0051446;GO:0051570;GO:1903467,4.387575603275501,10,0.446113308642462,3.2571322005641e-06,0,0.6195171026156941
FGSG_09390,17,0.4476193088608211,7.386830952442851,FGSG_00330;FGSG_00743;FGSG_01422;FGSG_02272;FGSG_02461;FGSG_03061;FGSG_03546;FGSG_03548;FGSG_03894;FGSG_04458;FGSG_05610;FGSG_08601;FGSG_08712;FGSG_09012;FGSG_09456;FGSG_09834;FGSG_10347,1,uncharacterized protein,,4.381327146208175,10,-0.842033271036454,0.0015879076605317,0,0.6191146881287726
FGSG_09334,6,0.45975764160256477,2.537753562912444,FGSG_00743;FGSG_03747;FGSG_03894;FGSG_05610;FGSG_08774;FGSG_10922,1,uncharacterized protein,,1.286357327086251,3,-3.4092047255105,1.47792742620652e-05,1,0.6190476190476191
FGSG_03731,13,0.46242963422600775,5.624841831122121,FGSG_01866;FGSG_02321;FGSG_02323;FGSG_02324;FGSG_02325;FGSG_02326;FGSG_02327;FGSG_02328;FGSG_02329;FGSG_03842;FGSG_08083;FGSG_11326;FGSG_13952,2,uncharacterized protein,,4.379135691893471,10,0.970590679211192,0.0161841393919534,0,0.6185110663983904
FGSG_10403,25,0.48912508974145613,10.859372823522506,FGSG_00743;FGSG_01422;FGSG_02030;FGSG_02271;FGSG_02272;FGSG_02461;FGSG_03061;FGSG_03295;FGSG_03548;FGSG_03894;FGSG_03992;FGSG_04458;FGSG_04588;FGSG_04590;FGSG_05610;FGSG_07075;FGSG_07528;FGSG_08712;FGSG_08774;FGSG_09012;FGSG_09456;FGSG_09834;FGSG_10347;FGSG_10947;FGSG_13136,1,FMP21 protein,GO:0005759;GO:0034553,4.3778667560493725,10,-0.656080375686374,4.34441199546461e-06,0,0.6183098591549295
FGSG_02237,19,0.4945407316841345,8.35518916395281,FGSG_00743;FGSG_01422;FGSG_02271;FGSG_02272;FGSG_02461;FGSG_03061;FGSG_03548;FGSG_03894;FGSG_04458;FGSG_04589;FGSG_04590;FGSG_05610;FGSG_08712;FGSG_08774;FGSG_09012;FGSG_09456;FGSG_09834;FGSG_10347;FGSG_13136,1,uncharacterized protein,GO:0000082;GO:0000086;GO:0004842;GO:0007126;GO:0016363;GO:0031146;GO:0042787;GO:0043130;GO:0043224;GO:0051301,4.376203491856257,10,-0.216050886987872,0.0184676769014339,0,0.6181086519114688
FGSG_10109,18,0.4780665240256282,7.871128346347329,FGSG_00743;FGSG_01422;FGSG_02271;FGSG_02272;FGSG_02461;FGSG_03061;FGSG_03546;FGSG_03548;FGSG_03894;FGSG_04458;FGSG_04590;FGSG_05610;FGSG_07075;FGSG_08712;FGSG_09012;FGSG_09456;FGSG_09834;FGSG_10347,1,uncharacterized protein,GO:0008757;GO:0032259,4.368880523958494,10,-0.553429711673101,3.83226968851509e-05,0,0.6173038229376258
FGSG_09269,19,0.48693922781077426,8.28457131892889,FGSG_00743;FGSG_00765;FGSG_02272;FGSG_02461;FGSG_02972;FGSG_03061;FGSG_03747;FGSG_03894;FGSG_04589;FGSG_04593;FGSG_05368;FGSG_05610;FGSG_08493;FGSG_08774;FGSG_09012;FGSG_10444;FGSG_10922;FGSG_12180;FGSG_12223,1,uncharacterized protein,GO:0016021,4.36484814661426,10,-0.430798649733269,5.491235093542681e-10,0,0.617102615694165
FGSG_12975,11,0.45685404225744125,4.771226468678397,FGSG_00330;FGSG_03546;FGSG_03547;FGSG_03548;FGSG_03992;FGSG_04458;FGSG_04589;FGSG_08601;FGSG_08712;FGSG_09834;FGSG_10347,1,uncharacterized protein,GO:0000161;GO:0005634;GO:0005829;GO:0006457;GO:0019901;GO:0030474;GO:0031072;GO:0032872;GO:0050821;GO:0051082;GO:0051301;GO:0051726,4.364799182122393,10,-0.444858931539176,2.61102585225629e-05,0,0.6169014084507042
FGSG_03521,4,0.4143934150231613,1.6344164497298432,FGSG_03546;FGSG_03548;FGSG_09280;FGSG_09834,1,uncharacterized protein,,1.6344164497298432,4,-1.68264989693566,1.08447334212308e-10,1,0.6166331321260898
FGSG_10286,5,0.42893621647422914,2.0498549537875443,FGSG_02324;FGSG_02325;FGSG_02327;FGSG_02903;FGSG_11326,2,uncharacterized protein,GO:0003676;GO:0008270,2.0498549537875443,5,1.01655520870797,7.7968177404934e-21,1,0.6164319248826291
FGSG_03734,14,0.4547835970363091,5.985834250303368,FGSG_00007;FGSG_01866;FGSG_02321;FGSG_02324;FGSG_02325;FGSG_02326;FGSG_02327;FGSG_02328;FGSG_02329;FGSG_03842;FGSG_03881;FGSG_08083;FGSG_11326;FGSG_13952,2,uncharacterized protein,,4.347929676553422,10,0.699728869086525,4.11151955711254e-08,0,0.6160965794768611
FGSG_00279,17,0.48837955856763293,7.438104289091827,FGSG_00743;FGSG_01422;FGSG_02272;FGSG_02461;FGSG_03061;FGSG_03894;FGSG_04458;FGSG_04589;FGSG_04590;FGSG_05610;FGSG_08601;FGSG_08712;FGSG_08774;FGSG_09012;FGSG_09834;FGSG_10347;FGSG_12180,1,uncharacterized protein,,4.338991868016641,10,-0.780279668246339,9.20654198144353e-09,0,0.6152917505030181
FGSG_04058,14,0.4798536343689007,6.13239438970823,FGSG_00743;FGSG_00765;FGSG_01422;FGSG_02271;FGSG_02272;FGSG_02461;FGSG_03061;FGSG_03894;FGSG_04309;FGSG_05610;FGSG_08774;FGSG_09012;FGSG_11206;FGSG_13136,1,uncharacterized protein,GO:0016021,1.8328923217573663,4,-1.03799313530984,8.72700271223892e-16,1,0.6152246814218645
FGSG_07891,19,0.4901593868022352,8.178179371279137,FGSG_00743;FGSG_00765;FGSG_02272;FGSG_02461;FGSG_02972;FGSG_03061;FGSG_03747;FGSG_03894;FGSG_04589;FGSG_04593;FGSG_05610;FGSG_08493;FGSG_08712;FGSG_08774;FGSG_09012;FGSG_10444;FGSG_10922;FGSG_12180;FGSG_12223,1,uncharacterized protein,GO:0016021,4.3389236496198,10,-0.544449927800829,5.2924545459921e-11,0,0.6150905432595574
FGSG_13702,4,0.421815776871911,1.6607233626255617,FGSG_03546;FGSG_03547;FGSG_03548;FGSG_08601,1,uncharacterized protein,GO:0016021,1.6607233626255617,4,-1.37196422363949,1.38445415287297e-12,1,0.6150905432595574
FGSG_06195,17,0.49110755704550463,7.447525880700403,FGSG_00743;FGSG_01422;FGSG_02272;FGSG_02461;FGSG_03061;FGSG_03894;FGSG_04458;FGSG_04589;FGSG_04590;FGSG_05610;FGSG_08601;FGSG_08712;FGSG_08774;FGSG_09012;FGSG_09834;FGSG_10347;FGSG_12180,1,uncharacterized protein,,4.335789200796159,10,-0.809435481706538,9.9059463994381e-06,0,0.6146881287726358
FGSG_07566,12,0.4506995232634197,5.145225454135667,FGSG_02321;FGSG_02323;FGSG_02324;FGSG_02325;FGSG_02326;FGSG_02327;FGSG_02328;FGSG_02329;FGSG_03842;FGSG_08083;FGSG_11326;FGSG_13952,2,uncharacterized protein,GO:0016301;GO:0016310,4.3277996524842495,10,0.611303767674488,0.0004069535059494,0,0.6140845070422535
FGSG_03769,13,0.4528552452639644,5.56206298195331,FGSG_01866;FGSG_02321;FGSG_02323;FGSG_02324;FGSG_02325;FGSG_02326;FGSG_02327;FGSG_02328;FGSG_02329;FGSG_03842;FGSG_08083;FGSG_11326;FGSG_13952,2,uncharacterized protein,GO:0004185;GO:0006508,4.322441225988115,10,0.632705742867264,7.22303852050205e-07,0,0.6138832997987927
FGSG_12875,5,0.4205432166920476,2.0400565345310553,FGSG_00330;FGSG_03546;FGSG_03548;FGSG_04458;FGSG_08601,1,uncharacterized protein,GO:0000981;GO:0005634;GO:0006357;GO:0008270,2.0400565345310553,5,-1.00398900208644,3.93485460027646e-08,1,0.6137491616364856
FGSG_11307,4,0.42727865614179045,1.6790325655579892,FGSG_02326;FGSG_02327;FGSG_02328;FGSG_02329,2,uncharacterized protein,GO:0016021,1.6790325655579892,4,1.2673120775258,9.65711763288645e-17,1,0.6134808853118712
FGSG_13176,12,0.44872137812532115,5.129737278477958,FGSG_00007;FGSG_02321;FGSG_02324;FGSG_02325;FGSG_02326;FGSG_02327;FGSG_02328;FGSG_02329;FGSG_03842;FGSG_08083;FGSG_11326;FGSG_13952,2,uncharacterized protein,GO:0004497;GO:0005506;GO:0008168;GO:0016021;GO:0016705;GO:0020037;GO:0032259;GO:0055114,4.319964235877899,10,0.558755480011344,1.50525884096397e-07,0,0.6134808853118712
FGSG_05583,11,0.45224560724902724,4.719677660725396,FGSG_02321;FGSG_02324;FGSG_02325;FGSG_02326;FGSG_02327;FGSG_02328;FGSG_02329;FGSG_03842;FGSG_08083;FGSG_11326;FGSG_13952,2,uncharacterized protein,,4.313332850071632,10,0.794243519861962,0.0001865584192649,0,0.6124748490945674
FGSG_08530,22,0.4735232314921558,9.446389260985507,FGSG_00743;FGSG_01422;FGSG_02271;FGSG_02272;FGSG_02461;FGSG_02782;FGSG_03061;FGSG_03295;FGSG_03546;FGSG_03548;FGSG_03894;FGSG_04458;FGSG_04590;FGSG_05610;FGSG_07075;FGSG_07528;FGSG_08712;FGSG_08774;FGSG_09012;FGSG_09456;FGSG_09834;FGSG_10347,1,uncharacterized protein,GO:0005739;GO:0016021,4.313314847466435,10,-0.705731100425794,1.65863189735218e-07,0,0.6122736418511066
FGSG_06701,21,0.4957864275231517,9.082074504040513,FGSG_00743;FGSG_00765;FGSG_01422;FGSG_02030;FGSG_02271;FGSG_02272;FGSG_02461;FGSG_03061;FGSG_03894;FGSG_04458;FGSG_04589;FGSG_04590;FGSG_04593;FGSG_05610;FGSG_08712;FGSG_08774;FGSG_09012;FGSG_10347;FGSG_11206;FGSG_12180;FGSG_13136,1,uncharacterized protein,GO:0003676,4.3125884426469385,10,-0.466769093977145,9.12616639940472e-07,0,0.6120724346076459
FGSG_06473,26,0.4798279969437853,11.21856079704238,FGSG_00743;FGSG_01422;FGSG_02030;FGSG_02271;FGSG_02272;FGSG_02461;FGSG_02782;FGSG_03061;FGSG_03295;FGSG_03548;FGSG_03894;FGSG_03992;FGSG_04458;FGSG_04588;FGSG_04590;FGSG_05610;FGSG_06506;FGSG_07075;FGSG_07528;FGSG_08712;FGSG_08774;FGSG_09012;FGSG_09456;FGSG_09834;FGSG_10347;FGSG_13136,1,uncharacterized protein,GO:0003333;GO:0015171;GO:0016021,4.3111042624519955,10,-0.522978645970384,4.27189906166739e-06,0,0.6118712273641851
FGSG_11364,12,0.4507804393100263,5.1306935078112454,FGSG_02321;FGSG_02323;FGSG_02324;FGSG_02325;FGSG_02326;FGSG_02327;FGSG_02328;FGSG_02329;FGSG_03842;FGSG_08083;FGSG_11326;FGSG_13952,2,uncharacterized protein,GO:0000981;GO:0003677;GO:0005634;GO:0006351;GO:0006357;GO:0008270,4.308610159749335,10,0.900494866326335,0.0001735197284688,0,0.6116700201207244
FGSG_07584,13,0.4501411560785117,5.527006691827052,FGSG_01866;FGSG_02321;FGSG_02323;FGSG_02324;FGSG_02325;FGSG_02326;FGSG_02327;FGSG_02328;FGSG_02329;FGSG_03842;FGSG_08083;FGSG_11326;FGSG_13952,2,uncharacterized protein,GO:0016021;GO:0055085,4.30691625713633,10,0.808863359755055,0.0124013422094738,0,0.6114688128772635
FGSG_02792,10,0.47012107575081824,4.375798565660665,FGSG_00743;FGSG_02271;FGSG_02272;FGSG_02461;FGSG_03061;FGSG_03894;FGSG_05610;FGSG_08774;FGSG_09012;FGSG_13136,1,uncharacterized protein,GO:0000042;GO:0005622;GO:0016491;GO:0055114,1.7916496377735407,4,-1.02835993272783,0.0035703438589563,1,0.6100603621730383
FGSG_01470,17,0.49334583106272434,7.325807122285481,FGSG_00743;FGSG_01422;FGSG_02272;FGSG_02461;FGSG_03061;FGSG_03894;FGSG_04458;FGSG_04589;FGSG_04593;FGSG_05610;FGSG_08712;FGSG_08774;FGSG_09012;FGSG_10347;FGSG_10922;FGSG_12180;FGSG_12223,1,zinc-finger protein ZPR1,GO:0008270,4.290477318990353,10,-0.854536397996058,3.0813447600368e-09,0,0.6100603621730382
FGSG_00766,10,0.4599107588143399,4.290375293771978,FGSG_00330;FGSG_03546;FGSG_03547;FGSG_03548;FGSG_03992;FGSG_04458;FGSG_04589;FGSG_08601;FGSG_09834;FGSG_10347,1,uncharacterized protein,GO:0003729;GO:0005634;GO:0005829;GO:0006457;GO:0016021;GO:0030001;GO:0030544;GO:0042030;GO:0043086;GO:0046873;GO:0051879;GO:0055085,4.290375293771978,10,-0.571780052904183,2.0528738292973997e-12,0,0.6098591549295774
FGSG_09368,12,0.4502674630303154,5.111757570140964,FGSG_01866;FGSG_02321;FGSG_02324;FGSG_02325;FGSG_02326;FGSG_02327;FGSG_02328;FGSG_02329;FGSG_03842;FGSG_08083;FGSG_11326;FGSG_13952,2,uncharacterized protein,GO:0003677;GO:0005634;GO:0006351;GO:0008270,4.281707717789587,10,0.668124992003407,3.38934179534743e-05,0,0.609456740442656
FGSG_03481,14,0.4500386474089203,5.921548819379037,FGSG_00007;FGSG_01866;FGSG_02321;FGSG_02324;FGSG_02325;FGSG_02326;FGSG_02327;FGSG_02328;FGSG_02329;FGSG_03842;FGSG_03881;FGSG_08083;FGSG_11326;FGSG_13952,2,uncharacterized protein,GO:0006508;GO:0008237;GO:0016829,4.281328135028934,10,0.879268516204332,5.0820446054815e-07,0,0.6092555331991951
FGSG_03991,12,0.4508343949848762,5.093206173828744,FGSG_02321;FGSG_02323;FGSG_02324;FGSG_02325;FGSG_02326;FGSG_02327;FGSG_02328;FGSG_02329;FGSG_02903;FGSG_03842;FGSG_11326;FGSG_13952,2,uncharacterized protein,GO:0006406;GO:0008541;GO:0043248,4.28099247762644,10,0.400008089641475,6.5066366229259e-08,0,0.6090543259557344
FGSG_07350,4,0.4180418468564277,1.6414961219061146,FGSG_02326;FGSG_02327;FGSG_02328;FGSG_02329,2,uncharacterized protein,GO:0016021;GO:0022891;GO:0055085,1.6414961219061146,4,1.4242988578258,0.0048124323329869,1,0.6086519114688129
FGSG_03993,12,0.44716648752920735,5.092461148043106,FGSG_02321;FGSG_02323;FGSG_02324;FGSG_02325;FGSG_02326;FGSG_02327;FGSG_02328;FGSG_02329;FGSG_03842;FGSG_08083;FGSG_11326;FGSG_13952,2,homocitrate synthase,GO:0004410;GO:0005829;GO:0019878,4.277920356350675,10,0.68933389888715,3.60982995238958e-08,0,0.6084507042253521
FGSG_04384,14,0.44337874649552034,5.923671652134169,FGSG_00330;FGSG_01422;FGSG_02272;FGSG_03061;FGSG_03546;FGSG_03548;FGSG_03992;FGSG_04458;FGSG_05610;FGSG_08601;FGSG_09012;FGSG_09456;FGSG_09834;FGSG_10347,1,uncharacterized protein,GO:0001403;GO:0004828;GO:0005524;GO:0005739;GO:0007124;GO:0070158,4.27695232761089,10,-0.40054593252272,0.0019060357808645,0,0.6082494969818913
FGSG_00261,18,0.46312694055050635,7.703798428698065,FGSG_00743;FGSG_01422;FGSG_02271;FGSG_02272;FGSG_02461;FGSG_03061;FGSG_03546;FGSG_03548;FGSG_03894;FGSG_04458;FGSG_04590;FGSG_05610;FGSG_07075;FGSG_08712;FGSG_09012;FGSG_09456;FGSG_09834;FGSG_10347,1,uncharacterized protein,GO:0034975;GO:0072546,4.275221405891963,10,-0.279654939145591,0.0042349777452725,0,0.6080482897384305
FGSG_03591,7,0.44306699869042143,2.978451081773891,FGSG_00007;FGSG_03539;FGSG_03842;FGSG_08081;FGSG_08082;FGSG_08083;FGSG_13952,2,42 kDa endochitinase precursor,GO:0000272;GO:0004568;GO:0005576;GO:0006032,1.6929642737215822,4,1.14228458393722,3.19384268356523e-35,1,0.6078470824949698
FGSG_01397,18,0.4582288418950539,7.695568263782777,FGSG_00743;FGSG_01422;FGSG_02271;FGSG_02272;FGSG_02461;FGSG_03061;FGSG_03546;FGSG_03548;FGSG_03894;FGSG_04458;FGSG_04590;FGSG_05610;FGSG_07075;FGSG_08712;FGSG_09012;FGSG_09456;FGSG_09834;FGSG_10347,1,methionine aminopeptidase 1 precursor,GO:0006508;GO:0022626;GO:0046872;GO:0070006;GO:0070084,4.273453431698644,10,-0.169476599268467,0.110227983778808,0,0.6078470824949698
FGSG_06864,15,0.47917756367221864,6.409944830618505,FGSG_00743;FGSG_02272;FGSG_02461;FGSG_03061;FGSG_03340;FGSG_03894;FGSG_04458;FGSG_04589;FGSG_05610;FGSG_08601;FGSG_08774;FGSG_09012;FGSG_10347;FGSG_10922;FGSG_12180,1,uncharacterized protein,GO:0042407;GO:0044284;GO:0061617,4.272746619497367,10,-0.535278256282998,3.79974297213819e-08,0,0.607645875251509
FGSG_03568,14,0.4580958922356117,5.934141356081122,FGSG_00007;FGSG_01866;FGSG_02321;FGSG_02324;FGSG_02325;FGSG_02326;FGSG_02327;FGSG_02328;FGSG_02329;FGSG_03842;FGSG_03881;FGSG_08083;FGSG_11326;FGSG_13952,2,uncharacterized protein,GO:0008171;GO:0032259,4.272279444611163,10,0.59233039750708,0.0044139595779824,0,0.6074446680080483
FGSG_11904,10,0.4860987940229977,4.329844410491519,FGSG_00743;FGSG_00765;FGSG_02272;FGSG_02461;FGSG_03061;FGSG_03894;FGSG_05610;FGSG_08774;FGSG_09012;FGSG_10922,1,uncharacterized protein,GO:0004568;GO:0005975;GO:0006032,1.7531665033721873,4,-1.02754220060766,0.0009611416419234,1,0.6073105298457411
FGSG_02346,16,0.4502741922101448,6.7244286545880465,FGSG_00007;FGSG_01866;FGSG_02321;FGSG_02324;FGSG_02325;FGSG_02326;FGSG_02327;FGSG_02328;FGSG_02329;FGSG_03532;FGSG_03842;FGSG_03881;FGSG_08081;FGSG_08083;FGSG_11326;FGSG_13952,2,Delta(14)-sterol reductase,GO:0016021;GO:0016628;GO:0055114,4.269375549494604,10,0.597444822489376,5.77556898690726e-05,0,0.6070422535211267
FGSG_09301,7,0.4308441694761873,2.9008275937969104,FGSG_00007;FGSG_03539;FGSG_03842;FGSG_08081;FGSG_08082;FGSG_08083;FGSG_13952,2,uncharacterized protein,GO:0008080,1.675485087578009,4,1.20925827856435,9.05384675771123e-13,1,0.6063715627095909
FGSG_13465,4,0.43074521345772954,1.6937451564746617,FGSG_02326;FGSG_02327;FGSG_02328;FGSG_02329,2,uncharacterized protein,,1.6937451564746617,4,1.09689744569588,0.0031217758386804,1,0.6055667337357478
FGSG_08850,18,0.4956233199488614,7.691075177407464,FGSG_00743;FGSG_02272;FGSG_02461;FGSG_02972;FGSG_03061;FGSG_03894;FGSG_04458;FGSG_04589;FGSG_04593;FGSG_05368;FGSG_05610;FGSG_08493;FGSG_08774;FGSG_09012;FGSG_10347;FGSG_10922;FGSG_12180;FGSG_12223,1,uncharacterized protein,GO:0005737;GO:0019629;GO:0047547;GO:0051537,4.255955769592161,10,-0.506450425709843,4.16949367608572e-08,0,0.6054325955734406
FGSG_05738,27,0.4582199003052007,11.515680607078473,FGSG_00007;FGSG_01866;FGSG_02255;FGSG_02326;FGSG_02327;FGSG_02328;FGSG_02329;FGSG_03532;FGSG_03534;FGSG_03535;FGSG_03537;FGSG_03539;FGSG_03541;FGSG_03543;FGSG_03600;FGSG_03842;FGSG_03881;FGSG_06039;FGSG_07896;FGSG_08079;FGSG_08081;FGSG_08082;FGSG_08083;FGSG_08084;FGSG_09064;FGSG_09187;FGSG_13952,2,uncharacterized protein,GO:0005634;GO:0005829;GO:0006259;GO:0016888,4.254232286105388,10,0.870312125830759,6.03490824089519e-37,0,0.6050301810865191
FGSG_06799,10,0.43911101052843954,4.253014706630515,FGSG_00330;FGSG_03546;FGSG_03547;FGSG_03548;FGSG_03992;FGSG_04458;FGSG_08601;FGSG_09280;FGSG_09834;FGSG_10347,1,uncharacterized protein,GO:0000184;GO:0000932;GO:0003723;GO:0004534;GO:0007089;GO:0070651;GO:0090503,4.253014706630515,10,-0.315796395621852,0.0010127516774645,0,0.6046277665995976
FGSG_09618,10,0.44463637198869255,4.25192647264027,FGSG_00330;FGSG_03546;FGSG_03547;FGSG_03548;FGSG_03992;FGSG_04458;FGSG_08601;FGSG_09280;FGSG_09834;FGSG_10347,1,uncharacterized protein,GO:0016021;GO:0016757,4.25192647264027,10,-0.491904654136664,0.0001237419073001,0,0.6044265593561369
FGSG_07638,17,0.4467826310580125,7.116500531508675,FGSG_00007;FGSG_01866;FGSG_02321;FGSG_02324;FGSG_02326;FGSG_02327;FGSG_02328;FGSG_02329;FGSG_03539;FGSG_03541;FGSG_03543;FGSG_03842;FGSG_03881;FGSG_08083;FGSG_09187;FGSG_11326;FGSG_13952,2,uncharacterized protein,GO:0000981;GO:0003677;GO:0005634;GO:0006351;GO:0006357;GO:0008270;GO:0016020,4.250484396511809,10,0.81054430211854,5.13103482004073e-08,0,0.6040241448692153
FGSG_04041,11,0.4391542616082032,4.637894507832302,FGSG_02321;FGSG_02324;FGSG_02325;FGSG_02326;FGSG_02327;FGSG_02328;FGSG_02329;FGSG_03842;FGSG_08083;FGSG_11326;FGSG_13952,2,uncharacterized protein,,4.236087016136783,10,0.285231836092189,0.0012465960112802,0,0.6030181086519115
FGSG_02210,6,0.43355825452715363,2.5039744176168917,FGSG_00007;FGSG_03539;FGSG_03842;FGSG_08082;FGSG_08083;FGSG_13952,2,uncharacterized protein,,1.6771467860600724,4,1.12542111719234,2.33621458249647e-10,1,0.6024815560026828
FGSG_06678,13,0.4384432213382129,5.464678170752205,FGSG_00330;FGSG_00743;FGSG_03061;FGSG_03546;FGSG_03548;FGSG_03894;FGSG_04458;FGSG_04589;FGSG_05610;FGSG_08601;FGSG_08712;FGSG_10347;FGSG_12180,1,uncharacterized protein,GO:0000742;GO:0005783;GO:0005829;GO:0016021;GO:0030433;GO:0034975;GO:0042175,4.221778310701957,10,-0.398400077978904,1.30053279401581e-06,0,0.6022132796780685
FGSG_10034,12,0.44314183910703875,5.0365877185121075,FGSG_02321;FGSG_02323;FGSG_02324;FGSG_02325;FGSG_02326;FGSG_02327;FGSG_02328;FGSG_02329;FGSG_03842;FGSG_08083;FGSG_11326;FGSG_13952,2,uncharacterized protein,GO:0005622;GO:0006896;GO:0008565;GO:0015031,4.218404020719779,10,0.261361503914229,0.004781964098372,0,0.6020120724346076
FGSG_04543,14,0.45081951976744644,5.855568255896049,FGSG_00007;FGSG_01866;FGSG_02321;FGSG_02324;FGSG_02325;FGSG_02326;FGSG_02327;FGSG_02328;FGSG_02329;FGSG_03842;FGSG_03881;FGSG_08082;FGSG_08083;FGSG_13952,2,uncharacterized protein,GO:0008080,4.218026394090389,10,0.99860639624177,6.59901202778057e-05,0,0.6018108651911469
FGSG_01659,14,0.4490139255081087,5.901710971421558,FGSG_00330;FGSG_00743;FGSG_01422;FGSG_02272;FGSG_03061;FGSG_03548;FGSG_03894;FGSG_04458;FGSG_04589;FGSG_05610;FGSG_08601;FGSG_08712;FGSG_10347;FGSG_12180,1,uncharacterized protein,GO:0016787,4.205864561634549,10,-0.315224604580316,0.04476448761731,0,0.6012072434607646
FGSG_12522,10,0.44248684084509793,4.203667256064474,FGSG_02271;FGSG_02272;FGSG_02461;FGSG_03061;FGSG_03295;FGSG_05610;FGSG_07075;FGSG_07528;FGSG_09456;FGSG_09834,1,uncharacterized protein,GO:0016740,1.7014839581371366,4,-1.03684203380834,0.0013760413072912,1,0.601140174379611
FGSG_00669,27,0.44340945076969174,11.369811645396414,FGSG_00007;FGSG_01866;FGSG_02255;FGSG_02321;FGSG_02323;FGSG_02326;FGSG_02327;FGSG_02328;FGSG_02329;FGSG_03532;FGSG_03539;FGSG_03541;FGSG_03543;FGSG_03842;FGSG_03881;FGSG_08077;FGSG_08078;FGSG_08079;FGSG_08081;FGSG_08082;FGSG_08083;FGSG_08084;FGSG_08795;FGSG_09064;FGSG_09187;FGSG_12211;FGSG_13952,2,uncharacterized protein,GO:0005524;GO:0016021;GO:0042626;GO:0055085,4.199501304232323,10,0.537238678037345,1.12255169648177e-10,0,0.6010060362173039
FGSG_04411,13,0.43346748321118245,5.418478684425006,FGSG_00330;FGSG_02272;FGSG_03061;FGSG_03546;FGSG_03548;FGSG_03894;FGSG_04458;FGSG_05610;FGSG_08601;FGSG_09012;FGSG_09456;FGSG_09834;FGSG_10347,1,uncharacterized protein,GO:0008270;GO:0016021;GO:0016874,4.196180404752343,10,-0.23509613247565,0.0391649157564614,0,0.600804828973843
FGSG_02052,7,0.44172986389826874,2.9496911778799673,FGSG_00743;FGSG_02272;FGSG_03061;FGSG_03894;FGSG_04589;FGSG_05610;FGSG_08712,1,uncharacterized protein,,1.6890110585589424,4,-1.07212758758164,0.0478650401040175,1,0.6007377598926895
FGSG_09525,15,0.465454797160313,6.337774105708058,FGSG_00743;FGSG_02272;FGSG_02461;FGSG_03061;FGSG_03546;FGSG_03548;FGSG_03894;FGSG_04458;FGSG_04589;FGSG_05610;FGSG_08601;FGSG_08774;FGSG_09012;FGSG_09834;FGSG_10347,1,uncharacterized protein,GO:0016021,4.191711344430314,10,-0.453488258192873,0.0006962523881786,0,0.6006036217303823
FGSG_10815,14,0.4256152497198953,5.823120816321593,FGSG_00330;FGSG_01422;FGSG_02272;FGSG_02461;FGSG_03061;FGSG_03546;FGSG_03548;FGSG_03894;FGSG_04458;FGSG_05610;FGSG_08601;FGSG_09456;FGSG_09834;FGSG_10347,1,uncharacterized protein,GO:0005680;GO:0005739;GO:0005829;GO:0016020;GO:0030234;GO:0031145;GO:0031497,4.1849261292558,10,-0.531647445128039,0.0596765343674569,0,0.6004024144869216
FGSG_08633,10,0.4323962346167267,4.18312212755454,FGSG_00330;FGSG_03546;FGSG_03547;FGSG_03548;FGSG_03992;FGSG_04458;FGSG_08601;FGSG_09280;FGSG_09834;FGSG_10347,1,uncharacterized protein,GO:0016021,4.18312212755454,10,-0.943062258287774,1.32806954791113e-23,0,0.6002012072434608
FGSG_05029,16,0.45070904365783504,6.6875368693831465,FGSG_00743;FGSG_01422;FGSG_02272;FGSG_02461;FGSG_03061;FGSG_03546;FGSG_03548;FGSG_03894;FGSG_04458;FGSG_04589;FGSG_05610;FGSG_08601;FGSG_08774;FGSG_09012;FGSG_09834;FGSG_10347,1,uncharacterized protein,GO:0001405;GO:0016021;GO:0030150,4.181938948973075,10,-0.441972226397904,0.001916609844209,0,0.6
FGSG_07226,13,0.4312027586468407,5.390355352313921,FGSG_00330;FGSG_00743;FGSG_02272;FGSG_03061;FGSG_03546;FGSG_03548;FGSG_03894;FGSG_04458;FGSG_04589;FGSG_05610;FGSG_08601;FGSG_08712;FGSG_10347,1,3-oxoacyl-[acyl-carrier-protein] synthase,GO:0005739;GO:0006633;GO:0016747,4.1648241904393055,10,-0.299214286728985,0.11171855537342,0,0.5997987927565392
FGSG_10506,12,0.42963316302881416,4.968254040186412,FGSG_00330;FGSG_02272;FGSG_03061;FGSG_03546;FGSG_03548;FGSG_03894;FGSG_04458;FGSG_05610;FGSG_08601;FGSG_09456;FGSG_09834;FGSG_10347,1,uncharacterized protein,GO:0016021;GO:0055085,4.158510103992418,10,-0.505337308883368,0.112283880194369,0,0.5995975855130785
FGSG_08636,10,0.43690433724348793,4.157823837693448,FGSG_00330;FGSG_03546;FGSG_03547;FGSG_03548;FGSG_04458;FGSG_04591;FGSG_08601;FGSG_09280;FGSG_09834;FGSG_10347,1,uncharacterized protein,GO:0010181;GO:0016491;GO:0055114,4.157823837693448,10,-0.892775324641365,7.19994303581003e-16,0,0.5993963782696177
FGSG_10880,12,0.43145958586947586,4.975093885938702,FGSG_00330;FGSG_00743;FGSG_02272;FGSG_03061;FGSG_03546;FGSG_03548;FGSG_03894;FGSG_04458;FGSG_04589;FGSG_05610;FGSG_08601;FGSG_10347,1,uncharacterized protein,GO:0016021,4.1570676903907025,10,-0.431376397638074,0.0094149462707308,0,0.5991951710261569
FGSG_05784,15,0.452149532152463,6.261340634834026,FGSG_02271;FGSG_02272;FGSG_02461;FGSG_03061;FGSG_03295;FGSG_03546;FGSG_03548;FGSG_03992;FGSG_04458;FGSG_04590;FGSG_05610;FGSG_07075;FGSG_09456;FGSG_09834;FGSG_10347,1,uncharacterized protein,GO:0006629;GO:0016021;GO:0016717;GO:0055114,4.147666159605409,10,-0.593789414263547,1.4945040777675798e-11,0,0.5989939637826962
FGSG_04439,3,0.42429104854858046,1.236371743990258,FGSG_03546;FGSG_03548;FGSG_08601,1,uncharacterized protein,GO:0005215;GO:0005618;GO:0006810;GO:0016020;GO:0030599;GO:0042545;GO:0045330,1.236371743990258,3,-3.73921986169358,8.30219425069636e-18,1,0.5989268947015426
FGSG_00496,21,0.4958489688630864,9.24910654885985,FGSG_00743;FGSG_01422;FGSG_02271;FGSG_02272;FGSG_02461;FGSG_03061;FGSG_03295;FGSG_03548;FGSG_03894;FGSG_04458;FGSG_04590;FGSG_05610;FGSG_07075;FGSG_07528;FGSG_08712;FGSG_08774;FGSG_09012;FGSG_09456;FGSG_09834;FGSG_10347;FGSG_13136,1,inorganic pyrophosphatase,GO:0000287;GO:0004427;GO:0005634;GO:0005737;GO:0006796,4.015449133881761,9,-0.359369737358861,8.50345283908027e-07,0,0.5987927565392355
FGSG_08627,18,0.4891611480060606,7.986629154108436,FGSG_00743;FGSG_01422;FGSG_02271;FGSG_02272;FGSG_02461;FGSG_03061;FGSG_03548;FGSG_03894;FGSG_04458;FGSG_04590;FGSG_05610;FGSG_07075;FGSG_08712;FGSG_08774;FGSG_09012;FGSG_09456;FGSG_09834;FGSG_10347,1,riboflavin kinase,GO:0005743;GO:0008531;GO:0009231;GO:0009398;GO:0016310,4.002817542367121,9,-0.556460142217702,7.72893231462944e-06,0,0.5985915492957746
FGSG_10868,18,0.49180270393882836,7.977545833165528,FGSG_00743;FGSG_01422;FGSG_02271;FGSG_02272;FGSG_02461;FGSG_03061;FGSG_03548;FGSG_03894;FGSG_04458;FGSG_04590;FGSG_05610;FGSG_07075;FGSG_08712;FGSG_08774;FGSG_09012;FGSG_09456;FGSG_09834;FGSG_10347,1,uncharacterized protein,GO:0000978;GO:0003700;GO:0005634;GO:0016458;GO:0045944;GO:0060257;GO:1900460;GO:1900462,3.995510611729963,9,-0.385934429371054,8.46002255172654e-05,0,0.5983903420523139
FGSG_04894,4,0.4374176024684732,1.6762448478165823,FGSG_00743;FGSG_03894;FGSG_10922;FGSG_12180,1,uncharacterized protein,,1.2549402317528136,3,-2.73666808487041,0.0087438646991981,1,0.5978537894030852
FGSG_13865,4,0.40823512424613345,1.6203823859931203,FGSG_02324;FGSG_02325;FGSG_02327;FGSG_02328,2,uncharacterized protein,GO:0016620;GO:0055114,1.6203823859931203,4,1.3559873387736,0.0213711453013531,1,0.5977867203219316
FGSG_13099,18,0.4814638333374185,7.9177059349057535,FGSG_00743;FGSG_01422;FGSG_02271;FGSG_02272;FGSG_02461;FGSG_03061;FGSG_03548;FGSG_03894;FGSG_04458;FGSG_04590;FGSG_05610;FGSG_07075;FGSG_08712;FGSG_08774;FGSG_09012;FGSG_09456;FGSG_09834;FGSG_10347,1,uncharacterized protein,GO:0005198;GO:0005967;GO:0006086;GO:0016746,3.955037792404619,9,-0.317054362968806,0.001558364401499,0,0.5969818913480885
FGSG_01222,18,0.48717319710749235,7.883698293333117,FGSG_00743;FGSG_01422;FGSG_02271;FGSG_02272;FGSG_02461;FGSG_03061;FGSG_03548;FGSG_03894;FGSG_04458;FGSG_04590;FGSG_05610;FGSG_07075;FGSG_08712;FGSG_09012;FGSG_09456;FGSG_09834;FGSG_10347;FGSG_13136,1,uncharacterized protein,GO:0003824,3.9509860471440974,9,-0.332318377319551,0.000601916059449,0,0.5967806841046278
FGSG_01018,4,0.42220157008600834,1.6561261956271067,FGSG_02326;FGSG_02327;FGSG_02328;FGSG_02329,2,uncharacterized protein,GO:0005524;GO:0005634;GO:0005829;GO:0016310;GO:0046177;GO:0046316,1.6561261956271067,4,1.17555528362867,8.7568679739814e-05,1,0.5967806841046277
FGSG_01613,29,0.49242807908399017,12.61165365811096,FGSG_00743;FGSG_00765;FGSG_01422;FGSG_01621;FGSG_02030;FGSG_02271;FGSG_02272;FGSG_02461;FGSG_03061;FGSG_03894;FGSG_04309;FGSG_04588;FGSG_04589;FGSG_04590;FGSG_04593;FGSG_05368;FGSG_05610;FGSG_07075;FGSG_07528;FGSG_08493;FGSG_08712;FGSG_08774;FGSG_09012;FGSG_09456;FGSG_10922;FGSG_10947;FGSG_11206;FGSG_12180;FGSG_13136,1,uncharacterized protein,GO:0005622;GO:0006886;GO:0008270;GO:0016192,3.94779660772671,9,-0.445423167533737,1.58836454182057e-06,0,0.596579476861167
FGSG_09284,22,0.49140210771657095,9.584023758511368,FGSG_00743;FGSG_01422;FGSG_02030;FGSG_02271;FGSG_02272;FGSG_02461;FGSG_03061;FGSG_03894;FGSG_04458;FGSG_04588;FGSG_04590;FGSG_04593;FGSG_05610;FGSG_07075;FGSG_07528;FGSG_08712;FGSG_08774;FGSG_09012;FGSG_09456;FGSG_09834;FGSG_10347;FGSG_13136,1,homoserine dehydrogenase,GO:0004412;GO:0009086;GO:0009088;GO:0009090;GO:0009097;GO:0050661;GO:0055114,3.946527396562464,9,-0.505236275018101,0.0005961543570367,0,0.5963782696177062
FGSG_02697,21,0.4988254528110817,9.053850330956585,FGSG_00743;FGSG_00765;FGSG_01422;FGSG_02030;FGSG_02272;FGSG_02461;FGSG_02972;FGSG_03061;FGSG_03747;FGSG_03894;FGSG_04589;FGSG_04593;FGSG_05368;FGSG_05610;FGSG_08493;FGSG_08712;FGSG_08774;FGSG_09012;FGSG_10922;FGSG_12180;FGSG_12223,1,uncharacterized protein,GO:0016021,3.936258280743605,9,-0.396370034820349,1.64658338034129e-06,0,0.5959758551307847
FGSG_08338,27,0.4941045728861775,11.763975976742511,FGSG_00743;FGSG_00765;FGSG_01422;FGSG_01621;FGSG_02030;FGSG_02271;FGSG_02272;FGSG_02461;FGSG_03061;FGSG_03894;FGSG_04309;FGSG_04588;FGSG_04589;FGSG_04590;FGSG_04593;FGSG_05368;FGSG_05610;FGSG_07075;FGSG_08493;FGSG_08712;FGSG_08774;FGSG_09012;FGSG_10922;FGSG_10947;FGSG_11206;FGSG_12180;FGSG_13136,1,phospho-2-dehydro-3-deoxyheptonate aldolase,GO:0003849;GO:0005634;GO:0005737;GO:0009073;GO:0009423,3.936221046177247,9,-0.370535634716746,3.03165646256686e-05,0,0.5957746478873239
FGSG_03897,4,0.42245879651444607,1.6553332279464419,FGSG_02326;FGSG_02327;FGSG_02328;FGSG_02329,2,uncharacterized protein,GO:0016021,1.6553332279464419,4,1.16250634494666,9.517462938137969e-12,1,0.5951710261569416
FGSG_00655,4,0.4212487800911211,1.6581122866295974,FGSG_02324;FGSG_02327;FGSG_03842;FGSG_13952,2,uncharacterized protein,GO:0008270;GO:0016491;GO:0055114,1.6581122866295974,4,1.1316826761345,1.65051462317523e-12,1,0.5951039570757881
FGSG_03529,25,0.49439081340343494,10.828143041450245,FGSG_00743;FGSG_00765;FGSG_01422;FGSG_01621;FGSG_02030;FGSG_02272;FGSG_02461;FGSG_02972;FGSG_03061;FGSG_03747;FGSG_03894;FGSG_04588;FGSG_04589;FGSG_04593;FGSG_05368;FGSG_05610;FGSG_08493;FGSG_08712;FGSG_08774;FGSG_09012;FGSG_10444;FGSG_10922;FGSG_11206;FGSG_12180;FGSG_13136,1,uncharacterized protein,GO:0004553;GO:0005975,3.918158434594106,9,-0.594044539934701,8.26327383881207e-08,0,0.5947686116700202
FGSG_12976,5,0.44505956450326767,2.126607889873004,FGSG_00743;FGSG_02272;FGSG_03061;FGSG_03894;FGSG_05610,1,uncharacterized protein,,1.2680714031108582,3,-2.19677872635014,0.0133706676810836,1,0.5946344735077129
FGSG_13008,11,0.4551391960040843,4.731163767143662,FGSG_02321;FGSG_02323;FGSG_02324;FGSG_02325;FGSG_02326;FGSG_02327;FGSG_02328;FGSG_02329;FGSG_08083;FGSG_11326;FGSG_13952,2,uncharacterized protein,GO:0000981;GO:0003677;GO:0005634;GO:0006351;GO:0006357;GO:0008270,3.917144528842766,9,0.378130369436662,0.0598772464502821,0,0.5945674044265594
FGSG_12599,3,0.4127701222756848,1.2237948197490955,FGSG_02326;FGSG_02328;FGSG_02329,2,uncharacterized protein,GO:0004497;GO:0005506;GO:0016021;GO:0016705;GO:0020037;GO:0055114,1.2237948197490955,3,3.8264185136868,2.67482133421801e-05,1,0.5943661971830986
FGSG_10115,11,0.45652793682918874,4.733878167714765,FGSG_02321;FGSG_02323;FGSG_02324;FGSG_02325;FGSG_02326;FGSG_02327;FGSG_02328;FGSG_02329;FGSG_08083;FGSG_10670;FGSG_11326,2,uncharacterized protein,GO:0016021,3.9126555379552146,9,0.320823778408957,6.88573864944243e-05,0,0.5943661971830986
FGSG_00295,3,0.4251533996893794,1.241683626626696,FGSG_02324;FGSG_02325;FGSG_02903,2,uncharacterized protein,GO:0016020,1.241683626626696,3,2.94597145791685,7.39560784162643e-87,1,0.5942320590207915
FGSG_12831,11,0.45730710930866664,4.728291253004425,FGSG_02321;FGSG_02323;FGSG_02324;FGSG_02325;FGSG_02326;FGSG_02327;FGSG_02328;FGSG_02329;FGSG_08083;FGSG_11326;FGSG_13952,2,uncharacterized protein,,3.9085954705544865,9,0.605446534501615,9.93468120361613e-05,0,0.5941649899396378
FGSG_13828,12,0.4549595000370277,5.129442948546857,FGSG_01866;FGSG_02321;FGSG_02323;FGSG_02324;FGSG_02325;FGSG_02326;FGSG_02327;FGSG_02328;FGSG_02329;FGSG_08083;FGSG_11326;FGSG_13952,2,uncharacterized protein,GO:0000981;GO:0003677;GO:0005634;GO:0006351;GO:0006357;GO:0008270,3.9051885500368044,9,0.583318802283161,0.052787950114084,0,0.593963782696177
FGSG_10942,11,0.44913205069652323,4.720812104376513,FGSG_02321;FGSG_02323;FGSG_02324;FGSG_02325;FGSG_02326;FGSG_02327;FGSG_02328;FGSG_02329;FGSG_02903;FGSG_11326;FGSG_13952,2,uncharacterized protein,GO:0003735;GO:0005840;GO:0006412,3.9013274474946784,9,0.625568305348634,2.37966398781288e-16,0,0.5937625754527164
FGSG_00376,18,0.47800321988358746,7.76511852110121,FGSG_00743;FGSG_01422;FGSG_02271;FGSG_02272;FGSG_02461;FGSG_03061;FGSG_03548;FGSG_03894;FGSG_04458;FGSG_04590;FGSG_05610;FGSG_07075;FGSG_07528;FGSG_08712;FGSG_09012;FGSG_09456;FGSG_09834;FGSG_10347,1,NADH dehydrogenase iron-sulfur protein 2,GO:0016651;GO:0048038;GO:0051287;GO:0055114,3.89800283360381,9,-0.29070590943661,0.0003314276252183,0,0.5929577464788732
FGSG_01391,16,0.4829251440651155,6.894066316818481,FGSG_00743;FGSG_01422;FGSG_02272;FGSG_02461;FGSG_03061;FGSG_03894;FGSG_04458;FGSG_04589;FGSG_05610;FGSG_08601;FGSG_08712;FGSG_08774;FGSG_09012;FGSG_10347;FGSG_10922;FGSG_12180,1,elongation factor G 1,GO:0003746;GO:0003924;GO:0005525;GO:0005739;GO:0070125,3.8964531307296215,9,-0.430081100502134,0.0003332685384851,0,0.5927565392354125
FGSG_03873,10,0.45580982590728353,4.305869931710279,FGSG_02321;FGSG_02324;FGSG_02325;FGSG_02326;FGSG_02327;FGSG_02328;FGSG_02329;FGSG_08083;FGSG_11326;FGSG_13952,2,uncharacterized protein,GO:0000981;GO:0003677;GO:0005634;GO:0006351;GO:0006357;GO:0008270;GO:0016614;GO:0050660;GO:0055114,3.894583355650474,9,0.677061617795962,0.0021761885582569,0,0.5925553319919518
FGSG_08498,23,0.49364649074022465,9.862793154314375,FGSG_00743;FGSG_00765;FGSG_02030;FGSG_02272;FGSG_02461;FGSG_02972;FGSG_03061;FGSG_03747;FGSG_03894;FGSG_04588;FGSG_04589;FGSG_04593;FGSG_05368;FGSG_05610;FGSG_08493;FGSG_08712;FGSG_08774;FGSG_09012;FGSG_10444;FGSG_10922;FGSG_11206;FGSG_12180;FGSG_13136,1,aspartate-semialdehyde dehydrogenase,GO:0003942;GO:0004073;GO:0005634;GO:0005829;GO:0006531;GO:0009086;GO:0009088;GO:0009089;GO:0009090;GO:0009097;GO:0046983;GO:0050661;GO:0051287;GO:0055114,3.8943206587064045,9,-0.487373318312891,8.94336842869217e-06,0,0.5923541247484909
FGSG_09414,16,0.47428655460178026,6.872313064136297,FGSG_00330;FGSG_00743;FGSG_01422;FGSG_02272;FGSG_02461;FGSG_03061;FGSG_03894;FGSG_04458;FGSG_04589;FGSG_05610;FGSG_08601;FGSG_08712;FGSG_08774;FGSG_09012;FGSG_10347;FGSG_12180,1,uncharacterized protein,GO:0016021,3.8930790555117816,9,-0.614609931066459,1.73116711277025e-05,0,0.5921529175050302
FGSG_08146,11,0.45506760875759483,4.71237009001668,FGSG_01866;FGSG_02321;FGSG_02324;FGSG_02325;FGSG_02326;FGSG_02327;FGSG_02328;FGSG_02329;FGSG_08083;FGSG_11326;FGSG_13952,2,uncharacterized protein,,3.892015040010246,9,0.709507481828189,0.0001633596519927,0,0.5917505030181086
FGSG_05349,12,0.4555136160907804,5.118968015979817,FGSG_02320;FGSG_02321;FGSG_02323;FGSG_02324;FGSG_02325;FGSG_02326;FGSG_02327;FGSG_02328;FGSG_02329;FGSG_08083;FGSG_09187;FGSG_11326,2,uncharacterized protein,GO:0016740,3.887341656434677,9,0.906618204676811,9.71958071851643e-10,0,0.5909456740442656
FGSG_00656,12,0.4480990560392582,5.092249048551369,FGSG_00330;FGSG_00743;FGSG_03546;FGSG_03548;FGSG_03894;FGSG_04458;FGSG_04589;FGSG_08601;FGSG_09012;FGSG_09456;FGSG_09834;FGSG_10347,1,uncharacterized protein,GO:0000276;GO:0005198;GO:0015986;GO:0035786;GO:0042407;GO:0046961;GO:0051259,3.885498351024471,9,-0.391313394706906,1.75587121196756e-06,0,0.5907444668008048
FGSG_09171,10,0.45237246955813276,4.28929764597243,FGSG_02321;FGSG_02324;FGSG_02325;FGSG_02326;FGSG_02327;FGSG_02328;FGSG_02329;FGSG_08083;FGSG_11326;FGSG_13952,2,uncharacterized protein,,3.8850512682721208,9,0.482175108423883,0.0012743602876353,0,0.5905432595573441
FGSG_05210,11,0.4516069542806851,4.7088713310412516,FGSG_02321;FGSG_02323;FGSG_02324;FGSG_02325;FGSG_02326;FGSG_02327;FGSG_02328;FGSG_02329;FGSG_08083;FGSG_11326;FGSG_13952,2,uncharacterized protein,GO:0000139;GO:0008168;GO:0016021;GO:0032259,3.8826238233329224,9,0.308036970852094,0.009700655858143,0,0.5903420523138834
FGSG_09031,3,0.4242469021627979,1.2505962267659418,FGSG_02324;FGSG_03842;FGSG_13952,2,uncharacterized protein,GO:0008152;GO:0016758,1.2505962267659418,3,2.41052677002166,5.08317700964252e-170,1,0.5901408450704225
FGSG_02481,17,0.47426281857752745,7.351183873835014,FGSG_00743;FGSG_01422;FGSG_02271;FGSG_02272;FGSG_02461;FGSG_03061;FGSG_03548;FGSG_03894;FGSG_04458;FGSG_04590;FGSG_05610;FGSG_07075;FGSG_08712;FGSG_09012;FGSG_09456;FGSG_09834;FGSG_10347,1,uncharacterized protein,GO:0005794;GO:0016021,3.880553444154409,9,-0.12718611518755,0.0863369403086341,0,0.5899396378269618
FGSG_13156,9,0.45360763156186007,3.8776935897723854,FGSG_00330;FGSG_03546;FGSG_03547;FGSG_03548;FGSG_04458;FGSG_04589;FGSG_08601;FGSG_09834;FGSG_10347,1,uncharacterized protein,,3.8776935897723854,9,-0.374169723472669,5.73587827409477e-06,0,0.589738430583501
FGSG_11468,4,0.41200984154880865,1.6370837833981602,FGSG_02326;FGSG_02327;FGSG_02328;FGSG_02329,2,xylosidase/arabinosidase,GO:0004553;GO:0045493,1.6370837833981602,4,1.21247382370107,0.0305351469822349,1,0.589403085177733
FGSG_09610,16,0.48760646507754146,6.87269010830103,FGSG_00743;FGSG_02272;FGSG_02461;FGSG_02972;FGSG_03061;FGSG_03747;FGSG_03894;FGSG_04589;FGSG_05610;FGSG_08493;FGSG_08774;FGSG_09012;FGSG_10444;FGSG_10922;FGSG_12180;FGSG_12223,1,uncharacterized protein,GO:0000287;GO:0006633;GO:0008897;GO:0016021,3.8676161951809913,9,-0.562897939676277,5.600514887583111e-15,0,0.5893360160965795
FGSG_03838,12,0.45229129714081523,5.087157916966327,FGSG_01866;FGSG_02321;FGSG_02324;FGSG_02325;FGSG_02326;FGSG_02327;FGSG_02328;FGSG_02329;FGSG_03881;FGSG_08083;FGSG_11326;FGSG_13952,2,uncharacterized protein,GO:0016491;GO:0055114,3.8649202793131887,9,0.431278814261873,0.0008292684506573,0,0.5891348088531188
FGSG_03798,4,0.42375251940162045,1.6784272251265226,FGSG_02324;FGSG_02327;FGSG_03842;FGSG_13952,2,uncharacterized protein,GO:0005779;GO:0016559,1.6784272251265226,4,1.00036793857056,0.0004705898173615,1,0.588933601609658
FGSG_11551,13,0.4491250176172833,5.483165354390384,FGSG_00007;FGSG_02321;FGSG_02324;FGSG_02325;FGSG_02326;FGSG_02327;FGSG_02328;FGSG_02329;FGSG_03541;FGSG_03881;FGSG_08083;FGSG_11326;FGSG_13952,2,uncharacterized protein,GO:0000981;GO:0003677;GO:0005634;GO:0006351;GO:0006357;GO:0008270,3.862686048841989,9,0.788177859639395,3.47481162618033e-11,0,0.5889336016096579
FGSG_04957,11,0.4504426810407302,4.6707396130627385,FGSG_02321;FGSG_02323;FGSG_02324;FGSG_02325;FGSG_02326;FGSG_02327;FGSG_02328;FGSG_02329;FGSG_08083;FGSG_11326;FGSG_13952,2,uncharacterized protein,GO:0001406;GO:0001407;GO:0005887;GO:0015169;GO:0015794;GO:0055085,3.8626240988747176,9,0.700695560951598,0.0013830804226103,0,0.5887323943661972
FGSG_06583,23,0.49536009016489685,9.826658384629962,FGSG_00743;FGSG_00765;FGSG_01422;FGSG_02030;FGSG_02272;FGSG_02461;FGSG_03061;FGSG_03894;FGSG_04588;FGSG_04589;FGSG_04590;FGSG_04593;FGSG_05368;FGSG_05610;FGSG_08712;FGSG_08774;FGSG_09012;FGSG_09456;FGSG_10347;FGSG_10922;FGSG_10947;FGSG_12180;FGSG_13136,1,uncharacterized protein,GO:0016021,3.857506067993615,9,-0.410554835467083,0.0001803569086444,0,0.5885311871227364
FGSG_04502,12,0.4490643203745814,5.091373205839041,FGSG_01866;FGSG_02321;FGSG_02324;FGSG_02325;FGSG_02326;FGSG_02327;FGSG_02328;FGSG_02329;FGSG_03881;FGSG_08083;FGSG_11326;FGSG_13952,2,uncharacterized protein,GO:0000981;GO:0005634;GO:0006357;GO:0008270,3.8571878783586238,9,0.692591209600503,0.0437998910880494,0,0.5883299798792757
FGSG_00207,14,0.4584765156675074,5.910194702356748,FGSG_00007;FGSG_01866;FGSG_02321;FGSG_02324;FGSG_02326;FGSG_02327;FGSG_02328;FGSG_02329;FGSG_03539;FGSG_03842;FGSG_03881;FGSG_08082;FGSG_08083;FGSG_13952,2,uncharacterized protein,,3.8539072954782436,9,0.62049780296983,1.11848212026394e-07,0,0.5881287726358149
FGSG_00429,16,0.4756847630112975,6.917821862576521,FGSG_00743;FGSG_01422;FGSG_02272;FGSG_02461;FGSG_03061;FGSG_03546;FGSG_03548;FGSG_03894;FGSG_04458;FGSG_05610;FGSG_08601;FGSG_08774;FGSG_09012;FGSG_09456;FGSG_09834;FGSG_10347,1,uncharacterized protein,GO:0000276;GO:0004576;GO:0006486;GO:0015078;GO:0015986;GO:0016021,3.852209574456634,9,-0.45537213274268,2.29095254359191e-05,0,0.5877263581488934
FGSG_02627,17,0.45792788248423755,7.1895716344682175,FGSG_00007;FGSG_01866;FGSG_02321;FGSG_02324;FGSG_02326;FGSG_02327;FGSG_02328;FGSG_02329;FGSG_03539;FGSG_03541;FGSG_03842;FGSG_03881;FGSG_07896;FGSG_08081;FGSG_08082;FGSG_08083;FGSG_13952,2,uncharacterized protein,GO:0016021,3.851748562797995,9,0.775815779005598,2.47584510339877e-12,0,0.5875251509054326
FGSG_08556,11,0.4482166912440534,4.6760878073836505,FGSG_00007;FGSG_02324;FGSG_02326;FGSG_02327;FGSG_02328;FGSG_02329;FGSG_03842;FGSG_03881;FGSG_08083;FGSG_11326;FGSG_13952,2,uncharacterized protein,,3.8510694125073863,9,0.698548404936906,3.87990578890174e-05,0,0.5873239436619718
FGSG_05988,11,0.44558051906201357,4.652524364379028,FGSG_02321;FGSG_02323;FGSG_02324;FGSG_02325;FGSG_02326;FGSG_02327;FGSG_02328;FGSG_02329;FGSG_08083;FGSG_11326;FGSG_13952,2,uncharacterized protein,,3.845253962597811,9,0.677247343554088,0.0969266634343381,0,0.5869215291750504
FGSG_01994,4,0.41936301876250814,1.651298416572422,FGSG_02326;FGSG_02327;FGSG_02328;FGSG_02329,2,uncharacterized protein,GO:0015299;GO:0016021;GO:1902600,1.651298416572422,4,1.0905669390517,1.72263332379445e-08,1,0.5869215291750502
FGSG_12330,15,0.45125222620815203,6.4309863342038796,FGSG_01422;FGSG_02272;FGSG_02461;FGSG_03061;FGSG_03546;FGSG_03548;FGSG_03894;FGSG_04458;FGSG_05610;FGSG_07075;FGSG_08601;FGSG_09012;FGSG_09456;FGSG_09834;FGSG_10347,1,uncharacterized protein,GO:0003857;GO:0006631;GO:0016021;GO:0055114;GO:0070403,3.8445807988449587,9,-0.659588414909906,0.0001198354013528,0,0.5867203219315895
FGSG_00660,12,0.4519406645551765,5.047007200196249,FGSG_02320;FGSG_02321;FGSG_02323;FGSG_02324;FGSG_02325;FGSG_02326;FGSG_02327;FGSG_02328;FGSG_02329;FGSG_02903;FGSG_10670;FGSG_11326,2,WD repeat-containing protein slp1,GO:0010997;GO:0033597;GO:0040020;GO:0045732;GO:0045842;GO:0050790;GO:0051301;GO:0097027,3.842649456308017,9,0.750902586539271,3.45501815857815e-07,0,0.5865191146881288
FGSG_07446,10,0.4480991443120817,4.24554179519993,FGSG_02321;FGSG_02324;FGSG_02325;FGSG_02326;FGSG_02327;FGSG_02328;FGSG_02329;FGSG_08083;FGSG_11326;FGSG_13952,2,uncharacterized protein,,3.842455209411945,9,0.455548169804298,0.0016749635591227,0,0.5863179074446679
FGSG_02287,16,0.4770290007990868,6.836540848304064,FGSG_00743;FGSG_01422;FGSG_02272;FGSG_02461;FGSG_03061;FGSG_03548;FGSG_03894;FGSG_04458;FGSG_04589;FGSG_05610;FGSG_08601;FGSG_08712;FGSG_08774;FGSG_09012;FGSG_10347;FGSG_12180,1,uncharacterized protein,GO:0003995;GO:0003997;GO:0005782;GO:0006635;GO:0050660,3.83947073852936,9,-0.709431539909889,0.0010342690831149,0,0.5861167002012073
FGSG_07076,10,0.4434248577091569,4.2371214947646285,FGSG_02323;FGSG_02324;FGSG_02325;FGSG_02326;FGSG_02327;FGSG_02328;FGSG_02329;FGSG_03842;FGSG_11326;FGSG_13952,2,uncharacterized protein,GO:0003676;GO:0003700;GO:0005634;GO:0005737;GO:0006355;GO:0008270,3.829600453606299,9,0.613126491699229,3.14303414405616e-08,0,0.5845070422535211
FGSG_05705,4,0.4324814972661762,1.6800189962937675,FGSG_00743;FGSG_03894;FGSG_04589;FGSG_08601,1,uncharacterized protein,GO:0016021;GO:0055085,1.2621223887047064,3,-1.91339659662142,0.002737108498015,1,0.5845070422535211
FGSG_01868,21,0.44593703565133336,8.774531608324299,FGSG_00007;FGSG_01866;FGSG_02255;FGSG_02321;FGSG_02326;FGSG_02327;FGSG_02328;FGSG_02329;FGSG_03532;FGSG_03539;FGSG_03541;FGSG_03543;FGSG_03842;FGSG_03881;FGSG_08081;FGSG_08083;FGSG_08084;FGSG_09064;FGSG_09187;FGSG_11326;FGSG_13952,2,uncharacterized protein,GO:0004497;GO:0005506;GO:0016021;GO:0016705;GO:0020037;GO:0055114,3.8277849390158445,9,0.966568932330927,7.34733673284797e-07,0,0.5843058350100604
FGSG_01473,15,0.45976634982605363,6.308347999972941,FGSG_00007;FGSG_01866;FGSG_02324;FGSG_02326;FGSG_02327;FGSG_02328;FGSG_02329;FGSG_03539;FGSG_03842;FGSG_03881;FGSG_07896;FGSG_08081;FGSG_08082;FGSG_08083;FGSG_13952,2,uncharacterized protein,GO:0005840;GO:0046475;GO:0047389,3.8277256413276577,9,0.541301290040954,1.54593243954979e-08,0,0.5841046277665995
FGSG_06401,12,0.4541508348012365,5.0792624349231765,FGSG_00330;FGSG_03295;FGSG_03546;FGSG_03548;FGSG_03992;FGSG_04458;FGSG_07075;FGSG_08601;FGSG_09280;FGSG_09456;FGSG_09834;FGSG_10347,1,uncharacterized protein,GO:0006725;GO:0008198;GO:0008270;GO:0016701;GO:0051213;GO:0055114,3.8262892164220625,9,-0.8610703287824,9.4704835164032e-13,0,0.5839034205231388
FGSG_13674,11,0.4425295428835275,4.648950443862891,FGSG_02321;FGSG_02323;FGSG_02324;FGSG_02325;FGSG_02326;FGSG_02327;FGSG_02328;FGSG_02329;FGSG_02903;FGSG_11326;FGSG_13952,2,uncharacterized protein,GO:0006623;GO:0006896;GO:0008152;GO:0016740;GO:0030123;GO:0030131;GO:0032153;GO:0044732;GO:0051286;GO:0072686,3.8261485846272234,9,0.288003346635496,0.0034631653120934,0,0.5837022132796781
FGSG_05649,9,0.44735029917267943,3.82564312224546,FGSG_02324;FGSG_02325;FGSG_02326;FGSG_02327;FGSG_02328;FGSG_02329;FGSG_08083;FGSG_11326;FGSG_13952,2,uncharacterized protein,GO:0006897;GO:0016020,3.82564312224546,9,0.217290496914015,0.0724387673214821,0,0.5835010060362174
FGSG_07041,16,0.4743135368857634,6.783416207267741,FGSG_00743;FGSG_01422;FGSG_02272;FGSG_02461;FGSG_03061;FGSG_03894;FGSG_04458;FGSG_04589;FGSG_05610;FGSG_08601;FGSG_08712;FGSG_08774;FGSG_09012;FGSG_10347;FGSG_10922;FGSG_12180,1,uncharacterized protein,GO:0005759;GO:0009060,3.8252283725592977,9,-0.309208102763499,0.0048757359548916,0,0.5832997987927565
FGSG_02268,11,0.44742752820696774,4.6317960632587285,FGSG_01866;FGSG_02321;FGSG_02324;FGSG_02325;FGSG_02326;FGSG_02327;FGSG_02328;FGSG_02329;FGSG_08083;FGSG_11326;FGSG_13952,2,uncharacterized protein,GO:0000981;GO:0005634;GO:0006357;GO:0008270,3.8240527810380636,9,0.605562784057463,0.0292121105213049,0,0.5830985915492958
FGSG_09825,9,0.43405736290889047,3.8238969335968753,FGSG_02324;FGSG_02325;FGSG_02326;FGSG_02327;FGSG_02328;FGSG_02329;FGSG_02903;FGSG_10670;FGSG_11326,2,uncharacterized protein,,3.8238969335968753,9,0.700247554354261,2.95237842534405e-11,0,0.582897384305835
FGSG_04755,12,0.43119075815850266,5.035669003456939,FGSG_00330;FGSG_01422;FGSG_03546;FGSG_03548;FGSG_03992;FGSG_04458;FGSG_08601;FGSG_08712;FGSG_09280;FGSG_09456;FGSG_09834;FGSG_10347,1,uncharacterized protein,GO:0010181;GO:0016491;GO:0055114,3.8230374436702084,9,-0.511029830399911,0.0231570700752487,0,0.5826961770623743
FGSG_11421,11,0.4457922840755453,4.622802902348898,FGSG_02321;FGSG_02323;FGSG_02324;FGSG_02325;FGSG_02326;FGSG_02327;FGSG_02328;FGSG_02329;FGSG_08083;FGSG_11326;FGSG_13952,2,uncharacterized protein,GO:0016491;GO:0046872;GO:0055114,3.8199551709828667,9,0.557734558988489,0.0086227810070114,0,0.5822937625754527
FGSG_03402,4,0.4143602469881727,1.6350303628950122,FGSG_02326;FGSG_02327;FGSG_02328;FGSG_02329,2,uncharacterized protein,GO:0003993;GO:0016311,1.6350303628950122,4,1.1088464959167,0.0012269843888679,1,0.5821596244131455
FGSG_07889,10,0.44077559838857855,4.221559278880261,FGSG_02321;FGSG_02324;FGSG_02325;FGSG_02326;FGSG_02327;FGSG_02328;FGSG_02329;FGSG_08083;FGSG_11326;FGSG_13952,2,uncharacterized protein,GO:0000981;GO:0003677;GO:0005634;GO:0006351;GO:0006357;GO:0008270,3.818679584190476,9,0.593297712939131,0.0181597468917494,0,0.5820925553319919
FGSG_00271,10,0.44778932234900115,4.225974233931223,FGSG_02323;FGSG_02324;FGSG_02325;FGSG_02326;FGSG_02327;FGSG_02328;FGSG_02329;FGSG_02903;FGSG_11326;FGSG_13952,2,PNG1 protein,GO:0000224;GO:0005829;GO:0006515;GO:0006517;GO:0046872,3.817742959119285,9,0.490156172157155,2.6871990836588702e-14,0,0.5818913480885313
FGSG_03265,4,0.44834026180305964,1.7019522959019695,FGSG_00743;FGSG_03894;FGSG_08774;FGSG_10922,1,uncharacterized protein,GO:0016021,0.8817398369792654,2,-3.12515107060942,0.0094704652457537,1,0.581757209926224
FGSG_03875,9,0.4460463889403182,3.8169102288090127,FGSG_02324;FGSG_02325;FGSG_02326;FGSG_02327;FGSG_02328;FGSG_02329;FGSG_02903;FGSG_10670;FGSG_11326,2,lysophospholipase precursor,GO:0004622;GO:0009395,3.8169102288090127,9,0.50430638221745,1.62328575249843e-12,0,0.5816901408450704
FGSG_08175,11,0.443975827610123,4.63293149538585,FGSG_02321;FGSG_02323;FGSG_02324;FGSG_02325;FGSG_02326;FGSG_02327;FGSG_02328;FGSG_02329;FGSG_08083;FGSG_11326;FGSG_13952,2,uncharacterized protein,,3.8130479528248435,9,0.424436676259521,0.239834348479548,0,0.5814889336016097
FGSG_13182,9,0.43735119279152407,3.794411168599702,FGSG_02324;FGSG_02325;FGSG_02326;FGSG_02327;FGSG_02328;FGSG_02329;FGSG_02903;FGSG_11326;FGSG_13952,2,uncharacterized protein,,3.794411168599702,9,0.553029712309194,9.54628120307697e-06,0,0.5804828973843058
FGSG_09223,13,0.4674988961526032,5.4730631455950345,FGSG_00743;FGSG_02272;FGSG_03061;FGSG_03894;FGSG_04458;FGSG_04589;FGSG_05610;FGSG_08601;FGSG_08774;FGSG_09012;FGSG_10347;FGSG_10922;FGSG_12180,1,uncharacterized protein,GO:0016021,3.791994251061785,9,-0.569380808266849,3.15387947045067e-08,0,0.5802816901408451
FGSG_05096,11,0.43608421677240955,4.6067956842822095,FGSG_00330;FGSG_01422;FGSG_03546;FGSG_03548;FGSG_03992;FGSG_04458;FGSG_04589;FGSG_08601;FGSG_08712;FGSG_09834;FGSG_10347,1,uncharacterized protein,GO:0005381;GO:0016021;GO:0034755,3.7913253829030182,9,-0.799659954576747,0.0001841139820017,0,0.5800804828973843
FGSG_10585,2,0.43666980708982295,0.8545287254325113,FGSG_03894;FGSG_10922,1,uncharacterized protein,,0.8545287254325113,2,-3.77753655150358,6.0235691308297495e-12,1,0.5798792756539236
FGSG_13359,9,0.442922012217598,3.7888463989765993,FGSG_00330;FGSG_03546;FGSG_03547;FGSG_03548;FGSG_04458;FGSG_08601;FGSG_09280;FGSG_09834;FGSG_10347,1,uncharacterized protein,,3.7888463989765993,9,-0.964337965396721,7.79267012469792e-07,0,0.5798792756539235
FGSG_04478,10,0.4438525525574985,4.210582832202562,FGSG_00330;FGSG_00743;FGSG_03546;FGSG_03548;FGSG_03894;FGSG_04458;FGSG_04589;FGSG_08601;FGSG_10347;FGSG_12180,1,uncharacterized protein,,3.7881459028985036,9,-0.717592744661706,3.77904776013457e-19,0,0.5796780684104628
FGSG_03952,4,0.4206079116815317,1.6417096839934202,FGSG_03842;FGSG_08082;FGSG_08083;FGSG_13952,2,uncharacterized protein,GO:0005737;GO:0008677;GO:0009063;GO:0015940;GO:0016021;GO:0050661;GO:0055114,1.6417096839934202,4,1.05747561209892,0.0008307692219886,1,0.5793427230046948
FGSG_09632,10,0.44162120599590693,4.188418963636522,FGSG_02321;FGSG_02324;FGSG_02325;FGSG_02326;FGSG_02327;FGSG_02328;FGSG_02329;FGSG_08083;FGSG_10670;FGSG_11326,2,uncharacterized protein,GO:0000139;GO:0005385;GO:0005783;GO:0006882;GO:0016021;GO:0071577,3.7839239066917907,9,0.438097769543415,0.0009843812493438,0,0.5792756539235413
FGSG_01698,10,0.4425385311809455,4.184340729388307,FGSG_02323;FGSG_02324;FGSG_02325;FGSG_02326;FGSG_02327;FGSG_02328;FGSG_02329;FGSG_02903;FGSG_11326;FGSG_13952,2,uncharacterized protein,GO:0006807;GO:0016810,3.782092258752336,9,0.948186821149784,3.41382487189405e-13,0,0.5788732394366197
FGSG_13138,14,0.44001711728212034,5.885756997666693,FGSG_01422;FGSG_02272;FGSG_02461;FGSG_03061;FGSG_03546;FGSG_03548;FGSG_03894;FGSG_04458;FGSG_05610;FGSG_08601;FGSG_09012;FGSG_09456;FGSG_09834;FGSG_10347,1,uncharacterized protein,,3.7808577150897276,9,-0.217784091418028,,0,0.578672032193159
FGSG_03194,11,0.4415825995031197,4.5855089850034325,FGSG_00007;FGSG_01866;FGSG_02324;FGSG_02326;FGSG_02327;FGSG_02328;FGSG_02329;FGSG_03842;FGSG_08082;FGSG_08083;FGSG_13952,2,polygalacturonase 1 precursor,GO:0004650;GO:0005576;GO:0005975;GO:0071555,3.779657538856073,9,0.523701955243774,0.0147544722833654,0,0.5784708249496983
FGSG_07047,12,0.43341646150214447,5.017583326598326,FGSG_02272;FGSG_03061;FGSG_03546;FGSG_03548;FGSG_03894;FGSG_04458;FGSG_05610;FGSG_08601;FGSG_09012;FGSG_09456;FGSG_09834;FGSG_10347,1,uncharacterized protein,GO:0005829;GO:0008168;GO:0048188;GO:0048189;GO:0051568,3.7762693174780524,9,-0.549736212259986,0.0111032543315039,0,0.5780684104627767
FGSG_08442,13,0.43389500916875373,5.478062295229419,FGSG_02272;FGSG_02461;FGSG_03061;FGSG_03546;FGSG_03548;FGSG_03894;FGSG_04458;FGSG_05610;FGSG_08601;FGSG_09012;FGSG_09456;FGSG_09834;FGSG_10347,1,uncharacterized protein,GO:0003735;GO:0005762;GO:0006412;GO:0016021,3.7700113782399343,9,-0.361013808738405,0.001502210594996,0,0.5778672032193158
FGSG_07651,10,0.43746125484367665,4.173691757958379,FGSG_02321;FGSG_02324;FGSG_02325;FGSG_02326;FGSG_02327;FGSG_02328;FGSG_02329;FGSG_08083;FGSG_11326;FGSG_13952,2,uncharacterized protein,,3.766037234400705,9,0.593824333970925,0.0008549145350845,0,0.5776659959758551
FGSG_01376,9,0.43704110898765874,3.7638688766269657,FGSG_00330;FGSG_03546;FGSG_03547;FGSG_03548;FGSG_04458;FGSG_04591;FGSG_08601;FGSG_09280;FGSG_10347,1,uncharacterized protein,,3.7638688766269657,9,-0.983198858044102,5.867673335243909e-28,0,0.5774647887323944
FGSG_11781,12,0.4405052874912625,4.982966102749545,FGSG_00743;FGSG_02272;FGSG_03061;FGSG_03546;FGSG_03548;FGSG_03894;FGSG_04458;FGSG_04589;FGSG_05610;FGSG_08601;FGSG_09012;FGSG_10347,1,uncharacterized protein,GO:0000055;GO:0000056;GO:0003723;GO:0005643;GO:0005730;GO:0005829;GO:0016973;GO:0017056;GO:0031965;GO:0042272;GO:0072686,3.758858338561309,9,-0.289342690699436,0.003926609678522,0,0.5772635814889336
FGSG_08000,9,0.4295230797113358,3.753184986575519,FGSG_02324;FGSG_02326;FGSG_02327;FGSG_02328;FGSG_02329;FGSG_03842;FGSG_08083;FGSG_11326;FGSG_13952,2,uncharacterized protein,GO:0000981;GO:0005634;GO:0006357;GO:0008270,3.753184986575519,9,0.615207035201314,0.0002411985503408,0,0.5768611670020121
FGSG_09890,10,0.43464327846328693,4.164840435500177,FGSG_00330;FGSG_03546;FGSG_03547;FGSG_03548;FGSG_04458;FGSG_08601;FGSG_09280;FGSG_09456;FGSG_09834;FGSG_10347,1,uncharacterized protein,GO:0006144;GO:0033971,3.7512543422813045,9,-0.7464188378002,1.96526018471533e-10,0,0.5766599597585513
FGSG_08889,12,0.42980111086209444,4.967886132736275,FGSG_00743;FGSG_02272;FGSG_03061;FGSG_03546;FGSG_03548;FGSG_03894;FGSG_04458;FGSG_04589;FGSG_05610;FGSG_08601;FGSG_09012;FGSG_10347,1,uncharacterized protein,GO:0000737;GO:0000738;GO:0003677;GO:0003906;GO:0005634;GO:0006284;GO:0008081;GO:0008311;GO:0034614;GO:1902546,3.7507072567513076,9,-0.528650236132665,0.0088992307464459,0,0.5764587525150906
FGSG_08434,9,0.4328852945367389,3.7488837508379707,FGSG_02324;FGSG_02325;FGSG_02326;FGSG_02327;FGSG_02328;FGSG_02329;FGSG_03842;FGSG_11326;FGSG_13952,2,uncharacterized protein,GO:0003677;GO:0005634;GO:0006351;GO:0008270,3.7488837508379707,9,0.714649855137543,7.07173113688872e-11,0,0.5762575452716298
FGSG_09417,9,0.42970556404755483,3.7488512710957824,FGSG_00330;FGSG_03546;FGSG_03547;FGSG_03548;FGSG_03992;FGSG_04458;FGSG_08601;FGSG_09834;FGSG_10347,1,uncharacterized protein,GO:0003824,3.7488512710957824,9,-0.35032791318668,0.0002160021850313,0,0.576056338028169
FGSG_01394,12,0.4587715067552183,4.998119315118495,FGSG_00743;FGSG_02272;FGSG_03061;FGSG_03894;FGSG_04458;FGSG_04589;FGSG_05610;FGSG_08601;FGSG_08774;FGSG_10347;FGSG_10922;FGSG_12180,1,uncharacterized protein,GO:0003735;GO:0005763;GO:0032543,3.7392080131700203,9,-0.240989877903129,0.0228103028907931,0,0.5758551307847083
FGSG_06066,9,0.4284394380330524,3.736904025762447,FGSG_02324;FGSG_02325;FGSG_02326;FGSG_02327;FGSG_02328;FGSG_02329;FGSG_03842;FGSG_11326;FGSG_13952,2,uncharacterized protein,GO:0005737;GO:0043130,3.736904025762447,9,0.555242581149068,6.91855099412735e-05,0,0.5756539235412474
FGSG_13422,3,0.4109595179550527,1.217606268234646,FGSG_02326;FGSG_02328;FGSG_02329,2,uncharacterized protein,GO:0007155;GO:0030246,1.217606268234646,3,2.50366589316569,0.0140804466501534,1,0.5756539235412474
FGSG_01837,9,0.4405220943580846,3.7345396666470645,FGSG_02324;FGSG_02325;FGSG_02326;FGSG_02327;FGSG_02328;FGSG_02329;FGSG_03842;FGSG_11326;FGSG_13952,2,uncharacterized protein,,3.7345396666470645,9,0.765612778460411,1.86313515724724e-25,0,0.5754527162977867
FGSG_09665,13,0.42357771070722705,5.325370604733465,FGSG_01422;FGSG_02272;FGSG_03061;FGSG_03546;FGSG_03548;FGSG_03894;FGSG_04458;FGSG_05610;FGSG_08601;FGSG_09012;FGSG_09456;FGSG_09834;FGSG_10347,1,uncharacterized protein,GO:0016021,3.7132068242666443,9,-0.131221472720845,0.121836242622009,0,0.575251509054326
FGSG_07742,10,0.4848282395456332,4.433573677593783,FGSG_00743;FGSG_00765;FGSG_02272;FGSG_02461;FGSG_03061;FGSG_03894;FGSG_05610;FGSG_08774;FGSG_09012;FGSG_13136,1,uncharacterized protein,GO:0004672;GO:0005524;GO:0006468,1.3941744207743798,3,-1.0968435929191,0.000161375029396,1,0.5748490945674045
FGSG_03100,9,0.42523290670506914,3.706652355615835,FGSG_02324;FGSG_02325;FGSG_02326;FGSG_02327;FGSG_02328;FGSG_02329;FGSG_03842;FGSG_08083;FGSG_13952,2,uncharacterized protein,GO:0016021;GO:0055085,3.706652355615835,9,0.654097624238521,0.0233542598246578,0,0.5748490945674044
FGSG_00844,10,0.4281345298429137,4.093154659084603,FGSG_00330;FGSG_03546;FGSG_03548;FGSG_03992;FGSG_04458;FGSG_08601;FGSG_09280;FGSG_09456;FGSG_09834;FGSG_10347,1,uncharacterized protein,GO:0000707;GO:0000722;GO:0003677;GO:0005524;GO:0005829;GO:0007131;GO:0008094;GO:0030491;GO:0033062;GO:0035861;GO:0046982,3.685942593021474,9,-0.617339714885446,0.0122159865713163,0,0.5746478873239437
FGSG_03799,20,0.49731071395762,8.825380861003925,FGSG_00743;FGSG_01422;FGSG_02030;FGSG_02271;FGSG_02272;FGSG_02461;FGSG_03061;FGSG_03894;FGSG_04458;FGSG_04590;FGSG_05610;FGSG_07075;FGSG_07528;FGSG_08712;FGSG_08774;FGSG_09012;FGSG_09456;FGSG_09834;FGSG_10347;FGSG_13136,1,general amino-acid permease GAP1,GO:0003333;GO:0015171;GO:0016021,3.579053141244025,8,-0.727511977554175,2.63446075172072e-11,0,0.5744466800804828
FGSG_04554,21,0.4944926591696441,9.289805644914956,FGSG_00743;FGSG_01422;FGSG_02030;FGSG_02271;FGSG_02272;FGSG_02461;FGSG_03061;FGSG_03295;FGSG_03894;FGSG_04458;FGSG_04590;FGSG_05610;FGSG_07075;FGSG_07528;FGSG_08712;FGSG_08774;FGSG_09012;FGSG_09456;FGSG_09834;FGSG_10347;FGSG_13136,1,uncharacterized protein,GO:0004815;GO:0005524;GO:0005829;GO:0006422,3.5788779493972163,8,-0.504503160307335,2.01096574796672e-08,0,0.5742454728370222
FGSG_06674,18,0.49034158582510734,7.930890933890545,FGSG_00743;FGSG_01422;FGSG_02271;FGSG_02272;FGSG_02461;FGSG_03061;FGSG_03894;FGSG_04458;FGSG_04590;FGSG_05610;FGSG_07075;FGSG_08712;FGSG_08774;FGSG_09012;FGSG_09456;FGSG_09834;FGSG_10347;FGSG_13136,1,uncharacterized protein,GO:0000287;GO:0008270;GO:0016616;GO:0051287;GO:0055114,3.574464295202184,8,-0.28899790180227,0.0019467822744874,0,0.5740442655935614
FGSG_04127,17,0.4883702666882548,7.507744586423003,FGSG_00743;FGSG_01422;FGSG_02271;FGSG_02272;FGSG_02461;FGSG_03061;FGSG_03894;FGSG_04458;FGSG_04590;FGSG_05610;FGSG_08712;FGSG_08774;FGSG_09012;FGSG_09456;FGSG_09834;FGSG_10347;FGSG_13136,1,uncharacterized protein,GO:0001558;GO:0005634;GO:0005829;GO:0008972;GO:0009228;GO:0016310;GO:0030148;GO:0030950;GO:0031505;GO:0031929;GO:0031932;GO:0032153,3.5662371186578663,8,-0.200112436465712,0.0928585061022064,0,0.5736418511066398
FGSG_04107,18,0.48763255118749976,7.898773023241135,FGSG_00743;FGSG_01422;FGSG_02271;FGSG_02272;FGSG_02461;FGSG_03061;FGSG_03894;FGSG_04458;FGSG_04590;FGSG_05610;FGSG_07075;FGSG_07528;FGSG_08712;FGSG_09012;FGSG_09456;FGSG_09834;FGSG_10347;FGSG_13136,1,uncharacterized protein,GO:0000082;GO:0005634;GO:0005737;GO:0006405;GO:0006511;GO:0006606;GO:0008536,3.56490950000582,8,-0.343497935162602,3.48552579698323e-06,0,0.5732394366197183
FGSG_05507,18,0.4951719458313408,7.959232534600677,FGSG_00743;FGSG_01422;FGSG_02030;FGSG_02271;FGSG_02272;FGSG_02461;FGSG_03061;FGSG_03894;FGSG_04458;FGSG_04590;FGSG_05610;FGSG_08712;FGSG_08774;FGSG_09012;FGSG_09456;FGSG_09834;FGSG_10347;FGSG_13136,1,uncharacterized protein,GO:0004856;GO:0005737;GO:0005998;GO:0046835,3.564612463722587,8,-0.523419377702685,3.0596057272959e-06,0,0.5730382293762576
FGSG_00050,20,0.4919090777090324,8.713021946839767,FGSG_00743;FGSG_01422;FGSG_02271;FGSG_02272;FGSG_02461;FGSG_03061;FGSG_03295;FGSG_03894;FGSG_04458;FGSG_04590;FGSG_05610;FGSG_07075;FGSG_07528;FGSG_08712;FGSG_08774;FGSG_09012;FGSG_09456;FGSG_09834;FGSG_10347;FGSG_13136,1,uncharacterized protein,GO:0008152;GO:0016787,3.5575126826570007,8,-0.29460866691165,2.85535476201605e-07,0,0.5728370221327967
FGSG_04886,21,0.4947654839452862,9.143299217016711,FGSG_00743;FGSG_01422;FGSG_02030;FGSG_02271;FGSG_02272;FGSG_02461;FGSG_03061;FGSG_03295;FGSG_03894;FGSG_04458;FGSG_04590;FGSG_05610;FGSG_07075;FGSG_07528;FGSG_08712;FGSG_08774;FGSG_09012;FGSG_09456;FGSG_09834;FGSG_10347;FGSG_13136,1,uncharacterized protein,GO:0004657;GO:0005739;GO:0010133;GO:0055114,3.5499464204984794,8,-0.941654177800701,6.71814509764731e-30,0,0.5724346076458753
FGSG_03933,18,0.4921927265138087,7.893369724043856,FGSG_00743;FGSG_01422;FGSG_02271;FGSG_02272;FGSG_02461;FGSG_03061;FGSG_03894;FGSG_04458;FGSG_04590;FGSG_05610;FGSG_07075;FGSG_08712;FGSG_08774;FGSG_09012;FGSG_09456;FGSG_09834;FGSG_10347;FGSG_13136,1,uncharacterized protein,GO:0004061;GO:0019441,3.5397248669319517,8,-0.272398861257125,0.0029776718265695,0,0.5716297786720322
FGSG_06686,16,0.4873026050798015,7.083646632835833,FGSG_00743;FGSG_01422;FGSG_02271;FGSG_02272;FGSG_02461;FGSG_03061;FGSG_03894;FGSG_04458;FGSG_04590;FGSG_05610;FGSG_08712;FGSG_08774;FGSG_09012;FGSG_09456;FGSG_09834;FGSG_10347,1,uncharacterized protein,GO:0000014;GO:0003676;GO:0004521;GO:0004529;GO:0005634;GO:0005743;GO:0006309;GO:0006310;GO:0006401;GO:0006995;GO:0046872;GO:0090502,3.5170362237945434,8,-0.373601293623791,0.0228103028907931,0,0.5706237424547284
FGSG_01092,16,0.4810712951025406,7.0155347321266905,FGSG_00743;FGSG_01422;FGSG_02271;FGSG_02272;FGSG_02461;FGSG_03061;FGSG_03894;FGSG_04458;FGSG_04590;FGSG_05610;FGSG_08712;FGSG_08774;FGSG_09012;FGSG_09456;FGSG_09834;FGSG_10347,1,serine/threonine-protein phosphatase 2A activator 2,GO:0000159;GO:0000413;GO:0003755;GO:0005634;GO:0005737;GO:0006970;GO:0019211;GO:0030472;GO:0043085,3.5153392464657136,8,-0.129299305519966,0.308205287084211,0,0.5704225352112676
FGSG_03646,10,0.4515781219653458,4.325482730275251,FGSG_02321;FGSG_02323;FGSG_02324;FGSG_02325;FGSG_02326;FGSG_02327;FGSG_02328;FGSG_02329;FGSG_11326;FGSG_13952,2,uncharacterized protein,GO:0016021;GO:0055085,3.5088575540496723,8,0.962061717475966,0.0070833611983274,0,0.5700201207243462
FGSG_00887,16,0.4832776273322768,6.983767939913229,FGSG_00743;FGSG_01422;FGSG_02271;FGSG_02272;FGSG_02461;FGSG_03061;FGSG_03894;FGSG_04458;FGSG_04590;FGSG_05610;FGSG_08712;FGSG_08774;FGSG_09012;FGSG_09834;FGSG_10347;FGSG_13136,1,uncharacterized protein,,3.5080768549012578,8,-0.38324467188327,0.0007441610031893,0,0.5696177062374246
FGSG_13726,21,0.4838604512383367,9.080941615054032,FGSG_00743;FGSG_01422;FGSG_02271;FGSG_02272;FGSG_02461;FGSG_02782;FGSG_03061;FGSG_03295;FGSG_03894;FGSG_04458;FGSG_04590;FGSG_05610;FGSG_07075;FGSG_07528;FGSG_08712;FGSG_08774;FGSG_09012;FGSG_09456;FGSG_09834;FGSG_10347;FGSG_13136,1,uncharacterized protein,GO:0005829;GO:0006595;GO:0016740,3.505168078258971,8,-0.54668350478331,3.97113454563836e-05,0,0.5694164989939637
FGSG_09231,22,0.4979567914302956,9.43881252156793,FGSG_00743;FGSG_00765;FGSG_01422;FGSG_02030;FGSG_02272;FGSG_02461;FGSG_02972;FGSG_03061;FGSG_03747;FGSG_03894;FGSG_04588;FGSG_04589;FGSG_04593;FGSG_05368;FGSG_05610;FGSG_08493;FGSG_08712;FGSG_08774;FGSG_09012;FGSG_10922;FGSG_12180;FGSG_13136,1,uncharacterized protein,,3.4977062545591675,8,-0.603353314804625,1.14455556622594e-05,0,0.5688128772635815
FGSG_10352,17,0.4781865716353039,7.399269882129371,FGSG_01422;FGSG_02271;FGSG_02272;FGSG_02461;FGSG_03061;FGSG_03295;FGSG_03894;FGSG_04458;FGSG_04590;FGSG_05610;FGSG_07075;FGSG_07528;FGSG_08712;FGSG_09012;FGSG_09456;FGSG_09834;FGSG_10347,1,peptidyl-prolyl cis-trans isomerase D,GO:0000413;GO:0003755;GO:0005737;GO:0042026;GO:0042277;GO:0051082,3.49739499247555,8,-0.598744727488967,5.26947881804122e-12,0,0.5686116700201207
FGSG_06597,23,0.47962965678864244,9.945447157062855,FGSG_00743;FGSG_01422;FGSG_02030;FGSG_02271;FGSG_02272;FGSG_02461;FGSG_02782;FGSG_03061;FGSG_03295;FGSG_03894;FGSG_04458;FGSG_04590;FGSG_05610;FGSG_06506;FGSG_07075;FGSG_07528;FGSG_08712;FGSG_08774;FGSG_09012;FGSG_09456;FGSG_09834;FGSG_10347;FGSG_13136,1,uncharacterized protein,,3.496513633875875,8,-0.766079566292462,5.0102354044798e-08,0,0.56841046277666
FGSG_09342,10,0.44675296726278585,4.305037318773462,FGSG_02321;FGSG_02323;FGSG_02324;FGSG_02325;FGSG_02326;FGSG_02327;FGSG_02328;FGSG_02329;FGSG_11326;FGSG_13952,2,uncharacterized protein,GO:0008643;GO:0016021;GO:0022891;GO:0055085,3.4849689061305886,8,0.3878726259389,0.0003171152894887,0,0.5682092555331992
FGSG_10830,23,0.49465729680206527,9.95056006242812,FGSG_00743;FGSG_00765;FGSG_01422;FGSG_01621;FGSG_02030;FGSG_02272;FGSG_02461;FGSG_03061;FGSG_03747;FGSG_03894;FGSG_04588;FGSG_04589;FGSG_04593;FGSG_05368;FGSG_05610;FGSG_08493;FGSG_08712;FGSG_08774;FGSG_09012;FGSG_10922;FGSG_11206;FGSG_12180;FGSG_13136,1,uncharacterized protein,GO:0000166;GO:0000346;GO:0003723;GO:0006283;GO:0016973;GO:1902281;GO:1990119,3.4828978517000326,8,-0.29633302019053,0.0002313536887261,0,0.5680080482897384
FGSG_02577,17,0.48691572301902586,7.295575020823875,FGSG_00743;FGSG_00765;FGSG_02272;FGSG_02461;FGSG_02972;FGSG_03061;FGSG_03747;FGSG_03894;FGSG_04589;FGSG_05368;FGSG_05610;FGSG_08493;FGSG_08774;FGSG_09012;FGSG_10444;FGSG_10922;FGSG_12180,1,uncharacterized protein,GO:0016021,3.4825025316219733,8,-0.504012064582666,2.9077138168577503e-10,0,0.5678068410462777
FGSG_08735,17,0.48830281221437455,7.303865335570901,FGSG_00743;FGSG_00765;FGSG_02272;FGSG_02461;FGSG_02972;FGSG_03061;FGSG_03747;FGSG_03894;FGSG_04589;FGSG_05368;FGSG_05610;FGSG_08493;FGSG_08774;FGSG_09012;FGSG_10444;FGSG_10922;FGSG_12180,1,uncharacterized protein,,3.4803694454130354,8,-0.628819905618411,1.21246018100068e-10,0,0.5676056338028169
FGSG_01430,8,0.448011151842941,3.4788166532724243,FGSG_02324;FGSG_02325;FGSG_02326;FGSG_02327;FGSG_02328;FGSG_02329;FGSG_02903;FGSG_11326,2,uncharacterized protein,GO:0005975;GO:0016301;GO:0016310;GO:0016773,3.4788166532724243,8,0.777111483434332,2.91171847336278e-25,0,0.5674044265593562
FGSG_08471,15,0.4853049466947438,6.526243658549058,FGSG_00743;FGSG_01422;FGSG_02272;FGSG_02461;FGSG_03061;FGSG_03894;FGSG_04458;FGSG_04589;FGSG_04590;FGSG_05610;FGSG_08712;FGSG_08774;FGSG_09012;FGSG_10347;FGSG_12180,1,uncharacterized protein,,3.477430428765545,8,-0.334044033691277,0.0098677871283345,0,0.5672032193158953
FGSG_05580,16,0.4757459533025966,6.914796586210902,FGSG_00743;FGSG_01422;FGSG_02271;FGSG_02272;FGSG_02461;FGSG_03061;FGSG_03894;FGSG_04458;FGSG_04590;FGSG_05610;FGSG_07075;FGSG_08712;FGSG_09012;FGSG_09456;FGSG_09834;FGSG_10347,1,uncharacterized protein,GO:0000210;GO:0005634;GO:0005777;GO:0005829;GO:0006734;GO:0046872,3.473805433941802,8,-0.27229265879399,0.0370857656006008,0,0.5668008048289739
FGSG_07880,9,0.450529226451181,3.8788894881268434,FGSG_02321;FGSG_02324;FGSG_02325;FGSG_02326;FGSG_02327;FGSG_02328;FGSG_02329;FGSG_08083;FGSG_11326,2,uncharacterized protein,GO:0003871;GO:0008270;GO:0009086;GO:0032259,3.4734276299161815,8,0.89744025214936,0.074787203834521,0,0.5665995975855131
FGSG_00633,17,0.48614970051288836,7.290983506990843,FGSG_00743;FGSG_00765;FGSG_02272;FGSG_02461;FGSG_02972;FGSG_03061;FGSG_03747;FGSG_03894;FGSG_04589;FGSG_05368;FGSG_05610;FGSG_08493;FGSG_08774;FGSG_09012;FGSG_10444;FGSG_10922;FGSG_12180,1,uncharacterized protein,GO:0000447;GO:0000448;GO:0000472;GO:0000480;GO:0004842;GO:0005622;GO:0006913;GO:0006997;GO:0007067;GO:0016874;GO:0042787,3.4724046926137255,8,-0.474813190389146,2.04410138044893e-11,0,0.5663983903420523
FGSG_04526,10,0.4520742724252583,4.284138146238913,FGSG_02321;FGSG_02323;FGSG_02324;FGSG_02325;FGSG_02326;FGSG_02327;FGSG_02328;FGSG_02329;FGSG_08083;FGSG_11326,2,uncharacterized protein,GO:0003824;GO:0009116,3.4723418048982,8,0.689389952173808,0.0030354031309423,0,0.5661971830985916
FGSG_12374,3,0.41696847689289745,1.2261485217722399,FGSG_02324;FGSG_02325;FGSG_02327,2,uncharacterized protein,GO:0015109;GO:0015703;GO:0016021,1.2261485217722399,3,1.87771112082992,0.0006190034117782,1,0.5659959758551307
FGSG_10961,15,0.4815422788333062,6.509774247237343,FGSG_00743;FGSG_01422;FGSG_02272;FGSG_02461;FGSG_03061;FGSG_03894;FGSG_04458;FGSG_04589;FGSG_04590;FGSG_05610;FGSG_08712;FGSG_08774;FGSG_09012;FGSG_10347;FGSG_12180,1,uncharacterized protein,GO:0004843;GO:0005768;GO:0006897;GO:0016579;GO:0030133;GO:0032153;GO:0043328,3.4714507631820033,8,-0.291612359576173,0.0093010569657721,0,0.5659959758551307
FGSG_09124,8,0.44232332777280753,3.46989766430903,FGSG_02324;FGSG_02325;FGSG_02326;FGSG_02327;FGSG_02328;FGSG_02329;FGSG_02903;FGSG_11326,2,uncharacterized protein,GO:0016491;GO:0055114,3.46989766430903,8,0.182350472132613,,0,0.56579476861167
FGSG_12386,3,0.42254278951135094,1.2434949153383539,FGSG_02324;FGSG_02325;FGSG_02327,2,uncharacterized protein,GO:0008270;GO:0016491;GO:0055114,1.2434949153383539,3,1.65940826903661,1.22901012578245e-06,1,0.56579476861167
FGSG_09560,13,0.47093102905601464,5.686916322383519,FGSG_00743;FGSG_01422;FGSG_02271;FGSG_02272;FGSG_02461;FGSG_03061;FGSG_03894;FGSG_04458;FGSG_04590;FGSG_05610;FGSG_08712;FGSG_09834;FGSG_10347,1,uncharacterized protein,,3.469033716561006,8,-0.214807596704409,0.0129189446692037,0,0.5655935613682093
FGSG_03330,4,0.403624245471021,1.6084768237346472,FGSG_02326;FGSG_02328;FGSG_02329;FGSG_11326,2,uncharacterized protein,GO:0005215;GO:0016021;GO:0055085,1.6084768237346472,4,1.01145148751337,3.48039166567802e-05,1,0.5655935613682093
FGSG_05656,21,0.4968583030652744,9.024043083494846,FGSG_00743;FGSG_00765;FGSG_01422;FGSG_02030;FGSG_02272;FGSG_02461;FGSG_03061;FGSG_03894;FGSG_04588;FGSG_04589;FGSG_04590;FGSG_04593;FGSG_05368;FGSG_05610;FGSG_08712;FGSG_08774;FGSG_09012;FGSG_10922;FGSG_11206;FGSG_12180;FGSG_13136,1,uncharacterized protein,GO:0005789;GO:0006612;GO:0008565;GO:0009408;GO:0016021;GO:0045047,3.467859612234552,8,-0.388963862755234,3.60669108854408e-06,0,0.5653923541247485
FGSG_07444,9,0.4549260752188477,3.878635977135097,FGSG_02321;FGSG_02324;FGSG_02325;FGSG_02326;FGSG_02327;FGSG_02328;FGSG_02329;FGSG_08083;FGSG_11326,2,uncharacterized protein,,3.4661898971398575,8,0.526343531620764,0.0010014303663675,0,0.5651911468812877
FGSG_10647,10,0.44902737578111734,4.276574412179079,FGSG_02321;FGSG_02323;FGSG_02324;FGSG_02325;FGSG_02326;FGSG_02327;FGSG_02328;FGSG_02329;FGSG_02903;FGSG_11326,2,uncharacterized protein,GO:0008168;GO:0032259,3.4642273015352445,8,0.865642842490378,5.13369453787644e-15,0,0.564989939637827
FGSG_08656,13,0.46663642088786983,5.627326745365981,FGSG_00743;FGSG_01422;FGSG_02272;FGSG_02461;FGSG_03061;FGSG_03894;FGSG_04458;FGSG_04589;FGSG_05610;FGSG_08601;FGSG_08712;FGSG_10347;FGSG_12180,1,uncharacterized protein,GO:0000147;GO:0003779;GO:0006897;GO:0030041;GO:0030479;GO:0032233;GO:0043332;GO:0044397;GO:0045010;GO:0071963;GO:1902404;GO:1903475;GO:2000601,3.464151731620637,8,-0.395403716630451,0.0001023441317554,0,0.5647887323943662
FGSG_02692,3,0.41151429513868504,1.2200752390251894,FGSG_03546;FGSG_03547;FGSG_03548,1,uncharacterized protein,GO:0051213;GO:0055114,1.2200752390251894,3,-1.90964102501769,8.09018971318254e-109,1,0.5645204560697519
FGSG_10106,15,0.49120857753260405,6.5442688690137185,FGSG_00743;FGSG_01422;FGSG_02272;FGSG_02461;FGSG_03061;FGSG_03894;FGSG_04458;FGSG_04589;FGSG_04590;FGSG_05610;FGSG_08712;FGSG_08774;FGSG_09012;FGSG_10347;FGSG_12180,1,uncharacterized protein,,3.4564350535767696,8,-0.645873637663013,0.0008015750890881,0,0.5639839034205232
FGSG_00397,9,0.4490620603716332,3.860628343130357,FGSG_02321;FGSG_02324;FGSG_02325;FGSG_02326;FGSG_02327;FGSG_02328;FGSG_02329;FGSG_10670;FGSG_11326,2,tubulin alpha chain,GO:0003924;GO:0005200;GO:0005525;GO:0005737;GO:0005874;GO:0007017,3.454517092157594,8,0.204092675806349,0.0022203365837883,0,0.5637826961770623
FGSG_03613,10,0.4471187065707959,4.260466330943608,FGSG_02321;FGSG_02323;FGSG_02324;FGSG_02325;FGSG_02326;FGSG_02327;FGSG_02328;FGSG_02329;FGSG_02903;FGSG_11326,2,uncharacterized protein,,3.4538780211286517,8,0.496145566213931,0.0358079128508767,0,0.5635814889336016
FGSG_00649,17,0.4943394027956672,7.2803562018068835,FGSG_00743;FGSG_00765;FGSG_01422;FGSG_02272;FGSG_02461;FGSG_02972;FGSG_03061;FGSG_03747;FGSG_03894;FGSG_04589;FGSG_04593;FGSG_05610;FGSG_08712;FGSG_08774;FGSG_09012;FGSG_10922;FGSG_12180,1,uncharacterized protein,GO:0003723;GO:0003735;GO:0005763;GO:0032543,3.450617066044509,8,-0.431946431890032,4.98327893927241e-05,0,0.5631790744466801
FGSG_12321,9,0.48158125279563657,3.9774567213234313,FGSG_00743;FGSG_00765;FGSG_02272;FGSG_02461;FGSG_03061;FGSG_03894;FGSG_05610;FGSG_08774;FGSG_13136,1,uncharacterized protein,GO:0016021;GO:0016757,1.3826406532591848,3,-1.01926158912868,8.09313994869929e-07,1,0.56317907444668
FGSG_03603,16,0.47877893304742264,6.924076982299015,FGSG_00743;FGSG_01422;FGSG_02271;FGSG_02272;FGSG_02461;FGSG_03061;FGSG_03894;FGSG_04458;FGSG_04590;FGSG_05610;FGSG_08712;FGSG_08774;FGSG_09012;FGSG_09456;FGSG_09834;FGSG_10347,1,uncharacterized protein,GO:0004631;GO:0005737;GO:0006695;GO:0009116;GO:0016310;GO:0016614;GO:0050660;GO:0055114,3.4495701424206637,8,-0.502523590719681,0.199486809528268,0,0.5629778672032193
FGSG_13367,11,0.4525856846435438,4.676127283345628,FGSG_02320;FGSG_02321;FGSG_02323;FGSG_02324;FGSG_02325;FGSG_02326;FGSG_02327;FGSG_02328;FGSG_02329;FGSG_08083;FGSG_11326,2,uncharacterized protein,,3.446712174557577,8,0.860476960895609,4.1556171609393796e-12,0,0.5627766599597586
FGSG_06222,15,0.4732673139483042,6.424284511581961,FGSG_00743;FGSG_01422;FGSG_02272;FGSG_02461;FGSG_03061;FGSG_03894;FGSG_04458;FGSG_04589;FGSG_05610;FGSG_08601;FGSG_08712;FGSG_08774;FGSG_09012;FGSG_10347;FGSG_12180,1,uncharacterized protein,GO:0006810;GO:0016021,3.4450138039718055,8,-0.22770744747087,0.105997237105012,0,0.5625754527162977
FGSG_02997,9,0.45013025636261655,3.849309059309134,FGSG_02321;FGSG_02324;FGSG_02325;FGSG_02326;FGSG_02327;FGSG_02328;FGSG_02329;FGSG_08083;FGSG_11326,2,uncharacterized protein,GO:0008152;GO:0016787,3.4399452144244926,8,0.829191499984894,0.0261149541823307,0,0.5623742454728371
FGSG_03336,5,0.4313286900764567,2.069859926800838,FGSG_03295;FGSG_03548;FGSG_03992;FGSG_09456;FGSG_09834,1,uncharacterized protein,GO:0016021,1.2358567511696643,3,-1.66044864288868,7.61739344545652e-57,1,0.5622401073105299
FGSG_08411,10,0.4449462054766083,4.256826359127423,FGSG_02321;FGSG_02323;FGSG_02324;FGSG_02325;FGSG_02326;FGSG_02327;FGSG_02328;FGSG_02329;FGSG_11326;FGSG_13952,2,uncharacterized protein,GO:0000981;GO:0005634;GO:0006357;GO:0008270,3.4380462881182496,8,0.403998196376072,0.108677479167066,0,0.5621730382293763
FGSG_10598,3,0.4136462296276661,1.2321027086200922,FGSG_03894;FGSG_04589;FGSG_10922,1,uncharacterized protein,,1.2321027086200922,3,-1.68416539147993,2.9593000016997897e-18,1,0.5620389000670691
FGSG_01347,9,0.4507511644565056,3.8382597648620087,FGSG_02321;FGSG_02324;FGSG_02325;FGSG_02326;FGSG_02327;FGSG_02328;FGSG_02329;FGSG_08083;FGSG_11326,2,uncharacterized protein,GO:0000778;GO:0005524;GO:0031134;GO:0034501;GO:0034508;GO:0051315;GO:0051754;GO:0071957;GO:0072370;GO:0072371;GO:0072480;GO:1990298,3.4378558496564704,8,0.468042675867368,0.0007368799988872,0,0.5619718309859155
FGSG_05526,15,0.45420905637992526,6.449904747264499,FGSG_00743;FGSG_01422;FGSG_02272;FGSG_02461;FGSG_03061;FGSG_03546;FGSG_03548;FGSG_03894;FGSG_04458;FGSG_05610;FGSG_08774;FGSG_09012;FGSG_09456;FGSG_09834;FGSG_10347,1,uncharacterized protein,,3.4352749019488393,8,-0.854343601054755,0.0575229851931354,0,0.5617706237424547
FGSG_02073,16,0.4870252663601186,6.831746380148367,FGSG_00743;FGSG_00765;FGSG_02272;FGSG_02461;FGSG_02972;FGSG_03061;FGSG_03747;FGSG_03894;FGSG_04589;FGSG_05610;FGSG_08493;FGSG_08774;FGSG_09012;FGSG_10444;FGSG_10922;FGSG_12180,1,lysophospholipase 2,GO:0004622;GO:0009395,3.4336936218561567,8,-0.579014154154665,8.48120759122687e-05,0,0.561569416498994
FGSG_07258,13,0.4800570009317042,5.583958852575116,FGSG_00743;FGSG_02272;FGSG_02461;FGSG_02972;FGSG_03061;FGSG_03747;FGSG_03894;FGSG_04589;FGSG_05610;FGSG_08774;FGSG_10444;FGSG_10922;FGSG_12180,1,uncharacterized protein,GO:0000027;GO:0005524;GO:0005654;GO:0005739;GO:0006364;GO:0016887,3.432790337292838,8,-0.913118636419223,3.3571877858399704e-15,0,0.5611670020120725
FGSG_06875,16,0.4636515100287936,6.862649314813164,FGSG_00743;FGSG_01422;FGSG_02271;FGSG_02272;FGSG_02461;FGSG_03061;FGSG_03548;FGSG_03894;FGSG_04458;FGSG_05610;FGSG_07075;FGSG_08774;FGSG_09012;FGSG_09456;FGSG_09834;FGSG_10347,1,uncharacterized protein,GO:0005756;GO:0015986;GO:0046933;GO:0046961,3.42529410671257,8,-0.66259453475339,1.1806220501776e-06,0,0.5605633802816902
FGSG_08626,14,0.4741017022503608,5.971632170597684,FGSG_00743;FGSG_01422;FGSG_02272;FGSG_02461;FGSG_03061;FGSG_03894;FGSG_04458;FGSG_04589;FGSG_05610;FGSG_08712;FGSG_08774;FGSG_10347;FGSG_10922;FGSG_12180,1,uncharacterized protein,GO:0001078;GO:0005634;GO:0005737;GO:0008270;GO:0035948;GO:0043565;GO:0061414;GO:0061415,3.424842833757568,8,-0.438785937753088,0.0056604597005396,0,0.5603621730382293
FGSG_12518,10,0.44500088013062633,4.237132843753275,FGSG_01866;FGSG_02321;FGSG_02324;FGSG_02326;FGSG_02327;FGSG_02328;FGSG_02329;FGSG_08083;FGSG_11326;FGSG_13952,2,uncharacterized protein,GO:0004069;GO:0006520;GO:0009058;GO:0030170;GO:0080130,3.424474488849668,8,0.871872722766136,0.0037214903660629,0,0.5601609657947686
FGSG_02288,14,0.461495403753279,5.985762931629546,FGSG_01422;FGSG_02271;FGSG_02272;FGSG_02461;FGSG_03061;FGSG_03894;FGSG_04458;FGSG_04590;FGSG_05610;FGSG_07075;FGSG_08712;FGSG_09456;FGSG_09834;FGSG_10347,1,uncharacterized protein,GO:0004386;GO:0046872,3.422835375235289,8,-0.435323424601088,0.0737462646800906,0,0.5599597585513079
FGSG_10220,16,0.4669103465865785,6.79990608713447,FGSG_00743;FGSG_01422;FGSG_02271;FGSG_02272;FGSG_02461;FGSG_03061;FGSG_03894;FGSG_04458;FGSG_04590;FGSG_05610;FGSG_07075;FGSG_08712;FGSG_09012;FGSG_09456;FGSG_09834;FGSG_10347,1,uncharacterized protein,GO:0008168;GO:0016020;GO:0032259,3.4213829145156116,8,-0.221030271649104,0.0702956969008617,0,0.5597585513078471
FGSG_07224,8,0.4479932017636995,3.419588348406032,FGSG_00330;FGSG_03546;FGSG_03547;FGSG_03548;FGSG_04458;FGSG_04591;FGSG_08601;FGSG_10347,1,uncharacterized protein,GO:0015035;GO:0016740;GO:0055114,3.419588348406032,8,-0.685647035342704,8.91653264803758e-09,0,0.5595573440643863
FGSG_02335,12,0.4595900507010879,5.076358158215075,FGSG_00007;FGSG_01866;FGSG_02324;FGSG_02326;FGSG_02327;FGSG_02328;FGSG_03539;FGSG_03842;FGSG_03881;FGSG_08082;FGSG_08083;FGSG_13952,2,uncharacterized protein,,3.419125804701189,8,0.549591208504411,1.3350702182155001e-11,0,0.5593561368209256
FGSG_01221,15,0.4589850866915255,6.305762521270363,FGSG_00007;FGSG_01866;FGSG_02321;FGSG_02326;FGSG_02327;FGSG_02328;FGSG_02329;FGSG_03539;FGSG_03842;FGSG_03881;FGSG_07896;FGSG_08081;FGSG_08082;FGSG_08083;FGSG_13952,2,uncharacterized protein,GO:0016829,3.4184052288102853,8,0.997393682403231,1.7144986579101e-08,0,0.5591549295774648
FGSG_08020,9,0.4503533245957766,3.8240695814729784,FGSG_02321;FGSG_02325;FGSG_02326;FGSG_02327;FGSG_02328;FGSG_02329;FGSG_08083;FGSG_10670;FGSG_11326,2,uncharacterized protein,,3.4182970496076237,8,0.99313983172466,0.0034964669278944,0,0.5589537223340041
FGSG_11991,15,0.48598263141914533,6.393037404058169,FGSG_00743;FGSG_02272;FGSG_02461;FGSG_02972;FGSG_03061;FGSG_03747;FGSG_03894;FGSG_04589;FGSG_05610;FGSG_08493;FGSG_08774;FGSG_09012;FGSG_10444;FGSG_10922;FGSG_12180,1,uncharacterized protein,GO:0006508;GO:0008237,3.4161023259993306,8,-0.354281699517142,4.55873903795344e-05,0,0.5585513078470825
FGSG_08284,11,0.44865165879264873,4.652088691149989,FGSG_00007;FGSG_01866;FGSG_02324;FGSG_02326;FGSG_02327;FGSG_02328;FGSG_02329;FGSG_03842;FGSG_03881;FGSG_08083;FGSG_13952,2,uncharacterized protein,,3.414840191442342,8,0.520920238299315,0.0171739715377291,0,0.5583501006036217
FGSG_00417,8,0.44496976576714503,3.4139344912156826,FGSG_00330;FGSG_03546;FGSG_03548;FGSG_03894;FGSG_04458;FGSG_04589;FGSG_08601;FGSG_10347,1,methylenetetrahydrofolate dehydrogenase,GO:0004487;GO:0004488;GO:0005634;GO:0005829;GO:0006730;GO:0009113;GO:0009396;GO:0055114,3.4139344912156826,8,-0.884990338672385,6.06538267386528e-10,0,0.5579476861167002
FGSG_02415,13,0.4594485760787783,5.478114775671313,FGSG_00007;FGSG_01866;FGSG_02324;FGSG_02326;FGSG_02327;FGSG_02328;FGSG_03539;FGSG_03842;FGSG_03881;FGSG_08081;FGSG_08082;FGSG_08083;FGSG_13952,2,uncharacterized protein,GO:0016021,3.412541839933651,8,0.487702099431073,9.33297969206114e-07,0,0.5577464788732395
FGSG_11829,14,0.4719182219994996,5.939047685274624,FGSG_00743;FGSG_01422;FGSG_02272;FGSG_02461;FGSG_03061;FGSG_03894;FGSG_04458;FGSG_04589;FGSG_05610;FGSG_08601;FGSG_08712;FGSG_08774;FGSG_10347;FGSG_12180,1,uncharacterized protein,GO:0016021,3.4118594291486968,8,-0.450959832080598,0.0009427822463944,0,0.5573440643863179
FGSG_04008,8,0.44424448343170864,3.408685725703702,FGSG_02324;FGSG_02326;FGSG_02327;FGSG_02328;FGSG_02329;FGSG_08083;FGSG_11326;FGSG_13952,2,uncharacterized protein,,3.408685725703702,8,0.942849007714947,0.0030363974702831,0,0.5571428571428572
FGSG_08826,11,0.450404131128413,4.654931123154669,FGSG_00007;FGSG_01866;FGSG_02324;FGSG_02326;FGSG_02327;FGSG_02328;FGSG_02329;FGSG_03842;FGSG_03881;FGSG_08083;FGSG_13952,2,uncharacterized protein,GO:0000981;GO:0003677;GO:0005634;GO:0006351;GO:0006357;GO:0008080;GO:0008270;GO:0016021,3.408378755052011,8,0.445334030719638,3.98377441428402e-05,0,0.5567404426559356
FGSG_00590,12,0.47896060009866886,5.138450752725686,FGSG_00743;FGSG_02272;FGSG_02972;FGSG_03061;FGSG_03747;FGSG_03894;FGSG_04589;FGSG_05610;FGSG_08774;FGSG_10444;FGSG_10922;FGSG_12180,1,uncharacterized protein,GO:0000288;GO:0005506;GO:0005975;GO:0006415;GO:0008143;GO:0016706;GO:0016857;GO:0031418;GO:0055114,3.4076042923256837,8,-0.874778998742368,1.1241862686418801e-10,0,0.5565392354124749
FGSG_08620,12,0.4530739280337043,5.063248906460982,FGSG_00007;FGSG_01866;FGSG_02324;FGSG_02326;FGSG_02327;FGSG_02328;FGSG_02329;FGSG_03539;FGSG_03842;FGSG_03881;FGSG_08083;FGSG_13952,2,uncharacterized protein,GO:0005789;GO:0009055;GO:0016021;GO:0016126;GO:0020037;GO:0046872,3.4049258027270475,8,0.268979044804637,1.1194039126415e-05,0,0.5563380281690141
FGSG_03102,9,0.4375124061819871,3.80299068540888,FGSG_02323;FGSG_02324;FGSG_02325;FGSG_02326;FGSG_02327;FGSG_02328;FGSG_02329;FGSG_11326;FGSG_13952,2,uncharacterized protein,GO:0000981;GO:0005634;GO:0006357;GO:0008270,3.4028344284439855,8,0.66424608568975,0.0049116229537053,0,0.5561368209255533
FGSG_05378,8,0.44267227733146974,3.398858794938718,FGSG_02324;FGSG_02325;FGSG_02326;FGSG_02327;FGSG_02328;FGSG_02329;FGSG_02903;FGSG_11326,2,uncharacterized protein,GO:0002181;GO:0003735;GO:0022625,3.398858794938718,8,0.550129555553943,3.3136435564565e-19,0,0.5555331991951711
FGSG_13875,3,0.41618861889020914,1.2220330261816192,FGSG_02324;FGSG_02325;FGSG_02903,2,uncharacterized protein,GO:0004499;GO:0050660;GO:0050661;GO:0055114,1.2220330261816192,3,1.61734250426626,9.21581829495213e-41,1,0.5553319919517103
FGSG_07633,8,0.4315725538656152,3.398746894749805,FGSG_02324;FGSG_02325;FGSG_02326;FGSG_02327;FGSG_02328;FGSG_02329;FGSG_02903;FGSG_11326,2,uncharacterized protein,GO:0016021,3.398746894749805,8,0.457694695085781,0.04022891665872,0,0.5553319919517102
FGSG_13704,15,0.4481626623747838,6.357664392512965,FGSG_00743;FGSG_01422;FGSG_02272;FGSG_02461;FGSG_03061;FGSG_03546;FGSG_03548;FGSG_03894;FGSG_04458;FGSG_05610;FGSG_08774;FGSG_09012;FGSG_09456;FGSG_09834;FGSG_10347,1,uncharacterized protein,,3.3966513406584755,8,-0.992252496629335,0.0289037319688278,0,0.5551307847082495
FGSG_04137,8,0.42954710388758405,3.3962661361670246,FGSG_02324;FGSG_02325;FGSG_02326;FGSG_02327;FGSG_02328;FGSG_02329;FGSG_02903;FGSG_11326,2,60S ribosomal protein L32,GO:0002181;GO:0003735;GO:0022625,3.3962661361670246,8,0.509780779108271,2.9172350466446697e-13,0,0.5549295774647888
FGSG_03851,5,0.4633004564939173,2.135316015446117,FGSG_00743;FGSG_03894;FGSG_05610;FGSG_08774;FGSG_10922,1,uncharacterized protein,GO:0005783;GO:0016021;GO:0016491;GO:0016746;GO:0055114,0.8848690894058964,2,-1.75390480039886,0.0007527451693303,1,0.5545942320590208
FGSG_00841,12,0.4498492677874392,5.07519070564579,FGSG_00743;FGSG_01422;FGSG_02272;FGSG_03061;FGSG_03894;FGSG_04458;FGSG_04589;FGSG_05610;FGSG_08601;FGSG_08712;FGSG_10347;FGSG_12180,1,uncharacterized protein,GO:0000288;GO:0001308;GO:0003729;GO:0008104;GO:0017148,3.3832422344823665,8,-0.610706465864638,1.48865097268765e-07,0,0.5543259557344065
FGSG_13133,13,0.4397632536739108,5.5197607086569,FGSG_01422;FGSG_02272;FGSG_02461;FGSG_03061;FGSG_03546;FGSG_03548;FGSG_03894;FGSG_04458;FGSG_05610;FGSG_09012;FGSG_09456;FGSG_09834;FGSG_10347,1,uncharacterized protein,GO:0004129;GO:0005751;GO:0006123;GO:1902600,3.380744658491951,8,-0.981285753039541,1.63866364109661e-07,0,0.5541247484909456
FGSG_02696,8,0.43382438608523277,3.37995051659865,FGSG_02324;FGSG_02325;FGSG_02326;FGSG_02327;FGSG_02328;FGSG_02329;FGSG_11326;FGSG_13952,2,uncharacterized protein,GO:0000981;GO:0003677;GO:0005634;GO:0006351;GO:0006357;GO:0008270,3.37995051659865,8,0.382597831380629,0.0003541968729394,0,0.5539235412474849
FGSG_00572,23,0.4553759763871256,9.698243690095305,FGSG_00007;FGSG_01866;FGSG_02326;FGSG_02327;FGSG_02328;FGSG_02329;FGSG_03532;FGSG_03534;FGSG_03535;FGSG_03537;FGSG_03539;FGSG_03541;FGSG_03543;FGSG_03842;FGSG_03881;FGSG_07896;FGSG_08079;FGSG_08081;FGSG_08082;FGSG_08083;FGSG_08084;FGSG_09064;FGSG_13952,2,uncharacterized protein,GO:0008643;GO:0016021;GO:0022891;GO:0055085,3.3789244091232487,8,0.80618422625685,9.483218793468e-17,0,0.5537223340040242
FGSG_07917,22,0.45566731237670116,9.319232418709095,FGSG_00007;FGSG_01866;FGSG_02326;FGSG_02327;FGSG_02328;FGSG_02329;FGSG_03532;FGSG_03534;FGSG_03535;FGSG_03539;FGSG_03541;FGSG_03543;FGSG_03842;FGSG_03881;FGSG_07896;FGSG_08079;FGSG_08081;FGSG_08082;FGSG_08083;FGSG_08084;FGSG_09064;FGSG_13952,2,uncharacterized protein,GO:0016021;GO:0055085,3.3787637087356903,8,0.811306602723163,1.31447564563872e-19,0,0.5535211267605634
FGSG_06342,9,0.4305713462042857,3.775645411436871,FGSG_00330;FGSG_03546;FGSG_03548;FGSG_03992;FGSG_04458;FGSG_08601;FGSG_08712;FGSG_09834;FGSG_10347,1,succinyl-CoA:3-ketoacid-coenzyme A transferase subunit A,GO:0005739;GO:0008260;GO:0046952,3.374935089310952,8,-0.740231874473131,0.0002319489068246,0,0.5533199195171026
FGSG_05682,8,0.4397209312958068,3.374412768128996,FGSG_02324;FGSG_02325;FGSG_02326;FGSG_02327;FGSG_02328;FGSG_03842;FGSG_08083;FGSG_13952,2,uncharacterized protein,GO:0000981;GO:0005634;GO:0006357;GO:0008270,3.374412768128996,8,0.547344099299532,5.66841688421741e-07,0,0.5531187122736418
FGSG_05230,13,0.44360833608073735,5.4679502729978084,FGSG_00743;FGSG_01422;FGSG_02272;FGSG_02461;FGSG_03061;FGSG_03548;FGSG_03894;FGSG_04458;FGSG_04590;FGSG_05610;FGSG_08712;FGSG_09834;FGSG_10347,1,uncharacterized protein,,3.3732004155646815,8,-0.270133085986887,0.0995836681570218,0,0.5529175050301811
FGSG_09179,8,0.4708878423600188,3.411032633600317,FGSG_00743;FGSG_02272;FGSG_02461;FGSG_03061;FGSG_03894;FGSG_05610;FGSG_08774;FGSG_09012,1,uncharacterized protein,GO:0016787,1.2934786350388943,3,-1.08804197959439,0.0133894134664631,1,0.5527833668678739
FGSG_11472,20,0.4362244814860651,8.32877989812851,FGSG_00007;FGSG_01866;FGSG_02320;FGSG_02321;FGSG_02326;FGSG_02327;FGSG_02328;FGSG_02329;FGSG_03532;FGSG_03543;FGSG_03881;FGSG_08078;FGSG_08081;FGSG_08083;FGSG_08084;FGSG_08795;FGSG_09064;FGSG_10670;FGSG_12211;FGSG_13952,2,uncharacterized protein,GO:0004252;GO:0005618;GO:0006508;GO:0016020,3.3717781809938248,8,0.895401430545005,2.64242703378643e-13,0,0.5523138832997988
FGSG_03835,22,0.4489471523926071,9.271638405697859,FGSG_00007;FGSG_01866;FGSG_02326;FGSG_02327;FGSG_02328;FGSG_02329;FGSG_03532;FGSG_03535;FGSG_03539;FGSG_03541;FGSG_03543;FGSG_03842;FGSG_03881;FGSG_07896;FGSG_08077;FGSG_08079;FGSG_08081;FGSG_08082;FGSG_08083;FGSG_08084;FGSG_09064;FGSG_13952,2,uncharacterized protein,GO:0008168;GO:0032259,3.3704789543513067,8,0.455960679610835,2.10205798812973e-08,0,0.5521126760563381
FGSG_12889,9,0.4321058345388934,3.7696218603383045,FGSG_00330;FGSG_03546;FGSG_03548;FGSG_03992;FGSG_04458;FGSG_08601;FGSG_09456;FGSG_09834;FGSG_10347,1,uncharacterized protein,GO:0016740;GO:0016884,3.368840623081369,8,-0.521006869936756,0.0118550601384556,0,0.5519114688128772
FGSG_09165,8,0.4374116014640368,3.3636196988702354,FGSG_00330;FGSG_03546;FGSG_03547;FGSG_03548;FGSG_04458;FGSG_08601;FGSG_09834;FGSG_10347,1,nuclear movement protein nudC,,3.3636196988702354,8,-0.482584164097639,1.628109232106e-05,0,0.5509054325955735
FGSG_11186,9,0.4334700418760527,3.760094305139512,FGSG_00007;FGSG_02324;FGSG_02326;FGSG_02327;FGSG_02328;FGSG_02329;FGSG_03842;FGSG_08083;FGSG_13952,2,uncharacterized protein,GO:0000981;GO:0005634;GO:0006357;GO:0008270,3.35611243487498,8,0.702573437601357,0.0786761567472538,0,0.550503018108652
FGSG_02836,8,0.4265689445237168,3.355078988991565,FGSG_02324;FGSG_02325;FGSG_02326;FGSG_02327;FGSG_02328;FGSG_02329;FGSG_02903;FGSG_11326,2,uncharacterized protein,GO:0003824,3.355078988991565,8,0.239846835666782,,0,0.5501006036217304
FGSG_02815,15,0.4384630647469146,6.234294121108698,FGSG_01866;FGSG_02320;FGSG_02321;FGSG_02325;FGSG_02326;FGSG_02327;FGSG_02328;FGSG_02329;FGSG_03574;FGSG_03881;FGSG_08078;FGSG_08083;FGSG_10670;FGSG_11326;FGSG_12211,2,uncharacterized protein,GO:0003824;GO:0050662,3.354563077208719,8,0.797372515984488,4.68787050830812e-08,0,0.5498993963782696
FGSG_13301,8,0.4349434529316104,3.35396714197976,FGSG_02324;FGSG_02325;FGSG_02326;FGSG_02327;FGSG_02328;FGSG_02329;FGSG_11326;FGSG_13952,2,uncharacterized protein,GO:0016021,3.35396714197976,8,0.704708190674678,2.0436523964177e-06,0,0.5496981891348088
FGSG_05382,8,0.4335676403056048,3.3521977250825383,FGSG_02324;FGSG_02325;FGSG_02326;FGSG_02327;FGSG_02328;FGSG_03842;FGSG_08083;FGSG_13952,2,uncharacterized protein,GO:0008270;GO:0016491;GO:0055114,3.3521977250825383,8,0.773018700528599,1.7354756524846801e-09,0,0.5494969818913481
FGSG_02111,9,0.4362225360356563,3.761227863954669,FGSG_00007;FGSG_02324;FGSG_02326;FGSG_02327;FGSG_02328;FGSG_02329;FGSG_03842;FGSG_08083;FGSG_13952,2,uncharacterized protein,GO:0004497;GO:0005506;GO:0016021;GO:0016705;GO:0020037;GO:0055114,3.350424826363702,8,0.981244314399106,1.6620494375028e-06,0,0.5492957746478874
FGSG_04113,10,0.4442532294532684,4.196198420590871,FGSG_00743;FGSG_03061;FGSG_03894;FGSG_04458;FGSG_04589;FGSG_05610;FGSG_08601;FGSG_10347;FGSG_10922;FGSG_12180,1,uncharacterized protein,GO:0003924;GO:0005525;GO:0005743;GO:0008053;GO:0031307;GO:0042803;GO:0051646,3.3496590796565124,8,-0.531671824556947,1.94172257173949e-08,0,0.5490945674044265
FGSG_01312,12,0.4488506947062249,5.048246928886551,FGSG_00743;FGSG_01422;FGSG_02272;FGSG_03061;FGSG_03894;FGSG_04458;FGSG_04589;FGSG_05610;FGSG_08601;FGSG_08712;FGSG_10347;FGSG_12180,1,uncharacterized protein,GO:0000160;GO:0001324;GO:0004674;GO:0005524;GO:0005634;GO:0005737;GO:0006468;GO:0009267;GO:0034605;GO:0040020,3.349095345099427,8,-0.394794062764287,0.0007335558964412,0,0.5488933601609658
FGSG_12561,2,0.40864645423094115,0.8096868133807082,FGSG_02326;FGSG_02329,2,uncharacterized protein,GO:0005524,0.8096868133807082,2,5.39629413330541,7.97329074112136e-06,1,0.5488262910798122
FGSG_01654,13,0.4351571427520836,5.439884567645925,FGSG_01422;FGSG_02272;FGSG_02461;FGSG_03061;FGSG_03546;FGSG_03548;FGSG_03894;FGSG_04458;FGSG_05610;FGSG_09012;FGSG_09456;FGSG_09834;FGSG_10347,1,uncharacterized protein,,3.3487125227105565,8,-0.330670138746061,0.0451763856705034,0,0.5486921529175051
FGSG_09718,3,0.4177034741630374,1.2324922603323896,FGSG_02326;FGSG_02328;FGSG_02329,2,uncharacterized protein,,1.2324922603323896,3,1.38758731835322,5.46903425875052e-21,1,0.5484909456740443
FGSG_01887,8,0.4261525628902053,3.3482828492500905,FGSG_02324;FGSG_02325;FGSG_02326;FGSG_02327;FGSG_02328;FGSG_02329;FGSG_02903;FGSG_11326,2,uncharacterized protein,GO:0005198;GO:0005768;GO:0006886;GO:0006897;GO:0030130;GO:0030132;GO:0031505;GO:0045807,3.3482828492500905,8,0.255420401116339,0.0032177022655471,0,0.5484909456740442
FGSG_09462,8,0.44102238356144197,3.347333729531617,FGSG_02324;FGSG_02325;FGSG_02326;FGSG_02327;FGSG_03842;FGSG_08082;FGSG_08083;FGSG_13952,2,uncharacterized protein,GO:0008270,3.347333729531617,8,0.997060105626127,8.967250339957901e-32,0,0.5482897384305835
FGSG_10233,8,0.43489075336553973,3.3433228513797544,FGSG_02324;FGSG_02325;FGSG_02326;FGSG_02327;FGSG_02328;FGSG_02329;FGSG_08083;FGSG_11326,2,uncharacterized protein,GO:0006810;GO:0016021,3.3433228513797544,8,0.294515513644256,0.0216938229116184,0,0.5480885311871228
FGSG_08888,12,0.44058874436227125,5.000207074348436,FGSG_02272;FGSG_02461;FGSG_03061;FGSG_03546;FGSG_03548;FGSG_04458;FGSG_05610;FGSG_08601;FGSG_09012;FGSG_09456;FGSG_09834;FGSG_10347,1,uncharacterized protein,GO:0004129;GO:0005751;GO:0009060;GO:0016021;GO:0030234;GO:0050790;GO:0097250;GO:1902600,3.3382920290550295,8,-0.916489657763587,2.6614642837924e-09,0,0.5476861167002012
FGSG_05295,9,0.439123470952742,3.75819754843443,FGSG_00330;FGSG_03546;FGSG_03548;FGSG_03992;FGSG_04458;FGSG_08601;FGSG_09456;FGSG_09834;FGSG_10347,1,uncharacterized protein,GO:0006520;GO:0016831;GO:0030170,3.3367234902632563,8,-0.764555915221091,0.0057561029574236,0,0.5474849094567404
FGSG_10036,8,0.42914563945964124,3.3350683012073574,FGSG_02324;FGSG_02325;FGSG_02326;FGSG_02327;FGSG_02328;FGSG_02329;FGSG_02903;FGSG_11326,2,uncharacterized protein,GO:0006750;GO:0016874;GO:0035226,3.3350683012073574,8,0.297467084304315,0.0045597653698241,0,0.5472837022132797
FGSG_05123,8,0.4405455654095941,3.3307324319441856,FGSG_02324;FGSG_02325;FGSG_02326;FGSG_02327;FGSG_02328;FGSG_03842;FGSG_08083;FGSG_13952,2,uncharacterized protein,,3.3307324319441856,8,0.393943195457165,0.0002275526233753,0,0.5468812877263581
FGSG_08401,9,0.4285001270461653,3.742765079618854,FGSG_00330;FGSG_03546;FGSG_03548;FGSG_03992;FGSG_04458;FGSG_08601;FGSG_09280;FGSG_09456;FGSG_09834,1,uncharacterized protein,GO:0000433;GO:0000814;GO:0005198;GO:0006623;GO:0043162,3.326010706570391,8,-0.792828052022716,3.3161245088369704e-09,0,0.5466800804828974
FGSG_03919,8,0.4327303086232746,3.3247655903291324,FGSG_02324;FGSG_02326;FGSG_02327;FGSG_02328;FGSG_02329;FGSG_08083;FGSG_11326;FGSG_13952,2,uncharacterized protein,GO:0000981;GO:0005634;GO:0006357;GO:0008270,3.3247655903291324,8,0.719860766597899,0.0269056082438722,0,0.5464788732394366
FGSG_01757,8,0.4348285648872584,3.3247134412898287,FGSG_02324;FGSG_02325;FGSG_02326;FGSG_02327;FGSG_02328;FGSG_03842;FGSG_08083;FGSG_13952,2,nodulation protein L,GO:0016407,3.3247134412898287,8,0.533885583273222,0.0088479467379939,0,0.5462776659959759
FGSG_08942,10,0.4452308559940039,4.16870071131566,FGSG_00330;FGSG_03546;FGSG_03548;FGSG_03992;FGSG_04458;FGSG_07075;FGSG_09280;FGSG_09456;FGSG_09834;FGSG_10347,1,uncharacterized protein,GO:0008270;GO:0016491;GO:0055114,3.322120714045047,8,-0.668395280770338,5.58446499309773e-07,0,0.5460764587525151
FGSG_01278,8,0.4246485970664675,3.315298713675652,FGSG_02324;FGSG_02325;FGSG_02326;FGSG_02327;FGSG_02328;FGSG_02329;FGSG_02903;FGSG_11326,2,uncharacterized protein,GO:0003735;GO:0005840;GO:0006412,3.315298713675652,8,0.48523329191555,2.58489555816855e-11,0,0.5458752515090544
FGSG_02937,8,0.41831484903667354,3.3052699738490596,FGSG_02324;FGSG_02325;FGSG_02326;FGSG_02327;FGSG_02328;FGSG_02329;FGSG_02903;FGSG_11326,2,uncharacterized protein,GO:0016021,3.3052699738490596,8,0.928364787433969,1.16715935632957e-21,0,0.545271629778672
FGSG_10732,13,0.4258016837743764,5.378270334114332,FGSG_01422;FGSG_02272;FGSG_02461;FGSG_03061;FGSG_03546;FGSG_03548;FGSG_03894;FGSG_04458;FGSG_05610;FGSG_09012;FGSG_09456;FGSG_09834;FGSG_10347,1,uncharacterized protein,GO:0006744;GO:0008299;GO:0008412;GO:0031305,3.2981617080910013,8,-0.506310634717728,0.0158647108712784,0,0.5448692152917505
FGSG_09644,8,0.4201067052436419,3.29581285356011,FGSG_02324;FGSG_02325;FGSG_02326;FGSG_02327;FGSG_02328;FGSG_02329;FGSG_02903;FGSG_11326,2,uncharacterized protein,GO:0005524;GO:0016301;GO:0016310,3.29581285356011,8,0.437510211198341,0.0033692919828439,0,0.5446680080482897
FGSG_11498,8,0.4235823209396685,3.2798056739435615,FGSG_02324;FGSG_02325;FGSG_02326;FGSG_02327;FGSG_02328;FGSG_02329;FGSG_02903;FGSG_11326,2,uncharacterized protein,GO:0004497;GO:0005506;GO:0008168;GO:0016021;GO:0016705;GO:0020037;GO:0032259;GO:0055114,3.2798056739435615,8,0.916979341617229,1.57933266217781e-05,0,0.5440643863179074
FGSG_02510,8,0.4093522935062521,3.2383819146656063,FGSG_02324;FGSG_02325;FGSG_02326;FGSG_02327;FGSG_02328;FGSG_02329;FGSG_02903;FGSG_11326,2,uncharacterized protein,GO:0000799;GO:0003682;GO:0007076;GO:0007130;GO:0010032;GO:0051307;GO:0070058;GO:0070550,3.2383819146656063,8,0.427298659447852,0.0003091587770466,0,0.543661971830986
FGSG_13017,23,0.49185853110070593,10.088156040645417,FGSG_00743;FGSG_00765;FGSG_01422;FGSG_02030;FGSG_02271;FGSG_02272;FGSG_02461;FGSG_03061;FGSG_03894;FGSG_04309;FGSG_04588;FGSG_04590;FGSG_04593;FGSG_05368;FGSG_05610;FGSG_07075;FGSG_07528;FGSG_08712;FGSG_08774;FGSG_09012;FGSG_11206;FGSG_12180;FGSG_13136,1,uncharacterized protein,,3.139663437081615,7,-0.683872172707194,2.4864859911298802e-17,0,0.5434607645875251
FGSG_09195,8,0.4540563938399923,3.5136099143432182,FGSG_02321;FGSG_02324;FGSG_02325;FGSG_02326;FGSG_02327;FGSG_02328;FGSG_02329;FGSG_11326,2,uncharacterized protein,GO:0004497;GO:0005506;GO:0016021;GO:0016705;GO:0020037;GO:0055114,3.1023066496890968,7,0.512505548450196,0.0001423891969339,0,0.5430583501006037
FGSG_05450,3,0.414151490956632,1.221173507439357,FGSG_02324;FGSG_02903;FGSG_11326,2,uncharacterized protein,GO:0005623;GO:0016491;GO:0045454;GO:0050660;GO:0055114,1.221173507439357,3,1.3855123219182,1.09233136740987e-13,1,0.54299128101945
FGSG_01795,8,0.4523145526895301,3.4928102021154297,FGSG_02321;FGSG_02324;FGSG_02325;FGSG_02326;FGSG_02327;FGSG_02328;FGSG_02329;FGSG_11326,2,uncharacterized protein,GO:0000981;GO:0003677;GO:0005634;GO:0006351;GO:0006357;GO:0008270,3.09101613051102,7,0.87017684812953,5.36487516978025e-07,0,0.5428571428571429
FGSG_09359,15,0.4858074917899142,6.523689819201281,FGSG_00743;FGSG_00765;FGSG_02272;FGSG_02461;FGSG_02972;FGSG_03061;FGSG_03747;FGSG_03894;FGSG_05368;FGSG_05610;FGSG_08493;FGSG_08774;FGSG_10444;FGSG_10922;FGSG_12180,1,uncharacterized protein,GO:0005744;GO:0016021;GO:0030150;GO:0030943;GO:0042802;GO:0046902,3.082677979614792,7,-0.42961832798082,2.14660188845331e-05,0,0.5424547283702214
FGSG_04917,15,0.47909188322822105,6.57537129035337,FGSG_00743;FGSG_01422;FGSG_02272;FGSG_02461;FGSG_03061;FGSG_03548;FGSG_03894;FGSG_04458;FGSG_05610;FGSG_08712;FGSG_08774;FGSG_09012;FGSG_09456;FGSG_09834;FGSG_10347,1,uncharacterized protein,,3.07891825722464,7,-0.791171548790398,4.21524241858513e-06,0,0.541851106639839
FGSG_05153,15,0.47258985818462784,6.494184585942158,FGSG_01422;FGSG_02271;FGSG_02272;FGSG_02461;FGSG_03061;FGSG_03894;FGSG_04458;FGSG_04590;FGSG_05610;FGSG_07075;FGSG_07528;FGSG_08712;FGSG_09456;FGSG_09834;FGSG_13136,1,uncharacterized protein,GO:0005634;GO:0005786;GO:0005829;GO:0006617;GO:0008312,3.0699055208271573,7,-0.285258099519677,0.0082660706484507,0,0.5412474849094567
FGSG_03996,8,0.4541020898236098,3.4670651747340058,FGSG_02321;FGSG_02324;FGSG_02325;FGSG_02326;FGSG_02327;FGSG_02328;FGSG_02329;FGSG_11326,2,uncharacterized protein,GO:0003777;GO:0005524;GO:0005874;GO:0007018;GO:0008017,3.0629513476721395,7,0.622904983460949,0.0007888771393974,0,0.5406438631790744
FGSG_03032,2,0.40753700952705935,0.8090432192717392,FGSG_02326;FGSG_02329,2,uncharacterized protein,GO:0005524;GO:0016021;GO:0042626;GO:0055085,0.8090432192717392,2,3.37902930009135,5.65068631991283e-33,1,0.5406438631790744
FGSG_02580,4,0.44943096641082103,1.7130273105325353,FGSG_00743;FGSG_03894;FGSG_10922;FGSG_12180,1,uncharacterized protein,GO:0016021;GO:0022891;GO:0055085,1.288153817582535,3,-1.01019108086144,1.2619003504065e-06,1,0.5405097250167673
FGSG_05725,9,0.4559957811423602,3.871603597803082,FGSG_02320;FGSG_02321;FGSG_02324;FGSG_02325;FGSG_02326;FGSG_02327;FGSG_02328;FGSG_02329;FGSG_11326,2,uncharacterized protein,GO:0000981;GO:0005634;GO:0006357;GO:0006950;GO:0008270;GO:0016021,3.062437421003693,7,0.589626656679547,0.0188721645356663,0,0.5404426559356137
FGSG_12973,20,0.4880609988623646,8.60467115755189,FGSG_00743;FGSG_00765;FGSG_01621;FGSG_02272;FGSG_02461;FGSG_02972;FGSG_03061;FGSG_03747;FGSG_03894;FGSG_04588;FGSG_05368;FGSG_05610;FGSG_08493;FGSG_08774;FGSG_09012;FGSG_10444;FGSG_10922;FGSG_11206;FGSG_12180;FGSG_13136,1,uncharacterized protein,GO:0003676;GO:0046872,3.0540252054450985,7,-0.448434422906117,9.30436678975436e-08,0,0.540241448692153
FGSG_11311,7,0.4486863225099464,3.050819490398455,FGSG_02324;FGSG_02325;FGSG_02326;FGSG_02327;FGSG_02328;FGSG_02329;FGSG_11326,2,uncharacterized protein,,3.050819490398455,7,0.687386434458564,4.50022159646286e-07,0,0.5398390342052314
FGSG_10264,19,0.4938921421502476,8.23974201198304,FGSG_00743;FGSG_00765;FGSG_01621;FGSG_02030;FGSG_02272;FGSG_02461;FGSG_03061;FGSG_03747;FGSG_03894;FGSG_04588;FGSG_04593;FGSG_05368;FGSG_05610;FGSG_08493;FGSG_08774;FGSG_09012;FGSG_10922;FGSG_12180;FGSG_13136,1,glutamine synthetase,GO:0004356;GO:0005524;GO:0005737;GO:0006542,3.049295911728939,7,-0.247122900913778,0.000555962759989,0,0.5396378269617707
FGSG_04125,21,0.49144849770081406,9.082212443353658,FGSG_00743;FGSG_00765;FGSG_01422;FGSG_01621;FGSG_02030;FGSG_02272;FGSG_02461;FGSG_03061;FGSG_03747;FGSG_03894;FGSG_04588;FGSG_04593;FGSG_05368;FGSG_05610;FGSG_08493;FGSG_08774;FGSG_09012;FGSG_10922;FGSG_11206;FGSG_12180;FGSG_13136,1,60S ribosomal protein L23,GO:0003735;GO:0005762;GO:0032543,3.043486990245677,7,-0.431315148763873,0.0001057354618285,0,0.5394366197183099
FGSG_03743,3,0.41584735728681776,1.237289615607008,FGSG_03546;FGSG_03548;FGSG_08601,1,uncharacterized protein,,1.237289615607008,3,-1.2557161181959,1.12069036223455e-05,1,0.5393695506371563
FGSG_01450,7,0.4488820212529476,3.04069178540012,FGSG_02324;FGSG_02325;FGSG_02326;FGSG_02327;FGSG_02328;FGSG_02329;FGSG_11326,2,uncharacterized protein,GO:0000166;GO:0005622;GO:0019722,3.04069178540012,7,0.681169163350461,7.37881213292783e-13,0,0.5392354124748491
FGSG_01855,8,0.4420558653550182,3.4341054253466017,FGSG_02323;FGSG_02324;FGSG_02325;FGSG_02326;FGSG_02327;FGSG_02328;FGSG_02329;FGSG_11326,2,uncharacterized protein,GO:0043248,3.0299550311871006,7,0.334147253071179,0.0262849864947807,0,0.5388329979879275
FGSG_00730,7,0.4483853694343112,3.0298613895241764,FGSG_02324;FGSG_02325;FGSG_02326;FGSG_02327;FGSG_02328;FGSG_02329;FGSG_11326,2,SYM1 protein,GO:0005743;GO:0006067;GO:0016021,3.0298613895241764,7,0.328364844595527,0.0096519792097471,0,0.5386317907444669
FGSG_01055,16,0.4944649240905888,6.937563890341097,FGSG_00743;FGSG_00765;FGSG_02272;FGSG_02461;FGSG_03061;FGSG_03894;FGSG_04588;FGSG_04589;FGSG_04593;FGSG_05368;FGSG_05610;FGSG_08493;FGSG_08774;FGSG_09012;FGSG_10922;FGSG_12180,1,uncharacterized protein,GO:0003729,3.0293997403692927,7,-0.476286398393985,2.8785342211652e-05,0,0.538430583501006
FGSG_08452,13,0.4692770661363112,5.6474349463718,FGSG_01422;FGSG_02271;FGSG_02272;FGSG_02461;FGSG_03061;FGSG_03894;FGSG_04458;FGSG_04590;FGSG_05610;FGSG_07075;FGSG_09012;FGSG_09456;FGSG_09834,1,uncharacterized protein,GO:0005758;GO:0005829;GO:0008686;GO:0009060;GO:0009231;GO:0046872,3.0263520723000794,7,-0.411951571182359,6.72814159794778e-05,0,0.5380281690140845
FGSG_13555,14,0.4577203827143809,6.040192706080708,FGSG_00743;FGSG_01422;FGSG_02272;FGSG_02461;FGSG_03061;FGSG_03548;FGSG_03894;FGSG_04458;FGSG_05610;FGSG_08774;FGSG_09012;FGSG_09456;FGSG_09834;FGSG_10347,1,uncharacterized protein,GO:0000244;GO:0000349;GO:0000388;GO:0003746;GO:0003924;GO:0005525;GO:0005682;GO:0006414;GO:0030623;GO:0046540,3.015909247701897,7,-0.613487633041241,0.0001478265482749,0,0.5372233400402414
FGSG_11520,8,0.442808037280372,3.416368527284228,FGSG_02321;FGSG_02326;FGSG_02327;FGSG_02328;FGSG_02329;FGSG_08083;FGSG_11326;FGSG_13952,2,uncharacterized protein,GO:0003677;GO:0005634;GO:0006351;GO:0008270,3.015130084843463,7,0.634995593434394,0.0008355743595192,0,0.53682092555332
FGSG_11012,8,0.4502066718501171,3.4201307387173023,FGSG_02321;FGSG_02325;FGSG_02326;FGSG_02327;FGSG_02328;FGSG_02329;FGSG_08083;FGSG_11326,2,uncharacterized protein,GO:0045735,3.014460209381529,7,0.600269135041691,4.86992007016888e-05,0,0.5366197183098591
FGSG_04310,13,0.4847823698261802,5.607031536341551,FGSG_00743;FGSG_01422;FGSG_02272;FGSG_02461;FGSG_03061;FGSG_03894;FGSG_04458;FGSG_04589;FGSG_05610;FGSG_08774;FGSG_09012;FGSG_10347;FGSG_12180,1,uncharacterized protein,GO:0005524,3.008103064044745,7,-0.400521489319785,0.0100983748651794,0,0.5358148893360161
FGSG_09501,3,0.41177858454546745,1.2242713644709116,FGSG_02324;FGSG_03842;FGSG_13952,2,uncharacterized protein,,1.2242713644709116,3,1.2700929651075,0.004167100560261,1,0.5358148893360161
FGSG_04081,15,0.45182517809880846,6.320326136255442,FGSG_00007;FGSG_01866;FGSG_02321;FGSG_02326;FGSG_02327;FGSG_02328;FGSG_02329;FGSG_03532;FGSG_03539;FGSG_03881;FGSG_08081;FGSG_08082;FGSG_08083;FGSG_08084;FGSG_13952,2,uncharacterized protein,GO:0008080,3.0077845315387566,7,0.33083174330904,0.0001996804121339,0,0.5356136820925553
FGSG_03447,10,0.452863489125,4.259067312843518,FGSG_00007;FGSG_01866;FGSG_02326;FGSG_02327;FGSG_02328;FGSG_02329;FGSG_03842;FGSG_03881;FGSG_08083;FGSG_13952,2,uncharacterized protein,GO:0016021;GO:0055085,3.0043632655113415,7,0.606441969602724,0.0338763821869001,0,0.5352112676056339
FGSG_00313,8,0.44602035332943096,3.4059089265407643,FGSG_02321;FGSG_02324;FGSG_02325;FGSG_02326;FGSG_02327;FGSG_02328;FGSG_02329;FGSG_11326,2,uncharacterized protein,GO:0000981;GO:0005634;GO:0006357;GO:0008270,3.0025088201351497,7,0.470802046971896,0.0140293319612091,0,0.5348088531187123
FGSG_10829,8,0.44328661708221473,3.403404863210204,FGSG_02321;FGSG_02326;FGSG_02327;FGSG_02328;FGSG_02329;FGSG_08083;FGSG_11326;FGSG_13952,2,uncharacterized protein,GO:0002181;GO:0005737;GO:0046872,3.0018614053284303,7,0.153561080099426,0.0909035815501557,0,0.5346076458752514
FGSG_09252,3,0.41638410791172586,1.232334374241588,FGSG_02326;FGSG_02328;FGSG_02329,2,uncharacterized protein,GO:0016021,1.232334374241588,3,1.22920967138294,1.70342223156452e-17,1,0.5344735077129443
FGSG_01532,13,0.47507126068350425,5.591639041820979,FGSG_00743;FGSG_01422;FGSG_02272;FGSG_02461;FGSG_03061;FGSG_03894;FGSG_04458;FGSG_04589;FGSG_05610;FGSG_08712;FGSG_08774;FGSG_10347;FGSG_12180,1,uncharacterized protein,,3.0012181980194335,7,-0.634763199282918,0.0239590083748127,0,0.5344064386317908
FGSG_07870,11,0.4536127421440257,4.676613554610665,FGSG_00007;FGSG_01866;FGSG_02326;FGSG_02327;FGSG_02328;FGSG_02329;FGSG_03539;FGSG_03842;FGSG_03881;FGSG_08083;FGSG_13952,2,uncharacterized protein,,3.0006110835336406,7,0.645080224259531,2.97927545002621e-10,0,0.53420523138833
FGSG_07373,14,0.4791819071895975,5.979108525744083,FGSG_00743;FGSG_01422;FGSG_02272;FGSG_02461;FGSG_03061;FGSG_03894;FGSG_04458;FGSG_04589;FGSG_05610;FGSG_08712;FGSG_08774;FGSG_09012;FGSG_10347;FGSG_12180,1,uncharacterized protein,GO:0000324;GO:0016021,2.998763525793987,7,-0.28598930277777,0.0132198380895025,0,0.5336016096579477
FGSG_07509,7,0.4450960322544519,2.9978949167543174,FGSG_02324;FGSG_02325;FGSG_02326;FGSG_02327;FGSG_02328;FGSG_02329;FGSG_11326,2,uncharacterized protein,GO:0005215;GO:0016021;GO:0055085,2.9978949167543174,7,0.845011978508169,1.36504236898665e-10,0,0.5334004024144869
FGSG_10735,14,0.45831527555458795,5.995905752246554,FGSG_00743;FGSG_01422;FGSG_02272;FGSG_02461;FGSG_03061;FGSG_03548;FGSG_03894;FGSG_04458;FGSG_05610;FGSG_08774;FGSG_09012;FGSG_09456;FGSG_09834;FGSG_10347,1,uncharacterized protein,,2.9944102025164585,7,-0.420430061764245,0.0001107181182799,0,0.5329979879275654
FGSG_10536,7,0.4408691875304097,2.9925442451039284,FGSG_02324;FGSG_02325;FGSG_02326;FGSG_02327;FGSG_02328;FGSG_02329;FGSG_11326,2,uncharacterized protein,GO:0000981;GO:0003677;GO:0005634;GO:0006351;GO:0006357;GO:0008270,2.9925442451039284,7,0.723705736016631,0.0019324272486693,0,0.5327967806841046
FGSG_10642,13,0.4675109034472707,5.520716166168002,FGSG_00743;FGSG_01422;FGSG_02272;FGSG_02461;FGSG_03061;FGSG_03894;FGSG_04458;FGSG_04589;FGSG_05610;FGSG_08774;FGSG_09012;FGSG_10347;FGSG_12180,1,uncharacterized protein,,2.991498371120465,7,-1.16203503833408,0.0515395552209131,0,0.5325955734406439
FGSG_05658,7,0.4455951647641568,2.9907209962794874,FGSG_00330;FGSG_03546;FGSG_03548;FGSG_04458;FGSG_04589;FGSG_08601;FGSG_10347,1,homoserine O-acetyltransferase,GO:0004414;GO:0005737;GO:0009086;GO:0009092,2.9907209962794874,7,-0.579755009599359,6.95484878540659e-05,0,0.532394366197183
FGSG_03975,15,0.4763710032136077,6.367308509987667,FGSG_00743;FGSG_00765;FGSG_02272;FGSG_02461;FGSG_02972;FGSG_03061;FGSG_03747;FGSG_03894;FGSG_05368;FGSG_05610;FGSG_08493;FGSG_08774;FGSG_10444;FGSG_10922;FGSG_12180,1,uncharacterized protein,GO:0004190;GO:0006508,2.9892817360586736,7,-0.645203249786995,4.74374861390347e-13,0,0.5321931589537223
FGSG_09225,7,0.4349288424478755,2.9886453943695184,FGSG_02324;FGSG_02325;FGSG_02326;FGSG_02327;FGSG_02328;FGSG_02329;FGSG_11326,2,uncharacterized protein,GO:0000981;GO:0003677;GO:0005634;GO:0006351;GO:0006357;GO:0008270,2.9886453943695184,7,0.465335681161029,0.0296379968992856,0,0.5319919517102616
FGSG_10026,12,0.45304152488109845,5.060770759901356,FGSG_00007;FGSG_01866;FGSG_02326;FGSG_02327;FGSG_02328;FGSG_03539;FGSG_03842;FGSG_03881;FGSG_08081;FGSG_08082;FGSG_08083;FGSG_13952,2,uncharacterized protein,GO:0016491;GO:0055114,2.9879966721754956,7,0.377452118422135,0.0201806042664776,0,0.5317907444668009
FGSG_01249,7,0.44116438638199423,2.987625113556757,FGSG_02324;FGSG_02325;FGSG_02326;FGSG_02327;FGSG_02328;FGSG_02329;FGSG_11326,2,uncharacterized protein,GO:0005829,2.987625113556757,7,0.825087096957835,6.2893039216667605e-09,0,0.53158953722334
FGSG_10934,8,0.4446748487107604,3.3951929234298266,FGSG_02321;FGSG_02325;FGSG_02326;FGSG_02327;FGSG_02328;FGSG_02329;FGSG_08083;FGSG_11326,2,allantoinase,GO:0004038;GO:0006259;GO:0009442;GO:0016888;GO:0046872,2.9874880143012916,7,0.166493291101272,0.0699301197801672,0,0.5313883299798793
FGSG_05077,7,0.44051905076037856,2.9874755786455878,FGSG_02326;FGSG_02327;FGSG_02328;FGSG_02329;FGSG_08083;FGSG_11326;FGSG_13952,2,uncharacterized protein,GO:0003824;GO:0016021;GO:0030151;GO:0030170,2.9874755786455878,7,0.42530681000816,0.0030226808242418,0,0.5311871227364185
FGSG_12555,5,0.42903831689916827,2.1153970913998044,FGSG_02271;FGSG_02272;FGSG_02461;FGSG_03061;FGSG_05610,1,uncharacterized protein,,1.2664665070738574,3,-1.00223950063507,3.5412453502346504e-15,1,0.5311200536552649
FGSG_05377,11,0.47446344044942984,4.694190743802585,FGSG_00743;FGSG_02272;FGSG_02972;FGSG_03061;FGSG_03747;FGSG_03894;FGSG_04589;FGSG_05610;FGSG_08774;FGSG_10922;FGSG_12180,1,VTS1 protein,GO:0000166;GO:0000289;GO:0000932;GO:0003723;GO:0005634;GO:0005829;GO:0015031;GO:0032079;GO:0070336,2.9855908290928324,7,-0.370103384828139,1.05443076226823e-10,0,0.5309859154929578
FGSG_13404,11,0.47212522106675514,4.686710223865246,FGSG_00743;FGSG_02272;FGSG_02461;FGSG_03061;FGSG_03894;FGSG_04458;FGSG_04589;FGSG_05610;FGSG_08774;FGSG_10922;FGSG_12180,1,uncharacterized protein,GO:0016021;GO:0016491;GO:0055114,2.984274597845838,7,-0.385621550858597,0.013975498654872,0,0.530784708249497
FGSG_02523,12,0.4576480567791611,5.059229878189783,FGSG_00007;FGSG_01866;FGSG_02326;FGSG_02327;FGSG_02328;FGSG_02329;FGSG_03532;FGSG_03539;FGSG_03842;FGSG_03881;FGSG_08083;FGSG_13952,2,uncharacterized protein,GO:0002181;GO:0005739;GO:0005829;GO:0005874;GO:0034599,2.9825056196061337,7,0.259148951072872,8.32463537367836e-05,0,0.5305835010060362
FGSG_12956,3,0.41079220519073606,1.2193528278997938,FGSG_03546;FGSG_03548;FGSG_09280,1,uncharacterized protein,GO:0015986;GO:0045261;GO:0046933;GO:0046961,1.2193528278997938,3,-1.25321737030358,0.0008184407975896,1,0.5303152246814219
FGSG_03286,7,0.4469171673418667,2.9818556199240858,FGSG_00330;FGSG_03546;FGSG_03548;FGSG_04458;FGSG_04589;FGSG_08601;FGSG_10347,1,uncharacterized protein,GO:0006480;GO:0008168;GO:0016787,2.9818556199240858,7,-0.775670153229816,2.07131100158007e-13,0,0.5299798792756539
FGSG_01472,7,0.44746064343653014,2.9809781106574187,FGSG_00330;FGSG_03546;FGSG_03548;FGSG_04458;FGSG_04589;FGSG_08601;FGSG_10347,1,uncharacterized protein,,2.9809781106574187,7,-0.711350287432049,2.9478944584718805e-09,0,0.5297786720321932
FGSG_13197,10,0.44607550546907787,4.208027060140886,FGSG_02320;FGSG_02321;FGSG_02323;FGSG_02325;FGSG_02326;FGSG_02327;FGSG_02328;FGSG_02329;FGSG_10670;FGSG_11326,2,uncharacterized protein,GO:0016021,2.9809740694205162,7,0.421770680712359,2.3769244214133e-06,0,0.5295774647887324
FGSG_03262,14,0.45889087524978933,5.886564949973466,FGSG_00007;FGSG_01866;FGSG_02326;FGSG_02327;FGSG_02328;FGSG_02329;FGSG_03532;FGSG_03539;FGSG_03842;FGSG_03881;FGSG_07896;FGSG_08081;FGSG_08083;FGSG_13952,2,uncharacterized protein,GO:0010181;GO:0016491;GO:0055114,2.9809609582441774,7,0.721737190490661,1.16026822035054e-06,0,0.5293762575452716
FGSG_06542,7,0.43701108786833304,2.979809363077619,FGSG_02324;FGSG_02325;FGSG_02326;FGSG_02327;FGSG_02328;FGSG_02329;FGSG_11326,2,palmitoyltransferase AKR1,GO:0000139;GO:0008270;GO:0016021;GO:0019706;GO:0031901,2.979809363077619,7,0.185895028042469,0.0233032485810966,0,0.5289738430583502
FGSG_04819,10,0.45641865952323635,4.234591498455988,FGSG_00007;FGSG_01866;FGSG_02326;FGSG_02327;FGSG_02328;FGSG_02329;FGSG_03842;FGSG_03881;FGSG_08083;FGSG_13952,2,uncharacterized protein,GO:0004061;GO:0019441,2.977278501107723,7,0.603015321387267,0.0059704195667807,0,0.5285714285714286
FGSG_04974,11,0.4526577768823188,4.649982685546346,FGSG_00007;FGSG_01866;FGSG_02326;FGSG_02327;FGSG_02328;FGSG_02329;FGSG_03539;FGSG_03842;FGSG_03881;FGSG_08083;FGSG_13952,2,uncharacterized protein,GO:0000981;GO:0003677;GO:0005634;GO:0006351;GO:0006357;GO:0008270,2.975760809743,7,0.985288853854798,2.5535873284916903e-09,0,0.5283702213279678
FGSG_11483,7,0.4302067230708565,2.97545106627482,FGSG_02324;FGSG_02325;FGSG_02326;FGSG_02327;FGSG_02328;FGSG_02329;FGSG_11326,2,uncharacterized protein,,2.97545106627482,7,0.908876339988738,2.37547466896584e-06,0,0.528169014084507
FGSG_02410,7,0.4358100260086505,2.9735594502786062,FGSG_02324;FGSG_02325;FGSG_02326;FGSG_02327;FGSG_02328;FGSG_02329;FGSG_11326,2,uncharacterized protein,GO:0000981;GO:0005634;GO:0006357;GO:0008270,2.9735594502786062,7,0.659604024300924,0.0720093938015372,0,0.5279678068410463
FGSG_05186,7,0.4384458451085757,2.9731943726529906,FGSG_02324;FGSG_02325;FGSG_02326;FGSG_02327;FGSG_02328;FGSG_02329;FGSG_11326,2,uncharacterized protein,,2.9731943726529906,7,0.974689616260617,6.269547707174901e-10,0,0.5277665995975855
FGSG_09660,11,0.4623148271127906,4.680688941208559,FGSG_00743;FGSG_01422;FGSG_02272;FGSG_03061;FGSG_03894;FGSG_04458;FGSG_04589;FGSG_05610;FGSG_08712;FGSG_10347;FGSG_12180,1,uncharacterized protein,GO:0000935;GO:0004697;GO:0005524;GO:0005634;GO:0005737;GO:0005856;GO:0006468;GO:0007015;GO:0009272;GO:0030242;GO:0030427;GO:0032153;GO:0032949;GO:0033962;GO:0035556;GO:0046872;GO:0050732;GO:0051286;GO:0060211;GO:0060237;GO:0090334;GO:2000769,2.9691323476896496,7,-0.38849597687318,0.0001043768914854,0,0.5275653923541248
FGSG_01432,13,0.46451421419360545,5.485339836517127,FGSG_00743;FGSG_01422;FGSG_02272;FGSG_02461;FGSG_03061;FGSG_03894;FGSG_04458;FGSG_04589;FGSG_05610;FGSG_08712;FGSG_08774;FGSG_10347;FGSG_12180,1,uncharacterized protein,GO:0016021,2.9664380829099026,7,-0.272231509809824,0.0354280443533686,0,0.527364185110664
FGSG_01171,9,0.4415431003839742,3.782148502550476,FGSG_00007;FGSG_02326;FGSG_02327;FGSG_02328;FGSG_02329;FGSG_03842;FGSG_03881;FGSG_08083;FGSG_13952,2,uncharacterized protein,GO:0008270;GO:0016491;GO:0055114,2.961544926851217,7,0.735531468941149,0.0185830472284893,0,0.5269617706237424
FGSG_12342,7,0.4375923499212869,2.961511115722062,FGSG_02324;FGSG_02325;FGSG_02326;FGSG_02327;FGSG_02328;FGSG_02329;FGSG_11326,2,uncharacterized protein,GO:0003333;GO:0004497;GO:0005506;GO:0015171;GO:0016021;GO:0016705;GO:0020037;GO:0055114,2.961511115722062,7,0.963866472319147,0.0035779135706389,0,0.5267605633802818
FGSG_07929,12,0.4713120442918081,5.071775462497939,FGSG_00743;FGSG_02272;FGSG_02972;FGSG_03061;FGSG_03747;FGSG_03894;FGSG_05610;FGSG_08493;FGSG_08774;FGSG_10444;FGSG_10922;FGSG_12180,1,uncharacterized protein,GO:0005794;GO:0016021,2.9595733721023767,7,-0.173337834107499,0.0042467951744545,0,0.5263581488933602
FGSG_01172,8,0.4462330361445213,3.367621279455261,FGSG_00007;FGSG_02324;FGSG_02326;FGSG_02327;FGSG_02328;FGSG_03842;FGSG_08083;FGSG_13952,2,uncharacterized protein,GO:0000981;GO:0005634;GO:0006357;GO:0008270;GO:0016021,2.958447739520005,7,0.815079304102636,4.32688162276581e-14,0,0.5261569416498993
FGSG_09352,2,0.41017889841227523,0.8158788088669072,FGSG_03842;FGSG_13952,2,uncharacterized protein,GO:0016021,0.8158788088669072,2,1.94081214696867,2.87800380284145e-74,1,0.5259557344064387
FGSG_12690,7,0.4388369043486096,2.955439677542273,FGSG_02325;FGSG_02326;FGSG_02327;FGSG_02328;FGSG_02329;FGSG_08083;FGSG_11326,2,uncharacterized protein,,2.955439677542273,7,0.499137666008465,0.0021266657653299,0,0.5259557344064386
FGSG_13505,1,0.41973629598636436,0.41973629598636436,FGSG_02324,2,uncharacterized protein,,0.41973629598636436,1,5.3836846825222,0.0004930563742321,1,0.5259557344064386
FGSG_02545,8,0.4361995846152309,3.376407808048368,FGSG_00330;FGSG_03546;FGSG_03548;FGSG_04458;FGSG_08601;FGSG_09456;FGSG_09834;FGSG_10347,1,uncharacterized protein,,2.950213194315414,7,-0.770720088609018,6.883000538443e-05,0,0.5251509054325956
FGSG_04016,7,0.4327165128314066,2.9495300343173314,FGSG_02324;FGSG_02325;FGSG_02326;FGSG_02327;FGSG_02328;FGSG_02329;FGSG_11326,2,uncharacterized protein,GO:0005634;GO:0005829;GO:0016787,2.9495300343173314,7,0.523286957345328,0.0108893889133705,0,0.524748490945674
FGSG_04830,9,0.43909286537503195,3.7738061211835823,FGSG_00007;FGSG_02326;FGSG_02327;FGSG_02328;FGSG_02329;FGSG_03842;FGSG_03881;FGSG_08083;FGSG_13952,2,uncharacterized protein,GO:0000981;GO:0003677;GO:0005634;GO:0006351;GO:0006357;GO:0008270;GO:0016021,2.9485258204381433,7,0.579040686284388,0.0213220903999735,0,0.5243460764587525
FGSG_01494,7,0.43454092382194304,2.946775470886897,FGSG_02324;FGSG_02325;FGSG_02326;FGSG_02327;FGSG_02328;FGSG_02329;FGSG_11326,2,uncharacterized protein,,2.946775470886897,7,0.942856905073046,0.0008735690518909,0,0.5241448692152918
FGSG_11892,7,0.43340611085674574,2.944055119295886,FGSG_00330;FGSG_03546;FGSG_03548;FGSG_04458;FGSG_08601;FGSG_09834;FGSG_10347,1,uncharacterized protein,GO:0016021;GO:0030001;GO:0046873;GO:0055085,2.944055119295886,7,-0.391460157206026,0.0503659571861425,0,0.523943661971831
FGSG_04313,11,0.4477413054751107,4.582739845333412,FGSG_00007;FGSG_01866;FGSG_02326;FGSG_02327;FGSG_02328;FGSG_02329;FGSG_03842;FGSG_03881;FGSG_08081;FGSG_08083;FGSG_13952,2,"1,4-alpha-glucan branching enzyme",GO:0003844;GO:0004553;GO:0005737;GO:0005978;GO:0043169,2.9436195678206265,7,0.300226035998881,0.0023884684196903,0,0.5237424547283702
FGSG_02893,11,0.46694610335030795,4.627829434812617,FGSG_00743;FGSG_02272;FGSG_02972;FGSG_03061;FGSG_03747;FGSG_03894;FGSG_04589;FGSG_05610;FGSG_08774;FGSG_10922;FGSG_12180,1,uncharacterized protein,GO:0004668;GO:0005509;GO:0005737;GO:0018101,2.9381915826574736,7,-0.874507627250033,4.21195127157665e-08,0,0.5227364185110663
FGSG_09892,7,0.43825369457862845,2.9373992960723836,FGSG_00330;FGSG_03546;FGSG_03547;FGSG_03548;FGSG_04458;FGSG_08601;FGSG_10347,1,uncharacterized protein,GO:0005829;GO:0005847;GO:0006378;GO:0006379;GO:0008270;GO:0016567;GO:0036002,2.9373992960723836,7,-0.980331377188996,4.012268051677e-22,0,0.5225352112676057
FGSG_06745,7,0.4271599121892162,2.923266165864586,FGSG_02324;FGSG_02326;FGSG_02327;FGSG_02328;FGSG_02329;FGSG_11326;FGSG_13952,2,uncharacterized protein,,2.923266165864586,7,0.453404686039034,0.0001081173445819,0,0.5215291750503018
FGSG_01769,7,0.42984545389544954,2.917256607930629,FGSG_02326;FGSG_02327;FGSG_02328;FGSG_02329;FGSG_08083;FGSG_11326;FGSG_13952,2,uncharacterized protein,,2.917256607930629,7,0.441134282559719,0.0596632193353386,0,0.5213279678068411
FGSG_06509,7,0.425240798931433,2.9163083441700746,FGSG_02324;FGSG_02325;FGSG_02326;FGSG_02327;FGSG_02328;FGSG_02329;FGSG_11326,2,PNS1 protein,GO:0005886;GO:0006810;GO:0016021,2.9163083441700746,7,0.53481398920969,0.0090343819000223,0,0.5211267605633803
FGSG_07330,8,0.4427552691921493,3.3533913573404637,FGSG_00330;FGSG_03546;FGSG_03548;FGSG_03992;FGSG_04458;FGSG_09280;FGSG_09456;FGSG_09834,1,uncharacterized protein,GO:0003873;GO:0005524;GO:0006000;GO:0006003;GO:0046835,2.9143166432785836,7,-0.475155255547146,2.25870850153641e-06,0,0.5209255533199195
FGSG_00812,7,0.4293441293010272,2.9073406461843554,FGSG_02324;FGSG_02325;FGSG_02326;FGSG_02327;FGSG_02328;FGSG_02329;FGSG_08083,2,uncharacterized protein,GO:0016021,2.9073406461843554,7,0.303395155042705,0.0223944284565069,0,0.5207243460764588
FGSG_04233,6,0.4618634706976005,2.533066538502166,FGSG_00743;FGSG_00765;FGSG_03894;FGSG_05610;FGSG_08774;FGSG_10922,1,uncharacterized protein,GO:0016021;GO:0016757,0.876768622053043,2,-1.19284004321464,0.0010926691275258,1,0.5205231388329981
FGSG_08064,7,0.4246751366015622,2.905354770846393,FGSG_02324;FGSG_02325;FGSG_02326;FGSG_02327;FGSG_02328;FGSG_02329;FGSG_11326,2,uncharacterized protein,GO:0000981;GO:0003677;GO:0005634;GO:0006351;GO:0006357;GO:0008270,2.905354770846393,7,0.839721601582041,0.000143385788679,0,0.5203219315895372
FGSG_13754,7,0.4285365198328247,2.901004922768224,FGSG_00330;FGSG_03546;FGSG_03548;FGSG_04458;FGSG_08601;FGSG_09834;FGSG_10347,1,uncharacterized protein,,2.901004922768224,7,-0.920883263126595,0.0327069296937356,0,0.5201207243460765
FGSG_04186,7,0.42383138879148524,2.900402939794311,FGSG_02324;FGSG_02325;FGSG_02326;FGSG_02327;FGSG_02328;FGSG_02329;FGSG_11326,2,uncharacterized protein,GO:0008374;GO:0044255,2.900402939794311,7,0.269245848622979,0.0302819398254252,0,0.5199195171026157
FGSG_09935,9,0.4345508450170723,3.7243947052609405,FGSG_00743;FGSG_02272;FGSG_03061;FGSG_03548;FGSG_03894;FGSG_04458;FGSG_05610;FGSG_08601;FGSG_10347,1,SUMO-conjugating enzyme ubc9,GO:0000022;GO:0000794;GO:0005524;GO:0016874;GO:0016925;GO:0019789,2.8951088866893713,7,-0.256723806238579,0.0691830298294002,0,0.5195171026156942
FGSG_12275,7,0.4222737695818608,2.8947098243229803,FGSG_02324;FGSG_02325;FGSG_02326;FGSG_02327;FGSG_02328;FGSG_02329;FGSG_11326,2,uncharacterized protein,GO:0000724;GO:0003688;GO:0005524;GO:0005656;GO:0005664;GO:0006267;GO:0006270;GO:0030466;GO:0031261;GO:0031297;GO:0031938,2.8947098243229803,7,0.706002067464699,0.0020386751688334,0,0.5193158953722334
FGSG_01301,10,0.4285451820407179,4.124605998672632,FGSG_00743;FGSG_03061;FGSG_03894;FGSG_04458;FGSG_04589;FGSG_05610;FGSG_08601;FGSG_08712;FGSG_10347;FGSG_12180,1,uncharacterized protein,,2.893120545966876,7,-0.530860047802116,1.96144050524506e-06,0,0.5191146881287727
FGSG_01387,7,0.4250307109733841,2.8903544188245176,FGSG_03546;FGSG_03548;FGSG_03894;FGSG_04458;FGSG_08601;FGSG_09834;FGSG_10347,1,uncharacterized protein,,2.8903544188245176,7,-0.286759174697117,0.0136614859849703,0,0.5189134808853119
FGSG_06959,7,0.4249730006968726,2.8901976773440143,FGSG_02324;FGSG_02325;FGSG_02326;FGSG_02327;FGSG_02328;FGSG_02329;FGSG_10670,2,serine/threonine-protein kinase 6,GO:0000281;GO:0000778;GO:0004674;GO:0005524;GO:0005828;GO:0007034;GO:0007094;GO:0008608;GO:0032133;GO:0032465;GO:0034501;GO:0034503;GO:0044774;GO:0045143;GO:0045144;GO:0051228;GO:0090232;GO:0098783;GO:1901925;GO:1990023;GO:2000775,2.8901976773440143,7,0.328077332168777,0.0496631643644212,0,0.5187122736418511
FGSG_00162,4,0.42547008301669964,1.6524710807313552,FGSG_02272;FGSG_07075;FGSG_09456;FGSG_09834,1,uncharacterized protein,GO:0016491;GO:0055114,0.8267871295836686,2,-1.46785742104078,0.028455554038204,1,0.518712273641851
FGSG_11686,7,0.42026020476385295,2.8864657498665376,FGSG_02324;FGSG_02325;FGSG_02326;FGSG_02327;FGSG_02328;FGSG_02329;FGSG_11326,2,uncharacterized protein,GO:0000981;GO:0005634;GO:0006357;GO:0008270,2.8864657498665376,7,0.80570625410241,1.94385109229508e-05,0,0.5183098591549296
FGSG_10913,9,0.42073328281889355,3.708463881205796,FGSG_03546;FGSG_03548;FGSG_03894;FGSG_04458;FGSG_08601;FGSG_09012;FGSG_09456;FGSG_09834;FGSG_10347,1,uncharacterized protein,GO:0004039;GO:0004075;GO:0004847;GO:0005524;GO:0016829;GO:0046872,2.8857286131396713,7,-0.611000863608689,0.0002096725862514,0,0.5181086519114688
FGSG_06012,7,0.43053690381005816,2.8831359845007936,FGSG_02324;FGSG_02325;FGSG_02326;FGSG_02327;FGSG_02328;FGSG_03842;FGSG_11326,2,uncharacterized protein,GO:0005325;GO:0005524;GO:0005779;GO:0006635;GO:0015910;GO:0042626;GO:0042758;GO:0042760;GO:1902001,2.8831359845007936,7,0.776291234085722,1.4768572434223e-10,0,0.5179074446680081
FGSG_02699,7,0.4227304779004462,2.8818531006396553,FGSG_03546;FGSG_03548;FGSG_03894;FGSG_04458;FGSG_04589;FGSG_08601;FGSG_10347,1,uncharacterized protein,GO:0016021,2.8818531006396553,7,-0.537513408047643,1.91431963797125e-10,0,0.5177062374245472
FGSG_06037,8,0.4176166819852125,3.2798450503614394,FGSG_03546;FGSG_03548;FGSG_03894;FGSG_04458;FGSG_08601;FGSG_09012;FGSG_09834;FGSG_10347,1,uncharacterized protein,GO:0005886;GO:0005975;GO:0009277;GO:0016740;GO:0016787;GO:0031225,2.877177197089808,7,-0.477861932305873,0.0236905021658935,0,0.5173038229376258
FGSG_12281,4,0.4460758811962594,1.6892945906566603,FGSG_00743;FGSG_03061;FGSG_03894;FGSG_05610,1,uncharacterized protein,GO:0008270;GO:0016874,0.8468829534218876,2,-1.27431464266295,0.0041369309891742,1,0.5173038229376257
FGSG_05197,7,0.4263092597955228,2.8761649784615586,FGSG_00330;FGSG_03546;FGSG_03548;FGSG_03992;FGSG_04458;FGSG_09834;FGSG_10347,1,uncharacterized protein,GO:0008137;GO:0009055;GO:0016020;GO:0042773;GO:0051536,2.8761649784615586,7,-0.343664023667327,0.0031444982653866,0,0.517102615694165
FGSG_09611,7,0.42093174307985076,2.8756358363557597,FGSG_03546;FGSG_03548;FGSG_03894;FGSG_04458;FGSG_04589;FGSG_08601;FGSG_10347,1,uncharacterized protein,GO:0005524;GO:0016021;GO:0042626;GO:0055085,2.8756358363557597,7,-0.504652491589022,2.57807366047018e-05,0,0.5169014084507042
FGSG_04675,7,0.412091458507881,2.86538969023135,FGSG_02324;FGSG_02325;FGSG_02326;FGSG_02327;FGSG_02328;FGSG_02329;FGSG_11326,2,uncharacterized protein,GO:0008168;GO:0032259,2.86538969023135,7,0.829226283170391,0.0332272460702741,0,0.5164989939637827
FGSG_05741,7,0.41507139518246866,2.849677789099871,FGSG_02324;FGSG_02325;FGSG_02326;FGSG_02327;FGSG_02328;FGSG_02329;FGSG_11326,2,uncharacterized protein,,2.849677789099871,7,0.866723156327465,4.42215060821668e-10,0,0.5160965794768612
FGSG_12732,7,0.41464373440297575,2.845678023901424,FGSG_02324;FGSG_02325;FGSG_02326;FGSG_02327;FGSG_02328;FGSG_02329;FGSG_11326,2,uncharacterized protein,,2.845678023901424,7,0.980790743294785,0.0166713508737848,0,0.5158953722334004
FGSG_06503,3,0.40776607940668064,1.2092977783917842,FGSG_03894;FGSG_04589;FGSG_10922,1,uncharacterized protein,GO:0000981;GO:0003677;GO:0005634;GO:0006351;GO:0006357;GO:0008270,1.2092977783917842,3,-1.09330139575335,1.42791518119047e-12,1,0.5155600268276326
FGSG_05163,22,0.4903108286422265,9.540836147092485,FGSG_00743;FGSG_00765;FGSG_01422;FGSG_01621;FGSG_02030;FGSG_02271;FGSG_02272;FGSG_02461;FGSG_03061;FGSG_03894;FGSG_04309;FGSG_04588;FGSG_04590;FGSG_05368;FGSG_05610;FGSG_07075;FGSG_08712;FGSG_08774;FGSG_09012;FGSG_11206;FGSG_12180;FGSG_13136,1,uncharacterized protein,,2.6654632400725498,6,-0.367394594880881,0.001558364401499,0,0.5152917505030181
FGSG_03687,12,0.47586112422729576,5.291269329790577,FGSG_00743;FGSG_01422;FGSG_02272;FGSG_02461;FGSG_03061;FGSG_03894;FGSG_04458;FGSG_04590;FGSG_05610;FGSG_08712;FGSG_08774;FGSG_10347,1,uncharacterized protein,GO:0016787,2.654379775465194,6,-0.438722414075875,0.0011063574410042,0,0.5150905432595573
FGSG_10293,22,0.4860262166877433,9.463771399012636,FGSG_00743;FGSG_01422;FGSG_02030;FGSG_02271;FGSG_02272;FGSG_02461;FGSG_02782;FGSG_03061;FGSG_03894;FGSG_04588;FGSG_04590;FGSG_05368;FGSG_05610;FGSG_07075;FGSG_07528;FGSG_08712;FGSG_08774;FGSG_09012;FGSG_09456;FGSG_09834;FGSG_10947;FGSG_13136,1,uncharacterized protein,GO:0005750;GO:0006122;GO:0008121;GO:0009060;GO:0034551;GO:1902600,2.651789676709266,6,-0.516519800525489,4.03020502578195e-05,0,0.5148893360160967
FGSG_07334,14,0.47519832733435663,6.077050968423752,FGSG_00743;FGSG_01422;FGSG_02271;FGSG_02272;FGSG_02461;FGSG_03061;FGSG_03894;FGSG_04590;FGSG_05610;FGSG_07075;FGSG_08774;FGSG_09012;FGSG_09456;FGSG_09834,1,uncharacterized protein,GO:0000774;GO:0002181;GO:0005634;GO:0006417;GO:0022626;GO:0050790;GO:0071629,2.640081825242677,6,-0.362364085741033,0.0011817152510139,0,0.5146881287726358
FGSG_05932,12,0.49080024025001784,5.228018173872868,FGSG_00743;FGSG_02272;FGSG_02461;FGSG_03061;FGSG_03894;FGSG_04589;FGSG_05610;FGSG_08712;FGSG_08774;FGSG_09012;FGSG_10922;FGSG_12180,1,uncharacterized protein,GO:0003723;GO:0005730;GO:0005739;GO:0005840;GO:0016787;GO:0032543,2.6367624684152777,6,-0.454180908140122,0.0002918289873358,0,0.5144869215291751
FGSG_10853,3,0.4130684538092089,1.230282612692168,FGSG_02324;FGSG_03842;FGSG_13952,2,nonspecific lipid-transfer protein,GO:0008152;GO:0016747,1.230282612692168,3,1.0177295699102,3.19164804455566e-05,1,0.514352783366868
FGSG_06465,13,0.48064134832578653,5.6864260281141155,FGSG_00743;FGSG_01422;FGSG_02272;FGSG_02461;FGSG_03061;FGSG_03894;FGSG_04458;FGSG_04590;FGSG_05610;FGSG_08712;FGSG_08774;FGSG_09012;FGSG_10347,1,uncharacterized protein,GO:0016787,2.633033714397985,6,-0.452394354506643,0.222715783086912,0,0.5142857142857142
FGSG_02317,14,0.49255457979995054,6.056910897660295,FGSG_00743;FGSG_00765;FGSG_01422;FGSG_02272;FGSG_02461;FGSG_03061;FGSG_03894;FGSG_04589;FGSG_05610;FGSG_08712;FGSG_08774;FGSG_09012;FGSG_10922;FGSG_12180,1,uncharacterized protein,,2.626874583979192,6,-0.334731384800405,1.17439908084169e-05,0,0.5138832997987928
FGSG_01636,13,0.4780679841743958,5.670842865817923,FGSG_00743;FGSG_01422;FGSG_02272;FGSG_02461;FGSG_03061;FGSG_03894;FGSG_04458;FGSG_04590;FGSG_05610;FGSG_08712;FGSG_08774;FGSG_09012;FGSG_10347,1,uncharacterized protein,GO:0016021,2.622181424966432,6,-0.588744866721948,0.0099005632632476,0,0.513682092555332
FGSG_09600,13,0.47988949117365387,5.660601415830369,FGSG_00743;FGSG_01422;FGSG_02272;FGSG_02461;FGSG_03061;FGSG_03894;FGSG_04458;FGSG_05610;FGSG_08774;FGSG_09012;FGSG_09456;FGSG_09834;FGSG_10347,1,uncharacterized protein,GO:0005628;GO:0005634;GO:0005768;GO:0005829;GO:0006886;GO:0008565;GO:0030905;GO:0032120;GO:0032266;GO:0042147,2.6200243844276887,6,-0.209972125480907,0.0316622798109459,0,0.5134808853118712
FGSG_01413,13,0.48890085757115376,5.615352235137982,FGSG_00743;FGSG_00765;FGSG_02272;FGSG_02461;FGSG_02972;FGSG_03061;FGSG_03747;FGSG_03894;FGSG_05610;FGSG_08774;FGSG_09012;FGSG_10922;FGSG_12180,1,uncharacterized protein,,2.6174415410357375,6,-0.60700594284706,0.0001840268129103,0,0.5132796780684105
FGSG_04826,13,0.4724005306091232,5.613160452408733,FGSG_01422;FGSG_02271;FGSG_02272;FGSG_02461;FGSG_03061;FGSG_03894;FGSG_04590;FGSG_05610;FGSG_07075;FGSG_09012;FGSG_09456;FGSG_09834;FGSG_13136,1,L-xylulose reductase,GO:0005997;GO:0006006;GO:0050038;GO:0050085;GO:0051289;GO:0055114,2.616668251694458,6,-0.543130820216969,1.81619409464598e-11,0,0.5130784708249497
FGSG_07547,13,0.49089851156898484,5.688520993666371,FGSG_00743;FGSG_01422;FGSG_02272;FGSG_02461;FGSG_03061;FGSG_03894;FGSG_04458;FGSG_04589;FGSG_05610;FGSG_08712;FGSG_08774;FGSG_09012;FGSG_10347,1,protoheme IX farnesyltransferase,GO:0006784;GO:0008495;GO:0016021;GO:0031966;GO:0048034,2.613239020712519,6,-0.180245865689447,0.164421150529186,0,0.5128772635814889
FGSG_04217,7,0.4475137231424489,3.012954516348094,FGSG_02321;FGSG_02326;FGSG_02327;FGSG_02328;FGSG_02329;FGSG_08083;FGSG_11326,2,uncharacterized protein,GO:0016021;GO:0055085,2.612276699712206,6,0.819281040116216,5.08401619958984e-05,0,0.5126760563380282
FGSG_01733,13,0.4711836289800328,5.58788233292497,FGSG_01422;FGSG_02271;FGSG_02272;FGSG_02461;FGSG_03061;FGSG_03894;FGSG_04590;FGSG_05610;FGSG_07075;FGSG_09012;FGSG_09456;FGSG_09834;FGSG_13136,1,uncharacterized protein,GO:0016787,2.6091127953318174,6,-0.642585365863668,0.0033026508241085,0,0.5124748490945674
FGSG_07172,12,0.46651330373751154,5.185363824082365,FGSG_01422;FGSG_02271;FGSG_02272;FGSG_02461;FGSG_03061;FGSG_03894;FGSG_04590;FGSG_05610;FGSG_07075;FGSG_09012;FGSG_09456;FGSG_09834,1,vacuolar protein sorting-associated protein 1,GO:0000329;GO:0003924;GO:0005525;GO:0005741;GO:0005777;GO:0006623;GO:0006897;GO:0016559;GO:0030036;GO:0030479;GO:0045053;GO:0060988,2.6034325759550105,6,-0.219962603853068,0.0057326030135254,0,0.5122736418511067
FGSG_11994,13,0.46553451842798854,5.573484916592356,FGSG_00743;FGSG_01422;FGSG_02271;FGSG_02272;FGSG_02461;FGSG_03061;FGSG_03894;FGSG_04590;FGSG_05610;FGSG_07075;FGSG_09012;FGSG_09456;FGSG_09834,1,uncharacterized protein,,2.59850124947231,6,-0.250356857900485,0.110654615344226,0,0.5120724346076458
FGSG_04568,13,0.49303171667033624,5.605294637404588,FGSG_00743;FGSG_02272;FGSG_02461;FGSG_03061;FGSG_03747;FGSG_03894;FGSG_05368;FGSG_05610;FGSG_08493;FGSG_08774;FGSG_09012;FGSG_10922;FGSG_12180,1,phosphopantothenoylcysteine decarboxylase,GO:0003824,2.5968923289971055,6,-0.503730060590203,6.16375184982456e-05,0,0.5118712273641851
FGSG_13151,13,0.4717595548971896,5.631641449320837,FGSG_00743;FGSG_01422;FGSG_02272;FGSG_02461;FGSG_03061;FGSG_03894;FGSG_04458;FGSG_05610;FGSG_08774;FGSG_09012;FGSG_09456;FGSG_09834;FGSG_10347,1,uncharacterized protein,GO:0046872,2.592370111950748,6,-0.340060504580716,0.0548459619288359,0,0.5116700201207244
FGSG_11824,12,0.4429465202722539,5.02753565929389,FGSG_00007;FGSG_01866;FGSG_02321;FGSG_02326;FGSG_02327;FGSG_02328;FGSG_02329;FGSG_03532;FGSG_03543;FGSG_03881;FGSG_08083;FGSG_13952,2,uncharacterized protein,GO:0004177;GO:0006508;GO:0008236,2.592253298782072,6,0.476285573534801,0.0002457778635788,0,0.5114688128772636
FGSG_01808,8,0.44490211666531193,3.4041246406303993,FGSG_02320;FGSG_02321;FGSG_02326;FGSG_02327;FGSG_02328;FGSG_02329;FGSG_08083;FGSG_11326,2,uncharacterized protein,GO:0000981;GO:0003677;GO:0005634;GO:0006351;GO:0006357;GO:0006508;GO:0008233;GO:0008270,2.5870270790550935,6,0.822914140727933,2.88655322666827e-09,0,0.5106639839034206
FGSG_10214,12,0.4559102964096436,5.0916789223459356,FGSG_00007;FGSG_01866;FGSG_02326;FGSG_02327;FGSG_03539;FGSG_03842;FGSG_03881;FGSG_07896;FGSG_08081;FGSG_08082;FGSG_08083;FGSG_13952,2,uncharacterized protein,,2.586519204796897,6,0.65010741842459,5.89138063561218e-05,0,0.5104627766599598
FGSG_01006,9,0.4770431523103888,3.88667141311228,FGSG_00743;FGSG_02272;FGSG_03061;FGSG_03894;FGSG_04589;FGSG_05610;FGSG_08774;FGSG_10922;FGSG_12180,1,uncharacterized protein,GO:0000329;GO:0005783;GO:0005794;GO:0008271;GO:0016021;GO:1902358,2.5863941797372814,6,-0.497504780686322,8.54674104926937e-06,0,0.510261569416499
FGSG_04074,11,0.48812906253081745,4.7848840914166875,FGSG_00743;FGSG_02272;FGSG_02461;FGSG_03061;FGSG_03894;FGSG_04589;FGSG_05610;FGSG_08774;FGSG_09012;FGSG_10922;FGSG_12180,1,uncharacterized protein,,2.5841314149564947,6,-0.719291071564259,0.0008455234413737,0,0.5100603621730382
FGSG_07069,11,0.4890542551147099,4.756620595698281,FGSG_00743;FGSG_02272;FGSG_02461;FGSG_03061;FGSG_03894;FGSG_04589;FGSG_05610;FGSG_08774;FGSG_09012;FGSG_10922;FGSG_12180,1,uncharacterized protein,GO:0003735;GO:0004784;GO:0005763;GO:0019430;GO:0032543;GO:0046872;GO:0055114,2.5819630607132895,6,-0.461362422119699,4.01188145185567e-05,0,0.5098591549295775
FGSG_04949,6,0.44172955634788647,2.5782460460926067,FGSG_02326;FGSG_02327;FGSG_02328;FGSG_02329;FGSG_08083;FGSG_11326,2,uncharacterized protein,GO:0016021,2.5782460460926067,6,0.548799184169887,8.65758252840364e-07,0,0.5092555331991951
FGSG_11478,11,0.4466876343672028,4.624442615369873,FGSG_00007;FGSG_01866;FGSG_02326;FGSG_02327;FGSG_02328;FGSG_02329;FGSG_03539;FGSG_03543;FGSG_03881;FGSG_08083;FGSG_13952,2,uncharacterized protein,GO:0008168;GO:0032259,2.5779067597096907,6,0.540966451205953,0.0004252444844849,0,0.5090543259557344
FGSG_11449,7,0.44078977974133876,2.983626134839776,FGSG_01866;FGSG_02326;FGSG_02327;FGSG_02328;FGSG_02329;FGSG_08083;FGSG_13952,2,uncharacterized protein,GO:0016021,2.577237004333426,6,0.621331672211737,0.0513676959308116,0,0.5088531187122737
FGSG_05068,2,0.4270941992809394,0.8518187241133215,FGSG_03842;FGSG_13952,2,uncharacterized protein,GO:0000981;GO:0005634;GO:0006357;GO:0008270,0.8518187241133215,2,1.11098669846688,2.91580651174913e-12,1,0.5084507042253521
FGSG_07106,12,0.4768819253974757,5.1488141374828915,FGSG_00743;FGSG_01422;FGSG_02272;FGSG_02461;FGSG_03061;FGSG_03894;FGSG_04589;FGSG_05610;FGSG_08774;FGSG_09012;FGSG_10347;FGSG_12180,1,uncharacterized protein,GO:0005739;GO:0005840;GO:0032543,2.576644056076098,6,-0.349541657117113,0.0155574808701553,0,0.5084507042253521
FGSG_05915,12,0.45487567999206596,5.077029957927889,FGSG_00007;FGSG_01866;FGSG_02326;FGSG_02327;FGSG_03539;FGSG_03842;FGSG_03881;FGSG_07896;FGSG_08081;FGSG_08082;FGSG_08083;FGSG_13952,2,uncharacterized protein,,2.576299930876155,6,0.457150209679718,2.44943158736226e-08,0,0.5082494969818914
FGSG_09061,9,0.4489817705483464,3.77567518650029,FGSG_00007;FGSG_01866;FGSG_03532;FGSG_03535;FGSG_03881;FGSG_07896;FGSG_08081;FGSG_08083;FGSG_13952,2,"2,3-dihydroxybenzoic acid decarboxylase",GO:0016787,0.8746515869665823,2,1.04927327987905,6.68907261921012e-17,1,0.5081824279007378
FGSG_01724,6,0.44576339074930155,2.572551932920221,FGSG_02325;FGSG_02326;FGSG_02327;FGSG_02328;FGSG_02329;FGSG_11326,2,uncharacterized protein,GO:0000981;GO:0003677;GO:0005634;GO:0006351;GO:0006357;GO:0008270,2.572551932920221,6,0.72012425497859,0.013315881309676,0,0.5080482897384306
FGSG_04958,6,0.4387386233785206,2.568238246135519,FGSG_02326;FGSG_02327;FGSG_02328;FGSG_02329;FGSG_08083;FGSG_13952,2,uncharacterized protein,GO:0006508;GO:0008239,2.568238246135519,6,0.427340457168229,0.0128329506433285,0,0.5076458752515091
FGSG_04512,2,0.40608264163024516,0.8094590278973268,FGSG_02324;FGSG_02903,2,uncharacterized protein,GO:0005524;GO:0016021;GO:0016787;GO:0046872,0.8094590278973268,2,1.66026624971843,3.18951023132728e-131,1,0.5073775989268947
FGSG_08343,12,0.4557461900818545,5.147256686373788,FGSG_01422;FGSG_02271;FGSG_02272;FGSG_02461;FGSG_03061;FGSG_03894;FGSG_04458;FGSG_05610;FGSG_07075;FGSG_09012;FGSG_09456;FGSG_09834,1,plasma membrane ATPase,GO:0005524;GO:0006754;GO:0008553;GO:0016021;GO:0046872;GO:1902600,2.5666914338906004,6,-0.445637674873683,3.57876118463015e-05,0,0.5072434607645876
FGSG_04401,9,0.47319024522599795,3.867205883793137,FGSG_00743;FGSG_02272;FGSG_03061;FGSG_03894;FGSG_04589;FGSG_05610;FGSG_08774;FGSG_10922;FGSG_12180,1,uncharacterized protein,GO:0005840,2.5664079168216314,6,-0.423921620850357,0.0004866324418276,0,0.5070422535211268
FGSG_03391,7,0.44130124614259914,2.967527889724596,FGSG_01866;FGSG_02326;FGSG_02327;FGSG_02328;FGSG_02329;FGSG_08083;FGSG_13952,2,uncharacterized protein,GO:0006520;GO:0016831;GO:0030170,2.5629051723078926,6,0.843685805031402,0.0012589470377543,0,0.506841046277666
FGSG_10738,6,0.44012954364465146,2.5626518696058405,FGSG_02326;FGSG_02327;FGSG_02328;FGSG_02329;FGSG_08083;FGSG_11326,2,26S proteasome regulatory subunit rpn-8,GO:0005635;GO:0008541;GO:0034515;GO:1990023,2.5626518696058405,6,0.234306327731169,0.0076834400916886,0,0.5066398390342052
FGSG_08396,11,0.4393046587010968,4.584275991143482,FGSG_01866;FGSG_02320;FGSG_02321;FGSG_02326;FGSG_02327;FGSG_02328;FGSG_02329;FGSG_03543;FGSG_03881;FGSG_08083;FGSG_11326,2,uncharacterized protein,GO:0005975;GO:0006044;GO:0008448,2.5624247489290917,6,0.609990934210177,7.38522516754469e-08,0,0.5064386317907444
FGSG_10744,11,0.47436147592996086,4.68129676362035,FGSG_00743;FGSG_02272;FGSG_02461;FGSG_03061;FGSG_03894;FGSG_04589;FGSG_05610;FGSG_08712;FGSG_08774;FGSG_10922;FGSG_12180,1,uncharacterized protein,GO:0003735;GO:0005762;GO:0032543,2.561780194060677,6,-0.377581966915161,0.0059046674663999,0,0.5062374245472837
FGSG_00027,12,0.4531940872179375,5.09729708735197,FGSG_00743;FGSG_01422;FGSG_02272;FGSG_02461;FGSG_03061;FGSG_03894;FGSG_04458;FGSG_05610;FGSG_08774;FGSG_09012;FGSG_09834;FGSG_10347,1,uncharacterized protein,GO:0016021,2.560789421230866,6,-0.139193095000893,,0,0.506036217303823
FGSG_06572,13,0.47329701081122927,5.493116774128118,FGSG_00743;FGSG_00765;FGSG_02272;FGSG_02461;FGSG_02972;FGSG_03061;FGSG_03747;FGSG_03894;FGSG_05610;FGSG_08493;FGSG_08774;FGSG_10444;FGSG_10922,1,uncharacterized protein,GO:0004252;GO:0005618;GO:0006508;GO:0016021,2.5597081372956034,6,-0.476592712519971,4.11916662174972e-10,0,0.5058350100603621
FGSG_08437,13,0.4376365796413287,5.448764265969614,FGSG_01866;FGSG_02320;FGSG_02321;FGSG_02326;FGSG_02327;FGSG_02328;FGSG_02329;FGSG_03532;FGSG_03881;FGSG_08078;FGSG_08083;FGSG_10670;FGSG_12211,2,uncharacterized protein,,2.5583382798859575,6,0.528464729343015,4.567466758655411e-09,0,0.5056338028169014
FGSG_05776,10,0.45265403104114227,4.209333002894968,FGSG_00007;FGSG_01866;FGSG_02326;FGSG_02327;FGSG_02328;FGSG_02329;FGSG_03532;FGSG_03881;FGSG_08083;FGSG_13952,2,uncharacterized protein,,2.55789996652248,6,0.529750404851728,0.0005078098592023,0,0.5054325955734407
FGSG_07182,14,0.4741736147144675,5.899629817595517,FGSG_00743;FGSG_00765;FGSG_02272;FGSG_02461;FGSG_02972;FGSG_03061;FGSG_03747;FGSG_03894;FGSG_05368;FGSG_05610;FGSG_08493;FGSG_08774;FGSG_10444;FGSG_10922,1,elongation factor Tu,GO:0003746;GO:0003924;GO:0005525;GO:0005739;GO:0005783;GO:0016853;GO:0045454;GO:0070125,2.555304371766187,6,-0.288181822869246,0.0013930643948496,0,0.5052313883299799
FGSG_07072,13,0.47830561779079905,5.5332660083941665,FGSG_00743;FGSG_00765;FGSG_02272;FGSG_02461;FGSG_03061;FGSG_03747;FGSG_03894;FGSG_05368;FGSG_05610;FGSG_08493;FGSG_08774;FGSG_10444;FGSG_10922,1,uncharacterized protein,GO:0016021,2.5522878170208774,6,-0.385356481435857,3.20164763199391e-05,0,0.5048289738430584
FGSG_03655,8,0.4329269479109834,3.3570826124184148,FGSG_01866;FGSG_02326;FGSG_02327;FGSG_02328;FGSG_02329;FGSG_03543;FGSG_08083;FGSG_13952,2,uncharacterized protein,GO:0016491;GO:0055114,2.551277761035185,6,0.832087368278925,0.000193303236232,0,0.5046277665995976
FGSG_04975,11,0.4470146377382965,4.5848131600369415,FGSG_00007;FGSG_01866;FGSG_02326;FGSG_02327;FGSG_02328;FGSG_02329;FGSG_03532;FGSG_03881;FGSG_08081;FGSG_08083;FGSG_13952,2,uncharacterized protein,,2.5477123628545497,6,0.654436393925012,5.5102708604587e-05,0,0.504225352112676
FGSG_01122,6,0.43603302888992856,2.5464171014682795,FGSG_02324;FGSG_02326;FGSG_02327;FGSG_02328;FGSG_02329;FGSG_11326,2,uncharacterized protein,,2.5464171014682795,6,0.563944170751878,0.0001718243769833,0,0.5038229376257546
FGSG_02133,9,0.44255164536336034,3.774085596539366,FGSG_00007;FGSG_01866;FGSG_02326;FGSG_02327;FGSG_02328;FGSG_02329;FGSG_03881;FGSG_08083;FGSG_13952,2,uncharacterized protein,GO:0005576;GO:0016998;GO:0030600,2.546005883880191,6,0.550951499200281,0.0019381102526108,0,0.5036217303822937
FGSG_08876,9,0.46868549149790506,3.833886488766177,FGSG_00743;FGSG_02272;FGSG_03061;FGSG_03894;FGSG_04589;FGSG_05610;FGSG_08774;FGSG_10922;FGSG_12180,1,uncharacterized protein,GO:0005886;GO:0016021;GO:0032153,2.543515773754113,6,-0.359246085763842,0.0031824088918716,0,0.5030181086519115
FGSG_08023,7,0.43467701859414976,2.951688195101784,FGSG_01866;FGSG_02326;FGSG_02327;FGSG_02328;FGSG_02329;FGSG_08083;FGSG_13952,2,uncharacterized protein,GO:0004497;GO:0005506;GO:0016021;GO:0016705;GO:0020037;GO:0055114,2.539848057307612,6,0.357025588919668,0.0007748478973113,0,0.5028169014084507
FGSG_06991,10,0.4514060903914889,4.202797890647581,FGSG_00007;FGSG_01866;FGSG_02326;FGSG_02327;FGSG_02328;FGSG_02329;FGSG_03532;FGSG_03881;FGSG_08083;FGSG_13952,2,uncharacterized protein,GO:0008270;GO:0016491;GO:0055114,2.539292073496969,6,0.454505874786192,0.0050238897981358,0,0.50261569416499
FGSG_02929,13,0.43580963708498177,5.367124062287058,FGSG_01866;FGSG_02320;FGSG_02321;FGSG_02326;FGSG_02327;FGSG_02328;FGSG_02329;FGSG_03543;FGSG_03881;FGSG_08078;FGSG_08083;FGSG_11326;FGSG_12211,2,uncharacterized protein,GO:0004497;GO:0005506;GO:0008168;GO:0016021;GO:0016705;GO:0020037;GO:0032259;GO:0055114,2.5385601485959937,6,0.365422537987239,3.84697674555567e-06,0,0.5024144869215291
FGSG_02072,6,0.43384148972017206,2.538085807020905,FGSG_02326;FGSG_02327;FGSG_02328;FGSG_02329;FGSG_08083;FGSG_11326,2,uncharacterized protein,GO:0003951;GO:0005759;GO:0006741;GO:0016310;GO:0019674;GO:0034599;GO:0042736,2.538085807020905,6,0.485331098143133,0.0149767022059042,0,0.5022132796780684
FGSG_03484,8,0.4358215788271083,3.345112406755531,FGSG_00007;FGSG_01866;FGSG_02326;FGSG_02327;FGSG_02328;FGSG_02329;FGSG_08083;FGSG_13952,2,uncharacterized protein,,2.537342569841963,6,0.483493318668515,0.118051943679994,0,0.5020120724346077
FGSG_04213,10,0.47080605918850077,4.219342286116619,FGSG_00743;FGSG_02272;FGSG_03061;FGSG_03894;FGSG_04589;FGSG_05610;FGSG_08774;FGSG_09012;FGSG_10922;FGSG_12180,1,uncharacterized protein,,2.536316340593978,6,-0.630599398596299,2.7517428583694e-10,0,0.5018108651911469
FGSG_01147,7,0.4344446354369287,2.938814491570261,FGSG_03546;FGSG_03548;FGSG_04458;FGSG_08601;FGSG_09456;FGSG_09834;FGSG_10347,1,uncharacterized protein,GO:0000981;GO:0005634;GO:0006357;GO:0008270,2.5361161190064467,6,-0.382952506558464,0.0018387309207287,0,0.5016096579476861
FGSG_07888,9,0.44765677761999534,3.7650472861188833,FGSG_00007;FGSG_01866;FGSG_02326;FGSG_02327;FGSG_02328;FGSG_02329;FGSG_03881;FGSG_08083;FGSG_13952,2,uncharacterized protein,GO:0008152;GO:0016407,2.535972503693975,6,0.279660061143673,0.237361861678188,0,0.5014084507042254
FGSG_07573,8,0.43897747640411205,3.350258681758557,FGSG_01866;FGSG_02321;FGSG_02326;FGSG_02327;FGSG_02328;FGSG_02329;FGSG_08083;FGSG_13952,2,GTP-binding protein ypt3,GO:0005525;GO:0005622;GO:0007264,2.535584483919192,6,0.304801666336336,0.0154369361789954,0,0.5012072434607646
FGSG_03650,2,0.42257621566217957,0.8298854200378712,FGSG_02324;FGSG_02325,2,uncharacterized protein,GO:0003677;GO:0005634;GO:0006351;GO:0008270;GO:0016021;GO:0016787,0.8298854200378712,2,1.20550446837718,1.94031815096737e-10,1,0.5010060362173039
FGSG_06081,20,0.44794287635551866,8.472681843931067,FGSG_00007;FGSG_01866;FGSG_02326;FGSG_02327;FGSG_02328;FGSG_02329;FGSG_03532;FGSG_03535;FGSG_03539;FGSG_03541;FGSG_03543;FGSG_03881;FGSG_07896;FGSG_08077;FGSG_08079;FGSG_08081;FGSG_08083;FGSG_08084;FGSG_09064;FGSG_13952,2,uncharacterized protein,GO:0016021,2.535276045910053,6,0.80069484955296,4.24461503568642e-27,0,0.5010060362173038
FGSG_02080,10,0.4701288591501208,4.225621773222377,FGSG_00743;FGSG_02272;FGSG_02972;FGSG_03061;FGSG_03747;FGSG_03894;FGSG_05610;FGSG_08774;FGSG_10922;FGSG_12180,1,uncharacterized protein,GO:0000243;GO:0000398;GO:0005829;GO:0008270;GO:0016021;GO:0045131;GO:0055085;GO:0071004,2.5346181000645736,6,-0.347927430710535,3.13460762624343e-05,0,0.500804828973843
FGSG_06440,4,0.43369026030413504,1.6711888770031784,FGSG_03548;FGSG_07075;FGSG_09456;FGSG_09834,1,uncharacterized protein,GO:0016021,0.8409024964367897,2,-1.10511120066436,3.35940799013866e-07,1,0.5006706908115359
FGSG_03149,11,0.4698746176992706,4.63814465715194,FGSG_00743;FGSG_02272;FGSG_02461;FGSG_03061;FGSG_03894;FGSG_04589;FGSG_05610;FGSG_08774;FGSG_09012;FGSG_10922;FGSG_12180,1,uncharacterized protein,GO:0008080,2.533596311885971,6,-0.833725651076885,0.0009641197785771,0,0.5006036217303823
FGSG_05584,2,0.4108016332264981,0.8171171631588916,FGSG_03842;FGSG_13952,2,uncharacterized protein,GO:0016021,0.8171171631588916,2,1.32192923313046,4.903764603016149e-34,1,0.5004694835680751
FGSG_10893,8,0.4620162303861288,3.4116256322113783,FGSG_00743;FGSG_02272;FGSG_03061;FGSG_03894;FGSG_04589;FGSG_05610;FGSG_10922;FGSG_12180,1,uncharacterized protein,GO:0005739;GO:0008453;GO:0019265,2.533274878112652,6,-0.598549267835632,4.32096051928617e-06,0,0.5004024144869216
FGSG_10318,6,0.4314482673961574,2.5320521297734575,FGSG_02324;FGSG_02326;FGSG_02327;FGSG_02328;FGSG_02329;FGSG_11326,2,uncharacterized protein,GO:0000981;GO:0005634;GO:0006357;GO:0008270;GO:0016884,2.5320521297734575,6,0.311694535370418,0.108665071281126,0,0.5002012072434607
FGSG_01319,9,0.4664455470473969,3.8067786916699253,FGSG_00743;FGSG_02272;FGSG_03061;FGSG_03894;FGSG_04589;FGSG_05610;FGSG_08774;FGSG_10922;FGSG_12180,1,uncharacterized protein,GO:0046872,2.5296968017636186,6,-0.512129986160078,0.0227132188126032,0,0.5
FGSG_02420,6,0.4398369983772955,2.528152995821875,FGSG_00330;FGSG_03546;FGSG_03548;FGSG_04458;FGSG_08601;FGSG_10347,1,uncharacterized protein,GO:0008168;GO:0032259,2.528152995821875,6,-0.444706549282315,1.51176861105247e-06,0,0.49979879275653927
FGSG_03711,6,0.4261773822591048,2.5237730800452076,FGSG_02326;FGSG_02327;FGSG_02328;FGSG_02329;FGSG_08083;FGSG_13952,2,quinate permease,GO:0016021;GO:0022891;GO:0055085,2.5237730800452076,6,0.492008758559743,0.117344534416548,0,0.49959758551307853
FGSG_05659,7,0.43811066138028415,2.937801004935041,FGSG_00743;FGSG_03894;FGSG_04458;FGSG_04589;FGSG_08601;FGSG_10347;FGSG_12180,1,uncharacterized protein,GO:0005315;GO:0006817;GO:0016021;GO:0055085,2.5235752104004323,6,-0.64138811244724,1.38817878008413e-10,0,0.4993963782696177
FGSG_03777,6,0.43891374762974145,2.521899602197113,FGSG_02324;FGSG_02327;FGSG_03842;FGSG_08082;FGSG_08083;FGSG_13952,2,uncharacterized protein,GO:0005737;GO:0006207;GO:0016627;GO:0019898;GO:0055114,2.521899602197113,6,0.489127584728434,1.78847561204293e-05,0,0.49919517102615696
FGSG_11522,2,0.4032504947429644,0.8064593002270695,FGSG_02324;FGSG_03842,2,uncharacterized protein,GO:0005506;GO:0051213;GO:0055114,0.8064593002270695,2,1.53515254780711,0.0001128145103026,1,0.49919517102615696
FGSG_09041,15,0.4551742774578912,6.253713646881317,FGSG_00007;FGSG_01866;FGSG_02326;FGSG_02327;FGSG_02328;FGSG_03532;FGSG_03535;FGSG_03539;FGSG_03842;FGSG_03881;FGSG_07896;FGSG_08081;FGSG_08083;FGSG_08084;FGSG_13952,2,uncharacterized protein,GO:0004414;GO:0005737;GO:0009086,2.5209661396693335,6,0.399935885169588,2.81659032813758e-07,0,0.4987927565392355
FGSG_04354,9,0.44327480264112934,3.7325013970699352,FGSG_00007;FGSG_01866;FGSG_02326;FGSG_02327;FGSG_02328;FGSG_02329;FGSG_03881;FGSG_08083;FGSG_13952,2,uncharacterized protein,GO:0003824;GO:0016021;GO:0030151;GO:0030170,2.517874694550618,6,0.333355274729245,0.0291008065440336,0,0.49859154929577465
FGSG_10992,2,0.40076629119494617,0.8008387889061879,FGSG_03546;FGSG_08601,1,uncharacterized protein,GO:0005975;GO:0016810,0.8008387889061879,2,-1.57915962015814,0.0093775934600928,1,0.49845741113346753
FGSG_07383,14,0.4422403892245322,5.788030114455406,FGSG_00007;FGSG_01866;FGSG_02326;FGSG_02327;FGSG_02328;FGSG_02329;FGSG_03532;FGSG_03543;FGSG_08079;FGSG_08081;FGSG_08083;FGSG_08084;FGSG_09064;FGSG_13952,2,uncharacterized protein,GO:0005524;GO:0016021;GO:0042626;GO:0055085,2.515590230760083,6,0.314917403488705,5.01345013174146e-05,0,0.4983903420523139
FGSG_10891,6,0.42505927328150167,2.5125496310116326,FGSG_02324;FGSG_02326;FGSG_02327;FGSG_02328;FGSG_02329;FGSG_11326,2,uncharacterized protein,GO:0003677;GO:0005634;GO:0006351;GO:0006355;GO:0008270,2.5125496310116326,6,0.557185142929942,3.33005336562896e-05,0,0.49798792756539234
FGSG_12631,15,0.4314381278240944,6.210672024476423,FGSG_01866;FGSG_02320;FGSG_02321;FGSG_02326;FGSG_02327;FGSG_02328;FGSG_02329;FGSG_03532;FGSG_03543;FGSG_03881;FGSG_08078;FGSG_08083;FGSG_09064;FGSG_11326;FGSG_12211,2,uncharacterized protein,GO:0000981;GO:0003677;GO:0005634;GO:0006351;GO:0006357;GO:0008270,2.5122104317599447,6,0.9144761672343,4.59684944033313e-05,0,0.4977867203219316
FGSG_10035,8,0.45392313802731776,3.3737275887838702,FGSG_00743;FGSG_02272;FGSG_03061;FGSG_03894;FGSG_04589;FGSG_05610;FGSG_10922;FGSG_12180,1,uncharacterized protein,GO:0000994;GO:0005730;GO:0005737;GO:0006351;GO:0008565;GO:0015031;GO:0016301;GO:0016310;GO:0016480;GO:0061587;GO:0070217,2.511584848772567,6,-0.270746623350368,0.0045907616748275,0,0.4975855130784709
FGSG_06290,12,0.46791478058958513,5.017892382348776,FGSG_00743;FGSG_00765;FGSG_02272;FGSG_02461;FGSG_03061;FGSG_03747;FGSG_03894;FGSG_05610;FGSG_08493;FGSG_08774;FGSG_10444;FGSG_10922,1,serine hydroxymethyltransferase,GO:0004372;GO:0005737;GO:0006544;GO:0006563;GO:0008168;GO:0030170;GO:0032259;GO:0035999,2.507950361818199,6,-0.371049362554487,1.50503699243029e-05,0,0.49738430583501003
FGSG_04676,8,0.43702009726468716,3.305462010180304,FGSG_00007;FGSG_02326;FGSG_02327;FGSG_02328;FGSG_02329;FGSG_03881;FGSG_08083;FGSG_13952,2,uncharacterized protein,GO:0016021;GO:0022891;GO:0055085,2.501923921018924,6,0.664973040125995,0.0680883044538665,0,0.4967806841046277
FGSG_10600,2,0.4092606381108234,0.8100798977042728,FGSG_02326;FGSG_02329,2,uncharacterized protein,,0.8100798977042728,2,1.39707113937401,0.0025381617514473,1,0.4964453386988599
FGSG_12048,6,0.4231745871054678,2.498626473716113,FGSG_02326;FGSG_02327;FGSG_02328;FGSG_02329;FGSG_08083;FGSG_13952,2,uncharacterized protein,GO:0000981;GO:0003857;GO:0005634;GO:0006357;GO:0006631;GO:0008270;GO:0055114,2.498626473716113,6,0.604186428623895,0.0391444038732785,0,0.49637826961770626
FGSG_05957,6,0.430441297089156,2.4977544447756115,FGSG_02324;FGSG_02327;FGSG_03842;FGSG_08082;FGSG_08083;FGSG_13952,2,uncharacterized protein,GO:0072380,2.4977544447756115,6,0.5636434080981,0.000742107206086,0,0.4961770623742455
FGSG_00681,7,0.4274961821420579,2.898930806025378,FGSG_02321;FGSG_02324;FGSG_02325;FGSG_02326;FGSG_02327;FGSG_02328;FGSG_02329,2,uncharacterized protein,,2.4970583662183508,6,0.587349718882926,4.06857641352559e-05,0,0.4959758551307847
FGSG_02075,9,0.44245959356360753,3.7221072453777007,FGSG_00007;FGSG_01866;FGSG_02326;FGSG_02327;FGSG_02328;FGSG_02329;FGSG_03881;FGSG_08083;FGSG_13952,2,uncharacterized protein,GO:0016491;GO:0055114,2.494465564251139,6,0.392246086843787,0.0019537905234585,0,0.4955734406438632
FGSG_07951,9,0.4529741727176931,3.7425325527571727,FGSG_00743;FGSG_02272;FGSG_03061;FGSG_03894;FGSG_04589;FGSG_05610;FGSG_08774;FGSG_10347;FGSG_12180,1,uncharacterized protein,GO:0005200;GO:0005828;GO:0008017;GO:0008608;GO:0030472;GO:0031116;GO:0042729;GO:0042802;GO:0051233;GO:0051987;GO:0072686,2.4926368468523927,6,-0.382697080734143,0.0112700746861077,0,0.4953722334004025
FGSG_05394,7,0.43342110554485663,2.906258454489401,FGSG_00743;FGSG_03894;FGSG_04458;FGSG_04589;FGSG_08601;FGSG_10347;FGSG_12180,1,uncharacterized protein,GO:0005743;GO:0006461;GO:0007007;GO:0008654;GO:0031307;GO:0035965;GO:0042775;GO:0047184,2.489279735524661,6,-0.600003182555858,3.64968391660895e-05,0,0.49517102615694164
FGSG_04299,2,0.41339868033913857,0.8173464221775133,FGSG_03546;FGSG_08601,1,uncharacterized protein,GO:0006072;GO:0009331;GO:0016021;GO:0052591;GO:0055114,0.8173464221775133,2,-1.26615937443089,4.12972268102704e-07,1,0.4951039570757881
FGSG_02834,7,0.42154951994177764,2.895974565979468,FGSG_01866;FGSG_02326;FGSG_02327;FGSG_02328;FGSG_02329;FGSG_08083;FGSG_13952,2,uncharacterized protein,GO:0004553;GO:0005975,2.4891341586848785,6,0.460156452285502,0.232936432832026,0,0.4949698189134809
FGSG_07336,6,0.43294543939713837,2.4888600691461873,FGSG_00330;FGSG_03546;FGSG_03548;FGSG_04458;FGSG_08601;FGSG_10347,1,uncharacterized protein,GO:0003747;GO:0005743;GO:0005762;GO:0006415;GO:0016787,2.4888600691461873,6,-0.476118825101496,0.0032474812709692,0,0.49476861167002006
FGSG_05734,6,0.4218341704995936,2.4877093407599133,FGSG_02324;FGSG_02326;FGSG_02327;FGSG_02328;FGSG_02329;FGSG_11326,2,serine/threonine-protein kinase 24,GO:0004672;GO:0005524;GO:0005628;GO:0006468;GO:0030476,2.4877093407599133,6,0.317823260803625,0.0364671841544701,0,0.49456740442655933
FGSG_02724,6,0.42081532026836377,2.4808862322818976,FGSG_02324;FGSG_02326;FGSG_02327;FGSG_02328;FGSG_02329;FGSG_11326,2,DNA repair protein RAD5,GO:0000209;GO:0000400;GO:0000403;GO:0000781;GO:0000790;GO:0005524;GO:0005737;GO:0006302;GO:0008094;GO:0008270;GO:0009378;GO:0010994;GO:0016021;GO:0032508;GO:0042276,2.4808862322818976,6,0.55758777785637,0.0417371392442277,0,0.493963782696177
FGSG_10966,7,0.43287598618353207,2.8826121683443264,FGSG_01866;FGSG_02326;FGSG_02327;FGSG_02328;FGSG_02329;FGSG_08083;FGSG_13952,2,uncharacterized protein,GO:0016740,2.480525170325755,6,0.261436623179172,0.0605891550094407,0,0.4937625754527163
FGSG_10333,6,0.4243353998839724,2.480464501952535,FGSG_02324;FGSG_02325;FGSG_02326;FGSG_02327;FGSG_02328;FGSG_02329,2,uncharacterized protein,GO:0016021,2.480464501952535,6,0.472145394486687,0.0057529681613968,0,0.49356136820925556
FGSG_03766,6,0.4259469125743433,2.478357841675801,FGSG_02324;FGSG_02325;FGSG_02326;FGSG_02327;FGSG_02328;FGSG_02329,2,uncharacterized protein,,2.478357841675801,6,0.531182844891902,0.046112140187859,0,0.4933601609657948
FGSG_10713,6,0.4267209713943754,2.478234580542616,FGSG_02324;FGSG_02325;FGSG_02326;FGSG_02327;FGSG_02328;FGSG_02329,2,uncharacterized protein,GO:0016787,2.478234580542616,6,0.226975728942998,0.328766691472344,0,0.493158953722334
FGSG_02723,7,0.4224999790770803,2.8859265201424282,FGSG_01866;FGSG_02326;FGSG_02327;FGSG_02328;FGSG_02329;FGSG_08083;FGSG_13952,2,uncharacterized protein,GO:0016021,2.476186102884272,6,0.298179050966031,0.142380284580288,0,0.49295774647887325
FGSG_09624,6,0.43045211110865106,2.475783112947477,FGSG_03546;FGSG_03548;FGSG_04458;FGSG_04589;FGSG_08601;FGSG_10347,1,uncharacterized protein,GO:0005524;GO:0005743;GO:0006515;GO:0016558;GO:0034599,2.475783112947477,6,-0.515219053719041,1.98466643028133e-05,0,0.4927565392354125
FGSG_12231,6,0.42762783560438794,2.4717375187839057,FGSG_00330;FGSG_03546;FGSG_03547;FGSG_03548;FGSG_04458;FGSG_08601,1,uncharacterized protein,GO:0003840;GO:0006749,2.4717375187839057,6,-0.989072287575303,1.9948706194683897e-11,0,0.4925553319919517
FGSG_03292,7,0.42392069251908815,2.8724367144554304,FGSG_00007;FGSG_02326;FGSG_02327;FGSG_02328;FGSG_02329;FGSG_08083;FGSG_13952,2,uncharacterized protein,GO:0000981;GO:0003677;GO:0005634;GO:0006351;GO:0006357;GO:0008270,2.471151659910831,6,0.3105470477787,0.0021059109802591,0,0.49235412474849094
FGSG_04395,9,0.4232725484703896,3.7065816470487665,FGSG_02272;FGSG_02461;FGSG_03061;FGSG_03548;FGSG_04458;FGSG_05610;FGSG_09456;FGSG_09834;FGSG_10347,1,uncharacterized protein,GO:0005789;GO:0006810;GO:0016021;GO:0043529;GO:0071816,2.468594323224096,6,-0.351799299522817,0.061865013799026,0,0.4919517102615695
FGSG_02742,10,0.42085984687539235,4.1303509434350465,FGSG_02272;FGSG_02461;FGSG_03061;FGSG_03548;FGSG_03894;FGSG_04458;FGSG_05610;FGSG_09012;FGSG_09456;FGSG_09834,1,uncharacterized protein,GO:0016787,2.4648044062765884,6,-0.345030664326181,0.059993171892782,0,0.4915492957746479
FGSG_03925,1,0.40413444493367834,0.40413444493367834,FGSG_02324,2,uncharacterized protein,GO:0003847;GO:0015996;GO:0016042;GO:0016491;GO:0047746;GO:0055114,0.40413444493367834,1,3.66193861682487,0.0083752975491679,1,0.49134808853118717
FGSG_13672,6,0.414731738039422,2.457075986649518,FGSG_03546;FGSG_03548;FGSG_03894;FGSG_04458;FGSG_08601;FGSG_10347,1,uncharacterized protein,,2.457075986649518,6,-0.357236498069324,0.328979146301624,0,0.49134808853118705
FGSG_10824,6,0.41840050680227403,2.4526760575225994,FGSG_00330;FGSG_03546;FGSG_03548;FGSG_04458;FGSG_08601;FGSG_10347,1,uncharacterized protein,,2.4526760575225994,6,-0.7201969104063,0.0341506666318147,0,0.49114688128772643
FGSG_10314,6,0.42247390681607505,2.451046666795055,FGSG_03546;FGSG_03548;FGSG_04458;FGSG_04589;FGSG_08601;FGSG_10347,1,uncharacterized protein,,2.451046666795055,6,-0.689191329886388,0.0060727787134766,0,0.4909456740442656
FGSG_04534,6,0.4209266795272462,2.450843939319662,FGSG_02324;FGSG_02325;FGSG_02326;FGSG_02327;FGSG_02328;FGSG_02329,2,uncharacterized protein,,2.450843939319662,6,0.116408445647399,,0,0.49074446680080486
FGSG_09317,6,0.41989734731365874,2.450254417851848,FGSG_03546;FGSG_03548;FGSG_04458;FGSG_08601;FGSG_09834;FGSG_10347,1,uncharacterized protein,GO:0016021,2.450254417851848,6,-0.333252298580473,0.0881573895485251,0,0.490543259557344
FGSG_07285,7,0.41423704010080115,2.8537494717625367,FGSG_03546;FGSG_03548;FGSG_03894;FGSG_04458;FGSG_08601;FGSG_09012;FGSG_09834,1,uncharacterized protein,GO:0003735;GO:0005762;GO:0032543,2.448809433656212,6,-0.303844249102991,0.0043496578789988,0,0.4903420523138833
FGSG_07166,6,0.4276250070232275,2.4483387893439916,FGSG_00330;FGSG_03546;FGSG_03548;FGSG_04458;FGSG_08601;FGSG_10347,1,uncharacterized protein,GO:0000070;GO:0000941;GO:0005829;GO:0016021;GO:0031511;GO:0034501;GO:0034506;GO:0034508;GO:0044732;GO:0061641,2.4483387893439916,6,-0.411342582788494,0.0159410328791158,0,0.49014084507042255
FGSG_00172,6,0.41120275519740346,2.438790035316315,FGSG_02324;FGSG_02325;FGSG_02326;FGSG_02327;FGSG_02328;FGSG_02329,2,uncharacterized protein,GO:0016740,2.438790035316315,6,0.529544692681781,5.73955672621745e-05,0,0.48953722334004024
FGSG_01508,6,0.4106465561511487,2.437180002513154,FGSG_03546;FGSG_03548;FGSG_04458;FGSG_08601;FGSG_09834;FGSG_10347,1,uncharacterized protein,GO:0002143;GO:0004792;GO:0005739,2.437180002513154,6,-0.178710748789414,0.149265625170924,0,0.4893360160965795
FGSG_12756,9,0.40798777767146693,3.6414076974306493,FGSG_02272;FGSG_02461;FGSG_03546;FGSG_03548;FGSG_03894;FGSG_04458;FGSG_09012;FGSG_09456;FGSG_09834,1,uncharacterized protein,,2.429077800901871,6,-0.550722968578929,0.0394580310550696,0,0.48913480885311866
FGSG_07468,15,0.48750036326456436,6.5637836485395376,FGSG_00743;FGSG_01422;FGSG_02271;FGSG_02272;FGSG_02461;FGSG_03061;FGSG_03894;FGSG_04590;FGSG_05610;FGSG_07075;FGSG_07528;FGSG_08712;FGSG_08774;FGSG_09012;FGSG_13136,1,D-3-phosphoglycerate dehydrogenase 2,GO:0004617;GO:0006564;GO:0016597;GO:0051287;GO:0055114,2.2689409071833464,5,-0.28550767366977,0.0001849019986536,0,0.48893360160965793
FGSG_04916,16,0.49211933803078717,7.0335230985193,FGSG_00743;FGSG_00765;FGSG_01422;FGSG_02030;FGSG_02271;FGSG_02272;FGSG_02461;FGSG_03061;FGSG_03894;FGSG_04590;FGSG_05610;FGSG_08712;FGSG_08774;FGSG_09012;FGSG_11206;FGSG_13136,1,uncharacterized protein,,2.266073601443022,5,-0.494088563868169,2.54945430127767e-08,0,0.4887323943661972
FGSG_02992,2,0.4104212042840066,0.8207247148225695,FGSG_03842;FGSG_13952,2,uncharacterized protein,GO:0016021;GO:0055085,0.8207247148225695,2,1.1414588833738,7.29764161006671e-06,1,0.48859825620388997
FGSG_04196,13,0.4866715498055397,5.7503456559010235,FGSG_00743;FGSG_01422;FGSG_02271;FGSG_02272;FGSG_02461;FGSG_03061;FGSG_03894;FGSG_04590;FGSG_05610;FGSG_08712;FGSG_08774;FGSG_09012;FGSG_13136,1,succinate-semialdehyde dehydrogenase,GO:0009013;GO:0009450;GO:0055114,2.2659945964786132,5,-0.976414120102291,2.83042285732765e-30,0,0.48853118712273647
FGSG_06526,24,0.48066500288573444,10.367249138717847,FGSG_00743;FGSG_00765;FGSG_01422;FGSG_01621;FGSG_02030;FGSG_02271;FGSG_02272;FGSG_02461;FGSG_02782;FGSG_03061;FGSG_03894;FGSG_04309;FGSG_04588;FGSG_04590;FGSG_05368;FGSG_05610;FGSG_06506;FGSG_07075;FGSG_07528;FGSG_08712;FGSG_08774;FGSG_09012;FGSG_09456;FGSG_13136,1,uncharacterized protein,,2.2641974753876832,5,-0.432830014288022,4.37843670906793e-05,0,0.4883299798792756
FGSG_01343,18,0.4809707553249026,7.822421740050585,FGSG_00743;FGSG_00765;FGSG_01422;FGSG_02030;FGSG_02271;FGSG_02272;FGSG_02461;FGSG_02782;FGSG_03061;FGSG_03894;FGSG_04309;FGSG_04590;FGSG_05610;FGSG_07075;FGSG_07528;FGSG_08774;FGSG_09012;FGSG_13136,1,uncharacterized protein,GO:0001731;GO:0003743;GO:0005852;GO:0006446;GO:0016282;GO:0033290,2.2586458029866794,5,-0.366044621795014,0.0003088433781165,0,0.4881287726358149
FGSG_08238,22,0.47645836950694265,9.477871850670644,FGSG_00743;FGSG_00765;FGSG_01422;FGSG_01621;FGSG_02030;FGSG_02271;FGSG_02272;FGSG_02461;FGSG_02782;FGSG_03061;FGSG_03894;FGSG_04309;FGSG_04588;FGSG_04590;FGSG_05368;FGSG_05610;FGSG_06506;FGSG_07075;FGSG_07528;FGSG_08774;FGSG_09012;FGSG_13136,1,uncharacterized protein,,2.255183994263554,5,-0.960004340114203,8.54674104926937e-06,0,0.48792756539235416
FGSG_00347,2,0.41146107236795976,0.8160751847973485,FGSG_03894;FGSG_10922,1,uncharacterized protein,,0.8160751847973485,2,-1.22060891964002,0.0008734029890665,1,0.4878604963112006
FGSG_05416,2,0.41071330268899187,0.8161008196325285,FGSG_03842;FGSG_13952,2,uncharacterized protein,,0.8161008196325285,2,1.2157891314532,8.06150305717704e-22,1,0.4877934272300469
FGSG_04951,18,0.4878439988492622,7.808333109059328,FGSG_00743;FGSG_00765;FGSG_01422;FGSG_02030;FGSG_02271;FGSG_02272;FGSG_02461;FGSG_03061;FGSG_03894;FGSG_04588;FGSG_04590;FGSG_05368;FGSG_05610;FGSG_07075;FGSG_08712;FGSG_08774;FGSG_09012;FGSG_13136,1,uncharacterized protein,GO:0005634,2.2512305863686195,5,-0.404107814730579,0.0001816546741033,0,0.4877263581488934
FGSG_02675,13,0.48369948238848837,5.7047507299264675,FGSG_00743;FGSG_01422;FGSG_02271;FGSG_02272;FGSG_02461;FGSG_03061;FGSG_03894;FGSG_04590;FGSG_05610;FGSG_08712;FGSG_08774;FGSG_09012;FGSG_13136,1,uncharacterized protein,GO:0015665;GO:0015850;GO:0016021;GO:0022890;GO:0098655,2.2479332236295253,5,-0.460476183650175,0.0002719564334947,0,0.4875251509054326
FGSG_00338,15,0.478941609056365,6.4613778231509365,FGSG_00743;FGSG_01422;FGSG_02271;FGSG_02272;FGSG_02461;FGSG_03061;FGSG_03894;FGSG_04590;FGSG_05610;FGSG_07075;FGSG_07528;FGSG_08774;FGSG_09012;FGSG_09456;FGSG_13136,1,uncharacterized protein,GO:0006673;GO:0016021;GO:0030148;GO:0045140;GO:0070916,2.2373324051038086,5,-0.327603376733957,1.61249687829504e-05,0,0.48732394366197185
FGSG_05554,20,0.4812218227955044,8.650659579471222,FGSG_00743;FGSG_00765;FGSG_01422;FGSG_01621;FGSG_02030;FGSG_02271;FGSG_02272;FGSG_02461;FGSG_03061;FGSG_03894;FGSG_04309;FGSG_04588;FGSG_04590;FGSG_05368;FGSG_05610;FGSG_07075;FGSG_08774;FGSG_09012;FGSG_11206;FGSG_13136,1,4-aminobutyrate aminotransferase,GO:0003867;GO:0009448;GO:0030170,2.236033707162128,5,-0.449387239846127,2.66263074674327e-07,0,0.487122736418511
FGSG_13338,12,0.4955537753030768,5.325069239228107,FGSG_00743;FGSG_01422;FGSG_02272;FGSG_02461;FGSG_03061;FGSG_03894;FGSG_04589;FGSG_05610;FGSG_08712;FGSG_08774;FGSG_09012;FGSG_12180,1,uncharacterized protein,,2.234021559073392,5,-0.44614777278143,0.0078161848064006,0,0.4869215291750504
FGSG_09220,13,0.47617645080861737,5.694639469646614,FGSG_00743;FGSG_01422;FGSG_02271;FGSG_02272;FGSG_02461;FGSG_03061;FGSG_03894;FGSG_05610;FGSG_07075;FGSG_08774;FGSG_09012;FGSG_09456;FGSG_09834,1,uncharacterized protein,GO:0005744;GO:0016021;GO:0030150,2.2324452370037293,5,-0.395810510405968,0.0022365490453788,0,0.48672032193158954
FGSG_07078,15,0.4960646983214398,6.538482851455479,FGSG_00743;FGSG_00765;FGSG_01422;FGSG_02030;FGSG_02272;FGSG_02461;FGSG_03061;FGSG_03894;FGSG_05610;FGSG_08712;FGSG_08774;FGSG_09012;FGSG_10922;FGSG_12180;FGSG_13136,1,uncharacterized protein,GO:0000209;GO:0004842;GO:0005779;GO:0005783;GO:0008270;GO:0016558;GO:1990429,2.231486763050218,5,-0.620881959891956,2.80847890100575e-05,0,0.4865191146881288
FGSG_13280,13,0.47635440465930895,5.661976509360253,FGSG_00743;FGSG_01422;FGSG_02271;FGSG_02272;FGSG_02461;FGSG_03061;FGSG_03894;FGSG_04590;FGSG_05610;FGSG_08712;FGSG_08774;FGSG_09012;FGSG_13136,1,uncharacterized protein,GO:0000166;GO:0006744;GO:0031314,2.2253381957247376,5,-0.245484710777407,0.190223563570298,0,0.48631790744466796
FGSG_05003,12,0.47984506872582283,5.297361550839367,FGSG_00743;FGSG_01422;FGSG_02272;FGSG_02461;FGSG_03061;FGSG_03894;FGSG_04458;FGSG_05610;FGSG_08774;FGSG_09012;FGSG_09456;FGSG_09834,1,N-acetyl-gamma-glutamyl-phosphate reductase,GO:0003942;GO:0003991;GO:0005739;GO:0006526;GO:0016310;GO:0046983;GO:0051287;GO:0055114,2.220278410413597,5,-0.310182247362329,0.0143989758988235,0,0.48611670020120723
FGSG_00574,12,0.4733158738544798,5.222074820924884,FGSG_00743;FGSG_01422;FGSG_02272;FGSG_02461;FGSG_03061;FGSG_03894;FGSG_04458;FGSG_05610;FGSG_08712;FGSG_08774;FGSG_09012;FGSG_10347,1,uncharacterized protein,GO:0000981;GO:0003677;GO:0005634;GO:0006351;GO:0006357;GO:0008270,2.210772195047491,5,-0.254253877637422,0.0669769869630846,0,0.4859154929577465
FGSG_00346,12,0.4830881316346013,5.228951991088741,FGSG_00743;FGSG_01422;FGSG_02272;FGSG_02461;FGSG_03061;FGSG_03894;FGSG_04589;FGSG_05610;FGSG_08712;FGSG_08774;FGSG_09012;FGSG_12180,1,saccharopine dehydrogenase,GO:0004755;GO:0005737;GO:0019878;GO:0055114,2.21058984464359,5,-0.236151927170935,0.0210874790352545,0,0.48571428571428577
FGSG_08336,13,0.49488508497598954,5.686816923760538,FGSG_00743;FGSG_00765;FGSG_02272;FGSG_02461;FGSG_03061;FGSG_03894;FGSG_05368;FGSG_05610;FGSG_08493;FGSG_08774;FGSG_09012;FGSG_10922;FGSG_12180,1,uncharacterized protein,GO:0016021,2.2094477072865324,5,-0.692709620443417,4.51962753228822e-06,0,0.4855130784708249
FGSG_09002,14,0.4684507409740952,6.026229652790067,FGSG_00743;FGSG_01422;FGSG_02271;FGSG_02272;FGSG_02461;FGSG_02782;FGSG_03061;FGSG_03894;FGSG_05610;FGSG_07075;FGSG_08774;FGSG_09012;FGSG_09456;FGSG_09834,1,uncharacterized protein,GO:0003735;GO:0005762;GO:0032543,2.2041112977784794,5,-0.443040719781825,0.0007754498896736,0,0.4853118712273642
FGSG_08548,12,0.4649109415783357,5.128592264070914,FGSG_00743;FGSG_01422;FGSG_02271;FGSG_02272;FGSG_02461;FGSG_03061;FGSG_03894;FGSG_04590;FGSG_05610;FGSG_07075;FGSG_08712;FGSG_13136,1,uncharacterized protein,GO:0005524,2.19352946133019,5,-0.123349724066367,0.141517745744235,0,0.48511066398390346
FGSG_06697,11,0.48719097927471183,4.831116358982293,FGSG_00743;FGSG_01422;FGSG_02272;FGSG_02461;FGSG_03061;FGSG_03894;FGSG_04458;FGSG_05610;FGSG_08774;FGSG_09012;FGSG_10347,1,uncharacterized protein,GO:0042407;GO:0044284;GO:0061617,2.1912206045983966,5,-0.331740798205095,0.0021066247315435,0,0.4849094567404426
FGSG_03440,11,0.4658330592929872,4.767401809362241,FGSG_01422;FGSG_02271;FGSG_02272;FGSG_02461;FGSG_03061;FGSG_03894;FGSG_05610;FGSG_07075;FGSG_09012;FGSG_09456;FGSG_09834,1,uncharacterized protein,,2.190102899198391,5,-0.517643967803106,0.0422143800698734,0,0.4847082494969819
FGSG_05780,10,0.4914939399700327,4.381966343530984,FGSG_00743;FGSG_02272;FGSG_02461;FGSG_03061;FGSG_03894;FGSG_05610;FGSG_08774;FGSG_09012;FGSG_10922;FGSG_12180,1,uncharacterized protein,GO:0005794,2.1845508088626917,5,-0.218193064359717,0.0166413680882581,0,0.48450704225352115
FGSG_06767,11,0.4508417967448859,4.741954363682553,FGSG_01422;FGSG_02271;FGSG_02272;FGSG_02461;FGSG_03061;FGSG_04590;FGSG_05610;FGSG_07075;FGSG_07528;FGSG_09456;FGSG_09834,1,uncharacterized protein,GO:0000111;GO:0000502;GO:0003684;GO:0005635;GO:0005829;GO:0006289;GO:0006517;GO:0016567;GO:0030433;GO:0030674;GO:0042177;GO:0043130,2.183789875852288,5,-0.181934719071204,0.0265506321489963,0,0.4843058350100604
FGSG_12199,10,0.4709879184691208,4.298489717628354,FGSG_00743;FGSG_02972;FGSG_03747;FGSG_03894;FGSG_05610;FGSG_08493;FGSG_08774;FGSG_10444;FGSG_10922;FGSG_12180,1,uncharacterized protein,GO:0016301;GO:0016310,2.1769369739192457,5,-0.53085226138457,1.24799643609354e-08,0,0.48410462776659957
FGSG_04537,1,0.4014791588751677,0.4014791588751677,FGSG_02329,2,uncharacterized protein,GO:0016021;GO:0022891;GO:0055085,0.4014791588751677,1,5.16735091438876,0.0003479032338852,1,0.48390342052313884
FGSG_06327,11,0.4599534950392042,4.723394929396676,FGSG_00743;FGSG_01422;FGSG_02271;FGSG_02272;FGSG_02461;FGSG_03061;FGSG_03894;FGSG_05610;FGSG_09012;FGSG_09456;FGSG_09834,1,uncharacterized protein,,2.172437713042349,5,-0.648876468453573,0.0766852449089949,0,0.48390342052313884
FGSG_10522,10,0.48054784530375655,4.319738496687958,FGSG_00743;FGSG_02272;FGSG_02461;FGSG_03061;FGSG_03894;FGSG_05610;FGSG_08774;FGSG_09012;FGSG_10922;FGSG_12180,1,uncharacterized protein,GO:0016021;GO:0055085,2.171897596939787,5,-0.120881491318715,0.072545711658379,0,0.4837022132796781
FGSG_02289,1,0.4029893198326414,0.4029893198326414,FGSG_02329,2,uncharacterized protein,GO:0006629;GO:0008081;GO:0016021,0.4029893198326414,1,3.18284785101692,2.75773943552134e-18,1,0.4830985915492958
FGSG_13883,5,0.43971679220042,2.1605758137327804,FGSG_02326;FGSG_02327;FGSG_02328;FGSG_02329;FGSG_08083,2,uncharacterized protein,GO:0004563;GO:0005975;GO:0016021,2.1605758137327804,5,0.58364069102508,0.0025909951065967,0,0.48289738430583495
FGSG_11051,5,0.44151391627257586,2.157172074117332,FGSG_02326;FGSG_02327;FGSG_02328;FGSG_02329;FGSG_11326,2,uncharacterized protein,GO:0000981;GO:0003677;GO:0005634;GO:0006351;GO:0006357;GO:0008270,2.157172074117332,5,0.533320171893801,0.0441151171063229,0,0.4824949698189135
FGSG_12905,11,0.4535775560128337,4.676064602636548,FGSG_00743;FGSG_01422;FGSG_02272;FGSG_02461;FGSG_03061;FGSG_03894;FGSG_04458;FGSG_05610;FGSG_09012;FGSG_09456;FGSG_09834,1,uncharacterized protein,,2.1567403323807275,5,-0.408586963252997,0.282599811445988,0,0.48229376257545276
FGSG_09824,8,0.45495017313670305,3.4050786757783325,FGSG_00007;FGSG_01866;FGSG_02327;FGSG_03539;FGSG_03842;FGSG_08082;FGSG_08083;FGSG_13952,2,uncharacterized protein,,2.1565501752571827,5,0.82269682030261,1.60827755080592e-06,0,0.4820925553319919
FGSG_01542,10,0.4533038153897646,4.30359703520924,FGSG_01422;FGSG_02272;FGSG_02461;FGSG_03061;FGSG_03894;FGSG_04458;FGSG_05610;FGSG_09012;FGSG_09456;FGSG_09834,1,uncharacterized protein,GO:0031305;GO:0033617,2.1539011718540784,5,-0.288267135391354,0.0584764219722144,0,0.4818913480885312
FGSG_03657,1,0.4052058919432136,0.4052058919432136,FGSG_02324,2,uncharacterized protein,GO:0004497;GO:0016021;GO:0055114;GO:0071949,0.4052058919432136,1,2.58539574835964,1.15086247528294e-29,1,0.48175720992622406
FGSG_01693,9,0.4801141761121291,3.874638313744123,FGSG_00743;FGSG_02272;FGSG_02461;FGSG_03061;FGSG_03894;FGSG_05610;FGSG_08774;FGSG_10922;FGSG_12180,1,uncharacterized protein,GO:0003824;GO:0008152,2.152266918318269,5,-0.663236868358131,0.0150964638097913,0,0.48169014084507045
FGSG_11815,11,0.4558027979753724,4.6981859571543865,FGSG_01422;FGSG_02271;FGSG_02272;FGSG_02461;FGSG_03061;FGSG_03894;FGSG_05610;FGSG_07075;FGSG_09012;FGSG_09456;FGSG_09834,1,uncharacterized protein,GO:0000723;GO:0003777;GO:0005524;GO:0006281;GO:0007018;GO:0008017;GO:0016021;GO:0016887;GO:0030870;GO:0055085,2.150955389867233,5,-0.34460801205937,0.0062226008078256,0,0.4814889336016097
FGSG_00373,11,0.4526782870442835,4.726581634515102,FGSG_01422;FGSG_02272;FGSG_02461;FGSG_03061;FGSG_03894;FGSG_04458;FGSG_05610;FGSG_08774;FGSG_09012;FGSG_09456;FGSG_09834,1,ATP synthase subunit 4,GO:0000274;GO:0015986;GO:0035786;GO:0046961,2.1497719965674977,5,-0.552533982727334,4.11033820359885e-05,0,0.48128772635814887
FGSG_13118,13,0.4835778612605525,5.552640136734192,FGSG_00743;FGSG_00765;FGSG_02272;FGSG_02461;FGSG_03061;FGSG_03747;FGSG_03894;FGSG_05368;FGSG_05610;FGSG_08493;FGSG_08774;FGSG_09012;FGSG_10922,1,uncharacterized protein,GO:0005826;GO:0005885;GO:0007015;GO:0007017;GO:0008017;GO:0030139;GO:0030479;GO:0030674;GO:0034316;GO:0035838;GO:0051015;GO:0051666;GO:1990819;GO:2000601,2.149091006280052,5,-0.189039740333405,0.0600181414840492,0,0.48108651911468814
FGSG_11045,9,0.45181122310329863,3.8186780312560717,FGSG_00007;FGSG_01866;FGSG_02327;FGSG_03539;FGSG_03842;FGSG_03881;FGSG_08082;FGSG_08083;FGSG_13952,2,uncharacterized protein,GO:0051213;GO:0055114,2.1477977310605336,5,0.47896591692144,7.49684411281307e-08,0,0.4808853118712274
FGSG_00447,11,0.456848316616875,4.712327159943199,FGSG_01422;FGSG_02271;FGSG_02272;FGSG_02461;FGSG_03061;FGSG_03894;FGSG_05610;FGSG_07075;FGSG_09012;FGSG_09456;FGSG_09834,1,uncharacterized protein,GO:0003998,2.1477548585159383,5,-0.554917935947449,0.0022289636627069,0,0.48068410462776656
FGSG_12097,1,0.4050719165446273,0.4050719165446273,FGSG_04589,1,uncharacterized protein,,0.4050719165446273,1,-2.531301816407,0.0001345583693623,1,0.4804828973843059
FGSG_12488,5,0.43315294769276114,2.1470605494132853,FGSG_02326;FGSG_02327;FGSG_02328;FGSG_02329;FGSG_08083,2,uncharacterized protein,GO:0004553;GO:0005975,2.1470605494132853,5,0.447208621669255,0.0027986111228389,0,0.48048289738430583
FGSG_08644,9,0.4706976226401817,3.8543221542108586,FGSG_00743;FGSG_02272;FGSG_02461;FGSG_03061;FGSG_03894;FGSG_05610;FGSG_08774;FGSG_10922;FGSG_12180,1,uncharacterized protein,GO:0002181;GO:0005524;GO:0005737;GO:0005844;GO:0006364;GO:0006450;GO:0051082,2.1453952649982706,5,-0.199809172180556,0.0662449374535719,0,0.48008048289738436
FGSG_02455,9,0.47734150023555577,3.869106042585893,FGSG_00743;FGSG_02272;FGSG_02461;FGSG_03061;FGSG_03894;FGSG_05610;FGSG_08774;FGSG_10922;FGSG_12180,1,uncharacterized protein,GO:0005742;GO:0005743;GO:0005758;GO:0006457;GO:0016021;GO:0016491;GO:0045041;GO:0051537;GO:0055114,2.1435242541025836,5,-0.346161872064889,0.0212310925840014,0,0.4798792756539235
FGSG_07710,1,0.40262747695040096,0.40262747695040096,FGSG_02324,2,uncharacterized protein,,0.40262747695040096,1,3.05528626655479,9.38685812600122e-05,1,0.4796109993293092
FGSG_05674,7,0.447654565260214,2.9630181355184675,FGSG_00007;FGSG_02327;FGSG_03539;FGSG_03842;FGSG_08082;FGSG_08083;FGSG_13952,2,uncharacterized protein,GO:0016021,2.1400692483855686,5,0.594278133787074,2.4607918220402e-05,0,0.4792756539235413
FGSG_01809,9,0.4505445486682221,3.811386647747048,FGSG_00007;FGSG_01866;FGSG_02326;FGSG_02327;FGSG_03539;FGSG_03842;FGSG_03881;FGSG_08083;FGSG_13952,2,uncharacterized protein,,2.138637350768247,5,0.615816330440657,0.0010344090034773,0,0.4790744466800805
FGSG_04881,5,0.4387165088228674,2.1383217712167104,FGSG_02325;FGSG_02326;FGSG_02327;FGSG_02328;FGSG_02329,2,uncharacterized protein,,2.1383217712167104,5,0.484492724072824,5.58720660709695e-05,0,0.47887323943661975
FGSG_12670,10,0.45073562354830937,4.268933392096966,FGSG_01422;FGSG_02271;FGSG_02272;FGSG_02461;FGSG_03061;FGSG_03894;FGSG_05610;FGSG_09012;FGSG_09456;FGSG_09834,1,uncharacterized protein,,2.1366692311632076,5,-0.448886238784099,0.126640009968922,0,0.4786720321931589
FGSG_06117,5,0.4390017706628545,2.1362910795301953,FGSG_02326;FGSG_02327;FGSG_02328;FGSG_02329;FGSG_11326,2,uncharacterized protein,GO:0005975;GO:0016829;GO:0030246,2.1362910795301953,5,0.901063178337361,0.0063051171966387,0,0.47847082494969817
FGSG_00464,9,0.4427632511490739,3.872197261615409,FGSG_02272;FGSG_02461;FGSG_03061;FGSG_03894;FGSG_04458;FGSG_05610;FGSG_09012;FGSG_09456;FGSG_09834,1,uncharacterized protein,GO:0016021,2.133956329685142,5,-0.253804480113126,0.0168916125664886,0,0.4780684104627767
FGSG_01950,10,0.45077203341449984,4.271876729607752,FGSG_02271;FGSG_02272;FGSG_02461;FGSG_03061;FGSG_03894;FGSG_05610;FGSG_07075;FGSG_09012;FGSG_09456;FGSG_09834,1,heat shock protein Hsp88,GO:0005524;GO:0005634;GO:0005829,2.133820639674941,5,-0.249026317606727,0.0013750955753158,0,0.47786720321931586
FGSG_10116,5,0.43520364976302534,2.1335595871869883,FGSG_02326;FGSG_02327;FGSG_02328;FGSG_02329;FGSG_11326,2,chitin synthase 1,GO:0004100;GO:0006031;GO:0016021,2.1335595871869883,5,0.353810658301826,2.20497117693247e-05,0,0.47766599597585513
FGSG_03787,6,0.4373975493704938,2.5420477067467093,FGSG_02320;FGSG_02326;FGSG_02327;FGSG_02328;FGSG_02329;FGSG_11326,2,uncharacterized protein,GO:0008168;GO:0032259,2.1323794892132284,5,0.466698345675978,2.47548222926701e-07,0,0.4774647887323944
FGSG_00415,6,0.43406407647737494,2.5396166534500817,FGSG_02326;FGSG_02327;FGSG_02328;FGSG_02329;FGSG_08083;FGSG_12211,2,uncharacterized protein,,2.129723256324522,5,0.59117386495974,2.19368539674373e-07,0,0.47726358148893355
FGSG_10431,5,0.4299428497181545,2.1275865514242915,FGSG_02326;FGSG_02327;FGSG_02328;FGSG_02329;FGSG_08083,2,uncharacterized protein,,2.1275865514242915,5,0.573230969049262,0.139436678189772,0,0.4770623742454728
FGSG_13212,2,0.40594041124718194,0.8116219487902037,FGSG_02324;FGSG_02903,2,uncharacterized protein,,0.8116219487902037,2,1.11471405006393,2.66947790482685e-07,1,0.4770623742454728
FGSG_00184,8,0.4532039260712746,3.395295065082563,FGSG_00007;FGSG_01866;FGSG_02326;FGSG_02327;FGSG_03842;FGSG_03881;FGSG_08083;FGSG_13952,2,uncharacterized protein,GO:0004553;GO:0045493,2.1272661280268075,5,0.471868693473617,0.0597503626916393,0,0.4768611670020121
FGSG_02473,9,0.4461981848690804,3.8783961204956783,FGSG_02272;FGSG_02461;FGSG_03061;FGSG_03894;FGSG_04458;FGSG_05610;FGSG_09012;FGSG_09456;FGSG_09834,1,uncharacterized protein,GO:0000276;GO:0015986;GO:0016021;GO:0046933;GO:0046961,2.127195043664522,5,-0.443884531808293,0.0009570436999296,0,0.47665995975855135
FGSG_01874,9,0.44552382263590995,3.8108870697192856,FGSG_00743;FGSG_02272;FGSG_02461;FGSG_03061;FGSG_03894;FGSG_04458;FGSG_05610;FGSG_09012;FGSG_10347,1,uncharacterized protein,GO:0000011;GO:0006623;GO:0007035;GO:0033263,2.1269434464927235,5,-0.176109961051006,0.195335197531959,0,0.4764587525150905
FGSG_04619,5,0.4318803718917047,2.12534207999823,FGSG_02326;FGSG_02327;FGSG_02328;FGSG_02329;FGSG_08083,2,uncharacterized protein,GO:0001172;GO:0003968,2.12534207999823,5,0.483076585304049,0.0444013674352642,0,0.47605633802816905
FGSG_13709,9,0.46949558331849717,3.7988292876400505,FGSG_00743;FGSG_02972;FGSG_03747;FGSG_03894;FGSG_05610;FGSG_08774;FGSG_10444;FGSG_10922;FGSG_12180,1,uncharacterized protein,GO:0016301;GO:0016310,2.123840708921402,5,-0.873901178601481,0.0003294511593407,0,0.4758551307847083
FGSG_04038,5,0.4406704691190881,2.1232273124136887,FGSG_02327;FGSG_03842;FGSG_08082;FGSG_08083;FGSG_13952,2,XPA-binding protein 1,GO:0003924;GO:0005829;GO:0007064;GO:0016887;GO:0044376,2.1232273124136887,5,0.350760585659827,0.0008939105882805,0,0.47565392354124747
FGSG_05275,13,0.47246074192100157,5.519695101317796,FGSG_00743;FGSG_00765;FGSG_01621;FGSG_02272;FGSG_02461;FGSG_03061;FGSG_03747;FGSG_03894;FGSG_05368;FGSG_05610;FGSG_08493;FGSG_08774;FGSG_10922,1,uncharacterized protein,,2.123012704218812,5,-0.276746209183116,0.0090815882311669,0,0.47545271629778674
FGSG_03856,5,0.4333686056198491,2.1228930003032316,FGSG_02326;FGSG_02327;FGSG_02328;FGSG_02329;FGSG_11326,2,uncharacterized protein,GO:0008152;GO:0016787,2.1228930003032316,5,0.633372017088121,0.0217414701533943,0,0.4752515090543259
FGSG_05942,5,0.43412682480134085,2.122079943518826,FGSG_02326;FGSG_02327;FGSG_02328;FGSG_02329;FGSG_08083,2,uncharacterized protein,,2.122079943518826,5,0.386506889584911,0.0001855445748588,0,0.47505030181086527
FGSG_07616,5,0.43157949670108475,2.121473093434656,FGSG_02326;FGSG_02327;FGSG_02328;FGSG_02329;FGSG_08083,2,uncharacterized protein,GO:0016021;GO:0022891;GO:0055085,2.121473093434656,5,0.497846736551725,0.169163395017447,0,0.47484909456740443
FGSG_03277,5,0.435201523779577,2.121156603738484,FGSG_02326;FGSG_02327;FGSG_02328;FGSG_02329;FGSG_08083,2,uncharacterized protein,GO:0016021,2.121156603738484,5,0.757742508105204,3.22488933268298e-07,0,0.4746478873239437
FGSG_08732,8,0.4572982100832185,3.412102095263995,FGSG_00743;FGSG_02272;FGSG_03061;FGSG_03894;FGSG_04589;FGSG_05610;FGSG_08712;FGSG_12180,1,uncharacterized protein,,2.1198707809766963,5,-0.618232878905029,0.0004014176007198,0,0.47444668008048285
FGSG_04500,10,0.44394678146177685,4.197005933167144,FGSG_01422;FGSG_02271;FGSG_02272;FGSG_02461;FGSG_03061;FGSG_04590;FGSG_05610;FGSG_07075;FGSG_09456;FGSG_09834,1,uncharacterized protein,GO:0016021,2.1183044762093175,5,-0.540123221099066,0.148461350680711,0,0.4742454728370221
FGSG_10426,8,0.4666197269561721,3.4011685849484032,FGSG_00743;FGSG_02272;FGSG_03061;FGSG_03894;FGSG_05610;FGSG_08774;FGSG_10922;FGSG_12180,1,uncharacterized protein,GO:0016614;GO:0016746;GO:0050660;GO:0055114,2.1170936136513934,5,-0.316335262466483,0.0099886899951326,0,0.47384305835010065
FGSG_07377,5,0.4373435066452797,2.1160380482205685,FGSG_02326;FGSG_02327;FGSG_02328;FGSG_02329;FGSG_11326,2,uncharacterized protein,GO:0005634;GO:0006334,2.1160380482205685,5,0.584265367380111,0.0005103531959925,0,0.4736418511066398
FGSG_00562,10,0.43849880839383854,4.181604448232644,FGSG_02271;FGSG_02272;FGSG_02461;FGSG_03061;FGSG_04590;FGSG_05610;FGSG_07075;FGSG_07528;FGSG_09456;FGSG_09834,1,uncharacterized protein,GO:0000054;GO:0000781;GO:0005096;GO:0005634;GO:0005829;GO:0006348;GO:0006399;GO:0006404;GO:0006407;GO:0006606;GO:0016072;GO:0043547,2.115320627630927,5,-0.134785964531355,0.138401798137704,0,0.4734406438631791
FGSG_02465,11,0.45361848682706807,4.598331758760354,FGSG_00007;FGSG_01866;FGSG_02326;FGSG_02327;FGSG_03532;FGSG_03539;FGSG_03842;FGSG_03881;FGSG_08081;FGSG_08083;FGSG_13952,2,uncharacterized protein,,2.115302901606694,5,0.486247820108369,0.004901446306807,0,0.47323943661971835
FGSG_13860,9,0.4306211910844917,3.7371833594824437,FGSG_01866;FGSG_02326;FGSG_02327;FGSG_02328;FGSG_02329;FGSG_03532;FGSG_03543;FGSG_08083;FGSG_09064,2,uncharacterized protein,GO:0008152;GO:0016874,2.114041387039956,5,0.864978512163512,1.43586937010003e-05,0,0.4730382293762575
FGSG_10865,5,0.42857173718852426,2.114030616489164,FGSG_02326;FGSG_02327;FGSG_02328;FGSG_02329;FGSG_08083,2,uncharacterized protein,GO:0005643;GO:0005783;GO:0016021;GO:0019031;GO:0031965;GO:0043495;GO:0044732;GO:0071790;GO:0090307,2.114030616489164,5,0.302361331207851,0.0706092824471305,0,0.47283702213279677
FGSG_02538,1,0.4052733177760141,0.4052733177760141,FGSG_08601,1,uncharacterized protein,GO:0003677,0.4052733177760141,1,-2.05691385773453,0.0008677521101322,1,0.4727699530516432
FGSG_11347,8,0.433305464051736,3.3402459115051886,FGSG_01866;FGSG_02326;FGSG_02327;FGSG_02328;FGSG_02329;FGSG_03532;FGSG_08083;FGSG_08084,2,uncharacterized protein,GO:0008199;GO:0009712;GO:0018576;GO:0055114,2.113082856589731,5,0.190973351494678,0.252483370885879,0,0.47263581488933604
FGSG_09944,6,0.4267967557618998,2.5190952064157193,FGSG_01866;FGSG_02326;FGSG_02327;FGSG_02328;FGSG_02329;FGSG_08083,2,uncharacterized protein,GO:0008080,2.112688619316618,5,0.411807611962793,0.0884958926009625,0,0.4724346076458753
FGSG_12352,10,0.44788642642967097,4.164731087344789,FGSG_00007;FGSG_01866;FGSG_02326;FGSG_02327;FGSG_03532;FGSG_03842;FGSG_03881;FGSG_08081;FGSG_08083;FGSG_13952,2,uncharacterized protein,GO:0016021;GO:0016740,2.1107463221938563,5,0.551082083995706,0.0140232739107532,0,0.47223340040241446
FGSG_04285,5,0.42704045333443685,2.110162053096813,FGSG_02326;FGSG_02327;FGSG_02328;FGSG_02329;FGSG_08083,2,vacuolar ATP synthase subunit D,GO:0042626;GO:0055085,2.110162053096813,5,0.198031574177363,0.0396632646969155,0,0.471830985915493
FGSG_10639,5,0.4317127398719382,2.109778600097115,FGSG_02326;FGSG_02327;FGSG_02328;FGSG_02329;FGSG_08083,2,uncharacterized protein,GO:0000981;GO:0003677;GO:0005634;GO:0006351;GO:0006357;GO:0008270,2.109778600097115,5,0.40295113222011,0.0606777042489314,0,0.47162977867203226
FGSG_02266,2,0.40337825506275304,0.8057138999819919,FGSG_02326;FGSG_02327,2,uncharacterized protein,GO:0016491;GO:0055114,0.8057138999819919,2,1.15562259234312,0.0320638851949544,1,0.4716297786720322
FGSG_00686,8,0.46759002284620593,3.3879630324128738,FGSG_00743;FGSG_02272;FGSG_03061;FGSG_03894;FGSG_05610;FGSG_08774;FGSG_10922;FGSG_12180,1,uncharacterized protein,GO:0030061;GO:0042407;GO:0044284;GO:0045041;GO:0061617,2.1095133206568453,5,-0.265356260204832,0.009502074235515,0,0.4714285714285714
FGSG_06635,8,0.44353347774072077,3.375507436633941,FGSG_02271;FGSG_02272;FGSG_02461;FGSG_03061;FGSG_03894;FGSG_05610;FGSG_09456;FGSG_09834,1,uncharacterized protein,GO:0005634;GO:0005739;GO:0034414;GO:0042781;GO:1990180,2.109484198113593,5,-0.178784089574197,0.222419671109673,0,0.4712273641851107
FGSG_03395,6,0.4273714508581371,2.519222943332126,FGSG_01866;FGSG_02326;FGSG_02327;FGSG_02328;FGSG_02329;FGSG_08083,2,uncharacterized protein,,2.108453847655663,5,0.380954565724283,0.032932170687062,0,0.47102615694164984
FGSG_13869,5,0.433999073600738,2.1079534657449464,FGSG_02326;FGSG_02327;FGSG_02328;FGSG_02329;FGSG_11326,2,uncharacterized protein,,2.1079534657449464,5,0.958284472416194,9.95564712138832e-27,0,0.4708249496981891
FGSG_04657,9,0.42980134425777106,3.7290113128013362,FGSG_01866;FGSG_02326;FGSG_02327;FGSG_02328;FGSG_02329;FGSG_03532;FGSG_03543;FGSG_08083;FGSG_09064,2,uncharacterized protein,GO:0008152;GO:0016787,2.1070700966532674,5,0.542667102584822,0.0017772952496257,0,0.4706237424547284
FGSG_01686,1,0.40714620327018197,0.40714620327018197,FGSG_10922,1,uncharacterized protein,GO:0008106;GO:0008270;GO:0047924;GO:0055114,0.40714620327018197,1,-1.76490727410735,0.0176530368898513,1,0.4705566733735748
FGSG_05940,5,0.4368640316538889,2.106168717791576,FGSG_02324;FGSG_02327;FGSG_03842;FGSG_08083;FGSG_13952,2,uncharacterized protein,GO:0005524,2.106168717791576,5,0.687352316335625,2.33446323710841e-05,0,0.47042253521126765
FGSG_05133,6,0.435364302709686,2.5268345692572964,FGSG_00743;FGSG_03894;FGSG_04589;FGSG_08601;FGSG_10922;FGSG_12180,1,uncharacterized protein,GO:0005634;GO:0006413;GO:0006457;GO:0022627;GO:0051082;GO:0051787;GO:0070843;GO:0071630,2.1043303401335822,5,-0.762540584581385,1.06524239196344e-16,0,0.4702213279678068
FGSG_02251,7,0.4389040184478323,2.9324711605973204,FGSG_00007;FGSG_01866;FGSG_02326;FGSG_02327;FGSG_03842;FGSG_08083;FGSG_13952,2,uncharacterized protein,GO:0003824;GO:0008152,2.1006866612821335,5,0.295362506579843,0.153744640963789,0,0.46981891348088534
FGSG_03413,5,0.4234275178512748,2.1002483445152094,FGSG_02326;FGSG_02327;FGSG_02328;FGSG_02329;FGSG_08083,2,uncharacterized protein,GO:0008270;GO:0016491;GO:0055114,2.1002483445152094,5,0.454307985102665,0.212442324714592,0,0.4696177062374246
FGSG_12056,5,0.4337354083916963,2.0986645371319783,FGSG_02326;FGSG_02327;FGSG_02328;FGSG_02329;FGSG_11326,2,uncharacterized protein,GO:0005488,2.0986645371319783,5,0.585611605253481,4.92057105175088e-12,0,0.46941649899396376
FGSG_00487,2,0.40589415344732804,0.8063951526320013,FGSG_03546;FGSG_03548,1,uncharacterized protein,GO:0016021,0.8063951526320013,2,-1.1087183688059,0.0104892568145038,1,0.46934942991281026
FGSG_00799,8,0.4500353053612766,3.3671529034922836,FGSG_00743;FGSG_02272;FGSG_03061;FGSG_03894;FGSG_04589;FGSG_05610;FGSG_08712;FGSG_12180,1,uncharacterized protein,GO:0006260;GO:0006281;GO:0006310;GO:0017108;GO:0033557;GO:0090305,2.095194018501963,5,-0.338440849792186,0.0484243211574819,0,0.469215291750503
FGSG_04259,5,0.4252033975181221,2.0951716432847274,FGSG_02324;FGSG_02325;FGSG_02327;FGSG_03842;FGSG_13952,2,uncharacterized protein,GO:0005622;GO:0007034,2.0951716432847274,5,0.377538657631191,0.0005676764830241,0,0.4690140845070423
FGSG_13162,8,0.4594705336266661,3.3577227609319236,FGSG_00743;FGSG_02272;FGSG_03061;FGSG_03894;FGSG_05610;FGSG_08774;FGSG_10922;FGSG_12180,1,uncharacterized protein,,2.0939321589119926,5,-0.684175905193683,0.0089767534495724,0,0.46881287726358145
FGSG_06897,10,0.4380359059457039,4.2158948139179,FGSG_02272;FGSG_02461;FGSG_03061;FGSG_03894;FGSG_04458;FGSG_05610;FGSG_07075;FGSG_09012;FGSG_09456;FGSG_09834,1,uncharacterized protein,GO:0000324;GO:0046872,2.0927719168763876,5,-0.319138621318954,0.0012909130025988,0,0.4686116700201207
FGSG_02939,1,0.42801190797611915,0.42801190797611915,FGSG_10922,1,uncharacterized protein,GO:0003700;GO:0006355;GO:0043565,0.42801190797611915,1,-1.26845487186723,0.0001587756489099,1,0.46841046277666
FGSG_11090,7,0.4323857912270682,2.9025777656143976,FGSG_00007;FGSG_01866;FGSG_02326;FGSG_02327;FGSG_03842;FGSG_08083;FGSG_13952,2,uncharacterized protein,GO:0003824;GO:0009058,2.09133344365697,5,0.369628727857752,0.0254615440167174,0,0.46841046277666
FGSG_01985,5,0.42414805295872,2.090161226011915,FGSG_02326;FGSG_02327;FGSG_02328;FGSG_02329;FGSG_08083,2,uncharacterized protein,GO:0008080,2.090161226011915,5,0.355666702735132,0.0354552793290488,0,0.46820925553319925
FGSG_01768,8,0.4297682703985987,3.3394601350504374,FGSG_02326;FGSG_02327;FGSG_02328;FGSG_02329;FGSG_03532;FGSG_08078;FGSG_08083;FGSG_12211,2,uncharacterized protein,GO:0008080,2.088053688490004,5,0.415744857378362,2.0169186765446e-06,0,0.4680080482897384
FGSG_10948,5,0.43939943265799813,2.087436066168485,FGSG_02324;FGSG_02327;FGSG_03842;FGSG_08083;FGSG_13952,2,uncharacterized protein,,2.087436066168485,5,0.654656908865726,4.23936588600599e-06,0,0.4678068410462777
FGSG_06672,7,0.4510752577185169,2.947592266965996,FGSG_00743;FGSG_02272;FGSG_03061;FGSG_03894;FGSG_04589;FGSG_05610;FGSG_12180,1,uncharacterized protein,,2.085996485315734,5,-0.45211812503945,0.0050336302705047,0,0.4674044265593562
FGSG_13194,5,0.42145761852467883,2.085600172790974,FGSG_02326;FGSG_02327;FGSG_02328;FGSG_02329;FGSG_08083,2,uncharacterized protein,,2.085600172790974,5,0.405628629247893,0.0034964669278944,0,0.46720321931589537
FGSG_03767,9,0.4215728243482437,3.7389711898081175,FGSG_02326;FGSG_02327;FGSG_02328;FGSG_02329;FGSG_03532;FGSG_03543;FGSG_08078;FGSG_08083;FGSG_09064,2,uncharacterized protein,GO:0004615;GO:0005737;GO:0009298;GO:0016787,2.085550701903644,5,0.699075324125335,8.26782290499954e-06,0,0.46700201207243464
FGSG_02643,5,0.4248637286128624,2.084880703286455,FGSG_03546;FGSG_03548;FGSG_04458;FGSG_08601;FGSG_10347,1,uncharacterized protein,GO:0016021,2.084880703286455,5,-0.380266504746899,0.131582665267215,0,0.4668008048289738
FGSG_13825,6,0.4398370138177659,2.492680589952732,FGSG_00007;FGSG_02326;FGSG_02327;FGSG_03842;FGSG_08083;FGSG_13952,2,uncharacterized protein,GO:0005507;GO:0016021;GO:0016491;GO:0055114,2.0841361130930585,5,0.638185117798513,0.0902356298787515,0,0.46659959758551306
FGSG_07529,9,0.43863617628782686,3.7685648767496196,FGSG_02271;FGSG_02272;FGSG_02461;FGSG_03061;FGSG_03894;FGSG_05610;FGSG_07075;FGSG_09456;FGSG_09834,1,uncharacterized protein,GO:0016021;GO:0055085,2.0835484343337485,5,-0.328758238156361,0.378031376618486,0,0.4663983903420523
FGSG_00659,6,0.42421440541962924,2.484417399901399,FGSG_02326;FGSG_02327;FGSG_02328;FGSG_02329;FGSG_08078;FGSG_08083,2,uncharacterized protein,GO:0004571;GO:0005509;GO:0005783;GO:0016021;GO:0030433,2.082119948406572,5,0.555512012255559,5.88409547648292e-05,0,0.46599597585513075
FGSG_04654,6,0.41985228649024153,2.4842494402265407,FGSG_01866;FGSG_02326;FGSG_02327;FGSG_02328;FGSG_02329;FGSG_08083,2,uncharacterized protein,GO:0008061;GO:0016021,2.081744173823,5,0.514153000314206,0.0028244387451697,0,0.46579476861167
FGSG_09540,3,0.40486095398093114,1.2087882616530305,FGSG_03548;FGSG_09456;FGSG_09834,1,uncharacterized protein,,0.8068707560303461,2,-1.06693661868314,8.800092293904579e-11,1,0.46566063044936284
FGSG_09784,6,0.4352842644018151,2.4837039790528364,FGSG_01866;FGSG_02326;FGSG_02327;FGSG_02328;FGSG_02329;FGSG_08083,2,serine/threonine-protein kinase RIO2,GO:0000462;GO:0004674;GO:0005487;GO:0005524;GO:0005634;GO:0005829;GO:0006468;GO:0006913;GO:0046830,2.08102674209173,5,0.160982698834454,0.266222199115295,0,0.4655935613682093
FGSG_06294,5,0.42926266673875163,2.0803637735090605,FGSG_02326;FGSG_02327;FGSG_02328;FGSG_02329;FGSG_08083,2,uncharacterized protein,GO:0005634;GO:0005829;GO:0005844;GO:0006457;GO:0007021;GO:0015631;GO:0016272,2.0803637735090605,5,0.171069970744641,0.175864332493334,0,0.46539235412474844
FGSG_05594,5,0.42725314712328655,2.079803090961014,FGSG_02326;FGSG_02327;FGSG_02328;FGSG_02329;FGSG_11326,2,uncharacterized protein,,2.079803090961014,5,0.917494946241076,4.2303528696550103e-35,0,0.4651911468812877
FGSG_00424,7,0.4211076721811724,2.885273025074534,FGSG_01866;FGSG_02326;FGSG_02327;FGSG_02328;FGSG_02329;FGSG_03532;FGSG_08083,2,uncharacterized protein,,2.0792214184851665,5,0.297779805940351,0.0007267170083896,0,0.464989939637827
FGSG_03810,5,0.4194214431612287,2.078684437021378,FGSG_02326;FGSG_02327;FGSG_02328;FGSG_02329;FGSG_08083,2,uncharacterized protein,,2.078684437021378,5,0.761871110400017,0.0666580386034475,0,0.46478873239436624
FGSG_06682,10,0.43506107953999845,4.147639809931828,FGSG_02272;FGSG_02461;FGSG_03061;FGSG_03548;FGSG_04458;FGSG_05610;FGSG_07075;FGSG_09012;FGSG_09456;FGSG_09834,1,uncharacterized protein,,2.0761341257197143,5,-0.530683722518177,0.0299635861620931,0,0.4645875251509054
FGSG_02517,1,0.4060097068947201,0.4060097068947201,FGSG_04589,1,uncharacterized protein,,0.4060097068947201,1,-1.70579982618177,1.82911440709033e-05,1,0.4643192488262911
FGSG_07776,5,0.41920446621964363,2.0725636492596804,FGSG_02326;FGSG_02327;FGSG_02328;FGSG_02329;FGSG_08083,2,uncharacterized protein,GO:0016021;GO:0055085,2.0725636492596804,5,0.410458874941167,0.0050530727035125,0,0.46418511066398394
FGSG_12076,5,0.4182333468695986,2.071346213784252,FGSG_02326;FGSG_02327;FGSG_02328;FGSG_02329;FGSG_08083,2,uncharacterized protein,GO:0016021,2.071346213784252,5,0.305326914959557,0.280898032607087,0,0.4639839034205232
FGSG_10367,5,0.429032429064519,2.0704299209324972,FGSG_02326;FGSG_02327;FGSG_02328;FGSG_02329;FGSG_08083,2,uncharacterized protein,GO:0005634;GO:0005829,2.0704299209324972,5,0.147234153234605,0.151485678452395,0,0.46378269617706236
FGSG_10848,5,0.4226044882022379,2.0663471516794827,FGSG_02324;FGSG_02325;FGSG_02326;FGSG_02327;FGSG_02328,2,uncharacterized protein,GO:0016021;GO:0016491;GO:0055114,2.0663471516794827,5,0.481655063163338,4.90016845574421e-07,0,0.4635814889336016
FGSG_04256,5,0.42434450374037835,2.066247858470301,FGSG_03894;FGSG_04458;FGSG_04589;FGSG_08601;FGSG_10347,1,uncharacterized protein,GO:0005634;GO:0005737;GO:0009058;GO:0030170;GO:0047536,2.066247858470301,5,-0.802771014680707,1.82794521555067e-06,0,0.4633802816901408
FGSG_07134,6,0.4279966289150627,2.475057263303123,FGSG_00743;FGSG_03894;FGSG_04589;FGSG_08601;FGSG_10922;FGSG_12180,1,uncharacterized protein,GO:0016021;GO:0055085,2.0655053694248178,5,-0.904983208598092,2.44322732147213e-08,0,0.46317907444668016
FGSG_03241,5,0.41637393989939037,2.064671548822763,FGSG_02326;FGSG_02327;FGSG_02328;FGSG_02329;FGSG_08083,2,uncharacterized protein,,2.064671548822763,5,0.428335695801723,0.178927259347264,0,0.4629778672032193
FGSG_05930,8,0.440284869909066,3.3288926059898536,FGSG_02271;FGSG_02272;FGSG_02461;FGSG_03061;FGSG_03548;FGSG_07075;FGSG_09456;FGSG_09834,1,uncharacterized protein,GO:0003700;GO:0005634;GO:0006355;GO:0008017;GO:0043565,2.0644910491827604,5,-0.377400710661918,0.0010914692085015,0,0.4627766599597586
FGSG_08292,5,0.4222258604167212,2.064340276153137,FGSG_02324;FGSG_02325;FGSG_02326;FGSG_02327;FGSG_02328,2,uncharacterized protein,GO:0016021,2.064340276153137,5,0.519844668537197,0.0005348847658134,0,0.46257545271629774
FGSG_05461,10,0.4235838940096008,4.0903523027159725,FGSG_01866;FGSG_02326;FGSG_02327;FGSG_02328;FGSG_02329;FGSG_03532;FGSG_08077;FGSG_08079;FGSG_08083;FGSG_08084,2,uncharacterized protein,,2.059180598574347,5,0.341234719685561,0.0781341335865853,0,0.4621730382293763
FGSG_13091,5,0.4243136045946186,2.059115185482745,FGSG_02324;FGSG_02327;FGSG_03842;FGSG_08083;FGSG_13952,2,uncharacterized protein,GO:0016021,2.059115185482745,5,0.558252858209737,0.001280520698223,0,0.46197183098591554
FGSG_08974,5,0.42007010023554603,2.056746720611999,FGSG_02326;FGSG_02327;FGSG_02328;FGSG_02329;FGSG_08083,2,uncharacterized protein,,2.056746720611999,5,0.294530019526376,0.304316346313557,0,0.4617706237424547
FGSG_11383,5,0.4167814601917509,2.0560940220404778,FGSG_02326;FGSG_02327;FGSG_02328;FGSG_02329;FGSG_08083,2,uncharacterized protein,,2.0560940220404778,5,0.60373036900545,0.0090038196170006,0,0.46156941649899397
FGSG_09111,9,0.41581381317896604,3.703186129775451,FGSG_02326;FGSG_02327;FGSG_02328;FGSG_02329;FGSG_03532;FGSG_03543;FGSG_08078;FGSG_08083;FGSG_09064,2,uncharacterized protein,GO:0000981;GO:0003677;GO:0005634;GO:0006351;GO:0006357;GO:0008270,2.055002758483816,5,0.534487724601949,0.0004633488184764,0,0.46096579476861166
FGSG_06612,6,0.41642795083329237,2.4555430364565365,FGSG_01866;FGSG_02326;FGSG_02327;FGSG_02328;FGSG_02329;FGSG_08083,2,uncharacterized protein,GO:0033609;GO:0045735,2.0537056687841604,5,0.278176414177248,0.0222600445708233,0,0.4607645875251509
FGSG_02862,6,0.41647863215310243,2.4538302806688272,FGSG_01866;FGSG_02326;FGSG_02327;FGSG_02328;FGSG_02329;FGSG_08083,2,uncharacterized protein,GO:0005975;GO:0016021;GO:0016758,2.0526813577726326,5,0.230105262602164,0.217960125793677,0,0.4605633802816902
FGSG_00299,5,0.4228107597546454,2.0500533760802293,FGSG_02324;FGSG_02325;FGSG_02327;FGSG_03842;FGSG_13952,2,uncharacterized protein,GO:0004573;GO:0009311,2.0500533760802293,5,0.495453056205638,1.24743937016939e-11,0,0.46036217303822935
FGSG_05974,5,0.4276707541365594,2.0499043938996016,FGSG_00330;FGSG_03546;FGSG_03548;FGSG_04458;FGSG_08601,1,uncharacterized protein,GO:0005509;GO:0006874;GO:0006884;GO:0015275;GO:0016021;GO:0070588;GO:0097038,2.0499043938996016,5,-0.717289126270883,2.44204651307097e-07,0,0.4601609657947686
FGSG_09519,5,0.4165076571627652,2.048381357331286,FGSG_02326;FGSG_02327;FGSG_02328;FGSG_02329;FGSG_11326,2,uncharacterized protein,GO:0005634,2.048381357331286,5,0.616437382074475,0.0037150615178746,0,0.4595573440643863
FGSG_00750,5,0.41492006908315915,2.0442776910381575,FGSG_02326;FGSG_02327;FGSG_02328;FGSG_02329;FGSG_08083,2,uncharacterized protein,GO:0003677;GO:0005634;GO:0005829;GO:0046983,2.0442776910381575,5,0.285557355895235,0.0900423229657231,0,0.4593561368209256
FGSG_12769,5,0.41261888535065094,2.0430130617693747,FGSG_02326;FGSG_02327;FGSG_02328;FGSG_02329;FGSG_11326,2,uncharacterized protein,GO:0016021;GO:0055085,2.0430130617693747,5,0.412687098942229,0.110864832688531,0,0.45915492957746473
FGSG_01235,5,0.41713287546201294,2.0421516682438563,FGSG_02326;FGSG_02327;FGSG_02328;FGSG_02329;FGSG_08083,2,"oligo-1,6-glucosidase",GO:0005975;GO:0016787,2.0421516682438563,5,0.354823422658471,0.0082144341416992,0,0.458953722334004
FGSG_03362,5,0.41484295200406707,2.04162958431962,FGSG_02326;FGSG_02327;FGSG_02328;FGSG_02329;FGSG_08083,2,uncharacterized protein,,2.04162958431962,5,0.314450689479451,0.38184325900427,0,0.45875251509054327
FGSG_11998,5,0.4163201397208467,2.0412086861542784,FGSG_02326;FGSG_02327;FGSG_02328;FGSG_02329;FGSG_08083,2,uncharacterized protein,,2.0412086861542784,5,0.310880138892552,0.330480187416732,0,0.45855130784708253
FGSG_00488,5,0.4141607203187398,2.0386140215028035,FGSG_02326;FGSG_02327;FGSG_02328;FGSG_02329;FGSG_08083,2,uncharacterized protein,,2.0386140215028035,5,0.683744636386567,0.0523952978515968,0,0.45814889336016096
FGSG_02907,5,0.4138499523758846,2.034950714507617,FGSG_03546;FGSG_03548;FGSG_04458;FGSG_08601;FGSG_10347,1,uncharacterized protein,GO:0016021,2.034950714507617,5,-0.552819726522786,0.126272413361153,0,0.4579476861167002
FGSG_09715,5,0.40836748368100173,2.033647938919656,FGSG_02326;FGSG_02327;FGSG_02328;FGSG_02329;FGSG_08083,2,DNA-binding protein creA,GO:0003677;GO:0005634;GO:0006351;GO:0006355;GO:0046872,2.033647938919656,5,0.137521534340154,0.07811916576744,0,0.4577464788732395
FGSG_07640,5,0.4147936758258887,2.0331630143282684,FGSG_02326;FGSG_02327;FGSG_02328;FGSG_02329;FGSG_08083,2,uncharacterized protein,GO:0016491;GO:0055114,2.0331630143282684,5,0.398053387012163,0.0706683553100931,0,0.45754527162977865
FGSG_10265,5,0.4151245241556022,2.0324923273850204,FGSG_02324;FGSG_02325;FGSG_02327;FGSG_03842;FGSG_13952,2,uncharacterized protein,GO:0016021,2.0324923273850204,5,0.522681119112722,1.02116070956344e-08,0,0.4573440643863179
FGSG_08628,6,0.4115368732485225,2.436568216484928,FGSG_00743;FGSG_03894;FGSG_04458;FGSG_04589;FGSG_08601;FGSG_10347,1,uncharacterized protein,GO:0003824;GO:0005739;GO:0005783;GO:0050662,2.0320081176850753,5,-0.350612088091335,0.0063519872670865,0,0.4571428571428572
FGSG_10918,5,0.4085616545551827,2.0280549112371915,FGSG_02326;FGSG_02327;FGSG_02328;FGSG_02329;FGSG_08083,2,uncharacterized protein,GO:0016021;GO:0016757,2.0280549112371915,5,0.173725787292642,0.240710080200896,0,0.4567404426559356
FGSG_05828,5,0.40790178312561737,2.0274900177279407,FGSG_02324;FGSG_02326;FGSG_02327;FGSG_02328;FGSG_02329,2,uncharacterized protein,,2.0274900177279407,5,0.343949059051605,0.0662002304298194,0,0.4565392354124749
FGSG_03117,5,0.40774579485423945,2.023247373882029,FGSG_02326;FGSG_02327;FGSG_02328;FGSG_02329;FGSG_11326,2,uncharacterized protein,GO:0005488,2.023247373882029,5,0.919126961629779,0.0118109141229986,0,0.45633802816901414
FGSG_06263,12,0.49041437269266286,5.323656885635917,FGSG_00743;FGSG_01422;FGSG_02272;FGSG_02461;FGSG_03061;FGSG_03894;FGSG_04590;FGSG_05610;FGSG_08712;FGSG_08774;FGSG_09012;FGSG_13136,1,uncharacterized protein,,1.8376834615857773,4,-0.384157616247893,0.0522804884315542,0,0.4561368209255533
FGSG_10658,1,0.4082119162579076,0.4082119162579076,FGSG_08601,1,uncharacterized protein,,0.4082119162579076,1,-1.39071428836112,1.23249308419501e-05,1,0.45606975184439974
FGSG_09250,15,0.48423212607889843,6.549045887130104,FGSG_00743;FGSG_00765;FGSG_02030;FGSG_02271;FGSG_02272;FGSG_02461;FGSG_03061;FGSG_03894;FGSG_04309;FGSG_04588;FGSG_05368;FGSG_05610;FGSG_08774;FGSG_09012;FGSG_13136,1,NADH dehydrogenase flavoprotein 1,GO:0008137;GO:0010181;GO:0051287;GO:0051539;GO:0055114,1.8335092859377506,4,-0.289645004599412,0.0009393725107918,0,0.45593561368209257
FGSG_06811,13,0.49143179677280313,5.742069228756394,FGSG_00743;FGSG_01422;FGSG_02030;FGSG_02271;FGSG_02272;FGSG_02461;FGSG_03061;FGSG_03894;FGSG_04588;FGSG_05610;FGSG_08774;FGSG_09012;FGSG_13136,1,uncharacterized protein,GO:0001104;GO:0006357;GO:0016592,1.8333648793346666,4,-0.260406881197524,0.0070848960540056,0,0.4557344064386317
FGSG_06943,12,0.480896142838721,5.257143676522675,FGSG_00743;FGSG_01422;FGSG_02271;FGSG_02272;FGSG_02461;FGSG_03061;FGSG_03894;FGSG_05610;FGSG_08712;FGSG_08774;FGSG_09012;FGSG_13136,1,uncharacterized protein,GO:0000407;GO:0005634;GO:0005829;GO:0016236,1.8257473469647398,4,-0.181047566999371,0.166116754226262,0,0.45533199195171026
FGSG_03213,1,0.4115580752890457,0.4115580752890457,FGSG_08601,1,uncharacterized protein,GO:0005506;GO:0005634;GO:0005829;GO:0006995;GO:0031929;GO:0051213;GO:0055114;GO:1902828;GO:1902835,0.4115580752890457,1,-1.28468639835863,0.0465865603440381,1,0.45526492287055664
FGSG_13024,15,0.48249458825856023,6.546037174229409,FGSG_00743;FGSG_00765;FGSG_02030;FGSG_02271;FGSG_02272;FGSG_02461;FGSG_03061;FGSG_03894;FGSG_04309;FGSG_05368;FGSG_05610;FGSG_08774;FGSG_09012;FGSG_11206;FGSG_13136,1,uncharacterized protein,,1.8253798606528526,4,-0.204172842443432,0.0037856126906067,0,0.4551307847082495
FGSG_09265,14,0.4889054361473304,6.132959788719857,FGSG_00743;FGSG_00765;FGSG_02030;FGSG_02271;FGSG_02272;FGSG_02461;FGSG_03061;FGSG_03894;FGSG_05368;FGSG_05610;FGSG_08774;FGSG_09012;FGSG_11206;FGSG_13136,1,uncharacterized protein,GO:0016614;GO:0050660;GO:0055114,1.813814535528005,4,-0.384884498629782,0.0001402173707979,0,0.4549295774647887
FGSG_13744,14,0.4808124568838099,6.08752438001341,FGSG_00743;FGSG_01422;FGSG_02271;FGSG_02272;FGSG_02461;FGSG_02782;FGSG_03061;FGSG_03894;FGSG_04588;FGSG_05610;FGSG_07075;FGSG_08774;FGSG_09012;FGSG_09456,1,uncharacterized protein,GO:0046872,1.8088095789404703,4,-0.678767766150321,0.0002205143292645,0,0.45472837022132795
FGSG_02011,11,0.4732641445294091,4.827697381850983,FGSG_00743;FGSG_01422;FGSG_02271;FGSG_02272;FGSG_02461;FGSG_03061;FGSG_03894;FGSG_05610;FGSG_08774;FGSG_09012;FGSG_13136,1,uncharacterized protein,GO:0005628;GO:0005768;GO:0005829;GO:0006886;GO:0032120;GO:0035091;GO:0042147;GO:0045053,1.8083584218454531,4,-0.125018118107871,0.179673046829296,0,0.4543259557344064
FGSG_07489,10,0.4755693199255501,4.430022955073964,FGSG_00743;FGSG_02271;FGSG_02272;FGSG_02461;FGSG_03061;FGSG_03894;FGSG_05610;FGSG_08774;FGSG_09012;FGSG_13136,1,uncharacterized protein,GO:0016021,1.8077390186338191,4,-0.873133327741539,0.0551226949987071,0,0.45412474849094564
FGSG_09512,10,0.49429591038621074,4.444797379316332,FGSG_00743;FGSG_01422;FGSG_02272;FGSG_02461;FGSG_03061;FGSG_03894;FGSG_05610;FGSG_08774;FGSG_09012;FGSG_12180,1,branched-chain-amino-acid aminotransferase,GO:0009082;GO:0052654;GO:0052655;GO:0052656,1.8060359829653376,4,-0.491155179247469,0.0003107564505276,0,0.4537223340040242
FGSG_05664,10,0.46963851246956867,4.397594215567652,FGSG_00743;FGSG_02271;FGSG_02272;FGSG_02461;FGSG_03061;FGSG_03894;FGSG_05610;FGSG_08774;FGSG_09012;FGSG_13136,1,uncharacterized protein,,1.8043942990800532,4,-0.222253211548391,0.0528631863030321,0,0.45352112676056333
FGSG_06177,11,0.47167886285497607,4.798785271497384,FGSG_00743;FGSG_01422;FGSG_02271;FGSG_02272;FGSG_02461;FGSG_03061;FGSG_03894;FGSG_05610;FGSG_08774;FGSG_09012;FGSG_09456,1,uncharacterized protein,GO:0008565;GO:0030176;GO:0031204,1.8012845318538055,4,-0.210824586186428,0.0351510909528559,0,0.4533199195171026
FGSG_05408,12,0.4722635725404778,5.2582909838396885,FGSG_00743;FGSG_00765;FGSG_02271;FGSG_02272;FGSG_02461;FGSG_03061;FGSG_03894;FGSG_04309;FGSG_05610;FGSG_08774;FGSG_09012;FGSG_13136,1,uncharacterized protein,GO:0000166,1.8010307592688406,4,-0.401551961809223,0.0006851438973927,0,0.45311871227364187
FGSG_05630,9,0.4694569072572,3.9470751865086253,FGSG_02271;FGSG_02272;FGSG_02461;FGSG_03061;FGSG_03894;FGSG_05610;FGSG_07075;FGSG_09012;FGSG_13136,1,uncharacterized protein,GO:0000079;GO:0005634;GO:0005829;GO:0019901;GO:0032153;GO:0044732,1.7978398437514853,4,-0.213002137606263,0.0062377157972445,0,0.45291750503018113
FGSG_03502,10,0.4842660750385328,4.448417125158052,FGSG_00743;FGSG_01422;FGSG_02272;FGSG_02461;FGSG_03061;FGSG_03894;FGSG_04458;FGSG_05610;FGSG_08774;FGSG_09012,1,uncharacterized protein,GO:0005198;GO:0016021,1.7966625106394574,4,-0.369888453045594,0.0046073610483141,0,0.4527162977867203
FGSG_05567,14,0.4767530453191647,6.089437655125076,FGSG_00743;FGSG_00765;FGSG_01621;FGSG_02271;FGSG_02272;FGSG_02461;FGSG_03061;FGSG_03894;FGSG_04309;FGSG_05610;FGSG_08774;FGSG_09012;FGSG_11206;FGSG_13136,1,uncharacterized protein,GO:0000103;GO:0000776;GO:0000978;GO:0001076;GO:0001077;GO:0001078;GO:0001102;GO:0001103;GO:0005634;GO:0005739;GO:0006021;GO:0006338;GO:0006366;GO:0007059;GO:0009086;GO:0019237;GO:0046983;GO:0061427;GO:0061432;GO:0089713;GO:1900375;GO:1900478,1.79525489149465,4,-0.486032542886777,1.11729937186874e-07,0,0.45251509054325956
FGSG_05216,16,0.4812062805427726,6.981313350543735,FGSG_00743;FGSG_00765;FGSG_01621;FGSG_02030;FGSG_02271;FGSG_02272;FGSG_02461;FGSG_03061;FGSG_03894;FGSG_04309;FGSG_04588;FGSG_05368;FGSG_05610;FGSG_08774;FGSG_09012;FGSG_13136,1,cytokinesis protein sepA,GO:0003779;GO:0017048;GO:0030036,1.7921299052658433,4,-0.249201930589358,0.0064398196951636,0,0.4523138832997988
FGSG_08603,8,0.4664132783218504,3.5397889754597087,FGSG_02271;FGSG_02272;FGSG_02461;FGSG_03061;FGSG_03894;FGSG_05610;FGSG_09012;FGSG_13136,1,eukaryotic peptide chain release factor GTP-binding subunit,GO:0000288;GO:0002184;GO:0003747;GO:0003924;GO:0005525;GO:0005829;GO:0010494;GO:0018444,1.7914014121547623,4,-0.155467749615715,0.0302454042310509,0,0.45191146881287725
FGSG_02501,9,0.4926805603396961,4.0303959109390695,FGSG_00743;FGSG_02272;FGSG_02461;FGSG_03061;FGSG_03894;FGSG_05610;FGSG_08774;FGSG_09012;FGSG_12180,1,transcriptional repressor rco-1,GO:0000433;GO:0001191;GO:0001198;GO:0007070;GO:0016584;GO:0017053;GO:0035955;GO:0036033;GO:0042393;GO:0042826;GO:0043130;GO:0043486;GO:0061392;GO:0061418;GO:0080025;GO:2000531;GO:2001020,1.7895883610579837,4,-0.28306396789459,0.0044267297091136,0,0.4515090543259558
FGSG_06751,11,0.46569839646566974,4.7594349992549185,FGSG_00743;FGSG_02271;FGSG_02272;FGSG_02461;FGSG_03061;FGSG_03894;FGSG_04309;FGSG_05610;FGSG_08456;FGSG_09012;FGSG_13136,1,4-aminobutyrate aminotransferase,GO:0003867;GO:0009448;GO:0030170,1.788467181927138,4,-0.977104156971553,9.67897153373152e-28,0,0.45130784708249494
FGSG_01375,9,0.48921950160574507,3.988052424401012,FGSG_00743;FGSG_02272;FGSG_02461;FGSG_03061;FGSG_03894;FGSG_05610;FGSG_08774;FGSG_09012;FGSG_12180,1,uncharacterized protein,GO:0005215;GO:0005743;GO:0006783;GO:0006810;GO:0016021;GO:0017119,1.7878188166291382,4,-0.398498487902261,0.0086043736410822,0,0.4511066398390342
FGSG_06868,8,0.46438316945225866,3.5322755399556653,FGSG_00743;FGSG_02271;FGSG_02272;FGSG_02461;FGSG_03061;FGSG_03894;FGSG_05610;FGSG_13136,1,uncharacterized protein,GO:0005524;GO:0016021,1.7862654860821674,4,-0.460487799460102,0.0007248255949398,0,0.4509054325955735
FGSG_07033,10,0.47743466368642884,4.3446240447125515,FGSG_00743;FGSG_02272;FGSG_02461;FGSG_03061;FGSG_03894;FGSG_05610;FGSG_08712;FGSG_08774;FGSG_09012;FGSG_12180,1,uncharacterized protein,GO:0000281;GO:0001300;GO:0005634;GO:0005829;GO:0030479;GO:0030674;GO:0032153;GO:0051015;GO:0051286;GO:0051764,1.7819126356320147,4,-0.264717996558753,0.0330172582377502,0,0.45070422535211263
FGSG_06945,12,0.48914284126952495,5.226020400996065,FGSG_00743;FGSG_00765;FGSG_02272;FGSG_02461;FGSG_03061;FGSG_03894;FGSG_05368;FGSG_05610;FGSG_08774;FGSG_09012;FGSG_10922;FGSG_13136,1,uncharacterized protein,GO:0000147;GO:0005509;GO:0005634;GO:0006897;GO:0007120;GO:0007121;GO:0030479,1.7793337099730329,4,-0.266731252157762,0.0024021604058167,0,0.4505030181086519
FGSG_06493,9,0.46112785996660466,3.9017880854224227,FGSG_02271;FGSG_02272;FGSG_02461;FGSG_03061;FGSG_03894;FGSG_05610;FGSG_07075;FGSG_09012;FGSG_13136,1,uncharacterized protein,,1.7675497100141355,4,-0.436069617954828,1.58030066603219e-06,0,0.45030181086519117
FGSG_08727,7,0.45852190981199,3.097078428885871,FGSG_02271;FGSG_02272;FGSG_02461;FGSG_03061;FGSG_03894;FGSG_05610;FGSG_13136,1,uncharacterized protein,,1.7640602061583261,4,-0.337203268989908,0.0009061554646567,0,0.4498993963782696
FGSG_10809,9,0.4866390463758077,3.942269293025283,FGSG_00743;FGSG_02272;FGSG_02461;FGSG_03061;FGSG_03894;FGSG_05610;FGSG_08774;FGSG_09012;FGSG_12180,1,uncharacterized protein,GO:0016021;GO:0055085,1.7596763448053647,4,-0.787668052619169,0.0175107381093894,0,0.44969818913480886
FGSG_06638,12,0.4841216370514138,5.156723319764267,FGSG_00743;FGSG_00765;FGSG_02272;FGSG_02461;FGSG_03061;FGSG_03894;FGSG_05368;FGSG_05610;FGSG_08493;FGSG_08774;FGSG_09012;FGSG_10922,1,uncharacterized protein,,1.7526594319977378,4,-0.647384760972521,0.000169818433707,0,0.4492957746478873
FGSG_07014,12,0.48400432638284013,5.172332380400384,FGSG_00743;FGSG_00765;FGSG_02272;FGSG_02461;FGSG_03061;FGSG_03894;FGSG_05368;FGSG_05610;FGSG_08493;FGSG_08774;FGSG_09012;FGSG_10922,1,uncharacterized protein,,1.752446970034313,4,-0.272323320213967,0.0031013795429456,0,0.44909456740442655
FGSG_12745,14,0.47833588065192983,6.013629807316803,FGSG_00743;FGSG_00765;FGSG_01621;FGSG_02272;FGSG_02461;FGSG_03061;FGSG_03894;FGSG_05368;FGSG_05610;FGSG_08493;FGSG_08774;FGSG_09012;FGSG_10922;FGSG_13136,1,heat shock protein HSP98,GO:0001319;GO:0005524;GO:0005635;GO:0019538;GO:0034975;GO:0042623;GO:0043335;GO:0043531;GO:0051082;GO:0051087;GO:0051787;GO:0070370;GO:0070389;GO:0070414;GO:0071218;GO:0072380,1.7466634060583217,4,-0.601868392849462,4.87402425866347e-06,0,0.4488933601609658
FGSG_10375,6,0.45416105456422884,2.6389563103616953,FGSG_02271;FGSG_02272;FGSG_02461;FGSG_03061;FGSG_03894;FGSG_05610,1,uncharacterized protein,GO:0016021,1.744456578940168,4,-0.241107078115446,0.140861733390028,0,0.4486921529175051
FGSG_10373,8,0.4613271960933805,3.485965154749257,FGSG_02271;FGSG_02272;FGSG_02461;FGSG_03061;FGSG_03894;FGSG_05610;FGSG_08774;FGSG_09012,1,uncharacterized protein,GO:0005789;GO:0016021,1.7439599658128924,4,-0.202309309462999,0.0330968321323405,0,0.44849094567404424
FGSG_12373,7,0.4537679983736544,3.0542573738141856,FGSG_02271;FGSG_02272;FGSG_02461;FGSG_03061;FGSG_03894;FGSG_05610;FGSG_13136,1,uncharacterized protein,GO:0016491;GO:0055114,1.743565563653606,4,-0.13681407267139,0.318989876191779,0,0.4482897384305835
FGSG_08383,8,0.45634719491896397,3.4516087500945685,FGSG_02271;FGSG_02272;FGSG_02461;FGSG_03061;FGSG_03894;FGSG_05610;FGSG_09012;FGSG_09456,1,uncharacterized protein,GO:0005634,1.7426086919293857,4,-0.155745913529455,0.265800558289528,0,0.4480885311871228
FGSG_04092,1,0.41323240653585364,0.41323240653585364,FGSG_10922,1,cytochrome P450 51,GO:0004497;GO:0005506;GO:0008168;GO:0016021;GO:0016705;GO:0020037;GO:0032259;GO:0055114,0.41323240653585364,1,-1.1961567943497,2.36007462845336e-08,1,0.44802146210596916
FGSG_01468,8,0.4557656427108049,3.4693059278182847,FGSG_00743;FGSG_02271;FGSG_02272;FGSG_02461;FGSG_03061;FGSG_03894;FGSG_05610;FGSG_13136,1,uncharacterized protein,,1.7420527706123035,4,-0.161457665939116,0.621781518784512,0,0.44788732394366193
FGSG_03108,8,0.45075325648519665,3.414055494477267,FGSG_00007;FGSG_01866;FGSG_02327;FGSG_03539;FGSG_03842;FGSG_03881;FGSG_08083;FGSG_13952,2,uncharacterized protein,GO:0003676,1.7414804295181012,4,0.649895948364497,4.0507120042346e-12,0,0.4476861167002012
FGSG_01560,9,0.4814186870962906,3.8801206338138314,FGSG_00743;FGSG_00765;FGSG_02272;FGSG_02461;FGSG_03061;FGSG_03894;FGSG_05610;FGSG_08774;FGSG_10922,1,uncharacterized protein,GO:0005634;GO:0005739;GO:0005829;GO:0016212;GO:0030170;GO:0034276;GO:0047536;GO:0097052,1.7389332925736545,4,-0.159920636268201,0.116689667028745,0,0.44748490945674047
FGSG_04089,8,0.45412401872414054,3.4367460359762463,FGSG_00743;FGSG_02271;FGSG_02272;FGSG_02461;FGSG_03061;FGSG_03894;FGSG_05610;FGSG_08712,1,uncharacterized protein,GO:0016021,1.7357305176551208,4,-0.374931488201407,0.283873020038535,0,0.44728370221327973
FGSG_04824,7,0.4578370040080676,2.9802136841869027,FGSG_00743;FGSG_03894;FGSG_04589;FGSG_05610;FGSG_08774;FGSG_10922;FGSG_12180,1,uncharacterized protein,,1.734499356458763,4,-0.786262288823212,1.59307215475357e-26,0,0.4470824949698189
FGSG_09568,7,0.4512309024886326,3.0391632648682356,FGSG_02271;FGSG_02272;FGSG_02461;FGSG_03061;FGSG_03894;FGSG_05610;FGSG_13136,1,uncharacterized protein,GO:0016021;GO:0055085,1.7310464086389639,4,-0.115039634126176,0.561539523164841,0,0.44688128772635816
FGSG_04655,4,0.43753332468257106,1.7302789311268354,FGSG_02326;FGSG_02327;FGSG_02328;FGSG_02329,2,uncharacterized protein,GO:0006355,1.7302789311268354,4,0.882305274265405,1.25252335720713e-06,0,0.4466800804828974
FGSG_07197,9,0.4577847522907243,3.8568679510400443,FGSG_02271;FGSG_02272;FGSG_02461;FGSG_03061;FGSG_03894;FGSG_05610;FGSG_07075;FGSG_09012;FGSG_09456,1,nitrogen metabolic regulation protein,,1.7299209139354341,4,-0.2944667086992,0.0061391128240845,0,0.4464788732394366
FGSG_01702,7,0.4504560705468735,3.02166417576327,FGSG_02271;FGSG_02272;FGSG_02461;FGSG_03061;FGSG_03894;FGSG_05610;FGSG_13136,1,uncharacterized protein,,1.7277796248389228,4,-0.156979092892341,0.131329812867385,0,0.4460764587525151
FGSG_09313,8,0.4556241583216645,3.4680420995848924,FGSG_02271;FGSG_02272;FGSG_02461;FGSG_03061;FGSG_03894;FGSG_05610;FGSG_09012;FGSG_09456,1,uncharacterized protein,GO:0004842;GO:0005524;GO:0005737;GO:0042787;GO:0043161;GO:0045721,1.7248962153669223,4,-0.489051080493956,0.0005821759365779,0,0.44587525150905427
FGSG_02753,8,0.4423985738143023,3.3788396864844286,FGSG_00007;FGSG_01866;FGSG_03539;FGSG_03842;FGSG_08081;FGSG_08082;FGSG_08083;FGSG_13952,2,uncharacterized protein,GO:0016491;GO:0055114,1.7225356129177283,4,0.643356143300595,1.84731896242819e-08,0,0.44567404426559354
FGSG_08103,6,0.435970779506932,2.528661782846243,FGSG_02320;FGSG_02326;FGSG_02327;FGSG_02328;FGSG_02329;FGSG_08078,2,uncharacterized protein,,1.7211116635485233,4,0.966381294418069,1.45478797765431e-06,0,0.4454728370221328
FGSG_01392,7,0.45762624158079646,2.9618907424620193,FGSG_00743;FGSG_03894;FGSG_04589;FGSG_05610;FGSG_08774;FGSG_10922;FGSG_12180,1,homoisocitrate dehydrogenase,GO:0000287;GO:0005739;GO:0009085;GO:0047046;GO:0051287;GO:0055114,1.7200638383689508,4,-0.746042026719593,1.53102773432947e-11,0,0.4452716297786721
FGSG_11462,4,0.43744494104436327,1.7193985027979142,FGSG_02326;FGSG_02327;FGSG_02328;FGSG_02329,2,uncharacterized protein,GO:0000981;GO:0003677;GO:0003824;GO:0005634;GO:0006351;GO:0006357;GO:0008270,1.7193985027979142,4,0.598537097193879,0.0090006199279447,0,0.44507042253521123
FGSG_07272,10,0.4583361587667715,4.174693756928593,FGSG_00743;FGSG_00765;FGSG_02972;FGSG_03747;FGSG_03894;FGSG_05610;FGSG_08493;FGSG_08774;FGSG_10444;FGSG_10922,1,uncharacterized protein,,1.718320571324085,4,-0.322132691011977,0.0024305683158082,0,0.4448692152917505
FGSG_04575,9,0.44772326257478057,3.8110090525090494,FGSG_00007;FGSG_01866;FGSG_03539;FGSG_03842;FGSG_03881;FGSG_08081;FGSG_08082;FGSG_08083;FGSG_13952,2,uncharacterized protein,,1.7135659738329703,4,0.544926013394155,1.4768572434223e-10,0,0.44446680080482903
FGSG_03260,9,0.4430725822555736,3.7964557123272376,FGSG_00007;FGSG_01866;FGSG_03539;FGSG_03842;FGSG_03881;FGSG_08081;FGSG_08082;FGSG_08083;FGSG_13952,2,uncharacterized protein,GO:0004497;GO:0005506;GO:0008168;GO:0016705;GO:0020037;GO:0032259;GO:0055114,1.7123935980635676,4,0.547072451892981,1.82911440709033e-05,0,0.4442655935613682
FGSG_03960,4,0.4351171547619526,1.7109273613309446,FGSG_02326;FGSG_02327;FGSG_02328;FGSG_02329,2,uncharacterized protein,GO:0005199;GO:0009277,1.7109273613309446,4,0.73352455320233,0.0437542535558245,0,0.44406438631790746
FGSG_02138,7,0.44781109887053416,2.96775820645929,FGSG_00743;FGSG_02272;FGSG_03061;FGSG_03894;FGSG_04458;FGSG_05610;FGSG_08712,1,uncharacterized protein,GO:0004497;GO:0005506;GO:0016705;GO:0020037;GO:0055114,1.708678288518131,4,-0.528957460650031,0.189304006922786,0,0.4438631790744467
FGSG_12864,2,0.424467088683876,0.8443548530368952,FGSG_00743;FGSG_03894,1,uncharacterized protein,GO:0003676;GO:0046872,0.424467088683876,1,-1.02361249290637,0.0058551281609762,1,0.4438631790744467
FGSG_04659,6,0.44178999779426603,2.5571748942518338,FGSG_00007;FGSG_02327;FGSG_03539;FGSG_03842;FGSG_08083;FGSG_13952,2,uncharacterized protein,GO:0016021;GO:0055085,1.707790890588432,4,0.562613851249352,5.13221671597157e-05,0,0.4436619718309859
FGSG_11941,1,0.405254469061859,0.405254469061859,FGSG_04589,1,uncharacterized protein,GO:0005524;GO:0005634;GO:0006298;GO:0007131;GO:0030983,0.405254469061859,1,-1.34230985469133,1.1095951128961702e-09,1,0.4434607645875252
FGSG_08816,4,0.4341095291567501,1.7073288018405504,FGSG_02326;FGSG_02327;FGSG_02328;FGSG_02329,2,uncharacterized protein,GO:0016491;GO:0055114,1.7073288018405504,4,0.2129655334403,0.124201327091089,0,0.44346076458752515
FGSG_06197,7,0.45492417815282216,2.945759287718352,FGSG_00743;FGSG_03894;FGSG_04589;FGSG_05610;FGSG_08774;FGSG_10922;FGSG_12180,1,uncharacterized protein,GO:0008483,1.7073273296040343,4,-0.43461009240099,7.16613310158798e-06,0,0.4432595573440644
FGSG_00639,4,0.4320143285103385,1.7066279149931072,FGSG_02326;FGSG_02327;FGSG_02328;FGSG_02329,2,tubulin alpha chain,GO:0003924;GO:0005200;GO:0005525;GO:0005737;GO:0005874;GO:0007017,1.7066279149931072,4,0.112194505341967,0.116407676802443,0,0.44305835010060357
FGSG_07842,5,0.44288167733649236,2.1329510017558726,FGSG_00743;FGSG_03894;FGSG_04589;FGSG_10922;FGSG_12180,1,uncharacterized protein,GO:0010181;GO:0016491;GO:0055114,1.7060167925523957,4,-0.89067748839751,5.60724209467858e-10,0,0.44285714285714284
FGSG_01543,6,0.44522409628856374,2.585583557231489,FGSG_02271;FGSG_02272;FGSG_02461;FGSG_03061;FGSG_03894;FGSG_05610,1,uncharacterized protein,GO:0016021,1.7053423704578963,4,-0.148272690733368,0.41763197159319,0,0.4426559356136821
FGSG_09851,9,0.4744296081026376,3.8172289875285816,FGSG_00743;FGSG_00765;FGSG_02272;FGSG_02461;FGSG_03061;FGSG_03894;FGSG_05610;FGSG_08774;FGSG_10922,1,uncharacterized protein,GO:0005524;GO:0006891;GO:0017119,1.7048782076511848,4,-0.17467326559678,0.0959554412952364,0,0.44245472837022126
FGSG_02512,5,0.44531879610768926,2.126297690851361,FGSG_00743;FGSG_03894;FGSG_04589;FGSG_10922;FGSG_12180,1,uncharacterized protein,,1.704608760471774,4,-0.397478585681436,0.0001510307099033,0,0.44225352112676053
FGSG_03435,8,0.4369835514800468,3.3413681241028286,FGSG_00007;FGSG_01866;FGSG_03539;FGSG_03842;FGSG_08081;FGSG_08082;FGSG_08083;FGSG_13952,2,uncharacterized protein,,1.7020199960011193,4,0.48846320429632,0.0015528900125876,0,0.4420523138832998
FGSG_02761,8,0.4603377753634639,3.3526478858641116,FGSG_00743;FGSG_02972;FGSG_03747;FGSG_03894;FGSG_05610;FGSG_08774;FGSG_10922;FGSG_12180,1,uncharacterized protein,GO:0001405;GO:0030150;GO:0030674;GO:0051087,1.6997840861274125,4,-0.270342903322072,0.0111648205507244,0,0.4414486921529175
FGSG_06908,8,0.4414112171716313,3.406356165423617,FGSG_02272;FGSG_02461;FGSG_03061;FGSG_03894;FGSG_05610;FGSG_09012;FGSG_09456;FGSG_09834,1,uncharacterized protein,GO:0005634;GO:0005829;GO:0016021,1.699037743379244,4,-0.224906751588435,0.075226573565969,0,0.44124748490945676
FGSG_12001,7,0.44178019690157105,2.984132671088009,FGSG_02271;FGSG_02272;FGSG_02461;FGSG_03061;FGSG_03894;FGSG_05610;FGSG_13136,1,uncharacterized protein,,1.6989838715855616,4,-0.257062399982323,0.268455385656431,0,0.441046277665996
FGSG_10969,8,0.4375620273028587,3.370173066827788,FGSG_00007;FGSG_01866;FGSG_03539;FGSG_03842;FGSG_08081;FGSG_08082;FGSG_08083;FGSG_13952,2,uncharacterized protein,,1.698629967152753,4,0.429561841041727,9.10391522737042e-05,0,0.44064386317907445
FGSG_13728,6,0.4485072557251144,2.5254737233073525,FGSG_00743;FGSG_03894;FGSG_04589;FGSG_05610;FGSG_10922;FGSG_12180,1,uncharacterized protein,GO:0000166;GO:0003729;GO:0006378;GO:0006379;GO:0010494;GO:0019013,1.6981642960951615,4,-0.34254914082696,0.0032860315968456,0,0.4404426559356137
FGSG_12039,11,0.4725879350730656,4.633636488655941,FGSG_00743;FGSG_00765;FGSG_02272;FGSG_02461;FGSG_03061;FGSG_03894;FGSG_05368;FGSG_05610;FGSG_08493;FGSG_08774;FGSG_10922,1,chitin synthase 6,GO:0003677;GO:0003774;GO:0005524;GO:0016021;GO:0016459;GO:0016758,1.697529449927054,4,-0.301852267778068,0.0009756802250491,0,0.440241448692153
FGSG_04461,9,0.4707636388286346,3.796954046371321,FGSG_00743;FGSG_02272;FGSG_02461;FGSG_03061;FGSG_03894;FGSG_05610;FGSG_08774;FGSG_09012;FGSG_10922,1,uncharacterized protein,GO:0016021,1.697037258636785,4,-0.459789114050924,0.0984574123979708,0,0.44004024144869214
FGSG_12489,10,0.4489045204319434,4.175996218570317,FGSG_00007;FGSG_01866;FGSG_02326;FGSG_02327;FGSG_03532;FGSG_03535;FGSG_03881;FGSG_07896;FGSG_08083;FGSG_13952,2,uncharacterized protein,GO:0016021;GO:0016787,1.6968907194988316,4,0.449140588514419,0.0147143935320594,0,0.4398390342052314
FGSG_02920,4,0.4302465857874468,1.695776697990279,FGSG_02326;FGSG_02327;FGSG_02328;FGSG_02329,2,uncharacterized protein,GO:0004553;GO:0005975;GO:0030246,1.695776697990279,4,0.564141753766562,0.0133205400784144,0,0.4396378269617707
FGSG_01438,6,0.4522882102195233,2.587212570079162,FGSG_02271;FGSG_02272;FGSG_02461;FGSG_03061;FGSG_03894;FGSG_05610,1,uncharacterized protein,GO:0000079;GO:0000122;GO:0000307;GO:0005634;GO:0006875;GO:0016242;GO:0016538;GO:0019901;GO:0032880;GO:0045936;GO:0050849,1.6952967002903332,4,-0.262371985310739,0.0790532657562814,0,0.43943661971830983
FGSG_02104,1,0.4049817916983112,0.4049817916983112,FGSG_08601,1,uncharacterized protein,,0.4049817916983112,1,-1.30358804718422,0.0164448938728375,1,0.4393695506371562
FGSG_07554,8,0.4432543019407955,3.3982991123503408,FGSG_02271;FGSG_02272;FGSG_02461;FGSG_03061;FGSG_05610;FGSG_07075;FGSG_09456;FGSG_09834,1,opsin-1,GO:0005216;GO:0016021;GO:0034220,1.6948566003426366,4,-0.6620924493364,4.23678145586744e-08,0,0.4392354124748491
FGSG_01095,7,0.4297227430830756,2.924708580989928,FGSG_02320;FGSG_02326;FGSG_02327;FGSG_02328;FGSG_02329;FGSG_08078;FGSG_12211,2,uncharacterized protein,GO:0006508;GO:0008236,1.6947657526102293,4,0.163049941531981,0.0997333278079837,0,0.43903420523138836
FGSG_00147,4,0.4253985524519066,1.6942363867161958,FGSG_02326;FGSG_02327;FGSG_02328;FGSG_02329,2,uncharacterized protein,GO:0000981;GO:0003677;GO:0005634;GO:0006351;GO:0006357;GO:0008270;GO:0016021,1.6942363867161958,4,0.801543414371227,0.015886903934669,0,0.4388329979879275
FGSG_09019,7,0.43013202177510496,2.9339024124927766,FGSG_02320;FGSG_02326;FGSG_02327;FGSG_02328;FGSG_02329;FGSG_08078;FGSG_12211,2,uncharacterized protein,GO:0000105;GO:0000978;GO:0001077;GO:0005634;GO:0005829;GO:0006338;GO:0006366;GO:0009113;GO:0043388;GO:0045937;GO:0045944,1.6936893934671506,4,0.57775444458844,5.5500723485437895e-11,0,0.43843058350100605
FGSG_03296,4,0.42667881348922254,1.6931128544415583,FGSG_02326;FGSG_02327;FGSG_02328;FGSG_02329,2,uncharacterized protein,GO:0016021,1.6931128544415583,4,0.700196755101995,9.36623641593601e-06,0,0.4382293762575452
FGSG_09712,7,0.46739134526455134,2.960351345784618,FGSG_00743;FGSG_03061;FGSG_03894;FGSG_05610;FGSG_08774;FGSG_10922;FGSG_12180,1,uncharacterized protein,GO:0000139;GO:0005096;GO:0005793;GO:0006888;GO:0006890;GO:0030126;GO:0043547;GO:0048205,1.6931026242756884,4,-0.119938551438055,0.182087383054694,0,0.4380281690140845
FGSG_09920,7,0.44018442680242464,2.9625882434683555,FGSG_02271;FGSG_02272;FGSG_02461;FGSG_03061;FGSG_03894;FGSG_05610;FGSG_13136,1,uncharacterized protein,GO:0005739;GO:0005811;GO:0008889;GO:0016021;GO:0034478;GO:0034479,1.6920544132032473,4,-0.0877008432366366,0.454095065719641,0,0.437625754527163
FGSG_00840,7,0.4405238232064662,2.984510290578827,FGSG_02271;FGSG_02272;FGSG_02461;FGSG_03061;FGSG_03894;FGSG_05610;FGSG_13136,1,uncharacterized protein,GO:0005739;GO:0006066;GO:0009437;GO:0016746,1.6901843180331424,4,-0.455037089953123,3.13682921848601e-05,0,0.43742454728370217
FGSG_13731,7,0.46563097240712026,2.9564202340259844,FGSG_00743;FGSG_02272;FGSG_03061;FGSG_03894;FGSG_05610;FGSG_08774;FGSG_10922,1,TBC1 domain family member 22A,GO:0005634;GO:0005739;GO:0005794;GO:0005829;GO:0016192,1.6898645282323612,4,-0.290015055330507,0.0387592282925738,0,0.43722334004024144
FGSG_11219,4,0.4266438329404224,1.689327091463409,FGSG_02326;FGSG_02327;FGSG_02328;FGSG_02329,2,uncharacterized protein,GO:0016021;GO:0055085,1.689327091463409,4,0.330004670013288,0.271116930153248,0,0.4370221327967807
FGSG_08102,1,0.40485890557743687,0.40485890557743687,FGSG_02329,2,uncharacterized protein,GO:0004252;GO:0006508,0.40485890557743687,1,1.28295716892082,4.12878453705874e-05,1,0.43688799463447353
FGSG_10752,4,0.4321828748530989,1.6890882657692718,FGSG_02324;FGSG_02327;FGSG_03842;FGSG_13952,2,uncharacterized protein,GO:0016021,1.6890882657692718,4,0.559426170960151,5.833903415068e-12,0,0.43682092555331997
FGSG_09399,4,0.42759799366637286,1.688306776963684,FGSG_02326;FGSG_02327;FGSG_02328;FGSG_02329,2,uncharacterized protein,GO:0006487;GO:0008250;GO:0016021;GO:0016740,1.688306776963684,4,0.222535441130892,0.025074222845208,0,0.4364185110663984
FGSG_03957,6,0.4373009590821582,2.5493439476672717,FGSG_00007;FGSG_03539;FGSG_03842;FGSG_08082;FGSG_08083;FGSG_13952,2,uncharacterized protein,GO:0008643;GO:0016021;GO:0022891;GO:0055085,1.6861461458627787,4,0.624939482186704,9.1727664739503e-22,0,0.43621730382293766
FGSG_12325,5,0.4353574048967664,2.0936777700793043,FGSG_00007;FGSG_03842;FGSG_08082;FGSG_08083;FGSG_13952,2,uncharacterized protein,GO:0016021,1.6850232205156748,4,0.763611045439589,0.0463358460638529,0,0.4358148893360161
FGSG_01530,10,0.4355314274090366,4.165023553185315,FGSG_02271;FGSG_02272;FGSG_02461;FGSG_03061;FGSG_03295;FGSG_05610;FGSG_07075;FGSG_07528;FGSG_09456;FGSG_09834,1,uncharacterized protein,GO:0005975;GO:0016758;GO:0030259,1.6833575569896682,4,-0.288749725133209,0.0030998875477411,0,0.43561368209255535
FGSG_02087,7,0.4318511410107855,2.9254415021966524,FGSG_00007;FGSG_03539;FGSG_03842;FGSG_08081;FGSG_08082;FGSG_08083;FGSG_13952,2,uncharacterized protein,GO:0016491;GO:0055114,1.6830124530230541,4,0.429924850172846,0.0029114042343765,0,0.4354124748490946
FGSG_03694,4,0.4250275205241599,1.6828821830480856,FGSG_02326;FGSG_02327;FGSG_02328;FGSG_02329,2,argininosuccinate lyase,GO:0004056;GO:0005829;GO:0042450;GO:0051262,1.6828821830480856,4,0.3143101918737,0.0191499103027264,0,0.4352112676056338
FGSG_11905,8,0.4608483678472646,3.3389638224711624,FGSG_00743;FGSG_03894;FGSG_04589;FGSG_05610;FGSG_08774;FGSG_09012;FGSG_10922;FGSG_12180,1,uncharacterized protein,GO:0016021,1.681976180636145,4,-0.923747542915953,0.0105063117239125,0,0.43501006036217305
FGSG_00243,8,0.46044721459207444,3.3483688448843596,FGSG_00743;FGSG_00765;FGSG_02272;FGSG_03061;FGSG_03894;FGSG_05610;FGSG_08774;FGSG_10922,1,uncharacterized protein,,1.6815710102120909,4,-0.348036410852025,0.002083889946688,0,0.4348088531187123
FGSG_10098,4,0.4343337633191396,1.6812666875623135,FGSG_02324;FGSG_02327;FGSG_03842;FGSG_13952,2,uncharacterized protein,GO:0008152;GO:0016021;GO:0019120;GO:0055085,1.6812666875623135,4,0.934869760519015,1.05468291939435e-24,0,0.43460764587525147
FGSG_06381,9,0.44443749957014345,3.7511548947954516,FGSG_00007;FGSG_01866;FGSG_02327;FGSG_03532;FGSG_03539;FGSG_03842;FGSG_03881;FGSG_08083;FGSG_13952,2,uncharacterized protein,GO:0008152;GO:0016787,1.6811302231714622,4,0.688084480630278,0.0026405980025912,0,0.43440643863179074
FGSG_03916,7,0.43614713057372245,2.962790774794767,FGSG_02271;FGSG_02272;FGSG_02461;FGSG_03061;FGSG_03894;FGSG_05610;FGSG_13136,1,rds1 protein,,1.6786506680228084,4,-0.584058907656746,0.0198270877353543,0,0.43400402414486916
FGSG_10971,4,0.4248522317732193,1.6774285895843364,FGSG_02326;FGSG_02327;FGSG_02328;FGSG_02329,2,uncharacterized protein,,1.6774285895843364,4,0.719056822232801,0.107780087168755,0,0.4336016096579477
FGSG_05831,4,0.4106563405634269,1.6295071863869632,FGSG_02271;FGSG_07075;FGSG_07528;FGSG_09456,1,aldehyde dehydrogenase,GO:0016620;GO:0055114,0.40628962795179907,1,-1.16950357134174,4.3304583929083504e-20,1,0.4333333333333334
FGSG_01290,8,0.4564391586880914,3.314962030267289,FGSG_00743;FGSG_03894;FGSG_04589;FGSG_05610;FGSG_08774;FGSG_09012;FGSG_10922;FGSG_12180,1,60S ribosomal protein RML2,GO:0003723;GO:0003735;GO:0005762;GO:0016740;GO:0032543,1.67712186223625,4,-0.355439164338373,0.0057770109716813,0,0.4331991951710261
FGSG_10278,5,0.4318607274368461,2.1019643494365052,FGSG_00743;FGSG_03894;FGSG_04589;FGSG_10922;FGSG_12180,1,uncharacterized protein,GO:0005488;GO:0016021,1.676660853821939,4,-0.769509371268791,5.13577303095333e-05,0,0.4329979879275654
FGSG_09726,7,0.4368689953726726,2.954371800079712,FGSG_02271;FGSG_02272;FGSG_02461;FGSG_03061;FGSG_03894;FGSG_05610;FGSG_13136,1,uncharacterized protein,GO:0000981;GO:0005634;GO:0006357;GO:0008270,1.67532308603263,4,-0.227748626611424,0.378356004547106,0,0.4323943661971831
FGSG_12898,2,0.40211476895012777,0.8036588264670463,FGSG_09456;FGSG_09834,1,uncharacterized protein,,0.4015440575169186,1,-1.40323591944956,0.0004614222643074,1,0.4323943661971831
FGSG_04584,4,0.42249246269318774,1.6736122933979503,FGSG_02326;FGSG_02327;FGSG_02328;FGSG_02329,2,uncharacterized protein,GO:0008496;GO:0016021;GO:0016052,1.6736122933979503,4,0.466124381492876,0.191713126237748,0,0.43219315895372235
FGSG_07492,4,0.4235722501355103,1.672768512251268,FGSG_02326;FGSG_02327;FGSG_02328;FGSG_02329,2,uncharacterized protein,GO:0004568;GO:0005975;GO:0006032,1.672768512251268,4,0.525831296388042,0.0656432648962189,0,0.4319919517102616
FGSG_08526,8,0.4624438165478039,3.3272052840230235,FGSG_00743;FGSG_02272;FGSG_03894;FGSG_05610;FGSG_08774;FGSG_09012;FGSG_10922;FGSG_12180,1,uncharacterized protein,,1.672001608280329,4,-0.280738282779106,0.0124785524952843,0,0.43179074446680077
FGSG_01888,5,0.4237651090702861,2.0957514295581756,FGSG_03546;FGSG_03548;FGSG_04458;FGSG_09456;FGSG_09834,1,uncharacterized protein,GO:0016021,1.6719863204878895,4,-0.702402984179132,1.10651707145743e-07,0,0.43158953722334004
FGSG_09488,5,0.4332403330630605,2.1045360044892383,FGSG_03546;FGSG_03548;FGSG_04458;FGSG_09456;FGSG_09834,1,uncharacterized protein,GO:0005634;GO:0005829,1.6712956714261777,4,-0.46808563479983,4.41253917970612e-05,0,0.4313883299798793
FGSG_01250,7,0.4261136066089582,2.895812566483578,FGSG_02320;FGSG_02326;FGSG_02327;FGSG_02328;FGSG_02329;FGSG_08078;FGSG_12211,2,uncharacterized protein,GO:0005975;GO:0009277,1.6711612916974647,4,0.646566239965244,5.75344216196006e-10,0,0.43118712273641846
FGSG_00192,4,0.4306588946998707,1.67067749094026,FGSG_03842;FGSG_08082;FGSG_08083;FGSG_13952,2,cerevisin precursor,GO:0004252;GO:0006508,1.67067749094026,4,0.499464337042009,4.41436204911563e-08,0,0.4309859154929577
FGSG_06486,4,0.42479816431406625,1.6704787449171838,FGSG_02326;FGSG_02327;FGSG_02328;FGSG_02329,2,uncharacterized protein,GO:0004553;GO:0005975;GO:0030246,1.6704787449171838,4,0.618212411799412,0.0052730148723881,0,0.430784708249497
FGSG_00525,4,0.42591311715026386,1.6684496643004936,FGSG_02326;FGSG_02327;FGSG_02328;FGSG_02329,2,uncharacterized protein,,1.6684496643004936,4,0.663171322380425,0.0007418449259843,0,0.4301810865191147
FGSG_00706,8,0.46043511366518947,3.339244626890386,FGSG_00743;FGSG_00765;FGSG_02272;FGSG_03061;FGSG_03894;FGSG_05610;FGSG_08774;FGSG_10922,1,uncharacterized protein,GO:0004458;GO:0005743;GO:0009060;GO:0016021;GO:0044262;GO:0050660,1.6682370817922672,4,-0.172196386558614,0.16252116888321,0,0.42997987927565395
FGSG_07792,1,0.40364108726796616,0.40364108726796616,FGSG_03842,2,uncharacterized protein,GO:0016021,0.40364108726796616,1,1.26497191446474,3.89076365112888e-37,1,0.42977867203219317
FGSG_02044,5,0.42294607172727106,2.076516977130263,FGSG_00743;FGSG_03894;FGSG_04589;FGSG_10922;FGSG_12180,1,uncharacterized protein,,1.6673340230524816,4,-0.576977256264078,4.662606240643951e-09,0,0.4297786720321931
FGSG_03935,6,0.4302973277640186,2.502904860952945,FGSG_00007;FGSG_03539;FGSG_03842;FGSG_08082;FGSG_08083;FGSG_13952,2,uncharacterized protein,,1.6667499491166813,4,0.394405289749857,6.3718196543089e-08,0,0.4295774647887324
FGSG_07087,7,0.4524829646594562,2.896843584740906,FGSG_00743;FGSG_03894;FGSG_04589;FGSG_05610;FGSG_08774;FGSG_10922;FGSG_12180,1,uncharacterized protein,GO:0000436;GO:0006366;GO:0016602;GO:0043457;GO:0043565;GO:0046982,1.666233743581302,4,-0.228023667061008,0.028797005067776,0,0.42937625754527164
FGSG_11552,6,0.43736373190985955,2.476865581983395,FGSG_00007;FGSG_01866;FGSG_02326;FGSG_02327;FGSG_08083;FGSG_13952,2,uncharacterized protein,GO:0003677;GO:0005634;GO:0006351;GO:0008270;GO:0016021;GO:0055085,1.6659769385690484,4,0.6108898875238,0.0304052486723046,0,0.4291750503018109
FGSG_05949,4,0.4180539834086284,1.6647225481031753,FGSG_02326;FGSG_02327;FGSG_02328;FGSG_02329,2,uncharacterized protein,GO:0000737;GO:0003677;GO:0005524;GO:0005694;GO:0016889;GO:0042138,1.6647225481031753,4,0.808498907305857,0.0243777052938069,0,0.42897384305835007
FGSG_06183,6,0.4329768410446387,2.50418511074983,FGSG_00743;FGSG_03061;FGSG_03894;FGSG_04589;FGSG_05610;FGSG_12180,1,ATP-dependent protease La,GO:0004176;GO:0004252;GO:0005524;GO:0005759;GO:0006515;GO:0034599;GO:0043565;GO:0051131;GO:0070407;GO:0090296,1.6646297124759473,4,-0.416396458101699,0.0012139907889099,0,0.42877263581488934
FGSG_01861,5,0.42411186793455885,2.0649164961727386,FGSG_02326;FGSG_02327;FGSG_02328;FGSG_02329;FGSG_12211,2,uncharacterized protein,GO:0004930;GO:0007166;GO:0007186;GO:0016021,1.6645978976502762,4,0.86821446898656,4.34578580031747e-07,0,0.4285714285714286
FGSG_05757,8,0.4302874490083016,3.336148765229552,FGSG_02271;FGSG_02272;FGSG_03061;FGSG_03295;FGSG_07075;FGSG_07528;FGSG_09456;FGSG_09834,1,uncharacterized protein,GO:0004553;GO:0005619;GO:0005975;GO:0030476,1.6641630580373739,4,-0.607882085123971,4.73576062358073e-17,0,0.42837022132796787
FGSG_00879,7,0.43584315416098973,2.8982320479085693,FGSG_00007;FGSG_01866;FGSG_02326;FGSG_02327;FGSG_03881;FGSG_08083;FGSG_13952,2,uncharacterized protein,,1.6634974575078476,4,0.88918812575824,0.0392913086060882,0,0.4279678068410463
FGSG_02116,7,0.4280304087476752,2.883345711774481,FGSG_00007;FGSG_03539;FGSG_03842;FGSG_08081;FGSG_08082;FGSG_08083;FGSG_13952,2,uncharacterized protein,GO:0016021,1.663092459447117,4,0.931666143924465,3.96388493808131e-05,0,0.42776659959758556
FGSG_00524,4,0.4234389123008792,1.6630852068655633,FGSG_03842;FGSG_08082;FGSG_08083;FGSG_13952,2,UTP-glucose-1-phosphate uridylyltransferase,GO:0003983;GO:0006011,1.6630852068655633,4,0.219282195897905,0.0120314561857701,0,0.4275653923541247
FGSG_03928,9,0.4380303743643354,3.739482540718851,FGSG_02272;FGSG_02461;FGSG_03061;FGSG_03548;FGSG_05610;FGSG_07075;FGSG_09012;FGSG_09456;FGSG_09834,1,uncharacterized protein,,1.6626054506139276,4,-0.688077688865883,0.00539735511191,0,0.427364185110664
FGSG_00523,5,0.42185225560454126,2.0728474138925037,FGSG_02326;FGSG_02327;FGSG_02328;FGSG_02329;FGSG_12211,2,uncharacterized protein,,1.6612046311627773,4,0.662338962682207,9.017077744551369e-12,0,0.42716297786720325
FGSG_11245,4,0.422115399043001,1.6601182454312378,FGSG_02326;FGSG_02327;FGSG_02328;FGSG_02329,2,uncharacterized protein,,1.6601182454312378,4,0.519235265989478,0.114002316820688,0,0.4267605633802817
FGSG_06236,7,0.4383564691973687,2.888303624218888,FGSG_00007;FGSG_01866;FGSG_02326;FGSG_02327;FGSG_03532;FGSG_08083;FGSG_13952,2,uncharacterized protein,,1.6593263985143394,4,0.261461431352797,0.0510902215199623,0,0.42655935613682094
FGSG_09949,4,0.42160585042843707,1.6591925385296187,FGSG_02324;FGSG_02327;FGSG_03842;FGSG_13952,2,uncharacterized protein,GO:0016021;GO:0016740,1.6591925385296187,4,0.216221125457995,0.0051537212069969,0,0.4263581488933601
FGSG_09400,7,0.4305426559417771,2.862143173763873,FGSG_00007;FGSG_01866;FGSG_02327;FGSG_03842;FGSG_08081;FGSG_08083;FGSG_13952,2,uncharacterized protein,GO:0008152;GO:0016021;GO:0016407,1.6585663950692655,4,0.377882720927911,0.008062024326023,0,0.42615694164989937
FGSG_04928,4,0.422552105735909,1.658242507122639,FGSG_02326;FGSG_02327;FGSG_02328;FGSG_02329,2,uncharacterized protein,GO:0016021,1.658242507122639,4,0.736550754884462,1.86824593920914e-07,0,0.42595573440643864
FGSG_07708,4,0.42395032366523916,1.658040336166401,FGSG_02326;FGSG_02327;FGSG_02328;FGSG_02329,2,uncharacterized protein,,1.658040336166401,4,0.742244496173451,0.0522680753671289,0,0.42555331991951706
FGSG_09135,8,0.4349625967348022,3.323158095745684,FGSG_02271;FGSG_02272;FGSG_02461;FGSG_03061;FGSG_05610;FGSG_07075;FGSG_09456;FGSG_09834,1,uncharacterized protein,GO:0035859;GO:0097042,1.6566470539988027,4,-0.286802476734999,0.0205698335150282,0,0.4253521126760563
FGSG_05789,4,0.42077044441058137,1.6563342510683032,FGSG_02324;FGSG_02327;FGSG_03842;FGSG_13952,2,uncharacterized protein,GO:0000981;GO:0005634;GO:0006357;GO:0008270,1.6563342510683032,4,0.804453336623589,0.0034914354695464,0,0.4251509054325956
FGSG_07416,4,0.41789853538018895,1.6561555429336807,FGSG_02326;FGSG_02327;FGSG_02328;FGSG_02329,2,uncharacterized protein,GO:0005783;GO:0016021,1.6561555429336807,4,0.194941267947075,0.135514337597214,0,0.42494969818913486
FGSG_12469,7,0.4253065391805384,2.8898316285127197,FGSG_02271;FGSG_02272;FGSG_03061;FGSG_07075;FGSG_07528;FGSG_09456;FGSG_09834,1,uncharacterized protein,,1.6561082245334031,4,-0.696425705254982,0.002418681890785,0,0.4245472837022133
FGSG_01401,6,0.4235973433289674,2.4820005004549537,FGSG_01422;FGSG_02272;FGSG_03061;FGSG_03894;FGSG_05610;FGSG_10347,1,uncharacterized protein,,1.6560473182632949,4,-0.482108215100429,0.138098826575238,0,0.42434607645875255
FGSG_07245,5,0.4215354094389572,2.0770668862207238,FGSG_03546;FGSG_03548;FGSG_04458;FGSG_09456;FGSG_09834,1,pre-mRNA-splicing factor rse-1,GO:0000245;GO:0003676;GO:0005686;GO:0071004,1.6555314767817666,4,-0.143606425032572,0.136259146954607,0,0.4241448692152917
FGSG_05654,4,0.4159475355781221,1.655220396748852,FGSG_02326;FGSG_02327;FGSG_02328;FGSG_02329,2,uncharacterized protein,GO:0016021,1.655220396748852,4,0.423000872744502,0.0748888384729937,0,0.42374245472837024
FGSG_00504,4,0.41700542570570925,1.6550464941202248,FGSG_02326;FGSG_02327;FGSG_02328;FGSG_02329,2,DNA replication licensing factor mcm4,GO:0003682;GO:0003697;GO:0003724;GO:0003727;GO:0005524;GO:0030875;GO:0032508;GO:0033679;GO:0042555;GO:0043596;GO:0051301;GO:0097373;GO:1902450;GO:1902975;GO:1990518,1.6550464941202248,4,0.32094078521286,0.0482092146985296,0,0.4235412474849095
FGSG_03139,4,0.42092503429135186,1.654995475332254,FGSG_02326;FGSG_02327;FGSG_02328;FGSG_02329,2,uncharacterized protein,GO:0008422;GO:0030245;GO:0102483,1.654995475332254,4,0.689787846510113,0.0682212419492613,0,0.42334004024144867
FGSG_03833,4,0.41943920140368596,1.6549404064325288,FGSG_02326;FGSG_02327;FGSG_02328;FGSG_02329,2,uncharacterized protein,GO:0008168;GO:0032259,1.6549404064325288,4,0.541819464430969,0.134895878267688,0,0.42313883299798793
FGSG_02117,6,0.4246789952686607,2.4988338040088154,FGSG_00007;FGSG_03539;FGSG_03842;FGSG_08082;FGSG_08083;FGSG_13952,2,uncharacterized protein,GO:0004497;GO:0005506;GO:0016705;GO:0020037;GO:0055114,1.6542798254800226,4,0.711415522353868,1.03205179415932e-06,0,0.4229376257545272
FGSG_00422,1,0.40399833075302977,0.40399833075302977,FGSG_08601,1,uncharacterized protein,,0.40399833075302977,1,-1.14597062288216,0.0444640750565316,1,0.42293762575452715
FGSG_08419,4,0.41638253632936495,1.6537336923246497,FGSG_02326;FGSG_02327;FGSG_02328;FGSG_02329,2,uncharacterized protein,GO:0016021,1.6537336923246497,4,0.326033574347127,0.0438172489812391,0,0.42273641851106636
FGSG_10861,8,0.423150125221066,3.317048299288015,FGSG_02271;FGSG_02272;FGSG_02461;FGSG_03061;FGSG_05610;FGSG_07075;FGSG_09456;FGSG_09834,1,uncharacterized protein,GO:0005634;GO:0005826;GO:0005829;GO:0005844;GO:0007533;GO:0008298;GO:0017022;GO:0034613;GO:1903475,1.6534205161127926,4,-0.326210024716935,0.0026571915664111,0,0.4225352112676056
FGSG_12067,4,0.42194365738966455,1.6533786437695246,FGSG_02326;FGSG_02327;FGSG_02328;FGSG_02329,2,uncharacterized protein,GO:0004177;GO:0006508,1.6533786437695246,4,0.790072965049349,0.0063385619445806,0,0.4223340040241449
FGSG_00323,4,0.4279195210159673,1.6531964163818917,FGSG_03546;FGSG_03548;FGSG_04458;FGSG_08601,1,deoxyhypusine synthase,GO:0005634;GO:0005829;GO:0008612;GO:0034038,1.6531964163818917,4,-0.60518638815018,5.8718609721605e-05,0,0.42213279678068405
FGSG_05085,4,0.4208070614749483,1.6529811605622533,FGSG_02326;FGSG_02327;FGSG_02328;FGSG_02329,2,uncharacterized protein,GO:0005634;GO:0005829,1.6529811605622533,4,0.596141873517324,3.77127915254217e-05,0,0.4219315895372233
FGSG_10963,4,0.4192814595475853,1.6528617789732103,FGSG_02326;FGSG_02327;FGSG_08083;FGSG_13952,2,uncharacterized protein,GO:0005737;GO:0006457;GO:0007021;GO:0015631;GO:0016272;GO:0032968;GO:0051082,1.6528617789732103,4,0.275951187514519,0.0558855192299281,0,0.4217303822937626
FGSG_05818,4,0.42116641090872353,1.6527918619772355,FGSG_02326;FGSG_02327;FGSG_02328;FGSG_02329,2,uncharacterized protein,GO:0016021,1.6527918619772355,4,0.11905417004619,,0,0.42152917505030185
FGSG_07031,8,0.42751956109166517,3.2938645239946607,FGSG_02271;FGSG_02272;FGSG_02461;FGSG_03061;FGSG_07075;FGSG_07528;FGSG_09456;FGSG_09834,1,uncharacterized protein,GO:0005634;GO:0005829;GO:0005975;GO:0006098;GO:0017057,1.6523110793693463,4,-0.389445469895207,4.96868050985404e-06,0,0.421327967806841
FGSG_03577,4,0.4205121862853489,1.6515962293610142,FGSG_02326;FGSG_02327;FGSG_02328;FGSG_02329,2,uncharacterized protein,GO:0016021;GO:0016491;GO:0055114,1.6515962293610142,4,0.666864088667086,0.0115477944524723,0,0.4211267605633803
FGSG_11773,4,0.421895207167588,1.6502696713327942,FGSG_03894;FGSG_04589;FGSG_10922;FGSG_12180,1,uncharacterized protein,,1.6502696713327942,4,-0.945799922993079,0.0041042447296789,0,0.4207243460764588
FGSG_02406,4,0.417009673758513,1.649838028640327,FGSG_02326;FGSG_02327;FGSG_02328;FGSG_02329,2,uncharacterized protein,GO:0016021;GO:0055085,1.649838028640327,4,0.449269072560219,0.010135863403736,0,0.42052313883299797
FGSG_06384,8,0.4273106977512673,3.300476209278471,FGSG_02271;FGSG_02272;FGSG_03061;FGSG_03295;FGSG_07075;FGSG_07528;FGSG_09456;FGSG_09834,1,uncharacterized protein,GO:0005829;GO:0006886;GO:0006888;GO:0008270;GO:0030127;GO:0070971,1.649643556712338,4,-0.278345760027977,0.000507121917673,0,0.42032193158953723
FGSG_05335,7,0.42258003715081693,2.893546700339638,FGSG_00007;FGSG_03539;FGSG_03842;FGSG_08081;FGSG_08082;FGSG_08083;FGSG_13952,2,uncharacterized protein,GO:0006520;GO:0016829,1.6495256543895125,4,0.367688677440747,0.0308537985249992,0,0.4201207243460765
FGSG_09074,4,0.42201036870687647,1.6492576740920164,FGSG_02327;FGSG_03842;FGSG_08083;FGSG_13952,2,uncharacterized protein,GO:0016021;GO:0022857;GO:0055085,1.6492576740920164,4,0.219397408803582,,0,0.41991951710261566
FGSG_02425,4,0.4203080537059323,1.649066002676533,FGSG_02326;FGSG_02327;FGSG_02328;FGSG_02329,2,uncharacterized protein,GO:0005524,1.649066002676533,4,0.760135810022196,0.0576372295244588,0,0.4197183098591549
FGSG_07557,4,0.4158057070729576,1.6486663572292684,FGSG_02326;FGSG_02327;FGSG_02328;FGSG_02329,2,uncharacterized protein,GO:0000122;GO:0001102;GO:0005634;GO:0005737;GO:0006012;GO:0016491;GO:0019210;GO:0033673;GO:0043433;GO:0055114,1.6486663572292684,4,0.658207149189485,0.0910742144277846,0,0.41931589537223335
FGSG_13736,4,0.42280520319236226,1.648492155290537,FGSG_02327;FGSG_03842;FGSG_08083;FGSG_13952,2,uncharacterized protein,GO:0005829;GO:0016491;GO:0055114,1.648492155290537,4,0.400146031452883,0.0684201041378633,0,0.4191146881287726
FGSG_04260,5,0.41868828793971646,2.0567525853411275,FGSG_03546;FGSG_03548;FGSG_04458;FGSG_09456;FGSG_09834,1,uncharacterized protein,GO:0016491;GO:0055114,1.6481996640237093,4,-0.458698586799414,5.5618415425601e-05,0,0.4189134808853119
FGSG_09115,4,0.4211330599969024,1.6471170415661154,FGSG_02326;FGSG_02327;FGSG_02328;FGSG_02329,2,uncharacterized protein,GO:0004252;GO:0006508,1.6471170415661154,4,0.514935949007911,0.106359612629235,0,0.41871227364185104
FGSG_11803,4,0.4254274408082619,1.6458179400059343,FGSG_02326;FGSG_02327;FGSG_02329;FGSG_08083,2,uncharacterized protein,,1.6458179400059343,4,0.193028100768522,0.170398882864975,0,0.4185110663983903
FGSG_03361,4,0.42031821258456414,1.6457745982738552,FGSG_02326;FGSG_02327;FGSG_02328;FGSG_02329,2,uncharacterized protein,GO:0000981;GO:0005634;GO:0006357;GO:0008270,1.6457745982738552,4,0.371880339127227,0.0851214797467754,0,0.4183098591549296
FGSG_02434,4,0.41719893595277496,1.6443811406625384,FGSG_02326;FGSG_02327;FGSG_02328;FGSG_02329,2,uncharacterized protein,,1.6443811406625384,4,0.383560681340229,0.0026505355238483,0,0.41810865191146884
FGSG_07040,5,0.4223175333230028,2.046754145886275,FGSG_00007;FGSG_03842;FGSG_08082;FGSG_08083;FGSG_13952,2,uncharacterized protein,,1.642496811787156,4,0.206730215158374,0.0409571550807102,0,0.417907444668008
FGSG_12179,5,0.4219004132077753,2.0603888518947793,FGSG_00743;FGSG_03894;FGSG_04589;FGSG_08601;FGSG_12180,1,uncharacterized protein,GO:0005623;GO:0006662;GO:0015035;GO:0045454;GO:0055114,1.64176845356729,4,-0.674471478751547,8.4951130617343e-08,0,0.41770623742454727
FGSG_06448,4,0.41605217319148907,1.6406152799618092,FGSG_02326;FGSG_02327;FGSG_02328;FGSG_02329,2,uncharacterized protein,GO:0000981;GO:0003677;GO:0005634;GO:0006351;GO:0006357;GO:0008270,1.6406152799618092,4,0.579602636345575,0.0903441405497314,0,0.41710261569416496
FGSG_03103,4,0.4132211443445766,1.6402003386747253,FGSG_02326;FGSG_02327;FGSG_02328;FGSG_02329,2,uncharacterized protein,,1.6402003386747253,4,0.713643027465148,0.0599418728021253,0,0.4169014084507042
FGSG_02368,1,0.40218608058409916,0.40218608058409916,FGSG_02329,2,uncharacterized protein,GO:0000981;GO:0003677;GO:0005634;GO:0006351;GO:0006357;GO:0008270,0.40218608058409916,1,1.16737365781571,7.48412088450831e-16,1,0.4169014084507042
FGSG_11262,4,0.4149869065437349,1.639915242324335,FGSG_02326;FGSG_02327;FGSG_02328;FGSG_02329,2,uncharacterized protein,GO:0000981;GO:0005634;GO:0006357;GO:0008270,1.639915242324335,4,0.667071471757659,0.0386677671781776,0,0.41649899396378276
FGSG_06265,4,0.4166638652690472,1.6374832666470314,FGSG_00330;FGSG_04458;FGSG_08601;FGSG_10347,1,uncharacterized protein,GO:0000139;GO:0005198;GO:0030127;GO:0090114,1.6374832666470314,4,-0.331839986421083,0.0021598760482992,0,0.41589537223340045
FGSG_07508,4,0.4115960746137591,1.637325626852923,FGSG_03546;FGSG_03548;FGSG_04458;FGSG_08601,1,uncharacterized protein,GO:0016787,1.637325626852923,4,-0.691580705821848,0.0240427702946484,0,0.4156941649899396
FGSG_01356,8,0.4190286923259016,3.298219659395812,FGSG_02272;FGSG_02461;FGSG_03061;FGSG_03894;FGSG_05610;FGSG_09012;FGSG_09456;FGSG_09834,1,acetate non-utilizing protein 9,GO:0005758;GO:0005759;GO:0006094;GO:0006111;GO:0009055;GO:0015976;GO:0016491;GO:0030151;GO:0030170;GO:0051537;GO:0055114,1.636916290435777,4,-0.339685104377106,0.0305733747413236,0,0.41529175050301814
FGSG_12220,4,0.41473852781139764,1.6356037600417945,FGSG_02326;FGSG_02327;FGSG_02328;FGSG_02329,2,uncharacterized protein,GO:0004672;GO:0005524;GO:0006468,1.6356037600417945,4,0.330346274130129,0.362608191311766,0,0.4150905432595573
FGSG_12483,4,0.41605048710816783,1.6354675962989669,FGSG_02324;FGSG_02327;FGSG_03842;FGSG_13952,2,aldehyde reductase 1,GO:0016491;GO:0055114,1.6354675962989669,4,0.540476402601783,0.0007018180836855,0,0.41488933601609657
FGSG_05762,1,0.4046730396840939,0.4046730396840939,FGSG_02329,2,uncharacterized protein,,0.4046730396840939,1,1.03893012369828,0.0300198590455176,1,0.41475519785378945
FGSG_02786,4,0.4183275814210167,1.6351836905789239,FGSG_02326;FGSG_02327;FGSG_02328;FGSG_02329,2,uncharacterized protein,GO:0005524;GO:0016021;GO:0042626;GO:0055085,1.6351836905789239,4,0.530325412505267,0.0104516862915321,0,0.41468812877263583
FGSG_11097,5,0.41478320192343304,2.0443220481082034,FGSG_03546;FGSG_03548;FGSG_04458;FGSG_09456;FGSG_09834,1,uncharacterized protein,,1.6350695277958147,4,-0.547006002253178,4.22079401606547e-05,0,0.414486921529175
FGSG_11690,4,0.41461585218678376,1.6345868315844345,FGSG_02326;FGSG_02327;FGSG_02328;FGSG_02329,2,uncharacterized protein,,1.6345868315844345,4,0.5581530063415,0.0605120511939509,0,0.4140845070422535
FGSG_04571,4,0.4137242035355787,1.634042133008139,FGSG_02326;FGSG_02327;FGSG_02328;FGSG_02329,2,uncharacterized protein,GO:0004306;GO:0005634;GO:0005829;GO:0006646,1.634042133008139,4,0.376631953352147,0.0182730190543718,0,0.41368209255533195
FGSG_03252,4,0.4256074244542246,1.6328964044206655,FGSG_02324;FGSG_02325;FGSG_02327;FGSG_11326,2,uncharacterized protein,GO:0046872,1.6328964044206655,4,0.55295899275679,6.67408410765582e-05,0,0.4134808853118712
FGSG_10779,7,0.42027388071375865,2.8748378371856935,FGSG_00007;FGSG_03539;FGSG_03842;FGSG_08081;FGSG_08082;FGSG_08083;FGSG_13952,2,SEC14 cytosolic factor,GO:0005628;GO:0005634;GO:0008525;GO:0008526;GO:0010570;GO:0015914;GO:0031322;GO:0032153;GO:0035838;GO:0048193;GO:0060187,1.6317785027104494,4,0.219435462267248,0.0082956768194085,0,0.4132796780684105
FGSG_02115,4,0.41516509762529,1.6312433680959693,FGSG_02327;FGSG_03842;FGSG_08083;FGSG_13952,2,uncharacterized protein,GO:0016021,1.6312433680959693,4,0.899394670400544,0.0157530169552527,0,0.41307847082494975
FGSG_13999,4,0.40915171083221286,1.6308239164213494,FGSG_02326;FGSG_02327;FGSG_02328;FGSG_02329,2,uncharacterized protein,,1.6308239164213494,4,0.523775036202328,0.195283220577614,0,0.4128772635814889
FGSG_03802,12,0.43770883793012944,4.94931025754921,FGSG_02326;FGSG_02327;FGSG_02328;FGSG_02329;FGSG_03532;FGSG_03543;FGSG_08077;FGSG_08078;FGSG_08084;FGSG_09064;FGSG_10206;FGSG_12211,2,uncharacterized protein,GO:0016740,1.630702965348358,4,0.775667256011627,1.32952811323899e-14,0,0.4126760563380282
FGSG_04637,4,0.4111788227005452,1.630671692203761,FGSG_02326;FGSG_02327;FGSG_02328;FGSG_02329,2,amino-acid permease inda1,GO:0003333;GO:0015171;GO:0016021,1.630671692203761,4,0.587229069409133,0.154463474378335,0,0.41247484909456744
FGSG_00345,4,0.4095065879510573,1.6264374589168102,FGSG_02326;FGSG_02327;FGSG_02328;FGSG_02329,2,uncharacterized protein,GO:0016021;GO:0055085,1.6264374589168102,4,0.447089787398093,0.103288110784673,0,0.4122736418511066
FGSG_07066,4,0.41100799537102367,1.626159081807055,FGSG_02272;FGSG_03061;FGSG_04590;FGSG_09834,1,uncharacterized protein,GO:0016021,1.626159081807055,4,-0.228855410720544,0.305223944513362,0,0.41207243460764587
FGSG_01378,5,0.41269378839702636,2.032042957178215,FGSG_02326;FGSG_02327;FGSG_02328;FGSG_02329;FGSG_08078,2,uncharacterized protein,GO:0000981;GO:0003677;GO:0005634;GO:0006351;GO:0006357;GO:0008270,1.6256665031913426,4,0.208191696316225,0.0716680849960578,0,0.41187122736418513
FGSG_06764,4,0.41004662527742686,1.6256198466511096,FGSG_03548;FGSG_04458;FGSG_08601;FGSG_10347,1,uncharacterized protein,,1.6256198466511096,4,-0.177612927482984,0.239903835160916,0,0.4116700201207244
FGSG_09430,8,0.427051058827397,3.2868672779710835,FGSG_02272;FGSG_02461;FGSG_03061;FGSG_03894;FGSG_05610;FGSG_09012;FGSG_09456;FGSG_09834,1,uncharacterized protein,GO:0015078;GO:0015986;GO:0016021;GO:0045263,1.624861600442837,4,-0.492401610070319,0.0003733368581712,0,0.41146881287726356
FGSG_02416,5,0.4112714956245808,2.028137677596124,FGSG_02326;FGSG_02327;FGSG_02328;FGSG_02329;FGSG_08078,2,uncharacterized protein,,1.624768655538516,4,0.308494103641104,0.0008052410033738,0,0.4112676056338028
FGSG_08997,4,0.40918652430404845,1.6214734537264914,FGSG_02324;FGSG_02326;FGSG_02327;FGSG_02328,2,vacuolar protein 8,GO:0000011;GO:0000329;GO:0005794;GO:0016236;GO:0042144;GO:0043495;GO:0071255;GO:0071561;GO:0071562;GO:0071563,1.6214734537264914,4,0.172652615224153,0.0778856644114052,0,0.4110663983903421
FGSG_11389,4,0.40828475950613086,1.6209781523544526,FGSG_02326;FGSG_02327;FGSG_02328;FGSG_02329,2,uncharacterized protein,GO:0004497;GO:0005506;GO:0016705;GO:0020037;GO:0055114,1.6209781523544526,4,0.124329789100848,,0,0.41086519114688125
FGSG_11947,4,0.4081939688259958,1.6204485906625037,FGSG_02326;FGSG_02327;FGSG_02328;FGSG_02329,2,uncharacterized protein,GO:0016021,1.6204485906625037,4,0.648066500458433,0.116103078275362,0,0.4106639839034205
FGSG_02154,4,0.4072184581635341,1.617336815155066,FGSG_02326;FGSG_02327;FGSG_02328;FGSG_02329,2,uncharacterized protein,,1.617336815155066,4,0.661754891629554,0.129010054717951,0,0.41026156941649894
FGSG_06950,6,0.4070908608090244,2.424793965366142,FGSG_02271;FGSG_02272;FGSG_03061;FGSG_07075;FGSG_09456;FGSG_09834,1,sorting nexin-41,GO:0004484;GO:0006370;GO:0035091,1.6140607601447823,4,-0.128228997714855,0.191060382110553,0,0.4100603621730382
FGSG_12573,4,0.40531508913042097,1.6100603785094918,FGSG_02325;FGSG_02326;FGSG_02327;FGSG_02328,2,uncharacterized protein,GO:0008152;GO:0016853,1.6100603785094918,4,0.382307185947567,0.0248152922043987,0,0.4098591549295775
FGSG_01206,10,0.49752265937613926,4.566035074943376,FGSG_00743;FGSG_01422;FGSG_02272;FGSG_02461;FGSG_03061;FGSG_03894;FGSG_05610;FGSG_08712;FGSG_08774;FGSG_09012,1,uncharacterized protein,,1.4471653621204241,3,-0.38051882467744,0.0041553732018992,0,0.4094567404426559
FGSG_00853,10,0.4974506576962015,4.545231622636451,FGSG_00743;FGSG_01422;FGSG_02272;FGSG_02461;FGSG_03061;FGSG_03894;FGSG_05610;FGSG_08712;FGSG_08774;FGSG_09012,1,uncharacterized protein,,1.433001907632603,3,-0.528813168304593,0.0003531574765898,0,0.40925553319919517
FGSG_08128,12,0.4865046786019225,5.301248088053011,FGSG_00743;FGSG_00765;FGSG_01422;FGSG_02272;FGSG_02461;FGSG_03061;FGSG_03894;FGSG_05610;FGSG_08712;FGSG_08774;FGSG_09012;FGSG_13136,1,uncharacterized protein,GO:0000329;GO:0005783;GO:0005794;GO:0042149,1.432625263878554,3,-0.18788631175343,0.0356767869088077,0,0.40905432595573443
FGSG_00308,12,0.49697985731663735,5.337299448765969,FGSG_00743;FGSG_01422;FGSG_02030;FGSG_02272;FGSG_02461;FGSG_03061;FGSG_03894;FGSG_05368;FGSG_05610;FGSG_08774;FGSG_09012;FGSG_13136,1,uncharacterized protein,GO:0006810;GO:0016021,1.4300463505868255,3,-0.252073012410916,0.0236247455040516,0,0.4088531187122737
FGSG_00407,9,0.48590875107343184,4.037171863735771,FGSG_00743;FGSG_01422;FGSG_02272;FGSG_02461;FGSG_03061;FGSG_03894;FGSG_05610;FGSG_08774;FGSG_09012,1,sporulation protein SPS19,,1.4064360960197844,3,-0.413052923095606,0.0352040308638159,0,0.40865191146881286
FGSG_10074,9,0.4807107944788684,4.053389913764987,FGSG_00743;FGSG_01422;FGSG_02272;FGSG_02461;FGSG_03061;FGSG_03894;FGSG_05610;FGSG_08774;FGSG_09012,1,uncharacterized protein,GO:0003676,1.4025159824967897,3,-0.129865860091901,0.17288369443854,0,0.4084507042253521
FGSG_08563,10,0.4755292054871533,4.4053059988626355,FGSG_00743;FGSG_01422;FGSG_02272;FGSG_02461;FGSG_03061;FGSG_03894;FGSG_05610;FGSG_08712;FGSG_08774;FGSG_09012,1,uncharacterized protein,,1.3997460724670687,3,-0.302293907212097,0.183485902673777,0,0.4082494969818914
FGSG_07271,8,0.4811123527482934,3.6070406636133603,FGSG_00743;FGSG_02272;FGSG_02461;FGSG_03061;FGSG_03894;FGSG_05610;FGSG_08774;FGSG_09012,1,uncharacterized protein,GO:0016021,1.3909464510935892,3,-0.404812303841487,0.0714507118369772,0,0.4078470824949698
FGSG_09410,11,0.4854439831026251,4.792622526891121,FGSG_00743;FGSG_00765;FGSG_01422;FGSG_02272;FGSG_02461;FGSG_03061;FGSG_03894;FGSG_05610;FGSG_08712;FGSG_08774;FGSG_09012,1,uncharacterized protein,GO:0003676;GO:0046872,1.3906578162980363,3,-0.492858147127031,0.0044269543924253,0,0.4076458752515091
FGSG_09507,9,0.47399511362047864,3.973924238183119,FGSG_00743;FGSG_01422;FGSG_02272;FGSG_02461;FGSG_03061;FGSG_03894;FGSG_05610;FGSG_08712;FGSG_08774,1,uncharacterized protein,,1.3904984183519564,3,-0.303848324805971,0.0043425435584205,0,0.40744466800804824
FGSG_01064,10,0.4762894563879891,4.41558714691922,FGSG_00743;FGSG_00765;FGSG_02272;FGSG_02461;FGSG_03061;FGSG_03894;FGSG_05610;FGSG_08774;FGSG_09012;FGSG_13136,1,uncharacterized protein,GO:0005794;GO:0006882;GO:0016021,1.3897515698724119,3,-0.331187886965753,0.0031271984222065,0,0.4072434607645875
FGSG_00800,9,0.48627411358426587,4.0106523176615045,FGSG_00743;FGSG_00765;FGSG_02272;FGSG_02461;FGSG_03061;FGSG_03894;FGSG_05610;FGSG_08774;FGSG_09012,1,uncharacterized protein,GO:0000981;GO:0003677;GO:0005634;GO:0006351;GO:0006357;GO:0008270,1.3887035359699111,3,-0.174768083398187,0.149013833799263,0,0.4070422535211268
FGSG_09370,10,0.46894252110797147,4.3582731500877685,FGSG_00743;FGSG_01422;FGSG_02272;FGSG_02461;FGSG_03061;FGSG_03894;FGSG_05610;FGSG_08712;FGSG_08774;FGSG_09012,1,uncharacterized protein,GO:0016021,1.387470553962882,3,-0.349344282590261,0.360294948831448,0,0.40684104627766593
FGSG_06978,8,0.472731287160985,3.5767932359115613,FGSG_00743;FGSG_02272;FGSG_02461;FGSG_03061;FGSG_03894;FGSG_05610;FGSG_08774;FGSG_09012,1,uncharacterized protein,GO:0005459;GO:0005783;GO:0015786;GO:0016021;GO:0072334,1.3849891179395697,3,-0.293117295446932,0.0334034015512381,0,0.4066398390342052
FGSG_12868,8,0.4816922128415607,3.581151197480665,FGSG_00743;FGSG_02272;FGSG_02461;FGSG_03061;FGSG_03894;FGSG_05610;FGSG_08774;FGSG_09012,1,uncharacterized protein,,1.382817698145427,3,-0.458006316524564,0.243988138678978,0,0.40643863179074446
FGSG_10979,9,0.478657644446135,4.010226903718827,FGSG_00743;FGSG_01422;FGSG_02272;FGSG_02461;FGSG_03061;FGSG_03894;FGSG_05610;FGSG_08774;FGSG_09012,1,uncharacterized protein,GO:0005743;GO:0006067;GO:0016021,1.3827376159590006,3,-0.670964428447863,0.004799669617806,0,0.40623742454728373
FGSG_05171,10,0.4732299520889069,4.386948774129667,FGSG_00743;FGSG_00765;FGSG_02272;FGSG_02461;FGSG_03061;FGSG_03894;FGSG_05610;FGSG_08774;FGSG_09012;FGSG_13136,1,uncharacterized protein,GO:0003700;GO:0006355;GO:0043565,1.382011990024487,3,-0.198874748223243,0.0225548975602043,0,0.40583501006036216
FGSG_11533,10,0.47202073119518057,4.353349759714846,FGSG_00743;FGSG_01422;FGSG_02272;FGSG_02461;FGSG_03061;FGSG_03894;FGSG_05610;FGSG_08712;FGSG_08774;FGSG_09012,1,uncharacterized protein,,1.3793483159695936,3,-0.449318443519955,0.251071235932776,0,0.4056338028169014
FGSG_00171,10,0.46861969895376504,4.39157454810973,FGSG_00743;FGSG_02272;FGSG_02461;FGSG_03061;FGSG_03894;FGSG_04309;FGSG_05610;FGSG_08774;FGSG_09012;FGSG_13136,1,uncharacterized protein,GO:0005525;GO:0005622;GO:0007264,1.3791908724448494,3,-0.702943157187823,0.0035606336236093,0,0.4054325955734407
FGSG_12955,8,0.46888552204609923,3.586786387791263,FGSG_00743;FGSG_02272;FGSG_02461;FGSG_03061;FGSG_03894;FGSG_05610;FGSG_08774;FGSG_09012,1,ATP synthase subunit delta,GO:0005756;GO:0015986;GO:0046933;GO:0046961,1.378690876160882,3,-0.419044927729381,0.0012743143847436,0,0.40523138832997985
FGSG_07202,8,0.4809624140390194,3.6023871016115576,FGSG_00743;FGSG_02272;FGSG_02461;FGSG_03061;FGSG_03894;FGSG_05610;FGSG_08774;FGSG_09012,1,uncharacterized protein,GO:0004252;GO:0005789;GO:0006508;GO:0016021,1.377813814667338,3,-0.515377186497693,0.0004578590338509,0,0.4050301810865191
FGSG_09489,8,0.4723487290355195,3.595543223587734,FGSG_00743;FGSG_02272;FGSG_02461;FGSG_03061;FGSG_03894;FGSG_05610;FGSG_08774;FGSG_09012,1,uncharacterized protein,GO:0005750;GO:0005758;GO:0006122;GO:0008121;GO:0009060;GO:1902600,1.3766022105870435,3,-0.404804486214261,0.0010914692085015,0,0.4048289738430584
FGSG_00471,10,0.4743012302695664,4.405574314549694,FGSG_00743;FGSG_01422;FGSG_02272;FGSG_02461;FGSG_03061;FGSG_03894;FGSG_05610;FGSG_08774;FGSG_09012;FGSG_09456,1,uncharacterized protein,,1.3753336158610936,3,-0.375820831803115,0.001599150264017,0,0.4046277665995976
FGSG_07005,9,0.4720814253954035,3.9595847947283556,FGSG_00743;FGSG_00765;FGSG_02272;FGSG_02461;FGSG_03061;FGSG_03894;FGSG_05610;FGSG_08774;FGSG_09012,1,uncharacterized protein,,1.3730468450043967,3,-0.180820553742496,0.176844621973828,0,0.4044265593561368
FGSG_05154,8,0.4668012519247504,3.577694785665849,FGSG_00743;FGSG_02272;FGSG_02461;FGSG_03061;FGSG_03894;FGSG_05610;FGSG_08774;FGSG_09012,1,uncharacterized protein,GO:0003881;GO:0005741;GO:0005794;GO:0006661;GO:0016021,1.3726915379434834,3,-0.187070791897021,0.0461026584254685,0,0.4042253521126761
FGSG_04923,10,0.46959175457008684,4.3998474394558045,FGSG_00743;FGSG_01422;FGSG_02272;FGSG_02461;FGSG_03061;FGSG_03894;FGSG_05610;FGSG_08774;FGSG_09012;FGSG_09456,1,uncharacterized protein,GO:0016021,1.372554589946072,3,-0.355814579799656,0.0064679225400397,0,0.40402414486921534
FGSG_06352,8,0.46976257868669474,3.5275633642543496,FGSG_00743;FGSG_02272;FGSG_02461;FGSG_03061;FGSG_03894;FGSG_05610;FGSG_08712;FGSG_08774,1,uncharacterized protein,GO:0006366,1.3717186132134298,3,-0.2248209830922,0.166116754226262,0,0.4038229376257545
FGSG_00696,8,0.48341020772958115,3.566516528927744,FGSG_00743;FGSG_02272;FGSG_02461;FGSG_03061;FGSG_03894;FGSG_05610;FGSG_08774;FGSG_09012,1,uncharacterized protein,GO:0046872,1.3696969371813335,3,-0.252671965066893,0.265800558289528,0,0.40362173038229376
FGSG_02848,8,0.4766220146559128,3.532269206009736,FGSG_00743;FGSG_02272;FGSG_02461;FGSG_03061;FGSG_03894;FGSG_05610;FGSG_08774;FGSG_09012,1,uncharacterized protein,GO:0006637;GO:0047617,1.3686618314618757,3,-0.445443716457591,0.183283959897135,0,0.40342052313883303
FGSG_04567,10,0.4629988166123817,4.3626148710837835,FGSG_00743;FGSG_02272;FGSG_02461;FGSG_03061;FGSG_03894;FGSG_04309;FGSG_05610;FGSG_08774;FGSG_09012;FGSG_13136,1,monothiol glutaredoxin-5,GO:0005759;GO:0006970;GO:0009055;GO:0015035;GO:0015038;GO:0034599;GO:0045454;GO:0055114,1.3660219972343004,3,-0.366389556618287,0.0042537647624871,0,0.4032193158953722
FGSG_05805,8,0.4657011405090192,3.5018491367716673,FGSG_00743;FGSG_02272;FGSG_02461;FGSG_03061;FGSG_03894;FGSG_05610;FGSG_08774;FGSG_13136,1,cyanide hydratase,GO:0006807;GO:0016810;GO:0030196,1.3655163120279925,3,-0.353503815664846,0.314113019721599,0,0.40301810865191146
FGSG_07596,9,0.46630901774844624,3.940736648626805,FGSG_00743;FGSG_00765;FGSG_02272;FGSG_02461;FGSG_03061;FGSG_03894;FGSG_05610;FGSG_08774;FGSG_13136,1,uncharacterized protein,GO:0003958;GO:0005506;GO:0010181;GO:0016021;GO:0020037;GO:0055114;GO:0070330,1.365422268227361,3,-0.565107213706588,7.03488142201779e-06,0,0.4028169014084507
FGSG_02686,9,0.4694996866368025,3.9327690214963105,FGSG_00743;FGSG_00765;FGSG_02272;FGSG_02461;FGSG_03061;FGSG_03894;FGSG_05610;FGSG_08774;FGSG_09012,1,ribonuclease Trv,GO:0003723;GO:0033897;GO:0090502,1.3635832746338958,3,-0.558404097882493,0.168686865362081,0,0.40261569416498993
FGSG_01541,8,0.47454001794364775,3.557606671337827,FGSG_00743;FGSG_02272;FGSG_02461;FGSG_03061;FGSG_03894;FGSG_05610;FGSG_08774;FGSG_09012,1,uncharacterized protein,GO:0003735;GO:0005762;GO:0006412,1.3620646895275652,3,-0.312574409743222,0.0270731626521927,0,0.40241448692152915
FGSG_06051,10,0.46353576093415316,4.329329743794597,FGSG_00743;FGSG_02272;FGSG_02461;FGSG_03061;FGSG_03894;FGSG_04309;FGSG_05610;FGSG_08774;FGSG_09012;FGSG_13136,1,"alpha,alpha-trehalose-phosphate synthase",GO:0003825;GO:0005829;GO:0005946;GO:0030437;GO:0034599;GO:0090441,1.3611069943520688,3,-0.276112515644605,0.0017070732422332,0,0.4022132796780684
FGSG_08417,8,0.47043248889072026,3.5353836358398323,FGSG_00743;FGSG_02272;FGSG_02461;FGSG_03061;FGSG_03894;FGSG_05610;FGSG_08774;FGSG_09012,1,uncharacterized protein,GO:0005763;GO:0032543,1.3578879812034523,3,-0.187067816932954,0.126345295715639,0,0.4020120724346076
FGSG_12759,8,0.4779517763418445,3.5418899491346507,FGSG_00743;FGSG_02272;FGSG_02461;FGSG_03061;FGSG_03894;FGSG_05610;FGSG_08774;FGSG_09012,1,dephospho-CoA kinase,GO:0004140;GO:0005524;GO:0005635;GO:0005739;GO:0005783;GO:0015937;GO:0016310,1.353243224693688,3,-0.249365199504211,0.0607107136622513,0,0.4018108651911469
FGSG_05407,13,0.4777630616752178,5.643393556608925,FGSG_00743;FGSG_00765;FGSG_01621;FGSG_02272;FGSG_02461;FGSG_03061;FGSG_03894;FGSG_04309;FGSG_05368;FGSG_05610;FGSG_08774;FGSG_09012;FGSG_13136,1,uncharacterized protein,GO:0016020,1.351337083166563,3,-0.309096776519261,0.0006884671341159,0,0.4016096579476861
FGSG_10669,8,0.47261976309626186,3.503288027090005,FGSG_00743;FGSG_00765;FGSG_02272;FGSG_02461;FGSG_03061;FGSG_03894;FGSG_05610;FGSG_08774,1,uncharacterized protein,GO:0004638;GO:0005524;GO:0005737;GO:0006144;GO:0006189;GO:0046872,1.3495862317338805,3,-0.303406599893075,0.0711545993617258,0,0.4014084507042254
FGSG_06905,8,0.46082108400214933,3.518869847816082,FGSG_00743;FGSG_02272;FGSG_02461;FGSG_03061;FGSG_03894;FGSG_05610;FGSG_08774;FGSG_09012,1,uncharacterized protein,GO:0009060;GO:0031305;GO:0033617;GO:0051082,1.3491279033663013,3,-0.306804617826821,0.0691732058734646,0,0.4012072434607646
FGSG_06021,8,0.4728377569102753,3.5431661032097326,FGSG_00743;FGSG_02272;FGSG_02461;FGSG_03061;FGSG_03894;FGSG_05610;FGSG_08774;FGSG_09012,1,"ADP,ATP carrier protein",GO:0005215;GO:0005743;GO:0006281;GO:0016021;GO:0051382;GO:0055085,1.348530832119248,3,-0.429326369146054,0.0012231717034683,0,0.4010060362173038
FGSG_13665,7,0.4609154684845767,3.1060575266695563,FGSG_02272;FGSG_02461;FGSG_03061;FGSG_03894;FGSG_05610;FGSG_08774;FGSG_09012,1,uncharacterized protein,GO:0003735;GO:0005840;GO:0006412;GO:0006417;GO:0019887;GO:0019901;GO:0033554;GO:0033674;GO:0043022;GO:0045859,1.347127352987631,3,-0.269180031237086,0.0218453209815191,0,0.40080482897384306
FGSG_06261,8,0.4526880911650283,3.4982749899200742,FGSG_00743;FGSG_01422;FGSG_02272;FGSG_02461;FGSG_03061;FGSG_03894;FGSG_05610;FGSG_08712,1,uncharacterized protein,,1.3456551431248243,3,-0.495608036679144,0.165600978044168,0,0.40060362173038233
FGSG_00714,12,0.4792444819688008,5.188147078116484,FGSG_00743;FGSG_00765;FGSG_01621;FGSG_02272;FGSG_02461;FGSG_03061;FGSG_03894;FGSG_04588;FGSG_05368;FGSG_05610;FGSG_08774;FGSG_09012,1,uncharacterized protein,GO:0016021,1.3436523736610746,3,-0.212766538226363,0.022804877407371,0,0.4004024144869215
FGSG_05970,6,0.45384384326809035,2.635783285925579,FGSG_00743;FGSG_02272;FGSG_02461;FGSG_03061;FGSG_03894;FGSG_05610,1,uncharacterized protein,GO:0016021,1.3380058698709543,3,-0.304557524290975,0.418505086159799,0,0.40020120724346075
FGSG_09864,8,0.46368753055046663,3.497614843340578,FGSG_00743;FGSG_02272;FGSG_02461;FGSG_03061;FGSG_03894;FGSG_05610;FGSG_08774;FGSG_09012,1,uncharacterized protein,GO:0000166;GO:0003676,1.3376963146001177,3,-0.355791835135405,0.0200396816161141,0,0.4
FGSG_02926,11,0.47332330518859284,4.764679405037542,FGSG_00743;FGSG_00765;FGSG_01621;FGSG_02272;FGSG_02461;FGSG_03061;FGSG_03894;FGSG_05368;FGSG_05610;FGSG_08774;FGSG_13136,1,uncharacterized protein,GO:0016021,1.337237836498876,3,-0.308514164854113,0.0001746914291839,0,0.3997987927565393
FGSG_02765,1,0.40029587905775155,0.40029587905775155,FGSG_02324,2,uncharacterized protein,,0.40029587905775155,1,1.06933914154055,3.79427833665948e-29,1,0.39979879275653923
FGSG_08457,9,0.4550978456858573,3.858231436022667,FGSG_00743;FGSG_00765;FGSG_02272;FGSG_02461;FGSG_03061;FGSG_03894;FGSG_05610;FGSG_08774;FGSG_13136,1,uncharacterized protein,GO:0005737,1.337236940088284,3,-0.354825138841565,0.0013705537164423,0,0.39959758551307845
FGSG_01111,7,0.4605505530707824,3.039695691179608,FGSG_00743;FGSG_00765;FGSG_02272;FGSG_02461;FGSG_03061;FGSG_03894;FGSG_05610,1,6-phosphogluconate dehydrogenase,GO:0004616;GO:0005829;GO:0009051;GO:0050661;GO:0055114,1.3345649611418655,3,-0.244574193644698,0.0246543740615698,0,0.3993963782696177
FGSG_13478,7,0.4511401789240812,3.0514972880155833,FGSG_02272;FGSG_02461;FGSG_03061;FGSG_03894;FGSG_05610;FGSG_08774;FGSG_09012,1,uncharacterized protein,GO:0003676,1.3339563081431902,3,-0.364826139925119,0.0943931418915091,0,0.399195171026157
FGSG_09499,7,0.4592083394002758,3.0852069710250296,FGSG_02272;FGSG_02461;FGSG_03061;FGSG_03894;FGSG_05610;FGSG_08774;FGSG_09012,1,uncharacterized protein,GO:0005096;GO:0005794;GO:0006888;GO:0006891;GO:0030136;GO:0043547,1.3331377931985913,3,-0.24432300520205,0.0407175044256506,0,0.39899396378269614
FGSG_10212,13,0.46950451602180254,5.529970267803036,FGSG_00743;FGSG_00765;FGSG_01621;FGSG_02272;FGSG_02461;FGSG_03061;FGSG_03894;FGSG_04309;FGSG_05368;FGSG_05610;FGSG_08774;FGSG_09012;FGSG_13136,1,uncharacterized protein,,1.3330570835331947,3,-0.368760605110714,0.000934898220152,0,0.3987927565392354
FGSG_07488,8,0.4694184252375061,3.49467148331658,FGSG_00743;FGSG_02272;FGSG_02461;FGSG_03061;FGSG_03894;FGSG_05610;FGSG_08774;FGSG_09012,1,uncharacterized protein,GO:0016021,1.3301949381087281,3,-0.442438194732035,0.0041212092566363,0,0.39859154929577467
FGSG_12178,8,0.4810994826570186,3.502072893627975,FGSG_00743;FGSG_02272;FGSG_02461;FGSG_03061;FGSG_03894;FGSG_05610;FGSG_08774;FGSG_09012,1,uncharacterized protein,GO:0016021,1.3292311933802607,3,-0.314618418183225,0.004215476312255,0,0.3983903420523139
FGSG_06373,8,0.46199070594619496,3.4543500330945944,FGSG_00743;FGSG_00765;FGSG_02272;FGSG_02461;FGSG_03061;FGSG_03894;FGSG_05610;FGSG_08774,1,uncharacterized protein,GO:0005546;GO:0016197;GO:0030036;GO:0031932;GO:0038203,1.328627228937326,3,-0.0806268080512123,0.424100229356023,0,0.3981891348088531
FGSG_03071,6,0.45297134860263133,2.644233863109395,FGSG_02272;FGSG_02461;FGSG_03061;FGSG_03894;FGSG_05610;FGSG_13136,1,uncharacterized protein,GO:0016491;GO:0055114,1.3285853761391841,3,-0.580091720740524,8.54674104926937e-06,0,0.39798792756539236
FGSG_08810,8,0.477116007406293,3.4828935949085906,FGSG_00743;FGSG_02272;FGSG_02461;FGSG_03061;FGSG_03894;FGSG_05610;FGSG_08774;FGSG_09012,1,uncharacterized protein,GO:0005215;GO:0016021;GO:0055085,1.3266045591544209,3,-0.355016649486267,0.0160413175375726,0,0.3977867203219316
FGSG_09802,8,0.4724450110967859,3.4695407290799505,FGSG_00743;FGSG_00765;FGSG_02272;FGSG_02461;FGSG_03061;FGSG_03894;FGSG_05610;FGSG_08774,1,uncharacterized protein,GO:0003677,1.3256907782464116,3,-0.375984111772985,0.134936690657406,0,0.39758551307847084
FGSG_07600,8,0.4497801328181146,3.4157175181757617,FGSG_02271;FGSG_02272;FGSG_02461;FGSG_03061;FGSG_05610;FGSG_07075;FGSG_09456;FGSG_13136,1,uncharacterized protein,GO:0008080,1.3247002828678918,3,-0.659902997174176,0.0166915314052975,0,0.39738430583501005
FGSG_06825,7,0.4570026677004236,3.0705923114759917,FGSG_02272;FGSG_02461;FGSG_03061;FGSG_03894;FGSG_05610;FGSG_09012;FGSG_09456,1,uncharacterized protein,GO:0000226;GO:0005524;GO:0005634;GO:0006457;GO:0009408;GO:0031072;GO:0046872;GO:0051082;GO:1900035,1.3246260810602886,3,-0.398917455963014,0.0012854416627201,0,0.3971830985915493
FGSG_10363,12,0.4661838158038685,5.097321595864704,FGSG_00743;FGSG_00765;FGSG_01621;FGSG_02272;FGSG_02461;FGSG_03061;FGSG_03894;FGSG_04309;FGSG_05610;FGSG_08774;FGSG_09012;FGSG_13136,1,uncharacterized protein,,1.3243916279463295,3,-0.441334829123123,0.0020435104939528,0,0.39698189134808853
FGSG_13606,8,0.44832594595372743,3.422281343589931,FGSG_00743;FGSG_02272;FGSG_02461;FGSG_03061;FGSG_03894;FGSG_05610;FGSG_08774;FGSG_09012,1,uncharacterized protein,GO:0006511;GO:0008540,1.3233164372426864,3,-0.374841602564728,0.221293360584017,0,0.39678068410462775
FGSG_00316,8,0.4714021827193697,3.4617006003195807,FGSG_00743;FGSG_02272;FGSG_02461;FGSG_03061;FGSG_03894;FGSG_05610;FGSG_08774;FGSG_09012,1,uncharacterized protein,GO:0008270;GO:0016021;GO:0016874,1.322410064409523,3,-0.245198684370592,0.0295953775879973,0,0.396579476861167
FGSG_04193,8,0.4710235754548565,3.454555180420612,FGSG_00743;FGSG_00765;FGSG_02272;FGSG_02461;FGSG_03061;FGSG_03894;FGSG_05610;FGSG_08774,1,uncharacterized protein,,1.3218932209770844,3,-0.268059367899983,0.077219479451665,0,0.3963782696177063
FGSG_01087,7,0.4625736069157148,3.045049775286381,FGSG_00743;FGSG_02272;FGSG_02461;FGSG_03061;FGSG_03894;FGSG_05610;FGSG_08774,1,uncharacterized protein,,1.3216368786273387,3,-0.216237933553352,0.521637485204856,0,0.39617706237424544
FGSG_05410,9,0.45823992964753874,3.8459316413208917,FGSG_00743;FGSG_00765;FGSG_02272;FGSG_02461;FGSG_03061;FGSG_03894;FGSG_04309;FGSG_05610;FGSG_08774,1,uncharacterized protein,GO:0016021,1.3213879055495479,3,-0.394446055875227,0.0183883511000632,0,0.3959758551307847
FGSG_04985,9,0.475085532337888,3.857880188580486,FGSG_00743;FGSG_00765;FGSG_02272;FGSG_02461;FGSG_03061;FGSG_03894;FGSG_05610;FGSG_08774;FGSG_09012,1,uncharacterized protein,,1.321264145379302,3,-0.161437192456795,0.132164945541019,0,0.39577464788732397
FGSG_10843,11,0.4564434538533346,4.666668854398743,FGSG_00765;FGSG_01621;FGSG_02272;FGSG_02461;FGSG_03061;FGSG_03894;FGSG_04309;FGSG_05610;FGSG_08774;FGSG_09012;FGSG_13136,1,uncharacterized protein,GO:0008168;GO:0032259,1.3210783215898674,3,-0.323363993154053,0.0131764777657969,0,0.39557344064386313
FGSG_09977,12,0.47445284614299243,5.11464977621865,FGSG_00743;FGSG_00765;FGSG_01621;FGSG_02272;FGSG_02461;FGSG_03061;FGSG_03894;FGSG_05368;FGSG_05610;FGSG_08493;FGSG_08774;FGSG_09012,1,uncharacterized protein,GO:0016021,1.319307213834096,3,-0.710737894108357,9.02026920311575e-05,0,0.3953722334004024
FGSG_02606,6,0.46606227323361543,2.580309237397445,FGSG_00743;FGSG_03894;FGSG_05610;FGSG_08774;FGSG_10922;FGSG_12180,1,30S ribosomal protein S10,GO:0003735;GO:0005739;GO:0005840;GO:0032543,1.3187811113810737,3,-0.279795755873424,0.0060480528737162,0,0.39517102615694166
FGSG_12418,7,0.4460845728220795,3.007262545014064,FGSG_02271;FGSG_02272;FGSG_02461;FGSG_03061;FGSG_05610;FGSG_07075;FGSG_13136,1,uncharacterized protein,,1.318706662812882,3,-0.52323058581858,2.04613468720673e-10,0,0.3949698189134809
FGSG_13154,7,0.4565652879664888,2.997998817217881,FGSG_00743;FGSG_02272;FGSG_02461;FGSG_03061;FGSG_03894;FGSG_05610;FGSG_08774,1,uncharacterized protein,,1.3178807020518333,3,-0.300004044544836,0.270431369130068,0,0.3947686116700201
FGSG_05177,8,0.4509779330626069,3.416519437412214,FGSG_00743;FGSG_00765;FGSG_02272;FGSG_02461;FGSG_03061;FGSG_03894;FGSG_05610;FGSG_08774,1,uncharacterized protein,,1.317588008269799,3,-0.0833501990605372,0.197015348632815,0,0.39456740442655935
FGSG_13314,9,0.4757312532323342,3.847707636732218,FGSG_00743;FGSG_00765;FGSG_02272;FGSG_02461;FGSG_03061;FGSG_03894;FGSG_05610;FGSG_08774;FGSG_09012,1,uncharacterized protein,GO:0003676;GO:0046872,1.3151993718575765,3,-0.375254326305708,0.0135496770502382,0,0.3943661971830986
FGSG_10820,7,0.456757275108064,3.0453023448996004,FGSG_02272;FGSG_02461;FGSG_03061;FGSG_03894;FGSG_05610;FGSG_08774;FGSG_09012,1,uncharacterized protein,,1.314171585244762,3,-0.187905071677713,0.113208405512119,0,0.39416498993963783
FGSG_10895,7,0.4691392063218003,3.020442175907386,FGSG_00743;FGSG_02272;FGSG_02461;FGSG_03061;FGSG_03894;FGSG_05610;FGSG_08774,1,uncharacterized protein,GO:0000981;GO:0005634;GO:0006357;GO:0008270,1.3128343707756478,3,-0.270737891832223,0.254968305890637,0,0.39396378269617705
FGSG_06353,9,0.4665567148125275,3.8431817618936943,FGSG_00743;FGSG_00765;FGSG_02272;FGSG_02461;FGSG_03061;FGSG_03894;FGSG_05610;FGSG_08774;FGSG_09012,1,uncharacterized protein,GO:0003743;GO:0006413;GO:0022627,1.3124004802686438,3,-0.244741243759352,0.0726917321849841,0,0.3937625754527163
FGSG_01448,7,0.4464867934311223,3.042195412340992,FGSG_02272;FGSG_02461;FGSG_03061;FGSG_03894;FGSG_05610;FGSG_08774;FGSG_09012,1,uncharacterized protein,GO:0005310;GO:0006835;GO:0006839;GO:0016021;GO:0031966;GO:0055085,1.3105681912048537,3,-0.482290623818055,0.004886100957903,0,0.3935613682092555
FGSG_07155,6,0.4611184688134144,2.5558644872550236,FGSG_00743;FGSG_03894;FGSG_05610;FGSG_08774;FGSG_10922;FGSG_12180,1,uncharacterized protein,GO:0004842;GO:0005634;GO:0005829;GO:0006449;GO:0008270;GO:0016567,1.310188057211975,3,-0.300519428550917,0.0031889142420268,0,0.39336016096579474
FGSG_08643,7,0.4492120312383289,3.004750028455196,FGSG_00765;FGSG_02272;FGSG_02461;FGSG_03061;FGSG_03894;FGSG_05610;FGSG_08774,1,uncharacterized protein,GO:0005938,1.3094101863137004,3,-0.127291422637488,0.250737423547415,0,0.393158953722334
FGSG_09667,7,0.45180483606244515,3.0400515287032657,FGSG_02272;FGSG_02461;FGSG_03061;FGSG_03894;FGSG_05610;FGSG_08774;FGSG_09012,1,uncharacterized protein,GO:0004583;GO:0005789;GO:0006488;GO:0016021,1.3088502029911655,3,-0.512877747348271,0.00661653347405,0,0.39295774647887327
FGSG_12712,7,0.4585833420797307,2.9899617240577308,FGSG_00743;FGSG_02272;FGSG_02461;FGSG_03061;FGSG_03894;FGSG_05610;FGSG_08774,1,uncharacterized protein,GO:0000723;GO:0000784;GO:0000981;GO:0003684;GO:0004003;GO:0006303;GO:0006357;GO:0008270;GO:0032508;GO:0042162;GO:0043564,1.3086429222597333,3,-0.231901257067658,0.0888361220351472,0,0.3927565392354125
FGSG_08384,8,0.468036290063151,3.408291408735445,FGSG_00743;FGSG_00765;FGSG_02272;FGSG_02461;FGSG_03061;FGSG_03894;FGSG_05610;FGSG_08774,1,uncharacterized protein,,1.307615188493383,3,-0.139944654793206,0.303564297778463,0,0.3925553319919517
FGSG_06262,6,0.44378689937652555,2.5777524176002165,FGSG_00743;FGSG_02272;FGSG_02461;FGSG_03061;FGSG_03894;FGSG_05610,1,uncharacterized protein,GO:0046983,1.3053829564890094,3,-0.177325003342453,0.140497455656396,0,0.39235412474849096
FGSG_05036,8,0.4497983593794576,3.399321403246012,FGSG_00743;FGSG_00765;FGSG_02272;FGSG_02461;FGSG_03061;FGSG_03894;FGSG_05610;FGSG_08774,1,glutamine amidotransferase subunit pdxT,GO:0004359;GO:0006541;GO:0016740;GO:0042819;GO:0042823,1.3053337841685866,3,-0.356002947798699,0.121964651762273,0,0.39215291750503023
FGSG_08296,8,0.4663529376213106,3.397296566429763,FGSG_00743;FGSG_02272;FGSG_02461;FGSG_03061;FGSG_03894;FGSG_05610;FGSG_08774;FGSG_09012,1,uncharacterized protein,GO:0005634;GO:0005829,1.3053104199750492,3,-0.14800448933399,0.3276839495587,0,0.3919517102615694
FGSG_09799,6,0.4558936531328212,2.593473142785702,FGSG_02272;FGSG_02461;FGSG_03061;FGSG_03894;FGSG_05610;FGSG_08774,1,uncharacterized protein,,1.305260851405979,3,-0.165799968869872,0.258726569946621,0,0.39175050301810865
FGSG_05571,9,0.46330364626504283,3.849141411498649,FGSG_00743;FGSG_00765;FGSG_01621;FGSG_02272;FGSG_02461;FGSG_03061;FGSG_03894;FGSG_05610;FGSG_08774,1,metal resistance protein YCF1,GO:0000329;GO:0005524;GO:0005794;GO:0006749;GO:0015127;GO:0015431;GO:0015723;GO:0016021;GO:0036246;GO:0042144;GO:0044604;GO:0045454;GO:0071996;GO:0098849,1.304906616623671,3,-0.223154490253474,0.0282075031554257,0,0.3915492957746479
FGSG_13929,8,0.46232486547323914,3.443104043320134,FGSG_00743;FGSG_02272;FGSG_02461;FGSG_03061;FGSG_03894;FGSG_05610;FGSG_08774;FGSG_09012,1,uncharacterized protein,GO:0003677,1.3048414628010887,3,-0.57892504364842,0.0163449773386019,0,0.3913480885311871
FGSG_10383,6,0.47172059103998015,2.5787230325623094,FGSG_00743;FGSG_03894;FGSG_05610;FGSG_08774;FGSG_10922;FGSG_12180,1,uncharacterized protein,GO:0016021,1.3048117324643624,3,-0.847135098336146,0.0002730490917153,0,0.39114688128772634
FGSG_05371,8,0.4735538458477038,3.4331825924325194,FGSG_00743;FGSG_00765;FGSG_02272;FGSG_02461;FGSG_03061;FGSG_03894;FGSG_05610;FGSG_08774,1,uncharacterized protein,GO:0004497;GO:0005634;GO:0005829;GO:0055114,1.3041452914529317,3,-0.307837692177351,0.0209343618450868,0,0.3909456740442656
FGSG_09154,8,0.45989581863940476,3.4015404531395212,FGSG_00743;FGSG_00765;FGSG_02272;FGSG_02461;FGSG_03061;FGSG_03894;FGSG_05610;FGSG_08774,1,uncharacterized protein,GO:0016787,1.3033935880005643,3,-0.361458684227086,0.12312979270288,0,0.3907444668008048
FGSG_04913,7,0.4664031480062672,2.9961087762545064,FGSG_00743;FGSG_02272;FGSG_02461;FGSG_03061;FGSG_03894;FGSG_05610;FGSG_08774,1,uncharacterized protein,GO:0008422;GO:0030245;GO:0102483,1.3026147852233418,3,-0.737767126218179,0.0966636371243085,0,0.39054325955734404
FGSG_11918,5,0.4450175611585908,2.1684284018827613,FGSG_00743;FGSG_02272;FGSG_03061;FGSG_03894;FGSG_05610,1,uncharacterized protein,,1.302046512960584,3,-0.32159558571018,0.394325230409246,0,0.3903420523138833
FGSG_01521,7,0.46246008715826226,2.981673414265684,FGSG_00743;FGSG_02272;FGSG_02461;FGSG_03061;FGSG_03894;FGSG_05610;FGSG_08774,1,uncharacterized protein,GO:0008152;GO:0016021;GO:0016787,1.3014154117176278,3,-0.137762904744639,0.580321630507266,0,0.3901408450704225
FGSG_02145,7,0.45140582101981624,2.981578663662342,FGSG_00743;FGSG_02272;FGSG_02461;FGSG_03061;FGSG_03894;FGSG_05610;FGSG_09012,1,high-affinity methionine permease,GO:0003333;GO:0015171;GO:0016021;GO:0042883;GO:0044690,1.3002453458824557,3,-0.464220335371594,0.237858273716207,0,0.3899396378269618
FGSG_13725,7,0.45692373877148834,2.978222146198928,FGSG_00743;FGSG_00765;FGSG_02272;FGSG_02461;FGSG_03061;FGSG_03894;FGSG_05610,1,spermidine synthase,GO:0005829;GO:0006595;GO:0016740,1.299958425280761,3,-0.251574237351404,0.0580620615325308,0,0.389738430583501
FGSG_08659,6,0.4622641344757968,2.5444845888607217,FGSG_00743;FGSG_03894;FGSG_05610;FGSG_08774;FGSG_10922;FGSG_12180,1,uncharacterized protein,GO:0016021,1.2995018539223373,3,-0.590915683818699,3.93966201705365e-06,0,0.38953722334004026
FGSG_09781,7,0.44229063438251315,2.9958285665807405,FGSG_02271;FGSG_02272;FGSG_02461;FGSG_03061;FGSG_05610;FGSG_07075;FGSG_09456,1,uncharacterized protein,GO:0005739;GO:0016874,1.2990322031005141,3,-0.298133467585501,0.111379467011511,0,0.3893360160965795
FGSG_09542,8,0.4596625465839866,3.4094647684194332,FGSG_00743;FGSG_02272;FGSG_02461;FGSG_03061;FGSG_03894;FGSG_05610;FGSG_08774;FGSG_09012,1,SCO1 protein,GO:0005507;GO:0005743;GO:0006825;GO:0006878;GO:0008535;GO:0016021,1.2983772414069261,3,-0.412358407656471,0.0151391173426544,0,0.3891348088531187
FGSG_09234,7,0.44989781728267286,3.003896233385553,FGSG_02272;FGSG_02461;FGSG_03061;FGSG_03894;FGSG_05610;FGSG_08774;FGSG_09012,1,NADH dehydrogenase iron-sulfur protein 3,GO:0008137;GO:0055114,1.2981633087239226,3,-0.155411402459754,0.144712221831194,0,0.38893360160965795
FGSG_01170,6,0.442653721629895,2.5883972864794416,FGSG_02272;FGSG_02461;FGSG_03061;FGSG_03894;FGSG_05610;FGSG_08774,1,uncharacterized protein,GO:0005783;GO:0005794;GO:0009055;GO:0015035;GO:0015038;GO:0016021;GO:0031965;GO:0042175;GO:0045454;GO:0055114,1.2977011988295688,3,-0.185366437175908,0.190939746661612,0,0.3887323943661972
FGSG_04181,6,0.4440581178901448,2.590857223948343,FGSG_02272;FGSG_02461;FGSG_03061;FGSG_03894;FGSG_05610;FGSG_13136,1,elongation factor 3,GO:0003746;GO:0005524;GO:0006414;GO:0016887,1.2975175772502103,3,-0.0676113839402279,0.327435225597197,0,0.3885311871227364
FGSG_13607,8,0.46060712901829187,3.3979441128662673,FGSG_00743;FGSG_00765;FGSG_02272;FGSG_02461;FGSG_03061;FGSG_03894;FGSG_05610;FGSG_08774,1,uncharacterized protein,GO:0006511;GO:0008540,1.2971218400718585,3,-0.134924881431141,0.317789896135533,0,0.38832997987927564
FGSG_09009,6,0.44633555733193647,2.557005051680807,FGSG_00743;FGSG_02272;FGSG_02461;FGSG_03061;FGSG_03894;FGSG_05610,1,uncharacterized protein,GO:0003723;GO:0004525;GO:0006396;GO:0090502,1.2967508880483618,3,-0.126576053113695,0.398454307582111,0,0.3881287726358149
FGSG_07522,5,0.4556352803322619,2.13315697774291,FGSG_00743;FGSG_03894;FGSG_08774;FGSG_10922;FGSG_12180,1,uncharacterized protein,,1.2965945587350003,3,-0.905801750489328,0.0061374587075721,0,0.3879275653923542
FGSG_11193,7,0.43674042811202113,2.9660901278956637,FGSG_00743;FGSG_01422;FGSG_02272;FGSG_02461;FGSG_03061;FGSG_03894;FGSG_05610,1,uncharacterized protein,GO:0045151;GO:0047605,1.2964707549817602,3,-0.290376276381328,0.266292383574269,0,0.38772635814889334
FGSG_00556,8,0.46826552499612456,3.4123274815466393,FGSG_00743;FGSG_02272;FGSG_02461;FGSG_03061;FGSG_03894;FGSG_05610;FGSG_08774;FGSG_09012,1,uncharacterized protein,GO:0005758;GO:0005829;GO:0015680;GO:0016531;GO:0018343;GO:0033617,1.2962515022447423,3,-0.428857466797188,0.0166359241610689,0,0.3875251509054326
FGSG_06582,6,0.4404709771543043,2.569525683737808,FGSG_02272;FGSG_02461;FGSG_03061;FGSG_03894;FGSG_05610;FGSG_13136,1,uncharacterized protein,GO:0000837;GO:0004842;GO:0005637;GO:0008270;GO:0016567;GO:0016874;GO:0030176;GO:0030433,1.2934712677627782,3,-0.0942681211577103,0.354430748152265,0,0.387122736418511
FGSG_05653,7,0.4457004196219372,3.016484920560562,FGSG_02272;FGSG_02461;FGSG_03061;FGSG_03894;FGSG_05610;FGSG_08774;FGSG_09012,1,uncharacterized protein,GO:0016021,1.2933585623683086,3,-0.252130021515655,0.0400070661884147,0,0.3869215291750503
FGSG_05119,8,0.4526956633902199,3.37822452956792,FGSG_00743;FGSG_02272;FGSG_02461;FGSG_03061;FGSG_03894;FGSG_05610;FGSG_08774;FGSG_09012,1,uncharacterized protein,GO:0016021;GO:0055085,1.2925675785756374,3,-0.363387773289787,0.254176587343516,0,0.38672032193158956
FGSG_00726,8,0.4610586191305595,3.391263739282513,FGSG_00743;FGSG_02272;FGSG_02461;FGSG_03061;FGSG_03894;FGSG_05610;FGSG_08774;FGSG_09012,1,uncharacterized protein,GO:0016021,1.291166044514677,3,-0.145094738694132,0.303325185507212,0,0.3865191146881288
FGSG_02705,8,0.45509497351077755,3.375563994974206,FGSG_00743;FGSG_00765;FGSG_02272;FGSG_02461;FGSG_03061;FGSG_03894;FGSG_05610;FGSG_08774,1,uncharacterized protein,,1.2905729209293308,3,-0.187708571429126,0.298539813736778,0,0.386317907444668
FGSG_02065,7,0.45353080451134,2.974751443079998,FGSG_00765;FGSG_02272;FGSG_02461;FGSG_03061;FGSG_03894;FGSG_05610;FGSG_08774,1,uncharacterized protein,,1.2904292381023141,3,-0.461712622033708,0.239380048686518,0,0.38611670020120725
FGSG_02901,8,0.4652524743293574,3.4075693165043597,FGSG_00743;FGSG_02272;FGSG_02461;FGSG_03061;FGSG_03894;FGSG_05610;FGSG_08774;FGSG_09012,1,uncharacterized protein,GO:0008152;GO:0008484;GO:0016021,1.2899960286331147,3,-0.228532172864806,0.0282075031554257,0,0.38591549295774646
FGSG_11946,8,0.4406131404316795,3.3656502987444337,FGSG_00765;FGSG_02272;FGSG_02461;FGSG_03061;FGSG_03894;FGSG_04309;FGSG_05610;FGSG_13136,1,uncharacterized protein,,1.2894293804781016,3,-0.179461906783295,0.0463358460638529,0,0.38571428571428573
FGSG_05646,6,0.45065751373564883,2.554379417076529,FGSG_00743;FGSG_02272;FGSG_02461;FGSG_03061;FGSG_03894;FGSG_05610,1,uncharacterized protein,GO:0000981;GO:0003677;GO:0005634;GO:0006351;GO:0006357;GO:0008270,1.2888593630721796,3,-0.311329055336408,0.294207194375675,0,0.38551307847082494
FGSG_09765,7,0.4433574334541568,2.9664542455024088,FGSG_00743;FGSG_00765;FGSG_02272;FGSG_02461;FGSG_03061;FGSG_03894;FGSG_05610,1,uncharacterized protein,,1.2887920103488673,3,-0.197193151833532,0.141798701730422,0,0.3853118712273642
FGSG_02640,5,0.43604823656156466,2.1366692039836903,FGSG_00007;FGSG_03539;FGSG_03842;FGSG_08083;FGSG_13952,2,uncharacterized protein,GO:0004843;GO:0005737;GO:0008270;GO:0016579;GO:0043161;GO:0045721,1.2887367719467158,3,0.281173371402549,0.0222126952144365,0,0.3851106639839034
FGSG_10807,7,0.4631535069645998,2.9412228668616596,FGSG_00743;FGSG_03747;FGSG_03894;FGSG_05610;FGSG_08493;FGSG_08774;FGSG_10922,1,uncharacterized protein,GO:0016021;GO:0016491;GO:0055114,1.28857593447976,3,-0.523412904365586,1.1936161777545e-05,0,0.38490945674044263
FGSG_04431,9,0.4455333581391054,3.783319033002229,FGSG_00007;FGSG_01866;FGSG_03532;FGSG_03539;FGSG_03842;FGSG_03881;FGSG_08081;FGSG_08083;FGSG_13952,2,uncharacterized protein,GO:0016021;GO:0055085,1.2880752059501255,3,0.78163092372099,2.58288611016371e-05,0,0.38450704225352117
FGSG_05544,6,0.4522624170549299,2.5160911090937437,FGSG_00743;FGSG_03894;FGSG_05610;FGSG_08774;FGSG_10922;FGSG_12180,1,uncharacterized protein,GO:0007165,1.2880709577273766,3,-0.297421390252214,0.0123387583420625,0,0.3843058350100603
FGSG_04911,6,0.4391734181812072,2.583419309170385,FGSG_02272;FGSG_02461;FGSG_03061;FGSG_03894;FGSG_04309;FGSG_05610,1,endoplasmic oxidoreductin-1 precursor,GO:0003756;GO:0005783;GO:0006457;GO:0016671;GO:0016972;GO:0055114,1.2879825711428294,3,-0.337179825853145,0.009354445725606,0,0.3841046277665996
FGSG_00907,5,0.4583278078911217,2.121927190397662,FGSG_00743;FGSG_03894;FGSG_08774;FGSG_10922;FGSG_12180,1,uncharacterized protein,,1.2872606814635095,3,-0.369549209067479,0.0033264947895688,0,0.38390342052313886
FGSG_01632,7,0.4621372042345157,2.989466215615355,FGSG_02272;FGSG_02461;FGSG_03061;FGSG_03894;FGSG_05610;FGSG_08774;FGSG_09012,1,uncharacterized protein,,1.2872469975448038,3,-0.18661679374184,0.0948524135346783,0,0.383702213279678
FGSG_12043,7,0.45051791316698697,2.9940612467002397,FGSG_02272;FGSG_02461;FGSG_03061;FGSG_03894;FGSG_05610;FGSG_08774;FGSG_09012,1,uncharacterized protein,GO:0003993;GO:0016021;GO:0016311,1.2872271797644612,3,-0.111589829354138,0.403567398990648,0,0.3835010060362173
FGSG_10935,7,0.43570823509831974,2.9334036737520015,FGSG_02271;FGSG_02272;FGSG_02461;FGSG_03061;FGSG_05610;FGSG_07075;FGSG_07528,1,uncharacterized protein,GO:0000329;GO:0005524;GO:0016021;GO:0016887,1.2848453218863802,3,-0.336532502938744,0.003554646876306,0,0.38309859154929576
FGSG_01267,5,0.4381633710473741,2.115313089202656,FGSG_00007;FGSG_03539;FGSG_03842;FGSG_08083;FGSG_13952,2,uncharacterized protein,,1.2834611391189594,3,0.493081921243317,6.13767011617682e-10,0,0.382897384305835
FGSG_01066,6,0.43761266436327706,2.5572686575959445,FGSG_02272;FGSG_02461;FGSG_03061;FGSG_03894;FGSG_05610;FGSG_13136,1,uncharacterized protein,GO:0008271;GO:0016021;GO:1902358,1.2832095697796593,3,-0.14545502466494,0.500948561032415,0,0.38269617706237424
FGSG_05643,8,0.4604389304923856,3.3826223267673,FGSG_00743;FGSG_00765;FGSG_02272;FGSG_02461;FGSG_03061;FGSG_03894;FGSG_05610;FGSG_08774,1,uncharacterized protein,,1.2828165768969586,3,-0.265934664845069,0.027936930902183,0,0.3824949698189135
FGSG_02096,4,0.44794540822813017,1.6978924583829254,FGSG_00743;FGSG_03894;FGSG_10922;FGSG_12180,1,uncharacterized protein,GO:0005634;GO:0005829;GO:0016021;GO:0016872,1.2827431923648402,3,-0.222461993116718,0.0879834606473462,0,0.3822937625754527
FGSG_13967,9,0.4443635706779677,3.7831683691882882,FGSG_00007;FGSG_01866;FGSG_03532;FGSG_03539;FGSG_03842;FGSG_03881;FGSG_08081;FGSG_08083;FGSG_13952,2,uncharacterized protein,,1.2821408710575377,3,0.462892679289518,0.001594278073554,0,0.38209255533199193
FGSG_09966,5,0.44023058427168205,2.1553043136383456,FGSG_02272;FGSG_02461;FGSG_03061;FGSG_03894;FGSG_05610,1,uncharacterized protein,GO:0001731;GO:0003729;GO:0003743;GO:0005850;GO:0016282;GO:0031369;GO:0043614,1.281983397881177,3,-0.0702096166439485,0.469834962246217,0,0.3818913480885312
FGSG_11978,7,0.4626147776417171,2.9684553161762266,FGSG_00743;FGSG_02272;FGSG_02461;FGSG_03061;FGSG_03894;FGSG_05610;FGSG_08774,1,uncharacterized protein,,1.2819241681955158,3,-0.119314818109353,0.226218424743628,0,0.3816901408450704
FGSG_05855,6,0.4535813246920669,2.5250063622175376,FGSG_00743;FGSG_03894;FGSG_05610;FGSG_08774;FGSG_10922;FGSG_12180,1,uncharacterized protein,GO:0003677;GO:0005634;GO:0005737;GO:0008168;GO:0008270;GO:0016706;GO:0032259;GO:0034649;GO:0034720;GO:0055114;GO:0097549,1.2814552999862345,3,-0.345723394450466,0.0079827221328859,0,0.3814889336016096
FGSG_10989,7,0.4407846407858764,2.9614334109260314,FGSG_02272;FGSG_02461;FGSG_03061;FGSG_03894;FGSG_05610;FGSG_08774;FGSG_09012,1,uncharacterized protein,,1.2808079499468126,3,-0.602394625664316,0.1044230552372,0,0.3812877263581489
FGSG_10382,10,0.4701050799891611,4.190175193011486,FGSG_00743;FGSG_00765;FGSG_02272;FGSG_02461;FGSG_03061;FGSG_03894;FGSG_05368;FGSG_05610;FGSG_08493;FGSG_08774,1,uncharacterized protein,,1.2807833926853884,3,-0.313187199459479,0.0031553910277046,0,0.38108651911468816
FGSG_12916,8,0.45636744066402024,3.3540799003128354,FGSG_00743;FGSG_02272;FGSG_02461;FGSG_03061;FGSG_03894;FGSG_05610;FGSG_08774;FGSG_09012,1,uncharacterized protein,GO:0005525,1.2801079192870415,3,-0.370627696757645,0.230912702595958,0,0.38088531187122737
FGSG_06706,6,0.4461773575722877,2.576566368826594,FGSG_02272;FGSG_02461;FGSG_03061;FGSG_03894;FGSG_05610;FGSG_09012,1,uncharacterized protein,GO:0000166;GO:0003676;GO:0005622;GO:0006810,1.2795760699270566,3,-0.155887200798774,0.170568177302268,0,0.3806841046277666
FGSG_05921,4,0.4435705842231285,1.7044992092155669,FGSG_00743;FGSG_03894;FGSG_10922;FGSG_12180,1,uncharacterized protein,GO:0016614;GO:0050660;GO:0055114,1.2792503964586865,3,-0.551517794413297,2.80894839190889e-05,0,0.38048289738430585
FGSG_05501,6,0.4431722929062726,2.578367816981021,FGSG_02272;FGSG_02461;FGSG_03061;FGSG_03894;FGSG_05610;FGSG_09012,1,vacuolar protein sorting-associated protein 21,GO:0000011;GO:0003924;GO:0005525;GO:0005741;GO:0005769;GO:0005770;GO:0005829;GO:0005886;GO:0006623;GO:0006895;GO:0006897;GO:0007264;GO:0030139;GO:0032511;GO:0036010;GO:0036258,1.2787834853985875,3,-0.211514393687314,0.0605120511939509,0,0.3802816901408451
FGSG_05521,5,0.4348882888960183,2.115370741334157,FGSG_02271;FGSG_02272;FGSG_02461;FGSG_03061;FGSG_05610,1,uncharacterized protein,,1.2783079167073153,3,-0.441254892731342,0.243707294213917,0,0.3800804828973843
FGSG_02806,5,0.43436212426124476,2.1455783925388716,FGSG_02272;FGSG_02461;FGSG_03061;FGSG_03894;FGSG_05610,1,uncharacterized protein,,1.2775725657944108,3,-0.340941962938034,0.213568230741057,0,0.37987927565392354
FGSG_04558,8,0.4572667700659856,3.369952781631623,FGSG_00743;FGSG_02272;FGSG_02461;FGSG_03061;FGSG_03894;FGSG_05610;FGSG_08774;FGSG_09012,1,carbonic anhydrase 2,GO:0004089;GO:0005758;GO:0008270;GO:0015976;GO:0034599;GO:0071244,1.2764036954952769,3,-0.203256384662619,0.076999120222552,0,0.3796780684104628
FGSG_13624,5,0.4355944633519307,2.1154059404605694,FGSG_02272;FGSG_02461;FGSG_03061;FGSG_03894;FGSG_05610,1,uncharacterized protein,,1.2747924997148425,3,-0.426059358815029,0.236293407752458,0,0.379476861167002
FGSG_02708,6,0.4346385278563183,2.534133964533548,FGSG_00007;FGSG_03539;FGSG_03842;FGSG_08081;FGSG_08083;FGSG_13952,2,uncharacterized protein,,1.274707437835401,3,0.363675808452836,0.0134575325450785,0,0.37927565392354123
FGSG_10967,11,0.4462753679941277,4.575750340500793,FGSG_00007;FGSG_01866;FGSG_02327;FGSG_03532;FGSG_03535;FGSG_03881;FGSG_07896;FGSG_08079;FGSG_08083;FGSG_08084;FGSG_13952,2,arginase,GO:0004053;GO:0005737;GO:0006525;GO:0046872;GO:0090368,1.2745700148972596,3,0.463178119163532,3.10368135011215e-06,0,0.3790744466800805
FGSG_09531,7,0.4682745250566263,2.9389980973471466,FGSG_00743;FGSG_02272;FGSG_02461;FGSG_03894;FGSG_05610;FGSG_08774;FGSG_10922,1,uncharacterized protein,GO:0003735;GO:0003924;GO:0005200;GO:0005525;GO:0005634;GO:0005762;GO:0005874;GO:0007017;GO:0019843;GO:0032543,1.274206115740958,3,-0.181178313524779,0.119337300677796,0,0.3788732394366197
FGSG_06607,7,0.4465686533989951,2.975905157321031,FGSG_02272;FGSG_02461;FGSG_03061;FGSG_03894;FGSG_05610;FGSG_08774;FGSG_09012,1,uncharacterized protein,GO:0005048;GO:0005770;GO:0005794;GO:0007034;GO:0016021,1.2734385933839978,3,-0.229192340679998,0.105506701481914,0,0.378672032193159
FGSG_11756,6,0.4301930061740843,2.540740117460345,FGSG_02272;FGSG_02461;FGSG_03061;FGSG_05610;FGSG_09456;FGSG_09834,1,uncharacterized protein,,1.2732899985086557,3,-0.402409428157699,0.0161940038662612,0,0.3784708249496982
FGSG_03500,7,0.4432819282610257,2.921807083528662,FGSG_00007;FGSG_01866;FGSG_02327;FGSG_03532;FGSG_08081;FGSG_08083;FGSG_13952,2,uncharacterized protein,GO:0009401;GO:0016021,1.2728987240524823,3,0.526121225133092,0.0443715957473684,0,0.3782696177062374
FGSG_00992,8,0.4590982937069195,3.3589665160976705,FGSG_00743;FGSG_00765;FGSG_02272;FGSG_02461;FGSG_03061;FGSG_03894;FGSG_05610;FGSG_08774,1,uncharacterized protein,,1.2725044963281193,3,-0.457835751694348,0.183485902673777,0,0.37806841046277667
FGSG_02702,7,0.4456450598065987,2.949017185930104,FGSG_00765;FGSG_02272;FGSG_02461;FGSG_03061;FGSG_03894;FGSG_05610;FGSG_08774,1,uncharacterized protein,GO:0000294;GO:0004521;GO:0005634;GO:0005829;GO:0032790;GO:0043022;GO:0046872;GO:0070317;GO:0070481;GO:0070651;GO:0070966;GO:0071025;GO:0090502,1.2719870094586923,3,-0.183488684025337,0.178554364725,0,0.3778672032193159
FGSG_05385,4,0.4359411172953161,1.6727132267573204,FGSG_00743;FGSG_03747;FGSG_03894;FGSG_10922,1,uncharacterized protein,GO:0016021;GO:0016491;GO:0055114,1.2716840616619842,3,-0.370263880584178,4.77548061845442e-07,0,0.37766599597585515
FGSG_02672,11,0.4435363712483175,4.5682015330767705,FGSG_00007;FGSG_01866;FGSG_03532;FGSG_03535;FGSG_03539;FGSG_03842;FGSG_03881;FGSG_07896;FGSG_08081;FGSG_08083;FGSG_13952,2,uncharacterized protein,GO:0004497;GO:0005506;GO:0016021;GO:0016705;GO:0020037;GO:0055114,1.2706636223769996,3,0.57544107397165,7.13465280589881e-08,0,0.37746478873239436
FGSG_06752,6,0.43469486458781953,2.5432188561956046,FGSG_02272;FGSG_02461;FGSG_03061;FGSG_03894;FGSG_05610;FGSG_13136,1,succinate-semialdehyde dehydrogenase,GO:0009013;GO:0009450;GO:0055114,1.2699655882694942,3,-0.199370512125315,0.0862412115916227,0,0.3772635814889336
FGSG_01867,8,0.4550620478975824,3.3417965919380186,FGSG_00743;FGSG_00765;FGSG_02272;FGSG_02461;FGSG_03061;FGSG_03894;FGSG_05610;FGSG_08774,1,uncharacterized protein,GO:0016491;GO:0055114,1.2699231144040168,3,-0.245581068625734,0.113961025905251,0,0.37706237424547284
FGSG_12138,7,0.4481532120302737,2.9435317433397867,FGSG_00765;FGSG_02272;FGSG_02461;FGSG_03061;FGSG_03894;FGSG_05610;FGSG_08774,1,uncharacterized protein,GO:0016021,1.269829087885282,3,-0.120172770828792,0.196752883525689,0,0.3768611670020121
FGSG_04339,7,0.45217917639338023,2.9248410330149164,FGSG_02272;FGSG_02461;FGSG_03061;FGSG_03894;FGSG_05610;FGSG_08774;FGSG_09012,1,uncharacterized protein,GO:0005634;GO:0005829;GO:0006886;GO:0016021;GO:0016192;GO:0030897;GO:0031932;GO:0097576,1.2693312366370968,3,-0.177738433924503,0.194660340683693,0,0.37665995975855127
FGSG_02211,7,0.4457888054974305,2.9288590059140356,FGSG_00007;FGSG_01866;FGSG_02327;FGSG_03532;FGSG_03881;FGSG_08083;FGSG_13952,2,uncharacterized protein,,1.2677176561857004,3,0.401288841294957,0.183273750403235,0,0.3762575452716298
FGSG_05737,6,0.4469532478632236,2.5347671790581052,FGSG_02272;FGSG_02461;FGSG_03061;FGSG_03894;FGSG_05610;FGSG_08774,1,uncharacterized protein,GO:0000166;GO:0003676;GO:0005685;GO:0006376;GO:0048026;GO:0071004,1.2668860324304523,3,-0.158305302969426,0.166416106515248,0,0.37605633802816907
FGSG_08739,6,0.43171793686931664,2.516225997925579,FGSG_00765;FGSG_02272;FGSG_02461;FGSG_03061;FGSG_03894;FGSG_05610,1,uncharacterized protein,GO:0005509;GO:0005544,1.2652793734282106,3,-0.106825890349043,0.355593758813059,0,0.3756539235412475
FGSG_06894,5,0.43332049752630053,2.105771879227611,FGSG_00007;FGSG_03539;FGSG_03842;FGSG_08083;FGSG_13952,2,uncharacterized protein,GO:0005085;GO:0005730;GO:0005829;GO:0042256;GO:0043547,1.265245171016002,3,0.246217192358588,0.0540007368041605,0,0.37545271629778676
FGSG_05311,5,0.42706642126152256,2.083820821274377,FGSG_02271;FGSG_02272;FGSG_02461;FGSG_03061;FGSG_05610,1,uncharacterized protein,GO:0016788,1.265074681875168,3,-0.282344649870417,0.210723831650948,0,0.37525150905432597
FGSG_01163,6,0.4534619478484101,2.5171288266132725,FGSG_00743;FGSG_00765;FGSG_02272;FGSG_03061;FGSG_03894;FGSG_05610,1,uncharacterized protein,,1.2645264791920723,3,-0.243360244015568,0.0262749505895696,0,0.3750503018108652
FGSG_01372,4,0.44043423270038823,1.6910398199944514,FGSG_00743;FGSG_03894;FGSG_10922;FGSG_12180,1,uncharacterized protein,GO:0005643;GO:0005829;GO:0006897;GO:0008092;GO:0030041;GO:0030479;GO:0030674;GO:0032153;GO:0042802;GO:0043130;GO:0051286,1.2643652098442155,3,-0.355585201510365,0.0001725140658633,0,0.37484909456740445
FGSG_04829,6,0.43846954226556756,2.538097760549725,FGSG_00007;FGSG_03539;FGSG_03842;FGSG_08081;FGSG_08083;FGSG_13952,2,uncharacterized protein,GO:0005737;GO:0006569;GO:0019805;GO:0030170;GO:0030429;GO:0034354;GO:0043420;GO:0097053,1.264027794429447,3,0.549626589261404,1.39382484104667e-06,0,0.37464788732394366
FGSG_01027,4,0.43654058319579925,1.6883059590271208,FGSG_00743;FGSG_03894;FGSG_04589;FGSG_10922,1,uncharacterized protein,GO:0010181;GO:0016491;GO:0020037;GO:0046872;GO:0055114,1.2638779765600163,3,-0.310543738713737,0.0092128118111658,0,0.37444668008048293
FGSG_08111,6,0.4389446278534201,2.5092130223483946,FGSG_00007;FGSG_01866;FGSG_02327;FGSG_03881;FGSG_08083;FGSG_13952,2,uncharacterized protein,,1.2637915872300438,3,0.263781205002032,0.129123587944162,0,0.37424547283702214
FGSG_08377,7,0.45178025007109196,2.927940259440534,FGSG_00743;FGSG_00765;FGSG_02272;FGSG_03061;FGSG_03894;FGSG_05610;FGSG_08774,1,uncharacterized protein,GO:0004497;GO:0005506;GO:0016021;GO:0016705;GO:0020037;GO:0055114,1.2635490908954221,3,-0.250031539925284,0.152466980008506,0,0.37404426559356135
FGSG_01355,5,0.4282923355448575,2.1160608371483223,FGSG_02272;FGSG_02461;FGSG_03061;FGSG_03894;FGSG_05610,1,uncharacterized protein,GO:0005829;GO:0018064;GO:0042038,1.2625681540256566,3,-0.133432315810908,0.460416725568191,0,0.3738430583501006
FGSG_09567,5,0.43759546828680856,2.1142118479222356,FGSG_00743;FGSG_02272;FGSG_03061;FGSG_03894;FGSG_05610,1,uncharacterized protein,GO:0016021;GO:0055085,1.2624462847193834,3,-0.492174100482417,0.031181522462296,0,0.37364185110663983
FGSG_03024,6,0.4303842888426478,2.5005064837725297,FGSG_02272;FGSG_02461;FGSG_03061;FGSG_05610;FGSG_09456;FGSG_09834,1,uncharacterized protein,GO:0016021;GO:0055085,1.2616913762411062,3,-0.531271039826743,0.18001377911775,0,0.3732394366197183
FGSG_00190,6,0.44395671422036503,2.5479192863578755,FGSG_02272;FGSG_02461;FGSG_03061;FGSG_03894;FGSG_05610;FGSG_09012,1,uncharacterized protein,GO:0016021,1.2614662564409698,3,-0.182842299741658,0.157625836603181,0,0.3730382293762575
FGSG_00729,7,0.442420712261123,2.910310099314791,FGSG_00007;FGSG_01866;FGSG_02327;FGSG_03532;FGSG_03881;FGSG_08083;FGSG_13952,2,uncharacterized protein,,1.2608932776489734,3,0.156475879345771,0.145491777314365,0,0.3728370221327968
FGSG_05481,5,0.4356317445931762,2.116798195690857,FGSG_02271;FGSG_02272;FGSG_02461;FGSG_03061;FGSG_05610,1,uncharacterized protein,GO:0008152;GO:0008483,1.2606730056051254,3,-0.320957457254535,0.0043076693547741,0,0.37263581488933606
FGSG_07455,6,0.4493329387172452,2.503596562424546,FGSG_00743;FGSG_02272;FGSG_03061;FGSG_03894;FGSG_05610;FGSG_09012,1,uncharacterized protein,GO:0016021,1.2604572739490036,3,-0.18936419233873,0.222568376524653,0,0.3724346076458752
FGSG_12754,7,0.4348637961651641,2.918851095303242,FGSG_00007;FGSG_01866;FGSG_03539;FGSG_03842;FGSG_08081;FGSG_08083;FGSG_13952,2,uncharacterized protein,,1.2604519048001825,3,0.201493909567815,0.0079772309069496,0,0.3722334004024145
FGSG_01653,7,0.4405027388587017,2.9360412721986626,FGSG_02272;FGSG_02461;FGSG_03061;FGSG_03894;FGSG_05610;FGSG_08774;FGSG_09012,1,uncharacterized protein,GO:0003735;GO:0005763;GO:0032543,1.2602693745236992,3,-0.238198884489416,0.0841289383165264,0,0.37203219315895375
FGSG_02485,7,0.4437465540082792,2.9454708799010842,FGSG_02272;FGSG_02461;FGSG_03061;FGSG_03894;FGSG_05610;FGSG_08774;FGSG_09012,1,uncharacterized protein,GO:0006541;GO:0006725;GO:0008198;GO:0008270;GO:0016701;GO:0016740;GO:0051213;GO:0055114,1.2598650378386114,3,-0.15623960317248,0.321227355167924,0,0.37183098591549296
FGSG_12997,7,0.4462075717156299,2.929084960376149,FGSG_02272;FGSG_02461;FGSG_03061;FGSG_03894;FGSG_05610;FGSG_08774;FGSG_09012,1,uncharacterized protein,GO:0003735;GO:0005762;GO:0032543,1.257870787524026,3,-0.204537502679135,0.231163291109435,0,0.3716297786720322
FGSG_13343,8,0.44603498346747844,3.3331052835786807,FGSG_00007;FGSG_03532;FGSG_03539;FGSG_03842;FGSG_03881;FGSG_08081;FGSG_08083;FGSG_13952,2,glycerol kinase,GO:0004370;GO:0005975;GO:0006072;GO:0016310,1.2578141315693707,3,0.330959036018621,0.0009271223007804,0,0.37142857142857144
FGSG_07942,5,0.44537873699427566,2.102360702172693,FGSG_00743;FGSG_02272;FGSG_03061;FGSG_03894;FGSG_05610,1,uncharacterized protein,GO:0004865;GO:0005634;GO:0005829;GO:0031139;GO:0035308;GO:0042149;GO:0045842;GO:0051286;GO:2001216,1.2567644227806616,3,-0.082175133451602,0.399064225977196,0,0.3712273641851107
FGSG_03326,7,0.4330582408294227,2.9280437604942855,FGSG_02272;FGSG_02461;FGSG_03061;FGSG_03894;FGSG_05610;FGSG_08774;FGSG_09012,1,uncharacterized protein,,1.2557317486983814,3,-0.844110571805495,0.0517208761309465,0,0.3710261569416499
FGSG_12879,5,0.42295004934520547,2.094579571881993,FGSG_02272;FGSG_02461;FGSG_03061;FGSG_03894;FGSG_05610,1,uncharacterized protein,,1.2557001232106506,3,-0.236300444632543,0.39608529931782,0,0.37082494969818913
FGSG_11554,5,0.4337614158546468,2.0897087267996466,FGSG_00007;FGSG_02327;FGSG_03881;FGSG_08083;FGSG_13952,2,uncharacterized protein,GO:0004499;GO:0016021;GO:0050660;GO:0050661;GO:0055114,1.255049178578018,3,0.596617098776376,0.0023884684196903,0,0.3706237424547284
FGSG_02986,7,0.4342600440345674,2.8912949081365613,FGSG_00743;FGSG_00765;FGSG_02272;FGSG_02461;FGSG_03061;FGSG_03894;FGSG_05610,1,uncharacterized protein,GO:0016021,1.2545830311217925,3,-0.302065429202194,0.424145816815157,0,0.3702213279678068
FGSG_10417,7,0.4426577439122994,2.9281346159545834,FGSG_00007;FGSG_03532;FGSG_03539;FGSG_03842;FGSG_08081;FGSG_08083;FGSG_13952,2,uncharacterized protein,GO:0005623;GO:0006662;GO:0015035;GO:0045454;GO:0055114,1.2545202021058106,3,0.461760511346244,2.96008656255794e-06,0,0.3700201207243461
FGSG_06207,4,0.4313492903502587,1.6608689372130374,FGSG_00743;FGSG_03894;FGSG_10922;FGSG_12180,1,uncharacterized protein,GO:0005524;GO:0005759;GO:0042026;GO:0045041;GO:0051082;GO:0051087;GO:0051131,1.2539330574543066,3,-0.449022111452233,5.723342261003951e-09,0,0.3698189134808853
FGSG_04095,3,0.4309641199408265,1.2534716463060822,FGSG_03894;FGSG_10922;FGSG_12180,1,Na(+)/H(+) antiporter 1,GO:0005886;GO:0006970;GO:0015385;GO:0016021;GO:0030007;GO:0036376;GO:0045121;GO:0097623;GO:1902600,1.2534716463060822,3,-0.362830737073036,0.00116614669748,0,0.3696177062374245
FGSG_07496,3,0.4261885501106784,1.2533374621279445,FGSG_02324;FGSG_03842;FGSG_13952,2,uncharacterized protein,GO:0003333;GO:0015171;GO:0016021,1.2533374621279445,3,0.701295806442093,0.0037837475732546,0,0.3694164989939638
FGSG_03482,7,0.44481812644767205,2.8869338269932703,FGSG_02272;FGSG_02461;FGSG_03061;FGSG_03894;FGSG_05610;FGSG_08774;FGSG_09012,1,uncharacterized protein,GO:0008080,1.2531354708661198,3,-0.369837610719362,0.225216951729693,0,0.36921529175050305
FGSG_09753,3,0.42500609212621865,1.2525444834025592,FGSG_02324;FGSG_03842;FGSG_13952,2,uncharacterized protein,GO:0016021,1.2525444834025592,3,0.236716556335199,0.028573605968813,0,0.36901408450704226
FGSG_02048,5,0.43039777587417444,2.085152615905761,FGSG_02272;FGSG_02461;FGSG_03061;FGSG_03894;FGSG_05610,1,uncharacterized protein,,1.252522744564898,3,-0.118082445826571,0.378568585456641,0,0.3688128772635815
FGSG_09943,4,0.43807880302462404,1.6599184340370945,FGSG_00743;FGSG_03894;FGSG_04589;FGSG_10922,1,uncharacterized protein,,1.25188277607737,3,-0.434685550984475,0.025501291091691,0,0.36861167002012074
FGSG_00091,6,0.4362947054605029,2.480926470678298,FGSG_00743;FGSG_02272;FGSG_02461;FGSG_03061;FGSG_03894;FGSG_05610,1,uncharacterized protein,GO:0016740,1.2517895908531091,3,-0.454350964268452,0.197065030659432,0,0.36841046277666
FGSG_05342,6,0.42785530995767074,2.514090163670054,FGSG_02271;FGSG_02272;FGSG_02461;FGSG_03061;FGSG_05610;FGSG_13136,1,uncharacterized protein,,1.2513917497161902,3,-0.507459815421772,8.69401122502983e-05,0,0.36820925553319916
FGSG_08062,7,0.4386841646091744,2.887963444921158,FGSG_00007;FGSG_01866;FGSG_02327;FGSG_03532;FGSG_03881;FGSG_08083;FGSG_13952,2,uncharacterized protein,GO:0016491;GO:0055114,1.2506672075747323,3,0.69734947354076,4.03020502578195e-05,0,0.36800804828973843
FGSG_03667,6,0.43307968096328064,2.5146923904301737,FGSG_00007;FGSG_03539;FGSG_03842;FGSG_08081;FGSG_08083;FGSG_13952,2,uncharacterized protein,GO:0008199;GO:0009712;GO:0018576;GO:0055114,1.2500303420814256,3,0.555660141567127,9.42958745330792e-05,0,0.3676056338028169
FGSG_04266,5,0.4225795438329701,2.073037712573681,FGSG_02272;FGSG_02461;FGSG_03061;FGSG_03894;FGSG_05610,1,uncharacterized protein,GO:0000407;GO:0005794;GO:0006888;GO:0007126;GO:0016050;GO:0030008;GO:0030242;GO:0031410;GO:0032258;GO:0034497;GO:0034727,1.2489417415900497,3,-0.0898321537549428,0.551728866230113,0,0.3674044265593561
FGSG_00767,4,0.435289840867178,1.6521773060027871,FGSG_00007;FGSG_02327;FGSG_08083;FGSG_13952,2,uncharacterized protein,GO:0008422;GO:0030245;GO:0102483,1.248365768525246,3,0.259933892419128,0.0570133091176609,0,0.3672032193158954
FGSG_03847,7,0.43638958234847247,2.9181827086853973,FGSG_02272;FGSG_02461;FGSG_03061;FGSG_03894;FGSG_05610;FGSG_08774;FGSG_09012,1,uncharacterized protein,GO:0005739;GO:0016021,1.2482959424676752,3,-0.368949443186077,0.0662449374535719,0,0.3670020120724346
FGSG_10299,7,0.42349392187890705,2.9142947320323502,FGSG_02272;FGSG_02461;FGSG_03061;FGSG_03894;FGSG_05610;FGSG_09012;FGSG_09456,1,uncharacterized protein,GO:0005634;GO:0016573;GO:0017198;GO:0018002;GO:0022626;GO:0031415;GO:1990189;GO:1990190,1.2481478721365207,3,-0.298921713431224,0.0123119933621296,0,0.36680080482897387
FGSG_04656,5,0.42249523844756737,2.0714603376746332,FGSG_00007;FGSG_03539;FGSG_03842;FGSG_08082;FGSG_13952,2,uncharacterized protein,,1.248028568298452,3,0.692024537631376,1.60911092819305e-09,0,0.3665995975855131
FGSG_05381,5,0.4281778926323881,2.096762670005004,FGSG_00007;FGSG_03539;FGSG_03842;FGSG_08083;FGSG_13952,2,uncharacterized protein,GO:0003676,1.2475354675620929,3,0.481970455340894,3.0596057272959e-06,0,0.3663983903420523
FGSG_06850,5,0.43343329457761737,2.0714235577237172,FGSG_03295;FGSG_03548;FGSG_03992;FGSG_09456;FGSG_09834,1,valyl-tRNA synthetase,GO:0002161;GO:0004832;GO:0005524;GO:0005739;GO:0006438;GO:0006450,1.2473627447480995,3,-0.426313168910887,9.82574128093367e-08,0,0.36619718309859156
FGSG_07872,3,0.4278735935565916,1.24720871865686,FGSG_02327;FGSG_08083;FGSG_13952,2,uncharacterized protein,GO:0004719;GO:0005622;GO:0006479;GO:0007034;GO:0030001,1.24720871865686,3,0.340604380281293,0.0303687631464256,0,0.3659959758551308
FGSG_07219,5,0.43596379205374175,2.1065467712731465,FGSG_02272;FGSG_02461;FGSG_03061;FGSG_03894;FGSG_05610,1,uncharacterized protein,GO:0000981;GO:0005634;GO:0006357;GO:0008270,1.246245733510371,3,-0.283336008605639,0.13683978937672,0,0.36579476861167004
FGSG_09999,3,0.4204696295199704,1.2455967916824875,FGSG_03546;FGSG_03548;FGSG_08601,1,uncharacterized protein,GO:0005737;GO:0070042;GO:0070475,1.2455967916824875,3,-0.494541867299461,0.0022821367078727,0,0.36559356136820925
FGSG_12516,3,0.4212480798688554,1.2454595645010853,FGSG_02324;FGSG_02325;FGSG_02327,2,uncharacterized protein,GO:0003777;GO:0005871,1.2454595645010853,3,0.448011779802133,0.0002607297606966,0,0.36539235412474846
FGSG_04480,5,0.4212137326735093,2.0744609335476287,FGSG_00743;FGSG_02272;FGSG_03061;FGSG_03894;FGSG_05610,1,uncharacterized protein,GO:0000981;GO:0005634;GO:0006357;GO:0008270,1.2453505264267302,3,-0.385296512959225,0.309657365091754,0,0.36519114688128773
FGSG_05689,5,0.4266325015771273,2.079168725086946,FGSG_02272;FGSG_02461;FGSG_03061;FGSG_03894;FGSG_05610,1,UDP-glucose 4-epimerase,GO:0003978;GO:0004034;GO:0005829;GO:0033499;GO:0050662,1.2443231310880443,3,-0.0755936519754545,0.567694729046142,0,0.364989939637827
FGSG_01891,5,0.4305669015649516,2.0522385989753262,FGSG_00007;FGSG_01866;FGSG_02327;FGSG_08083;FGSG_13952,2,uncharacterized protein,GO:0000131;GO:0000742;GO:0005509;GO:0005823;GO:0005934;GO:0005935;GO:0006607;GO:0006661;GO:0006898;GO:0007114;GO:0009847;GO:0015078;GO:0015991;GO:0016021;GO:0016237;GO:0031521;GO:0033179;GO:0042144;GO:0042991;GO:0043332;GO:0048306;GO:0051300;GO:0051726,1.2439463347510684,3,0.1645247183216,0.0747401842391742,0,0.36478873239436616
FGSG_02567,5,0.43817499222493345,2.1054168796384003,FGSG_02272;FGSG_02461;FGSG_03061;FGSG_03894;FGSG_05610,1,uncharacterized protein,GO:0000725;GO:0000781;GO:0005634;GO:0006301;GO:0006348;GO:0006351;GO:0031151;GO:0031493;GO:0031573;GO:0034729;GO:0044783;GO:0051598;GO:0070911,1.2436484237736927,3,-0.130195574164796,0.224513462612175,0,0.3645875251509054
FGSG_01099,7,0.43705572361095985,2.9159798977292533,FGSG_02272;FGSG_02461;FGSG_03061;FGSG_03894;FGSG_05610;FGSG_09012;FGSG_09456,1,GTP-binding nuclear protein GSP1/Ran,GO:0003924;GO:0005525;GO:0005634;GO:0005829;GO:0007264;GO:0010972;GO:0016973,1.2433568962112984,3,-0.221888624375349,0.0176526079124145,0,0.36418511066398396
FGSG_01439,5,0.41858048678655935,2.0733439014451314,FGSG_00743;FGSG_02272;FGSG_03061;FGSG_03894;FGSG_05610,1,uncharacterized protein,GO:0005829,1.2433136002592886,3,-0.119458921836129,0.355826330389251,0,0.3639839034205231
FGSG_01797,6,0.437262604143764,2.4576381242639287,FGSG_00007;FGSG_01866;FGSG_02327;FGSG_03532;FGSG_08083;FGSG_13952,2,uncharacterized protein,GO:0016853,1.2432343111119737,3,0.537668022192915,0.131849766934016,0,0.3637826961770624
FGSG_01070,5,0.43538533559393516,2.0984608870254755,FGSG_02271;FGSG_02272;FGSG_02461;FGSG_03061;FGSG_05610,1,uncharacterized protein,,1.2415544033068209,3,-0.174062801672691,0.100554338999486,0,0.36338028169014086
FGSG_10770,5,0.43818345468112074,2.1023232788458457,FGSG_02272;FGSG_02461;FGSG_03061;FGSG_03894;FGSG_05610,1,uncharacterized protein,,1.240950375921472,3,-0.365344125948329,0.0111155083335406,0,0.3631790744466801
FGSG_03664,4,0.4194797876785908,1.6456957345244185,FGSG_00007;FGSG_03842;FGSG_08083;FGSG_13952,2,uncharacterized protein,GO:0004180;GO:0006508,1.2406368932940244,3,0.677912884857072,0.0434251849563009,0,0.36297786720321934
FGSG_13716,5,0.42969078848735603,2.090761814222889,FGSG_02272;FGSG_02461;FGSG_03061;FGSG_03894;FGSG_05610,1,uncharacterized protein,,1.2389419599841642,3,-0.236529380907283,0.364779361692335,0,0.36277665995975855
FGSG_01536,5,0.4234396974714901,2.085360581999551,FGSG_02272;FGSG_02461;FGSG_03061;FGSG_03894;FGSG_05610,1,uncharacterized protein,GO:0008270,1.2388779767682776,3,-0.0852058631064696,0.470128561090641,0,0.3625754527162978
FGSG_01962,6,0.436925991315174,2.49059362620352,FGSG_02272;FGSG_02461;FGSG_03061;FGSG_07075;FGSG_09456;FGSG_09834,1,argininosuccinate synthase,GO:0004055;GO:0005524;GO:0006526,1.2386838082137865,3,-0.45830605920094,2.13280314775418e-06,0,0.36237424547283703
FGSG_06267,7,0.4298347943392436,2.905373431666229,FGSG_02272;FGSG_02461;FGSG_03061;FGSG_03894;FGSG_05610;FGSG_09012;FGSG_09456,1,uncharacterized protein,GO:0016021,1.2382660027661214,3,-0.536470143533972,0.0014506817947567,0,0.36217303822937624
FGSG_12796,5,0.41822112883549845,2.062642729501843,FGSG_02271;FGSG_02272;FGSG_02461;FGSG_03061;FGSG_05610,1,uncharacterized protein,GO:0016021,1.2377851355875946,3,-0.213374650242668,0.444214475671971,0,0.3619718309859155
FGSG_01501,5,0.4212321911608946,2.069839144530744,FGSG_02272;FGSG_02461;FGSG_03061;FGSG_03894;FGSG_05610,1,uncharacterized protein,GO:0000166;GO:0005507;GO:0016021;GO:0019829;GO:0030001;GO:0098655,1.2375538488473348,3,-0.131648105949515,0.300697087361889,0,0.3617706237424547
FGSG_09076,3,0.41707379139526063,1.2370182198846071,FGSG_02326;FGSG_02328;FGSG_02329,2,uncharacterized protein,GO:0001172;GO:0003968,1.2370182198846071,3,0.727592942819058,0.0072109967266142,0,0.3613682092555332
FGSG_02499,5,0.43715832535017135,2.093523307002906,FGSG_02272;FGSG_02461;FGSG_03061;FGSG_03894;FGSG_05610,1,uncharacterized protein,GO:0000329;GO:0005302;GO:0006868;GO:0007034;GO:0015186;GO:0015188;GO:0015803;GO:0015828;GO:0016021;GO:0098655;GO:1902475,1.236787090767975,3,-0.159386770899629,0.322841050663641,0,0.3611670020120724
FGSG_04712,5,0.423568675377688,2.0602378127789844,FGSG_02272;FGSG_02461;FGSG_03061;FGSG_03894;FGSG_05610,1,uncharacterized protein,GO:0016021,1.2364344272384074,3,-0.122231585131534,0.651218295594275,0,0.3609657947686117
FGSG_13442,5,0.4198562354140974,2.071276649093504,FGSG_02271;FGSG_02272;FGSG_02461;FGSG_03061;FGSG_05610,1,uncharacterized protein,,1.2350226078945725,3,-0.228476236740942,0.478927404621241,0,0.36036217303822937
FGSG_07613,3,0.41818820920373734,1.234825474452807,FGSG_02326;FGSG_02328;FGSG_02329,2,uncharacterized protein,,1.234825474452807,3,0.990119106839794,2.55257862868432e-05,0,0.36016096579476864
FGSG_02418,3,0.4168724222711148,1.2344792353291822,FGSG_02326;FGSG_02328;FGSG_02329,2,uncharacterized protein,,1.2344792353291822,3,0.682125403074507,0.0460012908220701,0,0.35995975855130785
FGSG_08623,3,0.41800052283816547,1.2330578165270327,FGSG_02326;FGSG_02328;FGSG_02329,2,uncharacterized protein,GO:0000935;GO:0004553;GO:0005783;GO:0005975;GO:0016021;GO:0031520;GO:1904541;GO:1990819,1.2330578165270327,3,0.67879222894643,0.0044420961732341,0,0.35975855130784706
FGSG_05050,3,0.4203432000479096,1.2317788015539033,FGSG_03546;FGSG_03548;FGSG_08601,1,uncharacterized protein,GO:0004181;GO:0006508,1.2317788015539033,3,-0.792561320293557,3.76189815478197e-17,0,0.358953722334004
FGSG_01344,5,0.4231574270827289,2.0758621810002564,FGSG_02272;FGSG_02461;FGSG_03061;FGSG_03894;FGSG_05610,1,uncharacterized protein,GO:0000001;GO:0005634;GO:0005743;GO:0006873;GO:0016021;GO:1900208,1.2316051889769946,3,-0.116043996643995,0.449310596432684,0,0.3587525150905433
FGSG_04227,3,0.4146484394456698,1.2314849060327302,FGSG_02326;FGSG_02328;FGSG_02329,2,uncharacterized protein,GO:0003824;GO:0050662,1.2314849060327302,3,0.569311680280287,1.44405502765916e-05,0,0.3585513078470825
FGSG_05952,3,0.41450844242587065,1.2312948688751686,FGSG_03546;FGSG_03548;FGSG_09834,1,uncharacterized protein,GO:0000151;GO:0000917;GO:0005829;GO:0007190;GO:0019933;GO:0030674;GO:0045014;GO:0051087;GO:0051382;GO:0071852,1.2312948688751686,3,-0.54672503081933,2.46003713700761e-06,0,0.3583501006036217
FGSG_03123,6,0.43088729878173637,2.488447073559183,FGSG_00007;FGSG_03539;FGSG_03842;FGSG_08081;FGSG_08083;FGSG_13952,2,uncharacterized protein,,1.2312293446643674,3,0.410840703850825,0.0012139907889099,0,0.358148893360161
FGSG_09787,3,0.4144461410182888,1.2303919788724387,FGSG_03894;FGSG_04589;FGSG_10922,1,uncharacterized protein,GO:0000131;GO:0000902;GO:0005933;GO:0007118;GO:0043332,1.2303919788724387,3,-0.689368121114203,2.3924492278605e-12,0,0.3579476861167002
FGSG_10231,5,0.42240999986901095,2.0703821622086798,FGSG_02272;FGSG_02461;FGSG_03061;FGSG_03894;FGSG_05610,1,NADH dehydrogenase flavoprotein 2,GO:0016491;GO:0046872;GO:0051537;GO:0055114,1.2293620077827299,3,-0.0659898445103081,0.579473876523974,0,0.35754527162977867
FGSG_02835,3,0.4153085814463372,1.228883322356615,FGSG_02326;FGSG_02328;FGSG_02329,2,uncharacterized protein,GO:0003677;GO:0005634;GO:0006351;GO:0006355;GO:0008270;GO:0016021,1.228883322356615,3,0.490994565785005,0.0192508992445621,0,0.35734406438631794
FGSG_03155,3,0.4158200010181249,1.228697743774474,FGSG_02326;FGSG_02328;FGSG_02329,2,uncharacterized protein,,1.228697743774474,3,0.847045231983786,0.0006559324739283,0,0.35714285714285715
FGSG_07513,3,0.4158054725339861,1.2285157623113752,FGSG_02326;FGSG_02328;FGSG_02329,2,uncharacterized protein,,1.2285157623113752,3,0.386329217364565,0.0275258871766158,0,0.35694164989939636
FGSG_02936,3,0.4185117295431346,1.2277914550584006,FGSG_03842;FGSG_08083;FGSG_13952,2,uncharacterized protein,GO:0016021,1.2277914550584006,3,0.50834180136735,0.0005547575676826,0,0.35674044265593563
FGSG_08453,3,0.41724889517322755,1.22545441173509,FGSG_03894;FGSG_04589;FGSG_08601,1,uncharacterized protein,GO:0004395;GO:0006744;GO:0008425;GO:0031314;GO:0032259;GO:0061543,1.22545441173509,3,-0.728302923372634,5.55363932153621e-07,0,0.35633802816901405
FGSG_04024,3,0.41281260952477933,1.2247885776397274,FGSG_02326;FGSG_02328;FGSG_02329,2,uncharacterized protein,GO:0016616;GO:0051287;GO:0055114,1.2247885776397274,3,0.333721587744827,0.172080896774014,0,0.3561368209255533
FGSG_07143,3,0.4135061923202255,1.2247375990440408,FGSG_02326;FGSG_02328;FGSG_02329,2,uncharacterized protein,GO:0003777;GO:0005524;GO:0005874;GO:0008017;GO:0072383,1.2247375990440408,3,0.46619687731632,0.0005717729080573,0,0.3559356136820926
FGSG_01779,3,0.415169990371925,1.2233208285463837,FGSG_02326;FGSG_02328;FGSG_02329,2,uncharacterized protein,,1.2233208285463837,3,0.552254048901125,0.179037746727484,0,0.3553319919517103
FGSG_11821,3,0.41038260514160235,1.2230603398378679,FGSG_03546;FGSG_03548;FGSG_08601,1,uncharacterized protein,GO:0000981;GO:0004814;GO:0005524;GO:0005634;GO:0005829;GO:0006357;GO:0006420;GO:0008270;GO:0016021,1.2230603398378679,3,-0.436411055383497,0.0003614754835855,0,0.3551307847082495
FGSG_06640,3,0.41186183532858317,1.222339634953881,FGSG_02326;FGSG_02328;FGSG_02329,2,ADP-ribosylation factor 1,GO:0005525;GO:0005737;GO:0006457;GO:0007021;GO:0007264,1.222339634953881,3,0.416901306295911,0.0037487243448477,0,0.35492957746478876
FGSG_12006,3,0.40901651158012553,1.2215135503513341,FGSG_02326;FGSG_02328;FGSG_02329,2,uncharacterized protein,GO:0000981;GO:0003677;GO:0005634;GO:0006351;GO:0006357;GO:0008270,1.2215135503513341,3,0.41312829871305,0.0031519530567999,0,0.3545271629778672
FGSG_13326,3,0.4089231446966276,1.2206630831983407,FGSG_04458;FGSG_09834;FGSG_10347,1,uncharacterized protein,,1.2206630831983407,3,-0.540833834143679,0.171498371693164,0,0.35412474849094566
FGSG_03891,5,0.41562950126139725,2.046017428062741,FGSG_02272;FGSG_02461;FGSG_03061;FGSG_03894;FGSG_05610,1,uncharacterized protein,GO:0016021;GO:0022891;GO:0055085,1.2201887984502462,3,-0.11490350661253,0.760129551802463,0,0.35392354124748493
FGSG_02479,3,0.4092628525207887,1.2197459807639897,FGSG_02326;FGSG_02328;FGSG_02329,2,uncharacterized protein,GO:0003924;GO:0005525;GO:0005829;GO:0006886;GO:0007264;GO:0042147,1.2197459807639897,3,0.250511165735958,0.0083030085702958,0,0.35352112676056335
FGSG_06425,3,0.4155503263868955,1.2197306989804977,FGSG_02324;FGSG_03842;FGSG_13952,2,uncharacterized protein,GO:0005634;GO:0008270,1.2197306989804977,3,0.91918283562977,1.81619409464598e-11,0,0.3533199195171026
FGSG_11201,3,0.4143404357642617,1.2193616980684998,FGSG_02326;FGSG_02327;FGSG_02328,2,uncharacterized protein,,1.2193616980684998,3,0.473906722535809,0.204142442833274,0,0.3531187122736419
FGSG_03156,3,0.412105164582134,1.219195498652474,FGSG_02326;FGSG_02328;FGSG_02329,2,uncharacterized protein,,1.219195498652474,3,0.650608989598015,0.133451599587917,0,0.3527162977867203
FGSG_04938,3,0.4131166103747727,1.2190424569054121,FGSG_02326;FGSG_02327;FGSG_02328,2,uncharacterized protein,,1.2190424569054121,3,0.762817542479861,0.0362325698439311,0,0.3525150905432596
FGSG_03011,3,0.4085170285234139,1.2186118272760134,FGSG_02327;FGSG_03842;FGSG_13952,2,uncharacterized protein,GO:0008168;GO:0032259,1.2186118272760134,3,0.324787109728764,0.0013647851252834,0,0.35231388329979885
FGSG_11416,3,0.40953642248244093,1.2183460440508727,FGSG_02326;FGSG_02327;FGSG_02328,2,uncharacterized protein,GO:0003677;GO:0005634;GO:0006355;GO:0016021;GO:0046872;GO:0055085,1.2183460440508727,3,0.457955446475736,0.23596756393809,0,0.352112676056338
FGSG_01345,3,0.4065635402415599,1.2176499886259804,FGSG_02324;FGSG_02325;FGSG_02903,2,uncharacterized protein,GO:0000447;GO:0000472;GO:0003723;GO:0005730;GO:0005829;GO:0006461;GO:0051082,1.2176499886259804,3,0.644655907732083,1.20142513441998e-06,0,0.35191146881287727
FGSG_11438,3,0.4095722163293081,1.2174179919998112,FGSG_02326;FGSG_02327;FGSG_02329,2,uncharacterized protein,,1.2174179919998112,3,0.261876514225456,0.274828155818476,0,0.35150905432595575
FGSG_09630,6,0.4147747522018528,2.4496152932600177,FGSG_00007;FGSG_03539;FGSG_08081;FGSG_08082;FGSG_08083;FGSG_13952,2,ubiquitin-conjugating enzyme E2 14,GO:0005524;GO:0030466,1.2169765759976423,3,0.243551193895266,0.0588840510143545,0,0.35130784708249496
FGSG_09903,3,0.4095922838921172,1.2168590901489047,FGSG_04589;FGSG_08601;FGSG_10347,1,kinase byr1,GO:0000196;GO:0000751;GO:0001402;GO:0001403;GO:0004674;GO:0004708;GO:0005524;GO:0005634;GO:0005829;GO:0007124;GO:0010525;GO:0032153;GO:0043332;GO:0051286;GO:0071507;GO:0071508;GO:1903695,1.2168590901489047,3,-0.376917871893832,0.000776139529178,0,0.35110663983903423
FGSG_01195,6,0.4248809854955035,2.451845560029969,FGSG_02272;FGSG_02461;FGSG_03548;FGSG_09012;FGSG_09456;FGSG_09834,1,uncharacterized protein,GO:0005524;GO:0005750;GO:0006122;GO:0008270;GO:0016787;GO:0016874;GO:0030163,1.2163953047706595,3,-0.507763505212675,7.66936304395015e-05,0,0.35090543259557344
FGSG_05545,3,0.4101706227450977,1.2150353157207858,FGSG_00330;FGSG_04458;FGSG_08601,1,GPI mannosyltransferase 3,GO:0004584;GO:0005789;GO:0006506;GO:0016021;GO:0097502,1.2150353157207858,3,-0.643018810811964,0.0010332796947245,0,0.3507042253521127
FGSG_03160,3,0.4061850730396233,1.2146944922822456,FGSG_02326;FGSG_02328;FGSG_02329,2,uncharacterized protein,GO:0008152;GO:0016829,1.2146944922822456,3,0.637258931212438,0.139075804549603,0,0.3505030181086519
FGSG_13137,3,0.4090606968723359,1.2139142248692272,FGSG_02326;FGSG_02328;FGSG_02329,2,uncharacterized protein,GO:0005743;GO:0006099;GO:0008177;GO:0022900;GO:0035091;GO:0050660,1.2139142248692272,3,0.731847404293478,3.97819018294962e-26,0,0.35030181086519113
FGSG_10839,3,0.41001230856078813,1.2134873726067397,FGSG_02327;FGSG_03842;FGSG_13952,2,uncharacterized protein,GO:0000166;GO:0003899;GO:0006351,1.2134873726067397,3,0.407914243445668,0.100343865254805,0,0.3501006036217304
FGSG_07276,3,0.40941750266766586,1.213206877164573,FGSG_04589;FGSG_08601;FGSG_10347,1,uncharacterized protein,GO:0016491;GO:0055114,1.213206877164573,3,-0.418935757623057,0.0539816427859743,0,0.3498993963782696
FGSG_04189,5,0.4201775836342159,2.050277311509247,FGSG_02272;FGSG_02461;FGSG_03061;FGSG_03894;FGSG_05610,1,uncharacterized protein,GO:0008152;GO:0016787,1.2131355150422938,3,-0.0969904851555807,0.555326305575629,0,0.3496981891348089
FGSG_10086,3,0.4071726203981972,1.2121138210785194,FGSG_02326;FGSG_02327;FGSG_02329,2,uncharacterized protein,,1.2121138210785194,3,0.71808403738713,1.01278270466739e-05,0,0.3494969818913481
FGSG_04288,6,0.4157421696068068,2.4428807262172367,FGSG_02272;FGSG_02461;FGSG_03061;FGSG_03894;FGSG_05610;FGSG_13136,1,uncharacterized protein,GO:0000122;GO:0000502;GO:0000978;GO:0001077;GO:0005634;GO:0006282;GO:0006366;GO:0032436;GO:0036003;GO:0046872,1.2106476321479087,3,-0.278311454903063,0.0069403309100734,0,0.3492957746478873
FGSG_12781,3,0.4063798550855044,1.2100212657264295,FGSG_02326;FGSG_02328;FGSG_02329,2,uncharacterized protein,GO:0000124;GO:0000183;GO:0000781;GO:0001786;GO:0003677;GO:0003682;GO:0003713;GO:0004402;GO:0005671;GO:0006348;GO:0006357;GO:0008270;GO:0010520;GO:0016573;GO:0035066;GO:0046695;GO:0071470,1.2100212657264295,3,0.515984072034182,0.0030629168130054,0,0.34909456740442657
FGSG_13948,5,0.45933225849629683,2.122904136181755,FGSG_00743;FGSG_03894;FGSG_05610;FGSG_08774;FGSG_10922,1,uncharacterized protein,,0.8878879758992103,2,-0.882252633192789,0.011249622881137,0,0.348692152917505
FGSG_11949,5,0.465467452386974,2.152028325041025,FGSG_00743;FGSG_03894;FGSG_05610;FGSG_08774;FGSG_10922,1,uncharacterized protein,GO:0016021,0.8845075110222533,2,-0.33841883793046,0.339046954409639,0,0.34828973843058353
FGSG_09003,6,0.46735583134376923,2.5569199848206443,FGSG_00743;FGSG_00765;FGSG_03894;FGSG_05610;FGSG_08774;FGSG_10922,1,uncharacterized protein,GO:0003735;GO:0005762;GO:0032543,0.8824403202592332,2,-0.301887982466344,0.0200948792769992,0,0.34808853118712274
FGSG_08487,4,0.4412308681223908,1.6815935620510012,FGSG_00743;FGSG_03894;FGSG_08774;FGSG_10922,1,uncharacterized protein,GO:0005643;GO:0006810,0.8756363675450267,2,-0.237452854483235,0.0087860000189496,0,0.3474849094567405
FGSG_05146,3,0.4371103521931165,1.2881397053110022,FGSG_00743;FGSG_03894;FGSG_10922,1,uncharacterized protein,,0.8736897583144733,2,-0.595299246415729,3.36706743174525e-06,0,0.3470824949698189
FGSG_12691,5,0.45754605077992627,2.1047189511236857,FGSG_00743;FGSG_03894;FGSG_05610;FGSG_08774;FGSG_10922,1,uncharacterized protein,,0.8736188809135188,2,-0.736142954735756,0.0006496881192492,0,0.3468812877263582
FGSG_01210,4,0.45135325297105344,1.6883577685046016,FGSG_00743;FGSG_03894;FGSG_08774;FGSG_10922,1,uncharacterized protein,GO:0000388;GO:0003676;GO:0004004;GO:0005524;GO:0005681;GO:0005682;GO:0005829;GO:0046540,0.872691077918891,2,-0.248247987726358,0.0437741651474008,0,0.3466800804828974
FGSG_08776,4,0.4516677908459777,1.704703840739396,FGSG_00743;FGSG_03894;FGSG_05610;FGSG_10922,1,uncharacterized protein,,0.8712278272722626,2,-0.274726794984971,0.0450740524244352,0,0.3464788732394366
FGSG_06251,4,0.4457675671538782,1.6853311251885297,FGSG_00743;FGSG_03894;FGSG_08774;FGSG_10922,1,uncharacterized protein,,0.8702839847709586,2,-0.429616825403627,0.0309946725922563,0,0.34627766599597587
FGSG_09515,2,0.4380721077611166,0.8699181224126116,FGSG_03894;FGSG_10922,1,uncharacterized protein,GO:0005388;GO:0005524;GO:0016021;GO:0046872;GO:0070588,0.8699181224126116,2,-0.405426935617002,6.0619197910121e-06,0,0.3460764587525151
FGSG_06775,2,0.4367708280133388,0.8695738257953064,FGSG_03894;FGSG_10922,1,uncharacterized protein,,0.8695738257953064,2,-0.781962563946404,2.49054356049003e-08,0,0.3458752515090543
FGSG_00478,6,0.4549108102296025,2.5109989380265723,FGSG_00743;FGSG_00765;FGSG_03894;FGSG_05610;FGSG_08774;FGSG_10922,1,phospho-2-dehydro-3-deoxyheptonate aldolase,GO:0003849;GO:0005634;GO:0005739;GO:0009073;GO:0009423,0.8685626008621656,2,-0.22602797746399,0.0637126187889138,0,0.34567404426559356
FGSG_02144,5,0.45520186205368085,2.0935381871594014,FGSG_00743;FGSG_03894;FGSG_05610;FGSG_08774;FGSG_10922,1,uncharacterized protein,,0.8684760362402805,2,-0.285700844782869,0.0578873571873859,0,0.34547283702213283
FGSG_09980,2,0.440916166986823,0.8669290647390655,FGSG_03894;FGSG_10922,1,"1,3-beta-glucanosyltransferase gel1 precursor",GO:0005886;GO:0006074;GO:0009277;GO:0016021;GO:0016787;GO:0031225;GO:0042124,0.8669290647390655,2,-0.540628191578027,1.21549228442085e-10,0,0.34527162977867204
FGSG_02189,8,0.4407946046197725,3.3387652792408113,FGSG_00007;FGSG_01866;FGSG_03532;FGSG_03539;FGSG_03881;FGSG_08081;FGSG_08083;FGSG_13952,2,N(4)-(beta-N-acetylglucosaminyl)-L-asparaginase,GO:0016787,0.866312534062579,2,0.305303839166351,0.0418082307795811,0,0.34507042253521125
FGSG_07873,7,0.46149767581964424,2.9467684526902405,FGSG_00743;FGSG_00765;FGSG_02272;FGSG_02461;FGSG_03894;FGSG_05610;FGSG_08774,1,uncharacterized protein,GO:0000329;GO:0005783;GO:0006511;GO:0006623;GO:0016021;GO:0030001,0.8656878724795652,2,-0.170287169648724,0.0707893123699436,0,0.3448692152917505
FGSG_00426,3,0.4385340874109898,1.267113452422911,FGSG_00743;FGSG_03894;FGSG_10922,1,uncharacterized protein,GO:0046872,0.8637285741866014,2,-0.951707587424483,0.0629420657799125,0,0.3446680080482898
FGSG_11777,3,0.4352514598248838,1.2771255488492677,FGSG_00743;FGSG_03894;FGSG_10922,1,uncharacterized protein,GO:0004553;GO:0005975;GO:0016021,0.8626727564977853,2,-0.475694122994892,5.63574407299984e-05,0,0.34446680080482894
FGSG_04375,7,0.460377744349919,2.915343767262804,FGSG_00743;FGSG_00765;FGSG_02272;FGSG_02461;FGSG_03894;FGSG_05610;FGSG_08774,1,uncharacterized protein,GO:0004252;GO:0006508,0.8620169742675505,2,-0.493769121930175,0.127792364436675,0,0.3442655935613682
FGSG_02918,2,0.43749261606897694,0.8611931615905485,FGSG_03894;FGSG_10922,1,uncharacterized protein,GO:0004190;GO:0006508,0.8611931615905485,2,-0.40665481392298,0.0002618447489073,0,0.3440643863179075
FGSG_00435,3,0.43199935157975927,1.2656155475810702,FGSG_00743;FGSG_03894;FGSG_10922,1,uncharacterized protein,GO:0003824,0.8610864855957945,2,-0.493373520785765,4.99703353808815e-05,0,0.3438631790744467
FGSG_06168,6,0.4562083291876078,2.5323986241051655,FGSG_02272;FGSG_02461;FGSG_03894;FGSG_05610;FGSG_08774;FGSG_09012,1,uncharacterized protein,GO:0003677;GO:0005634;GO:0006351;GO:0008270,0.860434366674648,2,-0.209330557198953,0.0392570171996657,0,0.3436619718309859
FGSG_08775,6,0.4491583149751189,2.4804306991901557,FGSG_00743;FGSG_00765;FGSG_03894;FGSG_05610;FGSG_08774;FGSG_10922,1,uncharacterized protein,GO:0008080,0.8587231496456187,2,-0.164531225753109,0.374100594526716,0,0.34346076458752517
FGSG_10767,7,0.43850201999566335,2.9059918562727813,FGSG_00007;FGSG_01866;FGSG_03532;FGSG_03881;FGSG_08081;FGSG_08083;FGSG_13952,2,uncharacterized protein,GO:0005524,0.8581447104741313,2,0.174850019865367,0.142380284580288,0,0.3432595573440644
FGSG_06645,2,0.43225412267284635,0.8578796621678038,FGSG_03894;FGSG_10922,1,uncharacterized protein,GO:0004806;GO:0005525;GO:0005783;GO:0005794;GO:0006886;GO:0016021;GO:0016042;GO:0016192,0.8578796621678038,2,-0.178632266642832,0.156021927536047,0,0.34305835010060365
FGSG_00803,3,0.43125288872276396,1.2586443445207482,FGSG_00743;FGSG_03894;FGSG_10922,1,uncharacterized protein,,0.8578411819487854,2,-0.307075099241264,0.0551069763537551,0,0.34285714285714286
FGSG_08557,4,0.4384159515424446,1.6629132380649252,FGSG_00743;FGSG_03894;FGSG_08774;FGSG_10922,1,uncharacterized protein,GO:0035859;GO:0097042,0.8578190126195349,2,-0.313234479140246,0.0207383084882882,0,0.34265593561368207
FGSG_09226,6,0.4399502419546649,2.5200112440870273,FGSG_00007;FGSG_01866;FGSG_03532;FGSG_03881;FGSG_08083;FGSG_13952,2,uncharacterized protein,GO:0004553;GO:0005975,0.8573235341437929,2,0.305521367205419,0.0346878270899257,0,0.34245472837022134
FGSG_10949,2,0.4293919216558098,0.8563759230758101,FGSG_03894;FGSG_10922,1,homoaconitase,GO:0004409;GO:0005739;GO:0019878;GO:0046872;GO:0051539,0.8563759230758101,2,-0.22169947202971,0.177943964652109,0,0.34225352112676055
FGSG_09318,3,0.4430794898864965,1.2768035863233702,FGSG_00743;FGSG_03894;FGSG_10922,1,uncharacterized protein,GO:0000981;GO:0003677;GO:0005634;GO:0006351;GO:0006357;GO:0008270,0.8562413078484176,2,-0.608590412436745,0.0001053300372746,0,0.3420523138832998
FGSG_01049,3,0.4308457738729111,1.2625100844194324,FGSG_00743;FGSG_03894;FGSG_10922,1,uncharacterized protein,GO:0005488;GO:0016020,0.8558493015520358,2,-0.572728719157089,2.46551641055125e-07,0,0.34185110663983903
FGSG_08351,3,0.43802123781225377,1.2631182170209356,FGSG_03894;FGSG_08774;FGSG_10922,1,glycine cleavage system H protein,GO:0005960;GO:0019464,0.8556691075633858,2,-0.295200972122245,0.0141681420782408,0,0.34164989939637824
FGSG_04907,4,0.44592599805196487,1.6756546294144532,FGSG_00743;FGSG_03894;FGSG_05610;FGSG_10922,1,uncharacterized protein,GO:0003723;GO:0005739;GO:0005829;GO:0005847;GO:0006369;GO:0006378;GO:0006379,0.8543446439290403,2,-0.168327266883746,0.218679221182293,0,0.3412474849094568
FGSG_08350,2,0.43369526243348605,0.8535382722746012,FGSG_03894;FGSG_10922,1,serine hydroxymethyltransferase,GO:0004372;GO:0006544;GO:0006563;GO:0008168;GO:0030170;GO:0032259;GO:0035999,0.8535382722746012,2,-0.491013430435729,6.46079147234043e-05,0,0.34104627766599593
FGSG_01810,6,0.4383382834853557,2.49467441696247,FGSG_00007;FGSG_01866;FGSG_03532;FGSG_03881;FGSG_08083;FGSG_13952,2,uncharacterized protein,GO:0016787,0.8530598417166355,2,0.472956577226925,0.167727140304208,0,0.3408450704225352
FGSG_00165,3,0.4357013215049949,1.2680843640679684,FGSG_00007;FGSG_08083;FGSG_13952,2,uncharacterized protein,GO:0016787,0.8522571861972359,2,0.325947931136712,0.252340275969676,0,0.34064386317907447
FGSG_13435,4,0.44508558194162284,1.666879260041634,FGSG_00743;FGSG_03894;FGSG_05610;FGSG_10922,1,uncharacterized protein,,0.8510891163197242,2,-0.392949079011485,0.295017594109102,0,0.3402414486921529
FGSG_07319,3,0.4481564647994524,1.266450665424443,FGSG_03894;FGSG_08774;FGSG_10922,1,uncharacterized protein,GO:0016787;GO:0055114,0.850947584827904,2,-0.490898217156146,0.0110186150000826,0,0.34004024144869216
FGSG_02941,5,0.43740016626822664,2.100054309169042,FGSG_00007;FGSG_03532;FGSG_03881;FGSG_08083;FGSG_13952,2,uncharacterized protein,GO:0006147;GO:0008270;GO:0008892,0.8506777427750108,2,0.290587233585977,0.0269936429807151,0,0.3398390342052314
FGSG_04927,5,0.4436867838882486,2.103342166378918,FGSG_02272;FGSG_02461;FGSG_03894;FGSG_05610;FGSG_08774,1,uncharacterized protein,,0.8504031430401016,2,-0.197531605794057,0.233972114029805,0,0.33963782696177064
FGSG_03078,5,0.43407318314311694,2.095944606962423,FGSG_00007;FGSG_03539;FGSG_08081;FGSG_08083;FGSG_13952,2,uncharacterized protein,,0.8501254808992262,2,0.260665256062954,0.0173943949603846,0,0.33943661971830985
FGSG_08750,2,0.42688115831124096,0.8499915820735493,FGSG_03894;FGSG_10922,1,uncharacterized protein,,0.8499915820735493,2,-0.532571110141652,0.0051777467459115,0,0.3392354124748491
FGSG_09063,7,0.4374933621398657,2.919455047228547,FGSG_00007;FGSG_01866;FGSG_03532;FGSG_03881;FGSG_08081;FGSG_08083;FGSG_13952,2,uncharacterized protein,GO:0004497;GO:0016021;GO:0055114;GO:0071949,0.8491432291417053,2,0.644905066976042,5.63611663861595e-06,0,0.33903420523138833
FGSG_06800,5,0.426237070114873,2.090597530533597,FGSG_00007;FGSG_01866;FGSG_08081;FGSG_08083;FGSG_13952,2,uncharacterized protein,GO:0005787;GO:0006465;GO:0008233;GO:0016021;GO:0045047,0.8490992587437342,2,0.213843738917347,0.0482092146985296,0,0.3388329979879276
FGSG_10759,7,0.4463139615558295,2.8730481814171203,FGSG_00743;FGSG_00765;FGSG_01981;FGSG_03894;FGSG_05610;FGSG_08774;FGSG_10922,1,uncharacterized protein,,0.8489975197114797,2,-0.441867801677667,0.0131353904368261,0,0.3386317907444668
FGSG_07114,5,0.4480635078185448,2.0987732225042848,FGSG_00743;FGSG_00765;FGSG_02272;FGSG_03894;FGSG_05610,1,uncharacterized protein,GO:0016021;GO:0055085,0.8489783182734646,2,-0.191422174689618,0.0913312533512933,0,0.338430583501006
FGSG_02591,6,0.448734280798531,2.485147689794972,FGSG_00743;FGSG_00765;FGSG_02272;FGSG_03894;FGSG_05610;FGSG_08774,1,uncharacterized protein,GO:0005634;GO:0006281;GO:0008081,0.8489038880696599,2,-0.0974959069459019,0.524837203968814,0,0.3382293762575453
FGSG_03190,2,0.4275311605739227,0.8485778680444593,FGSG_03894;FGSG_10922,1,uncharacterized protein,,0.8485778680444593,2,-0.7315626046904,0.0033702158081182,0,0.3380281690140845
FGSG_01409,2,0.4259799845083499,0.8484045052896945,FGSG_03842;FGSG_13952,2,uncharacterized protein,,0.8484045052896945,2,0.372499313972803,5.96663192161964e-06,0,0.33782696177062377
FGSG_06167,6,0.4461665198605654,2.479253618022002,FGSG_00743;FGSG_02272;FGSG_02461;FGSG_03894;FGSG_05610;FGSG_08774,1,uncharacterized protein,GO:0003735;GO:0005762;GO:0032543,0.8479126861998867,2,-0.147355055434905,0.3406031605019,0,0.337625754527163
FGSG_04168,4,0.4391748807337315,1.6683099802134036,FGSG_00743;FGSG_03894;FGSG_04589;FGSG_05610,1,uncharacterized protein,GO:0000045;GO:0005086;GO:0005770;GO:0005798;GO:0005802;GO:0005829;GO:0006888;GO:0006891;GO:0032012;GO:0043547,0.8476852011590867,2,-0.223150425995875,0.0516825723893143,0,0.3374245472837022
FGSG_02570,6,0.4366484185297094,2.4988778607944067,FGSG_00007;FGSG_01866;FGSG_03532;FGSG_03881;FGSG_08083;FGSG_13952,2,uncharacterized protein,GO:0003746;GO:0003924;GO:0005525;GO:0005737;GO:0006414;GO:0042256,0.84767027446745,2,0.172994258988023,0.0884958926009625,0,0.33722334004024146
FGSG_09343,3,0.43032496409151233,1.2487810002857676,FGSG_00743;FGSG_03894;FGSG_10922,1,uncharacterized protein,GO:0004842;GO:0016567;GO:0046872,0.8470281295646425,2,-0.988807906327193,0.0651358637363696,0,0.3370221327967807
FGSG_09698,2,0.42453702567864215,0.846774283842549,FGSG_03894;FGSG_10922,1,uncharacterized protein,,0.846774283842549,2,-1.01825622887593,0.0540007368041605,0,0.33661971830985915
FGSG_08474,3,0.43636814443683786,1.2488819550267232,FGSG_00765;FGSG_03894;FGSG_10922,1,uncharacterized protein,GO:0000289;GO:0000749;GO:0005634;GO:0005829;GO:0006368;GO:0007124;GO:0030015;GO:0032968;GO:0051726,0.8467025069825911,2,-0.221955312457561,0.040924210989437,0,0.3364185110663984
FGSG_00595,4,0.4412203063643222,1.666805408897083,FGSG_00743;FGSG_03894;FGSG_05610;FGSG_10922,1,uncharacterized protein,GO:0000287;GO:0004012;GO:0005524;GO:0016021;GO:0045332,0.8462612340022981,2,-0.30349356873159,0.01929926153586,0,0.33621730382293763
FGSG_09062,5,0.4364419830141401,2.087679453777746,FGSG_00007;FGSG_01866;FGSG_03532;FGSG_08083;FGSG_13952,2,uncharacterized protein,,0.8461102730333656,2,0.489711349395347,0.0080940406187437,0,0.33601609657947684
FGSG_04544,4,0.43158544511312574,1.6703129299488584,FGSG_00007;FGSG_01866;FGSG_08083;FGSG_13952,2,uncharacterized protein,GO:0016021;GO:0022891;GO:0055085,0.8456293109046031,2,0.330617115045223,0.223311403069563,0,0.3358148893360161
FGSG_05679,6,0.44061594719053215,2.5033633292492867,FGSG_00007;FGSG_03532;FGSG_03539;FGSG_03881;FGSG_08083;FGSG_13952,2,uncharacterized protein,GO:0016021,0.8455398009040718,2,0.484299006677237,0.0129942745169769,0,0.3356136820925554
FGSG_02678,4,0.43578066476033017,1.6887811464627789,FGSG_00007;FGSG_03539;FGSG_08083;FGSG_13952,2,uncharacterized protein,,0.8454646643597228,2,0.33587110193768,0.109184258099161,0,0.3354124748490946
FGSG_13917,5,0.4354196318254326,2.0876026068431424,FGSG_02272;FGSG_02461;FGSG_03894;FGSG_05610;FGSG_08774,1,uncharacterized protein,,0.8451549082390939,2,-0.315516118475778,0.290314186754473,0,0.3352112676056338
FGSG_04146,2,0.4307861825711629,0.845049896131254,FGSG_03894;FGSG_10922,1,uncharacterized protein,GO:0005975;GO:0008061;GO:0016810,0.845049896131254,2,-0.325528290423795,0.185197902829686,0,0.33501006036217307
FGSG_00174,2,0.4340999619975641,0.8445243236117257,FGSG_03894;FGSG_10922,1,uncharacterized protein,GO:0008080,0.8445243236117257,2,-0.454215839448864,0.0183209356571451,0,0.3348088531187123
FGSG_00563,5,0.42344479707138616,2.0632546808033525,FGSG_00007;FGSG_01866;FGSG_08081;FGSG_08083;FGSG_13952,2,uncharacterized protein,,0.8442010346287963,2,0.196031310710323,0.115388616959753,0,0.3346076458752515
FGSG_06537,2,0.43269692797928283,0.8435843710590905,FGSG_03894;FGSG_10922,1,N amino acid transport system protein,GO:0016021,0.8435843710590905,2,-0.844565535226219,0.0059118044565572,0,0.33440643863179076
FGSG_11903,2,0.42601509967737194,0.8426503397033194,FGSG_03894;FGSG_10922,1,uncharacterized protein,GO:0004568;GO:0005975;GO:0006032,0.8426503397033194,2,-0.693057767554633,0.12300522406286,0,0.33420523138832997
FGSG_00499,5,0.42438795850503613,2.0616597869940287,FGSG_00007;FGSG_01866;FGSG_08081;FGSG_08083;FGSG_13952,2,uncharacterized protein,GO:0004579;GO:0005789;GO:0006487;GO:0016021,0.8425826323524588,2,0.154615594989393,0.149855346896485,0,0.3340040241448692
FGSG_08550,3,0.42245793764108297,1.2647240175727035,FGSG_00007;FGSG_08083;FGSG_13952,2,uncharacterized protein,GO:0005634;GO:0005829,0.8422660799316206,2,0.14952494610458,0.134670308638584,0,0.33380281690140845
FGSG_03068,2,0.4236796602898583,0.842141927627104,FGSG_03842;FGSG_13952,2,uncharacterized protein,GO:0000981;GO:0003677;GO:0005634;GO:0006351;GO:0006357;GO:0008270,0.842141927627104,2,0.594414987943455,5.02078616594781e-05,0,0.3336016096579477
FGSG_00604,6,0.43784440749391124,2.4867489118205275,FGSG_02272;FGSG_02461;FGSG_03894;FGSG_05610;FGSG_08774;FGSG_09012,1,uncharacterized protein,GO:0004066;GO:0006529,0.8415998172568064,2,-0.186910889751349,0.373877083129249,0,0.33340040241448693
FGSG_00319,6,0.43728788406602664,2.482809346542566,FGSG_02272;FGSG_02461;FGSG_03894;FGSG_05610;FGSG_08774;FGSG_09012,1,uncharacterized protein,GO:0001300;GO:0002098;GO:0005634;GO:0005829;GO:0016300;GO:0030488;GO:0035690,0.8405325025668857,2,-0.411191216443344,0.0534162876696058,0,0.3329979879275654
FGSG_04201,4,0.4365668777344891,1.6666564099699126,FGSG_00743;FGSG_03894;FGSG_05610;FGSG_12180,1,uncharacterized protein,,0.8393452173175204,2,-0.207815349031036,0.0984145301088173,0,0.3327967806841047
FGSG_09865,5,0.43035777744177406,2.086360619373596,FGSG_02272;FGSG_02461;FGSG_03894;FGSG_05610;FGSG_08774,1,uncharacterized protein,GO:0003735;GO:0005739;GO:0005840;GO:0006412;GO:0016021;GO:0046964;GO:1902557;GO:1902558;GO:1902559,0.8392112558575158,2,-0.128999583952251,0.367441198537099,0,0.33259557344064383
FGSG_06629,3,0.43428723380305295,1.2408405179169275,FGSG_00743;FGSG_03894;FGSG_10922,1,uncharacterized protein,,0.8390523616031238,2,-0.637168374673551,0.141340015664609,0,0.3323943661971831
FGSG_01389,4,0.43120201372702727,1.6581981906023782,FGSG_00007;FGSG_03532;FGSG_08083;FGSG_13952,2,uncharacterized protein,GO:0008483;GO:0009058;GO:0030170,0.8389080353924128,2,0.231989826456602,0.484692992331553,0,0.33219315895372237
FGSG_08145,5,0.4346590513895229,2.086721262835873,FGSG_00007;FGSG_01866;FGSG_03532;FGSG_08083;FGSG_13952,2,uncharacterized protein,,0.8388120310655475,2,0.365855876693123,0.325027517289374,0,0.3319919517102616
FGSG_09204,7,0.4344735496583807,2.903873721769198,FGSG_00007;FGSG_01866;FGSG_03532;FGSG_03539;FGSG_08081;FGSG_08083;FGSG_13952,2,metacaspase-1 precursor,GO:0004198;GO:0005634;GO:0005829;GO:0006515;GO:0006915;GO:0043065,0.8382395534442655,2,0.229504943385077,0.0044829671785547,0,0.3317907444668008
FGSG_10248,2,0.429710791692276,0.8380436626488932,FGSG_03894;FGSG_10922,1,uncharacterized protein,,0.8380436626488932,2,-0.270688229991198,0.0097629473765059,0,0.33158953722334006
FGSG_08906,6,0.43665268803794116,2.479030170615154,FGSG_00765;FGSG_02272;FGSG_02461;FGSG_03894;FGSG_05610;FGSG_08774,1,uncharacterized protein,GO:0004672;GO:0005524;GO:0006468,0.8379322996390416,2,-0.14465389650824,0.21460345953639,0,0.33138832997987927
FGSG_07013,2,0.4220755962478298,0.8378523974133238,FGSG_03894;FGSG_10922,1,uncharacterized protein,GO:0003677;GO:0003910;GO:0005524;GO:0006266;GO:0006281;GO:0006310,0.8378523974133238,2,-0.50421371158892,0.100282316602366,0,0.33118712273641854
FGSG_06143,5,0.424512669193023,2.080078132990612,FGSG_00007;FGSG_03539;FGSG_08081;FGSG_08083;FGSG_13952,2,uncharacterized protein,,0.8376940592790243,2,0.309084698017205,0.0264132795632925,0,0.33098591549295775
FGSG_05306,3,0.4213237416648917,1.2586198457066713,FGSG_02272;FGSG_03061;FGSG_05610,1,uncharacterized protein,GO:0000011;GO:0004672;GO:0005524;GO:0005739;GO:0006468;GO:0006623;GO:0016236;GO:0030242;GO:0032968;GO:0034271;GO:0034272;GO:0043130;GO:0045053;GO:0045324;GO:0048017;GO:0071561,0.8372961040417796,2,-0.108975383412627,0.435351843334725,0,0.33078470824949696
FGSG_07881,5,0.43651104290890225,2.0684927936383115,FGSG_00007;FGSG_01866;FGSG_02327;FGSG_03532;FGSG_08083,2,uncharacterized protein,GO:0016021;GO:0022857;GO:0055085,0.8368425083328059,2,0.437569939246248,0.0134547799422453,0,0.33058350100603623
FGSG_09749,5,0.42942801755591253,2.0864804241112846,FGSG_02272;FGSG_02461;FGSG_03894;FGSG_05610;FGSG_09012,1,uncharacterized protein,GO:0016021,0.8364260175405742,2,-0.337911140206945,0.0273729861632662,0,0.33038229376257544
FGSG_10305,5,0.4286272545510553,2.0982755726647797,FGSG_02272;FGSG_02461;FGSG_03894;FGSG_05610;FGSG_09012,1,uncharacterized protein,GO:0005750;GO:0006122;GO:0008121;GO:0009060;GO:1902600,0.8361875410236737,2,-0.362849138143477,0.0346878270899257,0,0.3301810865191147
FGSG_05596,4,0.42279735672960816,1.6718040040266255,FGSG_02272;FGSG_02461;FGSG_03061;FGSG_05610,1,peroxisomal biogenesis factor 6,GO:0001302;GO:0005524;GO:0005777;GO:0005829;GO:0016562;GO:0016887;GO:0046982,0.8359979747142661,2,-0.204832089172418,0.180583186225977,0,0.3299798792756539
FGSG_02444,2,0.43327783567701844,0.834627503033641,FGSG_03894;FGSG_10922,1,uncharacterized protein,GO:0008080,0.834627503033641,2,-0.503086436405119,1.06398881845535e-05,0,0.32977867203219313
FGSG_13963,2,0.4197178705860526,0.8344151924015928,FGSG_03894;FGSG_10922,1,uncharacterized protein,GO:0003857;GO:0006631;GO:0055114,0.8344151924015928,2,-0.252953699676683,0.360834834672287,0,0.3295774647887324
FGSG_04499,2,0.4238405768839129,0.833899275816822,FGSG_02271;FGSG_02272,1,uncharacterized protein,GO:0016740,0.833899275816822,2,-0.506509219569862,0.0217414701533943,0,0.32937625754527167
FGSG_03318,2,0.41812913324569734,0.8336126732752625,FGSG_03842;FGSG_13952,2,uncharacterized protein,GO:0016021,0.8336126732752625,2,0.547028356210506,3.75877143821108e-05,0,0.3291750503018108
FGSG_06355,2,0.42272268048964484,0.8329990520638338,FGSG_03894;FGSG_10922,1,uncharacterized protein,GO:0005634,0.8329990520638338,2,-0.348497604371522,0.035019478609765,0,0.3289738430583501
FGSG_05859,3,0.4225157553464843,1.2314097840813905,FGSG_02271;FGSG_02272;FGSG_02461,1,uncharacterized protein,GO:0003333;GO:0015171;GO:0016021,0.8312733818821413,2,-0.587743846674381,1.8550630406849002e-16,0,0.32877263581488936
FGSG_02022,2,0.4284684986658915,0.8308242579336067,FGSG_03894;FGSG_10922,1,"1,3-beta-glucanosyltransferase gel4 precursor",GO:0000936;GO:0005621;GO:0005739;GO:0005886;GO:0005975;GO:0006342;GO:0016021;GO:0030134;GO:0030447;GO:0031225;GO:0031505;GO:0034399;GO:0042124;GO:0045121,0.8308242579336067,2,-0.284811254168005,0.0002641898483409,0,0.3285714285714286
FGSG_00934,4,0.4258922733412029,1.6647965531662154,FGSG_02272;FGSG_02461;FGSG_03894;FGSG_05610,1,uncharacterized protein,GO:0000183;GO:0005634;GO:0005737;GO:0008168;GO:0032259;GO:0034649;GO:0034720;GO:0060623;GO:0097549,0.8307289457285096,2,-0.0807558191062304,0.592718165425186,0,0.3283702213279678
FGSG_02390,3,0.425902906325361,1.2328342307276354,FGSG_00007;FGSG_02327;FGSG_08083,2,uncharacterized protein,GO:0003824,0.8305182105541877,2,0.556870108508805,0.110966705587126,0,0.32816901408450705
FGSG_09038,2,0.4230037092477822,0.8302191699662476,FGSG_03894;FGSG_10922,1,uncharacterized protein,,0.8302191699662476,2,-0.67192044379646,0.117344534416548,0,0.3279678068410463
FGSG_03880,5,0.42757821781656874,2.068712938009858,FGSG_00007;FGSG_03532;FGSG_08081;FGSG_08083;FGSG_13952,2,uncharacterized protein,GO:0004764;GO:0055114,0.8299926816992996,2,0.378716505207831,0.108269357093454,0,0.32776659959758553
FGSG_06308,2,0.41794092477404354,0.8299835129767092,FGSG_03894;FGSG_10922,1,uncharacterized protein,GO:0003735;GO:0005739;GO:0015935;GO:0032543,0.8299835129767092,2,-0.226608390378842,0.0615083118415247,0,0.32756539235412474
FGSG_06324,4,0.4223641086868151,1.6643619842014745,FGSG_02272;FGSG_02461;FGSG_03894;FGSG_05610,1,uncharacterized protein,GO:0000981;GO:0005634;GO:0006357;GO:0008270,0.8296476299167925,2,-0.09362462765269,0.483177055531639,0,0.3271629778672032
FGSG_01314,5,0.43074318706762227,2.0792100756824037,FGSG_02272;FGSG_02461;FGSG_03061;FGSG_05610;FGSG_09456,1,eukaryotic translation initiation factor 3 subunit 7,GO:0001731;GO:0003743;GO:0005634;GO:0005829;GO:0006446;GO:0016282;GO:0033290;GO:0071540;GO:0071541,0.8293941216373828,2,-0.174068146278779,0.0810380896114373,0,0.3269617706237425
FGSG_07214,2,0.42367441472199696,0.8292455431328356,FGSG_03894;FGSG_10922,1,pre-mRNA-splicing factor cwc22,GO:0000398;GO:0003723;GO:0071006,0.8292455431328356,2,-0.227791674269587,0.173416074860376,0,0.3267605633802817
FGSG_04397,4,0.4276633261616231,1.639736778495341,FGSG_01866;FGSG_02327;FGSG_03532;FGSG_08083,2,uncharacterized protein,GO:0004190;GO:0006508,0.8291997487317606,2,0.122526077036255,0.171498371693164,0,0.3265593561368209
FGSG_08429,5,0.42893356858819065,2.0600400404993806,FGSG_03295;FGSG_03548;FGSG_07075;FGSG_09456;FGSG_09834,1,uncharacterized protein,GO:0004644;GO:0005634;GO:0005737;GO:0006189;GO:0046084,0.8291433359418845,2,-0.231614853154128,0.0338763821869001,0,0.3263581488933602
FGSG_07516,2,0.41644021267012804,0.8290842402614547,FGSG_04589;FGSG_08601,1,uncharacterized protein,GO:0005524;GO:0005794;GO:0005886;GO:0015421;GO:0016021;GO:0032153;GO:0035672;GO:0043332;GO:0051286;GO:1990847,0.8290842402614547,2,-0.441964348444775,0.069729614740243,0,0.3261569416498994
FGSG_04966,4,0.4346089045366254,1.6757947461257605,FGSG_00007;FGSG_03539;FGSG_08083;FGSG_13952,2,uncharacterized protein,GO:0016021;GO:0016620;GO:0055114,0.828766197532435,2,0.176745286636265,0.430642894894131,0,0.32595573440643866
FGSG_04887,4,0.4211342461366636,1.6579970795102046,FGSG_00743;FGSG_03061;FGSG_03894;FGSG_05610,1,uncharacterized protein,GO:0000408;GO:0000723;GO:0000781;GO:0005634;GO:0006351;GO:0006355;GO:0008033,0.8279954883319567,2,-0.262582455490708,0.0640337810452124,0,0.32575452716297787
FGSG_02128,3,0.4168544216051189,1.2399018154807628,FGSG_00007;FGSG_08083;FGSG_13952,2,uncharacterized protein,,0.8277433023183953,2,0.445362450631088,0.232179014272526,0,0.3255533199195171
FGSG_09424,4,0.438567191839324,1.6729743084216198,FGSG_00007;FGSG_03539;FGSG_08083;FGSG_13952,2,uncharacterized protein,GO:0008152;GO:0016874,0.8275649504132545,2,0.300396988401914,0.0386447012582309,0,0.32535211267605635
FGSG_05245,5,0.42185485996752053,2.042745662181954,FGSG_00007;FGSG_01866;FGSG_08081;FGSG_08083;FGSG_13952,2,uncharacterized protein,GO:0004177;GO:0005576;GO:0006508;GO:0046872,0.8274829740654397,2,0.252021614631433,0.0706092824471305,0,0.3251509054325956
FGSG_07260,4,0.41807885104584874,1.6593387293712136,FGSG_02272;FGSG_02461;FGSG_03894;FGSG_05610,1,uncharacterized protein,GO:0016787,0.8273873088859838,2,-0.139074412899186,0.412299016739959,0,0.3249496981891348
FGSG_06215,2,0.4151405544549829,0.8269717010326857,FGSG_03894;FGSG_10922,1,uncharacterized protein,GO:0004506;GO:0005783;GO:0005811;GO:0006696;GO:0008144;GO:0016021;GO:0050660;GO:0055114,0.8269717010326857,2,-0.395796600979927,0.003420927612826,0,0.32474849094567404
FGSG_11939,2,0.4200414756225557,0.82673350688185,FGSG_03894;FGSG_10922,1,uncharacterized protein,GO:0005245;GO:0005509;GO:0005891;GO:0034765;GO:0070588,0.82673350688185,2,-0.559527990210868,1.90941137998672e-08,0,0.3243460764587525
FGSG_10146,2,0.4182965129062313,0.8264075899059444,FGSG_03842;FGSG_13952,2,uncharacterized protein,GO:0004180;GO:0006508;GO:0035241;GO:0035247,0.8264075899059444,2,0.296289701806357,0.0551069763537551,0,0.32414486921529173
FGSG_03765,2,0.42618802772814934,0.8262726765670121,FGSG_08083;FGSG_13952,2,uncharacterized protein,,0.8262726765670121,2,0.275025631826227,0.24635767575598,0,0.323943661971831
FGSG_03088,2,0.41676706981327033,0.8261998155642628,FGSG_03842;FGSG_13952,2,uncharacterized protein,GO:0051213;GO:0055114,0.8261998155642628,2,0.635608540801501,0.0235608053073679,0,0.32374245472837027
FGSG_10222,2,0.4143519494767372,0.8260455095701191,FGSG_03894;FGSG_10922,1,uncharacterized protein,GO:0005886;GO:0016021,0.8260455095701191,2,-0.224253517579013,0.0412975230796864,0,0.3235412474849095
FGSG_02038,3,0.4210896154435528,1.2313856983194131,FGSG_02271;FGSG_02272;FGSG_07075,1,uncharacterized protein,,0.8254727071791941,2,-0.975483395916957,0.025074222845208,0,0.3233400402414487
FGSG_00904,3,0.4181669351234287,1.2267887533788575,FGSG_08081;FGSG_08083;FGSG_13952,2,deoxyuridine 5'-triphosphate nucleotidohydrolase,GO:0004170;GO:0005634;GO:0005737;GO:0035863;GO:0035870;GO:0046081,0.8249473155842602,2,0.21952938078361,0.122252330047538,0,0.32313883299798796
FGSG_13551,4,0.42304306614616305,1.646923144550132,FGSG_02272;FGSG_02461;FGSG_03894;FGSG_05610,1,uncharacterized protein,GO:0070403,0.8244408883541714,2,-0.119374367304314,0.610862300998822,0,0.32293762575452717
FGSG_09774,3,0.43001747720671546,1.2544476862957683,FGSG_03548;FGSG_09456;FGSG_09834,1,NBP35 protein,GO:0002098;GO:0005506;GO:0005524;GO:0005634;GO:0005737;GO:0016226;GO:0016887;GO:0051539,0.824430209089053,2,-0.431936249980259,0.0005034682202755,0,0.3227364185110664
FGSG_11698,4,0.41620828313613195,1.6321515164922136,FGSG_02271;FGSG_02272;FGSG_02461;FGSG_07075,1,ADP-ribose pyrophosphatase,GO:0005634;GO:0005739;GO:0005829;GO:0019693;GO:0047631,0.8237014905917701,2,-0.358454281361288,0.0646906786202242,0,0.32253521126760565
FGSG_01415,4,0.4318660235914586,1.6708489159588138,FGSG_02272;FGSG_02461;FGSG_03061;FGSG_05610,1,uncharacterized protein,GO:0016021,0.8236557455929108,2,-0.192648596004437,0.099580830854111,0,0.32233400402414486
FGSG_02749,2,0.4175380430196037,0.8235850285867139,FGSG_03894;FGSG_10922,1,uncharacterized protein,GO:0005524;GO:0016021;GO:0042626;GO:0055085,0.8235850285867139,2,-0.391035502227032,0.0007055985302427,0,0.32213279678068407
FGSG_08446,2,0.4154501660044302,0.8235054548731708,FGSG_03894;FGSG_10922,1,rho GTPase 1,GO:0000001;GO:0003924;GO:0005509;GO:0005525;GO:0005635;GO:0005829;GO:0007264;GO:0010821;GO:0031307;GO:0032865;GO:0055091;GO:1990456,0.8235054548731708,2,-0.247374012891267,0.169455053193237,0,0.32193158953722334
FGSG_08272,2,0.4193759221744801,0.823466909575349,FGSG_02324;FGSG_02327,2,uncharacterized protein,,0.823466909575349,2,0.999174924087798,0.0010143523890745,0,0.3217303822937626
FGSG_13377,2,0.4141890664475313,0.8234020499594044,FGSG_03894;FGSG_10922,1,uncharacterized protein,GO:0016021,0.8234020499594044,2,-0.48019950223605,0.163876196203201,0,0.3215291750503018
FGSG_12711,2,0.416136951673275,0.8230354376599935,FGSG_03894;FGSG_04589,1,uncharacterized protein,GO:0000723;GO:0000727;GO:0000784;GO:0000981;GO:0003684;GO:0003723;GO:0004003;GO:0005635;GO:0006303;GO:0006333;GO:0006357;GO:0008270;GO:0030466;GO:0032508;GO:0042162;GO:0043564;GO:0097552,0.8230354376599935,2,-0.489393293726762,0.0005845503387351,0,0.32132796780684103
FGSG_13142,2,0.41875663223072745,0.8229468110337831,FGSG_03894;FGSG_10922,1,uncharacterized protein,GO:0016740,0.8229468110337831,2,-0.624590868780831,7.27381376236932e-05,0,0.3211267605633803
FGSG_09243,4,0.4195163360629398,1.6497052660791516,FGSG_00743;FGSG_03061;FGSG_03894;FGSG_05610,1,uncharacterized protein,,0.8228103142616174,2,-0.353740215152448,0.0329980614469246,0,0.32092555331991957
FGSG_10595,2,0.411539692511035,0.8227332182606844,FGSG_08083;FGSG_13952,2,uncharacterized protein,GO:0004252;GO:0006508,0.8227332182606844,2,0.141888893091337,,0,0.3207243460764587
FGSG_06125,2,0.41577782259941903,0.8226501940198593,FGSG_08083;FGSG_13952,2,uncharacterized protein,GO:0005634,0.8226501940198593,2,0.127099260573909,0.234175078431861,0,0.320523138832998
FGSG_07432,4,0.41389704021093326,1.6455492032078733,FGSG_02272;FGSG_02461;FGSG_03061;FGSG_05610,1,uncharacterized protein,GO:0005634;GO:0005794;GO:0006623;GO:0006896;GO:0008565;GO:0030123,0.8225968486520322,2,-0.11365117836089,0.435301440051865,0,0.32032193158953726
FGSG_10823,3,0.42057793479171124,1.2285854625928159,FGSG_03548;FGSG_09456;FGSG_09834,1,uncharacterized protein,GO:0016021;GO:0055085,0.8224118996722474,2,-0.674356432237812,0.0007399792387128,0,0.32012072434607647
FGSG_03095,2,0.4193012648020332,0.8222607771493134,FGSG_02324;FGSG_02327,2,uncharacterized protein,GO:0016787,0.8222607771493134,2,0.35280586503756,0.0576656733189741,0,0.3199195171026157
FGSG_05184,3,0.4125241370397659,1.2279959168413828,FGSG_00007;FGSG_08083;FGSG_13952,2,uncharacterized protein,GO:0003824;GO:0009058;GO:0030170,0.8217368743296088,2,0.251894615205331,0.145087158894549,0,0.31971830985915495
FGSG_04091,4,0.41193925056532077,1.6284168707945423,FGSG_02271;FGSG_02272;FGSG_02461;FGSG_07075,1,uncharacterized protein,GO:0006620;GO:0009408;GO:0032947;GO:0072380,0.8215007885357387,2,-0.213398290490418,0.0454350404395289,0,0.31951710261569416
FGSG_12683,5,0.4301696250375148,2.0638864263632,FGSG_02272;FGSG_02461;FGSG_03061;FGSG_05610;FGSG_09012,1,ubiquitin-conjugating enzyme E2 2,GO:0000209;GO:0000722;GO:0000724;GO:0000781;GO:0005524;GO:0005634;GO:0005829;GO:0006338;GO:0006348;GO:0006353;GO:0006366;GO:0010390;GO:0010620;GO:0016874;GO:0030433;GO:0030435;GO:0030466;GO:0031497;GO:0031571;GO:0033503;GO:0042138;GO:0042275;GO:0042276;GO:0042787;GO:0051569;GO:0061631;GO:0070987;GO:0071455;GO:0071596;GO:0071894;GO:0090089;GO:0097505;GO:1901487,0.8214848328999257,2,-0.383444210633313,0.0095032056051866,0,0.3193158953722334
FGSG_09691,2,0.4169117609302709,0.8209637508154084,FGSG_03894;FGSG_10922,1,uncharacterized protein,,0.8209637508154084,2,-0.33409457182092,0.0003265392109936,0,0.31911468812877264
FGSG_00832,4,0.41216151536770124,1.6292226522396924,FGSG_00007;FGSG_03539;FGSG_03842;FGSG_13952,2,uncharacterized protein,GO:0005739;GO:0016787,0.820929430806004,2,0.305070620638977,0.0119055716469778,0,0.31891348088531185
FGSG_01115,2,0.41050709919702116,0.8206112488915136,FGSG_03842;FGSG_13952,2,uncharacterized protein,GO:0016311;GO:0016791,0.8206112488915136,2,0.698005128852837,2.6411582233280503e-09,0,0.31851106639839033
FGSG_05619,2,0.41182442449465273,0.8206072259890733,FGSG_03894;FGSG_10922,1,clathrin heavy chain,GO:0005198;GO:0006886;GO:0006897;GO:0030130;GO:0030132,0.8206072259890733,2,-0.134784509258018,0.127306357195831,0,0.3183098591549296
FGSG_04204,6,0.427720629343884,2.4730663687153687,FGSG_00007;FGSG_03532;FGSG_03539;FGSG_08081;FGSG_08083;FGSG_13952,2,uncharacterized protein,GO:0005739;GO:0005886;GO:0006849;GO:0015355;GO:0015992;GO:0016021;GO:0035879;GO:0097079;GO:0097080,0.8206054035956576,2,0.228189757653657,0.0089767534495724,0,0.3181086519114688
FGSG_05468,2,0.418283975520455,0.8201671574641721,FGSG_02324;FGSG_02325,2,uncharacterized protein,GO:0008168;GO:0019825;GO:0020037;GO:0032259,0.8201671574641721,2,0.393196882049046,0.0005893880800813,0,0.317907444668008
FGSG_10140,5,0.41577423416066067,2.057577199397397,FGSG_02272;FGSG_02461;FGSG_03061;FGSG_05610;FGSG_13136,1,uncharacterized protein,GO:0005759;GO:0006121;GO:0018293;GO:0030437;GO:0045944,0.820102220588859,2,-0.138712077985378,0.255410398512942,0,0.3177062374245473
FGSG_06784,4,0.4361867893074478,1.6674314815092663,FGSG_00007;FGSG_03539;FGSG_08083;FGSG_13952,2,farnesyl pyrophosphate synthetase,GO:0004161;GO:0004337;GO:0005783;GO:0006696;GO:0033384;GO:0045337;GO:0046872,0.819421758553649,2,0.374975056110683,9.72577418867102e-05,0,0.31750503018108656
FGSG_04888,2,0.413766650898907,0.818815761048106,FGSG_03894;FGSG_10922,1,uncharacterized protein,GO:0000978;GO:0001077;GO:0005634;GO:0006366;GO:0008270;GO:0035948;GO:0061414;GO:2000218,0.818815761048106,2,-0.606552758313253,4.05244135517036e-06,0,0.3173038229376257
FGSG_02667,2,0.411318170236627,0.8188008413361494,FGSG_02326;FGSG_02329,2,uncharacterized protein,,0.8188008413361494,2,0.407566054894955,0.0597503626916393,0,0.317102615694165
FGSG_00613,4,0.4269111785475256,1.660338122120676,FGSG_02272;FGSG_02461;FGSG_03894;FGSG_05610,1,general amino-acid permease GAP1,GO:0003333;GO:0015171;GO:0016021,0.8185880868972426,2,-0.153228320101166,0.406477445625439,0,0.31690140845070425
FGSG_12430,2,0.4124669434077357,0.8185305732342405,FGSG_02326;FGSG_02329,2,uncharacterized protein,GO:0005525,0.8185305732342405,2,0.71550024418752,0.0319703850335786,0,0.3167002012072435
FGSG_05763,2,0.4093011893688195,0.8183155458114486,FGSG_03842;FGSG_13952,2,uncharacterized protein,,0.8183155458114486,2,0.624302402782437,0.0360407421063622,0,0.31649899396378267
FGSG_08394,4,0.41331232282023617,1.6274216841024551,FGSG_02272;FGSG_02461;FGSG_03894;FGSG_05610,1,uncharacterized protein,GO:0005737;GO:0008677;GO:0015940;GO:0050661;GO:0055114,0.8180242680945787,2,-0.185629548554443,0.297863870580479,0,0.31629778672032194
FGSG_05510,2,0.4139239650283291,0.8171950067987186,FGSG_02324;FGSG_02325,2,uncharacterized protein,GO:0003924;GO:0005525;GO:0005794;GO:0006886;GO:0007264;GO:0033365;GO:0042175;GO:0043001,0.8171950067987186,2,0.58009123503416,0.0003083773071209,0,0.3158953722334004
FGSG_09555,3,0.4166519275468903,1.2321172320509004,FGSG_03548;FGSG_09456;FGSG_09834,1,electron transfer flavoprotein subunit beta,GO:0003779;GO:0005096;GO:0005739;GO:0005768;GO:0005793;GO:0005802;GO:0005856;GO:0006888;GO:0006890;GO:0009055;GO:0030037;GO:0043001;GO:0043547,0.8171560407349688,2,-0.479131203530481,5.51565851339973e-06,0,0.31569416498993963
FGSG_01007,2,0.40877308217568925,0.8171215261471491,FGSG_03842;FGSG_13952,2,DNA replication complex GINS protein PSF1,GO:0000727;GO:0000811;GO:0005829;GO:0031298;GO:1902975;GO:1902983,0.8171215261471491,2,0.445251879335159,5.05039387698969e-05,0,0.3154929577464789
FGSG_11562,2,0.4169193605852737,0.8171081829734805,FGSG_03894;FGSG_10922,1,uncharacterized protein,GO:0016787,0.8171081829734805,2,-0.849356396275733,0.032722066722421,0,0.3150905432595574
FGSG_08177,2,0.4122361239541045,0.817037742321435,FGSG_02326;FGSG_02329,2,uncharacterized protein,GO:0016021;GO:0022891;GO:0055085,0.817037742321435,2,0.904195123360733,0.0026518372025448,0,0.3148893360160966
FGSG_05642,3,0.4086898159937021,1.2209743287703354,FGSG_02271;FGSG_02272;FGSG_02461,1,uncharacterized protein,GO:0005829;GO:0030036;GO:0030479;GO:0032153;GO:0051286,0.8168575118902746,2,-0.191165722544873,0.0221263155488649,0,0.3146881287726358
FGSG_09576,2,0.4108970196325917,0.8166979362103188,FGSG_02324;FGSG_03842,2,uncharacterized protein,GO:0016021,0.8166979362103188,2,0.446377762417545,5.41457400272209e-07,0,0.31448692152917507
FGSG_04993,5,0.42944340730808384,2.065998322374857,FGSG_00007;FGSG_03539;FGSG_08081;FGSG_08083;FGSG_13952,2,uncharacterized protein,GO:0008080,0.8165951088261594,2,0.403628994528723,0.0482511483526438,0,0.3142857142857143
FGSG_11054,2,0.4154885945376743,0.8162970831244947,FGSG_03546;FGSG_08601,1,homocitrate synthase,GO:0019752;GO:0046912,0.8162970831244947,2,-0.528775393374623,9.90457070354695e-15,0,0.31408450704225355
FGSG_02933,2,0.41096684575081543,0.8162394065667523,FGSG_02326;FGSG_02329,2,uncharacterized protein,GO:0016021,0.8162394065667523,2,0.301006793226276,0.313683459054001,0,0.31388329979879276
FGSG_09776,4,0.42796859478030863,1.6635250656745395,FGSG_00007;FGSG_03539;FGSG_08083;FGSG_13952,2,uncharacterized protein,GO:0005634;GO:0005737;GO:0016740,0.8161064539561166,2,0.181537390363817,0.0268927208291902,0,0.31368209255533197
FGSG_10009,3,0.41069513288628773,1.2262589128097199,FGSG_02272;FGSG_03061;FGSG_05610,1,uncharacterized protein,,0.8159462813902707,2,-0.0985226082003922,0.489912727406421,0,0.31307847082494966
FGSG_05624,2,0.4101207120355917,0.8154979337432053,FGSG_02326;FGSG_02329,2,uncharacterized protein,GO:0003830;GO:0006487;GO:0016021,0.8154979337432053,2,0.321470434411473,0.0006522153870852,0,0.3126760563380282
FGSG_02817,2,0.4106259429359385,0.8153864193392433,FGSG_02326;FGSG_02329,2,uncharacterized protein,,0.8153864193392433,2,0.543039173741509,0.0231048049518489,0,0.3124748490945674
FGSG_07162,2,0.41227572208517427,0.8153317953844448,FGSG_03894;FGSG_10922,1,uncharacterized protein,GO:0003941;GO:0004794;GO:0006565;GO:0006567;GO:0030170;GO:0042645,0.8153317953844448,2,-0.307843429644113,0.0683078539351828,0,0.3122736418511066
FGSG_02703,4,0.4179647106834037,1.6459022368115082,FGSG_00007;FGSG_08081;FGSG_08083;FGSG_13952,2,uncharacterized protein,GO:0004032;GO:0005634;GO:0005737;GO:0019568;GO:0034599;GO:0042843;GO:0055114,0.8152202339389809,2,0.229258222800276,0.0576932895067953,0,0.3120724346076459
FGSG_03518,6,0.42299386943139816,2.462956121648096,FGSG_02326;FGSG_02329;FGSG_08077;FGSG_08078;FGSG_10206;FGSG_12211,2,uncharacterized protein,,0.8147347471634621,2,0.768143232655198,9.013342250521119e-13,0,0.31187122736418516
FGSG_01889,2,0.40759064149686425,0.8143989387996318,FGSG_03546;FGSG_03548,1,uncharacterized protein,,0.8143989387996318,2,-0.310606624205965,0.0083743157598816,0,0.31167002012072437
FGSG_06710,2,0.4082503872028969,0.8143075439763716,FGSG_02326;FGSG_02329,2,uncharacterized protein,GO:0000288;GO:0003729;GO:0007005;GO:0008298;GO:0009060;GO:0032473;GO:0051646,0.8143075439763716,2,0.164375125493264,0.205864042443792,0,0.3114688128772636
FGSG_02809,2,0.4099202266750153,0.814306522639399,FGSG_02326;FGSG_02329,2,uncharacterized protein,,0.814306522639399,2,0.779153143696285,2.78707161353288e-06,0,0.31126760563380285
FGSG_07549,2,0.4132381199144692,0.8135165874861836,FGSG_02324;FGSG_02325,2,uncharacterized protein,GO:0000400;GO:0000710;GO:0005524;GO:0005829;GO:0016887;GO:0032137;GO:0032138;GO:0032301;GO:0036297;GO:0043570,0.8135165874861836,2,0.859515309452712,1.48817508692078e-11,0,0.31106639839034206
FGSG_04981,3,0.4126968242107838,1.2148402602932515,FGSG_02272;FGSG_02461;FGSG_03894,1,uncharacterized protein,GO:0005634;GO:0005829;GO:0016301;GO:0016310,0.8134441531168222,2,-0.250306560369919,0.257377051603907,0,0.31086519114688127
FGSG_12474,4,0.41298349418491304,1.6246259380880677,FGSG_02271;FGSG_02272;FGSG_02461;FGSG_09456,1,uncharacterized protein,GO:0016021,0.8131354206761198,2,-0.594087880824028,0.0332572910793655,0,0.31066398390342054
FGSG_12869,2,0.4077324502237303,0.8130031999577161,FGSG_02327;FGSG_08083,2,uncharacterized protein,,0.8130031999577161,2,0.315696728149959,0.0706423315264893,0,0.31046277665995975
FGSG_01897,2,0.408329642370958,0.8129577525045284,FGSG_03842;FGSG_13952,2,uncharacterized protein,GO:0016021;GO:0016740,0.8129577525045284,2,0.901457901353403,7.36737547804245e-08,0,0.31026156941649896
FGSG_08468,2,0.4073731622411257,0.8129083437553313,FGSG_02326;FGSG_02329,2,cell division control protein 2,GO:0000235;GO:0000307;GO:0000706;GO:0000993;GO:0004693;GO:0005524;GO:0005634;GO:0005783;GO:0005816;GO:0005840;GO:0005935;GO:0006338;GO:0006370;GO:0007130;GO:0010568;GO:0010569;GO:0010570;GO:0010571;GO:0010696;GO:0010898;GO:0016192;GO:0018105;GO:0032880;GO:0042393;GO:0045875;GO:0045892;GO:0045930;GO:0045931;GO:0045944;GO:0051301;GO:0051446;GO:0051447;GO:0070816;GO:2001033,0.8129083437553313,2,0.145170086996023,0.297742106358642,0,0.31006036217303823
FGSG_05137,2,0.4095480470432032,0.8127272574836917,FGSG_03548;FGSG_09834,1,uncharacterized protein,GO:0005730;GO:0005737;GO:0016021;GO:0016151;GO:0019627,0.8127272574836917,2,-0.254101575954057,0.0295953775879973,0,0.3098591549295775
FGSG_00375,2,0.4072295099020667,0.8125236096611261,FGSG_04589;FGSG_08601,1,uncharacterized protein,GO:0006744;GO:0016709;GO:0016712;GO:0031314;GO:0055114;GO:0071949,0.8125236096611261,2,-0.585783680180231,0.0010950891536601,0,0.3096579476861167
FGSG_07302,5,0.43417569125019684,2.059116662318989,FGSG_00007;FGSG_03539;FGSG_08081;FGSG_08083;FGSG_13952,2,uncharacterized protein,GO:0001760;GO:0006568;GO:0016787;GO:1904984,0.8122071191880694,2,0.358598289273302,1.58196096880996e-05,0,0.3094567404426559
FGSG_00760,2,0.40884991583770053,0.8119522037661915,FGSG_02326;FGSG_02329,2,uncharacterized protein,GO:0000166;GO:0003676,0.8119522037661915,2,0.506594354757542,0.0348967699141465,0,0.3092555331991952
FGSG_10364,2,0.4079721045194995,0.8118805342027835,FGSG_02324;FGSG_02903,2,uncharacterized protein,GO:0000981;GO:0005634;GO:0006357;GO:0008270,0.8118805342027835,2,0.816916808478164,1.16449917428429e-17,0,0.30905432595573445
FGSG_13711,2,0.40880822956889057,0.8118308668691232,FGSG_02326;FGSG_02329,2,uncharacterized protein,GO:0003676;GO:0046872,0.8118308668691232,2,0.356117956413839,0.0002145312782964,0,0.3088531187122736
FGSG_08590,2,0.4103099833493852,0.811340263219889,FGSG_02326;FGSG_02327,2,uncharacterized protein,GO:0016021,0.811340263219889,2,0.45945840133065,0.0981516559679913,0,0.30845070422535215
FGSG_08983,2,0.4069803863330262,0.8112033863085055,FGSG_02326;FGSG_02329,2,uncharacterized protein,,0.8112033863085055,2,0.428598051370743,0.059436253888057,0,0.30824949698189136
FGSG_01640,2,0.4085088727522318,0.8110787407375503,FGSG_03842;FGSG_13952,2,"alpha-1,3-mannosyltransferase alg-2",GO:0006490;GO:0016021;GO:0016757,0.8110787407375503,2,0.254522475675103,0.198988727827888,0,0.30804828973843057
FGSG_08339,5,0.41084295795192355,2.0291058789616554,FGSG_02272;FGSG_02461;FGSG_03894;FGSG_05610;FGSG_09012,1,uncharacterized protein,GO:0005739,0.810350282208891,2,-0.240119847260382,0.130202169591589,0,0.30784708249496984
FGSG_13993,4,0.4136737059016577,1.6364374442689817,FGSG_02326;FGSG_02329;FGSG_08078;FGSG_12211,2,uncharacterized protein,GO:0016021;GO:0055085,0.8102239413592669,2,0.825470673264353,4.5855313083318e-10,0,0.30764587525150905
FGSG_08516,2,0.40741252925264543,0.8102002676471464,FGSG_03894;FGSG_10922,1,uncharacterized protein,GO:0005737;GO:0008134;GO:0008270;GO:0030174;GO:0031939;GO:0032221;GO:0033698;GO:0035064;GO:0061186;GO:0061188;GO:0070210,0.8102002676471464,2,-0.319038376113131,0.0561045181806141,0,0.3074446680080483
FGSG_01575,2,0.4055278057682285,0.810156117525634,FGSG_02327;FGSG_08083,2,uncharacterized protein,GO:0003743;GO:0005085;GO:0005851;GO:0006413;GO:0006446;GO:0032045;GO:0043547,0.810156117525634,2,0.154324616489287,0.222176066413736,0,0.30724346076458753
FGSG_09116,2,0.4056367366019947,0.8101409828475726,FGSG_02326;FGSG_02329,2,uncharacterized protein,GO:0005524,0.8101409828475726,2,0.672028971271615,0.02300618352844,0,0.30704225352112674
FGSG_02624,2,0.4092110307596644,0.8100083160135076,FGSG_02324;FGSG_02325,2,iron sulfur cluster assembly protein 1,GO:0005506;GO:0005759;GO:0006879;GO:0036455;GO:0043234;GO:0044571;GO:0051537;GO:0097428,0.8100083160135076,2,0.396240639195929,5.52397264895428e-05,0,0.3066398390342052
FGSG_06479,2,0.4096799083546586,0.8099632366871792,FGSG_03894;FGSG_10922,1,uncharacterized protein,,0.8099632366871792,2,-0.709311560719373,0.0865486199387078,0,0.3064386317907445
FGSG_02555,2,0.4073865072939714,0.8095011861083247,FGSG_03992;FGSG_09834,1,glutaminyl-tRNA synthetase,GO:0004819;GO:0005524;GO:0005739;GO:0005829;GO:0006425,0.8095011861083247,2,-0.476379852131636,3.07121837776138e-05,0,0.3060362173038229
FGSG_05773,2,0.4064179132235447,0.809386157624163,FGSG_03842;FGSG_13952,2,uncharacterized protein,,0.809386157624163,2,0.429261784773337,0.0008735690518909,0,0.30563380281690145
FGSG_12660,3,0.40901620852559567,1.2183556404882587,FGSG_00007;FGSG_08083;FGSG_13952,2,uncharacterized protein,GO:0000981;GO:0005634;GO:0006357;GO:0008270,0.809339431962663,2,0.126471491990801,0.506957518345004,0,0.3054325955734406
FGSG_05276,5,0.41740819132681456,2.037994079382787,FGSG_02271;FGSG_07075;FGSG_07528;FGSG_09456;FGSG_09834,1,uncharacterized protein,GO:0005634;GO:0005737;GO:0008536;GO:0008565;GO:0042991,0.8093051166045753,2,-0.213286384822094,0.0067989142823494,0,0.30523138832997987
FGSG_12878,2,0.405872834618501,0.8086260395811443,FGSG_00330;FGSG_08601,1,uncharacterized protein,GO:0000149;GO:0004190;GO:0005886;GO:0006511;GO:0009306;GO:0016192;GO:0043130,0.8086260395811443,2,-0.45742787286419,0.0002356981535556,0,0.30482897384305835
FGSG_06052,2,0.4062496846166019,0.8080806071714661,FGSG_03546;FGSG_03548,1,uncharacterized protein,,0.8080806071714661,2,-0.336441722770527,0.0009892847591608,0,0.30462776659959756
FGSG_09438,2,0.40597281654487305,0.8078982417068887,FGSG_03894;FGSG_10922,1,ribosomal protein S16,GO:0003735;GO:0005763;GO:0032543,0.8078982417068887,2,-0.207889866416038,0.061512258366676,0,0.3044265593561368
FGSG_09101,2,0.4067713725485261,0.8077349738827906,FGSG_03894;FGSG_10922,1,uncharacterized protein,GO:0016491;GO:0055114,0.8077349738827906,2,-0.567013235781595,0.148826219131082,0,0.3042253521126761
FGSG_01881,3,0.40455193549986973,1.212110891711344,FGSG_02272;FGSG_03061;FGSG_05610,1,uncharacterized protein,GO:0000838;GO:0000839;GO:0008270;GO:0016021;GO:0016567;GO:0016874;GO:0030433;GO:0030968;GO:0031505;GO:0061630,0.8075589562114742,2,-0.0870561030682258,0.537714742746267,0,0.3040241448692153
FGSG_03912,2,0.40558679785047796,0.8075401363026447,FGSG_02326;FGSG_02329,2,uncharacterized protein,GO:0000981;GO:0005634;GO:0006357;GO:0008270,0.8075401363026447,2,0.325365483743733,0.108312281737314,0,0.3038229376257545
FGSG_10978,2,0.4041450238297057,0.8075132213530374,FGSG_02326;FGSG_02329,2,uncharacterized protein,GO:0016757,0.8075132213530374,2,0.337318624790588,0.0799831938075787,0,0.3036217303822938
FGSG_11060,2,0.4042245382123426,0.8074607525297421,FGSG_02326;FGSG_02329,2,uncharacterized protein,,0.8074607525297421,2,0.695186545180375,0.0083963445237546,0,0.303420523138833
FGSG_10997,4,0.4061900379419919,1.6081152814354251,FGSG_00007;FGSG_03539;FGSG_08082;FGSG_13952,2,uncharacterized protein,GO:0016021,0.807318762278847,2,0.753439892920825,0.0132730151606659,0,0.3032193158953722
FGSG_01484,2,0.4040999580863627,0.8069988901458764,FGSG_02326;FGSG_02329,2,uncharacterized protein,GO:0008643;GO:0016021;GO:0022891;GO:0055085,0.8069988901458764,2,0.35222710000036,0.21057767124666,0,0.3030181086519115
FGSG_03922,2,0.40506366668216587,0.8069016564864374,FGSG_02326;FGSG_02329,2,uncharacterized protein,GO:0004571;GO:0005509;GO:0008152;GO:0016020,0.8069016564864374,2,0.958016253738586,1.2052970254755102e-09,0,0.30281690140845074
FGSG_03860,2,0.4061494209891604,0.8068146443431183,FGSG_02326;FGSG_02329,2,uncharacterized protein,GO:0004497;GO:0005506;GO:0016705;GO:0020037;GO:0055114,0.8068146443431183,2,0.573151934224428,0.0007190168014517,0,0.30241448692152917
FGSG_13044,2,0.4046738954662105,0.8066672540185118,FGSG_02326;FGSG_02329,2,uncharacterized protein,,0.8066672540185118,2,0.391328330156798,0.0604581763031745,0,0.30221327967806844
FGSG_08043,2,0.4038789951999616,0.8065738068588486,FGSG_02326;FGSG_02329,2,uncharacterized protein,GO:0000981;GO:0005634;GO:0006357;GO:0008270,0.8065738068588486,2,0.251754950794787,0.398271259184815,0,0.30201207243460765
FGSG_08825,2,0.4037772348200939,0.8063012144832189,FGSG_02326;FGSG_02329,2,uncharacterized protein,GO:0016787,0.8063012144832189,2,0.270991290395659,0.271756626871533,0,0.3014084507042254
FGSG_07541,2,0.40412696987931973,0.8057765725396904,FGSG_02324;FGSG_13952,2,uncharacterized protein,,0.8057765725396904,2,0.674271370450989,5.8701579759762e-05,0,0.3012072434607646
FGSG_02233,2,0.40310353092856477,0.8057627654000565,FGSG_03894;FGSG_10922,1,uncharacterized protein,GO:0005643;GO:0005829;GO:0006607;GO:0006610;GO:0008139;GO:0008536;GO:0008565;GO:0016021;GO:0031965;GO:0034399;GO:2000220,0.8057627654000565,2,-0.278268482555555,0.0221799448777457,0,0.3010060362173038
FGSG_00350,2,0.40289175613979,0.8054752178525044,FGSG_02327;FGSG_02903,2,uncharacterized protein,GO:0000781;GO:0005634;GO:0005829;GO:0006335;GO:0006336;GO:0006337;GO:0006348;GO:0006351;GO:0016573;GO:0030466;GO:0032968;GO:0033523;GO:0035066;GO:0042393;GO:0043486;GO:0043618,0.8054752178525044,2,0.264887769009342,0.002748658443538,0,0.3006036217303823
FGSG_03517,4,0.4165592634854515,1.6276948773401196,FGSG_02272;FGSG_02461;FGSG_03894;FGSG_05610,1,uncharacterized protein,GO:0016491;GO:0055114,0.8041776405714145,2,-0.077151608240699,0.58663288365375,0,0.3004024144869215
FGSG_09916,4,0.41435933318848933,1.620434655684862,FGSG_00007;FGSG_03539;FGSG_08083;FGSG_13952,2,uncharacterized protein,GO:0004497;GO:0005506;GO:0016021;GO:0016705;GO:0020037;GO:0055114,0.8032046834642586,2,0.204480316666512,0.292996287299336,0,0.3002012072434608
FGSG_05358,2,0.4016486179501266,0.8030474810090318,FGSG_08082;FGSG_13952,2,uncharacterized protein,,0.8030474810090318,2,0.48227366742063,0.0003483136980406,0,0.30000000000000004
FGSG_05631,2,0.40114514937144047,0.8020017062064697,FGSG_02326;FGSG_02327,2,proteasome component PRE3 precursor,GO:0004298;GO:0005634;GO:0005789;GO:0010499;GO:0019774;GO:0034515;GO:0043161,0.8020017062064697,2,0.164159987276124,0.0764633804172545,0,0.29979879275653926
FGSG_12151,6,0.4608274530299664,2.52128164481451,FGSG_00743;FGSG_02461;FGSG_03894;FGSG_05610;FGSG_08774;FGSG_09012,1,uncharacterized protein,GO:0005737;GO:0016021,0.4608274530299664,1,-0.363731632413182,0.0210747021907908,0,0.29939637826961774
FGSG_12419,5,0.45443972378507064,2.089927288281727,FGSG_00743;FGSG_02461;FGSG_03894;FGSG_05610;FGSG_08774,1,uncharacterized protein,GO:0016021,0.45443972378507064,1,-0.429146207346666,0.269915268178153,0,0.29919517102615695
FGSG_04117,5,0.454224978682601,2.112272711748454,FGSG_00743;FGSG_00765;FGSG_03894;FGSG_05610;FGSG_08774,1,NAD-specific glutamate dehydrogenase,GO:0004352;GO:0005739;GO:0005829;GO:0019551;GO:0055114,0.454224978682601,1,-0.491220451893601,5.30222208076451e-08,0,0.29899396378269616
FGSG_04455,5,0.45406172158387015,2.1096158337959396,FGSG_00743;FGSG_00765;FGSG_03894;FGSG_05610;FGSG_08774,1,uncharacterized protein,GO:0016301;GO:0016310,0.45406172158387015,1,-0.597117968850017,0.0962598599037833,0,0.2987927565392354
FGSG_00277,5,0.45379074627167837,2.1091659170258668,FGSG_00743;FGSG_00765;FGSG_03894;FGSG_05610;FGSG_08774,1,uncharacterized protein,,0.45379074627167837,1,-0.4015660582681,0.0158042661756061,0,0.29859154929577464
FGSG_13894,4,0.4535775904649391,1.6856926319872148,FGSG_00743;FGSG_03894;FGSG_05610;FGSG_08774,1,uncharacterized protein,,0.4535775904649391,1,-0.926695179718187,0.0259314514603408,0,0.29839034205231385
FGSG_03004,6,0.4534457644318371,2.4990329682229144,FGSG_00743;FGSG_02461;FGSG_03894;FGSG_05610;FGSG_08774;FGSG_09012,1,uncharacterized protein,,0.4534457644318371,1,-0.407063668400199,0.213233916540342,0,0.2981891348088531
FGSG_09928,2,0.4527283952046383,0.8767016009382472,FGSG_03894;FGSG_08774,1,uncharacterized protein,GO:0005768;GO:0005794;GO:0016021;GO:0016192;GO:0032120;GO:0032153;GO:0044853;GO:0051286;GO:0070056,0.4527283952046383,1,-0.191299111810144,0.0703776267708238,0,0.2979879275653924
FGSG_09244,4,0.45191599460163606,1.6825890499858864,FGSG_02461;FGSG_03894;FGSG_05610;FGSG_08774,1,uncharacterized protein,GO:0000131;GO:0000145;GO:0001927;GO:0005546;GO:0005934;GO:0005935;GO:0006893;GO:0017049;GO:0043332;GO:0048309;GO:0051601;GO:0090522,0.45191599460163606,1,-0.144020070071994,0.237739072594667,0,0.2977867203219316
FGSG_12968,4,0.4518186935706683,1.6754762863654076,FGSG_03894;FGSG_05610;FGSG_08774;FGSG_09012,1,uncharacterized protein,GO:0000166;GO:0003676;GO:0005685;GO:0019013;GO:0071004,0.4518186935706683,1,-0.286456717407623,0.157798225928826,0,0.2975855130784708
FGSG_10881,5,0.4508498924567166,2.0945089243521258,FGSG_00743;FGSG_00765;FGSG_03894;FGSG_05610;FGSG_08774,1,uncharacterized protein,GO:0005758;GO:0009055;GO:0020037;GO:0046872;GO:0055114;GO:0070469,0.4508498924567166,1,-0.232218874479909,0.0025545779177953,0,0.2973843058350101
FGSG_11897,5,0.44896771703597,2.094692682159273,FGSG_00743;FGSG_00765;FGSG_03894;FGSG_05610;FGSG_08774,1,uncharacterized protein,GO:0003951;GO:0006741;GO:0016310;GO:0019674,0.44896771703597,1,-0.091029332053819,0.368738625296618,0,0.2971830985915493
FGSG_05907,5,0.44752345667551624,2.080997364381002,FGSG_00743;FGSG_00765;FGSG_03894;FGSG_05610;FGSG_08774,1,uncharacterized protein,GO:0003735;GO:0005840;GO:0006412,0.44752345667551624,1,-0.13704418372686,0.353278575505639,0,0.2969818913480885
FGSG_01658,4,0.4466088517926977,1.6643260068464636,FGSG_00765;FGSG_03894;FGSG_05610;FGSG_08774,1,uncharacterized protein,GO:0005637;GO:0034506;GO:0034992;GO:0044732;GO:0071765;GO:0072766,0.4466088517926977,1,-0.220326804377492,0.216546138061879,0,0.29678068410462777
FGSG_12460,4,0.4464909626663076,1.6847872928980994,FGSG_02461;FGSG_03894;FGSG_05610;FGSG_08774,1,uncharacterized protein,,0.4464909626663076,1,-0.234306957630744,0.326573081140183,0,0.29657947686116704
FGSG_00298,4,0.4458181300842609,1.6679447530321563,FGSG_00765;FGSG_03894;FGSG_05610;FGSG_08774,1,uncharacterized protein,GO:0006486;GO:0045547,0.4458181300842609,1,-0.128667183939063,0.394700888611506,0,0.29637826961770625
FGSG_06735,3,0.4452523909240353,1.2687768217722493,FGSG_00765;FGSG_03894;FGSG_08774,1,uncharacterized protein,GO:0005524;GO:0005829;GO:0016310;GO:0032958;GO:0035299,0.4452523909240353,1,-0.31816762776584,0.180050260690329,0,0.29617706237424546
FGSG_08333,3,0.44440722719068776,1.2589092684545395,FGSG_00765;FGSG_03894;FGSG_08774,1,import inner membrane translocase subunit TIM16,GO:0001405;GO:0019904;GO:0030150,0.44440722719068776,1,-0.162368227431059,0.288866273244186,0,0.2959758551307847
FGSG_13562,3,0.4434123248452727,1.2718844798537456,FGSG_00765;FGSG_03894;FGSG_05610,1,uncharacterized protein,GO:0003333;GO:0015171;GO:0016021,0.4434123248452727,1,-0.281601453048552,0.317214859052958,0,0.295774647887324
FGSG_12306,4,0.44259822130110016,1.6776201742044763,FGSG_00765;FGSG_03894;FGSG_05610;FGSG_08774,1,uncharacterized protein,,0.44259822130110016,1,-0.174945994020123,0.138648132244369,0,0.29557344064386315
FGSG_06047,4,0.4416224436084493,1.6666674873303813,FGSG_00765;FGSG_03894;FGSG_05610;FGSG_08774,1,uncharacterized protein,GO:0000784;GO:0000790;GO:0004402;GO:0006348;GO:0016573;GO:0033255;GO:0043486,0.4416224436084493,1,-0.101785572460753,0.581410103223936,0,0.2953722334004024
FGSG_06662,5,0.44118812643641925,2.0844998368608505,FGSG_00765;FGSG_02461;FGSG_03894;FGSG_05610;FGSG_08774,1,uncharacterized protein,GO:0005684;GO:0045292,0.44118812643641925,1,-0.17429812631716,0.292090487043454,0,0.2951710261569417
FGSG_09887,2,0.44101550164122527,0.8581933361315641,FGSG_03894;FGSG_08774,1,uncharacterized protein,GO:0016301;GO:0016310,0.44101550164122527,1,-0.250677287174325,0.0580620615325308,0,0.2949698189134809
FGSG_06723,4,0.4409599078877985,1.6745704605771374,FGSG_02461;FGSG_03894;FGSG_05610;FGSG_08774,1,import inner membrane translocase subunit TIM14,GO:0001671;GO:0005743;GO:0008565;GO:0016021;GO:0030150;GO:0032781,0.4409599078877985,1,-0.152856016224785,0.281798163413282,0,0.2947686116700201
FGSG_12797,4,0.4407790535228307,1.6574430278204668,FGSG_00765;FGSG_03894;FGSG_05610;FGSG_08774,1,uncharacterized protein,,0.4407790535228307,1,-0.300787461556092,0.308491641020341,0,0.2945674044265594
FGSG_12704,4,0.44073761730292127,1.6650202421620266,FGSG_00765;FGSG_03894;FGSG_05610;FGSG_08774,1,uncharacterized protein,GO:0005524;GO:0016021;GO:0042626;GO:0055085,0.44073761730292127,1,-0.405051835310198,0.0790532657562814,0,0.2943661971830986
FGSG_05458,2,0.43890164777244844,0.8474512171624943,FGSG_03894;FGSG_08774,1,uncharacterized protein,,0.43890164777244844,1,-0.160193225294123,0.165839300950793,0,0.2941649899396378
FGSG_09180,3,0.438319461251118,1.2521143818594502,FGSG_03894;FGSG_05610;FGSG_08774,1,uncharacterized protein,GO:0010508,0.438319461251118,1,-0.143225173321316,0.420844306158256,0,0.29396378269617707
FGSG_06673,2,0.43812598452769125,0.840312496814923,FGSG_03894;FGSG_08774,1,uncharacterized protein,,0.43812598452769125,1,-0.23249067296663,0.391762546569372,0,0.29376257545271633
FGSG_09708,3,0.43786618804623906,1.2752431358067142,FGSG_00765;FGSG_03894;FGSG_05610,1,uncharacterized protein,,0.43786618804623906,1,-0.113099054912403,0.481640340866892,0,0.29356136820925555
FGSG_07431,2,0.43774878966338593,0.8414750174426481,FGSG_03894;FGSG_08774,1,uncharacterized protein,GO:0005743;GO:0006744;GO:0045333;GO:0048039,0.43774878966338593,1,-0.229453871988428,0.230383091799566,0,0.29336016096579476
FGSG_07515,3,0.4377387768774461,1.2478503455007721,FGSG_00765;FGSG_03894;FGSG_08774,1,uncharacterized protein,GO:0003824;GO:0005634;GO:0005829;GO:0009058,0.4377387768774461,1,-0.208465573141716,0.214354102632602,0,0.293158953722334
FGSG_01595,2,0.4370100298147449,0.8464030943715173,FGSG_00765;FGSG_03894,1,uncharacterized protein,,0.4370100298147449,1,-0.243092696960115,0.135514337597214,0,0.29295774647887324
FGSG_04386,4,0.43626834741668624,1.663530822853268,FGSG_00743;FGSG_00765;FGSG_03894;FGSG_05610,1,uncharacterized protein,GO:0003677;GO:0005634;GO:0005737;GO:0006281;GO:0008821;GO:0090305,0.43626834741668624,1,-0.14792503446226,0.489087742798918,0,0.29275653923541245
FGSG_02700,4,0.4361835042109361,1.67248969420962,FGSG_00765;FGSG_02461;FGSG_03894;FGSG_05610,1,uncharacterized protein,GO:0005730;GO:0005829;GO:0042254,0.4361835042109361,1,-0.123490346346368,0.435860703140608,0,0.2925553319919517
FGSG_05016,3,0.43605180763384793,1.2490340246498535,FGSG_03894;FGSG_05610;FGSG_08774,1,uncharacterized protein,GO:0000002;GO:0003677;GO:0003899;GO:0006390;GO:0034245;GO:0042645,0.43605180763384793,1,-0.12303802273581,0.42060230870007,0,0.292354124748491
FGSG_13507,5,0.43547175884835676,2.0863102426132496,FGSG_00007;FGSG_01866;FGSG_03532;FGSG_03881;FGSG_08083,2,uncharacterized protein,GO:0000287;GO:0003677;GO:0004141;GO:0005524;GO:0005634;GO:0006355;GO:0008483;GO:0009102;GO:0030170,0.43547175884835676,1,0.338403515186354,0.126568127850233,0,0.2921529175050302
FGSG_10950,4,0.43464575115215215,1.6543463805321421,FGSG_00007;FGSG_01866;FGSG_03532;FGSG_08083,2,uncharacterized protein,GO:0003995;GO:0050660;GO:0055114,0.43464575115215215,1,0.413142353800819,0.161215392260423,0,0.2919517102615694
FGSG_07894,2,0.4341156054448051,0.8401040362416574,FGSG_03894;FGSG_08774,1,uncharacterized protein,GO:0005315;GO:0006817;GO:0016021;GO:0055085,0.4341156054448051,1,-0.361971810687229,0.218263726328767,0,0.2917505030181087
FGSG_00959,2,0.4336282269059756,0.8351718368275949,FGSG_03894;FGSG_05610,1,uncharacterized protein,,0.4336282269059756,1,-0.220715217170012,0.139790396978567,0,0.2915492957746479
FGSG_13015,5,0.43288906403537536,2.067355668972638,FGSG_02461;FGSG_03894;FGSG_05610;FGSG_08774;FGSG_09012,1,uncharacterized protein,GO:0004185;GO:0005773;GO:0006508,0.43288906403537536,1,-0.511316665808224,0.201872742162604,0,0.2913480885311871
FGSG_06010,2,0.43236511535027655,0.8355298198324644,FGSG_03894;FGSG_08774,1,uncharacterized protein,,0.43236511535027655,1,-0.215963767644048,0.166062733214599,0,0.29114688128772637
FGSG_01964,2,0.4314036541588552,0.8393483320637047,FGSG_00765;FGSG_03894,1,uncharacterized protein,GO:0003677;GO:0003774;GO:0004100;GO:0005524;GO:0016021;GO:0016459,0.4314036541588552,1,-0.195114782785337,0.0216950251604313,0,0.29094567404426563
FGSG_13499,3,0.43130944488575423,1.2426958854044252,FGSG_00765;FGSG_03894;FGSG_05610,1,uncharacterized protein,GO:0016021,0.43130944488575423,1,-0.125880924777974,0.463792992142328,0,0.2907444668008048
FGSG_04044,3,0.4307920251958334,1.2385920073159173,FGSG_03894;FGSG_08774;FGSG_09012,1,dolichol-phosphate mannosyltransferase,GO:0004582;GO:0005741;GO:0005783;GO:0006487;GO:0006493;GO:0006506;GO:0042175;GO:0097502,0.4307920251958334,1,-0.302599123971539,0.0260416134640521,0,0.29054325955734406
FGSG_07221,1,0.430340455393023,0.430340455393023,FGSG_03894,1,uncharacterized protein,,0.430340455393023,1,-0.277546641017568,0.317214859052958,0,0.2903420523138833
FGSG_09782,5,0.4293887604487595,2.0476688103437555,FGSG_02461;FGSG_03894;FGSG_05610;FGSG_08774;FGSG_09012,1,uncharacterized protein,GO:0005427;GO:0005887;GO:0035672,0.4293887604487595,1,-0.167130182025277,0.239065776422319,0,0.29014084507042254
FGSG_07520,3,0.429210561126396,1.2448468863324815,FGSG_00765;FGSG_03894;FGSG_05610,1,uncharacterized protein,GO:0004672;GO:0005524;GO:0006468;GO:0016021,0.429210561126396,1,-0.0987891161404847,0.557589376143669,0,0.28993963782696175
FGSG_10355,2,0.4289058473033945,0.8384785185905752,FGSG_00765;FGSG_03894,1,uncharacterized protein,GO:0003735;GO:0005762;GO:0032543,0.4289058473033945,1,-0.081260132742643,0.497024788046463,0,0.289738430583501
FGSG_02550,2,0.42855211826751216,0.8305712566465714,FGSG_03894;FGSG_08774,1,uncharacterized protein,GO:0004601;GO:0006979;GO:0020037;GO:0046872;GO:0055114;GO:0098869,0.42855211826751216,1,-0.444625337281797,0.0444788276161448,0,0.2895372233400403
FGSG_06074,1,0.4283717965151434,0.4283717965151434,FGSG_03894,1,uncharacterized protein,GO:0004842;GO:0005680;GO:0005829;GO:0007091;GO:0010458;GO:0016567;GO:0031145,0.4283717965151434,1,-0.135391968057051,0.410883008735473,0,0.2893360160965795
FGSG_03191,3,0.428298965845325,1.2519768557498216,FGSG_00007;FGSG_03532;FGSG_08083,2,uncharacterized protein,GO:0004497;GO:0005506;GO:0016021;GO:0016705;GO:0020037;GO:0055114,0.428298965845325,1,0.219054437338664,0.0080600023766833,0,0.2891348088531187
FGSG_00741,1,0.4282422224955472,0.4282422224955472,FGSG_03894,1,uncharacterized protein,GO:0000124;GO:0004402;GO:0005671;GO:0016573;GO:0046695,0.4282422224955472,1,-0.168566301622846,0.23391298556144,0,0.288933601609658
FGSG_09122,3,0.42717719566605045,1.2683960124974314,FGSG_00007;FGSG_03532;FGSG_08083,2,uncharacterized protein,,0.42717719566605045,1,0.29720393884285,0.0264399120517241,0,0.2885311871227364
FGSG_12774,2,0.42692380339936326,0.8271462139158297,FGSG_03894;FGSG_08774,1,uncharacterized protein,,0.42692380339936326,1,-0.186706221356403,0.416728430191811,0,0.28832997987927567
FGSG_01853,3,0.42659673252113056,1.2344816370856009,FGSG_00743;FGSG_00765;FGSG_03894,1,uncharacterized protein,GO:0000981;GO:0005634;GO:0006357;GO:0008270,0.42659673252113056,1,-0.223585825577938,0.0926292749114725,0,0.28812877263581493
FGSG_11891,3,0.4264814251155869,1.2427859534899661,FGSG_00765;FGSG_03894;FGSG_05610,1,uncharacterized protein,GO:0000981;GO:0005634;GO:0006357;GO:0008270,0.4264814251155869,1,-0.156270182382287,0.327866034088141,0,0.28792756539235415
FGSG_06418,1,0.42643532292884473,0.42643532292884473,FGSG_10922,1,uncharacterized protein,,0.42643532292884473,1,-0.401810170973001,0.0006442491329935,0,0.28772635814889336
FGSG_09444,1,0.42632880637185494,0.42632880637185494,FGSG_03894,1,lipoic acid synthetase,GO:0005739;GO:0009107;GO:0009249;GO:0016992;GO:0046872;GO:0051539,0.42632880637185494,1,-0.119263587281771,0.398338891202001,0,0.2875251509054326
FGSG_10571,3,0.42629346801155144,1.2400162123285101,FGSG_00007;FGSG_03532;FGSG_08083,2,uncharacterized protein,GO:0004497;GO:0005506;GO:0016021;GO:0016705;GO:0020037;GO:0055114,0.42629346801155144,1,0.458054868303489,0.220438700757863,0,0.28732394366197184
FGSG_01620,2,0.4258289208706023,0.8318422242405912,FGSG_03894;FGSG_08774,1,uncharacterized protein,GO:0001671;GO:0005789;GO:0016021;GO:0030433;GO:0032781,0.4258289208706023,1,-0.150548471395838,0.270431369130068,0,0.28712273641851105
FGSG_04908,3,0.4252871519226109,1.2334977528103193,FGSG_00765;FGSG_03894;FGSG_05610,1,uncharacterized protein,,0.4252871519226109,1,-0.0446548697306108,0.609953703531675,0,0.2869215291750503
FGSG_08930,1,0.4246712644215173,0.4246712644215173,FGSG_03894,1,uncharacterized protein,GO:0000981;GO:0005634;GO:0006357;GO:0008270,0.4246712644215173,1,-0.225874130301367,0.0565460175048077,0,0.28672032193158953
FGSG_10164,4,0.42447249468059417,1.6453619927871512,FGSG_03532;FGSG_08079;FGSG_08083;FGSG_08084,2,uncharacterized protein,GO:0005739,0.42447249468059417,1,0.313380347391487,0.0062226008078256,0,0.28651911468812874
FGSG_04270,1,0.42417889830954025,0.42417889830954025,FGSG_10922,1,uncharacterized protein,GO:0000139;GO:0006486;GO:0016021;GO:0017110;GO:0017111;GO:0030137,0.42417889830954025,1,-0.260408326800292,0.0044139595779824,0,0.2861167002012073
FGSG_01183,3,0.42372017230574455,1.2419276607667795,FGSG_00765;FGSG_03894;FGSG_05610,1,uncharacterized protein,GO:0005829;GO:0016514;GO:0045944,0.42372017230574455,1,-0.0958641715827283,0.259905339579523,0,0.2859154929577465
FGSG_04015,2,0.42364467166051284,0.8315154337295031,FGSG_00007;FGSG_08083,2,uncharacterized protein,,0.42364467166051284,1,0.292331263765157,0.168686865362081,0,0.2857142857142857
FGSG_03934,3,0.42332204595509115,1.2410442426522343,FGSG_01866;FGSG_03532;FGSG_08083,2,uncharacterized protein,GO:0008643;GO:0016021;GO:0022891;GO:0055085,0.42332204595509115,1,0.21835185707434,0.0210756720962425,0,0.28551307847082497
FGSG_13370,2,0.42294545680345613,0.8277914017272279,FGSG_03894;FGSG_08774,1,uncharacterized protein,GO:0000183;GO:0005737;GO:0006769;GO:0008757;GO:0032259,0.42294545680345613,1,-0.233403982054131,0.400343614464431,0,0.2853118712273642
FGSG_08122,1,0.42246004654555114,0.42246004654555114,FGSG_03894,1,uncharacterized protein,,0.42246004654555114,1,-0.170121857703499,0.323666314251835,0,0.2851106639839034
FGSG_08843,2,0.42240408214769626,0.827239428003375,FGSG_01866;FGSG_08083,2,uncharacterized protein,GO:0008152;GO:0016874,0.42240408214769626,1,0.164106150158115,0.339713140955117,0,0.28490945674044266
FGSG_01765,2,0.4217613023019659,0.8273395909193408,FGSG_03532;FGSG_08083,2,uncharacterized protein,GO:0016021;GO:0033961,0.4217613023019659,1,0.136474645388248,0.078417550916417,0,0.2847082494969819
FGSG_05701,3,0.4204244534216489,1.245455789026053,FGSG_00007;FGSG_03532;FGSG_08083,2,qutG protein,GO:0016021;GO:0046854,0.4204244534216489,1,0.337188163034224,0.122904298314708,0,0.28450704225352114
FGSG_04350,1,0.42010519735610996,0.42010519735610996,FGSG_10922,1,ATP-dependent RNA helicase HAS1,GO:0000462;GO:0000463;GO:0003723;GO:0004004;GO:0005524;GO:0005635;GO:0005730;GO:0030687;GO:1990417,0.42010519735610996,1,-0.294058798896237,0.0208721574059374,0,0.28430583501006035
FGSG_04160,1,0.41996017863686097,0.41996017863686097,FGSG_03894,1,uncharacterized protein,GO:0008168;GO:0032259,0.41996017863686097,1,-0.273093411709576,0.2555612259893,0,0.2841046277665996
FGSG_10323,2,0.419893759988857,0.8262302120269633,FGSG_01866;FGSG_08083,2,uncharacterized protein,,0.419893759988857,1,0.207196198021128,0.2648507557846,0,0.2839034205231389
FGSG_06273,1,0.4198374547776713,0.4198374547776713,FGSG_03894,1,uncharacterized protein,GO:0005840,0.4198374547776713,1,-0.286977234135448,0.0599418728021253,0,0.28370221327967804
FGSG_04934,3,0.42016919088893273,1.2448948646936566,FGSG_00007;FGSG_03532;FGSG_08083,2,aspartyl-tRNA synthetase,GO:0004815;GO:0005524;GO:0005739;GO:0070146,0.41956310670461394,1,0.244285297331124,0.0057982561617478,0,0.2832997987927566
FGSG_11839,1,0.419501310315506,0.419501310315506,FGSG_03894,1,uncharacterized protein,GO:0003735;GO:0005840;GO:0006412,0.419501310315506,1,-0.225277083984001,0.536872579923325,0,0.2830985915492958
FGSG_05144,1,0.4194684804724635,0.4194684804724635,FGSG_10922,1,uncharacterized protein,GO:0005623;GO:0045454,0.4194684804724635,1,-0.373725125282963,0.0290834657215362,0,0.282897384305835
FGSG_08490,2,0.4192245981301945,0.8223243895954169,FGSG_00765;FGSG_03894,1,uncharacterized protein,,0.4192245981301945,1,-0.0693632236743532,0.646734014837791,0,0.28269617706237427
FGSG_02843,1,0.41863325570434573,0.41863325570434573,FGSG_08083,2,uncharacterized protein,GO:0008171;GO:0032259,0.41863325570434573,1,0.32539807912768,0.232179014272526,0,0.2824949698189135
FGSG_13157,1,0.4185737645171821,0.4185737645171821,FGSG_03894,1,uncharacterized protein,GO:0000947;GO:0004022;GO:0005739;GO:0006113;GO:0046872,0.4185737645171821,1,-0.345258917992801,0.227414624820389,0,0.2822937625754527
FGSG_05355,1,0.41854667633014714,0.41854667633014714,FGSG_03894,1,uncharacterized protein,GO:0001919;GO:0007040;GO:0032008;GO:0032439;GO:0042632;GO:0043410;GO:0071230;GO:0071986,0.41854667633014714,1,-0.170112330424232,0.185341683819624,0,0.28209255533199196
FGSG_00738,2,0.4184635063636957,0.8333445191067257,FGSG_00743;FGSG_03894,1,uncharacterized protein,GO:0016021,0.4184635063636957,1,-0.490218633464237,0.0073232339500882,0,0.2818913480885312
FGSG_06557,3,0.42465224363773885,1.2521200894784061,FGSG_00007;FGSG_03532;FGSG_08083,2,uncharacterized protein,GO:0000287;GO:0003824;GO:0030976,0.418191733030229,1,0.395967529717743,0.0001633146112847,0,0.28169014084507044
FGSG_12937,3,0.4179616556511242,1.252703599226154,FGSG_00007;FGSG_03532;FGSG_08083,2,uncharacterized protein,GO:0003785;GO:0005622;GO:0016301;GO:0016310;GO:0030042;GO:0042989;GO:0044396;GO:0051014;GO:0051015,0.4179616556511242,1,0.136138401493109,0.164410343747003,0,0.28148893360160965
FGSG_00362,1,0.41751743761885685,0.41751743761885685,FGSG_03894,1,uncharacterized protein,GO:0000131;GO:0000902;GO:0004674;GO:0005524;GO:0005737;GO:0005933;GO:0006468;GO:0007118;GO:0031505;GO:0043332,0.41751743761885685,1,-0.341709926752188,0.035013380701902,0,0.2812877263581489
FGSG_03148,2,0.4174325777082298,0.8270367923600542,FGSG_03532;FGSG_08083,2,uncharacterized protein,GO:0005634;GO:0005829,0.4174325777082298,1,0.204881697910731,0.0173995486217897,0,0.2810865191146881
FGSG_06511,3,0.41730123697710314,1.2400855268275561,FGSG_00007;FGSG_03532;FGSG_08083,2,uncharacterized protein,GO:0004198;GO:0005622;GO:0006508,0.41730123697710314,1,0.39061063146595,7.33476722927828e-06,0,0.28088531187122734
FGSG_09497,1,0.41701450488285624,0.41701450488285624,FGSG_03894,1,uncharacterized protein,,0.41701450488285624,1,-0.0941725733785609,0.533994244437147,0,0.2806841046277666
FGSG_09337,2,0.41694311858443883,0.8251275619041062,FGSG_00007;FGSG_08083,2,uncharacterized protein,GO:0016884,0.41694311858443883,1,0.292751769478061,0.086071480943589,0,0.2804828973843059
FGSG_06069,1,0.41679513273517604,0.41679513273517604,FGSG_03894,1,uncharacterized protein,GO:0016021,0.41679513273517604,1,-0.398044860794111,0.0002258582477578,0,0.2802816901408451
FGSG_04130,3,0.4166467739198181,1.23212544915845,FGSG_00765;FGSG_03894;FGSG_05610,1,external NADH-ubiquinone oxidoreductase 1,GO:0016021;GO:0016491;GO:0055114,0.4166467739198181,1,-0.0574805950550623,0.684231584471947,0,0.2800804828973843
FGSG_10173,1,0.4166123024924393,0.4166123024924393,FGSG_03894,1,uncharacterized protein,GO:0046872,0.4166123024924393,1,-0.146727052974122,0.67468806946359,0,0.27987927565392356
FGSG_10275,1,0.41616995306497423,0.41616995306497423,FGSG_03894,1,uncharacterized protein,GO:0016021;GO:0016740,0.41616995306497423,1,-0.0914794924533814,0.622423863869039,0,0.2796780684104628
FGSG_06680,2,0.4161200994955573,0.816222797955191,FGSG_00007;FGSG_08083,2,uncharacterized protein,GO:0000282;GO:0005634;GO:0005737;GO:0005886;GO:0005935;GO:0008105;GO:0051666,0.4161200994955573,1,0.141113748609956,0.374293028139907,0,0.279476861167002
FGSG_00973,3,0.42285308773455454,1.2430077494221634,FGSG_00007;FGSG_03532;FGSG_08083,2,uncharacterized protein,,0.41596786730317464,1,0.207318355833684,0.0915585992408497,0,0.27927565392354126
FGSG_11734,1,0.4159287964322853,0.4159287964322853,FGSG_03894,1,uncharacterized protein,,0.4159287964322853,1,-0.129147466238526,0.616210023458806,0,0.2790744466800805
FGSG_09687,2,0.4159028981032269,0.8181452960049436,FGSG_00743;FGSG_03894,1,uncharacterized protein,,0.4159028981032269,1,-0.202528160903869,0.25445095871369,0,0.27887323943661974
FGSG_08959,1,0.4155480569895602,0.4155480569895602,FGSG_08083,2,uncharacterized protein,GO:0003824;GO:0009116;GO:0043531,0.4155480569895602,1,0.280857028003617,0.351378589455166,0,0.27867203219315895
FGSG_01082,1,0.41548823784291433,0.41548823784291433,FGSG_03894,1,uncharacterized protein,GO:0000398;GO:0005682;GO:0005685;GO:0005686;GO:0005829;GO:0019013;GO:0046540;GO:0071004,0.41548823784291433,1,-0.0869399496342267,0.52561528305042,0,0.2784708249496982
FGSG_00450,1,0.41546177277511204,0.41546177277511204,FGSG_10922,1,uncharacterized protein,,0.41546177277511204,1,-0.633731901409075,4.0425467323001e-15,0,0.2782696177062374
FGSG_08964,3,0.42436769575687777,1.2501693067239952,FGSG_02272;FGSG_02461;FGSG_05610,1,signal recognition particle 54 kDa protein,GO:0003924;GO:0005525;GO:0005786;GO:0006614;GO:0008312,0.4152362801976067,1,-0.128398251354012,0.201240618695267,0,0.27806841046277664
FGSG_02460,3,0.4311833891537714,1.2580992826782884,FGSG_02272;FGSG_02461;FGSG_05610,1,cation-transporting ATPase 4,GO:0005524;GO:0005789;GO:0005801;GO:0006812;GO:0006874;GO:0015662;GO:0016021;GO:0030026;GO:0034220;GO:0046872;GO:0055092,0.4151438707545822,1,-0.255547561980305,0.0483954814846373,0,0.2778672032193159
FGSG_10909,1,0.41507598743737933,0.41507598743737933,FGSG_10922,1,uncharacterized protein,GO:0016020,0.41507598743737933,1,-0.394741547787973,1.74656266238068e-05,0,0.2776659959758552
FGSG_06121,1,0.4150579573265818,0.4150579573265818,FGSG_03894,1,uncharacterized protein,,0.4150579573265818,1,-0.776827600864261,0.0790376582955356,0,0.2774647887323944
FGSG_08047,1,0.4149905317786332,0.4149905317786332,FGSG_02324,2,uncharacterized protein,GO:0016021;GO:0055085,0.4149905317786332,1,0.443582591144196,,0,0.2772635814889336
FGSG_03830,1,0.4147255599415801,0.4147255599415801,FGSG_08083,2,uncharacterized protein,GO:0016021;GO:0022891;GO:0055085,0.4147255599415801,1,0.432734555707616,0.0326183582254591,0,0.27706237424547286
FGSG_01529,1,0.4145570869716516,0.4145570869716516,FGSG_03894,1,uncharacterized protein,,0.4145570869716516,1,-0.811449033254909,0.0691830298294002,0,0.2768611670020121
FGSG_05493,1,0.4141767895054932,0.4141767895054932,FGSG_02324,2,40S ribosomal protein S20,GO:0000462;GO:0002181;GO:0003723;GO:0003735;GO:0022627,0.4141767895054932,1,0.545847121889597,1.51338910960404e-09,0,0.2766599597585513
FGSG_09677,1,0.4140800944845023,0.4140800944845023,FGSG_03894,1,uncharacterized protein,,0.4140800944845023,1,-0.439823224632671,0.241279176103629,0,0.27645875251509056
FGSG_11445,1,0.41388165961951895,0.41388165961951895,FGSG_08601,1,uncharacterized protein,,0.41388165961951895,1,-0.362224991070602,0.0002210748045805,0,0.27625754527162977
FGSG_10811,2,0.4137663345268679,0.8217574466699427,FGSG_00743;FGSG_03894,1,uncharacterized protein,,0.4137663345268679,1,-0.192179262391608,0.0764633804172545,0,0.27605633802816903
FGSG_13185,3,0.4134754259589011,1.2294473077878778,FGSG_00007;FGSG_03532;FGSG_08083,2,uncharacterized protein,GO:0005507;GO:0016021;GO:0016491;GO:0055114,0.4134754259589011,1,0.0718295352715211,0.489744183870155,0,0.27585513078470825
FGSG_06842,1,0.41334632648371145,0.41334632648371145,FGSG_10922,1,uncharacterized protein,GO:0016021,0.41334632648371145,1,-0.209106677754792,0.0009131088077258,0,0.2756539235412475
FGSG_12669,4,0.4241820376247096,1.6583037972040915,FGSG_00007;FGSG_03532;FGSG_08081;FGSG_08083,2,1-aminocyclopropane-1-carboxylate deaminase,GO:0008660;GO:0009310;GO:0030170,0.41333913331232347,1,0.238636818977585,0.0235534611793208,0,0.2754527162977867
FGSG_02801,3,0.4133052400009302,1.2201198624791143,FGSG_00765;FGSG_03894;FGSG_05610,1,uncharacterized protein,GO:0000122;GO:0000124;GO:0003712;GO:0005829;GO:0016573;GO:0017025;GO:0045944,0.4133052400009302,1,-0.0891993876665533,0.66133716229769,0,0.27525150905432594
FGSG_09214,1,0.4131862015428803,0.4131862015428803,FGSG_03894,1,uncharacterized protein,GO:0008168;GO:0032259,0.4131862015428803,1,-0.404725935784326,0.0562604363723582,0,0.2748490945674044
FGSG_05116,1,0.41315876076270336,0.41315876076270336,FGSG_08083,2,uncharacterized protein,,0.41315876076270336,1,0.182189280527105,0.226023822442452,0,0.2746478873239437
FGSG_08978,1,0.41282577423332023,0.41282577423332023,FGSG_03894,1,uncharacterized protein,GO:0016491,0.41282577423332023,1,-0.48656544768842,0.121518720156046,0,0.2744466800804829
FGSG_00324,1,0.41277838628633673,0.41277838628633673,FGSG_10922,1,uncharacterized protein,GO:0003677;GO:0030472;GO:0042729;GO:0072686,0.41277838628633673,1,-0.576108577528025,6.17725161312693e-07,0,0.27424547283702216
FGSG_10351,1,0.4127781605731073,0.4127781605731073,FGSG_03894,1,uncharacterized protein,GO:0005737;GO:0006399;GO:0051500;GO:0097358;GO:1900829;GO:1900832,0.4127781605731073,1,-0.0752645901686254,0.654179023397105,0,0.2740442655935614
FGSG_00247,1,0.4124325552384487,0.4124325552384487,FGSG_10922,1,uncharacterized protein,,0.4124325552384487,1,-0.751418932559189,0.0556963038206984,0,0.2738430583501006
FGSG_07060,3,0.4248393556461456,1.2411153889890612,FGSG_02272;FGSG_02461;FGSG_05610,1,uncharacterized protein,GO:0005777;GO:0006281;GO:0008413,0.41190038157518083,1,-0.131661878797995,0.325114352605786,0,0.27364185110663986
FGSG_09722,3,0.4150815243890345,1.2405633559401155,FGSG_00007;FGSG_03532;FGSG_08083,2,isopentenyl-diphosphate Delta-isomerase,GO:0004452;GO:0005634;GO:0016787;GO:0045337,0.41143604405947565,1,0.182354027827686,0.0239535977509579,0,0.2732394366197183
FGSG_11848,1,0.41141214574778895,0.41141214574778895,FGSG_03894,1,uncharacterized protein,GO:0005770;GO:0006623;GO:0016021;GO:0032511;GO:0033263;GO:0043495;GO:0051020,0.41141214574778895,1,-0.107523586756641,0.364206173093938,0,0.27303822937625755
FGSG_06350,2,0.4113022740173308,0.811973442172438,FGSG_03894;FGSG_05610,1,uncharacterized protein,GO:0005794;GO:0006886;GO:0016192;GO:0030131,0.4113022740173308,1,-0.0613923033335324,0.607647545494196,0,0.2728370221327968
FGSG_10741,2,0.4196745202789981,0.8309644917993984,FGSG_03532;FGSG_08083,2,uncharacterized protein,GO:0010189;GO:0032259;GO:0051741,0.41128997152040025,1,0.134981128856436,0.379514882694857,0,0.272635814889336
FGSG_00736,1,0.411259944497655,0.411259944497655,FGSG_03894,1,uncharacterized protein,GO:0005635;GO:0006974;GO:0008270;GO:0010224;GO:0010225;GO:0016925,0.411259944497655,1,-0.280964552611856,0.106185228840362,0,0.27243460764587524
FGSG_09066,2,0.4162365050229801,0.8274177535499091,FGSG_03532;FGSG_08083,2,uncharacterized protein,,0.411181248526929,1,0.318203385774069,0.185657263514474,0,0.2722334004024145
FGSG_01585,1,0.4107160362565341,0.4107160362565341,FGSG_02324,2,uncharacterized protein,,0.4107160362565341,1,0.82958283600661,5.67984317614973e-05,0,0.2720321931589537
FGSG_10062,1,0.4105578702739685,0.4105578702739685,FGSG_03894,1,yebR protein,GO:0005737;GO:0034599;GO:0055114;GO:0070191,0.4105578702739685,1,-0.128748425237205,0.684211952205177,0,0.27183098591549293
FGSG_03831,2,0.41272008124762233,0.8231234648191783,FGSG_03532;FGSG_08083,2,uncharacterized protein,GO:0016021;GO:0016491;GO:0055114,0.4104033835715559,1,0.270618162799887,0.279458350165103,0,0.2716297786720322
FGSG_04222,3,0.42740775246676765,1.2454016015707388,FGSG_02272;FGSG_02461;FGSG_05610,1,uncharacterized protein,GO:0000103;GO:0004325;GO:0019354;GO:0043115;GO:0055114,0.4104022453181509,1,-0.147263254895219,0.189688744384466,0,0.27142857142857146
FGSG_00620,1,0.4103440474365153,0.4103440474365153,FGSG_08601,1,ammonium transporter MEP2,GO:0008519;GO:0016021;GO:0072488,0.4103440474365153,1,-0.660641091173801,2.73053961862558e-14,0,0.2712273641851107
FGSG_00508,1,0.41021470848046004,0.41021470848046004,FGSG_03894,1,calcium-transporting ATPase 1,GO:0000139;GO:0005388;GO:0005509;GO:0005524;GO:0006874;GO:0006887;GO:0015410;GO:0016021;GO:0070588;GO:0071421,0.41021470848046004,1,-0.0920377963130634,0.457603336112468,0,0.2710261569416499
FGSG_08624,2,0.4121549973676344,0.8223483687746398,FGSG_03532;FGSG_08083,2,uncharacterized protein,GO:0008168;GO:0032259,0.41019337140700546,1,0.244759332749725,0.0832423807300526,0,0.27082494969818915
FGSG_03364,1,0.41015837967837815,0.41015837967837815,FGSG_08083,2,uncharacterized protein,,0.41015837967837815,1,0.127649796088626,0.349274159685445,0,0.27062374245472837
FGSG_05758,1,0.41011182635391585,0.41011182635391585,FGSG_04589,1,uncharacterized protein,,0.41011182635391585,1,-0.170882762566379,,0,0.27042253521126763
FGSG_10135,2,0.41004172144225043,0.8195894265496595,FGSG_00765;FGSG_03894,1,uncharacterized protein,,0.41004172144225043,1,-0.0524289883900235,0.599682246974827,0,0.27022132796780685
FGSG_04278,1,0.4097663020900092,0.4097663020900092,FGSG_03894,1,mannan polymerase II complex ANP1 subunit,GO:0000009;GO:0000136;GO:0005783;GO:0006487;GO:0097502,0.4097663020900092,1,-0.143824825057981,0.345412781844024,0,0.2700201207243461
FGSG_04939,1,0.409588493286132,0.409588493286132,FGSG_08083,2,uncharacterized protein,GO:0016020;GO:0016740;GO:0044238;GO:0071704,0.409588493286132,1,0.154692790671288,0.476868897361524,0,0.2698189134808853
FGSG_03674,2,0.41142390358445646,0.8209654198399492,FGSG_03532;FGSG_08083,2,uncharacterized protein,,0.4095415162554927,1,0.32147113038259,0.280913522930425,0,0.26961770623742454
FGSG_02262,3,0.40949682286476696,1.2210463266559544,FGSG_02461;FGSG_03894;FGSG_05610,1,uncharacterized protein,GO:0004553;GO:0005975,0.40949682286476696,1,-0.118670989552487,0.436156141084233,0,0.2694164989939638
FGSG_07412,2,0.4163347352560032,0.8256049301498289,FGSG_09456;FGSG_09834,1,uncharacterized protein,GO:0005789;GO:0016021,0.4092701948938257,1,-0.257159941828311,0.0234929088689207,0,0.269215291750503
FGSG_12505,2,0.41992539064374756,0.8289940109339236,FGSG_03532;FGSG_08083,2,uncharacterized protein,GO:0016021;GO:0055085,0.40906862029017604,1,0.216838003150652,0.310129369394302,0,0.26901408450704223
FGSG_12577,2,0.40901089661076795,0.8100325935120346,FGSG_02461;FGSG_03894,1,pre-mRNA-splicing factor slt-11,GO:0000166;GO:0000398;GO:0000974;GO:0003676;GO:0005681,0.40901089661076795,1,-0.0807251274778641,0.662321537701006,0,0.2688128772635815
FGSG_11638,1,0.4090009452779533,0.4090009452779533,FGSG_03894,1,uncharacterized protein,,0.4090009452779533,1,-0.197264578791478,0.534370845966924,0,0.2686116700201207
FGSG_06790,1,0.40898289391628395,0.40898289391628395,FGSG_03894,1,uncharacterized protein,GO:0003743;GO:0005737;GO:0006413,0.40898289391628395,1,-0.0997940875865339,0.589726794935291,0,0.26841046277666
FGSG_05793,3,0.4210348861510676,1.2452669625275528,FGSG_00007;FGSG_03532;FGSG_08083,2,uncharacterized protein,GO:0016021,0.4086530890310581,1,0.231095328244888,0.0539010567589228,0,0.2682092555331992
FGSG_12934,2,0.4209968882069908,0.8296477061002231,FGSG_09456;FGSG_09834,1,anthranilate synthase component 1,GO:0000162;GO:0004049;GO:0005634;GO:0005829,0.40865081789323227,1,-0.409421210368895,0.000172619489687,0,0.26800804828973845
FGSG_08946,1,0.4085802877881663,0.4085802877881663,FGSG_08083,2,xylosidase/arabinosidase,GO:0004553;GO:0045493,0.4085802877881663,1,0.333732583593451,0.251832150096419,0,0.26780684104627767
FGSG_11260,1,0.4084141775108618,0.4084141775108618,FGSG_02329,2,uncharacterized protein,GO:0016491;GO:0055114,0.4084141775108618,1,0.627112539990855,0.12919383622066,0,0.2676056338028169
FGSG_01975,1,0.40836000227429037,0.40836000227429037,FGSG_10922,1,uncharacterized protein,GO:0008152;GO:0016787,0.40836000227429037,1,-0.31511273129823,0.0078775805064481,0,0.26740442655935615
FGSG_11932,2,0.4082803572880333,0.8145363454514813,FGSG_00765;FGSG_03894,1,uncharacterized protein,,0.4082803572880333,1,-0.0665600049321034,0.691135912508429,0,0.2672032193158954
FGSG_04085,1,0.40820389822257885,0.40820389822257885,FGSG_09834,1,uncharacterized protein,GO:0004335;GO:0005524;GO:0005737;GO:0006012;GO:0046835,0.40820389822257885,1,-0.793133702660681,5.1650411793867e-10,0,0.26680080482897384
FGSG_03073,3,0.4145011959006186,1.2318126447552098,FGSG_00007;FGSG_03532;FGSG_08083,2,uncharacterized protein,GO:0003842;GO:0006537;GO:0006561;GO:0016620;GO:0055114,0.4081265197659339,1,0.214825763262876,0.145097708190411,0,0.2665995975855131
FGSG_07081,1,0.4079686705478903,0.4079686705478903,FGSG_10922,1,uncharacterized protein,,0.4079686705478903,1,-0.24355233342463,0.267331257996735,0,0.2663983903420523
FGSG_06041,1,0.4079672163860695,0.4079672163860695,FGSG_10922,1,uncharacterized protein,GO:0004043;GO:0005829;GO:0019878;GO:0031177;GO:0055114;GO:1902987,0.4079672163860695,1,-0.278723795429994,0.0853315481245523,0,0.2661971830985915
FGSG_01569,1,0.4078595677883937,0.4078595677883937,FGSG_08601,1,uncharacterized protein,GO:0004198;GO:0005622;GO:0006508,0.4078595677883937,1,-0.31983966939983,0.0752822188349269,0,0.2659959758551308
FGSG_03418,2,0.4078405361307291,0.8131440062119687,FGSG_00765;FGSG_03894,1,chitin synthase 1,GO:0004100;GO:0006031;GO:0016021,0.4078405361307291,1,-0.0503587106830557,0.649644972946423,0,0.26579476861167006
FGSG_09626,1,0.4076381338214764,0.4076381338214764,FGSG_10922,1,uncharacterized protein,,0.4076381338214764,1,-0.179906074692631,0.336799337513237,0,0.2655935613682093
FGSG_03703,3,0.41882182543790153,1.2414970465857558,FGSG_00007;FGSG_03539;FGSG_13952,2,uncharacterized protein,GO:0005975;GO:0016787,0.4076241009816021,1,0.438861473379595,0.0513183286034704,0,0.2653923541247485
FGSG_07389,1,0.40751531335481395,0.40751531335481395,FGSG_02329,2,uncharacterized protein,GO:0016491;GO:0055114,0.40751531335481395,1,0.522336703351456,0.0496015941513777,0,0.26519114688128775
FGSG_10763,2,0.4103710498082711,0.8177641252461556,FGSG_00743;FGSG_03894,1,uncharacterized protein,GO:0005876;GO:0008608;GO:0042729,0.40739307543788444,1,-0.411511006969051,0.0193205038065115,0,0.26498993963782697
FGSG_11492,1,0.40733403365479176,0.40733403365479176,FGSG_03894,1,uncharacterized protein,GO:0004499;GO:0050660;GO:0050661;GO:0055114,0.40733403365479176,1,-0.274239417694177,0.436071832472278,0,0.26478873239436623
FGSG_06320,1,0.40720599598620266,0.40720599598620266,FGSG_03894,1,uncharacterized protein,,0.40720599598620266,1,-0.188400137393411,0.350791918162326,0,0.26458752515090544
FGSG_06822,3,0.41502620705582494,1.2224262180476595,FGSG_02272;FGSG_02461;FGSG_05610,1,glycogen synthase,GO:0004373;GO:0005978,0.4071792119431945,1,-0.0719950064336285,0.454096706571874,0,0.26438631790744466
FGSG_09558,1,0.40704285921591415,0.40704285921591415,FGSG_03894,1,uncharacterized protein,GO:0004190;GO:0006508;GO:0016021,0.40704285921591415,1,-0.0721873526795834,0.675908350340776,0,0.26398390342052314
FGSG_01039,3,0.4095101852677804,1.2179171849315729,FGSG_02272;FGSG_02461;FGSG_05610,1,uncharacterized protein,,0.40703977423886845,1,-0.0948288163766941,0.422372438664502,0,0.2637826961770624
FGSG_12543,2,0.406968477789233,0.8112482424397264,FGSG_03894;FGSG_05610,1,uncharacterized protein,,0.406968477789233,1,-0.188833796933294,0.618323968074764,0,0.2635814889336016
FGSG_02816,1,0.4069476192321456,0.4069476192321456,FGSG_02327,2,uncharacterized protein,,0.4069476192321456,1,0.582335565740868,0.0612842991466361,0,0.2633802816901408
FGSG_00886,1,0.40682566760002986,0.40682566760002986,FGSG_02329,2,uncharacterized protein,GO:0005643;GO:0005777;GO:0005868;GO:0005881;GO:0008152;GO:0030029;GO:0030473;GO:0040001;GO:0051292;GO:1990429;GO:2000582,0.40682566760002986,1,0.272439275971207,0.005238984497007,0,0.2631790744466801
FGSG_06687,2,0.40682004210386713,0.807791349962139,FGSG_00743;FGSG_04589,1,polyadenylation factor subunit 2,GO:0000790;GO:0005730;GO:0005829;GO:0005847;GO:0006378;GO:0006379;GO:0007059,0.40682004210386713,1,-0.252970918431337,0.100546386487405,0,0.2629778672032193
FGSG_07368,1,0.4067955079384722,0.4067955079384722,FGSG_02271,1,uncharacterized protein,GO:0000981;GO:0003677;GO:0005634;GO:0006351;GO:0006357;GO:0008270,0.4067955079384722,1,-0.19813830370026,0.128936732416733,0,0.2627766599597586
FGSG_12270,2,0.40673514548688783,0.8069390801640833,FGSG_02461;FGSG_03894,1,uncharacterized protein,,0.40673514548688783,1,-0.0834211125071203,0.568329174896703,0,0.2625754527162978
FGSG_05456,1,0.40665138217633334,0.40665138217633334,FGSG_03894,1,uncharacterized protein,GO:0016021;GO:0030001;GO:0046873;GO:0055085,0.40665138217633334,1,-0.174475043713242,0.262158499913182,0,0.26237424547283705
FGSG_05744,1,0.40654763162626023,0.40654763162626023,FGSG_10922,1,uncharacterized protein,GO:0016021,0.40654763162626023,1,-0.258832679390801,0.0744570687830767,0,0.26217303822937627
FGSG_05890,1,0.4064543569884934,0.4064543569884934,FGSG_08083,2,uncharacterized protein,GO:0016787;GO:0046856,0.4064543569884934,1,0.154298176606797,0.179037746727484,0,0.2619718309859155
FGSG_09158,2,0.4063812662840859,0.8094340897251852,FGSG_02272;FGSG_02461,1,uncharacterized protein,GO:0005739;GO:0016021;GO:0043022,0.4063812662840859,1,-0.0623435337502677,0.611314367088588,0,0.26177062374245474
FGSG_06474,1,0.4062653910727398,0.4062653910727398,FGSG_13952,2,uncharacterized protein,GO:0003779;GO:0005622,0.4062653910727398,1,0.399947450384145,0.0007974670464353,0,0.2613682092555332
FGSG_06089,1,0.4061119944893097,0.4061119944893097,FGSG_10922,1,uncharacterized protein,GO:0000124;GO:0006281;GO:0016301;GO:0016310;GO:0016573;GO:0035267;GO:0045944;GO:0046695,0.4061119944893097,1,-0.524637199376358,1.5086286854544e-07,0,0.26116700201207244
FGSG_12981,1,0.40610124149398935,0.40610124149398935,FGSG_03894,1,uncharacterized protein,GO:0016021,0.40610124149398935,1,-0.462570872807696,0.144779091564936,0,0.2609657947686117
FGSG_08067,1,0.40609543391498454,0.40609543391498454,FGSG_02329,2,uncharacterized protein,GO:0006650;GO:0008080;GO:0008081;GO:0016884;GO:0047396,0.40609543391498454,1,0.301061627192243,0.0186563029535694,0,0.2607645875251509
FGSG_07119,1,0.40606463563234546,0.40606463563234546,FGSG_03894,1,uncharacterized protein,,0.40606463563234546,1,-0.0834812547161712,0.528704917539528,0,0.2605633802816901
FGSG_09401,2,0.4059909946582852,0.8065206018837023,FGSG_01866;FGSG_08083,2,uncharacterized protein,GO:0006508;GO:0008233;GO:0016740;GO:0046872,0.4059909946582852,1,0.119409526433926,0.358680774159709,0,0.2601609657947686
FGSG_04271,1,0.40592484227113734,0.40592484227113734,FGSG_10922,1,uncharacterized protein,GO:0005635;GO:0005829;GO:0006020,0.40592484227113734,1,-0.271490442160117,0.104473145122108,0,0.2599597585513078
FGSG_04064,1,0.40588362394033756,0.40588362394033756,FGSG_02329,2,uncharacterized protein,GO:0016491;GO:0055114,0.40588362394033756,1,0.47867258881097,0.226028843902867,0,0.2597585513078471
FGSG_10376,1,0.4057798066586236,0.4057798066586236,FGSG_03894,1,uncharacterized protein,GO:0000921;GO:0006882;GO:0030176;GO:0032541;GO:0036228;GO:0048309;GO:0097038,0.4057798066586236,1,-0.0846717372453871,0.622973723875547,0,0.25955734406438635
FGSG_09006,3,0.4288586298213274,1.2569411212564323,FGSG_00007;FGSG_03539;FGSG_13952,2,NAD(P) transhydrogenase,GO:0008750;GO:0015992;GO:0016021;GO:0050661;GO:0055114,0.40577505138783676,1,0.411535113028526,5.496346298052251e-09,0,0.25935613682092556
FGSG_10925,1,0.40574909618357324,0.40574909618357324,FGSG_10922,1,saccharopine dehydrogenase,GO:0004754;GO:0019878;GO:0055114,0.40574909618357324,1,-0.250255966730949,0.0680535895861117,0,0.2591549295774648
FGSG_02308,1,0.40573721626690396,0.40573721626690396,FGSG_02324,2,uncharacterized protein,,0.40573721626690396,1,0.721466427035309,4.59955359118185e-05,0,0.25895372233400404
FGSG_12344,3,0.4185506997471525,1.2308412793308765,FGSG_02461;FGSG_03894;FGSG_05610,1,uncharacterized protein,GO:0006520;GO:0016829,0.40553581367272157,1,-0.165843742535669,0.473384033324328,0,0.25875251509054326
FGSG_01930,2,0.40574582829959793,0.8112182248346846,FGSG_00765;FGSG_03894,1,uncharacterized protein,GO:0016021;GO:0055085,0.40547239653508665,1,-0.0218483592829084,0.853244949452634,0,0.2585513078470825
FGSG_10514,1,0.4054288329280339,0.4054288329280339,FGSG_02329,2,uncharacterized protein,GO:0000122;GO:0003690;GO:0006335;GO:0006336;GO:0006368;GO:0042393;GO:0070869,0.4054288329280339,1,0.465331139977942,0.035420866262355,0,0.25835010060362174
FGSG_08661,2,0.4057455225054618,0.8111472444566239,FGSG_09456;FGSG_09834,1,uncharacterized protein,,0.40540172195116214,1,-0.51796367971671,0.037085910366231,0,0.258148893360161
FGSG_06940,1,0.40531342757531263,0.40531342757531263,FGSG_08083,2,uncharacterized protein,GO:0004674;GO:0005524;GO:0006468,0.40531342757531263,1,0.168080784085629,0.255829462436548,0,0.2579476861167002
FGSG_05091,1,0.4052977440444081,0.4052977440444081,FGSG_02329,2,spt3 protein,GO:0003743;GO:0006366;GO:0006413;GO:0046982,0.4052977440444081,1,0.190114925055606,0.215585686675143,0,0.2577464788732394
FGSG_06045,1,0.40524075772333307,0.40524075772333307,FGSG_09834,1,uncharacterized protein,GO:0008541;GO:0030234;GO:0042176;GO:0050790,0.40524075772333307,1,-0.12734138792406,0.173827477543537,0,0.2571428571428572
FGSG_09709,1,0.4052305312434795,0.4052305312434795,FGSG_03894,1,uncharacterized protein,GO:0003677;GO:0003700;GO:0006355,0.4052305312434795,1,-0.358682935083425,0.0766878917864256,0,0.2569416498993964
FGSG_00776,1,0.4051290107328197,0.4051290107328197,FGSG_02327,2,uncharacterized protein,GO:0005768;GO:0005794;GO:0005829;GO:0006895;GO:0030036;GO:0030125;GO:0030276;GO:0032266;GO:0032511;GO:0034498;GO:0071985;GO:0080025,0.4051290107328197,1,0.170479459011448,0.112063453803447,0,0.25653923541247486
FGSG_01755,1,0.4051014494905727,0.4051014494905727,FGSG_10922,1,uncharacterized protein,GO:0008080,0.4051014494905727,1,-0.560292267343925,0.129759207251169,0,0.2563380281690141
FGSG_11284,1,0.4049490483889837,0.4049490483889837,FGSG_02327,2,uncharacterized protein,GO:0016021,0.4049490483889837,1,0.475943369959048,0.14798176614013,0,0.25573440643863177
FGSG_03569,1,0.4048791242543509,0.4048791242543509,FGSG_02329,2,galactose oxidase precursor,GO:0045480;GO:0055114,0.4048791242543509,1,0.361005953818276,1.62330969018119e-05,0,0.25553319919517103
FGSG_07295,1,0.40483366993802916,0.40483366993802916,FGSG_02329,2,MAP kinase kinase MKK2/SSP33,GO:0000165;GO:0000187;GO:0004674;GO:0004708;GO:0004713;GO:0005524;GO:0005634;GO:0005829;GO:0018108;GO:0030428;GO:1901196,0.40483366993802916,1,0.303029948408295,0.0003218396825802,0,0.2551307847082495
FGSG_04170,1,0.4046695192435536,0.4046695192435536,FGSG_08083,2,uncharacterized protein,GO:0000981;GO:0003677;GO:0005634;GO:0006351;GO:0006357;GO:0008270,0.4046695192435536,1,0.167243362305494,0.286481455622762,0,0.254728370221328
FGSG_03116,3,0.42035167062481965,1.2287580356922032,FGSG_00007;FGSG_03532;FGSG_08083,2,uncharacterized protein,,0.40454138175263865,1,0.158756471188029,0.505909848133852,0,0.2545271629778672
FGSG_01839,1,0.4045384474222275,0.4045384474222275,FGSG_02329,2,DNA primase large subunit,GO:0000731;GO:0003677;GO:0003896;GO:0005635;GO:0005658;GO:0005829;GO:0006269;GO:0006270;GO:0006273;GO:0006302;GO:0016021;GO:0046872;GO:0051539;GO:1990077,0.4045384474222275,1,0.410554253675796,0.057372976879584,0,0.2543259557344064
FGSG_00434,1,0.4044728967035108,0.4044728967035108,FGSG_03894,1,uncharacterized protein,,0.4044728967035108,1,-0.0984111315859814,0.171076063520338,0,0.2541247484909457
FGSG_05604,1,0.4043977888768848,0.4043977888768848,FGSG_10922,1,uncharacterized protein,,0.4043977888768848,1,-0.127988229417867,0.323666314251835,0,0.25392354124748495
FGSG_01643,1,0.4042849137913462,0.4042849137913462,FGSG_03894,1,chorismate synthase,GO:0004107;GO:0005634;GO:0005829;GO:0009073;GO:0009423;GO:0042602;GO:0055114,0.4042849137913462,1,-0.205216656970596,0.191793008845336,0,0.25372233400402416
FGSG_08194,1,0.4042478113983957,0.4042478113983957,FGSG_08083,2,cyanamide hydratase,GO:0008270;GO:0018820;GO:0018890,0.4042478113983957,1,0.199628721034039,0.557542240748353,0,0.2535211267605634
FGSG_03725,3,0.40836212784654885,1.2173278929920999,FGSG_02272;FGSG_02461;FGSG_09456,1,uncharacterized protein,GO:0016021;GO:0055085,0.4041262753200535,1,-0.293229084352324,0.0025645100453391,0,0.25311871227364185
FGSG_01803,2,0.40895114545650213,0.8130660924510936,FGSG_00765;FGSG_03894,1,alpha-galactosidase C precursor,GO:0005975;GO:0052692,0.4041149469945915,1,-0.0442270749217206,0.854810380800915,0,0.2529175050301811
FGSG_05379,1,0.4040757911488372,0.4040757911488372,FGSG_03894,1,uncharacterized protein,GO:0000295;GO:0005779;GO:0006635;GO:0007031;GO:0015867;GO:0055085,0.4040757911488372,1,-0.0763114180077454,0.514224264752104,0,0.25271629778672033
FGSG_07795,1,0.403933233598566,0.403933233598566,FGSG_10922,1,uncharacterized protein,,0.403933233598566,1,-0.534008356039983,0.172903686010297,0,0.2523138832997988
FGSG_06272,1,0.4039273204062418,0.4039273204062418,FGSG_10922,1,uncharacterized protein,GO:0004842;GO:0005634;GO:0016567;GO:0016874;GO:0032153;GO:0044732;GO:0051286,0.4039273204062418,1,-0.208807925844863,0.0437635938204021,0,0.252112676056338
FGSG_02811,1,0.40385854691961415,0.40385854691961415,FGSG_03546,1,uncharacterized protein,GO:0005737;GO:0006303;GO:0006511;GO:0043130,0.40385854691961415,1,-0.531039103540518,4.796250803491471e-09,0,0.2519114688128773
FGSG_07875,1,0.40382213899143715,0.40382213899143715,FGSG_03894,1,tricarboxylate transport protein,GO:0005739;GO:0016021;GO:0055085,0.40382213899143715,1,-0.107341038749822,0.562852622123163,0,0.2517102615694165
FGSG_04890,1,0.40380606660415247,0.40380606660415247,FGSG_02329,2,uncharacterized protein,GO:0000132;GO:0005524;GO:0005880;GO:0005881;GO:0008017;GO:0008152;GO:0008574;GO:0030472;GO:0030473;GO:0031115;GO:0032888;GO:0051228;GO:0070462;GO:0070463;GO:0090307,0.40380606660415247,1,0.259099395474284,0.271350502062114,0,0.2515090543259557
FGSG_07159,1,0.4037622288085294,0.4037622288085294,FGSG_04458,1,uncharacterized protein,GO:0000138;GO:0000321;GO:0000324;GO:0005635;GO:0005783;GO:0016239;GO:0031030;GO:0031573;GO:0061509;GO:0071957,0.4037622288085294,1,-0.300073636977012,0.0701767248953784,0,0.251307847082495
FGSG_07282,3,0.41657825713660224,1.2267561289884108,FGSG_00007;FGSG_03532;FGSG_08083,2,proteasome component PRE6,GO:0004298;GO:0005739;GO:0010499;GO:0019773;GO:0034399;GO:0034515;GO:0042175;GO:0043161,0.40365214633987145,1,0.0734677761665738,0.426689506005037,0,0.2511066398390342
FGSG_07817,1,0.403623591795041,0.403623591795041,FGSG_08083,2,uncharacterized protein,GO:0004672;GO:0005524;GO:0006468,0.403623591795041,1,0.179801087847454,0.439760818540251,0,0.2507042253521127
FGSG_11479,1,0.40360190122575357,0.40360190122575357,FGSG_02329,2,uncharacterized protein,,0.40360190122575357,1,0.499019991426177,0.0675325638951451,0,0.25050301810865194
FGSG_05822,2,0.41982285638162,0.8234046342065473,FGSG_09456;FGSG_09834,1,uncharacterized protein,GO:0005829;GO:0006541;GO:0016740,0.4035817778249274,1,-0.705343687522414,1.89657158200125e-06,0,0.25030181086519115
FGSG_03467,1,0.4035334117375049,0.4035334117375049,FGSG_02329,2,extracellular elastinolytic metalloproteinase precursor,GO:0004222;GO:0005615;GO:0006508;GO:0008270,0.4035334117375049,1,0.407133891415606,0.075590772831872,0,0.25010060362173037
FGSG_09728,1,0.40344210403875513,0.40344210403875513,FGSG_02326,2,uncharacterized protein,GO:0000404;GO:0000710;GO:0000713;GO:0003697;GO:0005524;GO:0005739;GO:0005829;GO:0007131;GO:0016887;GO:0032139;GO:0032389;GO:0032390;GO:0044732;GO:0097587,0.40344210403875513,1,0.385318531353645,0.0229746077216175,0,0.24989939637826963
FGSG_00369,1,0.4033295849294603,0.4033295849294603,FGSG_08601,1,uncharacterized protein,GO:0006888;GO:0030134;GO:0030173;GO:0030176,0.4033295849294603,1,-0.300341289521609,0.0007418449259843,0,0.24969818913480885
FGSG_05125,2,0.41312552370082667,0.816311422673208,FGSG_09456;FGSG_09834,1,uncharacterized protein,GO:0016021,0.4031858989723813,1,-0.197864225762482,0.072444864599875,0,0.2494969818913481
FGSG_00744,1,0.4031725479956074,0.4031725479956074,FGSG_10922,1,tyrosyl-tRNA synthetase,GO:0003723;GO:0004831;GO:0005524;GO:0005739;GO:0070184,0.4031725479956074,1,-0.116379453644595,0.548118518423012,0,0.24929577464788732
FGSG_07919,2,0.40544217794409504,0.8084738380049188,FGSG_08081;FGSG_08083,2,uncharacterized protein,,0.40303166006082375,1,0.242069112245772,0.107827419909052,0,0.2490945674044266
FGSG_04176,1,0.40300577785317443,0.40300577785317443,FGSG_02329,2,uncharacterized protein,,0.40300577785317443,1,0.347945335303462,0.0020386751688334,0,0.2488933601609658
FGSG_02070,1,0.40292909427734525,0.40292909427734525,FGSG_13952,2,uncharacterized protein,GO:0016021;GO:0055085,0.40292909427734525,1,0.890286420781262,0.0741727184753317,0,0.24849094567404428
FGSG_07865,2,0.4213686449954208,0.8242937738002472,FGSG_02461;FGSG_03894,1,uncharacterized protein,GO:0005739;GO:0009107,0.4029251288048263,1,-0.186084589375034,0.212674825424149,0,0.2482897384305835
FGSG_07885,1,0.4029206941390082,0.4029206941390082,FGSG_13952,2,uncharacterized protein,,0.4029206941390082,1,0.610122986606492,0.142246129852088,0,0.24808853118712274
FGSG_05792,1,0.40291493654453214,0.40291493654453214,FGSG_08083,2,uncharacterized protein,GO:0008171;GO:0032259,0.40291493654453214,1,0.214678558995811,0.040924210989437,0,0.24788732394366197
FGSG_01731,1,0.4028507466668356,0.4028507466668356,FGSG_03894,1,uncharacterized protein,GO:0000981;GO:0003677;GO:0005634;GO:0006351;GO:0006357;GO:0008270,0.4028507466668356,1,-0.108228184429106,0.620803861799079,0,0.24768611670020121
FGSG_06718,2,0.4136145400489047,0.8164254869404346,FGSG_09456;FGSG_09834,1,uncharacterized protein,GO:0004035;GO:0004721;GO:0006470,0.4028109468915299,1,-0.490717644271913,0.0001817678444584,0,0.24748490945674045
FGSG_08948,3,0.4110989585789721,1.214354610612731,FGSG_00743;FGSG_04589;FGSG_08712,1,uncharacterized protein,GO:0000156;GO:0000165;GO:0000167;GO:0004707;GO:0005737;GO:0007234;GO:0010971;GO:0030295;GO:0031098;GO:0031435;GO:0031954;GO:0032153;GO:0032872;GO:0042803;GO:1990315;GO:2000251,0.40272257589417637,1,-0.495483140891986,0.0003395385881111,0,0.24728370221327967
FGSG_10317,1,0.40261432299107014,0.40261432299107014,FGSG_08083,2,uncharacterized protein,GO:0005886;GO:0006897;GO:0015233;GO:0015887;GO:0016021,0.40261432299107014,1,0.138534297438678,0.492359438556212,0,0.24688128772635815
FGSG_02963,2,0.40251192567838506,0.8026016824702207,FGSG_03539;FGSG_13952,2,uncharacterized protein,,0.40251192567838506,1,0.371077275047146,0.0700815370384006,0,0.2466800804828974
FGSG_04444,1,0.4024447733477681,0.4024447733477681,FGSG_02272,1,uncharacterized protein,,0.4024447733477681,1,-0.372232760414213,0.275035556694883,0,0.24647887323943662
FGSG_04142,3,0.40604450602541414,1.2110657266452092,FGSG_02272;FGSG_02461;FGSG_05610,1,uncharacterized protein,,0.40237170327091626,1,-0.0447479285028144,0.8682488422427,0,0.24627766599597586
FGSG_11576,2,0.4128977434396181,0.8151786560785792,FGSG_03532;FGSG_08083,2,uncharacterized protein,,0.40228091263896104,1,0.0976239853130311,0.48483775611058,0,0.2460764587525151
FGSG_10041,2,0.40744383694135555,0.8096952583275085,FGSG_02272;FGSG_05610,1,uncharacterized protein,GO:0005783;GO:0016021;GO:0051301,0.40225142138615305,1,-0.0645377233707954,0.533951037737937,0,0.24587525150905434
FGSG_00626,1,0.4022423991901687,0.4022423991901687,FGSG_03894,1,uncharacterized protein,GO:0003676;GO:0005524;GO:0006310;GO:0008026,0.4022423991901687,1,-0.078278408386641,0.70095792803219,0,0.24567404426559358
FGSG_20764,1,0.4022153780529667,0.4022153780529667,FGSG_03894,1,tRNA-Glu,,0.4022153780529667,1,-0.0865884041072393,,0,0.2454728370221328
FGSG_11032,3,0.4082750642168885,1.2157116720311774,FGSG_02329;FGSG_08078;FGSG_12211,2,galactose oxidase precursor,GO:0005576;GO:0045480;GO:0046872;GO:0055114,0.402178308914568,1,0.734562549846255,7.23098497645469e-05,0,0.24507042253521127
FGSG_07346,2,0.40785178162761104,0.8099942883885918,FGSG_09456;FGSG_09834,1,uncharacterized protein,,0.4021425067609807,1,-0.383341546743357,0.0121681069491009,0,0.24486921529175049
FGSG_05539,1,0.4021361424400373,0.4021361424400373,FGSG_03894,1,uncharacterized protein,GO:0016021,0.4021361424400373,1,-0.128329425939619,0.340522628811187,0,0.24466800804828975
FGSG_11448,1,0.4020183740489178,0.4020183740489178,FGSG_02329,2,uncharacterized protein,,0.4020183740489178,1,0.537333578618758,0.0558654217775092,0,0.24446680080482897
FGSG_04216,1,0.4020030761885676,0.4020030761885676,FGSG_13952,2,uncharacterized protein,GO:0008168;GO:0032259,0.4020030761885676,1,0.306273060045715,0.0588342391814527,0,0.24426559356136823
FGSG_07684,1,0.4018202297579627,0.4018202297579627,FGSG_03894,1,uncharacterized protein,,0.4018202297579627,1,-0.143563860124989,0.652454061562421,0,0.24406438631790744
FGSG_06338,1,0.40177488520009,0.40177488520009,FGSG_03894,1,tRNA (guanine-N(1)-)-methyltransferase,GO:0005634;GO:0005737;GO:0030488;GO:0052905,0.40177488520009,1,-0.0712093185958299,0.77323764011761,0,0.24386317907444668
FGSG_08150,1,0.4017574594799082,0.4017574594799082,FGSG_02329,2,uncharacterized protein,GO:0004622;GO:0009395,0.4017574594799082,1,0.471944514326906,0.0553161650765433,0,0.24366197183098592
FGSG_10013,1,0.40175288413708865,0.40175288413708865,FGSG_13952,2,uncharacterized protein,,0.40175288413708865,1,0.353426225002904,0.0073248445804592,0,0.24346076458752516
FGSG_08669,1,0.4017234796137319,0.4017234796137319,FGSG_09834,1,uncharacterized protein,GO:0003735;GO:0005783;GO:0005794;GO:0005840;GO:0005886;GO:0006412;GO:0016021;GO:1901583;GO:1901584,0.4017234796137319,1,-0.292834418978213,0.0004911819728308,0,0.2432595573440644
FGSG_00708,1,0.40170055730075116,0.40170055730075116,FGSG_08083,2,uncharacterized protein,GO:0016740;GO:0016884,0.40170055730075116,1,0.107962651074041,0.343232362827324,0,0.24305835010060362
FGSG_12415,1,0.40169582529746023,0.40169582529746023,FGSG_02329,2,uncharacterized protein,GO:0016021;GO:0055085,0.40169582529746023,1,0.505430923793402,0.0136547938477426,0,0.24285714285714288
FGSG_07892,1,0.40156045077627,0.40156045077627,FGSG_10922,1,uncharacterized protein,GO:0000272;GO:0008810;GO:0016021,0.40156045077627,1,-0.196248959190198,0.0840331682291482,0,0.2426559356136821
FGSG_05314,1,0.40155652265040176,0.40155652265040176,FGSG_03894,1,mitochondria fission 1 protein,GO:0000266;GO:0001300;GO:0005741;GO:0005777;GO:0016021;GO:0016559;GO:0090141,0.40155652265040176,1,-0.0428389167694867,0.775635985958214,0,0.24245472837022133
FGSG_05411,1,0.4015202478278086,0.4015202478278086,FGSG_08601,1,uncharacterized protein,GO:0000290;GO:0000932;GO:0003723;GO:0005634;GO:0030145;GO:0031087;GO:0034063;GO:0050072,0.4015202478278086,1,-0.278592332834195,0.0268377148080175,0,0.2420523138832998
FGSG_06225,2,0.4086608946408154,0.810017607987731,FGSG_09456;FGSG_09834,1,uncharacterized protein,GO:0003676;GO:0005829;GO:0006139;GO:0008168;GO:0032259,0.40135671334691564,1,-0.568311681660297,0.016110774198248,0,0.24164989939637826
FGSG_02521,1,0.40131544516623013,0.40131544516623013,FGSG_10922,1,uncharacterized protein,,0.40131544516623013,1,-0.291411800944551,0.0112074820210953,0,0.24144869215291753
FGSG_10179,2,0.4129432410316307,0.8142510353771891,FGSG_03532;FGSG_08083,2,multiprotein-bridging factor 1,GO:0003713;GO:0005634;GO:0005739;GO:0006351;GO:0043565;GO:0045944,0.4013077943455584,1,0.0622858834210947,0.478401601121845,0,0.24124748490945674
FGSG_06323,1,0.40130403102935114,0.40130403102935114,FGSG_08601,1,uncharacterized protein,,0.40130403102935114,1,-1.10527545244138,0.0602762080383096,0,0.241046277665996
FGSG_00618,9,0.4293120027205796,3.698124151942833,FGSG_02329;FGSG_03532;FGSG_08077;FGSG_08078;FGSG_08079;FGSG_08084;FGSG_09064;FGSG_10206;FGSG_12211,2,uncharacterized protein,,0.4011919984256492,1,0.447270995759262,0.0096287574959248,0,0.24084507042253522
FGSG_00605,1,0.40114517804981026,0.40114517804981026,FGSG_03894,1,uncharacterized protein,,0.40114517804981026,1,-0.467862196541842,0.166062733214599,0,0.24064386317907444
FGSG_07846,1,0.4011043553915059,0.4011043553915059,FGSG_08083,2,uncharacterized protein,GO:0004499;GO:0050660;GO:0050661;GO:0055114,0.4011043553915059,1,0.221396479071928,0.299264778087768,0,0.2404426559356137
FGSG_04412,1,0.4009105076514186,0.4009105076514186,FGSG_10922,1,uncharacterized protein,GO:0000009;GO:0000032;GO:0000136;GO:0005783;GO:0006487;GO:0097502,0.4009105076514186,1,-0.410982376626849,0.0014832083895286,0,0.24024144869215291
FGSG_04139,1,0.4008762060771877,0.4008762060771877,FGSG_02329,2,prephenate dehydrogenase,GO:0004665;GO:0006571;GO:0008977;GO:0055114,0.4008762060771877,1,0.304896536043582,0.0003141224237728,0,0.24004024144869215
FGSG_07110,1,0.40084808226812363,0.40084808226812363,FGSG_02329,2,type-2 proteins geranylgeranyltransferase subunit beta,GO:0004663;GO:0018344,0.40084808226812363,1,0.212756533504103,0.114806689792035,0,0.2398390342052314
FGSG_09548,1,0.40082481272758824,0.40082481272758824,FGSG_02329,2,uncharacterized protein,GO:0005576,0.40082481272758824,1,0.345226505224667,0.0234746819243723,0,0.23963782696177063
FGSG_00138,2,0.41218271303822135,0.8129945405069792,FGSG_03532;FGSG_08083,2,uncharacterized protein,GO:0016620;GO:0051287;GO:0055114,0.40081182746875776,1,0.160511440190912,0.497321341704521,0,0.23943661971830987
FGSG_06844,1,0.40079059279257656,0.40079059279257656,FGSG_08083,2,uncharacterized protein,GO:0005634;GO:0005829,0.40079059279257656,1,0.117786487010673,0.285653806473546,0,0.23923541247484909
FGSG_00246,1,0.40077280690899525,0.40077280690899525,FGSG_08083,2,uncharacterized protein,GO:0016209;GO:0016491;GO:0055114;GO:0098869,0.40077280690899525,1,0.377366103378258,0.106534675288094,0,0.23903420523138835
FGSG_07086,1,0.40068527301670964,0.40068527301670964,FGSG_10922,1,uncharacterized protein,GO:0001042;GO:0001082;GO:0001169;GO:0001179;GO:0001180;GO:0001181;GO:0003743;GO:0005730;GO:0005829;GO:0006356;GO:0006413,0.40068527301670964,1,-0.150951549811621,0.302820885757309,0,0.23883299798792756
FGSG_09446,1,0.40066895323806384,0.40066895323806384,FGSG_03894,1,uncharacterized protein,GO:0005829;GO:0008168;GO:0032259,0.40066895323806384,1,-0.063320064670177,0.794309862295055,0,0.2386317907444668
FGSG_00475,1,0.40062659964773173,0.40062659964773173,FGSG_03894,1,uncharacterized protein,GO:0005634;GO:0005829;GO:0016020;GO:0016226;GO:0051536,0.40062659964773173,1,-0.0311248251280271,0.891596042242084,0,0.23843058350100604
FGSG_01434,1,0.4006051942186416,0.4006051942186416,FGSG_03894,1,uncharacterized protein,GO:0005680;GO:0030071;GO:0031145,0.4006051942186416,1,-0.138708260122178,0.477059867680082,0,0.23822937625754528
FGSG_00236,1,0.4005994883457664,0.4005994883457664,FGSG_02329,2,uncharacterized protein,GO:0008270;GO:0016491;GO:0016747;GO:0055114,0.4005994883457664,1,0.833324445961823,0.0820583289932798,0,0.23802816901408452
FGSG_07523,1,0.40056152442237425,0.40056152442237425,FGSG_03894,1,uncharacterized protein,,0.40056152442237425,1,-0.129193790288989,0.551671321759694,0,0.23782696177062373
FGSG_00365,2,0.4049276297713976,0.8054763791353017,FGSG_00765;FGSG_03894,1,DNA-directed RNA polymerases I and III 40 kDa polypeptide,GO:0001054;GO:0001056;GO:0003677;GO:0005666;GO:0005736;GO:0005829;GO:0006360;GO:0042797;GO:0046983,0.400548749363904,1,-0.0871345631138609,0.701429175306058,0,0.237625754527163
FGSG_02143,2,0.40369491212399333,0.8041908255442085,FGSG_02461;FGSG_03894,1,plasma membrane iron permease,GO:0005381;GO:0006827;GO:0033573,0.4004959134202151,1,-0.303145204857205,0.336957457908473,0,0.23742454728370221
FGSG_05105,1,0.40047573292861977,0.40047573292861977,FGSG_02329,2,uncharacterized protein,GO:0000217;GO:0000799;GO:0003680;GO:0003682;GO:0005524;GO:0007076;GO:0007130;GO:0010032;GO:0051307;GO:0070058;GO:0070550,0.40047573292861977,1,0.834413591450192,2.049682463867e-09,0,0.23722334004024148
FGSG_12705,2,0.40153619991316725,0.8019371342166906,FGSG_03061;FGSG_05610,1,uncharacterized protein,,0.4004009343035233,1,-0.119114486913102,,0,0.2370221327967807
FGSG_06019,1,0.400389968516555,0.400389968516555,FGSG_02327,2,40S ribosomal protein S5-B,GO:0002181;GO:0003723;GO:0003735;GO:0006407;GO:0022627,0.400389968516555,1,0.370800478052386,0.0022791627087453,0,0.2368209255533199
FGSG_03823,1,0.40037108569749513,0.40037108569749513,FGSG_02329,2,uncharacterized protein,GO:0016021,0.40037108569749513,1,0.352769014830638,0.0564628853820047,0,0.23661971830985917
FGSG_02776,1,0.4003246232933164,0.4003246232933164,FGSG_10922,1,uncharacterized protein,,0.4003246232933164,1,-0.661978837274215,0.0558398327497951,0,0.23641851106639838
FGSG_12895,1,0.40021169527293166,0.40021169527293166,FGSG_08083,2,uncharacterized protein,,0.40021169527293166,1,0.236968528228746,0.120106628437381,0,0.23601609657947686
FGSG_10177,2,0.41347112494574834,0.8136279620392682,FGSG_03532;FGSG_08083,2,uncharacterized protein,GO:0008152;GO:0016846,0.4001568370935199,1,0.14501222250458,0.328148222292322,0,0.2358148893360161
FGSG_05359,1,0.400147312387776,0.400147312387776,FGSG_02329,2,uncharacterized protein,,0.400147312387776,1,0.335755039937925,0.0755148526815846,0,0.23561368209255534
FGSG_00522,1,0.40013037497639037,0.40013037497639037,FGSG_03061,1,uncharacterized protein,,0.40013037497639037,1,-0.339010374130634,0.21961076566711,0,0.23541247484909456
FGSG_03718,1,0.4000355098009385,0.4000355098009385,FGSG_02327,2,uncharacterized protein,GO:0004386,0.4000355098009385,1,0.603092967022193,0.0059911319032315,0,0.23521126760563382
FGSG_09037,2,0.4051772196458467,0.8052095347304464,FGSG_03894;FGSG_05610,1,uncharacterized protein,GO:0000462;GO:0000469;GO:0004521;GO:0005730;GO:0005737;GO:0030688;GO:0043248;GO:0070181;GO:0090502,0.4000323150845997,1,-0.0780075808361607,0.704488013444151,0,0.23501006036217303
FGSG_11303,1,0.6950599928599288,0.6950599928599288,FGSG_10462,14,uncharacterized protein,GO:0004497;GO:0005506;GO:0016021;GO:0016705;GO:0020037;GO:0055114,0.0,0,-0.0346373408087654,,0,0.19507042253521129
FGSG_02916,1,0.6950599928599287,0.6950599928599287,FGSG_10462,14,uncharacterized protein,,0.0,0,-0.0346373408087654,,0,0.19507042253521129
FGSG_01405,1,0.4132476621854396,0.4132476621854396,FGSG_03532,2,uncharacterized protein,,0.0,0,0.0559077098134664,0.680361771514938,0,0.19507042253521129
FGSG_20060,1,0.6950599928599288,0.6950599928599288,FGSG_10462,14,5S ribosomal RNA,,0.0,0,-0.0346373408087654,,0,0.19507042253521129
FGSG_11006,1,0.41324422941500816,0.41324422941500816,FGSG_00007,2,"glucan endo-1,3-beta-glucosidase",GO:0016787,0.0,0,0.38119935997957,0.315466543639359,0,0.19507042253521129
FGSG_12902,1,0.6950599928599288,0.6950599928599288,FGSG_10462,14,uncharacterized protein,,0.0,0,-0.0346373408087654,,0,0.19507042253521129
FGSG_12498,1,0.6950599928599287,0.6950599928599287,FGSG_10462,14,uncharacterized protein,,0.0,0,-0.0346373408087654,,0,0.19507042253521129
FGSG_04541,1,0.6950599928599287,0.6950599928599287,FGSG_10462,14,uncharacterized protein,,0.0,0,-0.0346373408087654,,0,0.19507042253521129
FGSG_08046,1,0.4752121889533376,0.4752121889533376,FGSG_02447,7,uncharacterized protein,GO:0016491;GO:0055114,0.0,0,0.0416839682745031,,0,0.19507042253521129
FGSG_11426,1,0.5612767297599556,0.5612767297599556,FGSG_03122,5,uncharacterized protein,,0.0,0,0.0802006131560577,,0,0.19507042253521129
FGSG_05756,1,0.5047324642299053,0.5047324642299053,FGSG_09127,8,uncharacterized protein,GO:0016021,0.0,0,-0.0867954628419052,,0,0.19507042253521129
FGSG_06046,1,0.49968060398137937,0.49968060398137937,FGSG_09127,8,uncharacterized protein,,0.0,0,-0.273383728813868,0.47006272257119,0,0.19507042253521129
FGSG_20510,1,0.49016495009575234,0.49016495009575234,FGSG_02447,7,tRNA-Val,,0.0,0,0.0282477233904427,,0,0.19507042253521129
FGSG_13082,1,0.5622283292381541,0.5622283292381541,FGSG_09127,8,uncharacterized protein,,0.0,0,-0.0456275190554156,,0,0.19507042253521129
FGSG_20616,1,0.48899377450589454,0.48899377450589454,FGSG_02447,7,tRNA-Ser,,0.0,0,0.0192550775546565,,0,0.19507042253521129
FGSG_12835,1,0.6950599928599289,0.6950599928599289,FGSG_10462,14,uncharacterized protein,,0.0,0,-0.0346373408087654,,0,0.19507042253521129
FGSG_20633,1,0.48899377450589454,0.48899377450589454,FGSG_02447,7,tRNA-Ala,,0.0,0,0.0192550775546565,,0,0.19507042253521129
FGSG_11276,1,0.4762361713994163,0.4762361713994163,FGSG_04848,9,uncharacterized protein,,0.0,0,0.0423815640553755,,0,0.19507042253521129
FGSG_07867,1,0.41736348528712924,0.41736348528712924,FGSG_02461,1,uncharacterized protein,GO:0016020;GO:0016651;GO:0051539;GO:0055114,0.0,0,-0.205533411171154,0.165159048186333,0,0.19507042253521129
FGSG_12811,1,0.4762361713994163,0.4762361713994163,FGSG_04848,9,uncharacterized protein,,0.0,0,0.0423815640553755,,0,0.19507042253521129
FGSG_20651,1,0.5944607915122804,0.5944607915122804,FGSG_03122,5,tRNA-Met,,0.0,0,0.0483128939503461,,0,0.19507042253521129
FGSG_20817,1,0.6950599928599289,0.6950599928599289,FGSG_10462,14,tRNA-Gly,,0.0,0,-0.0346373408087654,,0,0.19507042253521129
FGSG_00952,1,0.4481647009595958,0.4481647009595958,FGSG_03122,5,uncharacterized protein,GO:0004568;GO:0005975;GO:0006032,0.0,0,0.13175473702743,0.700967844957406,0,0.19507042253521129
FGSG_07901,1,0.4477668214339368,0.4477668214339368,FGSG_14010,6,uncharacterized protein,,0.0,0,-0.159167880306701,0.657361757532837,0,0.19507042253521129
FGSG_11530,1,0.6950599928599289,0.6950599928599289,FGSG_10462,14,uncharacterized protein,GO:0009055;GO:0022900;GO:0046872;GO:0051537,0.0,0,-0.0346373408087654,,0,0.19507042253521129
FGSG_04776,1,0.6247921689486009,0.6247921689486009,FGSG_04848,9,uncharacterized protein,GO:0016491;GO:0055114;GO:0071949,0.0,0,0.062038590294205,,0,0.19507042253521129
FGSG_12461,1,0.41587519294948455,0.41587519294948455,FGSG_00007,2,uncharacterized protein,GO:0004553;GO:0005975,0.0,0,0.455262371151338,0.0127398889195665,0,0.19507042253521129
FGSG_20023,1,0.6950599928599287,0.6950599928599287,FGSG_10462,14,5S ribosomal RNA,,0.0,0,-0.0346373408087654,,0,0.19507042253521129
FGSG_05973,1,0.4158673027597092,0.4158673027597092,FGSG_03532,2,uncharacterized protein,GO:0005788;GO:0005975;GO:0009272;GO:0030246;GO:0033919,0.0,0,0.098783513073811,0.484508451393078,0,0.19507042253521129
FGSG_20020,1,0.6950599928599287,0.6950599928599287,FGSG_10462,14,5S ribosomal RNA,,0.0,0,-0.0346373408087654,,0,0.19507042253521129
FGSG_11325,1,0.4371054451269851,0.4371054451269851,FGSG_04848,9,uncharacterized protein,GO:0008270;GO:0016021,0.0,0,0.0106887541802631,,0,0.19507042253521129
FGSG_13516,1,0.4150550652555413,0.4150550652555413,FGSG_14010,6,uncharacterized protein,,0.0,0,-0.162290435719788,0.630792582938694,0,0.19507042253521129
FGSG_12237,1,0.554800763997039,0.554800763997039,FGSG_14010,6,uncharacterized protein,,0.0,0,0.0049658021537123,,0,0.19507042253521129
FGSG_12970,1,0.42716603137217357,0.42716603137217357,FGSG_04848,9,uncharacterized protein,GO:0000122;GO:0000917;GO:0001078;GO:0003677;GO:0005634;GO:0005737;GO:0006351;GO:0007126;GO:0009272;GO:0030437;GO:0045944;GO:0046872;GO:0071454;GO:0071469,0.0,0,0.0093470255602423,0.967082292631278,0,0.19507042253521129
FGSG_02000,1,0.40516946153131095,0.40516946153131095,FGSG_03532,2,uncharacterized protein,GO:0016740,0.0,0,0.0491991072354756,0.688598758955398,0,0.19507042253521129
FGSG_08595,1,0.4131140820820702,0.4131140820820702,FGSG_02461,1,uncharacterized protein,GO:0000287;GO:0004012;GO:0005524;GO:0016021;GO:0045332,0.0,0,-0.204441272116403,0.178927259347264,0,0.19507042253521129
FGSG_09282,1,0.40260769113191575,0.40260769113191575,FGSG_00765,1,uncharacterized protein,GO:0097159;GO:1901363,0.0,0,-0.0066584016157603,0.969987137472664,0,0.19507042253521129
FGSG_04366,1,0.40270673528241935,0.40270673528241935,FGSG_00765,1,uncharacterized protein,GO:0000131;GO:0000133;GO:0003779;GO:0005519;GO:0005816;GO:0005934;GO:0005935;GO:0007118;GO:0007121;GO:0007124;GO:0008047;GO:0030953;GO:0032880;GO:0034652;GO:0035838;GO:0035839;GO:0043085;GO:0043332;GO:0051017;GO:0051519;GO:0090338;GO:2000251,0.0,0,-0.0683605633676895,0.65123802250348,0,0.19507042253521129
FGSG_03399,1,0.40277174186151093,0.40277174186151093,FGSG_08078,2,uncharacterized protein,GO:0000981;GO:0005634;GO:0006357;GO:0008270,0.0,0,0.0842660011326867,0.517221675351059,0,0.19507042253521129
FGSG_09294,1,0.4030205063486284,0.4030205063486284,FGSG_09456,1,uncharacterized protein,GO:0016020;GO:0051301,0.0,0,-0.206613367847047,0.0405770072032004,0,0.19507042253521129
FGSG_00109,1,0.4031104713490055,0.4031104713490055,FGSG_09456,1,uncharacterized protein,GO:0008152;GO:0008483,0.0,0,-0.786854818811526,0.0345195605000832,0,0.19507042253521129
FGSG_12131,1,0.403157708638113,0.403157708638113,FGSG_08078,2,uncharacterized protein,GO:0016407,0.0,0,0.092945846593006,0.631999885538258,0,0.19507042253521129
FGSG_01476,1,0.4033632822687901,0.4033632822687901,FGSG_08078,2,uncharacterized protein,GO:0004222;GO:0005524;GO:0006508;GO:0016021;GO:0050662,0.0,0,0.0649754852162959,0.667587112307825,0,0.19507042253521129
FGSG_09621,1,0.403393130395767,0.403393130395767,FGSG_00743,1,uncharacterized protein,,0.0,0,-0.682564775602544,0.071070723170797,0,0.19507042253521129
FGSG_02575,1,0.40351620635574476,0.40351620635574476,FGSG_02461,1,uncharacterized protein,GO:0000166;GO:0001731;GO:0003743;GO:0005829;GO:0033592;GO:0034057;GO:0043024;GO:0097010,0.0,0,-0.0704257821046662,0.574823615131958,0,0.19507042253521129
FGSG_05900,1,0.40381020387363153,0.40381020387363153,FGSG_00007,2,uncharacterized protein,GO:0003824;GO:0005737;GO:0046872,0.0,0,0.0859265313856492,0.466937295719253,0,0.19507042253521129
FGSG_03915,1,0.4038172647283954,0.4038172647283954,FGSG_03539,2,uncharacterized protein,GO:0004497;GO:0055114,0.0,0,0.72593886754586,1.1613453145474799e-22,0,0.19507042253521129
FGSG_01214,1,0.40389368829219113,0.40389368829219113,FGSG_02461,1,uncharacterized protein,GO:0046872,0.0,0,-0.214516970761211,0.3271933964487,0,0.19507042253521129
FGSG_09767,1,0.40440988607697065,0.40440988607697065,FGSG_09456,1,uncharacterized protein,,0.0,0,-0.329026511596381,0.0118377673509317,0,0.19507042253521129
FGSG_00201,1,0.40470021473198886,0.40470021473198886,FGSG_03532,2,uncharacterized protein,GO:0016021,0.0,0,0.0334898351968562,0.844259942665287,0,0.19507042253521129
FGSG_01084,1,0.40474451404295386,0.40474451404295386,FGSG_00765,1,uncharacterized protein,,0.0,0,-0.0241262331503434,0.870157449053973,0,0.19507042253521129
FGSG_02767,1,0.4049428933851925,0.4049428933851925,FGSG_02461,1,general amino acid permease AGP3,GO:0003333;GO:0015171;GO:0016021,0.0,0,-0.251520408073954,0.403094217461353,0,0.19507042253521129
FGSG_10322,1,0.40261313939172955,0.40261313939172955,FGSG_00007,2,uncharacterized protein,GO:0005524;GO:0016301;GO:0016310;GO:0016887,0.0,0,0.184161415718987,0.167382069429655,0,0.19507042253521129
FGSG_05754,1,0.40249961346648994,0.40249961346648994,FGSG_08078,2,uncharacterized protein,GO:0016021,0.0,0,-0.110290007818334,0.516613873461862,0,0.19507042253521129
FGSG_06022,1,0.40510247702855806,0.40510247702855806,FGSG_03532,2,uncharacterized protein,GO:0005215;GO:0005743;GO:0006281;GO:0016021;GO:0051382;GO:0055085,0.0,0,0.0224876157578281,0.914184788305921,0,0.19507042253521129
FGSG_01224,1,0.4023141796792366,0.4023141796792366,FGSG_02461,1,uncharacterized protein,,0.0,0,-0.258775958134201,0.117039335857902,0,0.19507042253521129
FGSG_02722,1,0.40014107011905403,0.40014107011905403,FGSG_08078,2,uncharacterized protein,GO:0005524;GO:0016020;GO:0016773,0.0,0,0.0495886251886709,0.735849677400562,0,0.19507042253521129
FGSG_05537,1,0.4002539851983356,0.4002539851983356,FGSG_09456,1,uncharacterized protein,GO:0000287;GO:0001732;GO:0005524;GO:0005634;GO:0005829;GO:0006417;GO:0007049;GO:0007346;GO:0051301,0.0,0,-0.363912715524606,0.0082406308086579,0,0.19507042253521129
FGSG_07940,1,0.40034593862873397,0.40034593862873397,FGSG_03532,2,uncharacterized protein,GO:0003980;GO:0006486;GO:0097359,0.0,0,0.0196916302909593,0.884839669465793,0,0.19507042253521129
FGSG_03439,1,0.40041669156115267,0.40041669156115267,FGSG_08078,2,uncharacterized protein,GO:0004497;GO:0010181;GO:0016758;GO:0055114,0.0,0,0.174236537818884,0.409519226728393,0,0.19507042253521129
FGSG_10276,1,0.4005203980975992,0.4005203980975992,FGSG_02461,1,NADH dehydrogenase iron-sulfur protein 7,GO:0008137;GO:0046872;GO:0048038;GO:0051539;GO:0055114,0.0,0,-0.186501118982126,0.216358850103916,0,0.19507042253521129
FGSG_01969,1,0.40079009751020644,0.40079009751020644,FGSG_05610,1,uncharacterized protein,GO:0004622;GO:0009395;GO:0016021,0.0,0,-0.0775540027611783,0.703955296992613,0,0.19507042253521129
FGSG_09042,1,0.4009639347744327,0.4009639347744327,FGSG_08078,2,formamidase,GO:0016811,0.0,0,-0.025750460698045,0.770982350688693,0,0.19507042253521129
FGSG_06755,1,0.40127674095106924,0.40127674095106924,FGSG_00765,1,uncharacterized protein,GO:0003735;GO:0005762;GO:0016787;GO:0032543,0.0,0,-0.0147092549118535,0.938889185690148,0,0.19507042253521129
FGSG_01977,1,0.4014336766436351,0.4014336766436351,FGSG_08078,2,uncharacterized protein,,0.0,0,-0.216669148514197,0.0771591401585706,0,0.19507042253521129
FGSG_08881,1,0.4015019696284141,0.4015019696284141,FGSG_03532,2,uncharacterized protein,GO:0005789;GO:0016021;GO:0034599,0.0,0,0.0450064453920338,0.810528934623224,0,0.19507042253521129
FGSG_11217,1,0.401530590491696,0.401530590491696,FGSG_03532,2,uncharacterized protein,GO:0016616;GO:0044710;GO:0050662,0.0,0,0.112156381621258,0.642968125282506,0,0.19507042253521129
FGSG_10973,1,0.4015552827436066,0.4015552827436066,FGSG_08078,2,uncharacterized protein,GO:0016021,0.0,0,0.460298963002034,0.0639132667979943,0,0.19507042253521129
FGSG_08788,1,0.4017197000573641,0.4017197000573641,FGSG_00765,1,uncharacterized protein,GO:0016021,0.0,0,0.0062671566909924,0.962963357860035,0,0.19507042253521129
FGSG_03716,1,0.40196424439315365,0.40196424439315365,FGSG_03532,2,uncharacterized protein,GO:0016021;GO:0055085,0.0,0,0.0829757332919472,0.484692992331553,0,0.19507042253521129
FGSG_12206,4,0.4195368688349926,1.6462480472276726,FGSG_08077;FGSG_08078;FGSG_10206;FGSG_12211,2,uncharacterized protein,GO:0016491;GO:0055114,0.0,0,0.707451716664697,7.16142043195741e-14,0,0.19507042253521129
FGSG_05997,1,0.40500740397833157,0.40500740397833157,FGSG_08078,2,uncharacterized protein,GO:0016491;GO:0055114,0.0,0,-0.0114647389079073,0.913954937766001,0,0.19507042253521129
FGSG_10636,1,0.4051441508791725,0.4051441508791725,FGSG_08078,2,uncharacterized protein,,0.0,0,-0.0621006436213528,0.845516926751772,0,0.19507042253521129
FGSG_08281,1,0.4128129982869838,0.4128129982869838,FGSG_09127,8,uncharacterized protein,GO:0006672;GO:0016021;GO:0016811,0.0,0,-0.0164561293577219,,0,0.19507042253521129
FGSG_04172,1,0.4075496591601173,0.4075496591601173,FGSG_02461,1,uncharacterized protein,GO:0016021,0.0,0,-0.175072274083766,0.514849583519401,0,0.19507042253521129
FGSG_06234,1,0.4076459113229798,0.4076459113229798,FGSG_10206,2,uncharacterized protein,,0.0,0,0.362020295094944,0.0057504243173556,0,0.19507042253521129
FGSG_07205,1,0.4077280500829107,0.4077280500829107,FGSG_08078,2,uncharacterized protein,GO:0006807;GO:0016021;GO:0016810,0.0,0,0.015986592411002,0.856221953407326,0,0.19507042253521129
FGSG_04897,1,0.4077718532434376,0.4077718532434376,FGSG_08078,2,uncharacterized protein,,0.0,0,-0.0011308316403869,0.999525732302474,0,0.19507042253521129
FGSG_09451,1,0.4077855939534112,0.4077855939534112,FGSG_08078,2,uncharacterized protein,GO:0003824;GO:0008270,0.0,0,0.0858926714118631,0.561578120704624,0,0.19507042253521129
FGSG_08529,1,0.40791804003138454,0.40791804003138454,FGSG_02461,1,uncharacterized protein,GO:0004647;GO:0006564;GO:0016311,0.0,0,-0.207416319858116,0.126276957589777,0,0.19507042253521129
FGSG_07208,1,0.4083242076589364,0.4083242076589364,FGSG_10206,2,uncharacterized protein,GO:0016021,0.0,0,0.422926074853012,2.85093517787766e-07,0,0.19507042253521129
FGSG_06090,1,0.4088288065447741,0.4088288065447741,FGSG_08078,2,uncharacterized protein,GO:0006629;GO:0016021;GO:0030729,0.0,0,0.0529316575832414,0.792531096298145,0,0.19507042253521129
FGSG_03643,1,0.4088383378075175,0.4088383378075175,FGSG_08078,2,uncharacterized protein,GO:0016021;GO:0055085,0.0,0,0.0391529260796353,0.8754309860683,0,0.19507042253521129
FGSG_07503,1,0.4090392133643143,0.4090392133643143,FGSG_03532,2,uncharacterized protein,GO:0005975;GO:0016810,0.0,0,0.0172939899995484,0.882640715086859,0,0.19507042253521129
FGSG_03333,1,0.4091121882118374,0.4091121882118374,FGSG_03532,2,uncharacterized protein,,0.0,0,0.0336470205195673,0.853917903383666,0,0.19507042253521129
FGSG_04930,1,0.4092148381468426,0.4092148381468426,FGSG_03532,2,uncharacterized protein,GO:0004571;GO:0005509;GO:0008152;GO:0016021,0.0,0,0.0501543686412533,0.800987778547597,0,0.19507042253521129
FGSG_02791,1,0.4097785425455708,0.4097785425455708,FGSG_02461,1,uncharacterized protein,GO:0003677,0.0,0,-0.0832665419216837,0.355761599575767,0,0.19507042253521129
FGSG_01807,1,0.4105740611488871,0.4105740611488871,FGSG_00007,2,uncharacterized protein,,0.0,0,0.189861921353107,0.423240825156725,0,0.19507042253521129
FGSG_04382,1,0.41237965490191303,0.41237965490191303,FGSG_02461,1,serine/threonine-protein kinase nrc-2,GO:0004674;GO:0005524;GO:0006468,0.0,0,-0.174814499040454,0.137028832097107,0,0.19507042253521129
FGSG_04555,1,0.41254881958175477,0.41254881958175477,FGSG_02461,1,uncharacterized protein,,0.0,0,-0.410445191566174,0.0640337810452124,0,0.19507042253521129
FGSG_00491,1,0.40762695745376143,0.40762695745376143,FGSG_03295,1,uncharacterized protein,GO:0005509;GO:0006457;GO:0030176;GO:0030433;GO:0051082,0.0,0,-0.29746752827224,2.46792466040125e-07,0,0.19507042253521129
FGSG_07696,1,0.4074056958015091,0.4074056958015091,FGSG_09456,1,uncharacterized protein,GO:0016021,0.0,0,-0.691853368363632,0.0562360460450096,0,0.19507042253521129
FGSG_08294,1,0.6950599928599289,0.6950599928599289,FGSG_10462,14,uncharacterized protein,,0.0,0,-0.0346373408087654,,0,0.19507042253521129
FGSG_07851,1,0.4072314169625364,0.4072314169625364,FGSG_02461,1,uncharacterized protein,GO:0016021,0.0,0,-0.0789835353847219,0.535036939039741,0,0.19507042253521129
FGSG_00139,1,0.4052022854043781,0.4052022854043781,FGSG_03532,2,aldehyde dehydrogenase,GO:0016620;GO:0055114,0.0,0,0.0455034273962275,0.807209674236769,0,0.19507042253521129
FGSG_11074,1,0.4052231508329043,0.4052231508329043,FGSG_08078,2,uncharacterized protein,GO:0008168;GO:0032259,0.0,0,0.0650409006691442,0.629234260113396,0,0.19507042253521129
FGSG_01965,1,0.4054468486424915,0.4054468486424915,FGSG_00765,1,uncharacterized protein,,0.0,0,0.0257623367656155,0.815746808097692,0,0.19507042253521129
FGSG_02336,1,0.405924730751143,0.405924730751143,FGSG_08078,2,uncharacterized protein,,0.0,0,0.180197351941393,0.416033274670747,0,0.19507042253521129
FGSG_07315,1,0.4059254174270568,0.4059254174270568,FGSG_08078,2,C-8 sterol isomerase,GO:0000247;GO:0005783;GO:0006696;GO:0016021,0.0,0,0.132553198440305,0.256600370268963,0,0.19507042253521129
FGSG_04920,1,0.4059675389332954,0.4059675389332954,FGSG_02461,1,uncharacterized protein,GO:0016021,0.0,0,-0.0926310058425998,0.5476221602928,0,0.19507042253521129
FGSG_10131,1,0.4060837107605832,0.4060837107605832,FGSG_00007,2,uncharacterized protein,GO:0016787,0.0,0,0.20526061854974,0.114598136175909,0,0.19507042253521129
FGSG_03816,1,0.40622495306732376,0.40622495306732376,FGSG_08078,2,uncharacterized protein,GO:0016787,0.0,0,-0.0426273400389307,0.874354077682114,0,0.19507042253521129
FGSG_13341,1,0.40635884311372694,0.40635884311372694,FGSG_02461,1,ATP synthase subunit D protein,GO:0000274;GO:0006461;GO:0015986;GO:0046933;GO:0046961,0.0,0,-0.241417508474616,0.117993992867036,0,0.19507042253521129
FGSG_12519,1,0.40643717106509025,0.40643717106509025,FGSG_08078,2,uncharacterized protein,GO:0004657;GO:0006562;GO:0008483;GO:0009058;GO:0030170;GO:0055114,0.0,0,-0.0015081038850247,0.980332456009857,0,0.19507042253521129
FGSG_02474,1,0.4066225323850401,0.4066225323850401,FGSG_02461,1,uncharacterized protein,GO:0016651;GO:0022900,0.0,0,-0.173305946223462,0.274777781961337,0,0.19507042253521129
FGSG_11069,1,0.4067974949433149,0.4067974949433149,FGSG_08078,2,uncharacterized protein,GO:0015663;GO:0016021;GO:0035353,0.0,0,0.132458131039205,0.338686347556082,0,0.19507042253521129
FGSG_04560,1,0.4068327142959692,0.4068327142959692,FGSG_00743,1,uncharacterized protein,GO:0016021,0.0,0,-0.138247230065728,0.0771986343234255,0,0.19507042253521129
FGSG_06532,1,0.40707394958309295,0.40707394958309295,FGSG_00007,2,peptidyl-prolyl cis-trans isomerase ssp-1,GO:0000083;GO:0000117;GO:0000122;GO:0000413;GO:0003755;GO:0005634;GO:0006369;GO:0031064;GO:0035307;GO:0045899;GO:0080182;GO:1901407;GO:2000059;GO:2000749,0.0,0,0.13814652768231,0.226812214072673,0,0.19507042253521129
FGSG_09266,3,0.4280587204630237,1.2362860679782135,FGSG_00007;FGSG_03539;FGSG_08081,2,hydroxymethylglutaryl-CoA synthase,GO:0004421;GO:0006696;GO:0008299,0.0,0,0.267140567330312,0.0003578059994194,0,0.19507042253521129
FGSG_08483,1,0.6950599928599289,0.6950599928599289,FGSG_10462,14,uncharacterized protein,GO:0016021,0.0,0,-0.0346373408087654,,0,0.19507042253521129
FGSG_20789,1,0.7355389040356457,0.7355389040356457,FGSG_09127,8,tRNA-Asn,,0.0,0,-0.0330720766369034,,0,0.19507042253521129
FGSG_08278,1,0.6950599928599289,0.6950599928599289,FGSG_10462,14,uncharacterized protein,,0.0,0,-0.0346373408087654,,0,0.19507042253521129
FGSG_05703,1,0.8070374832038317,0.8070374832038317,FGSG_03122,5,3-dehydroshikimate dehydratase,GO:0051213;GO:0055114,0.0,0,0.0298887265583223,,0,0.19507042253521129
FGSG_20544,1,0.8070374832038318,0.8070374832038318,FGSG_03122,5,tRNA-Glu,,0.0,0,0.0298887265583223,,0,0.19507042253521129
FGSG_20571,1,0.8070374832038318,0.8070374832038318,FGSG_03122,5,tRNA-Gln,,0.0,0,0.0298887265583223,,0,0.19507042253521129
FGSG_20583,1,0.8070374832038318,0.8070374832038318,FGSG_03122,5,tRNA-Leu,,0.0,0,0.0298887265583223,,0,0.19507042253521129
FGSG_20805,1,0.8070374832038318,0.8070374832038318,FGSG_03122,5,tRNA-Ser,,0.0,0,0.0298887265583223,,0,0.19507042253521129
FGSG_02954,1,0.8070374832038317,0.8070374832038317,FGSG_03122,5,uncharacterized protein,,0.0,0,0.0298887265583223,,0,0.19507042253521129
FGSG_03253,1,0.8070374832038317,0.8070374832038317,FGSG_03122,5,uncharacterized protein,,0.0,0,0.0298887265583223,,0,0.19507042253521129
FGSG_05786,1,0.8070374832038317,0.8070374832038317,FGSG_03122,5,uncharacterized protein,GO:0016021,0.0,0,0.0298887265583223,,0,0.19507042253521129
FGSG_20010,1,0.8070374832038318,0.8070374832038318,FGSG_03122,5,5S ribosomal RNA,,0.0,0,0.0298887265583223,,0,0.19507042253521129
FGSG_07714,1,0.8070374832038317,0.8070374832038317,FGSG_03122,5,uncharacterized protein,,0.0,0,0.0298887265583223,,0,0.19507042253521129
FGSG_07791,1,0.8070374832038317,0.8070374832038317,FGSG_03122,5,uncharacterized protein,,0.0,0,0.0298887265583223,,0,0.19507042253521129
FGSG_07915,1,0.8070374832038317,0.8070374832038317,FGSG_03122,5,uncharacterized protein,GO:0016021,0.0,0,0.0298887265583223,,0,0.19507042253521129
FGSG_11071,1,0.8070374832038317,0.8070374832038317,FGSG_03122,5,uncharacterized protein,GO:0016021,0.0,0,0.0298887265583223,,0,0.19507042253521129
FGSG_11181,1,0.8070374832038317,0.8070374832038317,FGSG_03122,5,uncharacterized protein,,0.0,0,0.0298887265583223,,0,0.19507042253521129
FGSG_12514,1,0.8070374832038317,0.8070374832038317,FGSG_03122,5,uncharacterized protein,,0.0,0,0.0298887265583223,,0,0.19507042253521129
FGSG_20522,1,0.8070374832038318,0.8070374832038318,FGSG_03122,5,tRNA-Leu,,0.0,0,0.0298887265583223,,0,0.19507042253521129
FGSG_13271,1,0.8070374832038318,0.8070374832038318,FGSG_03122,5,uncharacterized protein,,0.0,0,0.0298887265583223,,0,0.19507042253521129
FGSG_13139,1,0.8070374832038317,0.8070374832038317,FGSG_03122,5,uncharacterized protein,,0.0,0,0.0298887265583223,,0,0.19507042253521129
FGSG_10651,1,0.8070374832038318,0.8070374832038318,FGSG_03122,5,uncharacterized protein,GO:0016021;GO:0016491;GO:0055114;GO:0071949,0.0,0,0.0298887265583223,,0,0.19507042253521129
FGSG_08050,1,0.8070374832038318,0.8070374832038318,FGSG_03122,5,uncharacterized protein,GO:0016020,0.0,0,0.0298887265583223,,0,0.19507042253521129
FGSG_08074,1,0.8070374832038318,0.8070374832038318,FGSG_03122,5,uncharacterized protein,,0.0,0,0.0298887265583223,,0,0.19507042253521129
FGSG_08161,1,0.8070374832038318,0.8070374832038318,FGSG_03122,5,uncharacterized protein,,0.0,0,0.0298887265583223,,0,0.19507042253521129
FGSG_08169,1,0.8070374832038318,0.8070374832038318,FGSG_03122,5,uncharacterized protein,GO:0003333;GO:0015171;GO:0016021,0.0,0,0.0298887265583223,,0,0.19507042253521129
FGSG_10575,1,0.8070374832038318,0.8070374832038318,FGSG_03122,5,uncharacterized protein,GO:0016021,0.0,0,0.0298887265583223,,0,0.19507042253521129
FGSG_10633,1,0.8070374832038318,0.8070374832038318,FGSG_03122,5,uncharacterized protein,GO:0016020,0.0,0,0.0298887265583223,,0,0.19507042253521129
FGSG_10715,1,0.8070374832038318,0.8070374832038318,FGSG_03122,5,uncharacterized protein,GO:0016021,0.0,0,0.0298887265583223,,0,0.19507042253521129
FGSG_12393,1,0.8070374832038318,0.8070374832038318,FGSG_03122,5,uncharacterized protein,,0.0,0,0.0298887265583223,,0,0.19507042253521129
FGSG_11726,1,0.8070374832038318,0.8070374832038318,FGSG_03122,5,uncharacterized protein,GO:0000775;GO:0003677;GO:0003682;GO:0005634;GO:0046872,0.0,0,0.0298887265583223,,0,0.19507042253521129
FGSG_11860,1,0.8070374832038318,0.8070374832038318,FGSG_03122,5,uncharacterized protein,,0.0,0,0.0298887265583223,,0,0.19507042253521129
FGSG_11972,1,0.8070374832038318,0.8070374832038318,FGSG_03122,5,uncharacterized protein,GO:0016020,0.0,0,0.0298887265583223,,0,0.19507042253521129
FGSG_11973,1,0.8070374832038318,0.8070374832038318,FGSG_03122,5,phosphate-repressible phosphate permease,GO:0005315;GO:0006817;GO:0016021;GO:0055085,0.0,0,0.0298887265583223,,0,0.19507042253521129
FGSG_12121,1,0.8070374832038318,0.8070374832038318,FGSG_03122,5,uncharacterized protein,GO:0016021,0.0,0,0.0298887265583223,,0,0.19507042253521129
FGSG_12236,1,0.8070374832038318,0.8070374832038318,FGSG_03122,5,uncharacterized protein,,0.0,0,0.0298887265583223,,0,0.19507042253521129
FGSG_12843,1,0.8070374832038317,0.8070374832038317,FGSG_03122,5,uncharacterized protein,,0.0,0,0.0298887265583223,,0,0.19507042253521129
FGSG_20722,1,0.8070374832038317,0.8070374832038317,FGSG_03122,5,tRNA-Leu,,0.0,0,0.0298887265583223,,0,0.19507042253521129
FGSG_20816,1,0.7994353363187758,0.7994353363187758,FGSG_04848,9,tRNA-Leu,,0.0,0,0.0289207787463151,,0,0.19507042253521129
FGSG_12585,1,0.7994353363187758,0.7994353363187758,FGSG_04848,9,uncharacterized protein,GO:0003824,0.0,0,0.0289207787463151,,0,0.19507042253521129
FGSG_09336,1,0.7994353363187758,0.7994353363187758,FGSG_04848,9,uncharacterized protein,,0.0,0,0.0289207787463151,,0,0.19507042253521129
FGSG_11503,1,0.7994353363187758,0.7994353363187758,FGSG_04848,9,uncharacterized protein,,0.0,0,0.0289207787463151,,0,0.19507042253521129
FGSG_11801,1,0.7994353363187758,0.7994353363187758,FGSG_04848,9,uncharacterized protein,,0.0,0,0.0289207787463151,,0,0.19507042253521129
FGSG_12058,1,0.7994353363187758,0.7994353363187758,FGSG_04848,9,uncharacterized protein,,0.0,0,0.0289207787463151,,0,0.19507042253521129
FGSG_12462,1,0.7994353363187758,0.7994353363187758,FGSG_04848,9,uncharacterized protein,,0.0,0,0.0289207787463151,,0,0.19507042253521129
FGSG_12503,1,0.7994353363187758,0.7994353363187758,FGSG_04848,9,uncharacterized protein,,0.0,0,0.0289207787463151,,0,0.19507042253521129
FGSG_12804,1,0.7994353363187758,0.7994353363187758,FGSG_04848,9,uncharacterized protein,,0.0,0,0.0289207787463151,,0,0.19507042253521129
FGSG_09200,1,0.7994353363187758,0.7994353363187758,FGSG_04848,9,uncharacterized protein,GO:0004842;GO:0016567;GO:0046872,0.0,0,0.0289207787463151,,0,0.19507042253521129
FGSG_12810,1,0.7994353363187758,0.7994353363187758,FGSG_04848,9,uncharacterized protein,,0.0,0,0.0289207787463151,,0,0.19507042253521129
FGSG_12823,1,0.7994353363187758,0.7994353363187758,FGSG_04848,9,uncharacterized protein,,0.0,0,0.0289207787463151,,0,0.19507042253521129
FGSG_12924,1,0.7994353363187758,0.7994353363187758,FGSG_04848,9,uncharacterized protein,,0.0,0,0.0289207787463151,,0,0.19507042253521129
FGSG_13618,1,0.7994353363187758,0.7994353363187758,FGSG_04848,9,uncharacterized protein,,0.0,0,0.0289207787463151,,0,0.19507042253521129
FGSG_20626,1,0.7994353363187758,0.7994353363187758,FGSG_04848,9,tRNA-Glu,,0.0,0,0.0289207787463151,,0,0.19507042253521129
FGSG_20702,1,0.7994353363187758,0.7994353363187758,FGSG_04848,9,tRNA-Glu,,0.0,0,0.0289207787463151,,0,0.19507042253521129
FGSG_09208,1,0.7994353363187758,0.7994353363187758,FGSG_04848,9,uncharacterized protein,,0.0,0,0.0289207787463151,,0,0.19507042253521129
FGSG_08279,1,0.7994353363187758,0.7994353363187758,FGSG_04848,9,uncharacterized protein,GO:0016021,0.0,0,0.0289207787463151,,0,0.19507042253521129
FGSG_20760,1,0.8070374832038317,0.8070374832038317,FGSG_03122,5,tRNA-Asp,,0.0,0,0.0298887265583223,,0,0.19507042253521129
FGSG_12162,1,0.799435336318776,0.799435336318776,FGSG_04848,9,uncharacterized protein,,0.0,0,0.0289207787463151,,0,0.19507042253521129
FGSG_20792,1,0.8070374832038317,0.8070374832038317,FGSG_03122,5,tRNA-Arg,,0.0,0,0.0298887265583223,,0,0.19507042253521129
FGSG_02437,1,0.799435336318776,0.799435336318776,FGSG_04848,9,uncharacterized protein,,0.0,0,0.0289207787463151,,0,0.19507042253521129
FGSG_06432,1,0.799435336318776,0.799435336318776,FGSG_04848,9,uncharacterized protein,,0.0,0,0.0289207787463151,,0,0.19507042253521129
FGSG_07627,1,0.799435336318776,0.799435336318776,FGSG_04848,9,uncharacterized protein,GO:0016614;GO:0050660;GO:0055114,0.0,0,0.0289207787463151,,0,0.19507042253521129
FGSG_07828,1,0.799435336318776,0.799435336318776,FGSG_04848,9,uncharacterized protein,,0.0,0,0.0289207787463151,,0,0.19507042253521129
FGSG_11392,1,0.799435336318776,0.799435336318776,FGSG_04848,9,uncharacterized protein,,0.0,0,0.0380766760344427,,0,0.19507042253521129
FGSG_13003,1,0.799435336318776,0.799435336318776,FGSG_04848,9,uncharacterized protein,,0.0,0,0.0289207787463151,,0,0.19507042253521129
FGSG_07996,1,0.7994353363187758,0.7994353363187758,FGSG_04848,9,uncharacterized protein,,0.0,0,0.0289207787463151,,0,0.19507042253521129
FGSG_20673,1,0.799435336318776,0.799435336318776,FGSG_04848,9,tRNA-Val,,0.0,0,0.0289207787463151,,0,0.19507042253521129
FGSG_01714,1,0.7994353363187758,0.7994353363187758,FGSG_04848,9,uncharacterized protein,,0.0,0,0.0289207787463151,,0,0.19507042253521129
FGSG_01723,1,0.7994353363187758,0.7994353363187758,FGSG_04848,9,uncharacterized protein,GO:0016020,0.0,0,0.0380766760344427,,0,0.19507042253521129
FGSG_04466,1,0.7994353363187758,0.7994353363187758,FGSG_04848,9,uncharacterized protein,,0.0,0,0.0289207787463151,,0,0.19507042253521129
FGSG_04640,1,0.7994353363187758,0.7994353363187758,FGSG_04848,9,uncharacterized protein,,0.0,0,0.0289207787463151,,0,0.19507042253521129
FGSG_06505,1,0.7994353363187758,0.7994353363187758,FGSG_04848,9,uncharacterized protein,,0.0,0,0.0289207787463151,,0,0.19507042253521129
FGSG_07976,1,0.8070374832038318,0.8070374832038318,FGSG_03122,5,uncharacterized protein,,0.0,0,0.0298887265583223,,0,0.19507042253521129
FGSG_03470,1,0.8070374832038318,0.8070374832038318,FGSG_03122,5,uncharacterized protein,,0.0,0,0.0298887265583223,,0,0.19507042253521129
FGSG_00079,1,0.8070374832038318,0.8070374832038318,FGSG_03122,5,uncharacterized protein,,0.0,0,0.0298887265583223,,0,0.19507042253521129
FGSG_20744,1,0.8134855499699694,0.8134855499699694,FGSG_09184,11,tRNA-Gln,,0.0,0,0.0031890087161799,,0,0.19507042253521129
FGSG_08197,1,0.8134855499699694,0.8134855499699694,FGSG_09184,11,uncharacterized protein,,0.0,0,0.0031890087161799,,0,0.19507042253521129
FGSG_11728,1,0.8134855499699694,0.8134855499699694,FGSG_09184,11,uncharacterized protein,,0.0,0,0.0031890087161799,,0,0.19507042253521129
FGSG_12197,1,0.8134855499699694,0.8134855499699694,FGSG_09184,11,uncharacterized protein,,0.0,0,0.0031890087161799,,0,0.19507042253521129
FGSG_12501,1,0.8134855499699694,0.8134855499699694,FGSG_09184,11,uncharacterized protein,GO:0016021;GO:0055085,0.0,0,0.0031890087161799,,0,0.19507042253521129
FGSG_12504,1,0.8134855499699694,0.8134855499699694,FGSG_09184,11,uncharacterized protein,,0.0,0,0.0031890087161799,,0,0.19507042253521129
FGSG_12834,1,0.8134855499699694,0.8134855499699694,FGSG_09184,11,uncharacterized protein,,0.0,0,0.0031890087161799,,0,0.19507042253521129
FGSG_03728,1,0.8134855499699692,0.8134855499699692,FGSG_09184,11,uncharacterized protein,,0.0,0,0.0030086905182285,,0,0.19507042253521129
FGSG_07990,1,0.8134855499699694,0.8134855499699694,FGSG_09184,11,uncharacterized protein,,0.0,0,0.0031890087161799,,0,0.19507042253521129
FGSG_07760,1,0.8134855499699692,0.8134855499699692,FGSG_09184,11,uncharacterized protein,GO:0000166;GO:0004055;GO:0006520;GO:0044249;GO:1901566,0.0,0,0.0030086905182285,,0,0.19507042253521129
FGSG_12391,1,0.8134855499699692,0.8134855499699692,FGSG_09184,11,uncharacterized protein,,0.0,0,0.0030086905182285,,0,0.19507042253521129
FGSG_02032,1,0.8134855499699691,0.8134855499699691,FGSG_09184,11,uncharacterized protein,GO:0016021,0.0,0,0.0030086905182285,,0,0.19507042253521129
FGSG_03092,1,0.8134855499699691,0.8134855499699691,FGSG_09184,11,uncharacterized protein,,0.0,0,0.0030086905182285,,0,0.19507042253521129
FGSG_03939,1,0.8134855499699691,0.8134855499699691,FGSG_09184,11,uncharacterized protein,GO:0004672;GO:0005524;GO:0006468,0.0,0,0.0030086905182285,,0,0.19507042253521129
FGSG_04462,1,0.8134855499699691,0.8134855499699691,FGSG_09184,11,uncharacterized protein,,0.0,0,0.0030086905182285,,0,0.19507042253521129
FGSG_08165,1,0.8134855499699694,0.8134855499699694,FGSG_09184,11,uncharacterized protein,GO:0016021,0.0,0,0.0031890087161799,,0,0.19507042253521129
FGSG_07533,1,0.8134855499699694,0.8134855499699694,FGSG_09184,11,uncharacterized protein,GO:0005576;GO:0005618;GO:0030599;GO:0042545;GO:0045330;GO:0045490,0.0,0,0.0031890087161799,,0,0.19507042253521129
FGSG_12674,1,0.807037483203832,0.807037483203832,FGSG_03122,5,uncharacterized protein,,0.0,0,0.0298887265583223,,0,0.19507042253521129
FGSG_04290,2,0.4125532558119242,0.821316647217549,FGSG_02461;FGSG_09012,1,histone H3,GO:0000786;GO:0003677;GO:0005643;GO:0006334;GO:0006913;GO:0017056;GO:0046982,0.0,0,-0.331281028505177,0.0268759270017504,0,0.19507042253521129
FGSG_11594,2,0.4102229271226833,0.8151472882623836,FGSG_00007;FGSG_03539,2,uncharacterized protein,GO:0003972;GO:0004113;GO:0005524;GO:0005637;GO:0005829;GO:0006388;GO:0016310;GO:0030969;GO:0032056;GO:0051730,0.0,0,0.101966389584574,0.317324868145057,0,0.19507042253521129
FGSG_08065,2,0.40511665234081856,0.8093961834672546,FGSG_00007;FGSG_08081,2,uncharacterized protein,,0.0,0,0.264105798526504,0.118737230458742,0,0.19507042253521129
FGSG_06264,2,0.41234374323740053,0.8172541424536803,FGSG_02461;FGSG_09012,1,uncharacterized protein,GO:0016021,0.0,0,-0.32045312900981,0.0315067443877719,0,0.19507042253521129
FGSG_06276,2,0.4177204812412229,0.8177649231915352,FGSG_02461;FGSG_09012,1,uncharacterized protein,GO:0006450,0.0,0,-0.287459405905172,0.108150634947746,0,0.19507042253521129
FGSG_12982,2,0.4057598962123773,0.8082909109052179,FGSG_02461;FGSG_09012,1,uncharacterized protein,,0.0,0,-0.481003991124145,0.0994295167283828,0,0.19507042253521129
FGSG_05384,2,0.41714359331990875,0.8186181863471561,FGSG_00007;FGSG_03539,2,uncharacterized protein,GO:0000139;GO:0005351;GO:0008643;GO:0015992;GO:0016021,0.0,0,0.113194315587303,0.229121277085753,0,0.19507042253521129
FGSG_12442,2,0.41782365761233914,0.8295282533744636,FGSG_00007;FGSG_03532,2,uncharacterized protein,GO:0005634;GO:0005829;GO:0016884,0.0,0,0.119699500254664,0.112731179012648,0,0.19507042253521129
FGSG_04861,1,0.8134855499699694,0.8134855499699694,FGSG_09184,11,uncharacterized protein,,0.0,0,0.0031890087161799,,0,0.19507042253521129
FGSG_02338,1,0.8134855499699695,0.8134855499699695,FGSG_09184,11,uncharacterized protein,,0.0,0,0.0030086905182285,,0,0.19507042253521129
FGSG_04702,1,0.8134855499699695,0.8134855499699695,FGSG_09184,11,uncharacterized protein,GO:0016491;GO:0055114,0.0,0,0.0030086905182285,,0,0.19507042253521129
FGSG_04770,1,0.8134855499699695,0.8134855499699695,FGSG_09184,11,uncharacterized protein,GO:0004672;GO:0005524;GO:0006468,0.0,0,0.0030086905182285,,0,0.19507042253521129
FGSG_09467,1,0.8134855499699695,0.8134855499699695,FGSG_09184,11,uncharacterized protein,,0.0,0,0.0031890087161799,,0,0.19507042253521129
FGSG_20591,1,0.8134855499699695,0.8134855499699695,FGSG_09184,11,tRNA-Lys,,0.0,0,0.0030086905182285,,0,0.19507042253521129
FGSG_04796,1,0.8134855499699694,0.8134855499699694,FGSG_09184,11,uncharacterized protein,,0.0,0,0.0031890087161799,,0,0.19507042253521129
FGSG_05825,1,0.8134855499699691,0.8134855499699691,FGSG_09184,11,uncharacterized protein,GO:0016021;GO:0016740,0.0,0,0.0030086905182285,,0,0.19507042253521129
FGSG_06608,1,0.8134855499699691,0.8134855499699691,FGSG_09184,11,uncharacterized protein,,0.0,0,0.0030086905182285,,0,0.19507042253521129
FGSG_06622,1,0.8134855499699691,0.8134855499699691,FGSG_09184,11,uncharacterized protein,GO:0016021;GO:0016853,0.0,0,0.0030086905182285,,0,0.19507042253521129
FGSG_03758,1,0.8070374832038356,0.8070374832038356,FGSG_03122,5,uncharacterized protein,,0.0,0,0.0388031646599576,,0,0.19507042253521129
FGSG_13849,1,0.8134855499699691,0.8134855499699691,FGSG_09184,11,uncharacterized protein,,0.0,0,0.0030086905182285,,0,0.19507042253521129
FGSG_14004,1,0.8134855499699691,0.8134855499699691,FGSG_09184,11,uncharacterized protein,,0.0,0,0.0030086905182285,,0,0.19507042253521129
FGSG_20788,1,0.8134855499699691,0.8134855499699691,FGSG_09184,11,tRNA-Gly,,0.0,0,0.0030086905182285,,0,0.19507042253521129
FGSG_04700,1,0.8070374832038357,0.8070374832038357,FGSG_03122,5,uncharacterized protein,GO:0008643;GO:0016021;GO:0022891;GO:0055085,0.0,0,0.0361079097278289,,0,0.19507042253521129
FGSG_02548,1,0.8070374832038356,0.8070374832038356,FGSG_03122,5,uncharacterized protein,GO:0016021,0.0,0,0.0361079097278289,,0,0.19507042253521129
FGSG_02711,1,0.8070374832038356,0.8070374832038356,FGSG_03122,5,uncharacterized protein,,0.0,0,0.0361079097278289,,0,0.19507042253521129
FGSG_06249,1,0.8070374832038356,0.8070374832038356,FGSG_03122,5,uncharacterized protein,,0.0,0,0.0361079097278289,,0,0.19507042253521129
FGSG_07809,1,0.8134855499699691,0.8134855499699691,FGSG_09184,11,uncharacterized protein,,0.0,0,0.0030086905182285,,0,0.19507042253521129
FGSG_11983,1,0.8070374832038356,0.8070374832038356,FGSG_03122,5,uncharacterized protein,,0.0,0,0.0361079097278289,,0,0.19507042253521129
FGSG_03350,1,0.8070374832038355,0.8070374832038355,FGSG_03122,5,uncharacterized protein,GO:0006950;GO:0016021,0.0,0,0.0361079097278289,,0,0.19507042253521129
FGSG_03612,1,0.8070374832038355,0.8070374832038355,FGSG_03122,5,uncharacterized protein,GO:0016788,0.0,0,0.0388031646599576,,0,0.19507042253521129
FGSG_03615,1,0.8070374832038355,0.8070374832038355,FGSG_03122,5,uncharacterized protein,GO:0016614;GO:0055114,0.0,0,0.0361079097278289,,0,0.19507042253521129
FGSG_04742,1,0.807037483203832,0.807037483203832,FGSG_03122,5,uncharacterized protein,GO:0016021,0.0,0,0.0298887265583223,,0,0.19507042253521129
FGSG_05061,1,0.807037483203832,0.807037483203832,FGSG_03122,5,uncharacterized protein,,0.0,0,0.0298887265583223,,0,0.19507042253521129
FGSG_13733,1,0.8134855499699691,0.8134855499699691,FGSG_09184,11,uncharacterized protein,,0.0,0,0.0030086905182285,,0,0.19507042253521129
FGSG_13429,1,0.8134855499699691,0.8134855499699691,FGSG_09184,11,uncharacterized protein,GO:0016021,0.0,0,0.0030086905182285,,0,0.19507042253521129
FGSG_13226,1,0.8134855499699691,0.8134855499699691,FGSG_09184,11,uncharacterized protein,GO:0016021,0.0,0,0.0030086905182285,,0,0.19507042253521129
FGSG_12688,1,0.8134855499699691,0.8134855499699691,FGSG_09184,11,uncharacterized protein,,0.0,0,0.0032880098368874,,0,0.19507042253521129
FGSG_12478,1,0.8134855499699691,0.8134855499699691,FGSG_09184,11,uncharacterized protein,,0.0,0,0.0030086905182285,,0,0.19507042253521129
FGSG_12156,1,0.8134855499699691,0.8134855499699691,FGSG_09184,11,uncharacterized protein,GO:0000398;GO:0004519;GO:0005634;GO:0017069;GO:0090305,0.0,0,0.0030086905182285,,0,0.19507042253521129
FGSG_11711,1,0.8134855499699691,0.8134855499699691,FGSG_09184,11,uncharacterized protein,,0.0,0,0.0030086905182285,,0,0.19507042253521129
FGSG_11641,1,0.8134855499699691,0.8134855499699691,FGSG_09184,11,uncharacterized protein,,0.0,0,0.0030086905182285,,0,0.19507042253521129
FGSG_11579,1,0.8134855499699691,0.8134855499699691,FGSG_09184,11,uncharacterized protein,GO:0016020,0.0,0,0.0030086905182285,,0,0.19507042253521129
FGSG_11182,1,0.8134855499699691,0.8134855499699691,FGSG_09184,11,uncharacterized protein,GO:0016021;GO:0022891;GO:0055085,0.0,0,0.0030086905182285,,0,0.19507042253521129
FGSG_11040,1,0.8134855499699691,0.8134855499699691,FGSG_09184,11,glutathione S-transferase,GO:0016021;GO:0016740,0.0,0,0.0030086905182285,,0,0.19507042253521129
FGSG_10644,1,0.8134855499699691,0.8134855499699691,FGSG_09184,11,uncharacterized protein,GO:0003723;GO:0004540;GO:0090501,0.0,0,0.0030086905182285,,0,0.19507042253521129
FGSG_08837,1,0.8134855499699691,0.8134855499699691,FGSG_09184,11,uncharacterized protein,,0.0,0,0.0030086905182285,,0,0.19507042253521129
FGSG_08246,1,0.8134855499699691,0.8134855499699691,FGSG_09184,11,uncharacterized protein,GO:0046872,0.0,0,0.0030086905182285,,0,0.19507042253521129
FGSG_08245,1,0.8134855499699691,0.8134855499699691,FGSG_09184,11,uncharacterized protein,,0.0,0,0.0030086905182285,,0,0.19507042253521129
FGSG_08185,1,0.8134855499699691,0.8134855499699691,FGSG_09184,11,uncharacterized protein,GO:0008152;GO:0016747,0.0,0,0.0030086905182285,,0,0.19507042253521129
FGSG_08091,1,0.8134855499699691,0.8134855499699691,FGSG_09184,11,uncharacterized protein,GO:0004222;GO:0006508,0.0,0,0.0030086905182285,,0,0.19507042253521129
FGSG_20786,1,0.7994353363187758,0.7994353363187758,FGSG_04848,9,tRNA-Val,,0.0,0,0.0289207787463151,,0,0.19507042253521129
FGSG_02123,1,0.7994353363187756,0.7994353363187756,FGSG_04848,9,uncharacterized protein,GO:0016021;GO:0055085,0.0,0,0.0289207787463151,,0,0.19507042253521129
FGSG_08027,1,0.6950599928599289,0.6950599928599289,FGSG_10462,14,uncharacterized protein,GO:0005524;GO:0016021;GO:0042626;GO:0055085,0.0,0,-0.0346373408087654,,0,0.19507042253521129
FGSG_11975,1,0.7355389040356479,0.7355389040356479,FGSG_09127,8,uncharacterized protein,,0.0,0,-0.0407333679534153,,0,0.19507042253521129
FGSG_01740,1,0.7355389040356479,0.7355389040356479,FGSG_09127,8,uncharacterized protein,GO:0004497;GO:0005506;GO:0016021;GO:0016705;GO:0020037;GO:0055114,0.0,0,-0.0407333679534153,,0,0.19507042253521129
FGSG_02948,1,0.7355389040356479,0.7355389040356479,FGSG_09127,8,uncharacterized protein,GO:0016021,0.0,0,-0.0407333679534153,,0,0.19507042253521129
FGSG_07682,1,0.7355389040356479,0.7355389040356479,FGSG_09127,8,uncharacterized protein,GO:0016021;GO:0055085,0.0,0,-0.0407333679534153,,0,0.19507042253521129
FGSG_09191,1,0.7355389040356479,0.7355389040356479,FGSG_09127,8,uncharacterized protein,GO:0000324;GO:0005215;GO:0006821;GO:0016021,0.0,0,-0.0407333679534153,,0,0.19507042253521129
FGSG_09194,1,0.7355389040356479,0.7355389040356479,FGSG_09127,8,uncharacterized protein,,0.0,0,-0.0407333679534153,,0,0.19507042253521129
FGSG_10729,1,0.7355389040356479,0.7355389040356479,FGSG_09127,8,chitinase 1 precursor,GO:0004568;GO:0005975;GO:0006032;GO:0010997;GO:0050790;GO:0097027,0.0,0,-0.0407333679534153,,0,0.19507042253521129
FGSG_12847,1,0.7355389040356479,0.7355389040356479,FGSG_09127,8,uncharacterized protein,GO:0016021,0.0,0,-0.0407333679534153,,0,0.19507042253521129
FGSG_12763,1,0.7450841076429445,0.7450841076429445,FGSG_02447,7,uncharacterized protein,,0.0,0,0.0349287179923265,,0,0.19507042253521129
FGSG_20575,1,0.7355389040356479,0.7355389040356479,FGSG_09127,8,tRNA-Thr,,0.0,0,-0.0407333679534153,,0,0.19507042253521129
FGSG_12412,1,0.7355389040356471,0.7355389040356471,FGSG_09127,8,uncharacterized protein,,0.0,0,-0.0443453204327703,,0,0.19507042253521129
FGSG_00937,1,0.7355389040356458,0.7355389040356458,FGSG_09127,8,uncharacterized protein,,0.0,0,-0.0330720766369034,,0,0.19507042253521129
FGSG_01400,1,0.7355389040356458,0.7355389040356458,FGSG_09127,8,uncharacterized protein,,0.0,0,-0.0330720766369034,,0,0.19507042253521129
FGSG_02394,1,0.7355389040356458,0.7355389040356458,FGSG_09127,8,uncharacterized protein,GO:0003824;GO:0008152;GO:0031177,0.0,0,-0.0330720766369034,,0,0.19507042253521129
FGSG_02674,1,0.7355389040356458,0.7355389040356458,FGSG_09127,8,uncharacterized protein,,0.0,0,-0.0330720766369034,,0,0.19507042253521129
FGSG_04789,1,0.735538904035648,0.735538904035648,FGSG_09127,8,uncharacterized protein,GO:0016491;GO:0050662;GO:0055114,0.0,0,-0.0407333679534153,,0,0.19507042253521129
FGSG_12408,1,0.7450841076429445,0.7450841076429445,FGSG_02447,7,uncharacterized protein,,0.0,0,0.0349287179923265,,0,0.19507042253521129
FGSG_03909,1,0.7355389040356458,0.7355389040356458,FGSG_09127,8,uncharacterized protein,GO:0005576;GO:0030570,0.0,0,-0.0330720766369034,,0,0.19507042253521129
FGSG_20038,1,0.7450841076429457,0.7450841076429457,FGSG_02447,7,5S ribosomal RNA,,0.0,0,0.028696112670426,,0,0.19507042253521129
FGSG_12287,1,0.7450841076429457,0.7450841076429457,FGSG_02447,7,uncharacterized protein,GO:0016021,0.0,0,0.028696112670426,,0,0.19507042253521129
FGSG_12293,1,0.7450841076429457,0.7450841076429457,FGSG_02447,7,uncharacterized protein,,0.0,0,0.028696112670426,,0,0.19507042253521129
FGSG_12876,1,0.7450841076429457,0.7450841076429457,FGSG_02447,7,uncharacterized protein,,0.0,0,0.028696112670426,,0,0.19507042253521129
FGSG_13065,1,0.7450841076429457,0.7450841076429457,FGSG_02447,7,uncharacterized protein,,0.0,0,0.028696112670426,,0,0.19507042253521129
FGSG_13096,1,0.7450841076429457,0.7450841076429457,FGSG_02447,7,uncharacterized protein,,0.0,0,0.028696112670426,,0,0.19507042253521129
FGSG_13814,1,0.7450841076429457,0.7450841076429457,FGSG_02447,7,uncharacterized protein,,0.0,0,0.028696112670426,,0,0.19507042253521129
FGSG_20054,1,0.7450841076429457,0.7450841076429457,FGSG_02447,7,18S ribosomal RNA,,0.0,0,0.028696112670426,,0,0.19507042253521129
FGSG_12011,1,0.7450841076429445,0.7450841076429445,FGSG_02447,7,uncharacterized protein,GO:0016021,0.0,0,0.0349287179923265,,0,0.19507042253521129
FGSG_11584,1,0.7450841076429456,0.7450841076429456,FGSG_02447,7,uncharacterized protein,GO:0003824;GO:0005524;GO:0009116,0.0,0,0.028696112670426,,0,0.19507042253521129
FGSG_11668,1,0.7450841076429456,0.7450841076429456,FGSG_02447,7,uncharacterized protein,,0.0,0,0.028696112670426,,0,0.19507042253521129
FGSG_02568,1,0.7450841076429454,0.7450841076429454,FGSG_02447,7,uncharacterized protein,,0.0,0,0.0395423243124056,,0,0.19507042253521129
FGSG_09143,1,0.7450841076429447,0.7450841076429447,FGSG_02447,7,uncharacterized protein,,0.0,0,0.0379081848573048,,0,0.19507042253521129
FGSG_06488,1,0.7450841076429446,0.7450841076429446,FGSG_02447,7,uncharacterized protein,,0.0,0,0.0379081848573048,,0,0.19507042253521129
FGSG_08183,1,0.7450841076429445,0.7450841076429445,FGSG_02447,7,uncharacterized protein,GO:0004497;GO:0005506;GO:0016021;GO:0016705;GO:0020037;GO:0055114,0.0,0,0.0349287179923265,,0,0.19507042253521129
FGSG_03887,1,0.7355389040356458,0.7355389040356458,FGSG_09127,8,uncharacterized protein,GO:0006508;GO:0008236;GO:0016021;GO:0055085,0.0,0,-0.0330720766369034,,0,0.19507042253521129
FGSG_04331,1,0.7355389040356458,0.7355389040356458,FGSG_09127,8,uncharacterized protein,,0.0,0,-0.0330720766369034,,0,0.19507042253521129
FGSG_02841,1,0.7994353363187754,0.7994353363187754,FGSG_04848,9,uncharacterized protein,,0.0,0,0.0351967125150017,,0,0.19507042253521129
FGSG_08353,1,0.6950599928599299,0.6950599928599299,FGSG_10462,14,uncharacterized protein,,0.0,0,-0.0421770773072932,,0,0.19507042253521129
FGSG_11817,1,0.7355389040356456,0.7355389040356456,FGSG_09127,8,uncharacterized protein,,0.0,0,-0.0330720766369034,,0,0.19507042253521129
FGSG_12015,1,0.7355389040356456,0.7355389040356456,FGSG_09127,8,uncharacterized protein,,0.0,0,-0.0330720766369034,,0,0.19507042253521129
FGSG_12535,1,0.7355389040356456,0.7355389040356456,FGSG_09127,8,uncharacterized protein,,0.0,0,-0.0330720766369034,,0,0.19507042253521129
FGSG_20625,1,0.7355389040356456,0.7355389040356456,FGSG_09127,8,tRNA-Asn,,0.0,0,-0.0330720766369034,,0,0.19507042253521129
FGSG_20782,1,0.7355389040356456,0.7355389040356456,FGSG_09127,8,tRNA-Gly,,0.0,0,-0.0330720766369034,,0,0.19507042253521129
FGSG_07668,1,0.6950599928599299,0.6950599928599299,FGSG_10462,14,uncharacterized protein,GO:0004181;GO:0006508;GO:0008270,0.0,0,-0.0421770773072932,,0,0.19507042253521129
FGSG_20507,1,0.6950599928599299,0.6950599928599299,FGSG_10462,14,tRNA-Ile,,0.0,0,-0.0421770773072932,,0,0.19507042253521129
FGSG_11714,1,0.7355389040356456,0.7355389040356456,FGSG_09127,8,uncharacterized protein,GO:0003854;GO:0006694;GO:0055114,0.0,0,-0.0330720766369034,,0,0.19507042253521129
FGSG_00944,1,0.6950599928599291,0.6950599928599291,FGSG_10462,14,uncharacterized protein,,0.0,0,-0.0346373408087654,,0,0.19507042253521129
FGSG_11885,1,0.6950599928599291,0.6950599928599291,FGSG_10462,14,uncharacterized protein,,0.0,0,-0.0346373408087654,,0,0.19507042253521129
FGSG_01789,1,0.6950599928599289,0.6950599928599289,FGSG_10462,14,uncharacterized protein,GO:0004181;GO:0006508;GO:0008270;GO:0016021;GO:0016491;GO:0055114,0.0,0,-0.0346373408087654,,0,0.19507042253521129
FGSG_04614,1,0.6950599928599289,0.6950599928599289,FGSG_10462,14,uncharacterized protein,,0.0,0,-0.0346373408087654,,0,0.19507042253521129
FGSG_05118,1,0.6950599928599289,0.6950599928599289,FGSG_10462,14,uncharacterized protein,,0.0,0,-0.0346373408087654,,0,0.19507042253521129
FGSG_07981,1,0.6950599928599289,0.6950599928599289,FGSG_10462,14,uncharacterized protein,,0.0,0,-0.0346373408087654,,0,0.19507042253521129
FGSG_11751,1,0.7355389040356456,0.7355389040356456,FGSG_09127,8,uncharacterized protein,,0.0,0,-0.0330720766369034,,0,0.19507042253521129
FGSG_11031,1,0.7355389040356456,0.7355389040356456,FGSG_09127,8,uncharacterized protein,,0.0,0,-0.0330720766369034,,0,0.19507042253521129
FGSG_04753,1,0.7355389040356458,0.7355389040356458,FGSG_09127,8,uncharacterized protein,,0.0,0,-0.0330720766369034,,0,0.19507042253521129
FGSG_20579,1,0.7355389040356458,0.7355389040356458,FGSG_09127,8,tRNA-Phe,,0.0,0,-0.0330720766369034,,0,0.19507042253521129
FGSG_07818,1,0.7355389040356458,0.7355389040356458,FGSG_09127,8,uncharacterized protein,GO:0016021,0.0,0,-0.0330720766369034,,0,0.19507042253521129
FGSG_13325,1,0.7355389040356458,0.7355389040356458,FGSG_09127,8,uncharacterized protein,,0.0,0,-0.0330720766369034,,0,0.19507042253521129
FGSG_13406,1,0.7355389040356458,0.7355389040356458,FGSG_09127,8,uncharacterized protein,,0.0,0,-0.0330720766369034,,0,0.19507042253521129
FGSG_13684,1,0.7355389040356458,0.7355389040356458,FGSG_09127,8,uncharacterized protein,,0.0,0,-0.0330720766369034,,0,0.19507042253521129
FGSG_20028,1,0.7355389040356458,0.7355389040356458,FGSG_09127,8,5S ribosomal RNA,,0.0,0,-0.0330720766369034,,0,0.19507042253521129
FGSG_20519,1,0.7355389040356458,0.7355389040356458,FGSG_09127,8,tRNA-Thr,,0.0,0,-0.0330720766369034,,0,0.19507042253521129
FGSG_20643,1,0.7355389040356458,0.7355389040356458,FGSG_09127,8,tRNA-Val,,0.0,0,-0.0330720766369034,,0,0.19507042253521129
FGSG_11028,1,0.7355389040356456,0.7355389040356456,FGSG_09127,8,uncharacterized protein,GO:0005524;GO:0016021;GO:0042626;GO:0055085,0.0,0,-0.0330720766369034,,0,0.19507042253521129
FGSG_06457,1,0.7355389040356457,0.7355389040356457,FGSG_09127,8,uncharacterized protein,GO:0003824;GO:0008152,0.0,0,-0.0330720766369034,,0,0.19507042253521129
FGSG_12959,1,0.7355389040356457,0.7355389040356457,FGSG_09127,8,uncharacterized protein,,0.0,0,-0.0330720766369034,,0,0.19507042253521129
FGSG_20662,1,0.7355389040356457,0.7355389040356457,FGSG_09127,8,tRNA-Arg,,0.0,0,-0.0330720766369034,,0,0.19507042253521129
FGSG_20796,1,0.7355389040356457,0.7355389040356457,FGSG_09127,8,tRNA-Leu,,0.0,0,-0.0330720766369034,,0,0.19507042253521129
FGSG_03429,1,0.7355389040356456,0.7355389040356456,FGSG_09127,8,uncharacterized protein,GO:0016021;GO:0055085,0.0,0,-0.0330720766369034,,0,0.19507042253521129
FGSG_05340,1,0.7355389040356456,0.7355389040356456,FGSG_09127,8,uncharacterized protein,GO:0016021,0.0,0,-0.0330720766369034,,0,0.19507042253521129
FGSG_12074,1,0.7450841076429457,0.7450841076429457,FGSG_02447,7,uncharacterized protein,,0.0,0,0.028696112670426,,0,0.19507042253521129
FGSG_11727,1,0.7450841076429457,0.7450841076429457,FGSG_02447,7,uncharacterized protein,GO:0005524,0.0,0,0.028696112670426,,0,0.19507042253521129
FGSG_11538,1,0.7450841076429457,0.7450841076429457,FGSG_02447,7,uncharacterized protein,GO:0016021,0.0,0,0.028696112670426,,0,0.19507042253521129
FGSG_11333,1,0.7756761452660279,0.7756761452660279,FGSG_14010,6,uncharacterized protein,,0.0,0,0.0030979498926141,,0,0.19507042253521129
FGSG_06431,1,0.7756761452660279,0.7756761452660279,FGSG_14010,6,uncharacterized protein,,0.0,0,0.0030979498926141,,0,0.19507042253521129
FGSG_07692,1,0.7756761452660279,0.7756761452660279,FGSG_14010,6,glucosamine-6-phosphate isomerase,GO:0004342;GO:0005975;GO:0006044;GO:0016787,0.0,0,0.0030979498926141,,0,0.19507042253521129
FGSG_07797,1,0.7756761452660279,0.7756761452660279,FGSG_14010,6,uncharacterized protein,GO:0016746;GO:0016787,0.0,0,0.0030979498926141,,0,0.19507042253521129
FGSG_10330,1,0.7756761452660279,0.7756761452660279,FGSG_14010,6,uncharacterized protein,GO:0016021;GO:0016491;GO:0055114;GO:0071949,0.0,0,0.0030979498926141,,0,0.19507042253521129
FGSG_10710,1,0.7756761452660279,0.7756761452660279,FGSG_14010,6,uncharacterized protein,,0.0,0,0.0030979498926141,,0,0.19507042253521129
FGSG_11302,1,0.7756761452660279,0.7756761452660279,FGSG_14010,6,uncharacterized protein,GO:0016021,0.0,0,0.0030979498926141,,0,0.19507042253521129
FGSG_11340,1,0.7756761452660279,0.7756761452660279,FGSG_14010,6,uncharacterized protein,GO:0016021;GO:0055085,0.0,0,0.0030979498926141,,0,0.19507042253521129
FGSG_04870,1,0.7756761452660279,0.7756761452660279,FGSG_14010,6,uncharacterized protein,GO:0016021,0.0,0,0.0030979498926141,,0,0.19507042253521129
FGSG_11351,1,0.7756761452660279,0.7756761452660279,FGSG_14010,6,uncharacterized protein,GO:0016021,0.0,0,0.0030979498926141,,0,0.19507042253521129
FGSG_11450,1,0.7756761452660279,0.7756761452660279,FGSG_14010,6,uncharacterized protein,GO:0004497;GO:0046872;GO:0055114,0.0,0,0.0030979498926141,,0,0.19507042253521129
FGSG_11874,1,0.7756761452660279,0.7756761452660279,FGSG_14010,6,uncharacterized protein,GO:0016021,0.0,0,0.0030979498926141,,0,0.19507042253521129
FGSG_12486,1,0.7756761452660279,0.7756761452660279,FGSG_14010,6,uncharacterized protein,,0.0,0,0.0030979498926141,,0,0.19507042253521129
FGSG_13354,1,0.7756761452660279,0.7756761452660279,FGSG_14010,6,uncharacterized protein,,0.0,0,0.0030979498926141,,0,0.19507042253521129
FGSG_13597,1,0.7756761452660279,0.7756761452660279,FGSG_14010,6,uncharacterized protein,GO:0016021,0.0,0,0.0030979498926141,,0,0.19507042253521129
FGSG_04942,1,0.7756761452660279,0.7756761452660279,FGSG_14010,6,uncharacterized protein,,0.0,0,0.0030979498926141,,0,0.19507042253521129
FGSG_03421,1,0.7756761452660279,0.7756761452660279,FGSG_14010,6,uncharacterized protein,,0.0,0,0.0030979498926141,,0,0.19507042253521129
FGSG_11037,1,0.7450841076429457,0.7450841076429457,FGSG_02447,7,endoglucanase-1 precursor,GO:0000272;GO:0008810,0.0,0,0.028696112670426,,0,0.19507042253521129
FGSG_10692,1,0.7756761452660282,0.7756761452660282,FGSG_14010,6,uncharacterized protein,GO:0004622;GO:0009395,0.0,0,0.0032969154554146,,0,0.19507042253521129
FGSG_08247,1,0.7994353363187753,0.7994353363187753,FGSG_04848,9,uncharacterized protein,GO:0016021,0.0,0,0.0351967125150017,,0,0.19507042253521129
FGSG_11248,1,0.7994353363187753,0.7994353363187753,FGSG_04848,9,uncharacterized protein,GO:0006950;GO:0016021,0.0,0,0.0351967125150017,,0,0.19507042253521129
FGSG_11304,1,0.7994353363187753,0.7994353363187753,FGSG_04848,9,"endo-1,4-beta-xylanase",GO:0005576;GO:0008810;GO:0009405;GO:0030245;GO:0030248;GO:0031176;GO:0045493,0.0,0,0.0351967125150017,,0,0.19507042253521129
FGSG_11911,1,0.7994353363187753,0.7994353363187753,FGSG_04848,9,uncharacterized protein,,0.0,0,0.0396778353026505,,0,0.19507042253521129
FGSG_05883,1,0.7756761452660282,0.7756761452660282,FGSG_14010,6,uncharacterized protein,GO:0010181;GO:0016491;GO:0055114,0.0,0,0.0032969154554146,,0,0.19507042253521129
FGSG_06132,1,0.7756761452660282,0.7756761452660282,FGSG_14010,6,uncharacterized protein,,0.0,0,0.0032969154554146,,0,0.19507042253521129
FGSG_20753,1,0.7756761452660282,0.7756761452660282,FGSG_14010,6,tRNA-Glu,,0.0,0,0.0032969154554146,,0,0.19507042253521129
FGSG_01815,1,0.7756761452660279,0.7756761452660279,FGSG_14010,6,uncharacterized protein,GO:0000981;GO:0005634;GO:0006357;GO:0008270,0.0,0,0.0030979498926141,,0,0.19507042253521129
FGSG_06461,1,0.775676145266028,0.775676145266028,FGSG_14010,6,uncharacterized protein,GO:0003677;GO:0005634;GO:0006351;GO:0008270;GO:0016021;GO:0055085,0.0,0,0.0030979498926141,,0,0.19507042253521129
FGSG_06470,1,0.775676145266028,0.775676145266028,FGSG_14010,6,uncharacterized protein,GO:0016021,0.0,0,0.0030979498926141,,0,0.19507042253521129
FGSG_08098,1,0.775676145266028,0.775676145266028,FGSG_14010,6,uncharacterized protein,GO:0016020,0.0,0,0.0030979498926141,,0,0.19507042253521129
FGSG_12201,1,0.775676145266028,0.775676145266028,FGSG_14010,6,uncharacterized protein,,0.0,0,0.0030979498926141,,0,0.19507042253521129
FGSG_12208,1,0.775676145266028,0.775676145266028,FGSG_14010,6,uncharacterized protein,GO:0004568;GO:0005975;GO:0006032;GO:0008061;GO:0016021,0.0,0,0.0030979498926141,,0,0.19507042253521129
FGSG_01775,1,0.7756761452660279,0.7756761452660279,FGSG_14010,6,uncharacterized protein,GO:0004672;GO:0005524;GO:0006468;GO:0016020,0.0,0,0.0030979498926141,,0,0.19507042253521129
FGSG_13721,1,0.7756761452660279,0.7756761452660279,FGSG_14010,6,uncharacterized protein,,0.0,0,0.0030979498926141,,0,0.19507042253521129
FGSG_20527,1,0.7756761452660279,0.7756761452660279,FGSG_14010,6,tRNA-Ala,,0.0,0,0.0030979498926141,,0,0.19507042253521129
FGSG_20729,1,0.7756761452660279,0.7756761452660279,FGSG_14010,6,tRNA-Gly,,0.0,0,0.0030979498926141,,0,0.19507042253521129
FGSG_05866,1,0.7450841076429457,0.7450841076429457,FGSG_02447,7,uncharacterized protein,GO:0004674;GO:0005524;GO:0006468,0.0,0,0.028696112670426,,0,0.19507042253521129
FGSG_01074,1,0.7450841076429457,0.7450841076429457,FGSG_02447,7,uncharacterized protein,,0.0,0,0.028696112670426,,0,0.19507042253521129
FGSG_02370,1,0.7450841076429457,0.7450841076429457,FGSG_02447,7,uncharacterized protein,GO:0016491;GO:0055114;GO:0071949,0.0,0,0.028696112670426,,0,0.19507042253521129
FGSG_02853,1,0.7450841076429457,0.7450841076429457,FGSG_02447,7,uncharacterized protein,GO:0016021,0.0,0,0.028696112670426,,0,0.19507042253521129
FGSG_02988,1,0.7450841076429457,0.7450841076429457,FGSG_02447,7,uncharacterized protein,,0.0,0,0.028696112670426,,0,0.19507042253521129
FGSG_03047,1,0.7450841076429457,0.7450841076429457,FGSG_02447,7,uncharacterized protein,GO:0016021,0.0,0,0.028696112670426,,0,0.19507042253521129
FGSG_05115,1,0.7450841076429457,0.7450841076429457,FGSG_02447,7,uncharacterized protein,,0.0,0,0.028696112670426,,0,0.19507042253521129
FGSG_06559,1,0.7450841076429457,0.7450841076429457,FGSG_02447,7,uncharacterized protein,,0.0,0,0.028696112670426,,0,0.19507042253521129
FGSG_01302,1,0.7756761452660277,0.7756761452660277,FGSG_14010,6,uncharacterized protein,GO:0016021;GO:0055085,0.0,0,0.0030979498926141,,0,0.19507042253521129
FGSG_07717,1,0.7450841076429457,0.7450841076429457,FGSG_02447,7,uncharacterized protein,,0.0,0,0.028696112670426,,0,0.19507042253521129
FGSG_08033,1,0.7450841076429457,0.7450841076429457,FGSG_02447,7,uncharacterized protein,,0.0,0,0.028696112670426,,0,0.19507042253521129
FGSG_08073,1,0.7450841076429457,0.7450841076429457,FGSG_02447,7,uncharacterized protein,GO:0016021,0.0,0,0.028696112670426,,0,0.19507042253521129
FGSG_08100,1,0.7450841076429457,0.7450841076429457,FGSG_02447,7,uncharacterized protein,GO:0016021,0.0,0,0.028696112670426,,0,0.19507042253521129
FGSG_09133,1,0.7450841076429457,0.7450841076429457,FGSG_02447,7,uncharacterized protein,,0.0,0,0.028696112670426,,0,0.19507042253521129
FGSG_10641,1,0.7450841076429457,0.7450841076429457,FGSG_02447,7,uncharacterized protein,GO:0003824;GO:0008152,0.0,0,0.028696112670426,,0,0.19507042253521129
FGSG_00344,1,0.7450841076429457,0.7450841076429457,FGSG_02447,7,uncharacterized protein,GO:0016021,0.0,0,0.028696112670426,,0,0.19507042253521129
FGSG_00216,1,0.7450841076429457,0.7450841076429457,FGSG_02447,7,uncharacterized protein,,0.0,0,0.028696112670426,,0,0.19507042253521129
FGSG_00208,1,0.7450841076429457,0.7450841076429457,FGSG_02447,7,uncharacterized protein,GO:0004622;GO:0005789;GO:0016042,0.0,0,0.028696112670426,,0,0.19507042253521129
FGSG_11514,1,0.7450841076429459,0.7450841076429459,FGSG_02447,7,uncharacterized protein,,0.0,0,0.028696112670426,,0,0.19507042253521129
FGSG_04787,1,0.7450841076429459,0.7450841076429459,FGSG_02447,7,uncharacterized protein,,0.0,0,0.028696112670426,,0,0.19507042253521129
FGSG_20538,1,0.7756761452660277,0.7756761452660277,FGSG_14010,6,tRNA-Ser,,0.0,0,0.0030979498926141,,0,0.19507042253521129
FGSG_13915,1,0.7756761452660277,0.7756761452660277,FGSG_14010,6,uncharacterized protein,,0.0,0,0.0030979498926141,,0,0.19507042253521129
FGSG_12526,1,0.7756761452660277,0.7756761452660277,FGSG_14010,6,uncharacterized protein,,0.0,0,0.0030979498926141,,0,0.19507042253521129
FGSG_12050,1,0.7756761452660277,0.7756761452660277,FGSG_14010,6,uncharacterized protein,,0.0,0,0.0030979498926141,,0,0.19507042253521129
FGSG_11000,1,0.7756761452660277,0.7756761452660277,FGSG_14010,6,uncharacterized protein,,0.0,0,0.0030979498926141,,0,0.19507042253521129
FGSG_10930,1,0.7756761452660277,0.7756761452660277,FGSG_14010,6,uncharacterized protein,GO:0016021,0.0,0,0.0030979498926141,,0,0.19507042253521129
FGSG_10774,1,0.7756761452660277,0.7756761452660277,FGSG_14010,6,uncharacterized protein,,0.0,0,0.0030979498926141,,0,0.19507042253521129
FGSG_03131,1,0.7756761452660277,0.7756761452660277,FGSG_14010,6,uncharacterized protein,GO:0016829,0.0,0,0.0030979498926141,,0,0.19507042253521129
FGSG_02436,1,0.7756761452660277,0.7756761452660277,FGSG_14010,6,uncharacterized protein,,0.0,0,0.0030979498926141,,0,0.19507042253521129
FGSG_02382,1,0.7756761452660277,0.7756761452660277,FGSG_14010,6,uncharacterized protein,GO:0016021;GO:0055085,0.0,0,0.0030979498926141,,0,0.19507042253521129
FGSG_02303,1,0.7756761452660277,0.7756761452660277,FGSG_14010,6,uncharacterized protein,GO:0008152;GO:0016874,0.0,0,0.0030979498926141,,0,0.19507042253521129
FGSG_02241,1,0.7756761452660277,0.7756761452660277,FGSG_14010,6,uncharacterized protein,,0.0,0,0.0030979498926141,,0,0.19507042253521129
FGSG_04879,1,0.4000304848053085,0.4000304848053085,FGSG_03532,2,uncharacterized protein,GO:0003333;GO:0015171;GO:0016021,0.0,0,0.0648876214571367,0.854250536940006,0,0.19507042253521129
