gene_id,module
FGSG_11579,11
FGSG_11580,2
FGSG_11581,2
FGSG_14022,1
FGSG_14023,2
FGSG_11584,7
FGSG_11585,1
FGSG_14029,2
FGSG_14030,2
FGSG_11641,11
FGSG_11605,14
FGSG_11642,4
FGSG_11600,2
FGSG_11644,7
FGSG_00003,0
FGSG_00004,2
FGSG_00005,2
FGSG_00006,2
FGSG_00007,2
FGSG_11645,2
FGSG_00010,15
FGSG_00011,2
FGSG_00012,2
FGSG_00013,5
FGSG_11648,1
FGSG_11649,2
FGSG_00014,8
FGSG_00015,4
FGSG_00017,1
FGSG_00018,1
FGSG_00019,2
FGSG_00021,2
FGSG_11651,2
FGSG_11652,8
FGSG_00023,2
FGSG_00024,2
FGSG_00025,1
FGSG_00026,1
FGSG_00027,1
FGSG_00028,4
FGSG_00029,2
FGSG_00030,4
FGSG_00032,2
FGSG_00033,2
FGSG_11653,1
FGSG_11654,4
FGSG_00036,1
FGSG_11655,1
FGSG_11656,1
FGSG_00038,1
FGSG_00039,4
FGSG_00040,2
FGSG_11657,1
FGSG_11658,1
FGSG_11659,1
FGSG_11660,1
FGSG_00043,1
FGSG_00044,1
FGSG_00045,4
FGSG_00046,4
FGSG_00047,1
FGSG_00048,1
FGSG_00049,1
FGSG_11661,1
FGSG_00050,1
FGSG_00051,2
FGSG_00052,1
FGSG_00053,2
FGSG_00054,2
FGSG_00055,2
FGSG_11662,4
FGSG_11663,3
FGSG_11664,9
FGSG_11665,2
FGSG_00058,2
FGSG_00059,1
FGSG_00060,2
FGSG_00061,2
FGSG_00062,1
FGSG_00064,2
FGSG_11668,7
FGSG_00065,4
FGSG_00066,1
FGSG_00067,1
FGSG_00068,2
FGSG_00069,2
FGSG_00070,2
FGSG_00071,2
FGSG_00072,2
FGSG_00075,2
FGSG_00076,2
FGSG_00077,2
FGSG_00078,1
FGSG_00079,5
FGSG_00080,2
FGSG_00081,2
FGSG_00082,1
FGSG_00083,1
FGSG_00084,1
FGSG_00085,1
FGSG_11669,1
FGSG_11670,1
FGSG_11672,0
FGSG_00091,1
FGSG_11673,1
FGSG_00092,2
FGSG_00093,2
FGSG_00095,2
FGSG_00096,0
FGSG_00097,1
FGSG_11675,0
FGSG_00099,2
FGSG_00100,4
FGSG_00101,1
FGSG_00102,2
FGSG_00103,1
FGSG_11676,2
FGSG_11677,4
FGSG_00107,2
FGSG_00108,1
FGSG_00109,1
FGSG_00110,2
FGSG_00115,2
FGSG_00116,2
FGSG_00117,1
FGSG_00125,2
FGSG_00126,2
FGSG_00127,1
FGSG_00128,10
FGSG_00129,1
FGSG_00130,0
FGSG_00132,2
FGSG_11680,11
FGSG_11681,8
FGSG_00136,1
FGSG_00137,2
FGSG_00138,2
FGSG_00139,2
FGSG_00140,2
FGSG_00142,1
FGSG_00144,2
FGSG_00145,1
FGSG_11683,2
FGSG_11684,2
FGSG_00147,2
FGSG_00148,2
FGSG_11685,15
FGSG_11686,2
FGSG_00150,1
FGSG_11687,1
FGSG_00152,1
FGSG_00153,2
FGSG_11690,2
FGSG_00160,1
FGSG_00161,4
FGSG_00162,1
FGSG_00163,2
FGSG_11692,2
FGSG_00165,2
FGSG_00166,2
FGSG_11694,4
FGSG_11695,2
FGSG_00168,1
FGSG_00169,1
FGSG_00170,1
FGSG_00171,1
FGSG_11696,1
FGSG_00172,2
FGSG_00173,2
FGSG_00174,1
FGSG_00175,1
FGSG_00176,1
FGSG_00177,4
FGSG_11697,1
FGSG_11698,1
FGSG_20500,1
FGSG_20501,1
FGSG_11699,1
FGSG_00179,1
FGSG_00180,2
FGSG_11700,2
FGSG_00181,7
FGSG_00182,2
FGSG_00183,2
FGSG_00184,2
FGSG_00185,1
FGSG_00186,1
FGSG_11701,0
FGSG_11702,2
FGSG_00188,1
FGSG_00189,2
FGSG_00190,1
FGSG_11703,1
FGSG_11704,6
FGSG_00192,2
FGSG_00193,2
FGSG_00194,1
FGSG_00195,2
FGSG_00196,2
FGSG_00197,1
FGSG_00198,2
FGSG_00199,2
FGSG_00200,2
FGSG_00201,2
FGSG_11705,2
FGSG_11706,1
FGSG_11707,2
FGSG_11708,2
FGSG_11709,2
FGSG_00205,2
FGSG_00206,3
FGSG_00207,2
FGSG_00208,7
FGSG_11711,11
FGSG_00209,2
FGSG_00212,2
FGSG_00213,0
FGSG_00214,2
FGSG_00215,0
FGSG_00216,7
FGSG_00217,2
FGSG_00218,1
FGSG_00219,4
FGSG_00220,1
FGSG_00221,2
FGSG_00222,2
FGSG_11713,0
FGSG_11714,8
FGSG_00224,1
FGSG_00225,2
FGSG_00226,1
FGSG_00227,1
FGSG_11716,2
FGSG_00229,2
FGSG_00230,1
FGSG_00231,1
FGSG_00232,2
FGSG_11719,2
FGSG_00233,2
FGSG_00234,1
FGSG_00235,2
FGSG_00236,2
FGSG_00237,1
FGSG_11720,2
FGSG_11721,2
FGSG_11722,2
FGSG_11723,1
FGSG_00239,1
FGSG_11724,2
FGSG_00240,1
FGSG_11725,2
FGSG_11726,5
FGSG_11727,7
FGSG_00242,13
FGSG_11728,11
FGSG_00243,1
FGSG_11729,1
FGSG_20502,1
FGSG_11730,10
FGSG_11731,2
FGSG_00245,2
FGSG_00246,2
FGSG_00247,1
FGSG_11732,0
FGSG_00248,3
FGSG_00249,1
FGSG_11733,3
FGSG_11734,1
FGSG_00251,2
FGSG_00252,2
FGSG_00254,8
FGSG_00255,2
FGSG_00256,2
FGSG_00257,2
FGSG_00258,1
FGSG_00259,2
FGSG_00260,1
FGSG_00261,1
FGSG_00262,2
FGSG_00263,1
FGSG_00264,1
FGSG_00265,1
FGSG_00266,2
FGSG_00267,2
FGSG_00268,3
FGSG_11736,1
FGSG_00269,2
FGSG_00270,3
FGSG_11737,1
FGSG_11738,10
FGSG_00271,2
FGSG_00272,1
FGSG_00273,2
FGSG_11739,1
FGSG_00274,0
FGSG_00275,3
FGSG_00276,1
FGSG_00277,1
FGSG_00278,1
FGSG_00279,1
FGSG_11740,0
FGSG_20503,8
FGSG_00280,2
FGSG_00281,2
FGSG_00282,1
FGSG_00283,2
FGSG_00284,1
FGSG_20504,1
FGSG_00285,1
FGSG_11741,3
FGSG_00286,2
FGSG_00287,1
FGSG_00288,3
FGSG_00289,2
FGSG_11742,1
FGSG_11743,3
FGSG_00291,2
FGSG_00292,3
FGSG_00293,2
FGSG_00294,1
FGSG_00295,2
FGSG_00296,1
FGSG_00297,3
FGSG_00298,1
FGSG_00299,2
FGSG_00300,1
FGSG_00301,2
FGSG_00302,1
FGSG_00303,1
FGSG_00304,2
FGSG_00305,1
FGSG_00306,1
FGSG_00307,1
FGSG_00308,1
FGSG_00309,1
FGSG_00310,1
FGSG_00311,8
FGSG_00312,7
FGSG_00313,2
FGSG_11744,0
FGSG_00314,2
FGSG_00315,1
FGSG_00316,1
FGSG_00317,1
FGSG_00318,1
FGSG_00319,1
FGSG_00320,1
FGSG_00321,1
FGSG_00322,1
FGSG_00323,1
FGSG_00324,1
FGSG_00325,12
FGSG_00326,1
FGSG_00327,3
FGSG_00328,1
FGSG_00329,2
FGSG_00330,1
FGSG_11745,3
FGSG_00331,2
FGSG_00332,3
FGSG_00333,1
FGSG_00334,2
FGSG_00335,1
FGSG_00336,1
FGSG_00337,2
FGSG_00338,1
FGSG_11747,1
FGSG_00339,3
FGSG_00340,2
FGSG_11748,10
FGSG_11749,1
FGSG_11750,1
FGSG_11751,8
FGSG_11752,1
FGSG_00342,2
FGSG_00343,2
FGSG_00344,7
FGSG_00345,2
FGSG_11753,2
FGSG_00346,1
FGSG_00347,1
FGSG_00348,0
FGSG_00349,3
FGSG_00350,2
FGSG_00351,4
FGSG_00352,2
FGSG_00353,1
FGSG_00354,0
FGSG_00355,2
FGSG_11754,4
FGSG_11755,1
FGSG_00357,1
FGSG_00358,12
FGSG_00359,2
FGSG_00360,1
FGSG_00361,1
FGSG_11756,1
FGSG_00362,1
FGSG_00363,1
FGSG_00364,1
FGSG_00365,1
FGSG_11757,1
FGSG_00366,1
FGSG_00367,2
FGSG_00368,3
FGSG_11758,5
FGSG_11759,1
FGSG_00369,1
FGSG_00370,3
FGSG_00371,1
FGSG_20505,0
FGSG_00372,3
FGSG_00373,1
FGSG_00374,2
FGSG_00375,1
FGSG_00376,1
FGSG_00377,2
FGSG_00378,2
FGSG_00379,2
FGSG_00380,1
FGSG_00381,0
FGSG_00382,3
FGSG_00383,2
FGSG_00384,14
FGSG_00385,2
FGSG_00386,2
FGSG_00387,2
FGSG_00388,1
FGSG_00389,2
FGSG_00390,2
FGSG_00391,2
FGSG_00392,2
FGSG_00393,4
FGSG_00394,2
FGSG_00395,2
FGSG_00396,1
FGSG_00397,2
FGSG_00398,3
FGSG_00399,3
FGSG_11760,3
FGSG_00401,1
FGSG_00402,2
FGSG_00403,6
FGSG_00404,2
FGSG_11761,9
FGSG_00405,3
FGSG_00406,4
FGSG_00407,1
FGSG_11762,1
FGSG_11763,2
FGSG_11764,2
FGSG_00408,1
FGSG_00409,2
FGSG_00410,1
FGSG_00411,3
FGSG_00412,1
FGSG_00413,4
FGSG_00414,2
FGSG_00415,2
FGSG_00416,1
FGSG_00417,1
FGSG_00418,2
FGSG_00419,2
FGSG_00420,2
FGSG_00421,4
FGSG_00422,1
FGSG_00423,2
FGSG_11765,1
FGSG_00424,2
FGSG_00425,1
FGSG_00426,1
FGSG_00427,5
FGSG_00428,1
FGSG_00429,1
FGSG_00430,2
FGSG_00431,1
FGSG_00432,1
FGSG_00433,1
FGSG_00434,1
FGSG_11766,3
FGSG_00435,1
FGSG_00436,3
FGSG_00437,3
FGSG_11767,1
FGSG_00438,2
FGSG_00439,2
FGSG_00440,2
FGSG_00441,4
FGSG_00442,2
FGSG_00443,1
FGSG_00444,1
FGSG_00445,1
FGSG_00446,2
FGSG_00447,1
FGSG_00448,11
FGSG_00449,2
FGSG_00450,1
FGSG_00451,1
FGSG_00452,1
FGSG_00453,1
FGSG_00454,1
FGSG_00455,1
FGSG_00457,2
FGSG_00458,1
FGSG_00459,1
FGSG_00460,1
FGSG_00461,3
FGSG_00462,1
FGSG_00463,3
FGSG_11768,5
FGSG_00464,1
FGSG_00465,4
FGSG_00466,2
FGSG_00467,3
FGSG_00468,3
FGSG_00469,1
FGSG_11769,4
FGSG_00470,2
FGSG_00471,1
FGSG_00472,1
FGSG_11770,1
FGSG_00473,0
FGSG_11771,1
FGSG_00474,2
FGSG_00475,1
FGSG_00476,1
FGSG_00477,2
FGSG_00478,1
FGSG_00479,0
FGSG_20506,1
FGSG_00480,2
FGSG_00481,4
FGSG_00482,2
FGSG_00483,1
FGSG_20507,14
FGSG_00484,1
FGSG_00485,3
FGSG_00486,1
FGSG_00487,1
FGSG_00488,2
FGSG_00489,1
FGSG_00490,1
FGSG_00491,1
FGSG_00492,1
FGSG_11772,1
FGSG_00493,1
FGSG_00494,1
FGSG_00495,1
FGSG_00496,1
FGSG_11773,1
FGSG_00497,1
FGSG_00499,2
FGSG_00500,1
FGSG_00501,2
FGSG_00502,1
FGSG_00503,0
FGSG_00504,2
FGSG_00505,2
FGSG_00506,8
FGSG_00507,3
FGSG_00508,1
FGSG_00509,3
FGSG_00510,2
FGSG_00511,0
FGSG_00512,3
FGSG_00514,2
FGSG_00513,2
FGSG_00515,2
FGSG_11774,3
FGSG_11775,2
FGSG_00516,1
FGSG_00517,1
FGSG_00518,2
FGSG_00519,3
FGSG_00520,2
FGSG_00521,1
FGSG_00522,1
FGSG_00523,2
FGSG_00524,2
FGSG_00525,2
FGSG_00526,1
FGSG_00527,2
FGSG_11776,2
FGSG_11777,1
FGSG_00528,1
FGSG_00529,1
FGSG_00530,2
FGSG_00531,1
FGSG_11778,1
FGSG_00532,1
FGSG_00533,1
FGSG_00534,2
FGSG_00535,2
FGSG_00536,2
FGSG_00537,4
FGSG_00538,4
FGSG_00539,4
FGSG_00541,1
FGSG_00542,4
FGSG_00543,2
FGSG_00544,1
FGSG_00545,1
FGSG_11779,3
FGSG_00546,2
FGSG_11780,1
FGSG_11781,1
FGSG_00548,1
FGSG_00549,1
FGSG_00550,1
FGSG_00551,1
FGSG_00552,1
FGSG_00553,1
FGSG_00554,2
FGSG_00555,1
FGSG_00556,1
FGSG_00557,1
FGSG_20508,10
FGSG_00558,2
FGSG_00559,2
FGSG_00560,1
FGSG_00561,1
FGSG_00562,1
FGSG_00563,2
FGSG_00564,2
FGSG_11782,3
FGSG_00565,2
FGSG_00566,3
FGSG_00567,1
FGSG_00568,1
FGSG_00569,1
FGSG_00570,1
FGSG_11784,10
FGSG_00571,1
FGSG_00572,2
FGSG_11785,1
FGSG_00573,1
FGSG_00574,1
FGSG_11786,1
FGSG_11787,1
FGSG_00576,1
FGSG_00577,2
FGSG_00578,1
FGSG_00579,3
FGSG_00581,2
FGSG_00582,11
FGSG_00583,2
FGSG_00584,3
FGSG_00585,1
FGSG_00586,2
FGSG_11788,0
FGSG_11789,1
FGSG_00587,1
FGSG_00588,1
FGSG_00589,1
FGSG_00590,1
FGSG_00591,1
FGSG_00592,3
FGSG_00593,2
FGSG_00594,1
FGSG_00595,1
FGSG_11790,1
FGSG_00596,1
FGSG_00597,4
FGSG_00598,4
FGSG_00599,3
FGSG_00600,1
FGSG_00601,1
FGSG_00602,2
FGSG_00603,1
FGSG_00604,1
FGSG_11791,1
FGSG_11792,3
FGSG_00605,1
FGSG_00606,1
FGSG_00607,2
FGSG_00608,2
FGSG_00609,1
FGSG_00610,4
FGSG_11793,2
FGSG_00611,1
FGSG_00612,4
FGSG_00613,1
FGSG_00614,2
FGSG_00615,3
FGSG_20509,1
FGSG_00616,2
FGSG_00617,2
FGSG_00618,2
FGSG_00619,4
FGSG_00620,1
FGSG_00621,2
FGSG_00622,1
FGSG_00623,2
FGSG_00624,1
FGSG_00625,2
FGSG_00626,1
FGSG_00627,3
FGSG_00628,2
FGSG_00629,1
FGSG_00630,5
FGSG_00631,2
FGSG_11794,2
FGSG_11795,2
FGSG_00633,1
FGSG_00634,1
FGSG_00635,2
FGSG_00636,1
FGSG_00637,4
FGSG_00638,1
FGSG_00639,2
FGSG_00640,2
FGSG_00641,1
FGSG_00642,3
FGSG_00643,3
FGSG_00644,1
FGSG_00645,2
FGSG_00646,1
FGSG_00647,2
FGSG_00648,7
FGSG_00649,1
FGSG_11796,3
FGSG_11797,2
FGSG_00652,2
FGSG_00653,2
FGSG_00654,1
FGSG_11798,1
FGSG_00655,2
FGSG_00656,1
FGSG_00657,2
FGSG_00658,1
FGSG_00659,2
FGSG_00660,2
FGSG_00661,0
FGSG_11799,3
FGSG_11800,3
FGSG_11801,9
FGSG_00663,1
FGSG_00664,1
FGSG_00665,1
FGSG_00666,1
FGSG_00667,3
FGSG_00668,13
FGSG_11802,1
FGSG_00669,2
FGSG_20510,7
FGSG_00670,1
FGSG_00671,2
FGSG_00672,2
FGSG_00674,5
FGSG_00675,2
FGSG_11803,2
FGSG_00677,4
FGSG_00678,2
FGSG_11805,1
FGSG_11806,1
FGSG_00680,2
FGSG_00681,2
FGSG_00682,3
FGSG_00683,1
FGSG_00684,2
FGSG_00685,2
FGSG_00686,1
FGSG_00687,1
FGSG_11808,1
FGSG_00688,1
FGSG_00689,1
FGSG_00690,2
FGSG_00691,3
FGSG_00692,2
FGSG_11809,8
FGSG_00693,1
FGSG_00694,2
FGSG_00695,3
FGSG_00696,1
FGSG_00697,2
FGSG_11810,1
FGSG_00698,1
FGSG_11811,11
FGSG_11812,3
FGSG_00700,1
FGSG_00701,1
FGSG_00702,2
FGSG_00703,2
FGSG_00704,1
FGSG_00705,2
FGSG_00706,1
FGSG_00707,2
FGSG_00708,2
FGSG_00709,2
FGSG_00710,1
FGSG_11814,3
FGSG_11815,1
FGSG_00712,1
FGSG_00713,1
FGSG_11816,1
FGSG_00714,1
FGSG_00715,2
FGSG_00716,2
FGSG_00717,1
FGSG_00718,1
FGSG_00719,3
FGSG_11817,8
FGSG_00720,1
FGSG_00721,0
FGSG_00722,1
FGSG_00723,1
FGSG_00724,2
FGSG_00725,12
FGSG_00726,1
FGSG_00727,1
FGSG_00728,2
FGSG_11818,1
FGSG_00729,2
FGSG_00730,2
FGSG_00731,1
FGSG_00732,1
FGSG_00733,4
FGSG_00734,1
FGSG_00735,1
FGSG_00736,1
FGSG_11819,1
FGSG_00737,1
FGSG_00738,1
FGSG_00739,4
FGSG_00740,2
FGSG_00741,1
FGSG_00742,2
FGSG_00743,1
FGSG_00744,1
FGSG_00745,2
FGSG_00746,1
FGSG_00747,2
FGSG_00748,2
FGSG_00749,2
FGSG_00750,2
FGSG_00751,2
FGSG_00752,2
FGSG_00753,4
FGSG_11820,12
FGSG_11821,1
FGSG_11822,3
FGSG_00756,2
FGSG_00757,12
FGSG_00758,2
FGSG_00759,2
FGSG_00760,2
FGSG_00761,2
FGSG_00762,4
FGSG_00763,2
FGSG_00764,2
FGSG_00765,1
FGSG_00766,1
FGSG_00767,2
FGSG_00768,3
FGSG_00769,1
FGSG_00770,2
FGSG_00771,1
FGSG_00772,0
FGSG_00773,1
FGSG_00774,2
FGSG_00775,1
FGSG_00776,2
FGSG_00777,2
FGSG_00778,1
FGSG_00779,2
FGSG_00780,2
FGSG_00781,12
FGSG_00782,5
FGSG_00783,14
FGSG_00784,3
FGSG_00785,1
FGSG_00786,1
FGSG_00787,1
FGSG_00788,1
FGSG_00789,1
FGSG_00790,1
FGSG_11824,2
FGSG_11825,1
FGSG_00792,1
FGSG_00793,1
FGSG_00794,2
FGSG_11826,3
FGSG_11827,3
FGSG_00796,1
FGSG_00797,2
FGSG_00798,1
FGSG_00799,1
FGSG_00800,1
FGSG_00801,1
FGSG_20511,7
FGSG_00802,1
FGSG_00803,1
FGSG_00804,2
FGSG_00805,1
FGSG_00806,4
FGSG_20512,1
FGSG_00807,2
FGSG_00808,1
FGSG_00809,1
FGSG_00810,1
FGSG_00811,0
FGSG_00812,2
FGSG_00813,1
FGSG_00814,1
FGSG_00815,4
FGSG_11828,1
FGSG_11829,1
FGSG_00817,3
FGSG_00818,9
FGSG_00819,1
FGSG_00820,3
FGSG_00821,1
FGSG_11830,1
FGSG_00822,2
FGSG_00823,12
FGSG_00824,2
FGSG_00825,1
FGSG_00826,1
FGSG_00827,1
FGSG_00828,1
FGSG_00829,5
FGSG_11831,3
FGSG_11832,1
FGSG_00831,1
FGSG_00832,2
FGSG_00833,1
FGSG_00834,2
FGSG_11833,2
FGSG_11834,2
FGSG_00836,1
FGSG_00837,9
FGSG_00838,1
FGSG_11835,1
FGSG_11836,1
FGSG_11837,9
FGSG_00840,1
FGSG_00841,1
FGSG_00842,3
FGSG_11838,1
FGSG_00843,2
FGSG_00844,1
FGSG_00845,1
FGSG_11839,1
FGSG_00846,1
FGSG_11840,2
FGSG_00847,9
FGSG_00848,1
FGSG_00849,1
FGSG_11841,0
FGSG_00850,1
FGSG_00851,0
FGSG_00852,1
FGSG_11842,2
FGSG_00853,1
FGSG_20513,0
FGSG_11843,1
FGSG_00855,2
FGSG_00856,3
FGSG_00857,1
FGSG_11844,2
FGSG_00858,3
FGSG_11845,3
FGSG_00859,1
FGSG_11846,2
FGSG_00860,1
FGSG_00861,2
FGSG_00862,1
FGSG_00863,1
FGSG_00864,3
FGSG_00865,3
FGSG_00866,1
FGSG_00867,0
FGSG_00868,1
FGSG_00869,1
FGSG_00870,2
FGSG_00871,1
FGSG_00872,4
FGSG_00873,1
FGSG_00874,1
FGSG_00875,3
FGSG_00876,3
FGSG_00877,1
FGSG_00878,1
FGSG_00879,2
FGSG_20514,1
FGSG_00880,2
FGSG_11847,0
FGSG_11848,1
FGSG_00882,1
FGSG_00883,1
FGSG_11849,9
FGSG_00884,4
FGSG_00885,4
FGSG_11850,1
FGSG_11851,1
FGSG_11852,3
FGSG_00886,2
FGSG_00887,1
FGSG_11853,1
FGSG_11854,1
FGSG_00889,1
FGSG_00890,2
FGSG_00891,0
FGSG_11855,0
FGSG_00892,3
FGSG_00893,1
FGSG_00894,2
FGSG_00895,4
FGSG_00896,2
FGSG_00897,4
FGSG_00898,1
FGSG_00899,2
FGSG_00900,1
FGSG_00901,1
FGSG_11856,1
FGSG_00902,1
FGSG_00903,2
FGSG_00904,2
FGSG_00905,1
FGSG_00906,1
FGSG_00907,1
FGSG_00908,2
FGSG_00909,4
FGSG_00910,2
FGSG_00911,2
FGSG_00912,8
FGSG_00913,2
FGSG_00914,1
FGSG_00915,1
FGSG_00916,1
FGSG_00917,1
FGSG_00918,0
FGSG_00919,6
FGSG_11858,4
FGSG_00920,5
FGSG_00921,1
FGSG_11859,4
FGSG_11860,5
FGSG_11861,2
FGSG_00922,1
FGSG_00923,1
FGSG_11862,1
FGSG_00924,2
FGSG_00925,1
FGSG_00926,1
FGSG_00927,1
FGSG_00928,2
FGSG_00929,1
FGSG_00930,2
FGSG_00931,2
FGSG_00932,2
FGSG_00933,1
FGSG_00934,1
FGSG_00935,1
FGSG_20515,14
FGSG_00936,14
FGSG_00937,8
FGSG_00938,2
FGSG_00939,1
FGSG_00940,2
FGSG_00941,3
FGSG_11863,1
FGSG_00942,1
FGSG_00944,14
FGSG_00945,3
FGSG_00946,3
FGSG_00947,3
FGSG_00948,2
FGSG_00949,2
FGSG_00950,2
FGSG_00951,2
FGSG_00952,5
FGSG_11864,4
FGSG_11865,1
FGSG_00955,1
FGSG_00956,0
FGSG_00957,1
FGSG_00958,2
FGSG_00959,1
FGSG_00960,2
FGSG_00961,1
FGSG_11866,2
FGSG_00963,7
FGSG_00964,2
FGSG_00965,2
FGSG_00966,1
FGSG_00967,2
FGSG_00968,1
FGSG_20516,1
FGSG_00969,1
FGSG_00970,2
FGSG_00971,1
FGSG_00972,1
FGSG_00973,2
FGSG_11867,1
FGSG_00974,3
FGSG_00975,3
FGSG_00976,3
FGSG_00977,8
FGSG_11868,1
FGSG_11869,1
FGSG_11870,1
FGSG_11871,4
FGSG_00979,2
FGSG_00980,1
FGSG_11872,4
FGSG_11873,4
FGSG_00982,1
FGSG_00983,2
FGSG_00984,2
FGSG_00985,3
FGSG_00986,3
FGSG_00987,2
FGSG_11874,6
FGSG_11875,2
FGSG_00989,1
FGSG_00990,13
FGSG_11876,2
FGSG_11877,1
FGSG_00992,1
FGSG_00993,1
FGSG_00994,1
FGSG_00995,1
FGSG_00996,1
FGSG_00997,1
FGSG_00998,4
FGSG_11878,3
FGSG_00999,1
FGSG_01000,4
FGSG_11879,1
FGSG_11880,1
FGSG_01002,2
FGSG_01003,1
FGSG_01004,2
FGSG_11881,1
FGSG_01005,1
FGSG_01006,1
FGSG_01007,2
FGSG_01008,0
FGSG_11882,1
FGSG_11883,1
FGSG_01010,2
FGSG_01011,4
FGSG_01012,2
FGSG_01013,2
FGSG_01014,2
FGSG_01015,1
FGSG_01016,1
FGSG_01017,4
FGSG_01018,2
FGSG_11884,4
FGSG_01019,1
FGSG_01020,1
FGSG_01021,2
FGSG_01022,2
FGSG_01023,1
FGSG_01024,1
FGSG_01025,2
FGSG_01026,1
FGSG_01027,1
FGSG_01028,1
FGSG_01029,1
FGSG_01030,2
FGSG_01031,1
FGSG_01032,3
FGSG_01033,1
FGSG_01034,1
FGSG_01035,3
FGSG_01036,3
FGSG_01037,2
FGSG_01038,2
FGSG_01039,1
FGSG_01040,1
FGSG_01041,1
FGSG_01042,2
FGSG_11885,14
FGSG_11886,3
FGSG_01043,2
FGSG_01044,1
FGSG_01045,2
FGSG_01046,2
FGSG_11887,0
FGSG_01047,1
FGSG_01048,2
FGSG_01049,1
FGSG_01050,2
FGSG_01051,3
FGSG_01052,2
FGSG_01053,1
FGSG_01054,2
FGSG_01055,1
FGSG_01056,1
FGSG_01057,1
FGSG_01058,1
FGSG_01059,3
FGSG_01060,1
FGSG_01061,1
FGSG_01062,7
FGSG_01063,2
FGSG_01064,1
FGSG_01065,3
FGSG_01066,1
FGSG_01067,3
FGSG_11888,2
FGSG_01068,4
FGSG_01069,1
FGSG_01070,1
FGSG_11889,2
FGSG_11890,1
FGSG_11891,1
FGSG_01072,1
FGSG_11892,1
FGSG_11893,4
FGSG_01074,7
FGSG_01076,1
FGSG_11894,1
FGSG_01081,1
FGSG_01082,1
FGSG_01083,1
FGSG_01084,1
FGSG_01085,4
FGSG_01086,1
FGSG_11895,3
FGSG_01087,1
FGSG_01088,1
FGSG_01089,0
FGSG_11896,5
FGSG_11897,1
FGSG_01091,3
FGSG_01092,1
FGSG_11898,5
FGSG_11899,1
FGSG_01094,2
FGSG_01095,2
FGSG_01096,8
FGSG_01097,3
FGSG_01098,15
FGSG_01099,1
FGSG_01100,1
FGSG_01101,3
FGSG_01102,1
FGSG_01103,1
FGSG_01104,4
FGSG_11900,2
FGSG_01105,2
FGSG_01106,1
FGSG_01107,1
FGSG_01108,1
FGSG_01109,2
FGSG_11901,0
FGSG_11902,1
FGSG_01111,1
FGSG_01112,3
FGSG_11903,1
FGSG_11904,1
FGSG_11905,1
FGSG_01114,10
FGSG_01115,2
FGSG_01116,2
FGSG_01117,1
FGSG_01118,0
FGSG_01119,1
FGSG_01120,3
FGSG_01121,4
FGSG_01122,2
FGSG_01123,2
FGSG_01124,1
FGSG_01125,3
FGSG_01126,9
FGSG_01127,5
FGSG_01128,3
FGSG_01129,2
FGSG_01130,1
FGSG_01131,2
FGSG_01132,0
FGSG_01133,3
FGSG_01134,4
FGSG_01135,1
FGSG_01136,1
FGSG_01137,2
FGSG_01138,0
FGSG_01139,1
FGSG_01140,4
FGSG_01141,1
FGSG_01142,1
FGSG_11906,0
FGSG_01143,14
FGSG_01144,1
FGSG_01145,7
FGSG_01146,1
FGSG_01147,1
FGSG_01148,1
FGSG_01149,1
FGSG_01150,1
FGSG_01151,1
FGSG_01152,1
FGSG_01153,1
FGSG_01154,2
FGSG_01155,1
FGSG_01156,3
FGSG_01157,1
FGSG_01158,1
FGSG_01159,1
FGSG_01160,2
FGSG_01161,1
FGSG_01162,1
FGSG_11907,5
FGSG_01163,1
FGSG_01164,4
FGSG_01165,2
FGSG_01166,1
FGSG_01167,3
FGSG_01168,2
FGSG_01169,4
FGSG_01170,1
FGSG_11908,1
FGSG_11909,2
FGSG_01171,2
FGSG_01172,2
FGSG_01173,3
FGSG_01174,4
FGSG_01175,3
FGSG_01176,2
FGSG_11910,1
FGSG_01177,1
FGSG_01178,2
FGSG_01179,3
FGSG_01180,1
FGSG_01181,2
FGSG_01182,1
FGSG_01183,1
FGSG_01184,12
FGSG_01185,1
FGSG_01186,1
FGSG_01187,1
FGSG_01188,2
FGSG_01189,1
FGSG_01190,2
FGSG_01191,3
FGSG_11911,9
FGSG_01192,8
FGSG_01193,1
FGSG_01194,1
FGSG_01195,1
FGSG_01197,1
FGSG_01198,2
FGSG_01199,4
FGSG_01200,1
FGSG_01201,1
FGSG_01202,2
FGSG_01203,1
FGSG_01204,2
FGSG_11912,1
FGSG_01205,1
FGSG_01206,1
FGSG_01207,4
FGSG_01208,2
FGSG_01209,2
FGSG_01210,1
FGSG_01211,2
FGSG_01212,2
FGSG_01213,2
FGSG_01214,1
FGSG_01215,2
FGSG_01216,0
FGSG_01217,4
FGSG_01218,10
FGSG_01219,4
FGSG_01220,2
FGSG_01221,2
FGSG_01222,1
FGSG_01223,1
FGSG_01224,1
FGSG_01225,0
FGSG_11913,2
FGSG_01226,4
FGSG_01227,4
FGSG_01228,2
FGSG_01229,1
FGSG_01230,1
FGSG_01231,1
FGSG_01232,2
FGSG_01233,2
FGSG_01234,1
FGSG_01235,2
FGSG_01236,2
FGSG_01237,2
FGSG_01238,2
FGSG_01239,4
FGSG_01240,1
FGSG_01241,1
FGSG_01242,1
FGSG_01243,3
FGSG_01244,1
FGSG_01245,4
FGSG_11914,2
FGSG_11915,1
FGSG_01247,4
FGSG_11916,1
FGSG_01248,1
FGSG_01249,2
FGSG_01250,2
FGSG_01251,3
FGSG_01252,1
FGSG_01253,1
FGSG_11917,0
FGSG_11918,1
FGSG_01254,1
FGSG_01255,1
FGSG_01256,4
FGSG_01257,2
FGSG_01258,7
FGSG_11919,2
FGSG_11920,1
FGSG_01261,3
FGSG_11921,2
FGSG_11922,2
FGSG_01263,2
FGSG_01264,2
FGSG_01265,2
FGSG_01266,4
FGSG_01267,2
FGSG_01268,2
FGSG_01269,1
FGSG_01270,2
FGSG_01271,2
FGSG_01272,1
FGSG_01273,2
FGSG_11923,2
FGSG_01274,3
FGSG_01275,1
FGSG_01276,2
FGSG_01277,1
FGSG_01278,2
FGSG_01279,2
FGSG_01280,1
FGSG_01281,3
FGSG_01282,3
FGSG_01283,2
FGSG_01284,2
FGSG_01285,2
FGSG_11924,5
FGSG_01286,2
FGSG_01287,7
FGSG_01288,2
FGSG_01289,2
FGSG_01290,1
FGSG_01291,2
FGSG_01292,2
FGSG_01293,3
FGSG_20518,1
FGSG_01294,2
FGSG_01295,1
FGSG_01296,3
FGSG_11925,3
FGSG_11926,1
FGSG_11927,3
FGSG_01298,3
FGSG_11928,0
FGSG_01299,2
FGSG_01300,3
FGSG_01301,1
FGSG_01302,6
FGSG_01303,15
FGSG_20001,0
FGSG_01304,3
FGSG_01306,1
FGSG_01307,1
FGSG_01308,1
FGSG_01309,2
FGSG_11929,1
FGSG_01310,3
FGSG_01311,2
FGSG_01312,1
FGSG_01313,2
FGSG_01314,1
FGSG_01315,1
FGSG_01316,1
FGSG_01317,1
FGSG_01318,1
FGSG_01319,1
FGSG_01320,3
FGSG_01321,2
FGSG_01322,1
FGSG_11931,1
FGSG_01323,1
FGSG_01324,3
FGSG_01325,1
FGSG_01326,1
FGSG_01327,1
FGSG_01328,1
FGSG_01329,1
FGSG_01330,1
FGSG_01331,2
FGSG_01332,3
FGSG_01333,2
FGSG_01334,2
FGSG_01335,2
FGSG_01336,2
FGSG_01337,2
FGSG_01338,2
FGSG_01339,3
FGSG_11932,1
FGSG_11934,3
FGSG_01340,1
FGSG_01341,3
FGSG_01342,1
FGSG_01343,1
FGSG_01344,1
FGSG_01345,2
FGSG_11935,1
FGSG_01346,1
FGSG_01347,2
FGSG_01348,2
FGSG_01349,1
FGSG_01350,3
FGSG_01351,3
FGSG_01352,1
FGSG_01353,2
FGSG_01354,1
FGSG_01355,1
FGSG_01356,1
FGSG_01357,0
FGSG_01358,2
FGSG_01359,1
FGSG_01360,2
FGSG_01361,2
FGSG_11936,1
FGSG_01362,1
FGSG_11937,0
FGSG_11938,2
FGSG_01363,3
FGSG_11939,1
FGSG_01364,1
FGSG_01365,3
FGSG_01366,1
FGSG_11940,1
FGSG_11941,1
FGSG_01368,2
FGSG_11942,1
FGSG_01369,2
FGSG_01370,6
FGSG_01371,1
FGSG_01372,1
FGSG_01373,2
FGSG_01374,3
FGSG_01375,1
FGSG_01376,1
FGSG_01377,2
FGSG_01378,2
FGSG_01379,2
FGSG_01381,0
FGSG_01382,1
FGSG_01383,1
FGSG_01385,3
FGSG_20519,8
FGSG_20520,0
FGSG_01386,2
FGSG_01387,1
FGSG_01388,2
FGSG_01389,2
FGSG_01390,2
FGSG_01391,1
FGSG_01392,1
FGSG_01393,1
FGSG_01394,1
FGSG_01395,1
FGSG_01396,1
FGSG_01397,1
FGSG_01398,2
FGSG_01399,0
FGSG_01400,8
FGSG_01401,1
FGSG_01402,1
FGSG_11943,1
FGSG_01403,1
FGSG_01404,10
FGSG_01405,2
FGSG_01406,3
FGSG_01407,2
FGSG_01408,1
FGSG_11944,1
FGSG_01409,2
FGSG_01410,3
FGSG_01411,1
FGSG_01412,4
FGSG_11945,1
FGSG_01413,1
FGSG_01414,2
FGSG_01415,1
FGSG_11946,1
FGSG_11947,2
FGSG_01417,2
FGSG_11948,0
FGSG_01418,1
FGSG_11949,1
FGSG_01419,2
FGSG_01420,1
FGSG_01421,2
FGSG_01422,1
FGSG_01424,1
FGSG_11950,0
FGSG_11951,7
FGSG_01425,1
FGSG_01426,2
FGSG_01428,1
FGSG_01429,3
FGSG_01430,2
FGSG_01431,3
FGSG_01432,1
FGSG_20002,0
FGSG_01433,1
FGSG_11954,8
FGSG_01434,1
FGSG_01435,1
FGSG_01436,2
FGSG_01437,2
FGSG_01438,1
FGSG_01439,1
FGSG_01440,1
FGSG_11955,2
FGSG_11956,2
FGSG_01442,1
FGSG_01443,1
FGSG_01444,1
FGSG_01445,1
FGSG_01446,3
FGSG_01447,0
FGSG_01448,1
FGSG_01449,1
FGSG_01450,2
FGSG_01451,1
FGSG_01452,1
FGSG_01453,1
FGSG_01454,1
FGSG_01455,1
FGSG_11957,1
FGSG_01457,2
FGSG_01459,1
FGSG_01460,13
FGSG_01461,3
FGSG_01462,1
FGSG_01463,2
FGSG_01464,0
FGSG_01465,0
FGSG_01466,2
FGSG_01467,2
FGSG_01468,1
FGSG_01469,4
FGSG_01470,1
FGSG_11958,0
FGSG_11959,1
FGSG_01472,1
FGSG_01473,2
FGSG_01474,6
FGSG_11960,2
FGSG_11961,2
FGSG_01475,1
FGSG_01476,2
FGSG_01477,2
FGSG_20521,10
FGSG_01478,4
FGSG_01479,2
FGSG_01480,6
FGSG_20522,5
FGSG_01481,3
FGSG_01483,1
FGSG_01484,2
FGSG_01485,4
FGSG_01486,1
FGSG_01487,4
FGSG_01488,2
FGSG_01489,2
FGSG_01490,1
FGSG_01491,1
FGSG_01492,2
FGSG_01493,2
FGSG_01494,2
FGSG_01495,2
FGSG_01496,4
FGSG_01497,2
FGSG_01498,1
FGSG_01499,2
FGSG_01500,1
FGSG_01501,1
FGSG_01502,4
FGSG_01503,1
FGSG_01504,2
FGSG_01505,2
FGSG_01506,3
FGSG_01507,2
FGSG_01508,1
FGSG_01509,1
FGSG_01510,3
FGSG_01511,2
FGSG_01512,1
FGSG_01513,1
FGSG_01514,2
FGSG_01515,1
FGSG_01516,2
FGSG_01517,0
FGSG_01519,2
FGSG_01520,3
FGSG_01521,1
FGSG_01522,8
FGSG_01523,4
FGSG_11962,2
FGSG_11963,2
FGSG_01525,1
FGSG_01526,1
FGSG_01527,2
FGSG_01528,12
FGSG_01529,1
FGSG_01530,1
FGSG_20524,1
FGSG_01531,1
FGSG_01532,1
FGSG_01533,1
FGSG_01534,1
FGSG_01535,1
FGSG_01536,1
FGSG_01537,7
FGSG_01538,1
FGSG_01539,1
FGSG_01540,1
FGSG_01541,1
FGSG_01542,1
FGSG_01543,1
FGSG_01544,1
FGSG_11964,3
FGSG_01545,2
FGSG_01546,1
FGSG_01547,1
FGSG_01548,1
FGSG_01549,2
FGSG_01550,2
FGSG_01551,2
FGSG_01552,1
FGSG_01553,1
FGSG_01554,1
FGSG_11965,10
FGSG_01555,1
FGSG_01556,1
FGSG_01557,2
FGSG_01558,1
FGSG_01559,1
FGSG_01560,1
FGSG_01561,2
FGSG_01562,1
FGSG_01563,1
FGSG_01564,3
FGSG_01565,4
FGSG_01566,2
FGSG_01567,1
FGSG_11966,4
FGSG_11967,1
FGSG_01569,1
FGSG_01570,7
FGSG_20527,6
FGSG_01571,2
FGSG_01572,2
FGSG_01573,1
FGSG_01574,1
FGSG_11968,1
FGSG_11969,3
FGSG_11970,1
FGSG_01575,2
FGSG_01576,1
FGSG_01577,2
FGSG_01578,0
FGSG_01579,2
FGSG_01580,2
FGSG_20528,1
FGSG_01581,1
FGSG_01582,2
FGSG_01584,2
FGSG_01585,2
FGSG_01586,2
FGSG_01587,3
FGSG_11971,1
FGSG_01588,2
FGSG_01589,0
FGSG_01590,1
FGSG_01591,1
FGSG_11972,5
FGSG_01592,2
FGSG_01593,2
FGSG_11973,5
FGSG_01594,2
FGSG_01595,1
FGSG_01596,1
FGSG_01597,4
FGSG_20530,0
FGSG_01599,1
FGSG_11974,2
FGSG_11975,8
FGSG_11976,1
FGSG_11977,1
FGSG_01602,2
FGSG_01603,2
FGSG_20531,5
FGSG_01604,4
FGSG_11978,1
FGSG_11979,1
FGSG_01605,2
FGSG_01606,1
FGSG_01607,1
FGSG_01608,1
FGSG_01609,1
FGSG_01610,2
FGSG_01611,0
FGSG_01612,2
FGSG_01613,1
FGSG_01614,1
FGSG_01615,2
FGSG_01616,0
FGSG_01617,1
FGSG_20533,13
FGSG_11980,2
FGSG_11981,2
FGSG_01618,1
FGSG_01619,1
FGSG_01620,1
FGSG_01621,1
FGSG_01622,1
FGSG_01623,0
FGSG_01624,1
FGSG_01626,9
FGSG_01627,3
FGSG_01628,3
FGSG_01629,3
FGSG_01630,1
FGSG_01631,1
FGSG_20534,1
FGSG_01632,1
FGSG_01633,1
FGSG_01634,2
FGSG_01635,13
FGSG_01636,1
FGSG_11982,1
FGSG_01637,1
FGSG_01638,1
FGSG_01639,1
FGSG_01640,2
FGSG_01641,1
FGSG_01642,2
FGSG_01643,1
FGSG_01644,1
FGSG_01645,2
FGSG_01646,1
FGSG_01647,1
FGSG_01648,1
FGSG_01649,1
FGSG_01650,4
FGSG_01651,2
FGSG_01652,1
FGSG_01653,1
FGSG_01654,1
FGSG_01655,1
FGSG_01656,3
FGSG_01657,14
FGSG_01658,1
FGSG_01659,1
FGSG_01660,2
FGSG_01661,1
FGSG_01662,1
FGSG_01663,2
FGSG_01664,3
FGSG_20535,1
FGSG_01665,1
FGSG_01666,3
FGSG_01667,4
FGSG_01668,4
FGSG_01669,3
FGSG_01670,1
FGSG_01671,2
FGSG_11983,5
FGSG_01672,1
FGSG_01673,1
FGSG_01674,1
FGSG_01675,4
FGSG_01676,10
FGSG_01677,9
FGSG_01680,3
FGSG_01681,2
FGSG_11984,2
FGSG_11985,2
FGSG_11986,2
FGSG_11987,2
FGSG_11988,2
FGSG_11989,1
FGSG_01685,2
FGSG_01686,1
FGSG_01687,1
FGSG_01689,2
FGSG_01690,2
FGSG_01691,1
FGSG_01692,2
FGSG_01693,1
FGSG_01694,1
FGSG_01695,1
FGSG_01696,1
FGSG_11990,1
FGSG_11991,1
FGSG_01698,2
FGSG_01699,1
FGSG_01700,1
FGSG_01701,2
FGSG_01702,1
FGSG_01703,1
FGSG_11992,2
FGSG_11993,3
FGSG_01705,1
FGSG_01707,10
FGSG_01708,2
FGSG_11994,1
FGSG_11995,2
FGSG_01710,1
FGSG_01711,0
FGSG_01712,2
FGSG_01713,4
FGSG_01714,9
FGSG_11996,2
FGSG_11997,2
FGSG_01717,4
FGSG_11998,2
FGSG_11999,2
FGSG_12000,11
FGSG_01722,7
FGSG_01723,9
FGSG_01724,2
FGSG_01725,2
FGSG_01726,1
FGSG_01727,4
FGSG_01728,1
FGSG_01730,2
FGSG_01731,1
FGSG_12001,1
FGSG_12002,1
FGSG_12003,1
FGSG_01733,1
FGSG_01734,1
FGSG_01735,2
FGSG_01738,4
FGSG_01739,12
FGSG_01740,8
FGSG_01742,1
FGSG_01743,1
FGSG_01744,2
FGSG_01745,2
FGSG_01746,1
FGSG_01747,1
FGSG_01748,2
FGSG_01749,7
FGSG_12004,2
FGSG_12005,2
FGSG_01751,2
FGSG_01752,2
FGSG_12006,2
FGSG_01754,2
FGSG_01755,1
FGSG_01756,2
FGSG_01757,2
FGSG_01758,5
FGSG_01759,2
FGSG_01760,2
FGSG_01761,2
FGSG_01762,2
FGSG_12008,1
FGSG_01763,13
FGSG_01764,2
FGSG_01765,2
FGSG_01766,1
FGSG_01767,2
FGSG_12009,1
FGSG_12010,1
FGSG_01768,2
FGSG_01769,2
FGSG_01770,2
FGSG_01772,1
FGSG_01773,2
FGSG_12011,7
FGSG_12012,1
FGSG_01775,6
FGSG_01777,2
FGSG_01779,2
FGSG_01780,2
FGSG_01781,2
FGSG_01782,2
FGSG_01783,2
FGSG_01784,2
FGSG_01785,2
FGSG_01786,1
FGSG_01787,3
FGSG_01789,14
FGSG_01790,2
FGSG_01791,2
FGSG_01792,2
FGSG_01793,2
FGSG_01794,1
FGSG_01795,2
FGSG_01796,2
FGSG_01797,2
FGSG_01798,2
FGSG_01799,2
FGSG_01800,3
FGSG_01801,2
FGSG_01802,2
FGSG_01803,1
FGSG_12013,5
FGSG_01805,1
FGSG_01806,1
FGSG_01807,2
FGSG_01808,2
FGSG_01809,2
FGSG_01810,2
FGSG_01811,2
FGSG_01812,2
FGSG_01813,2
FGSG_01814,2
FGSG_01815,6
FGSG_01816,2
FGSG_01817,2
FGSG_01818,2
FGSG_01819,4
FGSG_01820,5
FGSG_12015,8
FGSG_01822,4
FGSG_01823,2
FGSG_01824,2
FGSG_12016,2
FGSG_01825,4
FGSG_01826,2
FGSG_01827,4
FGSG_01828,7
FGSG_01829,2
FGSG_01830,2
FGSG_01831,8
FGSG_01832,2
FGSG_01833,4
FGSG_12017,2
FGSG_12018,1
FGSG_01836,2
FGSG_01837,2
FGSG_12019,2
FGSG_01838,3
FGSG_01839,2
FGSG_01840,4
FGSG_01841,2
FGSG_20537,2
FGSG_12020,2
FGSG_01842,1
FGSG_01843,1
FGSG_01844,2
FGSG_12021,3
FGSG_01845,2
FGSG_01846,2
FGSG_01847,1
FGSG_01848,1
FGSG_01849,2
FGSG_01850,3
FGSG_01851,2
FGSG_01852,3
FGSG_01853,1
FGSG_01854,3
FGSG_01855,2
FGSG_01856,2
FGSG_01857,1
FGSG_12022,2
FGSG_01858,2
FGSG_01859,2
FGSG_12023,10
FGSG_01861,2
FGSG_01862,2
FGSG_12024,1
FGSG_01863,2
FGSG_12025,1
FGSG_01865,2
FGSG_01866,2
FGSG_01867,1
FGSG_01868,2
FGSG_01869,1
FGSG_01870,1
FGSG_01871,1
FGSG_12026,3
FGSG_01872,2
FGSG_01873,2
FGSG_01874,1
FGSG_01875,2
FGSG_01876,2
FGSG_01877,2
FGSG_01879,1
FGSG_01880,4
FGSG_01881,1
FGSG_01882,2
FGSG_01883,1
FGSG_01884,1
FGSG_01885,1
FGSG_01886,3
FGSG_01887,2
FGSG_01888,1
FGSG_01889,1
FGSG_01890,2
FGSG_01891,2
FGSG_01892,12
FGSG_01893,1
FGSG_01894,0
FGSG_01895,2
FGSG_01896,1
FGSG_01897,2
FGSG_01898,1
FGSG_01899,1
FGSG_01900,1
FGSG_01901,1
FGSG_01902,2
FGSG_01904,1
FGSG_01903,3
FGSG_01905,2
FGSG_01906,4
FGSG_01907,0
FGSG_01908,1
FGSG_01909,2
FGSG_01910,3
FGSG_01911,1
FGSG_01912,1
FGSG_01913,1
FGSG_01914,1
FGSG_01915,2
FGSG_12027,2
FGSG_01916,3
FGSG_12028,1
FGSG_01917,1
FGSG_01918,2
FGSG_01919,2
FGSG_01920,2
FGSG_01921,1
FGSG_01922,2
FGSG_01923,1
FGSG_01924,1
FGSG_01925,3
FGSG_01926,1
FGSG_01927,2
FGSG_01928,2
FGSG_01929,1
FGSG_12029,1
FGSG_01930,1
FGSG_01931,1
FGSG_01932,1
FGSG_01933,2
FGSG_01934,2
FGSG_01935,2
FGSG_01936,1
FGSG_12030,0
FGSG_12031,1
FGSG_01938,4
FGSG_01939,10
FGSG_01940,1
FGSG_01941,1
FGSG_01942,3
FGSG_12032,1
FGSG_01943,1
FGSG_01944,2
FGSG_12033,1
FGSG_12034,1
FGSG_01946,1
FGSG_01947,1
FGSG_01948,3
FGSG_01949,1
FGSG_01950,1
FGSG_12035,1
FGSG_12036,3
FGSG_01953,1
FGSG_01954,0
FGSG_01955,2
FGSG_12037,3
FGSG_01956,2
FGSG_01957,2
FGSG_01958,1
FGSG_01959,2
FGSG_01960,2
FGSG_12038,6
FGSG_01962,1
FGSG_01963,4
FGSG_12039,1
FGSG_01964,1
FGSG_12040,1
FGSG_12041,3
FGSG_01965,1
FGSG_12042,1
FGSG_12043,1
FGSG_01967,4
FGSG_01968,3
FGSG_01969,1
FGSG_01970,1
FGSG_12044,1
FGSG_12045,6
FGSG_12046,1
FGSG_01972,1
FGSG_01973,1
FGSG_01974,2
FGSG_01975,1
FGSG_01976,1
FGSG_01977,2
FGSG_01978,4
FGSG_20538,6
FGSG_12047,1
FGSG_01980,2
FGSG_01981,1
FGSG_01982,2
FGSG_01983,2
FGSG_01985,2
FGSG_01986,2
FGSG_12048,2
FGSG_12049,2
FGSG_01988,2
FGSG_01989,2
FGSG_01990,2
FGSG_01991,1
FGSG_01992,4
FGSG_01993,3
FGSG_01994,2
FGSG_01995,2
FGSG_12050,6
FGSG_01997,1
FGSG_02000,2
FGSG_02001,3
FGSG_02002,3
FGSG_02003,2
FGSG_12053,2
FGSG_12054,15
FGSG_02004,2
FGSG_12056,2
FGSG_12057,1
FGSG_02007,2
FGSG_02008,1
FGSG_02009,1
FGSG_02010,3
FGSG_02011,1
FGSG_02012,1
FGSG_02013,1
FGSG_02014,1
FGSG_02015,2
FGSG_02016,2
FGSG_12058,9
FGSG_12059,4
FGSG_12060,1
FGSG_12061,2
FGSG_20541,1
FGSG_02018,2
FGSG_02019,1
FGSG_20543,2
FGSG_02020,1
FGSG_02021,10
FGSG_02022,1
FGSG_02023,1
FGSG_02024,3
FGSG_02025,2
FGSG_02026,3
FGSG_20544,5
FGSG_02027,1
FGSG_02028,4
FGSG_02029,4
FGSG_02030,1
FGSG_02031,4
FGSG_02032,11
FGSG_02033,2
FGSG_02034,1
FGSG_12062,1
FGSG_02035,1
FGSG_02036,2
FGSG_02037,13
FGSG_02038,1
FGSG_02039,2
FGSG_02040,4
FGSG_02041,12
FGSG_02043,1
FGSG_02044,1
FGSG_02045,1
FGSG_02046,1
FGSG_02047,1
FGSG_02048,1
FGSG_02049,2
FGSG_02050,1
FGSG_02051,1
FGSG_02052,1
FGSG_02053,1
FGSG_02054,2
FGSG_02055,1
FGSG_02056,1
FGSG_12063,3
FGSG_12064,2
FGSG_02058,0
FGSG_02059,1
FGSG_02060,4
FGSG_02061,5
FGSG_02062,3
FGSG_02063,4
FGSG_02064,2
FGSG_02065,1
FGSG_02066,1
FGSG_02067,2
FGSG_02068,3
FGSG_12065,0
FGSG_02069,4
FGSG_02070,2
FGSG_02071,1
FGSG_02072,2
FGSG_02073,1
FGSG_02074,1
FGSG_02075,2
FGSG_02076,7
FGSG_02077,2
FGSG_02078,1
FGSG_02079,1
FGSG_02080,1
FGSG_02081,2
FGSG_02082,1
FGSG_02083,1
FGSG_02084,1
FGSG_02085,2
FGSG_02086,1
FGSG_02087,2
FGSG_02088,4
FGSG_02089,1
FGSG_02090,4
FGSG_02092,2
FGSG_02091,3
FGSG_02093,3
FGSG_02094,1
FGSG_02095,2
FGSG_02096,1
FGSG_02097,2
FGSG_02098,1
FGSG_02099,2
FGSG_02100,1
FGSG_02101,3
FGSG_02102,5
FGSG_02103,5
FGSG_02104,1
FGSG_02105,2
FGSG_02106,2
FGSG_12066,1
FGSG_12067,2
FGSG_02108,2
FGSG_02109,2
FGSG_02110,2
FGSG_02111,2
FGSG_02112,1
FGSG_02113,2
FGSG_02114,2
FGSG_02115,2
FGSG_02116,2
FGSG_02117,2
FGSG_02118,2
FGSG_02119,2
FGSG_02120,1
FGSG_02121,3
FGSG_12068,1
FGSG_12069,1
FGSG_02123,9
FGSG_20546,1
FGSG_02124,2
FGSG_02125,1
FGSG_02126,2
FGSG_02127,1
FGSG_02128,2
FGSG_02129,2
FGSG_02130,2
FGSG_02131,2
FGSG_12073,0
FGSG_02133,2
FGSG_02134,4
FGSG_02135,4
FGSG_02136,15
FGSG_02137,1
FGSG_02138,1
FGSG_02139,2
FGSG_02140,1
FGSG_02141,2
FGSG_02142,2
FGSG_02143,1
FGSG_02144,1
FGSG_12074,7
FGSG_02145,1
FGSG_02146,2
FGSG_02147,11
FGSG_02148,1
FGSG_02149,2
FGSG_02150,4
FGSG_02151,1
FGSG_02154,2
FGSG_02155,2
FGSG_12075,2
FGSG_12076,2
FGSG_02157,3
FGSG_02158,2
FGSG_02159,2
FGSG_02160,2
FGSG_02161,4
FGSG_02162,1
FGSG_12077,1
FGSG_02163,1
FGSG_02164,1
FGSG_02165,1
FGSG_12078,3
FGSG_12079,0
FGSG_12080,15
FGSG_02167,2
FGSG_02168,1
FGSG_02169,4
FGSG_02170,2
FGSG_02171,0
FGSG_02172,1
FGSG_02173,2
FGSG_02174,2
FGSG_12081,2
FGSG_12082,2
FGSG_02176,1
FGSG_02177,8
FGSG_02179,1
FGSG_02180,0
FGSG_02182,4
FGSG_02184,2
FGSG_02185,2
FGSG_02186,2
FGSG_02187,2
FGSG_02188,2
FGSG_02189,2
FGSG_02190,1
FGSG_02191,1
FGSG_02192,6
FGSG_02193,0
FGSG_02194,8
FGSG_02195,2
FGSG_02196,0
FGSG_12085,9
FGSG_14035,14
FGSG_02198,2
FGSG_02199,2
FGSG_02201,4
FGSG_02202,1
FGSG_02203,2
FGSG_02204,4
FGSG_12093,2
FGSG_12094,2
FGSG_02206,4
FGSG_02207,1
FGSG_02208,4
FGSG_02209,2
FGSG_02210,2
FGSG_02211,2
FGSG_02212,2
FGSG_02213,3
FGSG_02214,2
FGSG_02215,1
FGSG_02216,13
FGSG_02217,2
FGSG_02218,2
FGSG_12095,3
FGSG_02220,1
FGSG_02221,1
FGSG_12096,3
FGSG_12097,1
FGSG_02223,2
FGSG_02224,2
FGSG_02225,2
FGSG_12098,2
FGSG_12099,2
FGSG_02228,1
FGSG_02229,1
FGSG_02230,3
FGSG_02231,1
FGSG_02232,1
FGSG_02233,1
FGSG_02234,2
FGSG_02235,1
FGSG_02236,2
FGSG_02237,1
FGSG_02238,2
FGSG_02239,2
FGSG_12100,2
FGSG_02240,2
FGSG_02241,6
FGSG_02242,0
FGSG_02243,2
FGSG_12101,13
FGSG_12102,1
FGSG_02244,4
FGSG_02245,1
FGSG_02246,2
FGSG_02247,4
FGSG_02248,4
FGSG_02249,4
FGSG_02250,4
FGSG_02251,2
FGSG_12103,4
FGSG_02252,2
FGSG_20548,12
FGSG_02254,11
FGSG_02255,2
FGSG_12105,2
FGSG_12106,4
FGSG_02257,7
FGSG_02258,2
FGSG_02259,2
FGSG_02260,1
FGSG_12108,2
FGSG_12109,1
FGSG_12110,1
FGSG_02262,1
FGSG_02263,1
FGSG_02264,1
FGSG_12111,1
FGSG_12112,2
FGSG_02266,2
FGSG_02267,2
FGSG_02268,2
FGSG_02269,2
FGSG_12113,2
FGSG_02270,4
FGSG_02271,1
FGSG_02272,1
FGSG_02273,4
FGSG_02274,1
FGSG_02275,1
FGSG_02276,4
FGSG_12114,2
FGSG_02277,2
FGSG_02278,2
FGSG_02279,2
FGSG_02280,2
FGSG_12115,1
FGSG_02281,1
FGSG_02282,1
FGSG_02283,9
FGSG_02284,2
FGSG_02285,2
FGSG_02286,2
FGSG_02287,1
FGSG_02288,1
FGSG_02289,2
FGSG_02290,2
FGSG_02291,1
FGSG_02292,2
FGSG_02293,1
FGSG_02294,2
FGSG_12117,2
FGSG_02296,2
FGSG_02299,6
FGSG_02302,1
FGSG_02303,6
FGSG_02304,1
FGSG_02305,2
FGSG_02306,7
FGSG_02307,2
FGSG_02308,2
FGSG_02309,2
FGSG_02310,9
FGSG_02311,2
FGSG_02312,2
FGSG_02313,2
FGSG_02314,2
FGSG_02315,4
FGSG_02316,4
FGSG_02317,1
FGSG_02318,2
FGSG_02319,2
FGSG_02320,2
FGSG_02321,2
FGSG_02322,2
FGSG_02323,2
FGSG_02324,2
FGSG_02325,2
FGSG_02326,2
FGSG_02327,2
FGSG_02328,2
FGSG_02329,2
FGSG_02330,2
FGSG_02331,2
FGSG_02332,12
FGSG_02333,3
FGSG_02335,2
FGSG_02336,2
FGSG_02337,2
FGSG_02338,11
FGSG_02339,1
FGSG_02340,3
FGSG_02341,2
FGSG_02342,2
FGSG_02343,2
FGSG_02344,11
FGSG_02346,2
FGSG_02347,2
FGSG_12118,2
FGSG_02350,2
FGSG_02351,11
FGSG_02352,1
FGSG_02353,2
FGSG_02354,2
FGSG_02355,2
FGSG_12119,1
FGSG_12120,2
FGSG_02357,0
FGSG_02358,2
FGSG_02362,0
FGSG_02363,0
FGSG_02364,1
FGSG_12121,5
FGSG_02366,3
FGSG_02367,2
FGSG_02368,2
FGSG_02370,7
FGSG_02371,14
FGSG_02373,2
FGSG_02374,2
FGSG_02375,2
FGSG_02376,4
FGSG_02377,1
FGSG_02378,1
FGSG_02379,1
FGSG_02382,6
FGSG_02383,3
FGSG_02384,2
FGSG_02385,2
FGSG_02386,3
FGSG_02387,2
FGSG_12122,11
FGSG_12123,1
FGSG_02390,2
FGSG_02391,2
FGSG_02392,2
FGSG_02393,0
FGSG_02394,8
FGSG_12124,2
FGSG_12126,2
FGSG_02397,3
FGSG_02398,1
FGSG_02399,2
FGSG_02400,2
FGSG_12129,1
FGSG_02402,1
FGSG_02403,2
FGSG_02404,2
FGSG_02406,2
FGSG_02407,1
FGSG_02408,2
FGSG_02409,2
FGSG_02410,2
FGSG_02411,2
FGSG_02412,1
FGSG_12131,2
FGSG_02414,2
FGSG_12133,2
FGSG_02415,2
FGSG_02416,2
FGSG_02417,2
FGSG_02418,2
FGSG_12134,2
FGSG_02419,2
FGSG_02420,1
FGSG_02421,2
FGSG_02422,2
FGSG_02423,1
FGSG_12135,2
FGSG_02424,2
FGSG_02425,2
FGSG_02426,15
FGSG_02427,4
FGSG_02428,2
FGSG_02429,2
FGSG_02430,15
FGSG_02431,2
FGSG_02432,1
FGSG_02433,1
FGSG_02434,2
FGSG_02435,2
FGSG_02436,6
FGSG_02437,9
FGSG_02438,2
FGSG_02439,1
FGSG_20552,2
FGSG_02440,0
FGSG_02441,2
FGSG_02442,2
FGSG_02443,1
FGSG_02444,1
FGSG_02445,2
FGSG_02446,1
FGSG_02447,7
FGSG_02449,1
FGSG_02450,2
FGSG_02451,7
FGSG_02452,3
FGSG_12136,1
FGSG_12137,1
FGSG_02454,1
FGSG_02455,1
FGSG_12138,1
FGSG_12139,2
FGSG_12140,0
FGSG_12141,2
FGSG_02458,2
FGSG_02459,4
FGSG_02460,1
FGSG_02461,1
FGSG_02462,2
FGSG_02463,2
FGSG_02464,1
FGSG_02465,2
FGSG_12142,1
FGSG_12143,2
FGSG_12144,1
FGSG_02467,2
FGSG_02468,0
FGSG_02469,1
FGSG_02470,13
FGSG_02471,1
FGSG_12145,0
FGSG_12146,2
FGSG_02472,3
FGSG_02473,1
FGSG_02474,1
FGSG_02475,2
FGSG_02476,4
FGSG_02477,1
FGSG_02478,1
FGSG_02479,2
FGSG_02480,1
FGSG_02481,1
FGSG_02482,1
FGSG_02483,2
FGSG_02484,2
FGSG_02485,1
FGSG_02486,2
FGSG_02487,2
FGSG_02488,2
FGSG_02489,1
FGSG_12147,1
FGSG_12148,4
FGSG_02490,3
FGSG_12149,3
FGSG_02491,1
FGSG_02492,2
FGSG_02493,1
FGSG_02494,1
FGSG_02495,1
FGSG_02496,2
FGSG_02497,0
FGSG_02498,2
FGSG_02499,1
FGSG_02500,1
FGSG_02501,1
FGSG_12150,1
FGSG_02502,1
FGSG_12151,1
FGSG_02503,1
FGSG_02504,2
FGSG_02505,12
FGSG_02506,1
FGSG_02507,3
FGSG_02508,1
FGSG_02509,2
FGSG_02510,2
FGSG_02511,3
FGSG_02512,1
FGSG_02513,1
FGSG_02514,2
FGSG_12152,1
FGSG_02515,2
FGSG_02516,1
FGSG_02517,1
FGSG_02518,3
FGSG_02519,1
FGSG_02520,1
FGSG_02521,1
FGSG_02522,1
FGSG_02523,2
FGSG_02524,1
FGSG_02525,0
FGSG_12153,1
FGSG_12154,1
FGSG_02527,3
FGSG_02528,0
FGSG_02529,2
FGSG_02530,1
FGSG_02531,1
FGSG_12155,2
FGSG_02532,2
FGSG_02533,1
FGSG_02534,1
FGSG_02536,1
FGSG_12156,11
FGSG_02538,1
FGSG_02539,3
FGSG_02540,1
FGSG_02541,1
FGSG_02542,1
FGSG_02543,1
FGSG_02544,1
FGSG_02545,1
FGSG_02546,1
FGSG_02547,2
FGSG_02548,5
FGSG_02549,1
FGSG_02550,1
FGSG_02551,1
FGSG_02552,1
FGSG_02553,2
FGSG_12158,1
FGSG_02554,1
FGSG_02555,1
FGSG_02556,2
FGSG_02557,2
FGSG_02558,0
FGSG_02559,1
FGSG_02560,1
FGSG_02561,3
FGSG_02562,3
FGSG_02563,3
FGSG_02564,1
FGSG_02565,1
FGSG_02566,2
FGSG_02567,1
FGSG_02568,7
FGSG_02569,2
FGSG_02570,2
FGSG_02571,2
FGSG_02572,2
FGSG_02573,1
FGSG_02574,2
FGSG_02575,1
FGSG_02576,2
FGSG_02577,1
FGSG_02578,1
FGSG_02579,2
FGSG_02580,1
FGSG_02581,3
FGSG_12159,2
FGSG_02582,2
FGSG_12160,2
FGSG_02583,2
FGSG_02584,2
FGSG_02585,1
FGSG_02586,0
FGSG_02587,0
FGSG_12162,9
FGSG_02588,1
FGSG_02589,1
FGSG_02590,1
FGSG_02591,1
FGSG_12163,6
FGSG_12164,4
FGSG_20553,1
FGSG_02593,0
FGSG_02594,3
FGSG_20004,4
FGSG_02595,2
FGSG_02596,2
FGSG_02597,2
FGSG_12165,7
FGSG_12166,1
FGSG_02598,1
FGSG_02599,3
FGSG_02600,1
FGSG_02601,12
FGSG_02602,1
FGSG_02603,2
FGSG_02604,1
FGSG_02605,1
FGSG_02606,1
FGSG_02607,1
FGSG_02608,3
FGSG_02609,2
FGSG_02610,2
FGSG_02611,1
FGSG_02613,2
FGSG_02614,1
FGSG_02615,1
FGSG_02616,1
FGSG_02617,2
FGSG_02618,2
FGSG_02621,2
FGSG_02622,2
FGSG_02623,1
FGSG_02624,2
FGSG_02625,1
FGSG_02626,2
FGSG_02627,2
FGSG_02628,2
FGSG_02629,4
FGSG_02630,4
FGSG_12169,2
FGSG_12170,2
FGSG_12171,6
FGSG_02632,1
FGSG_12172,2
FGSG_12173,2
FGSG_02634,1
FGSG_12174,1
FGSG_02635,3
FGSG_02636,2
FGSG_02637,3
FGSG_02638,1
FGSG_02639,2
FGSG_02640,2
FGSG_02641,1
FGSG_02642,1
FGSG_02643,1
FGSG_02644,0
FGSG_02645,2
FGSG_02646,1
FGSG_12175,2
FGSG_02647,1
FGSG_02648,2
FGSG_02649,2
FGSG_02650,3
FGSG_02651,2
FGSG_02652,4
FGSG_02653,1
FGSG_02654,1
FGSG_02655,1
FGSG_02656,2
FGSG_02657,1
FGSG_02658,4
FGSG_02659,2
FGSG_02661,1
FGSG_02662,2
FGSG_02663,3
FGSG_02664,1
FGSG_02665,4
FGSG_02666,2
FGSG_02667,2
FGSG_02668,2
FGSG_02669,2
FGSG_12176,1
FGSG_02671,2
FGSG_02672,2
FGSG_02674,8
FGSG_02675,1
FGSG_02676,2
FGSG_02677,2
FGSG_02678,2
FGSG_02679,2
FGSG_02680,2
FGSG_02681,2
FGSG_02682,1
FGSG_02683,2
FGSG_02684,2
FGSG_02685,1
FGSG_02686,1
FGSG_02687,4
FGSG_02688,1
FGSG_02689,2
FGSG_02690,4
FGSG_02691,1
FGSG_02692,1
FGSG_02693,1
FGSG_02695,2
FGSG_02696,2
FGSG_12177,1
FGSG_12178,1
FGSG_02697,1
FGSG_02698,1
FGSG_02699,1
FGSG_02700,1
FGSG_12179,1
FGSG_02701,1
FGSG_02702,1
FGSG_02703,2
FGSG_02704,1
FGSG_02705,1
FGSG_02706,2
FGSG_02707,4
FGSG_02708,2
FGSG_02709,1
FGSG_02710,4
FGSG_02711,5
FGSG_12180,1
FGSG_12181,1
FGSG_02713,2
FGSG_02714,3
FGSG_02715,2
FGSG_12182,1
FGSG_12183,3
FGSG_02717,1
FGSG_02718,2
FGSG_02719,2
FGSG_02720,1
FGSG_02721,2
FGSG_02722,2
FGSG_02723,2
FGSG_12184,1
FGSG_02724,2
FGSG_12186,1
FGSG_12187,1
FGSG_12188,1
FGSG_12189,3
FGSG_02727,3
FGSG_02728,3
FGSG_12190,15
FGSG_02729,1
FGSG_02730,3
FGSG_12191,2
FGSG_12192,10
FGSG_02732,1
FGSG_02733,3
FGSG_02734,1
FGSG_02735,2
FGSG_12193,4
FGSG_12194,2
FGSG_02737,1
FGSG_02738,1
FGSG_12195,0
FGSG_02739,13
FGSG_02740,1
FGSG_02741,0
FGSG_02742,1
FGSG_02743,1
FGSG_12196,1
FGSG_02744,0
FGSG_02745,1
FGSG_02746,2
FGSG_12197,11
FGSG_02747,3
FGSG_02748,2
FGSG_02749,1
FGSG_02750,2
FGSG_02751,2
FGSG_02752,2
FGSG_02753,2
FGSG_02754,5
FGSG_02755,1
FGSG_02756,1
FGSG_02757,2
FGSG_02758,4
FGSG_02759,0
FGSG_20555,6
FGSG_02760,12
FGSG_02761,1
FGSG_02762,1
FGSG_02763,1
FGSG_02764,2
FGSG_20556,2
FGSG_02765,2
FGSG_02766,2
FGSG_12198,0
FGSG_02767,1
FGSG_02768,0
FGSG_02769,3
FGSG_20557,2
FGSG_02770,1
FGSG_02771,1
FGSG_02772,3
FGSG_02773,10
FGSG_02774,1
FGSG_12199,1
FGSG_12200,2
FGSG_02776,1
FGSG_20005,4
FGSG_02777,14
FGSG_02778,2
FGSG_02779,1
FGSG_02780,2
FGSG_11636,2
FGSG_11637,0
FGSG_11632,1
FGSG_11633,1
FGSG_11634,2
FGSG_11594,2
FGSG_11595,2
FGSG_11596,1
FGSG_11597,4
FGSG_11602,1
FGSG_11603,3
FGSG_11604,4
FGSG_13662,3
FGSG_13663,3
FGSG_09861,1
FGSG_09862,2
FGSG_09863,1
FGSG_09864,1
FGSG_09865,1
FGSG_09866,1
FGSG_09867,1
FGSG_09868,2
FGSG_09869,2
FGSG_09870,2
FGSG_09871,2
FGSG_09872,2
FGSG_09873,1
FGSG_13664,2
FGSG_13665,1
FGSG_13666,3
FGSG_09875,2
FGSG_09876,2
FGSG_09877,1
FGSG_09878,3
FGSG_09879,4
FGSG_09880,1
FGSG_13667,1
FGSG_09881,1
FGSG_13668,0
FGSG_09882,2
FGSG_09883,1
FGSG_09884,4
FGSG_09885,2
FGSG_09886,5
FGSG_09887,1
FGSG_09888,1
FGSG_09889,2
FGSG_09890,1
FGSG_09891,1
FGSG_09892,1
FGSG_09893,4
FGSG_09894,1
FGSG_09895,2
FGSG_09896,1
FGSG_09897,1
FGSG_09898,1
FGSG_09899,3
FGSG_09900,2
FGSG_09901,1
FGSG_09902,0
FGSG_09903,1
FGSG_09904,3
FGSG_09905,6
FGSG_09906,1
FGSG_09907,12
FGSG_09908,1
FGSG_09909,2
FGSG_09910,2
FGSG_09911,1
FGSG_09912,2
FGSG_09913,1
FGSG_09914,1
FGSG_09915,11
FGSG_09916,2
FGSG_09917,1
FGSG_09918,1
FGSG_09919,2
FGSG_09920,1
FGSG_09921,1
FGSG_13669,1
FGSG_09922,2
FGSG_09923,2
FGSG_09924,1
FGSG_09925,2
FGSG_09926,2
FGSG_09927,1
FGSG_09928,1
FGSG_09929,2
FGSG_09930,3
FGSG_09931,2
FGSG_09932,1
FGSG_09933,1
FGSG_09934,1
FGSG_09935,1
FGSG_09936,4
FGSG_09937,3
FGSG_09938,1
FGSG_09939,2
FGSG_09940,4
FGSG_09941,2
FGSG_13670,2
FGSG_13671,1
FGSG_20063,8
FGSG_09943,1
FGSG_09944,2
FGSG_09945,4
FGSG_09946,1
FGSG_09947,1
FGSG_09948,1
FGSG_09949,2
FGSG_09950,1
FGSG_13672,1
FGSG_09951,2
FGSG_09952,2
FGSG_09953,3
FGSG_09954,3
FGSG_09955,1
FGSG_09956,4
FGSG_09957,2
FGSG_09958,10
FGSG_09959,1
FGSG_09960,4
FGSG_09961,2
FGSG_13673,1
FGSG_13674,2
FGSG_13675,3
FGSG_09963,1
FGSG_09964,2
FGSG_09965,3
FGSG_09966,1
FGSG_09967,8
FGSG_09968,2
FGSG_09969,3
FGSG_09970,1
FGSG_09971,1
FGSG_09972,5
FGSG_09973,1
FGSG_09974,2
FGSG_09975,1
FGSG_09976,3
FGSG_09977,1
FGSG_13676,1
FGSG_09978,3
FGSG_09979,1
FGSG_09980,1
FGSG_09981,2
FGSG_09982,2
FGSG_09983,1
FGSG_09984,1
FGSG_09985,15
FGSG_09986,3
FGSG_13677,2
FGSG_09988,2
FGSG_09990,4
FGSG_09989,3
FGSG_13678,0
FGSG_09991,3
FGSG_13679,0
FGSG_09992,1
FGSG_13680,1
FGSG_13681,13
FGSG_13682,14
FGSG_13683,0
FGSG_13684,8
FGSG_13685,1
FGSG_09993,2
FGSG_09994,1
FGSG_09995,1
FGSG_09996,3
FGSG_13686,2
FGSG_09998,1
FGSG_09997,1
FGSG_09999,1
FGSG_10000,3
FGSG_10001,12
FGSG_10002,12
FGSG_10003,2
FGSG_13687,1
FGSG_10004,1
FGSG_10005,1
FGSG_10006,1
FGSG_10007,2
FGSG_13689,1
FGSG_10008,1
FGSG_10009,1
FGSG_10010,2
FGSG_10011,4
FGSG_10012,4
FGSG_10013,2
FGSG_10014,2
FGSG_10015,3
FGSG_10016,3
FGSG_10017,1
FGSG_10018,8
FGSG_20064,0
FGSG_10019,1
FGSG_10020,1
FGSG_10021,3
FGSG_10022,4
FGSG_10023,2
FGSG_10025,2
FGSG_10026,2
FGSG_10027,1
FGSG_10028,1
FGSG_10029,2
FGSG_10030,1
FGSG_10031,2
FGSG_13691,2
FGSG_10032,2
FGSG_10033,3
FGSG_13692,0
FGSG_10034,2
FGSG_10035,1
FGSG_10036,2
FGSG_10037,1
FGSG_10038,1
FGSG_10039,1
FGSG_10040,2
FGSG_10041,1
FGSG_20743,0
FGSG_10042,1
FGSG_10043,1
FGSG_10044,2
FGSG_13693,1
FGSG_10045,0
FGSG_10046,3
FGSG_10047,1
FGSG_10048,1
FGSG_10049,2
FGSG_10050,1
FGSG_10051,1
FGSG_10052,1
FGSG_10053,1
FGSG_10054,4
FGSG_13694,1
FGSG_13695,1
FGSG_10056,3
FGSG_10057,1
FGSG_10058,1
FGSG_10059,2
FGSG_10060,1
FGSG_10061,3
FGSG_13696,4
FGSG_10062,1
FGSG_10063,2
FGSG_10064,2
FGSG_10065,2
FGSG_10066,3
FGSG_10067,4
FGSG_10068,2
FGSG_13698,2
FGSG_10069,1
FGSG_10070,1
FGSG_10071,1
FGSG_10072,12
FGSG_10073,1
FGSG_10074,1
FGSG_10075,1
FGSG_10076,3
FGSG_10077,3
FGSG_10078,1
FGSG_10079,2
FGSG_10080,1
FGSG_10081,2
FGSG_10082,2
FGSG_10083,1
FGSG_13699,1
FGSG_13700,3
FGSG_10085,2
FGSG_10086,2
FGSG_10087,3
FGSG_10088,3
FGSG_10089,2
FGSG_13701,2
FGSG_10090,2
FGSG_10091,3
FGSG_10092,1
FGSG_10093,1
FGSG_13702,1
FGSG_10094,1
FGSG_13703,7
FGSG_10095,3
FGSG_10096,1
FGSG_10097,1
FGSG_10098,2
FGSG_10099,4
FGSG_10100,2
FGSG_10101,10
FGSG_10102,1
FGSG_10103,2
FGSG_10104,1
FGSG_10105,2
FGSG_10106,1
FGSG_13704,1
FGSG_10108,1
FGSG_10109,1
FGSG_10110,2
FGSG_10111,2
FGSG_10112,3
FGSG_13705,3
FGSG_10113,2
FGSG_13706,2
FGSG_10114,2
FGSG_10115,2
FGSG_10116,2
FGSG_10117,1
FGSG_10118,3
FGSG_10119,1
FGSG_10120,2
FGSG_20744,11
FGSG_10121,2
FGSG_10122,2
FGSG_10123,4
FGSG_10124,4
FGSG_10125,2
FGSG_10126,1
FGSG_10127,1
FGSG_10128,1
FGSG_10129,1
FGSG_10130,2
FGSG_10131,2
FGSG_10132,2
FGSG_13707,1
FGSG_10133,4
FGSG_10134,2
FGSG_10135,1
FGSG_10136,1
FGSG_10137,1
FGSG_10138,2
FGSG_10139,4
FGSG_10140,1
FGSG_10141,2
FGSG_10142,1
FGSG_10143,2
FGSG_10144,1
FGSG_10145,2
FGSG_10146,2
FGSG_10147,1
FGSG_10148,2
FGSG_10149,2
FGSG_10150,3
FGSG_13708,2
FGSG_13709,1
FGSG_10152,2
FGSG_10153,2
FGSG_10154,2
FGSG_10155,2
FGSG_10156,2
FGSG_10157,8
FGSG_10158,1
FGSG_10159,2
FGSG_10160,4
FGSG_13710,2
FGSG_13711,2
FGSG_10162,2
FGSG_10163,0
FGSG_10164,2
FGSG_10165,1
FGSG_10166,1
FGSG_10167,1
FGSG_10168,1
FGSG_10169,3
FGSG_10170,3
FGSG_10171,1
FGSG_10172,4
FGSG_10173,1
FGSG_10174,1
FGSG_10175,1
FGSG_10176,4
FGSG_10177,2
FGSG_10178,5
FGSG_13712,4
FGSG_10179,2
FGSG_10180,4
FGSG_10181,2
FGSG_13713,4
FGSG_13714,2
FGSG_10183,2
FGSG_20745,10
FGSG_10184,1
FGSG_10185,1
FGSG_13715,2
FGSG_10186,0
FGSG_10187,1
FGSG_13716,1
FGSG_10188,4
FGSG_13717,2
FGSG_13718,0
FGSG_10189,1
FGSG_13719,2
FGSG_10190,1
FGSG_10191,1
FGSG_10192,9
FGSG_10193,1
FGSG_10194,2
FGSG_10196,1
FGSG_10197,3
FGSG_10198,1
FGSG_10199,3
FGSG_10200,1
FGSG_10201,3
FGSG_10202,1
FGSG_20746,14
FGSG_10203,4
FGSG_10205,2
FGSG_10206,2
FGSG_10207,1
FGSG_10208,1
FGSG_10209,1
FGSG_20747,2
FGSG_10210,4
FGSG_10211,1
FGSG_10212,1
FGSG_10213,13
FGSG_10214,2
FGSG_10215,2
FGSG_10216,4
FGSG_10217,2
FGSG_10218,1
FGSG_10219,1
FGSG_10220,1
FGSG_10221,1
FGSG_10222,1
FGSG_10223,1
FGSG_10224,1
FGSG_10225,13
FGSG_10226,1
FGSG_10227,2
FGSG_13720,1
FGSG_10228,3
FGSG_10229,4
FGSG_10230,2
FGSG_13721,6
FGSG_10231,1
FGSG_10232,1
FGSG_10233,2
FGSG_10234,2
FGSG_10235,2
FGSG_10236,2
FGSG_10237,2
FGSG_10238,1
FGSG_10239,1
FGSG_13722,4
FGSG_13723,3
FGSG_10241,1
FGSG_10242,3
FGSG_10243,1
FGSG_10244,1
FGSG_10245,2
FGSG_10246,1
FGSG_10247,1
FGSG_13724,5
FGSG_10248,1
FGSG_13725,1
FGSG_13726,1
FGSG_10250,2
FGSG_10251,2
FGSG_10252,1
FGSG_10253,1
FGSG_10254,1
FGSG_10255,4
FGSG_10256,3
FGSG_10257,1
FGSG_10258,1
FGSG_10259,1
FGSG_10260,4
FGSG_10261,2
FGSG_10262,3
FGSG_10263,0
FGSG_10264,1
FGSG_10265,2
FGSG_10266,0
FGSG_10267,1
FGSG_10268,1
FGSG_10269,3
FGSG_10270,1
FGSG_10271,1
FGSG_10272,1
FGSG_13728,1
FGSG_13729,2
FGSG_13730,3
FGSG_13731,1
FGSG_10275,1
FGSG_10276,1
FGSG_10278,1
FGSG_13732,1
FGSG_10279,0
FGSG_10280,1
FGSG_10281,2
FGSG_13733,11
FGSG_10282,1
FGSG_10283,1
FGSG_10284,4
FGSG_13734,13
FGSG_10285,2
FGSG_10286,2
FGSG_10287,1
FGSG_10288,1
FGSG_10289,2
FGSG_10290,2
FGSG_10291,1
FGSG_10292,3
FGSG_10293,1
FGSG_10294,1
FGSG_10295,1
FGSG_10296,2
FGSG_10297,1
FGSG_13736,2
FGSG_13737,4
FGSG_10299,1
FGSG_10300,2
FGSG_10301,0
FGSG_10302,1
FGSG_10303,1
FGSG_10304,1
FGSG_10305,1
FGSG_10306,1
FGSG_10307,2
FGSG_10308,2
FGSG_10309,1
FGSG_10310,1
FGSG_10311,2
FGSG_10312,1
FGSG_10313,2
FGSG_10314,1
FGSG_10315,3
FGSG_10316,2
FGSG_10317,2
FGSG_10318,2
FGSG_10319,3
FGSG_10320,1
FGSG_10321,1
FGSG_10322,2
FGSG_10323,2
FGSG_10324,3
FGSG_10325,1
FGSG_10326,6
FGSG_10327,2
FGSG_13738,1
FGSG_10328,6
FGSG_13739,2
FGSG_13740,11
FGSG_10330,6
FGSG_10332,5
FGSG_10333,2
FGSG_13741,2
FGSG_13742,2
FGSG_13743,2
FGSG_10336,6
FGSG_10337,4
FGSG_10338,2
FGSG_10339,2
FGSG_10340,2
FGSG_10341,2
FGSG_10342,1
FGSG_10343,2
FGSG_10344,1
FGSG_13744,1
FGSG_13745,3
FGSG_10345,2
FGSG_10346,3
FGSG_10347,1
FGSG_10348,1
FGSG_10349,2
FGSG_10350,1
FGSG_13746,1
FGSG_10351,1
FGSG_10352,1
FGSG_10353,1
FGSG_10354,1
FGSG_10355,1
FGSG_10356,7
FGSG_10357,1
FGSG_13747,1
FGSG_10358,1
FGSG_10359,1
FGSG_10360,1
FGSG_10361,1
FGSG_10362,1
FGSG_10363,1
FGSG_10364,2
FGSG_10365,2
FGSG_10366,4
FGSG_10367,2
FGSG_10368,2
FGSG_10369,2
FGSG_10370,4
FGSG_10371,1
FGSG_10372,1
FGSG_10373,1
FGSG_10374,1
FGSG_10375,1
FGSG_10376,1
FGSG_10377,1
FGSG_10378,2
FGSG_10379,13
FGSG_10380,1
FGSG_10381,1
FGSG_10382,1
FGSG_20751,10
FGSG_10383,1
FGSG_13749,1
FGSG_10384,2
FGSG_10385,2
FGSG_10386,2
FGSG_10387,3
FGSG_10388,1
FGSG_10389,1
FGSG_10390,2
FGSG_10391,3
FGSG_10392,3
FGSG_10393,3
FGSG_10394,4
FGSG_10396,4
FGSG_10397,4
FGSG_10398,0
FGSG_10399,1
FGSG_10400,2
FGSG_10401,0
FGSG_10402,2
FGSG_10403,1
FGSG_10404,1
FGSG_10405,2
FGSG_10406,2
FGSG_13750,2
FGSG_13751,2
FGSG_13752,3
FGSG_10407,2
FGSG_10408,0
FGSG_13754,1
FGSG_10410,1
FGSG_10411,1
FGSG_10413,1
FGSG_20752,10
FGSG_10414,1
FGSG_10415,5
FGSG_10416,4
FGSG_10417,2
FGSG_10418,0
FGSG_10419,1
FGSG_10420,1
FGSG_10421,5
FGSG_10422,1
FGSG_10423,1
FGSG_10424,2
FGSG_10425,1
FGSG_10426,1
FGSG_13755,1
FGSG_13756,3
FGSG_13757,2
FGSG_10429,1
FGSG_10430,2
FGSG_10431,2
FGSG_10432,2
FGSG_10433,1
FGSG_10434,2
FGSG_10435,1
FGSG_10436,6
FGSG_10437,1
FGSG_10438,2
FGSG_13758,2
FGSG_13759,2
FGSG_10440,1
FGSG_10441,1
FGSG_10442,1
FGSG_10443,1
FGSG_10444,1
FGSG_10445,1
FGSG_10446,2
FGSG_10447,2
FGSG_10449,2
FGSG_10450,1
FGSG_10451,2
FGSG_13761,1
FGSG_13762,3
FGSG_10453,1
FGSG_10454,2
FGSG_10455,1
FGSG_10459,3
FGSG_10461,6
FGSG_10462,14
FGSG_10464,1
FGSG_10465,1
FGSG_10466,1
FGSG_10467,1
FGSG_10468,2
FGSG_10469,2
FGSG_10470,2
FGSG_10471,2
FGSG_10472,1
FGSG_10477,2
FGSG_13766,9
FGSG_13767,13
FGSG_10480,1
FGSG_10481,2
FGSG_10482,1
FGSG_10483,2
FGSG_13769,1
FGSG_13770,3
FGSG_10485,1
FGSG_13771,2
FGSG_10486,1
FGSG_10487,6
FGSG_10488,3
FGSG_10489,3
FGSG_13772,2
FGSG_10490,2
FGSG_10491,2
FGSG_13773,9
FGSG_10493,0
FGSG_10494,2
FGSG_10495,4
FGSG_10496,2
FGSG_10497,1
FGSG_10498,1
FGSG_13774,1
FGSG_10499,2
FGSG_10500,2
FGSG_13775,2
FGSG_10501,14
FGSG_10502,1
FGSG_10503,1
FGSG_13776,4
FGSG_13777,2
FGSG_10505,14
FGSG_10506,1
FGSG_10507,2
FGSG_10509,2
FGSG_10510,2
FGSG_10511,3
FGSG_10512,1
FGSG_20753,6
FGSG_10513,3
FGSG_10514,2
FGSG_10515,2
FGSG_13778,1
FGSG_10516,2
FGSG_10517,3
FGSG_10518,2
FGSG_10519,1
FGSG_10520,1
FGSG_10521,2
FGSG_10522,1
FGSG_10523,1
FGSG_10524,1
FGSG_13779,7
FGSG_10525,1
FGSG_10526,1
FGSG_10527,1
FGSG_10528,3
FGSG_10529,1
FGSG_10530,1
FGSG_10531,1
FGSG_10532,1
FGSG_20754,1
FGSG_10533,0
FGSG_10534,2
FGSG_10535,0
FGSG_10536,2
FGSG_10537,1
FGSG_10538,10
FGSG_10540,0
FGSG_10541,2
FGSG_10542,1
FGSG_13782,1
FGSG_10543,1
FGSG_13783,1
FGSG_10545,2
FGSG_10546,1
FGSG_10547,4
FGSG_10548,1
FGSG_10549,4
FGSG_10550,5
FGSG_10551,5
FGSG_10552,2
FGSG_10553,3
FGSG_10554,2
FGSG_10555,1
FGSG_10558,2
FGSG_10559,2
FGSG_10560,2
FGSG_10561,2
FGSG_10562,2
FGSG_10563,8
FGSG_10564,1
FGSG_10565,2
FGSG_10566,2
FGSG_10567,2
FGSG_10569,6
FGSG_10570,2
FGSG_10571,2
FGSG_10572,2
FGSG_10573,1
FGSG_13787,1
FGSG_13788,2
FGSG_10575,5
FGSG_10576,2
FGSG_10577,13
FGSG_10578,2
FGSG_10583,2
FGSG_10584,2
FGSG_10585,1
FGSG_10587,2
FGSG_10592,2
FGSG_10593,9
FGSG_10595,2
FGSG_10596,2
FGSG_10597,10
FGSG_10598,1
FGSG_10599,1
FGSG_10600,2
FGSG_10601,2
FGSG_10602,2
FGSG_20065,1
FGSG_10604,2
FGSG_10605,2
FGSG_10606,3
FGSG_10608,2
FGSG_10609,2
FGSG_13796,2
FGSG_13797,2
FGSG_10611,2
FGSG_10612,10
FGSG_10613,2
FGSG_10614,0
FGSG_10615,1
FGSG_10616,2
FGSG_10617,1
FGSG_10618,1
FGSG_10619,9
FGSG_10620,4
FGSG_10621,1
FGSG_10622,1
FGSG_10623,2
FGSG_10624,2
FGSG_10625,0
FGSG_10626,2
FGSG_10627,2
FGSG_13798,2
FGSG_10629,2
FGSG_10630,2
FGSG_10631,2
FGSG_10632,2
FGSG_10633,5
FGSG_10636,2
FGSG_13799,10
FGSG_13800,0
FGSG_10638,4
FGSG_10639,2
FGSG_10641,7
FGSG_10642,1
FGSG_10643,2
FGSG_10644,11
FGSG_13801,2
FGSG_13802,3
FGSG_10646,2
FGSG_10647,2
FGSG_10648,2
FGSG_10651,5
FGSG_10653,4
FGSG_13804,0
FGSG_10654,2
FGSG_10655,1
FGSG_10656,2
FGSG_10657,1
FGSG_10658,1
FGSG_10659,1
FGSG_10660,2
FGSG_10661,6
FGSG_13805,2
FGSG_10665,1
FGSG_10666,1
FGSG_10667,10
FGSG_10668,2
FGSG_10669,1
FGSG_10670,2
FGSG_10671,2
FGSG_10672,2
FGSG_10673,2
FGSG_10674,15
FGSG_10675,2
FGSG_10676,2
FGSG_10677,2
FGSG_10678,2
FGSG_10679,2
FGSG_10680,2
FGSG_13807,2
FGSG_10682,2
FGSG_10683,5
FGSG_10684,1
FGSG_10685,9
FGSG_10686,2
FGSG_10687,2
FGSG_10691,2
FGSG_10692,6
FGSG_10693,2
FGSG_10694,2
FGSG_10695,2
FGSG_10696,2
FGSG_13809,2
FGSG_13810,11
FGSG_10700,2
FGSG_13814,7
FGSG_10706,1
FGSG_10707,2
FGSG_13815,1
FGSG_10708,2
FGSG_10710,6
FGSG_10711,13
FGSG_10712,2
FGSG_10713,2
FGSG_13818,2
FGSG_10714,13
FGSG_10715,5
FGSG_13821,1
FGSG_14031,3
FGSG_13260,4
FGSG_11592,0
FGSG_20044,10
FGSG_11590,3
FGSG_11610,2
FGSG_11609,3
FGSG_11616,2
FGSG_11615,2
FGSG_08950,1
FGSG_08949,3
FGSG_08948,1
FGSG_08947,4
FGSG_08946,2
FGSG_08945,1
FGSG_20692,5
FGSG_08944,1
FGSG_08943,1
FGSG_08942,1
FGSG_08941,2
FGSG_08940,3
FGSG_08939,3
FGSG_13262,8
FGSG_13263,12
FGSG_08937,1
FGSG_08936,1
FGSG_08935,1
FGSG_08934,2
FGSG_08933,3
FGSG_08932,1
FGSG_08931,3
FGSG_08930,1
FGSG_08929,2
FGSG_08928,1
FGSG_13264,2
FGSG_08927,2
FGSG_08926,1
FGSG_08925,1
FGSG_13265,1
FGSG_08924,1
FGSG_13266,1
FGSG_13267,3
FGSG_08923,1
FGSG_08922,4
FGSG_08921,0
FGSG_08920,4
FGSG_08919,2
FGSG_08918,1
FGSG_08917,4
FGSG_13269,1
FGSG_08916,2
FGSG_08915,2
FGSG_20045,2
FGSG_08914,1
FGSG_13270,3
FGSG_08913,3
FGSG_08912,2
FGSG_08911,2
FGSG_08910,3
FGSG_11630,1
FGSG_11629,4
FGSG_08909,2
FGSG_08907,1
FGSG_08906,1
FGSG_13271,5
FGSG_08905,1
FGSG_08904,3
FGSG_13272,3
FGSG_08903,2
FGSG_08902,2
FGSG_08901,3
FGSG_08900,1
FGSG_08899,3
FGSG_08898,1
FGSG_08897,1
FGSG_08896,1
FGSG_08895,2
FGSG_13273,3
FGSG_08894,2
FGSG_08893,2
FGSG_08892,2
FGSG_08891,1
FGSG_08890,0
FGSG_08889,1
FGSG_08888,1
FGSG_08887,1
FGSG_08886,1
FGSG_08885,1
FGSG_08884,1
FGSG_13274,1
FGSG_13275,2
FGSG_08882,2
FGSG_08881,2
FGSG_08880,2
FGSG_08879,4
FGSG_08878,2
FGSG_08877,2
FGSG_08876,1
FGSG_08875,1
FGSG_08874,2
FGSG_08873,2
FGSG_08872,2
FGSG_08871,1
FGSG_13276,1
FGSG_13277,1
FGSG_13278,1
FGSG_13279,2
FGSG_13280,1
FGSG_13281,4
FGSG_13282,1
FGSG_08866,1
FGSG_08865,1
FGSG_08864,1
FGSG_08863,2
FGSG_08862,2
FGSG_08861,2
FGSG_08860,2
FGSG_08859,2
FGSG_08858,1
FGSG_20693,1
FGSG_08857,4
FGSG_08856,1
FGSG_08855,4
FGSG_08854,1
FGSG_08852,1
FGSG_08851,1
FGSG_08850,1
FGSG_08849,10
FGSG_08848,2
FGSG_08847,1
FGSG_08846,1
FGSG_08845,2
FGSG_08844,2
FGSG_08843,2
FGSG_08842,1
FGSG_08841,1
FGSG_08840,1
FGSG_08837,11
FGSG_08834,2
FGSG_08833,2
FGSG_08831,1
FGSG_08830,1
FGSG_08829,1
FGSG_08828,2
FGSG_08827,4
FGSG_08826,2
FGSG_08825,2
FGSG_08823,2
FGSG_13286,2
FGSG_13287,2
FGSG_13288,2
FGSG_08821,4
FGSG_13289,0
FGSG_08819,1
FGSG_08818,2
FGSG_08817,2
FGSG_08816,2
FGSG_13290,3
FGSG_13291,3
FGSG_13292,2
FGSG_13293,1
FGSG_13294,2
FGSG_08814,0
FGSG_08813,7
FGSG_08812,1
FGSG_08811,4
FGSG_20695,0
FGSG_08810,1
FGSG_08809,2
FGSG_08808,2
FGSG_08807,1
FGSG_08806,2
FGSG_08805,3
FGSG_08804,2
FGSG_08803,1
FGSG_08802,1
FGSG_08801,2
FGSG_08800,1
FGSG_08799,2
FGSG_08798,2
FGSG_08797,2
FGSG_08796,1
FGSG_08795,2
FGSG_08794,4
FGSG_08792,4
FGSG_08791,1
FGSG_13295,3
FGSG_08790,2
FGSG_13296,1
FGSG_20698,1
FGSG_13297,2
FGSG_13298,5
FGSG_08788,1
FGSG_08787,0
FGSG_08786,1
FGSG_08785,1
FGSG_08784,2
FGSG_08783,2
FGSG_08782,2
FGSG_08781,3
FGSG_08780,2
FGSG_08779,2
FGSG_08778,2
FGSG_08777,2
FGSG_08776,1
FGSG_08775,1
FGSG_08774,1
FGSG_08773,1
FGSG_08772,1
FGSG_08771,1
FGSG_08770,1
FGSG_08769,2
FGSG_08768,12
FGSG_08767,1
FGSG_13299,1
FGSG_13300,2
FGSG_08765,1
FGSG_08764,2
FGSG_13301,2
FGSG_08763,2
FGSG_13302,1
FGSG_08762,3
FGSG_08761,4
FGSG_08760,1
FGSG_08759,3
FGSG_08758,1
FGSG_08757,2
FGSG_08756,1
FGSG_08755,3
FGSG_08754,1
FGSG_08753,1
FGSG_08752,2
FGSG_08751,1
FGSG_08750,1
FGSG_08749,1
FGSG_08748,1
FGSG_08747,2
FGSG_08746,0
FGSG_08745,1
FGSG_08744,1
FGSG_08743,1
FGSG_13304,1
FGSG_08742,1
FGSG_08741,3
FGSG_08740,1
FGSG_08739,1
FGSG_08738,1
FGSG_08737,1
FGSG_08736,2
FGSG_08735,1
FGSG_13305,1
FGSG_08734,3
FGSG_13306,3
FGSG_13307,1
FGSG_08732,1
FGSG_13308,1
FGSG_08731,2
FGSG_08730,1
FGSG_08729,1
FGSG_08728,1
FGSG_08727,1
FGSG_08726,2
FGSG_13309,2
FGSG_13310,1
FGSG_08724,2
FGSG_08723,1
FGSG_08722,2
FGSG_08721,2
FGSG_08720,3
FGSG_08719,2
FGSG_08718,1
FGSG_08717,4
FGSG_08716,1
FGSG_08715,2
FGSG_08714,1
FGSG_08713,1
FGSG_08712,1
FGSG_13311,1
FGSG_13312,2
FGSG_08710,1
FGSG_08709,1
FGSG_08708,2
FGSG_08707,1
FGSG_08706,1
FGSG_13313,3
FGSG_08705,1
FGSG_08704,3
FGSG_08703,1
FGSG_08702,3
FGSG_08701,3
FGSG_08700,1
FGSG_08699,2
FGSG_08698,2
FGSG_13314,1
FGSG_13315,15
FGSG_08697,1
FGSG_08696,1
FGSG_13316,2
FGSG_13317,0
FGSG_08695,1
FGSG_08694,1
FGSG_08693,1
FGSG_08692,1
FGSG_08691,3
FGSG_08690,2
FGSG_08689,2
FGSG_08688,4
FGSG_08687,2
FGSG_08686,4
FGSG_08685,2
FGSG_08684,4
FGSG_13318,1
FGSG_13319,3
FGSG_08682,1
FGSG_20700,7
FGSG_08681,1
FGSG_08680,1
FGSG_08679,1
FGSG_08678,2
FGSG_08677,1
FGSG_08676,1
FGSG_13320,2
FGSG_08675,1
FGSG_08674,1
FGSG_08673,1
FGSG_08672,4
FGSG_13321,1
FGSG_13322,2
FGSG_08670,2
FGSG_08669,1
FGSG_08668,4
FGSG_08667,3
FGSG_08666,2
FGSG_08664,1
FGSG_08663,1
FGSG_13323,14
FGSG_13324,3
FGSG_08662,1
FGSG_08661,1
FGSG_08660,3
FGSG_08659,1
FGSG_08658,2
FGSG_08657,2
FGSG_08656,1
FGSG_08655,1
FGSG_08654,2
FGSG_08653,2
FGSG_08652,10
FGSG_08651,1
FGSG_08650,1
FGSG_08649,2
FGSG_08648,2
FGSG_08647,1
FGSG_08646,3
FGSG_08645,0
FGSG_08644,1
FGSG_08643,1
FGSG_13325,8
FGSG_08641,2
FGSG_08640,2
FGSG_08639,3
FGSG_08638,1
FGSG_08637,3
FGSG_13326,1
FGSG_08636,1
FGSG_08635,1
FGSG_08634,3
FGSG_13327,1
FGSG_08633,1
FGSG_08632,1
FGSG_08631,1
FGSG_08630,1
FGSG_13328,1
FGSG_08628,1
FGSG_08627,1
FGSG_08626,1
FGSG_08625,2
FGSG_08624,2
FGSG_08623,2
FGSG_08622,4
FGSG_08621,4
FGSG_08620,2
FGSG_08619,1
FGSG_08618,4
FGSG_13330,1
FGSG_08617,1
FGSG_13331,14
FGSG_08616,1
FGSG_13332,1
FGSG_08615,2
FGSG_08614,4
FGSG_08613,1
FGSG_08612,1
FGSG_20701,6
FGSG_08610,1
FGSG_08609,1
FGSG_20702,9
FGSG_13333,1
FGSG_13334,1
FGSG_08608,1
FGSG_08607,1
FGSG_08606,1
FGSG_08605,12
FGSG_08604,2
FGSG_08603,1
FGSG_13335,0
FGSG_08601,1
FGSG_13336,2
FGSG_13337,1
FGSG_08599,2
FGSG_08598,3
FGSG_08597,0
FGSG_08596,1
FGSG_08595,1
FGSG_08594,1
FGSG_08593,2
FGSG_08592,1
FGSG_08591,3
FGSG_08590,2
FGSG_08589,1
FGSG_08588,2
FGSG_08587,0
FGSG_08586,1
FGSG_08585,1
FGSG_08584,1
FGSG_08583,4
FGSG_08582,1
FGSG_08581,1
FGSG_08580,1
FGSG_08579,2
FGSG_08578,4
FGSG_08577,1
FGSG_08576,1
FGSG_08575,4
FGSG_08574,1
FGSG_08573,1
FGSG_08572,3
FGSG_08571,2
FGSG_08570,0
FGSG_08569,4
FGSG_08568,1
FGSG_08567,1
FGSG_08566,1
FGSG_13338,1
FGSG_13339,3
FGSG_08564,2
FGSG_08563,1
FGSG_13340,1
FGSG_08562,1
FGSG_08561,2
FGSG_08560,1
FGSG_13341,1
FGSG_08559,4
FGSG_08558,4
FGSG_08557,1
FGSG_08556,2
FGSG_08555,12
FGSG_08554,2
FGSG_08553,2
FGSG_08552,2
FGSG_08551,1
FGSG_08550,2
FGSG_08549,1
FGSG_20046,1
FGSG_08548,1
FGSG_13342,2
FGSG_13343,2
FGSG_08547,3
FGSG_08546,4
FGSG_08545,1
FGSG_08544,3
FGSG_08543,2
FGSG_08542,2
FGSG_08541,1
FGSG_08540,3
FGSG_08539,8
FGSG_13344,1
FGSG_08538,2
FGSG_13345,0
FGSG_08537,1
FGSG_08536,1
FGSG_08535,1
FGSG_08534,1
FGSG_08533,0
FGSG_08532,1
FGSG_08531,1
FGSG_08530,1
FGSG_08529,1
FGSG_08528,1
FGSG_08527,1
FGSG_08526,1
FGSG_13347,1
FGSG_13348,2
FGSG_13349,3
FGSG_13350,1
FGSG_08523,3
FGSG_08522,2
FGSG_08521,2
FGSG_08520,1
FGSG_08519,1
FGSG_08518,3
FGSG_08517,2
FGSG_08516,1
FGSG_08515,1
FGSG_08514,1
FGSG_08513,2
FGSG_08512,0
FGSG_08511,2
FGSG_08510,4
FGSG_08509,4
FGSG_08508,3
FGSG_08507,4
FGSG_08506,2
FGSG_08505,10
FGSG_08504,2
FGSG_08503,4
FGSG_08502,1
FGSG_13351,2
FGSG_08501,2
FGSG_08500,2
FGSG_08499,1
FGSG_08498,1
FGSG_13352,1
FGSG_13353,2
FGSG_08496,4
FGSG_08495,2
FGSG_08494,2
FGSG_08493,1
FGSG_08492,1
FGSG_08491,1
FGSG_08490,1
FGSG_08489,1
FGSG_13354,6
FGSG_13355,1
FGSG_08487,1
FGSG_08486,2
FGSG_08485,1
FGSG_13356,1
FGSG_08483,14
FGSG_08482,1
FGSG_08481,5
FGSG_08480,2
FGSG_08479,0
FGSG_08478,1
FGSG_08477,4
FGSG_08476,2
FGSG_13357,2
FGSG_13358,2
FGSG_08474,1
FGSG_08473,2
FGSG_08472,0
FGSG_08471,1
FGSG_08470,3
FGSG_08469,2
FGSG_20705,1
FGSG_08468,2
FGSG_08467,1
FGSG_08466,1
FGSG_13359,1
FGSG_13360,4
FGSG_08465,2
FGSG_08464,7
FGSG_08463,1
FGSG_20707,1
FGSG_08462,2
FGSG_08461,2
FGSG_08460,2
FGSG_08459,1
FGSG_13361,1
FGSG_08458,1
FGSG_08457,1
FGSG_08456,1
FGSG_08455,3
FGSG_08454,1
FGSG_08453,1
FGSG_08452,1
FGSG_08451,2
FGSG_08450,1
FGSG_08449,2
FGSG_08448,1
FGSG_08447,1
FGSG_08446,1
FGSG_08445,2
FGSG_08444,8
FGSG_08443,1
FGSG_13362,0
FGSG_08442,1
FGSG_13363,9
FGSG_13364,2
FGSG_08440,2
FGSG_08439,3
FGSG_13365,2
FGSG_13366,2
FGSG_08437,2
FGSG_13367,2
FGSG_08436,2
FGSG_08435,1
FGSG_08434,2
FGSG_13368,1
FGSG_13369,2
FGSG_13370,1
FGSG_08432,2
FGSG_08431,1
FGSG_08430,2
FGSG_08429,1
FGSG_08428,1
FGSG_08427,3
FGSG_08426,4
FGSG_08425,1
FGSG_08424,2
FGSG_08423,2
FGSG_08422,3
FGSG_08421,1
FGSG_08420,4
FGSG_08419,2
FGSG_08418,2
FGSG_08417,1
FGSG_08416,3
FGSG_13371,2
FGSG_13372,2
FGSG_08415,1
FGSG_08414,0
FGSG_08413,2
FGSG_08412,3
FGSG_08411,2
FGSG_08408,4
FGSG_08407,4
FGSG_13373,0
FGSG_08405,2
FGSG_08404,2
FGSG_08403,1
FGSG_20708,6
FGSG_08402,1
FGSG_08401,1
FGSG_08400,3
FGSG_08399,2
FGSG_08398,2
FGSG_08397,1
FGSG_08396,2
FGSG_08395,2
FGSG_08394,1
FGSG_13374,10
FGSG_08393,1
FGSG_08392,2
FGSG_08391,2
FGSG_08390,3
FGSG_08389,1
FGSG_08388,1
FGSG_08387,1
FGSG_08386,1
FGSG_08385,3
FGSG_08384,1
FGSG_08383,1
FGSG_08382,1
FGSG_08381,1
FGSG_08380,2
FGSG_08379,2
FGSG_08378,1
FGSG_08377,1
FGSG_08376,3
FGSG_08375,2
FGSG_20709,4
FGSG_08374,2
FGSG_08373,1
FGSG_08372,1
FGSG_08371,1
FGSG_08370,1
FGSG_08369,0
FGSG_08368,1
FGSG_08367,1
FGSG_08365,1
FGSG_08364,1
FGSG_08363,1
FGSG_08362,1
FGSG_08361,1
FGSG_13375,1
FGSG_13376,1
FGSG_13377,1
FGSG_08360,2
FGSG_13378,1
FGSG_08359,4
FGSG_08358,4
FGSG_08357,2
FGSG_13379,1
FGSG_08356,1
FGSG_13380,1
FGSG_13381,1
FGSG_08354,1
FGSG_13382,1
FGSG_08353,14
FGSG_08352,1
FGSG_08351,1
FGSG_08350,1
FGSG_08349,8
FGSG_08348,1
FGSG_13383,2
FGSG_08347,1
FGSG_13384,0
FGSG_20711,4
FGSG_20712,15
FGSG_08346,2
FGSG_13385,4
FGSG_13386,5
FGSG_08344,2
FGSG_13387,1
FGSG_08343,1
FGSG_08342,1
FGSG_08341,2
FGSG_13388,1
FGSG_13389,2
FGSG_08339,1
FGSG_13390,0
FGSG_08338,1
FGSG_08337,1
FGSG_08336,1
FGSG_08335,1
FGSG_08334,2
FGSG_08333,1
FGSG_08332,0
FGSG_08329,1
FGSG_08328,1
FGSG_08327,2
FGSG_13391,1
FGSG_08325,2
FGSG_13392,2
FGSG_08324,14
FGSG_08323,1
FGSG_08322,1
FGSG_08321,1
FGSG_08320,10
FGSG_13393,0
FGSG_13394,2
FGSG_08316,4
FGSG_08315,1
FGSG_08314,1
FGSG_08313,1
FGSG_08312,1
FGSG_08311,2
FGSG_08310,1
FGSG_08309,2
FGSG_08308,2
FGSG_08307,1
FGSG_08306,3
FGSG_08305,1
FGSG_13395,0
FGSG_08304,1
FGSG_08303,2
FGSG_08302,1
FGSG_13396,1
FGSG_13397,1
FGSG_08299,2
FGSG_08298,1
FGSG_08297,14
FGSG_08296,1
FGSG_08295,1
FGSG_08294,14
FGSG_08293,1
FGSG_08292,2
FGSG_08291,1
FGSG_08290,1
FGSG_08289,8
FGSG_08288,1
FGSG_13398,1
FGSG_13399,0
FGSG_08286,2
FGSG_08285,2
FGSG_08284,2
FGSG_08283,2
FGSG_20714,10
FGSG_08281,8
FGSG_08279,9
FGSG_08278,14
FGSG_08277,8
FGSG_08276,2
FGSG_13401,3
FGSG_08275,1
FGSG_08273,3
FGSG_08272,2
FGSG_13403,1
FGSG_13404,1
FGSG_13405,2
FGSG_08270,1
FGSG_08269,1
FGSG_13406,8
FGSG_08268,13
FGSG_08267,1
FGSG_08266,1
FGSG_08265,1
FGSG_08261,1
FGSG_13407,4
FGSG_13408,4
FGSG_13409,2
FGSG_13410,2
FGSG_08256,1
FGSG_08255,0
FGSG_08254,2
FGSG_08253,14
FGSG_08252,2
FGSG_08251,1
FGSG_08250,1
FGSG_08249,2
FGSG_08248,2
FGSG_08247,9
FGSG_08246,11
FGSG_08245,11
FGSG_08244,2
FGSG_13412,2
FGSG_13413,2
FGSG_13414,2
FGSG_08240,2
FGSG_08239,2
FGSG_13415,0
FGSG_08238,1
FGSG_08237,2
FGSG_08236,1
FGSG_08235,2
FGSG_13416,2
FGSG_13417,2
FGSG_08233,2
FGSG_08232,4
FGSG_08231,2
FGSG_08230,1
FGSG_08229,4
FGSG_08228,4
FGSG_08227,6
FGSG_13418,2
FGSG_13419,2
FGSG_08224,2
FGSG_08223,2
FGSG_08222,1
FGSG_08221,1
FGSG_08220,2
FGSG_13420,5
FGSG_08214,1
FGSG_08213,1
FGSG_13421,1
FGSG_08210,2
FGSG_08209,2
FGSG_08208,2
FGSG_08207,1
FGSG_08206,0
FGSG_08205,2
FGSG_08204,2
FGSG_08203,6
FGSG_13422,2
FGSG_13423,2
FGSG_08201,2
FGSG_08200,2
FGSG_08199,2
FGSG_08198,6
FGSG_08197,11
FGSG_08196,4
FGSG_13426,2
FGSG_13427,4
FGSG_08194,2
FGSG_08193,2
FGSG_08192,4
FGSG_08191,2
FGSG_13429,11
FGSG_08188,2
FGSG_08187,2
FGSG_08186,2
FGSG_08185,11
FGSG_08184,2
FGSG_08183,7
FGSG_08182,7
FGSG_08181,10
FGSG_08180,1
FGSG_08179,0
FGSG_08178,2
FGSG_08177,2
FGSG_08176,2
FGSG_08175,2
FGSG_08174,3
FGSG_08173,1
FGSG_08172,1
FGSG_08170,1
FGSG_08169,5
FGSG_08166,4
FGSG_08165,11
FGSG_08164,2
FGSG_08163,1
FGSG_13430,5
FGSG_13431,2
FGSG_08161,5
FGSG_08159,0
FGSG_08158,3
FGSG_08157,10
FGSG_08156,7
FGSG_08155,2
FGSG_08153,2
FGSG_08152,2
FGSG_08151,1
FGSG_08150,2
FGSG_08149,2
FGSG_08148,3
FGSG_08146,2
FGSG_08145,2
FGSG_08144,2
FGSG_13432,2
FGSG_13433,2
FGSG_08142,2
FGSG_08141,2
FGSG_08140,6
FGSG_08139,2
FGSG_08138,2
FGSG_08137,2
FGSG_08135,2
FGSG_13434,0
FGSG_08134,1
FGSG_08133,1
FGSG_13435,1
FGSG_13436,1
FGSG_08131,1
FGSG_08130,2
FGSG_08129,1
FGSG_08128,1
FGSG_08127,1
FGSG_08126,2
FGSG_13438,3
FGSG_13439,1
FGSG_08125,1
FGSG_08123,2
FGSG_08122,1
FGSG_08121,1
FGSG_08120,12
FGSG_08119,5
FGSG_08118,10
FGSG_08117,1
FGSG_08116,3
FGSG_08115,0
FGSG_08114,2
FGSG_08113,0
FGSG_13440,2
FGSG_08112,2
FGSG_08111,2
FGSG_08110,2
FGSG_08109,2
FGSG_08108,2
FGSG_08107,2
FGSG_08105,13
FGSG_08103,2
FGSG_08102,2
FGSG_08101,2
FGSG_13441,2
FGSG_08100,7
FGSG_08098,6
FGSG_08096,2
FGSG_08093,15
FGSG_08091,11
FGSG_08090,1
FGSG_13442,1
FGSG_08087,9
FGSG_13444,2
FGSG_13445,2
FGSG_08085,0
FGSG_08084,2
FGSG_08083,2
FGSG_08082,2
FGSG_08081,2
FGSG_08080,2
FGSG_08079,2
FGSG_08078,2
FGSG_08077,2
FGSG_08076,2
FGSG_08075,2
FGSG_08074,5
FGSG_08073,7
FGSG_08072,2
FGSG_08071,2
FGSG_08070,2
FGSG_13446,1
FGSG_08069,1
FGSG_08068,2
FGSG_08067,2
FGSG_08066,2
FGSG_08065,2
FGSG_08064,2
FGSG_08063,4
FGSG_08062,2
FGSG_08061,1
FGSG_08058,1
FGSG_08057,13
FGSG_08055,1
FGSG_08054,2
FGSG_08053,2
FGSG_08052,2
FGSG_08050,5
FGSG_08049,2
FGSG_08048,2
FGSG_08047,2
FGSG_08046,7
FGSG_08045,2
FGSG_08044,2
FGSG_08043,2
FGSG_08042,2
FGSG_08040,4
FGSG_08039,2
FGSG_08038,2
FGSG_08037,2
FGSG_08035,2
FGSG_08034,2
FGSG_08033,7
FGSG_08032,4
FGSG_13449,4
FGSG_08031,4
FGSG_08030,1
FGSG_13450,1
FGSG_08028,2
FGSG_08027,14
FGSG_13453,0
FGSG_08024,2
FGSG_08023,2
FGSG_08022,2
FGSG_08021,2
FGSG_08020,2
FGSG_08019,2
FGSG_13455,2
FGSG_13456,2
FGSG_08017,4
FGSG_08016,7
FGSG_08015,1
FGSG_08014,4
FGSG_08013,1
FGSG_08012,1
FGSG_08011,0
FGSG_08010,0
FGSG_08009,4
FGSG_13458,1
FGSG_13459,2
FGSG_08007,2
FGSG_08006,9
FGSG_08004,2
FGSG_08003,1
FGSG_08002,12
FGSG_08001,2
FGSG_08000,2
FGSG_07999,4
FGSG_07998,1
FGSG_07997,2
FGSG_07996,9
FGSG_07995,2
FGSG_13461,2
FGSG_13462,4
FGSG_07993,2
FGSG_07992,1
FGSG_07991,2
FGSG_07990,11
FGSG_13464,2
FGSG_13465,2
FGSG_07989,13
FGSG_07988,2
FGSG_07986,2
FGSG_07985,2
FGSG_07982,2
FGSG_07981,14
FGSG_07980,2
FGSG_07979,1
FGSG_07978,2
FGSG_07977,2
FGSG_07976,5
FGSG_07974,2
FGSG_07973,1
FGSG_07972,1
FGSG_11631,2
FGSG_11635,2
FGSG_04689,1
FGSG_04688,4
FGSG_04687,7
FGSG_04686,2
FGSG_12201,6
FGSG_04685,6
FGSG_04683,2
FGSG_04680,2
FGSG_04679,2
FGSG_04677,2
FGSG_04676,2
FGSG_04675,2
FGSG_04673,2
FGSG_04672,2
FGSG_04671,2
FGSG_12202,14
FGSG_12203,1
FGSG_12204,1
FGSG_04667,1
FGSG_04666,2
FGSG_04665,2
FGSG_12205,2
FGSG_12206,2
FGSG_04663,2
FGSG_12207,4
FGSG_04662,4
FGSG_04661,2
FGSG_04660,2
FGSG_04659,2
FGSG_04658,2
FGSG_04657,2
FGSG_04656,2
FGSG_04655,2
FGSG_04654,2
FGSG_04653,2
FGSG_04652,2
FGSG_04651,2
FGSG_04650,1
FGSG_12208,6
FGSG_04648,1
FGSG_04647,2
FGSG_12209,2
FGSG_04645,2
FGSG_04644,2
FGSG_04643,2
FGSG_04642,0
FGSG_04641,5
FGSG_04640,9
FGSG_04637,2
FGSG_04635,5
FGSG_12211,2
FGSG_04633,2
FGSG_04632,2
FGSG_04631,3
FGSG_04630,3
FGSG_04629,2
FGSG_04628,2
FGSG_04627,4
FGSG_04626,2
FGSG_04622,2
FGSG_04621,0
FGSG_12214,2
FGSG_04620,2
FGSG_12215,2
FGSG_12216,2
FGSG_04619,2
FGSG_04617,2
FGSG_04616,2
FGSG_04615,1
FGSG_04614,14
FGSG_04613,2
FGSG_04612,1
FGSG_04611,1
FGSG_04610,2
FGSG_04609,2
FGSG_20558,5
FGSG_04608,1
FGSG_04607,1
FGSG_04606,1
FGSG_04605,4
FGSG_04604,1
FGSG_04603,10
FGSG_12217,1
FGSG_12219,2
FGSG_12220,2
FGSG_04600,2
FGSG_04599,2
FGSG_04598,2
FGSG_12221,5
FGSG_04596,1
FGSG_04595,1
FGSG_12222,1
FGSG_12223,1
FGSG_04593,1
FGSG_04592,1
FGSG_04591,1
FGSG_04590,1
FGSG_04589,1
FGSG_04588,1
FGSG_04587,2
FGSG_12224,2
FGSG_12225,2
FGSG_12226,2
FGSG_04584,2
FGSG_04583,1
FGSG_04582,1
FGSG_04581,2
FGSG_04580,2
FGSG_04579,1
FGSG_04578,1
FGSG_04577,1
FGSG_04576,3
FGSG_04575,2
FGSG_04574,1
FGSG_20559,13
FGSG_12230,1
FGSG_04572,10
FGSG_04571,2
FGSG_04570,4
FGSG_04569,1
FGSG_04568,1
FGSG_04567,1
FGSG_04566,1
FGSG_04565,2
FGSG_12231,1
FGSG_12232,4
FGSG_04563,2
FGSG_04561,15
FGSG_04560,1
FGSG_04559,1
FGSG_04558,1
FGSG_20560,5
FGSG_12233,1
FGSG_04557,1
FGSG_04556,2
FGSG_04555,1
FGSG_04554,1
FGSG_04553,2
FGSG_04550,15
FGSG_12234,2
FGSG_04548,3
FGSG_04547,2
FGSG_04546,1
FGSG_04545,2
FGSG_04544,2
FGSG_04543,2
FGSG_04542,2
FGSG_04541,14
FGSG_04540,4
FGSG_04539,2
FGSG_04538,2
FGSG_04537,2
FGSG_04536,2
FGSG_04534,2
FGSG_04533,2
FGSG_04530,2
FGSG_04529,1
FGSG_04528,2
FGSG_04527,2
FGSG_04526,2
FGSG_04525,2
FGSG_04524,2
FGSG_12236,5
FGSG_04521,15
FGSG_04519,2
FGSG_04518,2
FGSG_04517,2
FGSG_04516,0
FGSG_04515,2
FGSG_04514,2
FGSG_04513,1
FGSG_04512,2
FGSG_04511,2
FGSG_04510,3
FGSG_12237,6
FGSG_12240,2
FGSG_12241,2
FGSG_04507,2
FGSG_04504,2
FGSG_12244,2
FGSG_04503,2
FGSG_04502,2
FGSG_04501,2
FGSG_04500,1
FGSG_04499,1
FGSG_04497,2
FGSG_04496,2
FGSG_04494,1
FGSG_04493,2
FGSG_04492,3
FGSG_12245,0
FGSG_12246,2
FGSG_12247,11
FGSG_04490,1
FGSG_04489,1
FGSG_04488,2
FGSG_04487,2
FGSG_04486,2
FGSG_04485,1
FGSG_04484,2
FGSG_04483,2
FGSG_04482,1
FGSG_04481,4
FGSG_12248,1
FGSG_04480,1
FGSG_12249,1
FGSG_04479,3
FGSG_04478,1
FGSG_04477,3
FGSG_04476,2
FGSG_04475,1
FGSG_04474,2
FGSG_04473,1
FGSG_04472,1
FGSG_04471,2
FGSG_04470,1
FGSG_04469,13
FGSG_12250,1
FGSG_12251,1
FGSG_04466,9
FGSG_04465,2
FGSG_20007,0
FGSG_12252,1
FGSG_20008,1
FGSG_04463,2
FGSG_04462,11
FGSG_04461,1
FGSG_04460,2
FGSG_12253,9
FGSG_12254,2
FGSG_04459,1
FGSG_04458,1
FGSG_04457,2
FGSG_04456,1
FGSG_04455,1
FGSG_04454,1
FGSG_04453,2
FGSG_04452,2
FGSG_04451,1
FGSG_12255,2
FGSG_12256,2
FGSG_04450,1
FGSG_04449,2
FGSG_04448,2
FGSG_04447,2
FGSG_04446,3
FGSG_04445,1
FGSG_04444,1
FGSG_04443,6
FGSG_04442,13
FGSG_04441,8
FGSG_04440,2
FGSG_04439,1
FGSG_04438,2
FGSG_04437,4
FGSG_04436,2
FGSG_04435,5
FGSG_04434,1
FGSG_04433,2
FGSG_04432,2
FGSG_04431,2
FGSG_04429,1
FGSG_04428,2
FGSG_04427,1
FGSG_12257,2
FGSG_12258,1
FGSG_20009,1
FGSG_04426,1
FGSG_04425,1
FGSG_04424,3
FGSG_12259,2
FGSG_04423,3
FGSG_04422,12
FGSG_04421,0
FGSG_04420,1
FGSG_04419,1
FGSG_04418,3
FGSG_04417,1
FGSG_04416,3
FGSG_04415,2
FGSG_04414,4
FGSG_12260,8
FGSG_04413,1
FGSG_04412,1
FGSG_04411,1
FGSG_04410,2
FGSG_04409,2
FGSG_04408,3
FGSG_04407,1
FGSG_12261,2
FGSG_04404,3
FGSG_04403,2
FGSG_04402,2
FGSG_04401,1
FGSG_04400,12
FGSG_04399,4
FGSG_04398,2
FGSG_04397,2
FGSG_04396,2
FGSG_04395,1
FGSG_04394,1
FGSG_04393,2
FGSG_04392,3
FGSG_04391,3
FGSG_04390,1
FGSG_04388,1
FGSG_12263,11
FGSG_12264,2
FGSG_04386,1
FGSG_04385,2
FGSG_04384,1
FGSG_04383,1
FGSG_04382,1
FGSG_04381,2
FGSG_20010,5
FGSG_12265,1
FGSG_04380,1
FGSG_04379,3
FGSG_04378,1
FGSG_04377,2
FGSG_04376,2
FGSG_04375,1
FGSG_04373,15
FGSG_04372,2
FGSG_04371,2
FGSG_04370,1
FGSG_04369,1
FGSG_04368,2
FGSG_04367,2
FGSG_04366,1
FGSG_04365,2
FGSG_04364,1
FGSG_04363,1
FGSG_04362,2
FGSG_04361,0
FGSG_04360,4
FGSG_20563,15
FGSG_04359,1
FGSG_04358,1
FGSG_04357,2
FGSG_04356,1
FGSG_04355,1
FGSG_12266,2
FGSG_04354,2
FGSG_12267,2
FGSG_12268,15
FGSG_04353,1
FGSG_04352,1
FGSG_04351,1
FGSG_04350,1
FGSG_04349,3
FGSG_04348,1
FGSG_12269,1
FGSG_04347,1
FGSG_04346,1
FGSG_04345,13
FGSG_04344,2
FGSG_04343,1
FGSG_04342,2
FGSG_04341,9
FGSG_04340,1
FGSG_12270,1
FGSG_12271,3
FGSG_04339,1
FGSG_12272,2
FGSG_12273,1
FGSG_04336,1
FGSG_04335,3
FGSG_04334,1
FGSG_04333,1
FGSG_04332,1
FGSG_04331,8
FGSG_04330,2
FGSG_12274,0
FGSG_04329,2
FGSG_04328,1
FGSG_04327,2
FGSG_04326,3
FGSG_04325,2
FGSG_04324,2
FGSG_04323,1
FGSG_04322,3
FGSG_04321,2
FGSG_20012,1
FGSG_04320,1
FGSG_04319,0
FGSG_12275,2
FGSG_12276,3
FGSG_04317,1
FGSG_04316,2
FGSG_04315,1
FGSG_04314,2
FGSG_04313,2
FGSG_04312,1
FGSG_04311,1
FGSG_04310,1
FGSG_04309,1
FGSG_04308,2
FGSG_04307,10
FGSG_04306,3
FGSG_04305,1
FGSG_04304,1
FGSG_04303,1
FGSG_04302,4
FGSG_04301,3
FGSG_12277,1
FGSG_04300,2
FGSG_04299,1
FGSG_04298,2
FGSG_04297,1
FGSG_04296,2
FGSG_04295,1
FGSG_04294,1
FGSG_04293,2
FGSG_12278,2
FGSG_04292,3
FGSG_04291,1
FGSG_04290,1
FGSG_04289,12
FGSG_04288,1
FGSG_04287,1
FGSG_04286,1
FGSG_04285,2
FGSG_04284,1
FGSG_04283,2
FGSG_12279,2
FGSG_04282,2
FGSG_04281,2
FGSG_04280,2
FGSG_04279,1
FGSG_04278,1
FGSG_04277,1
FGSG_04276,2
FGSG_04275,12
FGSG_04274,2
FGSG_04273,12
FGSG_04272,2
FGSG_04271,1
FGSG_04270,1
FGSG_12280,1
FGSG_12281,1
FGSG_12282,2
FGSG_20013,0
FGSG_04268,2
FGSG_04267,2
FGSG_04266,1
FGSG_04265,0
FGSG_04264,3
FGSG_04263,1
FGSG_04262,11
FGSG_04261,1
FGSG_04260,1
FGSG_04259,2
FGSG_04258,2
FGSG_04257,2
FGSG_04256,1
FGSG_04255,2
FGSG_04254,2
FGSG_04253,3
FGSG_04252,2
FGSG_04251,2
FGSG_04250,2
FGSG_12283,2
FGSG_12284,2
FGSG_04248,2
FGSG_04247,2
FGSG_04245,1
FGSG_04244,1
FGSG_04243,4
FGSG_04242,4
FGSG_04241,7
FGSG_04240,5
FGSG_04239,2
FGSG_04238,11
FGSG_04237,2
FGSG_04236,1
FGSG_04235,4
FGSG_04234,1
FGSG_04233,1
FGSG_04232,1
FGSG_04231,1
FGSG_04230,1
FGSG_04229,2
FGSG_12287,7
FGSG_04228,1
FGSG_12288,1
FGSG_04227,2
FGSG_04226,1
FGSG_04225,2
FGSG_04224,1
FGSG_04223,1
FGSG_04222,1
FGSG_04221,3
FGSG_04220,3
FGSG_04219,2
FGSG_04218,1
FGSG_04217,2
FGSG_04216,2
FGSG_04215,2
FGSG_04214,3
FGSG_04213,1
FGSG_12289,1
FGSG_04212,1
FGSG_04211,2
FGSG_04210,3
FGSG_04209,1
FGSG_04208,1
FGSG_04207,2
FGSG_04206,1
FGSG_12290,0
FGSG_12291,1
FGSG_12292,4
FGSG_04204,2
FGSG_12293,7
FGSG_04203,1
FGSG_04202,4
FGSG_04201,1
FGSG_04200,13
FGSG_04199,1
FGSG_04198,1
FGSG_04197,1
FGSG_04196,1
FGSG_04194,1
FGSG_04193,1
FGSG_04192,1
FGSG_04191,1
FGSG_04190,2
FGSG_04189,1
FGSG_04188,2
FGSG_04187,2
FGSG_04186,2
FGSG_04185,2
FGSG_04184,1
FGSG_04183,1
FGSG_04182,1
FGSG_20564,1
FGSG_04181,1
FGSG_04180,2
FGSG_04179,4
FGSG_04178,1
FGSG_04177,2
FGSG_04176,2
FGSG_04175,2
FGSG_04174,2
FGSG_04173,3
FGSG_04172,1
FGSG_04171,3
FGSG_04170,2
FGSG_04169,2
FGSG_04168,1
FGSG_04167,2
FGSG_04166,12
FGSG_04165,2
FGSG_04164,3
FGSG_04163,1
FGSG_04162,1
FGSG_04161,2
FGSG_04160,1
FGSG_04159,1
FGSG_04158,1
FGSG_04157,2
FGSG_12295,1
FGSG_12296,4
FGSG_04155,4
FGSG_04154,2
FGSG_04153,2
FGSG_04152,1
FGSG_04151,2
FGSG_04150,1
FGSG_04149,2
FGSG_04148,2
FGSG_04147,3
FGSG_04146,1
FGSG_04144,0
FGSG_04143,2
FGSG_04142,1
FGSG_04141,0
FGSG_04140,2
FGSG_04139,2
FGSG_04138,2
FGSG_04137,2
FGSG_04136,1
FGSG_04135,1
FGSG_04134,3
FGSG_04133,2
FGSG_12298,2
FGSG_12299,6
FGSG_12300,0
FGSG_12301,1
FGSG_12302,3
FGSG_12303,3
FGSG_04131,4
FGSG_04130,1
FGSG_04129,1
FGSG_04128,1
FGSG_04127,1
FGSG_04126,1
FGSG_04125,1
FGSG_04124,1
FGSG_04123,2
FGSG_04122,1
FGSG_04121,1
FGSG_04120,2
FGSG_04119,2
FGSG_04118,3
FGSG_04117,1
FGSG_04116,5
FGSG_04115,3
FGSG_04114,1
FGSG_04113,1
FGSG_04112,1
FGSG_04111,2
FGSG_04110,3
FGSG_04109,3
FGSG_04108,2
FGSG_04107,1
FGSG_04106,1
FGSG_04105,0
FGSG_04104,2
FGSG_04103,4
FGSG_12304,2
FGSG_04102,2
FGSG_04101,3
FGSG_04100,1
FGSG_04099,2
FGSG_12305,2
FGSG_12306,1
FGSG_04097,2
FGSG_12307,1
FGSG_12308,2
FGSG_12309,2
FGSG_04095,1
FGSG_04094,2
FGSG_20565,2
FGSG_20566,0
FGSG_04093,2
FGSG_20014,1
FGSG_04092,1
FGSG_04091,1
FGSG_04090,1
FGSG_04089,1
FGSG_04088,2
FGSG_04087,1
FGSG_04086,1
FGSG_04085,1
FGSG_04084,3
FGSG_04083,1
FGSG_20567,6
FGSG_20568,13
FGSG_04081,2
FGSG_12311,2
FGSG_04079,2
FGSG_04078,0
FGSG_12312,2
FGSG_04077,4
FGSG_12313,3
FGSG_12314,3
FGSG_04075,7
FGSG_04074,1
FGSG_12315,2
FGSG_12316,1
FGSG_04072,4
FGSG_04071,1
FGSG_04070,1
FGSG_04069,3
FGSG_12317,4
FGSG_04068,1
FGSG_04067,1
FGSG_04065,2
FGSG_04064,2
FGSG_12318,0
FGSG_04063,1
FGSG_12319,2
FGSG_12320,2
FGSG_04060,0
FGSG_04058,1
FGSG_12321,1
FGSG_12322,8
FGSG_12323,2
FGSG_04057,2
FGSG_12324,7
FGSG_12325,2
FGSG_12326,9
FGSG_04055,2
FGSG_04054,1
FGSG_04053,1
FGSG_04052,2
FGSG_04051,2
FGSG_04050,2
FGSG_04049,1
FGSG_04048,10
FGSG_04046,2
FGSG_04045,2
FGSG_04044,1
FGSG_04043,1
FGSG_04042,1
FGSG_04041,2
FGSG_04040,3
FGSG_04039,1
FGSG_04038,2
FGSG_04037,1
FGSG_12327,0
FGSG_04035,2
FGSG_04034,2
FGSG_04033,3
FGSG_04032,3
FGSG_04031,1
FGSG_04030,3
FGSG_04029,2
FGSG_04028,1
FGSG_04027,3
FGSG_04026,1
FGSG_12328,6
FGSG_04024,2
FGSG_04023,2
FGSG_04022,2
FGSG_20571,5
FGSG_04021,1
FGSG_04020,2
FGSG_04019,2
FGSG_04018,2
FGSG_04017,2
FGSG_04016,2
FGSG_04015,2
FGSG_04013,10
FGSG_04012,1
FGSG_04011,6
FGSG_12330,1
FGSG_12331,2
FGSG_04009,2
FGSG_04008,2
FGSG_04006,4
FGSG_04005,5
FGSG_04004,3
FGSG_04003,4
FGSG_04002,1
FGSG_12332,1
FGSG_04001,1
FGSG_04000,1
FGSG_03999,1
FGSG_03998,2
FGSG_20573,7
FGSG_03997,3
FGSG_12333,2
FGSG_03996,2
FGSG_03995,2
FGSG_03994,1
FGSG_03993,2
FGSG_03992,1
FGSG_03991,2
FGSG_20574,6
FGSG_03990,2
FGSG_03989,1
FGSG_03988,2
FGSG_03987,2
FGSG_03986,2
FGSG_03985,1
FGSG_03984,1
FGSG_12335,2
FGSG_12336,2
FGSG_03981,2
FGSG_03980,2
FGSG_03979,2
FGSG_03978,2
FGSG_03977,3
FGSG_03976,1
FGSG_03975,1
FGSG_12338,2
FGSG_12339,2
FGSG_03973,2
FGSG_12340,13
FGSG_03972,1
FGSG_03971,1
FGSG_03970,1
FGSG_03969,2
FGSG_03968,1
FGSG_03966,2
FGSG_03965,1
FGSG_03964,2
FGSG_03963,1
FGSG_20015,1
FGSG_03962,1
FGSG_12341,1
FGSG_12342,2
FGSG_03960,2
FGSG_03958,0
FGSG_03957,2
FGSG_03956,2
FGSG_03955,2
FGSG_03954,1
FGSG_03953,1
FGSG_03952,2
FGSG_03951,1
FGSG_12344,1
FGSG_12345,2
FGSG_03949,0
FGSG_12346,2
FGSG_12347,3
FGSG_03947,4
FGSG_03946,2
FGSG_12348,0
FGSG_12349,0
FGSG_03944,4
FGSG_03943,0
FGSG_03942,2
FGSG_03941,2
FGSG_03940,2
FGSG_03939,11
FGSG_03938,4
FGSG_03937,2
FGSG_03936,2
FGSG_03935,2
FGSG_03934,2
FGSG_03933,1
FGSG_03932,2
FGSG_03931,6
FGSG_03930,4
FGSG_03929,3
FGSG_03928,1
FGSG_12350,2
FGSG_03927,2
FGSG_03925,2
FGSG_03924,2
FGSG_03923,2
FGSG_03922,2
FGSG_03921,14
FGSG_03920,2
FGSG_03919,2
FGSG_03918,2
FGSG_03917,2
FGSG_03916,1
FGSG_03915,2
FGSG_03914,1
FGSG_03913,1
FGSG_03912,2
FGSG_03911,2
FGSG_03910,2
FGSG_03909,8
FGSG_03907,11
FGSG_03906,2
FGSG_03905,2
FGSG_03904,2
FGSG_03903,2
FGSG_03902,2
FGSG_03901,9
FGSG_03900,5
FGSG_03898,2
FGSG_03897,2
FGSG_03896,2
FGSG_03895,2
FGSG_03894,1
FGSG_03893,2
FGSG_03892,2
FGSG_20575,8
FGSG_03891,1
FGSG_03890,2
FGSG_03888,13
FGSG_03887,8
FGSG_12352,2
FGSG_12353,3
FGSG_03884,2
FGSG_03883,2
FGSG_03882,1
FGSG_03881,2
FGSG_03880,2
FGSG_03879,1
FGSG_03878,2
FGSG_12355,2
FGSG_12356,1
FGSG_12357,2
FGSG_12358,2
FGSG_03875,2
FGSG_03874,4
FGSG_12359,6
FGSG_03873,2
FGSG_03872,1
FGSG_03871,2
FGSG_12360,4
FGSG_12361,0
FGSG_03869,2
FGSG_03867,2
FGSG_03866,2
FGSG_03865,0
FGSG_12364,4
FGSG_12365,1
FGSG_03862,2
FGSG_03861,2
FGSG_03860,2
FGSG_03859,0
FGSG_03858,2
FGSG_03857,3
FGSG_03856,2
FGSG_03855,2
FGSG_03854,1
FGSG_03853,4
FGSG_12367,1
FGSG_12368,1
FGSG_03851,1
FGSG_12369,4
FGSG_12370,4
FGSG_12371,2
FGSG_12372,2
FGSG_03849,1
FGSG_03848,2
FGSG_03847,1
FGSG_03846,2
FGSG_03845,2
FGSG_03844,7
FGSG_12373,1
FGSG_12374,2
FGSG_03842,2
FGSG_12375,2
FGSG_12376,2
FGSG_03839,6
FGSG_03838,2
FGSG_03836,2
FGSG_03835,2
FGSG_03834,2
FGSG_03833,2
FGSG_03832,2
FGSG_03831,2
FGSG_03830,2
FGSG_03829,3
FGSG_03828,4
FGSG_03826,2
FGSG_03825,2
FGSG_03824,3
FGSG_03823,2
FGSG_03822,2
FGSG_03821,2
FGSG_03819,2
FGSG_03818,2
FGSG_03817,2
FGSG_03816,2
FGSG_03815,2
FGSG_03814,2
FGSG_03813,2
FGSG_03812,0
FGSG_03811,2
FGSG_03810,2
FGSG_12378,2
FGSG_12379,2
FGSG_03808,2
FGSG_03807,1
FGSG_03806,4
FGSG_03805,4
FGSG_03804,2
FGSG_12380,2
FGSG_03803,2
FGSG_03802,2
FGSG_03801,2
FGSG_03800,3
FGSG_03799,1
FGSG_03798,2
FGSG_03797,0
FGSG_03796,13
FGSG_03792,2
FGSG_12381,1
FGSG_20017,7
FGSG_20579,8
FGSG_03790,1
FGSG_03789,1
FGSG_03788,1
FGSG_03787,2
FGSG_03786,2
FGSG_03785,1
FGSG_03784,4
FGSG_03783,0
FGSG_03782,2
FGSG_03781,2
FGSG_03780,1
FGSG_03779,1
FGSG_03778,1
FGSG_03777,2
FGSG_03776,2
FGSG_03775,1
FGSG_03774,1
FGSG_03773,3
FGSG_03772,1
FGSG_03771,1
FGSG_03770,4
FGSG_20580,15
FGSG_03769,2
FGSG_03768,1
FGSG_03767,2
FGSG_03766,2
FGSG_03765,2
FGSG_12383,2
FGSG_12384,2
FGSG_03762,4
FGSG_03761,1
FGSG_03760,2
FGSG_03759,1
FGSG_20582,0
FGSG_03758,5
FGSG_03757,10
FGSG_03756,2
FGSG_03755,1
FGSG_03754,1
FGSG_12385,1
FGSG_12386,2
FGSG_03752,1
FGSG_03751,1
FGSG_03750,1
FGSG_12387,2
FGSG_03749,1
FGSG_12388,1
FGSG_03748,2
FGSG_03747,1
FGSG_03746,1
FGSG_03745,1
FGSG_03744,1
FGSG_03743,1
FGSG_20583,5
FGSG_03742,1
FGSG_03741,4
FGSG_12389,13
FGSG_12390,0
FGSG_03738,0
FGSG_03737,1
FGSG_03736,1
FGSG_03735,1
FGSG_03734,2
FGSG_03733,2
FGSG_03732,2
FGSG_03731,2
FGSG_03730,2
FGSG_03729,2
FGSG_03728,11
FGSG_03727,2
FGSG_12391,11
FGSG_03726,2
FGSG_03725,1
FGSG_03724,2
FGSG_03723,2
FGSG_03722,10
FGSG_03721,2
FGSG_03720,1
FGSG_03719,1
FGSG_03718,2
FGSG_03717,2
FGSG_03716,2
FGSG_03715,1
FGSG_03714,2
FGSG_12393,5
FGSG_03711,2
FGSG_03710,2
FGSG_03709,2
FGSG_03708,2
FGSG_03707,2
FGSG_03706,2
FGSG_03705,2
FGSG_03704,6
FGSG_20586,4
FGSG_03703,2
FGSG_03702,2
FGSG_03701,1
FGSG_03700,2
FGSG_03699,1
FGSG_03698,1
FGSG_03697,2
FGSG_03696,2
FGSG_20019,13
FGSG_03695,2
FGSG_03694,2
FGSG_03693,1
FGSG_03692,1
FGSG_12395,4
FGSG_03689,1
FGSG_03688,1
FGSG_03687,1
FGSG_03686,2
FGSG_03685,2
FGSG_03684,2
FGSG_03683,2
FGSG_03682,2
FGSG_03681,2
FGSG_03680,2
FGSG_03679,1
FGSG_03678,2
FGSG_03677,1
FGSG_03676,2
FGSG_20587,0
FGSG_03675,2
FGSG_03674,2
FGSG_03673,1
FGSG_03672,2
FGSG_03671,3
FGSG_20589,14
FGSG_12396,1
FGSG_03670,3
FGSG_03669,0
FGSG_03668,2
FGSG_03667,2
FGSG_03666,2
FGSG_12397,2
FGSG_12398,2
FGSG_03664,2
FGSG_20590,2
FGSG_12399,2
FGSG_12400,3
FGSG_03662,1
FGSG_03661,1
FGSG_03660,2
FGSG_03659,4
FGSG_03658,2
FGSG_03657,2
FGSG_03656,2
FGSG_03655,2
FGSG_03654,3
FGSG_03653,2
FGSG_03652,11
FGSG_12401,2
FGSG_03651,2
FGSG_03650,2
FGSG_03649,2
FGSG_03648,4
FGSG_03647,2
FGSG_03646,2
FGSG_03645,2
FGSG_03644,2
FGSG_03643,2
FGSG_03642,9
FGSG_03641,0
FGSG_03640,2
FGSG_03639,2
FGSG_03638,2
FGSG_20020,14
FGSG_03637,4
FGSG_03636,1
FGSG_03635,1
FGSG_03634,1
FGSG_03633,2
FGSG_03632,2
FGSG_03631,2
FGSG_03630,2
FGSG_03629,2
FGSG_03627,2
FGSG_03626,4
FGSG_12402,2
FGSG_03624,0
FGSG_03622,2
FGSG_03621,4
FGSG_03620,2
FGSG_03619,2
FGSG_12404,2
FGSG_12407,2
FGSG_03616,15
FGSG_03615,5
FGSG_03614,1
FGSG_03613,2
FGSG_03612,5
FGSG_03611,0
FGSG_03610,2
FGSG_03608,2
FGSG_03607,2
FGSG_03606,2
FGSG_03605,1
FGSG_03604,2
FGSG_20591,11
FGSG_03603,1
FGSG_12408,7
FGSG_12409,2
FGSG_12410,13
FGSG_03601,1
FGSG_03600,2
FGSG_12411,15
FGSG_03599,2
FGSG_03598,2
FGSG_20592,1
FGSG_03597,1
FGSG_03596,1
FGSG_03595,2
FGSG_03594,1
FGSG_20593,15
FGSG_03593,2
FGSG_03592,2
FGSG_03591,2
FGSG_20022,1
FGSG_03590,1
FGSG_03589,2
FGSG_03588,2
FGSG_03587,2
FGSG_03586,1
FGSG_03585,2
FGSG_03584,8
FGSG_03583,9
FGSG_03582,1
FGSG_03581,4
FGSG_20594,1
FGSG_20595,1
FGSG_03580,2
FGSG_03579,2
FGSG_03578,2
FGSG_12412,8
FGSG_03577,2
FGSG_03576,2
FGSG_03575,2
FGSG_03574,2
FGSG_03573,15
FGSG_12413,2
FGSG_03570,2
FGSG_03569,2
FGSG_03568,2
FGSG_03567,2
FGSG_20599,0
FGSG_12415,2
FGSG_03566,2
FGSG_03565,1
FGSG_03564,2
FGSG_03563,2
FGSG_03562,2
FGSG_03561,1
FGSG_03560,7
FGSG_03559,4
FGSG_03558,1
FGSG_20600,1
FGSG_03557,0
FGSG_03556,1
FGSG_20023,14
FGSG_03555,0
FGSG_03554,1
FGSG_03553,1
FGSG_03552,2
FGSG_03551,2
FGSG_03550,0
FGSG_03549,1
FGSG_03548,1
FGSG_03547,1
FGSG_03546,1
FGSG_03545,2
FGSG_12416,0
FGSG_03544,1
FGSG_03543,2
FGSG_03542,4
FGSG_03541,2
FGSG_03540,4
FGSG_03539,2
FGSG_03538,1
FGSG_03537,2
FGSG_03536,4
FGSG_03535,2
FGSG_03534,2
FGSG_03533,2
FGSG_03532,2
FGSG_03531,1
FGSG_03530,15
FGSG_03529,1
FGSG_03528,2
FGSG_03526,1
FGSG_03525,1
FGSG_03524,9
FGSG_03523,2
FGSG_03522,2
FGSG_03521,1
FGSG_03520,1
FGSG_03519,2
FGSG_03518,2
FGSG_03517,1
FGSG_03516,1
FGSG_12417,2
FGSG_12418,1
FGSG_03514,1
FGSG_03513,1
FGSG_03512,2
FGSG_03511,1
FGSG_03510,1
FGSG_03509,2
FGSG_03508,1
FGSG_03506,8
FGSG_20024,6
FGSG_03505,3
FGSG_20602,2
FGSG_03504,4
FGSG_03503,1
FGSG_03502,1
FGSG_12419,1
FGSG_12420,2
FGSG_12421,7
FGSG_03500,2
FGSG_03499,10
FGSG_03498,3
FGSG_03497,2
FGSG_03496,3
FGSG_20603,1
FGSG_03495,13
FGSG_03494,1
FGSG_03493,10
FGSG_03491,1
FGSG_03489,1
FGSG_03488,3
FGSG_03487,2
FGSG_03486,2
FGSG_03485,4
FGSG_03484,2
FGSG_03483,1
FGSG_03482,1
FGSG_03481,2
FGSG_03480,1
FGSG_03479,1
FGSG_03478,1
FGSG_03477,2
FGSG_03476,12
FGSG_03475,1
FGSG_03474,2
FGSG_03473,2
FGSG_03472,2
FGSG_03470,5
FGSG_12424,2
FGSG_12425,3
FGSG_12426,2
FGSG_03467,2
FGSG_03466,2
FGSG_03465,2
FGSG_03464,1
FGSG_03463,8
FGSG_03462,1
FGSG_12428,2
FGSG_03460,4
FGSG_03459,1
FGSG_03458,3
FGSG_03457,2
FGSG_03456,0
FGSG_03455,7
FGSG_03454,1
FGSG_03453,2
FGSG_03452,1
FGSG_03451,2
FGSG_03450,2
FGSG_12430,2
FGSG_12431,2
FGSG_03448,1
FGSG_03447,2
FGSG_03446,0
FGSG_03445,1
FGSG_12432,9
FGSG_03444,2
FGSG_03443,2
FGSG_03442,1
FGSG_20025,1
FGSG_12433,1
FGSG_12434,1
FGSG_20604,1
FGSG_03440,1
FGSG_03439,2
FGSG_03438,2
FGSG_03436,2
FGSG_03435,2
FGSG_03434,2
FGSG_03433,2
FGSG_03432,2
FGSG_03431,2
FGSG_03430,1
FGSG_03429,8
FGSG_03428,2
FGSG_03427,1
FGSG_03426,2
FGSG_03425,2
FGSG_03424,2
FGSG_03422,1
FGSG_03421,6
FGSG_03420,1
FGSG_12436,2
FGSG_03419,2
FGSG_12437,13
FGSG_03418,1
FGSG_03417,2
FGSG_12438,1
FGSG_03416,3
FGSG_03415,3
FGSG_03414,1
FGSG_03413,2
FGSG_03412,2
FGSG_03411,2
FGSG_03410,2
FGSG_03409,1
FGSG_03408,2
FGSG_03407,2
FGSG_12439,2
FGSG_03406,4
FGSG_20605,1
FGSG_12440,3
FGSG_12441,2
FGSG_20026,2
FGSG_12442,2
FGSG_12443,2
FGSG_03402,2
FGSG_03401,2
FGSG_03400,1
FGSG_03399,2
FGSG_03398,2
FGSG_12444,2
FGSG_12445,2
FGSG_03396,2
FGSG_20606,2
FGSG_03395,2
FGSG_03394,2
FGSG_03393,2
FGSG_03392,4
FGSG_03391,2
FGSG_03390,2
FGSG_03389,2
FGSG_03388,3
FGSG_03387,2
FGSG_03386,7
FGSG_03385,1
FGSG_03383,2
FGSG_03382,2
FGSG_20027,4
FGSG_03379,1
FGSG_03380,2
FGSG_12446,2
FGSG_03378,2
FGSG_03377,2
FGSG_03376,4
FGSG_20607,1
FGSG_03375,2
FGSG_12447,2
FGSG_12448,2
FGSG_03373,14
FGSG_03372,2
FGSG_03371,2
FGSG_03370,2
FGSG_12450,4
FGSG_12451,4
FGSG_03369,4
FGSG_03368,2
FGSG_03367,4
FGSG_03366,4
FGSG_03365,4
FGSG_03364,2
FGSG_03363,1
FGSG_03362,2
FGSG_03361,2
FGSG_03360,2
FGSG_03359,2
FGSG_20609,2
FGSG_03358,1
FGSG_03356,4
FGSG_03355,1
FGSG_03354,1
FGSG_03353,2
FGSG_03352,5
FGSG_03351,4
FGSG_03350,5
FGSG_12452,1
FGSG_03349,4
FGSG_03347,4
FGSG_03346,2
FGSG_03345,1
FGSG_03344,1
FGSG_03343,2
FGSG_03342,5
FGSG_03341,2
FGSG_03340,1
FGSG_12453,15
FGSG_03339,1
FGSG_12454,1
FGSG_20028,8
FGSG_03338,2
FGSG_03337,2
FGSG_12455,1
FGSG_03336,1
FGSG_03335,1
FGSG_12456,1
FGSG_03333,2
FGSG_03332,1
FGSG_03330,2
FGSG_03329,4
FGSG_20611,5
FGSG_03328,1
FGSG_03327,2
FGSG_20029,0
FGSG_03326,1
FGSG_12457,2
FGSG_03325,2
FGSG_12458,2
FGSG_12459,2
FGSG_03323,2
FGSG_03322,2
FGSG_03321,1
FGSG_12460,1
FGSG_12461,2
FGSG_03319,2
FGSG_03318,2
FGSG_03317,1
FGSG_03316,2
FGSG_03315,2
FGSG_03314,2
FGSG_03313,2
FGSG_12462,9
FGSG_03312,2
FGSG_03311,3
FGSG_03310,2
FGSG_03309,2
FGSG_12463,1
FGSG_03307,2
FGSG_12464,6
FGSG_03306,2
FGSG_12465,2
FGSG_12466,2
FGSG_03305,2
FGSG_03304,2
FGSG_03303,4
FGSG_03302,8
FGSG_03301,1
FGSG_12467,13
FGSG_03300,1
FGSG_12468,2
FGSG_03299,2
FGSG_03298,2
FGSG_03297,2
FGSG_20030,0
FGSG_03296,2
FGSG_03295,1
FGSG_12469,1
FGSG_03294,1
FGSG_03293,2
FGSG_03292,2
FGSG_03291,2
FGSG_03290,2
FGSG_12470,2
FGSG_12471,1
FGSG_03288,1
FGSG_03287,2
FGSG_03286,1
FGSG_03285,2
FGSG_03284,2
FGSG_03283,1
FGSG_03282,1
FGSG_03281,4
FGSG_12472,2
FGSG_03279,1
FGSG_03278,4
FGSG_03277,2
FGSG_03276,1
FGSG_03275,2
FGSG_03274,2
FGSG_03273,2
FGSG_03272,2
FGSG_03271,2
FGSG_03270,1
FGSG_12473,1
FGSG_03269,4
FGSG_12474,1
FGSG_12475,1
FGSG_03267,1
FGSG_03266,2
FGSG_03265,1
FGSG_03264,2
FGSG_03263,2
FGSG_03262,2
FGSG_03261,2
FGSG_03260,2
FGSG_03259,1
FGSG_03258,1
FGSG_03257,1
FGSG_03256,1
FGSG_03255,0
FGSG_03253,5
FGSG_03252,2
FGSG_03251,2
FGSG_03250,2
FGSG_03249,1
FGSG_03248,2
FGSG_03247,2
FGSG_03246,2
FGSG_03245,4
FGSG_03244,2
FGSG_03243,2
FGSG_03242,2
FGSG_03241,2
FGSG_12477,10
FGSG_12478,11
FGSG_03239,2
FGSG_03238,4
FGSG_03237,4
FGSG_03236,4
FGSG_20616,7
FGSG_03235,2
FGSG_03234,2
FGSG_03233,1
FGSG_20617,1
FGSG_12481,0
FGSG_12482,1
FGSG_03231,2
FGSG_03230,1
FGSG_03229,2
FGSG_03227,1
FGSG_03226,2
FGSG_03225,2
FGSG_03224,2
FGSG_03223,3
FGSG_03221,0
FGSG_12483,2
FGSG_03220,2
FGSG_03219,4
FGSG_03218,2
FGSG_03217,1
FGSG_12485,1
FGSG_12486,6
FGSG_03215,4
FGSG_03214,2
FGSG_03213,1
FGSG_03212,2
FGSG_03211,1
FGSG_03210,1
FGSG_03209,6
FGSG_03208,1
FGSG_03207,4
FGSG_12487,13
FGSG_12488,2
FGSG_03205,0
FGSG_03204,2
FGSG_03203,2
FGSG_03202,2
FGSG_03201,2
FGSG_12489,2
FGSG_12490,2
FGSG_03199,2
FGSG_03198,2
FGSG_03197,2
FGSG_03196,15
FGSG_03195,2
FGSG_03194,2
FGSG_03193,2
FGSG_03192,2
FGSG_03191,2
FGSG_03190,1
FGSG_12491,1
FGSG_03189,4
FGSG_12492,1
FGSG_12493,1
FGSG_12495,2
FGSG_12496,2
FGSG_03186,1
FGSG_03185,1
FGSG_03184,1
FGSG_03183,10
FGSG_03182,2
FGSG_03181,2
FGSG_03180,1
FGSG_12497,2
FGSG_12498,14
FGSG_03178,1
FGSG_03177,2
FGSG_03176,1
FGSG_03175,2
FGSG_03174,2
FGSG_03173,2
FGSG_03172,0
FGSG_03169,1
FGSG_03168,1
FGSG_12499,1
FGSG_03167,5
FGSG_03166,2
FGSG_03165,1
FGSG_03164,1
FGSG_03163,2
FGSG_03162,1
FGSG_03161,2
FGSG_03160,2
FGSG_03159,2
FGSG_03158,2
FGSG_03157,2
FGSG_03156,2
FGSG_03155,2
FGSG_03154,3
FGSG_03153,2
FGSG_03151,2
FGSG_03150,1
FGSG_03149,1
FGSG_03148,2
FGSG_03147,4
FGSG_03146,4
FGSG_03145,4
FGSG_03144,1
FGSG_03143,2
FGSG_03142,3
FGSG_12500,2
FGSG_03141,0
FGSG_03140,2
FGSG_03139,2
FGSG_03138,2
FGSG_03137,2
FGSG_03136,2
FGSG_12501,11
FGSG_03135,2
FGSG_12502,1
FGSG_03133,2
FGSG_03132,2
FGSG_03131,6
FGSG_12503,9
FGSG_03130,2
FGSG_03129,1
FGSG_03128,2
FGSG_03127,1
FGSG_03126,1
FGSG_03125,1
FGSG_03124,2
FGSG_03123,2
FGSG_03122,5
FGSG_03121,2
FGSG_03120,2
FGSG_03119,1
FGSG_03118,2
FGSG_03117,2
FGSG_03116,2
FGSG_12504,11
FGSG_12505,2
FGSG_03114,2
FGSG_03113,4
FGSG_03112,2
FGSG_03111,4
FGSG_03108,2
FGSG_03107,4
FGSG_03106,2
FGSG_12506,2
FGSG_12507,2
FGSG_12508,3
FGSG_03104,1
FGSG_03103,2
FGSG_03102,2
FGSG_12509,2
FGSG_03101,1
FGSG_03100,2
FGSG_03099,2
FGSG_03098,2
FGSG_03097,2
FGSG_03096,2
FGSG_03095,2
FGSG_03094,1
FGSG_03092,11
FGSG_12511,2
FGSG_03091,2
FGSG_03090,2
FGSG_03088,2
FGSG_03087,1
FGSG_03086,1
FGSG_03085,11
FGSG_12513,4
FGSG_03083,1
FGSG_03082,2
FGSG_03081,2
FGSG_03080,2
FGSG_12514,5
FGSG_12515,2
FGSG_03079,2
FGSG_03078,2
FGSG_12516,2
FGSG_12517,1
FGSG_12518,2
FGSG_12519,2
FGSG_03075,2
FGSG_03074,2
FGSG_03073,2
FGSG_03072,4
FGSG_03071,1
FGSG_03070,10
FGSG_03069,2
FGSG_03068,2
FGSG_03067,1
FGSG_03066,1
FGSG_03065,1
FGSG_03064,1
FGSG_03063,1
FGSG_12521,1
FGSG_03062,2
FGSG_03061,1
FGSG_03060,1
FGSG_03059,2
FGSG_03058,1
FGSG_03057,0
FGSG_12522,1
FGSG_12523,4
FGSG_03055,13
FGSG_03054,0
FGSG_03052,0
FGSG_03051,1
FGSG_03050,15
FGSG_03049,2
FGSG_03048,0
FGSG_03047,7
FGSG_03046,2
FGSG_12526,6
FGSG_03045,11
FGSG_03044,2
FGSG_03043,0
FGSG_03042,3
FGSG_03041,2
FGSG_03040,1
FGSG_03039,2
FGSG_12527,15
FGSG_12528,2
FGSG_03037,2
FGSG_03036,11
FGSG_03035,2
FGSG_03034,2
FGSG_03033,1
FGSG_03032,2
FGSG_03031,2
FGSG_03030,2
FGSG_12529,2
FGSG_12530,1
FGSG_03028,2
FGSG_03027,1
FGSG_03026,1
FGSG_03025,1
FGSG_03024,1
FGSG_03023,2
FGSG_03022,2
FGSG_03021,10
FGSG_03020,1
FGSG_12531,1
FGSG_03019,3
FGSG_03018,2
FGSG_03017,1
FGSG_03016,1
FGSG_03015,8
FGSG_20622,9
FGSG_03014,1
FGSG_12533,4
FGSG_03012,2
FGSG_03011,2
FGSG_03010,0
FGSG_03009,1
FGSG_12534,1
FGSG_12535,8
FGSG_03007,4
FGSG_03006,1
FGSG_03005,1
FGSG_03004,1
FGSG_03003,14
FGSG_03002,1
FGSG_03001,2
FGSG_02999,2
FGSG_02998,1
FGSG_02997,2
FGSG_02996,1
FGSG_02995,2
FGSG_02994,3
FGSG_02993,0
FGSG_02992,2
FGSG_12536,2
FGSG_12537,2
FGSG_02988,7
FGSG_02987,2
FGSG_02986,1
FGSG_02984,4
FGSG_02983,2
FGSG_02982,2
FGSG_02981,2
FGSG_02980,3
FGSG_02979,0
FGSG_02978,1
FGSG_02976,2
FGSG_02975,2
FGSG_12541,2
FGSG_02974,1
FGSG_02973,1
FGSG_02972,1
FGSG_12543,1
FGSG_02970,2
FGSG_02969,2
FGSG_02968,2
FGSG_02967,1
FGSG_02966,1
FGSG_02965,2
FGSG_02964,3
FGSG_02963,2
FGSG_02962,5
FGSG_02961,2
FGSG_02960,2
FGSG_02959,10
FGSG_02958,0
FGSG_12545,2
FGSG_02955,1
FGSG_02954,5
FGSG_02953,0
FGSG_02952,1
FGSG_12546,1
FGSG_12547,2
FGSG_12548,1
FGSG_02950,1
FGSG_02949,4
FGSG_02948,8
FGSG_12549,2
FGSG_12550,2
FGSG_02945,2
FGSG_02944,2
FGSG_02943,2
FGSG_02942,2
FGSG_02941,2
FGSG_12551,1
FGSG_12552,3
FGSG_02939,1
FGSG_02938,2
FGSG_02937,2
FGSG_02936,2
FGSG_12553,2
FGSG_20032,4
FGSG_02934,2
FGSG_02933,2
FGSG_02932,1
FGSG_02931,2
FGSG_02930,2
FGSG_02929,2
FGSG_02928,2
FGSG_02927,2
FGSG_02926,1
FGSG_02925,2
FGSG_02924,2
FGSG_02923,2
FGSG_02922,0
FGSG_02921,2
FGSG_02920,2
FGSG_02919,2
FGSG_02918,1
FGSG_02917,1
FGSG_02916,14
FGSG_02915,1
FGSG_02914,2
FGSG_02913,3
FGSG_02911,1
FGSG_02910,7
FGSG_02909,1
FGSG_02908,2
FGSG_02907,1
FGSG_02906,2
FGSG_12555,1
FGSG_02905,1
FGSG_02904,2
FGSG_02903,2
FGSG_12556,2
FGSG_02902,2
FGSG_02901,1
FGSG_12557,2
FGSG_12558,2
FGSG_02899,2
FGSG_02898,2
FGSG_02896,2
FGSG_02895,1
FGSG_02894,6
FGSG_02893,1
FGSG_02892,2
FGSG_02891,3
FGSG_02888,8
FGSG_02887,2
FGSG_12559,2
FGSG_02886,2
FGSG_02883,0
FGSG_02882,2
FGSG_02881,2
FGSG_02880,2
FGSG_20033,1
FGSG_12560,2
FGSG_12561,2
FGSG_02878,7
FGSG_02877,2
FGSG_02876,2
FGSG_02875,2
FGSG_02874,2
FGSG_02873,2
FGSG_02872,12
FGSG_02871,1
FGSG_02870,1
FGSG_02869,2
FGSG_02868,2
FGSG_02867,1
FGSG_02866,4
FGSG_02865,7
FGSG_02864,2
FGSG_02863,2
FGSG_02862,2
FGSG_12562,1
FGSG_02861,1
FGSG_12563,2
FGSG_02858,1
FGSG_02857,0
FGSG_02856,2
FGSG_02854,2
FGSG_02853,7
FGSG_02852,4
FGSG_02851,4
FGSG_12566,9
FGSG_02848,1
FGSG_02847,7
FGSG_02846,2
FGSG_20625,8
FGSG_02844,2
FGSG_02843,2
FGSG_02842,0
FGSG_02841,9
FGSG_02840,2
FGSG_02839,0
FGSG_12568,2
FGSG_12569,1
FGSG_02836,2
FGSG_02835,2
FGSG_02834,2
FGSG_02833,2
FGSG_12570,1
FGSG_12571,4
FGSG_12572,2
FGSG_12573,2
FGSG_12574,3
FGSG_02830,2
FGSG_02829,1
FGSG_02828,2
FGSG_02826,2
FGSG_02825,1
FGSG_02824,1
FGSG_02823,1
FGSG_02822,2
FGSG_02821,1
FGSG_02820,2
FGSG_02819,2
FGSG_02818,2
FGSG_02817,2
FGSG_02816,2
FGSG_02815,2
FGSG_02814,1
FGSG_12575,0
FGSG_02813,2
FGSG_02812,2
FGSG_02811,1
FGSG_02810,2
FGSG_02809,2
FGSG_02808,2
FGSG_02807,1
FGSG_02806,1
FGSG_02805,1
FGSG_02804,2
FGSG_12576,0
FGSG_02803,3
FGSG_02802,2
FGSG_02801,1
FGSG_02800,1
FGSG_02799,3
FGSG_02798,1
FGSG_02797,0
FGSG_02796,3
FGSG_02795,1
FGSG_02794,1
FGSG_02793,2
FGSG_02792,1
FGSG_20626,9
FGSG_02791,1
FGSG_02790,3
FGSG_02789,1
FGSG_02788,3
FGSG_02787,1
FGSG_02786,2
FGSG_02785,3
FGSG_02784,1
FGSG_12577,1
FGSG_02783,2
FGSG_02782,1
FGSG_02781,2
FGSG_12578,2
FGSG_11623,4
FGSG_11622,2
FGSG_11619,1
FGSG_11618,4
FGSG_11617,1
FGSG_12579,4
FGSG_12580,2
FGSG_11588,3
FGSG_11578,2
FGSG_11577,2
FGSG_11576,2
FGSG_14021,1
FGSG_11574,1
FGSG_11573,2
FGSG_11572,4
FGSG_14019,2
FGSG_11571,1
FGSG_11570,2
FGSG_11569,2
FGSG_14018,1
FGSG_11568,1
FGSG_11567,1
FGSG_11566,1
FGSG_11565,1
FGSG_11564,2
FGSG_14016,2
FGSG_14015,2
FGSG_11562,1
FGSG_11561,1
FGSG_11560,1
FGSG_11559,2
FGSG_11558,12
FGSG_11557,0
FGSG_11556,2
FGSG_11555,2
FGSG_11554,2
FGSG_11553,2
FGSG_11552,2
FGSG_11551,2
FGSG_11550,2
FGSG_11549,2
FGSG_11548,6
FGSG_11546,2
FGSG_11545,5
FGSG_11544,13
FGSG_11543,3
FGSG_14014,13
FGSG_11542,15
FGSG_11541,1
FGSG_11540,2
FGSG_11539,6
FGSG_11538,7
FGSG_11537,0
FGSG_11536,2
FGSG_11534,2
FGSG_11533,1
FGSG_11532,2
FGSG_11530,14
FGSG_11529,0
FGSG_11528,1
FGSG_11526,13
FGSG_11524,1
FGSG_11522,2
FGSG_11521,2
FGSG_11520,2
FGSG_11519,2
FGSG_11518,7
FGSG_11517,1
FGSG_11516,2
FGSG_11515,2
FGSG_11514,7
FGSG_11513,8
FGSG_14010,6
FGSG_12583,1
FGSG_04692,1
FGSG_04693,1
FGSG_04694,1
FGSG_04695,2
FGSG_04696,2
FGSG_04697,2
FGSG_04698,2
FGSG_04700,5
FGSG_04701,2
FGSG_04702,11
FGSG_04703,2
FGSG_04704,4
FGSG_04708,1
FGSG_20034,2
FGSG_04709,1
FGSG_04710,0
FGSG_12585,9
FGSG_12586,5
FGSG_04712,1
FGSG_12587,10
FGSG_12588,1
FGSG_12589,1
FGSG_04714,2
FGSG_12590,2
FGSG_12591,2
FGSG_12592,2
FGSG_12593,2
FGSG_04717,3
FGSG_12594,2
FGSG_04719,2
FGSG_04720,1
FGSG_12596,2
FGSG_12597,2
FGSG_04723,2
FGSG_12598,2
FGSG_12599,2
FGSG_04725,2
FGSG_04726,2
FGSG_04727,2
FGSG_04728,2
FGSG_04729,2
FGSG_04731,2
FGSG_04732,4
FGSG_04733,2
FGSG_04734,2
FGSG_04735,1
FGSG_04736,2
FGSG_12600,2
FGSG_12601,2
FGSG_04738,2
FGSG_04739,2
FGSG_04740,1
FGSG_04741,1
FGSG_04742,5
FGSG_04743,2
FGSG_04744,2
FGSG_04745,2
FGSG_04746,2
FGSG_04747,2
FGSG_04748,0
FGSG_04749,5
FGSG_04750,2
FGSG_12602,2
FGSG_12603,0
FGSG_04752,0
FGSG_04753,8
FGSG_04754,7
FGSG_04755,1
FGSG_04757,2
FGSG_04758,3
FGSG_12605,12
FGSG_12606,1
FGSG_12607,1
FGSG_04763,1
FGSG_04767,0
FGSG_04768,2
FGSG_04769,2
FGSG_04770,11
FGSG_12608,3
FGSG_12609,1
FGSG_04773,1
FGSG_04775,2
FGSG_04776,9
FGSG_04777,2
FGSG_12610,2
FGSG_20628,1
FGSG_04780,1
FGSG_04781,2
FGSG_04782,2
FGSG_04783,4
FGSG_04784,1
FGSG_04785,1
FGSG_04786,2
FGSG_04787,7
FGSG_04788,1
FGSG_12611,2
FGSG_04789,8
FGSG_04790,2
FGSG_12612,7
FGSG_12613,2
FGSG_04792,2
FGSG_04793,2
FGSG_04794,2
FGSG_04795,2
FGSG_04796,11
FGSG_04797,1
FGSG_04798,1
FGSG_04799,2
FGSG_12614,2
FGSG_04803,1
FGSG_04804,1
FGSG_12615,4
FGSG_04805,4
FGSG_04806,2
FGSG_12616,4
FGSG_04807,9
FGSG_04815,9
FGSG_04816,14
FGSG_04817,1
FGSG_04818,1
FGSG_04819,2
FGSG_12620,2
FGSG_12621,2
FGSG_04821,2
FGSG_04822,2
FGSG_04823,2
FGSG_04824,1
FGSG_04825,4
FGSG_04826,1
FGSG_04827,2
FGSG_04828,2
FGSG_04829,2
FGSG_04830,2
FGSG_12622,0
FGSG_12623,2
FGSG_04832,0
FGSG_12624,2
FGSG_12625,2
FGSG_04834,1
FGSG_12626,2
FGSG_12627,2
FGSG_04836,0
FGSG_04837,2
FGSG_12630,2
FGSG_04839,0
FGSG_12631,2
FGSG_12632,2
FGSG_04840,2
FGSG_04841,2
FGSG_12635,2
FGSG_04845,2
FGSG_12636,11
FGSG_04847,2
FGSG_04848,9
FGSG_04849,2
FGSG_04850,6
FGSG_12641,2
FGSG_12642,2
FGSG_04852,1
FGSG_04853,2
FGSG_04854,2
FGSG_04855,10
FGSG_12643,9
FGSG_12644,2
FGSG_04858,2
FGSG_04859,2
FGSG_04860,2
FGSG_04861,11
FGSG_04862,2
FGSG_04863,2
FGSG_04865,1
FGSG_04866,1
FGSG_04867,1
FGSG_04868,13
FGSG_04870,6
FGSG_04872,1
FGSG_04873,1
FGSG_04874,2
FGSG_04875,2
FGSG_04876,4
FGSG_12645,9
FGSG_12646,2
FGSG_04878,0
FGSG_04879,2
FGSG_12647,2
FGSG_12648,1
FGSG_04881,2
FGSG_04883,2
FGSG_04884,1
FGSG_04885,12
FGSG_04886,1
FGSG_04887,1
FGSG_04888,1
FGSG_04889,1
FGSG_04890,2
FGSG_04891,2
FGSG_04892,2
FGSG_12650,1
FGSG_12651,1
FGSG_04894,1
FGSG_04895,5
FGSG_04896,2
FGSG_04897,2
FGSG_04898,2
FGSG_04899,2
FGSG_04900,0
FGSG_04901,2
FGSG_04902,2
FGSG_04903,0
FGSG_04904,1
FGSG_04905,2
FGSG_04906,1
FGSG_04907,1
FGSG_04908,1
FGSG_04909,2
FGSG_04910,1
FGSG_04911,1
FGSG_04912,0
FGSG_04913,1
FGSG_04914,1
FGSG_04915,2
FGSG_12652,1
FGSG_04916,1
FGSG_04917,1
FGSG_12653,4
FGSG_04918,2
FGSG_04919,1
FGSG_04920,1
FGSG_04922,1
FGSG_04923,1
FGSG_04926,1
FGSG_04927,1
FGSG_04928,2
FGSG_04929,1
FGSG_04930,2
FGSG_04931,2
FGSG_04932,2
FGSG_04933,2
FGSG_04934,2
FGSG_04935,2
FGSG_04936,2
FGSG_04937,1
FGSG_04938,2
FGSG_04939,2
FGSG_04941,2
FGSG_04942,6
FGSG_04943,1
FGSG_04944,2
FGSG_04945,1
FGSG_04946,1
FGSG_04947,1
FGSG_04948,1
FGSG_04949,2
FGSG_04950,1
FGSG_04951,1
FGSG_04952,2
FGSG_04953,2
FGSG_04957,2
FGSG_04958,2
FGSG_12654,6
FGSG_04961,7
FGSG_12657,2
FGSG_04966,2
FGSG_12658,2
FGSG_20629,1
FGSG_04967,2
FGSG_04968,3
FGSG_20630,2
FGSG_04969,2
FGSG_04970,2
FGSG_04971,2
FGSG_04972,2
FGSG_04973,1
FGSG_04974,2
FGSG_04975,2
FGSG_04976,2
FGSG_04977,2
FGSG_12659,2
FGSG_12660,2
FGSG_04979,2
FGSG_04980,2
FGSG_04981,1
FGSG_04982,3
FGSG_04983,2
FGSG_12661,1
FGSG_12662,1
FGSG_12663,4
FGSG_04985,1
FGSG_04986,2
FGSG_04987,2
FGSG_04988,4
FGSG_12664,4
FGSG_12665,2
FGSG_04990,2
FGSG_04991,1
FGSG_04992,1
FGSG_04993,2
FGSG_04994,1
FGSG_04995,4
FGSG_04996,1
FGSG_04997,0
FGSG_04998,1
FGSG_04999,0
FGSG_05001,1
FGSG_05000,14
FGSG_20632,1
FGSG_05002,1
FGSG_12666,4
FGSG_05003,1
FGSG_05004,1
FGSG_05005,0
FGSG_05006,0
FGSG_05007,4
FGSG_05008,2
FGSG_05009,1
FGSG_05010,1
FGSG_05011,1
FGSG_05012,1
FGSG_05013,1
FGSG_12668,2
FGSG_05014,4
FGSG_05015,4
FGSG_05016,1
FGSG_05017,0
FGSG_05018,1
FGSG_05019,1
FGSG_05020,0
FGSG_05021,2
FGSG_05022,2
FGSG_05023,2
FGSG_05024,2
FGSG_05025,2
FGSG_05026,2
FGSG_05027,1
FGSG_05028,4
FGSG_05029,1
FGSG_05030,2
FGSG_05031,1
FGSG_05032,1
FGSG_12669,2
FGSG_12670,1
FGSG_05034,1
FGSG_05035,1
FGSG_05036,1
FGSG_05037,2
FGSG_05038,2
FGSG_05039,1
FGSG_05040,1
FGSG_05041,2
FGSG_05042,2
FGSG_05044,3
FGSG_05045,1
FGSG_05046,1
FGSG_05047,1
FGSG_05048,3
FGSG_05049,2
FGSG_05050,1
FGSG_12671,3
FGSG_12672,4
FGSG_05052,4
FGSG_05053,2
FGSG_05054,2
FGSG_05055,1
FGSG_05056,2
FGSG_05057,2
FGSG_05058,3
FGSG_05059,1
FGSG_05060,2
FGSG_12673,1
FGSG_05061,5
FGSG_05062,1
FGSG_05063,2
FGSG_05064,1
FGSG_05065,1
FGSG_05066,4
FGSG_05067,2
FGSG_12674,5
FGSG_05068,2
FGSG_12675,1
FGSG_12676,2
FGSG_12677,1
FGSG_12678,1
FGSG_20633,7
FGSG_05070,3
FGSG_05071,10
FGSG_05072,2
FGSG_05073,1
FGSG_05074,2
FGSG_05075,3
FGSG_05076,0
FGSG_12679,8
FGSG_05077,2
FGSG_05078,1
FGSG_12680,1
FGSG_12681,1
FGSG_05079,1
FGSG_05080,2
FGSG_05081,1
FGSG_05082,2
FGSG_05083,1
FGSG_05084,1
FGSG_12682,2
FGSG_05085,2
FGSG_05086,0
FGSG_05087,1
FGSG_12683,1
FGSG_05088,2
FGSG_05089,1
FGSG_05090,1
FGSG_05091,2
FGSG_05092,1
FGSG_05093,1
FGSG_05094,4
FGSG_05095,1
FGSG_05096,1
FGSG_05097,0
FGSG_05098,1
FGSG_12684,1
FGSG_05099,1
FGSG_12685,2
FGSG_12686,1
FGSG_05101,3
FGSG_05102,2
FGSG_05103,2
FGSG_05104,1
FGSG_05105,2
FGSG_05106,2
FGSG_05107,1
FGSG_05108,1
FGSG_05109,4
FGSG_05110,1
FGSG_05111,4
FGSG_05112,3
FGSG_05113,2
FGSG_05114,2
FGSG_05115,7
FGSG_05116,2
FGSG_05117,1
FGSG_05118,14
FGSG_12688,11
FGSG_05119,1
FGSG_05120,3
FGSG_05121,1
FGSG_05122,1
FGSG_05123,2
FGSG_05124,1
FGSG_05125,1
FGSG_05126,2
FGSG_05127,4
FGSG_05128,1
FGSG_05129,2
FGSG_05130,1
FGSG_05131,1
FGSG_05132,1
FGSG_05133,1
FGSG_12689,2
FGSG_05134,1
FGSG_05135,2
FGSG_05136,2
FGSG_05137,1
FGSG_05138,3
FGSG_05139,2
FGSG_12690,2
FGSG_05140,4
FGSG_05141,1
FGSG_05142,2
FGSG_05143,1
FGSG_05144,1
FGSG_12691,1
FGSG_05145,1
FGSG_05146,1
FGSG_05147,4
FGSG_12692,1
FGSG_12693,1
FGSG_12694,3
FGSG_05149,3
FGSG_05150,3
FGSG_05151,1
FGSG_05152,2
FGSG_05153,1
FGSG_05154,1
FGSG_05155,1
FGSG_05156,1
FGSG_05157,2
FGSG_05158,2
FGSG_05159,4
FGSG_12695,0
FGSG_05160,4
FGSG_05161,2
FGSG_05162,1
FGSG_05163,1
FGSG_05164,1
FGSG_05165,1
FGSG_05166,1
FGSG_05167,13
FGSG_05168,8
FGSG_05169,1
FGSG_05170,1
FGSG_05171,1
FGSG_05172,2
FGSG_05173,4
FGSG_05174,2
FGSG_05175,1
FGSG_05176,2
FGSG_12696,3
FGSG_05177,1
FGSG_05178,1
FGSG_05179,2
FGSG_05180,1
FGSG_05181,1
FGSG_05182,3
FGSG_05183,1
FGSG_05184,2
FGSG_12698,2
FGSG_05185,2
FGSG_05186,2
FGSG_12699,2
FGSG_05187,2
FGSG_05188,1
FGSG_05189,1
FGSG_05190,1
FGSG_05191,1
FGSG_05192,1
FGSG_05193,3
FGSG_05194,1
FGSG_05195,1
FGSG_05196,1
FGSG_05197,1
FGSG_05198,1
FGSG_05199,2
FGSG_05200,3
FGSG_05201,0
FGSG_05202,0
FGSG_05203,1
FGSG_05204,1
FGSG_05205,1
FGSG_12700,1
FGSG_12701,1
FGSG_05207,2
FGSG_05208,2
FGSG_05209,3
FGSG_12702,1
FGSG_05210,2
FGSG_05211,1
FGSG_05212,1
FGSG_12703,2
FGSG_12704,1
FGSG_05213,1
FGSG_05214,1
FGSG_05215,1
FGSG_05216,1
FGSG_05217,1
FGSG_05218,2
FGSG_05220,2
FGSG_05221,1
FGSG_05222,4
FGSG_05223,1
FGSG_05224,4
FGSG_05225,1
FGSG_05226,12
FGSG_05227,1
FGSG_05228,0
FGSG_05229,3
FGSG_05230,1
FGSG_05231,4
FGSG_05232,2
FGSG_05233,2
FGSG_05234,4
FGSG_05235,2
FGSG_05236,2
FGSG_05237,1
FGSG_05238,2
FGSG_05239,7
FGSG_05240,2
FGSG_05241,4
FGSG_05242,2
FGSG_05243,4
FGSG_05244,3
FGSG_05245,2
FGSG_05246,1
FGSG_05247,0
FGSG_05249,4
FGSG_05248,2
FGSG_05250,2
FGSG_05251,1
FGSG_05252,4
FGSG_05253,1
FGSG_05254,1
FGSG_05255,4
FGSG_05256,4
FGSG_12705,1
FGSG_05258,2
FGSG_05259,2
FGSG_05260,1
FGSG_05261,3
FGSG_05262,1
FGSG_05263,1
FGSG_05264,1
FGSG_12706,1
FGSG_05266,1
FGSG_05267,1
FGSG_05268,1
FGSG_05269,3
FGSG_05270,2
FGSG_05271,2
FGSG_05272,9
FGSG_05273,2
FGSG_05274,0
FGSG_05275,1
FGSG_05276,1
FGSG_05277,1
FGSG_20635,5
FGSG_05278,2
FGSG_05279,1
FGSG_05280,1
FGSG_05281,6
FGSG_05282,2
FGSG_05283,2
FGSG_05284,1
FGSG_05285,2
FGSG_05286,1
FGSG_05287,2
FGSG_05288,2
FGSG_12707,12
FGSG_05289,0
FGSG_05290,3
FGSG_05291,1
FGSG_20636,12
FGSG_05292,1
FGSG_05293,2
FGSG_05294,1
FGSG_05295,1
FGSG_05296,2
FGSG_05297,1
FGSG_05298,4
FGSG_05299,4
FGSG_05300,1
FGSG_05301,2
FGSG_05302,1
FGSG_05303,2
FGSG_05304,3
FGSG_05305,12
FGSG_05306,1
FGSG_05307,1
FGSG_05308,2
FGSG_12708,2
FGSG_12709,2
FGSG_05309,2
FGSG_05310,2
FGSG_05311,1
FGSG_05312,1
FGSG_12710,10
FGSG_05314,1
FGSG_05315,3
FGSG_05316,1
FGSG_12711,1
FGSG_12712,1
FGSG_05318,2
FGSG_05319,2
FGSG_05320,2
FGSG_05321,1
FGSG_05322,1
FGSG_05323,1
FGSG_05324,2
FGSG_05325,13
FGSG_12713,2
FGSG_12714,2
FGSG_12715,1
FGSG_05326,2
FGSG_05327,1
FGSG_05328,1
FGSG_05329,1
FGSG_05330,1
FGSG_05331,2
FGSG_05332,1
FGSG_05333,1
FGSG_05334,1
FGSG_05335,2
FGSG_05336,1
FGSG_05337,1
FGSG_05338,1
FGSG_20035,8
FGSG_05339,1
FGSG_12716,14
FGSG_12717,2
FGSG_05340,8
FGSG_05341,2
FGSG_05342,1
FGSG_05343,1
FGSG_05344,2
FGSG_05345,0
FGSG_05346,2
FGSG_05347,1
FGSG_05348,2
FGSG_05349,2
FGSG_05350,2
FGSG_05351,2
FGSG_12718,3
FGSG_12719,0
FGSG_05352,1
FGSG_05353,2
FGSG_05354,1
FGSG_05355,1
FGSG_05356,2
FGSG_05357,2
FGSG_12720,2
FGSG_12721,5
FGSG_12722,2
FGSG_05358,2
FGSG_05359,2
FGSG_05360,2
FGSG_05361,2
FGSG_05362,2
FGSG_05364,1
FGSG_05365,2
FGSG_05366,14
FGSG_05367,1
FGSG_05368,1
FGSG_05369,3
FGSG_05370,2
FGSG_05371,1
FGSG_05372,1
FGSG_05373,2
FGSG_05374,1
FGSG_05375,1
FGSG_05376,2
FGSG_05377,1
FGSG_05378,2
FGSG_05379,1
FGSG_12723,2
FGSG_12724,2
FGSG_05381,2
FGSG_05382,2
FGSG_12725,2
FGSG_05383,2
FGSG_12726,1
FGSG_05384,2
FGSG_05385,1
FGSG_05386,2
FGSG_05387,1
FGSG_05388,1
FGSG_12727,3
FGSG_05389,3
FGSG_05390,2
FGSG_05391,1
FGSG_05392,2
FGSG_05393,2
FGSG_05394,1
FGSG_05395,2
FGSG_12728,1
FGSG_05396,3
FGSG_12729,1
FGSG_12730,0
FGSG_05397,1
FGSG_05398,2
FGSG_05399,3
FGSG_05400,1
FGSG_05401,1
FGSG_05402,1
FGSG_05403,2
FGSG_05404,2
FGSG_05405,3
FGSG_05406,2
FGSG_05407,1
FGSG_05408,1
FGSG_05409,2
FGSG_05410,1
FGSG_05411,1
FGSG_12731,1
FGSG_12732,2
FGSG_05413,2
FGSG_05414,1
FGSG_05415,1
FGSG_05416,2
FGSG_12733,3
FGSG_12734,2
FGSG_05417,2
FGSG_05418,3
FGSG_05419,2
FGSG_05420,2
FGSG_12736,1
FGSG_05421,3
FGSG_05422,3
FGSG_05423,1
FGSG_05424,2
FGSG_05425,2
FGSG_12737,2
FGSG_12738,3
FGSG_05427,1
FGSG_05428,2
FGSG_05429,4
FGSG_05430,4
FGSG_05431,3
FGSG_05432,4
FGSG_05433,1
FGSG_12739,0
FGSG_05434,2
FGSG_05435,3
FGSG_05436,2
FGSG_05437,1
FGSG_05438,4
FGSG_05439,2
FGSG_05440,2
FGSG_05441,1
FGSG_05442,1
FGSG_05443,1
FGSG_05444,2
FGSG_05445,13
FGSG_05446,1
FGSG_05447,2
FGSG_05448,4
FGSG_05449,3
FGSG_05450,2
FGSG_05451,1
FGSG_05452,1
FGSG_05453,3
FGSG_05454,1
FGSG_05455,3
FGSG_05456,1
FGSG_05457,1
FGSG_05458,1
FGSG_12740,0
FGSG_05459,1
FGSG_05460,1
FGSG_05461,2
FGSG_05462,3
FGSG_05463,1
FGSG_05464,6
FGSG_05465,3
FGSG_05466,2
FGSG_05467,3
FGSG_05468,2
FGSG_05469,2
FGSG_05470,1
FGSG_05471,2
FGSG_05472,2
FGSG_12741,1
FGSG_12742,4
FGSG_05474,0
FGSG_12743,2
FGSG_05475,2
FGSG_05476,1
FGSG_12744,1
FGSG_05477,1
FGSG_05478,2
FGSG_05479,4
FGSG_12745,1
FGSG_05480,1
FGSG_05481,1
FGSG_05482,1
FGSG_05483,2
FGSG_05484,3
FGSG_12746,2
FGSG_12747,2
FGSG_12748,2
FGSG_05486,1
FGSG_05487,1
FGSG_05488,4
FGSG_05489,1
FGSG_05490,12
FGSG_05491,1
FGSG_05492,3
FGSG_05493,2
FGSG_05494,2
FGSG_05495,2
FGSG_05496,1
FGSG_05497,2
FGSG_05498,1
FGSG_05500,3
FGSG_05501,1
FGSG_05502,3
FGSG_05503,3
FGSG_12749,0
FGSG_05504,2
FGSG_12750,2
FGSG_05505,0
FGSG_05506,3
FGSG_12751,1
FGSG_05507,1
FGSG_05508,2
FGSG_05509,3
FGSG_05510,2
FGSG_05511,2
FGSG_05512,3
FGSG_05513,3
FGSG_05514,3
FGSG_05515,3
FGSG_05516,1
FGSG_05517,3
FGSG_05518,2
FGSG_05519,3
FGSG_05520,2
FGSG_05521,1
FGSG_05522,3
FGSG_05523,1
FGSG_05524,1
FGSG_05525,1
FGSG_05526,1
FGSG_05527,1
FGSG_12752,0
FGSG_05528,2
FGSG_05529,2
FGSG_05530,1
FGSG_05531,2
FGSG_05532,2
FGSG_05533,0
FGSG_05534,1
FGSG_05535,2
FGSG_05536,2
FGSG_05537,1
FGSG_05538,1
FGSG_05539,1
FGSG_05540,1
FGSG_05541,1
FGSG_05542,2
FGSG_05543,3
FGSG_05544,1
FGSG_05545,1
FGSG_05546,4
FGSG_12753,1
FGSG_05547,3
FGSG_05548,1
FGSG_05549,2
FGSG_12754,2
FGSG_05550,3
FGSG_05551,2
FGSG_05552,1
FGSG_05553,2
FGSG_05554,1
FGSG_05555,4
FGSG_05556,2
FGSG_05557,2
FGSG_05558,2
FGSG_05559,1
FGSG_12755,3
FGSG_12756,1
FGSG_05561,1
FGSG_05562,1
FGSG_05563,1
FGSG_05564,1
FGSG_05565,2
FGSG_05566,2
FGSG_05567,1
FGSG_05568,2
FGSG_05569,1
FGSG_12757,0
FGSG_05570,3
FGSG_05571,1
FGSG_05572,2
FGSG_05573,4
FGSG_05574,1
FGSG_12758,1
FGSG_12759,1
FGSG_05576,13
FGSG_05577,1
FGSG_05578,1
FGSG_05579,3
FGSG_05580,1
FGSG_05581,1
FGSG_05582,3
FGSG_05583,2
FGSG_05584,2
FGSG_05585,1
FGSG_05586,4
FGSG_12760,1
FGSG_12761,1
FGSG_05587,2
FGSG_12762,15
FGSG_05588,0
FGSG_05589,2
FGSG_05590,2
FGSG_05591,2
FGSG_05592,2
FGSG_05593,2
FGSG_12763,7
FGSG_12764,2
FGSG_05594,2
FGSG_12765,7
FGSG_05595,2
FGSG_05596,1
FGSG_05597,1
FGSG_05598,1
FGSG_05599,1
FGSG_05600,2
FGSG_05601,4
FGSG_05602,1
FGSG_12766,1
FGSG_05603,1
FGSG_05604,1
FGSG_05605,2
FGSG_05606,2
FGSG_05607,2
FGSG_05608,3
FGSG_05609,1
FGSG_05610,1
FGSG_05611,1
FGSG_05612,1
FGSG_05613,1
FGSG_05614,3
FGSG_05615,3
FGSG_12767,1
FGSG_05616,4
FGSG_05617,3
FGSG_12768,1
FGSG_12769,2
FGSG_05619,1
FGSG_05620,1
FGSG_05621,2
FGSG_05622,2
FGSG_05623,2
FGSG_05624,2
FGSG_05625,1
FGSG_05626,15
FGSG_12770,1
FGSG_05627,1
FGSG_05628,0
FGSG_05629,2
FGSG_05630,1
FGSG_05631,2
FGSG_05632,1
FGSG_12771,15
FGSG_05633,1
FGSG_05634,2
FGSG_05635,2
FGSG_05636,2
FGSG_05637,2
FGSG_05638,0
FGSG_05640,2
FGSG_05641,2
FGSG_05642,1
FGSG_05643,1
FGSG_05644,2
FGSG_05645,9
FGSG_05646,1
FGSG_12772,2
FGSG_12773,1
FGSG_05648,2
FGSG_05649,2
FGSG_05650,1
FGSG_05651,2
FGSG_05652,2
FGSG_05653,1
FGSG_05654,2
FGSG_05655,1
FGSG_05656,1
FGSG_20638,1
FGSG_12774,1
FGSG_12775,1
FGSG_12776,3
FGSG_05658,1
FGSG_12777,1
FGSG_05659,1
FGSG_05660,2
FGSG_05661,2
FGSG_05663,4
FGSG_12778,10
FGSG_05664,1
FGSG_05665,1
FGSG_05666,1
FGSG_12781,2
FGSG_05668,1
FGSG_05669,1
FGSG_05670,2
FGSG_05671,2
FGSG_05672,3
FGSG_05673,1
FGSG_05674,2
FGSG_12782,2
FGSG_12783,13
FGSG_05676,2
FGSG_05677,1
FGSG_05678,1
FGSG_05679,2
FGSG_05680,2
FGSG_05681,2
FGSG_05682,2
FGSG_05683,1
FGSG_05684,1
FGSG_05685,1
FGSG_05686,1
FGSG_05687,3
FGSG_12785,1
FGSG_12786,2
FGSG_05689,1
FGSG_05690,2
FGSG_05691,1
FGSG_12787,1
FGSG_05692,2
FGSG_05693,2
FGSG_05695,1
FGSG_05696,1
FGSG_05697,1
FGSG_05698,3
FGSG_05699,2
FGSG_05700,4
FGSG_05701,2
FGSG_05702,2
FGSG_05703,5
FGSG_05704,2
FGSG_05705,1
FGSG_05706,2
FGSG_05707,1
FGSG_05709,2
FGSG_05710,1
FGSG_12791,1
FGSG_05712,2
FGSG_12792,1
FGSG_05713,1
FGSG_05714,1
FGSG_05715,10
FGSG_05716,2
FGSG_05717,2
FGSG_05719,2
FGSG_05720,1
FGSG_20639,4
FGSG_05721,1
FGSG_05722,1
FGSG_12794,4
FGSG_05723,2
FGSG_05724,1
FGSG_05725,2
FGSG_12795,6
FGSG_12796,1
FGSG_05727,2
FGSG_05728,3
FGSG_05729,1
FGSG_12797,1
FGSG_05730,1
FGSG_05731,2
FGSG_12798,2
FGSG_12799,2
FGSG_05733,1
FGSG_05734,2
FGSG_05735,1
FGSG_05736,1
FGSG_05737,1
FGSG_05738,2
FGSG_05739,3
FGSG_05740,1
FGSG_05741,2
FGSG_05742,1
FGSG_05743,4
FGSG_05744,1
FGSG_05745,3
FGSG_05746,1
FGSG_05747,2
FGSG_12800,2
FGSG_20641,2
FGSG_05748,0
FGSG_05749,1
FGSG_05750,1
FGSG_05751,1
FGSG_05752,0
FGSG_12804,9
FGSG_05754,2
FGSG_05755,2
FGSG_05756,8
FGSG_05757,1
FGSG_20643,8
FGSG_05758,1
FGSG_05759,15
FGSG_05761,2
FGSG_05762,2
FGSG_05763,2
FGSG_12806,2
FGSG_05764,10
FGSG_05765,2
FGSG_05766,0
FGSG_05768,2
FGSG_20644,1
FGSG_05769,4
FGSG_05770,1
FGSG_05771,4
FGSG_12807,15
FGSG_05772,2
FGSG_05773,2
FGSG_12808,1
FGSG_12809,1
FGSG_05775,2
FGSG_05776,2
FGSG_05777,1
FGSG_05778,2
FGSG_12810,9
FGSG_12811,9
FGSG_05780,1
FGSG_05781,2
FGSG_05782,2
FGSG_05783,10
FGSG_12812,0
FGSG_05784,1
FGSG_05785,2
FGSG_20645,0
FGSG_05786,5
FGSG_12813,2
FGSG_12814,2
FGSG_05788,2
FGSG_05789,2
FGSG_05790,1
FGSG_05791,1
FGSG_05792,2
FGSG_05793,2
FGSG_05794,2
FGSG_05795,2
FGSG_05796,2
FGSG_05797,2
FGSG_05798,4
FGSG_05799,0
FGSG_05800,2
FGSG_05801,0
FGSG_05802,2
FGSG_20646,4
FGSG_05803,1
FGSG_05804,13
FGSG_05805,1
FGSG_05806,4
FGSG_05807,2
FGSG_05808,2
FGSG_05809,2
FGSG_12815,1
FGSG_12816,1
FGSG_05811,3
FGSG_05812,10
FGSG_05813,1
FGSG_05814,0
FGSG_05815,1
FGSG_05816,12
FGSG_05817,2
FGSG_05818,2
FGSG_05819,2
FGSG_05820,2
FGSG_05821,2
FGSG_05822,1
FGSG_12817,3
FGSG_12818,6
FGSG_12819,1
FGSG_05824,2
FGSG_05825,11
FGSG_05826,2
FGSG_05827,2
FGSG_05828,2
FGSG_05829,2
FGSG_12820,2
FGSG_12821,2
FGSG_05831,1
FGSG_05832,0
FGSG_05833,1
FGSG_05834,15
FGSG_05835,5
FGSG_05836,2
FGSG_05837,1
FGSG_05838,2
FGSG_12822,13
FGSG_12823,9
FGSG_05839,4
FGSG_12824,4
FGSG_05841,1
FGSG_05842,1
FGSG_12827,2
FGSG_05843,1
FGSG_05844,1
FGSG_05845,1
FGSG_05846,2
FGSG_05847,2
FGSG_05848,2
FGSG_05849,1
FGSG_05850,1
FGSG_05851,2
FGSG_05852,3
FGSG_05853,3
FGSG_05854,1
FGSG_05855,1
FGSG_05856,2
FGSG_05857,2
FGSG_05858,2
FGSG_05859,1
FGSG_05860,1
FGSG_12828,2
FGSG_05861,2
FGSG_05862,1
FGSG_05863,2
FGSG_05864,1
FGSG_05865,2
FGSG_05866,7
FGSG_12829,2
FGSG_12830,2
FGSG_05868,2
FGSG_05869,2
FGSG_05870,1
FGSG_05871,2
FGSG_05872,1
FGSG_05873,3
FGSG_05874,1
FGSG_12831,2
FGSG_12832,1
FGSG_05876,13
FGSG_05877,13
FGSG_12834,11
FGSG_05882,2
FGSG_05883,6
FGSG_05884,4
FGSG_12835,14
FGSG_05886,1
FGSG_05887,2
FGSG_05888,1
FGSG_05889,1
FGSG_05890,2
FGSG_05891,3
FGSG_05892,1
FGSG_05893,1
FGSG_05894,1
FGSG_12836,2
FGSG_12837,1
FGSG_05896,3
FGSG_05897,3
FGSG_05898,1
FGSG_12838,2
FGSG_05899,2
FGSG_05900,2
FGSG_12839,1
FGSG_12840,0
FGSG_05902,1
FGSG_05903,3
FGSG_05904,1
FGSG_05905,1
FGSG_05906,2
FGSG_05907,1
FGSG_05908,4
FGSG_05909,3
FGSG_05910,3
FGSG_05911,1
FGSG_05912,2
FGSG_05913,13
FGSG_05914,2
FGSG_05915,2
FGSG_05916,2
FGSG_05917,1
FGSG_05918,1
FGSG_05919,2
FGSG_12841,1
FGSG_12842,1
FGSG_05921,1
FGSG_05922,2
FGSG_05923,1
FGSG_05924,3
FGSG_05925,2
FGSG_05926,1
FGSG_05927,10
FGSG_05928,1
FGSG_05929,1
FGSG_05930,1
FGSG_05932,1
FGSG_05931,0
FGSG_05933,1
FGSG_05934,2
FGSG_05935,2
FGSG_05936,0
FGSG_05937,1
FGSG_05938,1
FGSG_05939,2
FGSG_05940,2
FGSG_05941,2
FGSG_05942,2
FGSG_05943,2
FGSG_05944,4
FGSG_05945,3
FGSG_05946,2
FGSG_05947,0
FGSG_12843,5
FGSG_05948,5
FGSG_05949,2
FGSG_05950,2
FGSG_05951,1
FGSG_05952,1
FGSG_05953,1
FGSG_05954,1
FGSG_05955,2
FGSG_05956,2
FGSG_12844,0
FGSG_05957,2
FGSG_05958,1
FGSG_05959,2
FGSG_05960,2
FGSG_05961,1
FGSG_05962,2
FGSG_05963,2
FGSG_05964,2
FGSG_12845,2
FGSG_12846,2
FGSG_05966,1
FGSG_05967,4
FGSG_05968,1
FGSG_05969,4
FGSG_05970,1
FGSG_05971,2
FGSG_05972,2
FGSG_05973,2
FGSG_12847,8
FGSG_05974,1
FGSG_12848,2
FGSG_12849,1
FGSG_05976,1
FGSG_20647,10
FGSG_05977,1
FGSG_05978,0
FGSG_05979,2
FGSG_05981,2
FGSG_05982,1
FGSG_05983,2
FGSG_05984,4
FGSG_05985,2
FGSG_05986,1
FGSG_05987,4
FGSG_05988,2
FGSG_05989,1
FGSG_05990,3
FGSG_05991,2
FGSG_12850,2
FGSG_05992,2
FGSG_12851,1
FGSG_12852,3
FGSG_12853,2
FGSG_12854,2
FGSG_05995,1
FGSG_05996,1
FGSG_12855,10
FGSG_05997,2
FGSG_05998,2
FGSG_05999,2
FGSG_06000,4
FGSG_06001,4
FGSG_06002,1
FGSG_06003,1
FGSG_06004,4
FGSG_06005,2
FGSG_06006,0
FGSG_06007,2
FGSG_06008,12
FGSG_06009,1
FGSG_06010,1
FGSG_06011,3
FGSG_06012,2
FGSG_06013,2
FGSG_06014,2
FGSG_06015,4
FGSG_06016,3
FGSG_06017,4
FGSG_06018,2
FGSG_06019,2
FGSG_06020,2
FGSG_06021,1
FGSG_06022,2
FGSG_06023,1
FGSG_06024,4
FGSG_06025,2
FGSG_06026,1
FGSG_06027,2
FGSG_06028,1
FGSG_06029,4
FGSG_06030,3
FGSG_06031,2
FGSG_06032,4
FGSG_12856,2
FGSG_06035,2
FGSG_06036,1
FGSG_06037,1
FGSG_06038,2
FGSG_06039,2
FGSG_12857,2
FGSG_12858,1
FGSG_14036,2
FGSG_06041,1
FGSG_06042,2
FGSG_06043,1
FGSG_06044,3
FGSG_06045,1
FGSG_20648,1
FGSG_20649,8
FGSG_06046,8
FGSG_06047,1
FGSG_06048,1
FGSG_06049,2
FGSG_06050,1
FGSG_06051,1
FGSG_06052,1
FGSG_06053,4
FGSG_06054,1
FGSG_12861,0
FGSG_06055,1
FGSG_06056,1
FGSG_12862,1
FGSG_06057,4
FGSG_06058,2
FGSG_06059,2
FGSG_06060,1
FGSG_06061,1
FGSG_06062,1
FGSG_06063,2
FGSG_06064,1
FGSG_12863,3
FGSG_12864,1
FGSG_06066,2
FGSG_06067,1
FGSG_06068,2
FGSG_06069,1
FGSG_06070,3
FGSG_06071,3
FGSG_06072,1
FGSG_06073,1
FGSG_06074,1
FGSG_06075,2
FGSG_06076,1
FGSG_20650,1
FGSG_06077,1
FGSG_06078,4
FGSG_06079,1
FGSG_06080,2
FGSG_06081,2
FGSG_06082,2
FGSG_06083,4
FGSG_06084,1
FGSG_12865,1
FGSG_12866,3
FGSG_06086,2
FGSG_06087,2
FGSG_06088,4
FGSG_06089,1
FGSG_06090,2
FGSG_06091,2
FGSG_06092,3
FGSG_06093,1
FGSG_06094,1
FGSG_06095,1
FGSG_06096,1
FGSG_06097,1
FGSG_06098,3
FGSG_06099,1
FGSG_06100,14
FGSG_06101,3
FGSG_06102,2
FGSG_06103,15
FGSG_06104,2
FGSG_06105,1
FGSG_06106,1
FGSG_06107,2
FGSG_06108,2
FGSG_06109,1
FGSG_06110,8
FGSG_06111,1
FGSG_06112,1
FGSG_06113,1
FGSG_06114,1
FGSG_06115,4
FGSG_06116,3
FGSG_06117,2
FGSG_06118,1
FGSG_06119,1
FGSG_06120,1
FGSG_06121,1
FGSG_12867,2
FGSG_06122,2
FGSG_06123,3
FGSG_12868,1
FGSG_06124,1
FGSG_06125,2
FGSG_06126,2
FGSG_06127,4
FGSG_06128,12
FGSG_06129,3
FGSG_12869,2
FGSG_06130,1
FGSG_12870,4
FGSG_06131,6
FGSG_06132,6
FGSG_06133,1
FGSG_06134,7
FGSG_06135,1
FGSG_06136,3
FGSG_12871,1
FGSG_12872,10
FGSG_06137,2
FGSG_12873,0
FGSG_06139,1
FGSG_06140,9
FGSG_06141,4
FGSG_06142,2
FGSG_06143,2
FGSG_06144,9
FGSG_12874,1
FGSG_06145,3
FGSG_06146,2
FGSG_06147,3
FGSG_06148,1
FGSG_12875,1
FGSG_06149,1
FGSG_06150,2
FGSG_06151,4
FGSG_12876,7
FGSG_06152,3
FGSG_06153,0
FGSG_06154,1
FGSG_06155,1
FGSG_06156,1
FGSG_06157,1
FGSG_06158,3
FGSG_06159,1
FGSG_06160,3
FGSG_12877,8
FGSG_06161,1
FGSG_12878,1
FGSG_12879,1
FGSG_06163,1
FGSG_06164,2
FGSG_06165,3
FGSG_06166,2
FGSG_06167,1
FGSG_12880,0
FGSG_06168,1
FGSG_06170,1
FGSG_12881,0
FGSG_06171,1
FGSG_12882,0
FGSG_06172,3
FGSG_12883,1
FGSG_12884,4
FGSG_06174,1
FGSG_06175,4
FGSG_06176,2
FGSG_06177,1
FGSG_06178,1
FGSG_06179,2
FGSG_06180,1
FGSG_12885,1
FGSG_06181,2
FGSG_06182,4
FGSG_06183,1
FGSG_12886,0
FGSG_12887,3
FGSG_06184,1
FGSG_06185,2
FGSG_06186,3
FGSG_06187,1
FGSG_06188,1
FGSG_06189,1
FGSG_06190,1
FGSG_06191,1
FGSG_06192,2
FGSG_06193,3
FGSG_12888,4
FGSG_06194,1
FGSG_06195,1
FGSG_06196,1
FGSG_06197,1
FGSG_06198,3
FGSG_06199,2
FGSG_12889,1
FGSG_12890,3
FGSG_06201,1
FGSG_06202,1
FGSG_06203,1
FGSG_06204,3
FGSG_06206,1
FGSG_06207,1
FGSG_06208,2
FGSG_06209,1
FGSG_06210,1
FGSG_06211,2
FGSG_06212,1
FGSG_12892,15
FGSG_06213,1
FGSG_06214,2
FGSG_06215,1
FGSG_06216,1
FGSG_06217,1
FGSG_06219,0
FGSG_06220,1
FGSG_06221,2
FGSG_06222,1
FGSG_06223,4
FGSG_06224,2
FGSG_06225,1
FGSG_06226,1
FGSG_06227,2
FGSG_06228,3
FGSG_06229,1
FGSG_06230,1
FGSG_06231,2
FGSG_06232,1
FGSG_06233,2
FGSG_06234,2
FGSG_06235,2
FGSG_06236,2
FGSG_06237,2
FGSG_06238,4
FGSG_12895,2
FGSG_12896,1
FGSG_06240,1
FGSG_06241,2
FGSG_06242,3
FGSG_06243,3
FGSG_06244,4
FGSG_06245,4
FGSG_06246,1
FGSG_06247,10
FGSG_06249,5
FGSG_06250,1
FGSG_06251,1
FGSG_06252,1
FGSG_06253,1
FGSG_06254,1
FGSG_06255,4
FGSG_06256,2
FGSG_12897,0
FGSG_12898,1
FGSG_06257,1
FGSG_06258,3
FGSG_06259,1
FGSG_06260,1
FGSG_06261,1
FGSG_06262,1
FGSG_06263,1
FGSG_06264,1
FGSG_06265,1
FGSG_06266,1
FGSG_06267,1
FGSG_06268,1
FGSG_06269,3
FGSG_06270,2
FGSG_06271,0
FGSG_06272,1
FGSG_06273,1
FGSG_06274,3
FGSG_06275,2
FGSG_06276,1
FGSG_06277,4
FGSG_06278,2
FGSG_06279,3
FGSG_06280,2
FGSG_06281,1
FGSG_06282,1
FGSG_12899,1
FGSG_12900,2
FGSG_06284,2
FGSG_06285,4
FGSG_06286,1
FGSG_06287,2
FGSG_06288,1
FGSG_06289,1
FGSG_12901,1
FGSG_20651,5
FGSG_20652,0
FGSG_06290,1
FGSG_06291,2
FGSG_06292,5
FGSG_06294,2
FGSG_06295,1
FGSG_06296,1
FGSG_06297,1
FGSG_06298,1
FGSG_06299,2
FGSG_06300,1
FGSG_06301,2
FGSG_06302,2
FGSG_12902,14
FGSG_06303,0
FGSG_06304,0
FGSG_06305,2
FGSG_20654,2
FGSG_12903,11
FGSG_06306,1
FGSG_06307,1
FGSG_06308,1
FGSG_06309,1
FGSG_06310,1
FGSG_06311,2
FGSG_06312,2
FGSG_06313,4
FGSG_06314,1
FGSG_06315,1
FGSG_06316,3
FGSG_06317,15
FGSG_06318,4
FGSG_06319,4
FGSG_06320,1
FGSG_06321,5
FGSG_12904,0
FGSG_12905,1
FGSG_06323,1
FGSG_06324,1
FGSG_06325,1
FGSG_06326,3
FGSG_12906,2
FGSG_06327,1
FGSG_12907,4
FGSG_06328,1
FGSG_06329,2
FGSG_06330,2
FGSG_06331,1
FGSG_06332,2
FGSG_06333,3
FGSG_06334,1
FGSG_06335,1
FGSG_06336,2
FGSG_06337,1
FGSG_06338,1
FGSG_06339,2
FGSG_06340,3
FGSG_06341,1
FGSG_06342,1
FGSG_06343,3
FGSG_06344,4
FGSG_06345,1
FGSG_06346,3
FGSG_06347,1
FGSG_06348,3
FGSG_06349,2
FGSG_06350,1
FGSG_06351,3
FGSG_06352,1
FGSG_12908,3
FGSG_06353,1
FGSG_20655,1
FGSG_06354,2
FGSG_06355,1
FGSG_12909,3
FGSG_06356,1
FGSG_06357,10
FGSG_12910,1
FGSG_12911,1
FGSG_06358,2
FGSG_12912,5
FGSG_06359,1
FGSG_06360,1
FGSG_06361,1
FGSG_06362,2
FGSG_06363,1
FGSG_06364,2
FGSG_12913,1
FGSG_06366,2
FGSG_06367,2
FGSG_06368,3
FGSG_06369,3
FGSG_06370,1
FGSG_06371,1
FGSG_06372,1
FGSG_06373,1
FGSG_06374,2
FGSG_06375,2
FGSG_06376,2
FGSG_06377,3
FGSG_06378,2
FGSG_06379,2
FGSG_06380,1
FGSG_06381,2
FGSG_06382,2
FGSG_06383,1
FGSG_06384,1
FGSG_06385,1
FGSG_06386,1
FGSG_06387,1
FGSG_06388,2
FGSG_06389,2
FGSG_06390,2
FGSG_06391,2
FGSG_06392,4
FGSG_06393,1
FGSG_06394,1
FGSG_06395,2
FGSG_06396,1
FGSG_12914,1
FGSG_06397,1
FGSG_12915,1
FGSG_06398,2
FGSG_06399,2
FGSG_06400,2
FGSG_06401,1
FGSG_06402,3
FGSG_06403,1
FGSG_06404,4
FGSG_06405,1
FGSG_06406,2
FGSG_06407,12
FGSG_06408,1
FGSG_06409,1
FGSG_06410,4
FGSG_06411,3
FGSG_06412,2
FGSG_06413,1
FGSG_06414,1
FGSG_06415,1
FGSG_06416,1
FGSG_06417,2
FGSG_06418,1
FGSG_06419,2
FGSG_06420,1
FGSG_06421,2
FGSG_06422,2
FGSG_06423,1
FGSG_06424,1
FGSG_06425,2
FGSG_12916,1
FGSG_12917,1
FGSG_06426,0
FGSG_06427,1
FGSG_06428,1
FGSG_13823,2
FGSG_11238,4
FGSG_13825,2
FGSG_11236,2
FGSG_11234,1
FGSG_11233,1
FGSG_11232,1
FGSG_11231,2
FGSG_11230,2
FGSG_11229,2
FGSG_11228,2
FGSG_20757,1
FGSG_11227,2
FGSG_11226,13
FGSG_11224,2
FGSG_13826,2
FGSG_13827,2
FGSG_11222,2
FGSG_13828,2
FGSG_13829,2
FGSG_13830,2
FGSG_13831,2
FGSG_13832,2
FGSG_11219,2
FGSG_11218,2
FGSG_11217,2
FGSG_11216,2
FGSG_11215,2
FGSG_20760,5
FGSG_11211,1
FGSG_11210,1
FGSG_13834,0
FGSG_11208,1
FGSG_11207,1
FGSG_11206,1
FGSG_11205,1
FGSG_11204,2
FGSG_11203,2
FGSG_11202,3
FGSG_11201,2
FGSG_11200,2
FGSG_11198,1
FGSG_13837,1
FGSG_13838,3
FGSG_11196,4
FGSG_11195,1
FGSG_13839,2
FGSG_13840,2
FGSG_11193,1
FGSG_11192,2
FGSG_11191,2
FGSG_11190,4
FGSG_11189,2
FGSG_11188,10
FGSG_11186,2
FGSG_11185,2
FGSG_11184,2
FGSG_11183,1
FGSG_11182,11
FGSG_11181,5
FGSG_11178,2
FGSG_11177,2
FGSG_11176,2
FGSG_11175,2
FGSG_11174,2
FGSG_11173,3
FGSG_11172,13
FGSG_11171,2
FGSG_20761,2
FGSG_20762,8
FGSG_11170,2
FGSG_11169,2
FGSG_11168,1
FGSG_13843,1
FGSG_13844,2
FGSG_11167,2
FGSG_11166,2
FGSG_11165,2
FGSG_11164,2
FGSG_11162,4
FGSG_11161,2
FGSG_11160,6
FGSG_20764,1
FGSG_20765,7
FGSG_11159,13
FGSG_13845,1
FGSG_11158,1
FGSG_11157,4
FGSG_11156,1
FGSG_11154,2
FGSG_11153,2
FGSG_11152,2
FGSG_11151,1
FGSG_11150,1
FGSG_11149,0
FGSG_11148,3
FGSG_11147,2
FGSG_11146,2
FGSG_11145,4
FGSG_13847,4
FGSG_13848,4
FGSG_13849,11
FGSG_11143,2
FGSG_11142,2
FGSG_20767,15
FGSG_11141,2
FGSG_11140,2
FGSG_11139,2
FGSG_11138,2
FGSG_11137,0
FGSG_11132,1
FGSG_11130,2
FGSG_11129,1
FGSG_11128,1
FGSG_11127,1
FGSG_11126,1
FGSG_20768,15
FGSG_11125,2
FGSG_11124,0
FGSG_11123,2
FGSG_11122,4
FGSG_11120,2
FGSG_11119,8
FGSG_11118,2
FGSG_13852,5
FGSG_11116,1
FGSG_11115,2
FGSG_11114,4
FGSG_11113,1
FGSG_20769,2
FGSG_11112,1
FGSG_11111,1
FGSG_11110,13
FGSG_13856,2
FGSG_13857,4
FGSG_11108,1
FGSG_11107,2
FGSG_13858,0
FGSG_11106,0
FGSG_11105,5
FGSG_11104,14
FGSG_11102,2
FGSG_11101,4
FGSG_11100,5
FGSG_11099,2
FGSG_11098,2
FGSG_11097,1
FGSG_11096,2
FGSG_20773,1
FGSG_11095,7
FGSG_20774,1
FGSG_11093,1
FGSG_11092,2
FGSG_11091,9
FGSG_11090,2
FGSG_11089,2
FGSG_11088,0
FGSG_11085,2
FGSG_11084,2
FGSG_11083,2
FGSG_11082,3
FGSG_11081,1
FGSG_11080,1
FGSG_11079,1
FGSG_11078,0
FGSG_11077,2
FGSG_11076,2
FGSG_13859,0
FGSG_13860,2
FGSG_11074,2
FGSG_11073,2
FGSG_11072,2
FGSG_11071,5
FGSG_11070,2
FGSG_11069,2
FGSG_13861,2
FGSG_13862,2
FGSG_11067,2
FGSG_11066,5
FGSG_11065,0
FGSG_11064,2
FGSG_11063,1
FGSG_11062,2
FGSG_11061,2
FGSG_11060,2
FGSG_11059,2
FGSG_11058,1
FGSG_11057,2
FGSG_11056,2
FGSG_11055,2
FGSG_11054,1
FGSG_11053,2
FGSG_11051,2
FGSG_11050,2
FGSG_11049,1
FGSG_11048,1
FGSG_11047,4
FGSG_11046,1
FGSG_11045,2
FGSG_11044,2
FGSG_11043,0
FGSG_11041,2
FGSG_11040,11
FGSG_11039,1
FGSG_11038,3
FGSG_11037,7
FGSG_11036,2
FGSG_13865,2
FGSG_11033,2
FGSG_11032,2
FGSG_13866,4
FGSG_11031,8
FGSG_11030,4
FGSG_11029,4
FGSG_11028,8
FGSG_11026,2
FGSG_11025,2
FGSG_13868,1
FGSG_11024,4
FGSG_11023,2
FGSG_11022,2
FGSG_11021,2
FGSG_13869,2
FGSG_13870,1
FGSG_13871,1
FGSG_11019,1
FGSG_13873,2
FGSG_11018,0
FGSG_11017,1
FGSG_11016,2
FGSG_11015,2
FGSG_11014,2
FGSG_11013,2
FGSG_11012,2
FGSG_11011,1
FGSG_13874,2
FGSG_13875,2
FGSG_11009,2
FGSG_11008,1
FGSG_13877,3
FGSG_11006,2
FGSG_11005,1
FGSG_11004,1
FGSG_11003,2
FGSG_11000,6
FGSG_10998,1
FGSG_10997,2
FGSG_10996,1
FGSG_10995,2
FGSG_10994,2
FGSG_10993,4
FGSG_10992,1
FGSG_10991,1
FGSG_10990,1
FGSG_10989,1
FGSG_13878,1
FGSG_10987,4
FGSG_10986,3
FGSG_10985,2
FGSG_10984,10
FGSG_10983,1
FGSG_10982,4
FGSG_13880,4
FGSG_13881,2
FGSG_10980,2
FGSG_10979,1
FGSG_10978,2
FGSG_10977,2
FGSG_10976,1
FGSG_10975,3
FGSG_10974,2
FGSG_10973,2
FGSG_10972,2
FGSG_10971,2
FGSG_10970,3
FGSG_10969,2
FGSG_10968,2
FGSG_10967,2
FGSG_10966,2
FGSG_10965,2
FGSG_10964,1
FGSG_10963,2
FGSG_10962,1
FGSG_10961,1
FGSG_10960,2
FGSG_10959,3
FGSG_10958,2
FGSG_10957,1
FGSG_10956,4
FGSG_10955,0
FGSG_13882,2
FGSG_13883,2
FGSG_10953,1
FGSG_10952,2
FGSG_10951,1
FGSG_10950,2
FGSG_13884,1
FGSG_10949,1
FGSG_10948,2
FGSG_10947,1
FGSG_10946,1
FGSG_10945,1
FGSG_10944,2
FGSG_10943,1
FGSG_10942,2
FGSG_10941,2
FGSG_13885,3
FGSG_10940,2
FGSG_10939,3
FGSG_10938,2
FGSG_10937,2
FGSG_10936,2
FGSG_10935,1
FGSG_10934,2
FGSG_10933,1
FGSG_13886,3
FGSG_10932,12
FGSG_13887,2
FGSG_13888,2
FGSG_10930,6
FGSG_13889,1
FGSG_13890,0
FGSG_10927,1
FGSG_20779,8
FGSG_10926,1
FGSG_10925,1
FGSG_13891,1
FGSG_13892,2
FGSG_10923,2
FGSG_10922,1
FGSG_10921,1
FGSG_10920,2
FGSG_10919,1
FGSG_10918,2
FGSG_10917,1
FGSG_10916,1
FGSG_10915,1
FGSG_10914,2
FGSG_10913,1
FGSG_13893,1
FGSG_10912,4
FGSG_10911,2
FGSG_10910,2
FGSG_20780,15
FGSG_10909,1
FGSG_10908,3
FGSG_10907,2
FGSG_10906,1
FGSG_10905,1
FGSG_10904,1
FGSG_10903,0
FGSG_10902,2
FGSG_10901,1
FGSG_10900,2
FGSG_10899,1
FGSG_10898,1
FGSG_10897,1
FGSG_10896,3
FGSG_10895,1
FGSG_10894,2
FGSG_10893,1
FGSG_10892,0
FGSG_13894,1
FGSG_10891,2
FGSG_13896,1
FGSG_13897,1
FGSG_20782,8
FGSG_10890,1
FGSG_13898,6
FGSG_13899,2
FGSG_10889,3
FGSG_10888,1
FGSG_10887,3
FGSG_10886,7
FGSG_10885,2
FGSG_10884,1
FGSG_10883,1
FGSG_10882,1
FGSG_10881,1
FGSG_10880,1
FGSG_10879,2
FGSG_10878,1
FGSG_10877,1
FGSG_13900,0
FGSG_10876,2
FGSG_10875,2
FGSG_10874,1
FGSG_10873,2
FGSG_10872,1
FGSG_10871,1
FGSG_10870,2
FGSG_10869,2
FGSG_13901,4
FGSG_13902,3
FGSG_10868,1
FGSG_10867,3
FGSG_10866,1
FGSG_10865,2
FGSG_10864,1
FGSG_10863,2
FGSG_10862,3
FGSG_10861,1
FGSG_10860,1
FGSG_10859,1
FGSG_10858,1
FGSG_10857,1
FGSG_10856,1
FGSG_10855,1
FGSG_10854,8
FGSG_10853,2
FGSG_10852,1
FGSG_13903,1
FGSG_13904,1
FGSG_10850,1
FGSG_13905,3
FGSG_13906,1
FGSG_10848,2
FGSG_10847,1
FGSG_10846,1
FGSG_10845,1
FGSG_10844,1
FGSG_10843,1
FGSG_10842,1
FGSG_10841,2
FGSG_10840,3
FGSG_13908,1
FGSG_10839,2
FGSG_10838,1
FGSG_10837,1
FGSG_10836,1
FGSG_10835,2
FGSG_10834,2
FGSG_10833,2
FGSG_13909,1
FGSG_10832,1
FGSG_10831,4
FGSG_10830,1
FGSG_13910,2
FGSG_10829,2
FGSG_10828,3
FGSG_10827,1
FGSG_10826,3
FGSG_10825,2
FGSG_10824,1
FGSG_10823,1
FGSG_10822,2
FGSG_10821,2
FGSG_10820,1
FGSG_10819,1
FGSG_10818,11
FGSG_10817,2
FGSG_20784,14
FGSG_10816,1
FGSG_10815,1
FGSG_13911,3
FGSG_13912,2
FGSG_13913,2
FGSG_13914,1
FGSG_13915,6
FGSG_10812,2
FGSG_10811,1
FGSG_10810,1
FGSG_10809,1
FGSG_10808,1
FGSG_13916,1
FGSG_10807,1
FGSG_10806,1
FGSG_10805,8
FGSG_10804,1
FGSG_10803,1
FGSG_10802,1
FGSG_13917,1
FGSG_10801,1
FGSG_10800,3
FGSG_10799,3
FGSG_10798,1
FGSG_10797,2
FGSG_13918,11
FGSG_13919,0
FGSG_10796,2
FGSG_10795,2
FGSG_10794,2
FGSG_10793,1
FGSG_10792,1
FGSG_10791,3
FGSG_10790,2
FGSG_10789,2
FGSG_10788,2
FGSG_10787,2
FGSG_10786,2
FGSG_10785,6
FGSG_10784,1
FGSG_10783,1
FGSG_10782,12
FGSG_10781,1
FGSG_10780,3
FGSG_10779,2
FGSG_10778,2
FGSG_13920,2
FGSG_10777,7
FGSG_10776,1
FGSG_10775,4
FGSG_10774,6
FGSG_10773,2
FGSG_10772,4
FGSG_10771,4
FGSG_20067,1
FGSG_10770,1
FGSG_10769,4
FGSG_10768,1
FGSG_13921,2
FGSG_10767,2
FGSG_10766,1
FGSG_10765,2
FGSG_13922,1
FGSG_10764,1
FGSG_10763,1
FGSG_10762,2
FGSG_10761,2
FGSG_10760,2
FGSG_10759,1
FGSG_10758,2
FGSG_10757,3
FGSG_10756,2
FGSG_10755,1
FGSG_13923,0
FGSG_10754,2
FGSG_10753,1
FGSG_10752,2
FGSG_10751,6
FGSG_10750,1
FGSG_10749,3
FGSG_13924,6
FGSG_13925,1
FGSG_10747,1
FGSG_13926,1
FGSG_10746,1
FGSG_10745,10
FGSG_10744,1
FGSG_10743,1
FGSG_10742,2
FGSG_10741,2
FGSG_10740,2
FGSG_10739,1
FGSG_13927,2
FGSG_10738,2
FGSG_10737,1
FGSG_10736,2
FGSG_10735,1
FGSG_10734,1
FGSG_10733,2
FGSG_10732,1
FGSG_13928,2
FGSG_13929,1
FGSG_10730,2
FGSG_10729,8
FGSG_10728,1
FGSG_10727,11
FGSG_13930,3
FGSG_13931,4
FGSG_13932,1
FGSG_10725,2
FGSG_10724,1
FGSG_10723,2
FGSG_10722,4
FGSG_10721,1
FGSG_13933,3
FGSG_13934,2
FGSG_10719,2
FGSG_10718,3
FGSG_10717,2
FGSG_10716,3
FGSG_13935,2
FGSG_11599,1
FGSG_11598,1
FGSG_13936,1
FGSG_13937,0
FGSG_11508,9
FGSG_11507,0
FGSG_13938,2
FGSG_13939,2
FGSG_11505,2
FGSG_11503,9
FGSG_11501,1
FGSG_11500,1
FGSG_11499,2
FGSG_11498,2
FGSG_11497,1
FGSG_11496,1
FGSG_11495,1
FGSG_11494,4
FGSG_11492,1
FGSG_11490,9
FGSG_11489,1
FGSG_11488,1
FGSG_11487,2
FGSG_11485,7
FGSG_11484,1
FGSG_11483,2
FGSG_11482,2
FGSG_13941,2
FGSG_13942,2
FGSG_11480,2
FGSG_11479,2
FGSG_11478,2
FGSG_11477,14
FGSG_13943,4
FGSG_11475,1
FGSG_11474,2
FGSG_13945,2
FGSG_11473,1
FGSG_11472,2
FGSG_11471,1
FGSG_11470,1
FGSG_11469,4
FGSG_11468,2
FGSG_11467,4
FGSG_13946,4
FGSG_13947,2
FGSG_20786,9
FGSG_13948,1
FGSG_11465,1
FGSG_11464,0
FGSG_11463,9
FGSG_11462,2
FGSG_11459,11
FGSG_11458,2
FGSG_20787,0
FGSG_11457,1
FGSG_11456,1
FGSG_11455,1
FGSG_11454,2
FGSG_13950,2
FGSG_11450,6
FGSG_11449,2
FGSG_11448,2
FGSG_13952,2
FGSG_13953,2
FGSG_11446,2
FGSG_11445,1
FGSG_13954,1
FGSG_13955,4
FGSG_11443,0
FGSG_11442,0
FGSG_13956,2
FGSG_13957,1
FGSG_11440,1
FGSG_11439,1
FGSG_11438,2
FGSG_11437,2
FGSG_11436,2
FGSG_11435,5
FGSG_11434,0
FGSG_13958,2
FGSG_13959,0
FGSG_11429,2
FGSG_11428,2
FGSG_11427,3
FGSG_13960,0
FGSG_11426,5
FGSG_11425,2
FGSG_11424,2
FGSG_11423,1
FGSG_11422,2
FGSG_11421,2
FGSG_11420,4
FGSG_11419,2
FGSG_13961,0
FGSG_11417,2
FGSG_11416,2
FGSG_13962,1
FGSG_13963,1
FGSG_11413,1
FGSG_11412,1
FGSG_11411,2
FGSG_11410,0
FGSG_13964,2
FGSG_20788,11
FGSG_11409,2
FGSG_11408,1
FGSG_11407,4
FGSG_11406,3
FGSG_11405,4
FGSG_13966,2
FGSG_13967,2
FGSG_13968,2
FGSG_11403,2
FGSG_13969,1
FGSG_13970,2
FGSG_11401,9
FGSG_20789,8
FGSG_11400,2
FGSG_11399,4
FGSG_11398,1
FGSG_11397,2
FGSG_11396,2
FGSG_11395,1
FGSG_11394,0
FGSG_11392,9
FGSG_20790,1
FGSG_11391,6
FGSG_13971,2
FGSG_13972,2
FGSG_20791,1
FGSG_20792,5
FGSG_11389,2
FGSG_11388,2
FGSG_11387,2
FGSG_11386,2
FGSG_11385,2
FGSG_13973,2
FGSG_13974,2
FGSG_11383,2
FGSG_13975,2
FGSG_13976,4
FGSG_20793,10
FGSG_11381,1
FGSG_11380,1
FGSG_11379,1
FGSG_11378,2
FGSG_11377,2
FGSG_11376,12
FGSG_11375,2
FGSG_11374,9
FGSG_20794,1
FGSG_11372,0
FGSG_11371,2
FGSG_13977,2
FGSG_20068,7
FGSG_13978,2
FGSG_11369,2
FGSG_20795,2
FGSG_11368,4
FGSG_20796,8
FGSG_11367,2
FGSG_11366,2
FGSG_20797,1
FGSG_13979,2
FGSG_13980,2
FGSG_11364,2
FGSG_11363,2
FGSG_11361,4
FGSG_11360,10
FGSG_11358,2
FGSG_11357,2
FGSG_11356,4
FGSG_11354,2
FGSG_11352,15
FGSG_11351,6
FGSG_11350,1
FGSG_11349,2
FGSG_11348,14
FGSG_11347,2
FGSG_13983,2
FGSG_13984,1
FGSG_11345,5
FGSG_11344,2
FGSG_11343,1
FGSG_11341,2
FGSG_11340,6
FGSG_11339,2
FGSG_13985,2
FGSG_11337,2
FGSG_11336,1
FGSG_13987,8
FGSG_11335,2
FGSG_13988,4
FGSG_20802,1
FGSG_13989,2
FGSG_13990,1
FGSG_11333,6
FGSG_11332,4
FGSG_20805,5
FGSG_11331,0
FGSG_11328,3
FGSG_11327,1
FGSG_11326,2
FGSG_11325,9
FGSG_11324,2
FGSG_11323,2
FGSG_20069,13
FGSG_11322,1
FGSG_11321,4
FGSG_11320,3
FGSG_11318,13
FGSG_11317,2
FGSG_11315,1
FGSG_11313,1
FGSG_11312,2
FGSG_11311,2
FGSG_20070,1
FGSG_11310,1
FGSG_11309,1
FGSG_11308,1
FGSG_11307,2
FGSG_11306,2
FGSG_11305,2
FGSG_11304,9
FGSG_11303,14
FGSG_11302,6
FGSG_11301,2
FGSG_11300,2
FGSG_11299,2
FGSG_11298,0
FGSG_11297,2
FGSG_11296,2
FGSG_11295,2
FGSG_11294,0
FGSG_11293,2
FGSG_11292,1
FGSG_11291,2
FGSG_11290,0
FGSG_13992,2
FGSG_13993,2
FGSG_11287,2
FGSG_11286,2
FGSG_11285,2
FGSG_11284,2
FGSG_13994,2
FGSG_11283,1
FGSG_20071,2
FGSG_11282,2
FGSG_11281,1
FGSG_11280,3
FGSG_11279,1
FGSG_11278,2
FGSG_11277,2
FGSG_11276,9
FGSG_11275,2
FGSG_13995,7
FGSG_11274,1
FGSG_11273,0
FGSG_11272,3
FGSG_11271,2
FGSG_11270,2
FGSG_11269,2
FGSG_20807,4
FGSG_11268,1
FGSG_11266,1
FGSG_13996,2
FGSG_13997,2
FGSG_13998,2
FGSG_11264,2
FGSG_11263,14
FGSG_11262,2
FGSG_11261,2
FGSG_11260,2
FGSG_20808,10
FGSG_13999,2
FGSG_11258,2
FGSG_11257,2
FGSG_11256,1
FGSG_14001,2
FGSG_14002,1
FGSG_11254,2
FGSG_11252,2
FGSG_11251,2
FGSG_11250,0
FGSG_11249,2
FGSG_14003,2
FGSG_11248,9
FGSG_11247,12
FGSG_11246,13
FGSG_20810,13
FGSG_14004,11
FGSG_11245,2
FGSG_11244,2
FGSG_14007,2
FGSG_11242,1
FGSG_11241,0
FGSG_11240,4
FGSG_11611,8
FGSG_06431,6
FGSG_06432,9
FGSG_06433,14
FGSG_06436,2
FGSG_06437,2
FGSG_06438,1
FGSG_06439,1
FGSG_06440,1
FGSG_06441,2
FGSG_06442,0
FGSG_06444,1
FGSG_06446,2
FGSG_06447,2
FGSG_06448,2
FGSG_06450,14
FGSG_06451,2
FGSG_06452,0
FGSG_06456,4
FGSG_06457,8
FGSG_12921,2
FGSG_06460,0
FGSG_06461,6
FGSG_06462,2
FGSG_06463,1
FGSG_06464,4
FGSG_06465,1
FGSG_06466,12
FGSG_06468,2
FGSG_06469,9
FGSG_06470,6
FGSG_06472,2
FGSG_06473,1
FGSG_06474,2
FGSG_06477,4
FGSG_06478,2
FGSG_06479,1
FGSG_12924,9
FGSG_06480,1
FGSG_12926,1
FGSG_12927,1
FGSG_06482,1
FGSG_06483,1
FGSG_06484,11
FGSG_06485,2
FGSG_12929,2
FGSG_06486,2
FGSG_06487,2
FGSG_06488,7
FGSG_06489,2
FGSG_06492,1
FGSG_12931,1
FGSG_12932,10
FGSG_06493,1
FGSG_06494,4
FGSG_06495,1
FGSG_06496,1
FGSG_06497,2
FGSG_06498,1
FGSG_06499,1
FGSG_06500,2
FGSG_06501,1
FGSG_06502,3
FGSG_06503,1
FGSG_06504,1
FGSG_06505,9
FGSG_06506,1
FGSG_06507,1
FGSG_12933,14
FGSG_06508,1
FGSG_06509,2
FGSG_06510,2
FGSG_06511,2
FGSG_06512,2
FGSG_06513,1
FGSG_06514,1
FGSG_06515,2
FGSG_06516,2
FGSG_06517,2
FGSG_06518,2
FGSG_06521,1
FGSG_06522,10
FGSG_06523,1
FGSG_06524,1
FGSG_12934,1
FGSG_12935,1
FGSG_06526,1
FGSG_06527,2
FGSG_06528,2
FGSG_06529,2
FGSG_06530,1
FGSG_06531,4
FGSG_06532,2
FGSG_06533,13
FGSG_06534,1
FGSG_06535,2
FGSG_06536,2
FGSG_06537,1
FGSG_06538,1
FGSG_06539,2
FGSG_06540,3
FGSG_06541,1
FGSG_06542,2
FGSG_06543,1
FGSG_06544,1
FGSG_06545,1
FGSG_06546,1
FGSG_06547,2
FGSG_06548,2
FGSG_06549,2
FGSG_06550,2
FGSG_06551,2
FGSG_06552,1
FGSG_06553,1
FGSG_06554,1
FGSG_06555,10
FGSG_06556,8
FGSG_06557,2
FGSG_06558,1
FGSG_06559,7
FGSG_06560,1
FGSG_06561,1
FGSG_06562,1
FGSG_06563,1
FGSG_06564,1
FGSG_06565,0
FGSG_06566,1
FGSG_12937,2
FGSG_12938,6
FGSG_12939,1
FGSG_12940,1
FGSG_06569,1
FGSG_12941,1
FGSG_06570,5
FGSG_06571,2
FGSG_06572,1
FGSG_12942,2
FGSG_06573,3
FGSG_06574,1
FGSG_06575,2
FGSG_06576,1
FGSG_06577,1
FGSG_06578,2
FGSG_06579,2
FGSG_06580,1
FGSG_06581,3
FGSG_06582,1
FGSG_06583,1
FGSG_06584,7
FGSG_12943,3
FGSG_20656,4
FGSG_06586,1
FGSG_06587,1
FGSG_06588,0
FGSG_06589,1
FGSG_06590,1
FGSG_06591,1
FGSG_06592,1
FGSG_06593,0
FGSG_06594,8
FGSG_06595,1
FGSG_06596,1
FGSG_06597,1
FGSG_06598,1
FGSG_06599,1
FGSG_06600,1
FGSG_06601,3
FGSG_06602,3
FGSG_12944,0
FGSG_12945,1
FGSG_06605,2
FGSG_06606,2
FGSG_06607,1
FGSG_06608,11
FGSG_12946,2
FGSG_12947,6
FGSG_06609,2
FGSG_06610,6
FGSG_06611,2
FGSG_06612,2
FGSG_06613,1
FGSG_06614,1
FGSG_12948,0
FGSG_06615,3
FGSG_06616,1
FGSG_06618,2
FGSG_06619,2
FGSG_06620,2
FGSG_06621,5
FGSG_06622,11
FGSG_06623,6
FGSG_06624,7
FGSG_06625,1
FGSG_06626,2
FGSG_12949,2
FGSG_12950,1
FGSG_06627,4
FGSG_06628,3
FGSG_06629,1
FGSG_12951,1
FGSG_12952,1
FGSG_06630,1
FGSG_20657,1
FGSG_06631,1
FGSG_06632,1
FGSG_06633,1
FGSG_06634,4
FGSG_06635,1
FGSG_20658,9
FGSG_06636,4
FGSG_12953,0
FGSG_06637,3
FGSG_06638,1
FGSG_06640,2
FGSG_06641,1
FGSG_06642,1
FGSG_06643,2
FGSG_06644,1
FGSG_06645,1
FGSG_06646,2
FGSG_06647,1
FGSG_12954,1
FGSG_12955,1
FGSG_12956,1
FGSG_06649,2
FGSG_12957,4
FGSG_06650,1
FGSG_12958,2
FGSG_06651,1
FGSG_06652,1
FGSG_06653,3
FGSG_06654,1
FGSG_06655,2
FGSG_06656,0
FGSG_06658,2
FGSG_06659,3
FGSG_12959,8
FGSG_06660,3
FGSG_06661,2
FGSG_06662,1
FGSG_06663,1
FGSG_06664,1
FGSG_06665,0
FGSG_12960,14
FGSG_06666,3
FGSG_12961,6
FGSG_12962,0
FGSG_06668,2
FGSG_06669,1
FGSG_06670,1
FGSG_06671,1
FGSG_06672,1
FGSG_06673,1
FGSG_06674,1
FGSG_06675,1
FGSG_06676,4
FGSG_06677,1
FGSG_06678,1
FGSG_06679,2
FGSG_06680,2
FGSG_06681,1
FGSG_06682,1
FGSG_06683,3
FGSG_06684,3
FGSG_06685,1
FGSG_12964,2
FGSG_06686,1
FGSG_06687,1
FGSG_06688,1
FGSG_06689,1
FGSG_06690,2
FGSG_06691,2
FGSG_06692,1
FGSG_06693,1
FGSG_06694,1
FGSG_06695,2
FGSG_06696,1
FGSG_06697,1
FGSG_06698,5
FGSG_12965,2
FGSG_06699,2
FGSG_12966,2
FGSG_06700,1
FGSG_06701,1
FGSG_06702,1
FGSG_06703,1
FGSG_12967,1
FGSG_12968,1
FGSG_06705,1
FGSG_06706,1
FGSG_06707,2
FGSG_06708,1
FGSG_06709,3
FGSG_06710,2
FGSG_12969,0
FGSG_06711,2
FGSG_06712,2
FGSG_12970,9
FGSG_12971,10
FGSG_06715,1
FGSG_06716,3
FGSG_06717,1
FGSG_06718,1
FGSG_06720,2
FGSG_06719,1
FGSG_06721,2
FGSG_06722,2
FGSG_06723,1
FGSG_06724,2
FGSG_06725,2
FGSG_06726,2
FGSG_12972,1
FGSG_12973,1
FGSG_06727,12
FGSG_06728,2
FGSG_12974,1
FGSG_12975,1
FGSG_06730,1
FGSG_06731,4
FGSG_12976,1
FGSG_12977,1
FGSG_20659,2
FGSG_20660,10
FGSG_06733,1
FGSG_12978,1
FGSG_12979,2
FGSG_06734,2
FGSG_12980,1
FGSG_06735,1
FGSG_06736,3
FGSG_06737,2
FGSG_06738,1
FGSG_06739,1
FGSG_06740,2
FGSG_06741,1
FGSG_12981,1
FGSG_06742,3
FGSG_06743,1
FGSG_06744,1
FGSG_06745,2
FGSG_06746,1
FGSG_06748,2
FGSG_06749,4
FGSG_06750,3
FGSG_06751,1
FGSG_06752,1
FGSG_20661,2
FGSG_12982,1
FGSG_12983,10
FGSG_12984,10
FGSG_20662,8
FGSG_12985,1
FGSG_06754,3
FGSG_06755,1
FGSG_06756,13
FGSG_06757,2
FGSG_06758,4
FGSG_06759,3
FGSG_06760,3
FGSG_06761,4
FGSG_06762,2
FGSG_12986,1
FGSG_12987,1
FGSG_06763,2
FGSG_06764,1
FGSG_06765,1
FGSG_06766,2
FGSG_06767,1
FGSG_06768,1
FGSG_06769,1
FGSG_06770,1
FGSG_06771,2
FGSG_06772,3
FGSG_06773,13
FGSG_12988,1
FGSG_06774,1
FGSG_06775,1
FGSG_06776,3
FGSG_06777,2
FGSG_06778,2
FGSG_06779,2
FGSG_06780,5
FGSG_06781,3
FGSG_06782,2
FGSG_06783,2
FGSG_06784,2
FGSG_06785,3
FGSG_06786,2
FGSG_12989,2
FGSG_06787,0
FGSG_06788,3
FGSG_06789,1
FGSG_06790,1
FGSG_06791,1
FGSG_06792,1
FGSG_06793,1
FGSG_06794,2
FGSG_06795,1
FGSG_06796,1
FGSG_06797,1
FGSG_06798,2
FGSG_06799,1
FGSG_06800,2
FGSG_06801,1
FGSG_06802,1
FGSG_06803,2
FGSG_06804,3
FGSG_06805,4
FGSG_06806,1
FGSG_06807,2
FGSG_12991,2
FGSG_12992,13
FGSG_06809,1
FGSG_06810,1
FGSG_06811,1
FGSG_06812,1
FGSG_12993,10
FGSG_06813,1
FGSG_06814,2
FGSG_06815,2
FGSG_06816,1
FGSG_06817,4
FGSG_06818,12
FGSG_06819,2
FGSG_06820,3
FGSG_06821,1
FGSG_06822,1
FGSG_06823,2
FGSG_06824,1
FGSG_06825,1
FGSG_06826,2
FGSG_06827,1
FGSG_12994,9
FGSG_06829,2
FGSG_06830,1
FGSG_06831,15
FGSG_06832,1
FGSG_06833,1
FGSG_06834,1
FGSG_06835,2
FGSG_06836,2
FGSG_06837,1
FGSG_12995,1
FGSG_06840,1
FGSG_06841,1
FGSG_06842,1
FGSG_06843,1
FGSG_06844,2
FGSG_06845,1
FGSG_06846,1
FGSG_06847,4
FGSG_12996,2
FGSG_12997,1
FGSG_06849,2
FGSG_06850,1
FGSG_06851,0
FGSG_06852,1
FGSG_06853,2
FGSG_12998,2
FGSG_12999,1
FGSG_06855,2
FGSG_06856,3
FGSG_06857,1
FGSG_13000,2
FGSG_06858,2
FGSG_13001,2
FGSG_06859,1
FGSG_06860,12
FGSG_06861,1
FGSG_13002,3
FGSG_06863,0
FGSG_06864,1
FGSG_06865,1
FGSG_06866,2
FGSG_06867,3
FGSG_06868,1
FGSG_06869,1
FGSG_06870,4
FGSG_06871,3
FGSG_06872,0
FGSG_13003,9
FGSG_06873,2
FGSG_06874,3
FGSG_06875,1
FGSG_13004,1
FGSG_13005,3
FGSG_13006,2
FGSG_06877,2
FGSG_06878,4
FGSG_06879,1
FGSG_06880,1
FGSG_06881,1
FGSG_13007,2
FGSG_13008,2
FGSG_13009,5
FGSG_13010,2
FGSG_06884,2
FGSG_06885,1
FGSG_06886,2
FGSG_13011,0
FGSG_13012,2
FGSG_13013,1
FGSG_13014,1
FGSG_06888,2
FGSG_06889,1
FGSG_06890,1
FGSG_06891,1
FGSG_06892,14
FGSG_06893,2
FGSG_06894,2
FGSG_06895,4
FGSG_13015,1
FGSG_06896,4
FGSG_06897,1
FGSG_06898,14
FGSG_06899,0
FGSG_06900,4
FGSG_06901,2
FGSG_06902,1
FGSG_06903,1
FGSG_06904,1
FGSG_06905,1
FGSG_06906,1
FGSG_06907,1
FGSG_06908,1
FGSG_06909,1
FGSG_06910,1
FGSG_06911,1
FGSG_06912,1
FGSG_13016,2
FGSG_06913,0
FGSG_06914,1
FGSG_06915,1
FGSG_06916,0
FGSG_06917,3
FGSG_06918,3
FGSG_06919,1
FGSG_06920,2
FGSG_06921,2
FGSG_06922,2
FGSG_06923,0
FGSG_06924,1
FGSG_06925,3
FGSG_13017,1
FGSG_13018,1
FGSG_06927,4
FGSG_20663,2
FGSG_20664,1
FGSG_06928,4
FGSG_06929,2
FGSG_06930,2
FGSG_06931,2
FGSG_06932,1
FGSG_06933,3
FGSG_06934,4
FGSG_06935,3
FGSG_06936,4
FGSG_06937,1
FGSG_13019,1
FGSG_06938,3
FGSG_06939,0
FGSG_13020,4
FGSG_06940,2
FGSG_06941,2
FGSG_06942,2
FGSG_06943,1
FGSG_06944,3
FGSG_13021,11
FGSG_06945,1
FGSG_06946,1
FGSG_13022,8
FGSG_13023,0
FGSG_06947,4
FGSG_06948,1
FGSG_13024,1
FGSG_13025,1
FGSG_06950,1
FGSG_06951,14
FGSG_06952,14
FGSG_06953,3
FGSG_06954,3
FGSG_06955,1
FGSG_13026,3
FGSG_13027,1
FGSG_13028,3
FGSG_13029,3
FGSG_06957,2
FGSG_06958,1
FGSG_06959,2
FGSG_06960,2
FGSG_06961,1
FGSG_06962,12
FGSG_06963,4
FGSG_13030,1
FGSG_13031,1
FGSG_13032,1
FGSG_06965,3
FGSG_06966,1
FGSG_06967,1
FGSG_06968,1
FGSG_06969,1
FGSG_06970,1
FGSG_06971,4
FGSG_06972,2
FGSG_06973,1
FGSG_06974,2
FGSG_06975,2
FGSG_06976,2
FGSG_06977,2
FGSG_06978,1
FGSG_06979,1
FGSG_06980,1
FGSG_06981,2
FGSG_06982,1
FGSG_06983,1
FGSG_06984,2
FGSG_13033,3
FGSG_06985,3
FGSG_13034,12
FGSG_13035,0
FGSG_06986,1
FGSG_06987,1
FGSG_06988,3
FGSG_06989,1
FGSG_06990,2
FGSG_06991,2
FGSG_06992,1
FGSG_06993,2
FGSG_06994,11
FGSG_13036,2
FGSG_06995,4
FGSG_06996,2
FGSG_06997,4
FGSG_06998,2
FGSG_06999,2
FGSG_07000,1
FGSG_14037,2
FGSG_14038,2
FGSG_13039,3
FGSG_13040,1
FGSG_07002,1
FGSG_07003,2
FGSG_07004,1
FGSG_13041,1
FGSG_07005,1
FGSG_07006,2
FGSG_07007,1
FGSG_07008,3
FGSG_07009,1
FGSG_07010,2
FGSG_07011,2
FGSG_07012,4
FGSG_07013,1
FGSG_07014,1
FGSG_07015,2
FGSG_07016,3
FGSG_07017,1
FGSG_07018,1
FGSG_07019,1
FGSG_07020,1
FGSG_07021,2
FGSG_07022,1
FGSG_07023,1
FGSG_13042,1
FGSG_07024,1
FGSG_07025,1
FGSG_07026,2
FGSG_07027,12
FGSG_07028,2
FGSG_07029,1
FGSG_07030,2
FGSG_07031,1
FGSG_07032,1
FGSG_07033,1
FGSG_07034,0
FGSG_07035,2
FGSG_20665,2
FGSG_07036,5
FGSG_13043,1
FGSG_13044,2
FGSG_13045,1
FGSG_13046,2
FGSG_07038,1
FGSG_13047,4
FGSG_07039,2
FGSG_13048,2
FGSG_07040,2
FGSG_07041,1
FGSG_07042,2
FGSG_07043,3
FGSG_07044,4
FGSG_07045,2
FGSG_13049,1
FGSG_07046,3
FGSG_07047,1
FGSG_07048,2
FGSG_07049,3
FGSG_07050,2
FGSG_07051,1
FGSG_13050,11
FGSG_07052,2
FGSG_13051,13
FGSG_07053,3
FGSG_13052,2
FGSG_07054,4
FGSG_07055,3
FGSG_07056,1
FGSG_07057,1
FGSG_07058,2
FGSG_07059,4
FGSG_07060,1
FGSG_07061,2
FGSG_07062,1
FGSG_07063,1
FGSG_13053,4
FGSG_07064,3
FGSG_07065,2
FGSG_07066,1
FGSG_13054,2
FGSG_07067,2
FGSG_13055,6
FGSG_07068,2
FGSG_07069,1
FGSG_07070,1
FGSG_07071,2
FGSG_07072,1
FGSG_07073,2
FGSG_07074,1
FGSG_07075,1
FGSG_07076,2
FGSG_07077,2
FGSG_13056,1
FGSG_07078,1
FGSG_07079,2
FGSG_07080,2
FGSG_07081,1
FGSG_07082,2
FGSG_07083,2
FGSG_07084,1
FGSG_07085,1
FGSG_07086,1
FGSG_07087,1
FGSG_07088,2
FGSG_07090,1
FGSG_07091,2
FGSG_07092,1
FGSG_07093,2
FGSG_07094,4
FGSG_13057,1
FGSG_13058,5
FGSG_07096,2
FGSG_13059,6
FGSG_07097,2
FGSG_07098,1
FGSG_07099,2
FGSG_07100,1
FGSG_07101,1
FGSG_07102,3
FGSG_07103,4
FGSG_07104,0
FGSG_07105,2
FGSG_07106,1
FGSG_07107,1
FGSG_07108,3
FGSG_07109,2
FGSG_07110,2
FGSG_07111,1
FGSG_07112,2
FGSG_13060,2
FGSG_07113,2
FGSG_07114,1
FGSG_07115,2
FGSG_07116,3
FGSG_13061,0
FGSG_07117,1
FGSG_07118,3
FGSG_13062,2
FGSG_13063,1
FGSG_07119,1
FGSG_07120,2
FGSG_07121,3
FGSG_07122,1
FGSG_07123,2
FGSG_13064,4
FGSG_13065,7
FGSG_07125,3
FGSG_07126,1
FGSG_07127,1
FGSG_07128,1
FGSG_07129,1
FGSG_07130,1
FGSG_07131,1
FGSG_13066,1
FGSG_07132,2
FGSG_13067,0
FGSG_13068,2
FGSG_07133,2
FGSG_07134,1
FGSG_07135,1
FGSG_07136,1
FGSG_07137,1
FGSG_07138,2
FGSG_07139,3
FGSG_07140,2
FGSG_07141,1
FGSG_07142,4
FGSG_07143,2
FGSG_07144,12
FGSG_13069,0
FGSG_07146,2
FGSG_13070,1
FGSG_13071,1
FGSG_13072,4
FGSG_13073,1
FGSG_13074,1
FGSG_07148,2
FGSG_13076,1
FGSG_07150,4
FGSG_07151,1
FGSG_07152,1
FGSG_13077,1
FGSG_07153,2
FGSG_07154,1
FGSG_07155,1
FGSG_07156,3
FGSG_13078,0
FGSG_07157,2
FGSG_13079,14
FGSG_07158,3
FGSG_07159,1
FGSG_07160,1
FGSG_07161,2
FGSG_07162,1
FGSG_07163,2
FGSG_07164,2
FGSG_07165,1
FGSG_07166,1
FGSG_07167,2
FGSG_07168,1
FGSG_13081,1
FGSG_07169,2
FGSG_07170,1
FGSG_13082,8
FGSG_07171,1
FGSG_07172,1
FGSG_07173,1
FGSG_07174,1
FGSG_07175,2
FGSG_13083,4
FGSG_13084,1
FGSG_07176,3
FGSG_07177,3
FGSG_07178,2
FGSG_07179,2
FGSG_07180,4
FGSG_07181,2
FGSG_07182,1
FGSG_07183,0
FGSG_13085,2
FGSG_07185,1
FGSG_07186,1
FGSG_07187,4
FGSG_07188,2
FGSG_07189,2
FGSG_13086,2
FGSG_13087,1
FGSG_13088,1
FGSG_07191,1
FGSG_13089,0
FGSG_07192,1
FGSG_07193,13
FGSG_07194,1
FGSG_07195,1
FGSG_07196,1
FGSG_07197,1
FGSG_13090,14
FGSG_07198,1
FGSG_07199,2
FGSG_07200,2
FGSG_07201,1
FGSG_07202,1
FGSG_13091,2
FGSG_13092,2
FGSG_07204,2
FGSG_07205,2
FGSG_07206,1
FGSG_07207,1
FGSG_07208,2
FGSG_07209,0
FGSG_07210,2
FGSG_07211,1
FGSG_07212,1
FGSG_07213,12
FGSG_07214,1
FGSG_13094,2
FGSG_07216,2
FGSG_07217,2
FGSG_07218,1
FGSG_13095,1
FGSG_13096,7
FGSG_13097,2
FGSG_07219,1
FGSG_07220,1
FGSG_07221,1
FGSG_07222,1
FGSG_07223,4
FGSG_07224,1
FGSG_07225,1
FGSG_07226,1
FGSG_07227,3
FGSG_13098,2
FGSG_13099,1
FGSG_07229,1
FGSG_13100,0
FGSG_07230,3
FGSG_07231,1
FGSG_07232,1
FGSG_13102,1
FGSG_07233,1
FGSG_07234,4
FGSG_07235,2
FGSG_07236,6
FGSG_07237,1
FGSG_07238,1
FGSG_07239,2
FGSG_13103,3
FGSG_07240,1
FGSG_07241,2
FGSG_13104,1
FGSG_07242,2
FGSG_07243,2
FGSG_13105,1
FGSG_07244,1
FGSG_07245,1
FGSG_07246,1
FGSG_07247,2
FGSG_07248,3
FGSG_07249,1
FGSG_07250,4
FGSG_07251,2
FGSG_07252,2
FGSG_07253,3
FGSG_07254,3
FGSG_07255,1
FGSG_07256,1
FGSG_07257,1
FGSG_07258,1
FGSG_07259,4
FGSG_07260,1
FGSG_07261,1
FGSG_07262,3
FGSG_07263,1
FGSG_07264,1
FGSG_07265,0
FGSG_07266,1
FGSG_07267,3
FGSG_07268,1
FGSG_07269,1
FGSG_07270,0
FGSG_13106,2
FGSG_13107,2
FGSG_13108,4
FGSG_07271,1
FGSG_07272,1
FGSG_07273,14
FGSG_07274,2
FGSG_07275,1
FGSG_07276,1
FGSG_07277,1
FGSG_07278,2
FGSG_07279,1
FGSG_07280,3
FGSG_07281,12
FGSG_07282,2
FGSG_13109,3
FGSG_13110,1
FGSG_07284,2
FGSG_07285,1
FGSG_07286,3
FGSG_07287,1
FGSG_13111,1
FGSG_07288,1
FGSG_07289,2
FGSG_07290,2
FGSG_07291,2
FGSG_07292,1
FGSG_13112,4
FGSG_13113,2
FGSG_07294,3
FGSG_07295,2
FGSG_13114,6
FGSG_07296,2
FGSG_07297,8
FGSG_20667,1
FGSG_07298,3
FGSG_13115,1
FGSG_07299,1
FGSG_07300,1
FGSG_07301,3
FGSG_07302,2
FGSG_07303,2
FGSG_07304,4
FGSG_07305,0
FGSG_07306,2
FGSG_07307,3
FGSG_07308,1
FGSG_07309,1
FGSG_07310,1
FGSG_13116,2
FGSG_13117,5
FGSG_13118,1
FGSG_07312,2
FGSG_07313,4
FGSG_07314,1
FGSG_07315,2
FGSG_07316,1
FGSG_07317,2
FGSG_07318,3
FGSG_07319,1
FGSG_20669,10
FGSG_07320,1
FGSG_07321,2
FGSG_07322,12
FGSG_07323,1
FGSG_13119,1
FGSG_13120,3
FGSG_07325,1
FGSG_07326,1
FGSG_07327,3
FGSG_07328,12
FGSG_13121,0
FGSG_07329,3
FGSG_07330,1
FGSG_07331,3
FGSG_07332,1
FGSG_13122,1
FGSG_07333,1
FGSG_07334,1
FGSG_07335,1
FGSG_07336,1
FGSG_07337,2
FGSG_07338,1
FGSG_07339,0
FGSG_13123,1
FGSG_13124,1
FGSG_13125,5
FGSG_07340,1
FGSG_13126,1
FGSG_13127,1
FGSG_13128,1
FGSG_07342,1
FGSG_13129,3
FGSG_13130,2
FGSG_07344,2
FGSG_13131,1
FGSG_13132,2
FGSG_07346,1
FGSG_13133,1
FGSG_07347,2
FGSG_07348,2
FGSG_07349,2
FGSG_13134,12
FGSG_13135,2
FGSG_07350,2
FGSG_07351,2
FGSG_07352,4
FGSG_07354,11
FGSG_07355,2
FGSG_07356,6
FGSG_07357,1
FGSG_20670,2
FGSG_07358,3
FGSG_07359,2
FGSG_07360,1
FGSG_13136,1
FGSG_13137,2
FGSG_07362,1
FGSG_07363,1
FGSG_07364,3
FGSG_07365,1
FGSG_07366,1
FGSG_20671,1
FGSG_13138,1
FGSG_07367,1
FGSG_07368,1
FGSG_07369,1
FGSG_07370,2
FGSG_07371,2
FGSG_07372,1
FGSG_07373,1
FGSG_13139,5
FGSG_13140,7
FGSG_07374,2
FGSG_07375,0
FGSG_07376,3
FGSG_07377,2
FGSG_07378,2
FGSG_07379,3
FGSG_07380,2
FGSG_07381,2
FGSG_07382,1
FGSG_07383,2
FGSG_07384,2
FGSG_20038,7
FGSG_13141,0
FGSG_13142,1
FGSG_07386,1
FGSG_20672,1
FGSG_20673,9
FGSG_07387,2
FGSG_07388,1
FGSG_07389,2
FGSG_13143,2
FGSG_07390,1
FGSG_07391,1
FGSG_07392,3
FGSG_07393,1
FGSG_07394,3
FGSG_07395,4
FGSG_07396,2
FGSG_07397,3
FGSG_07398,4
FGSG_13144,1
FGSG_07399,0
FGSG_07400,1
FGSG_07401,1
FGSG_07402,1
FGSG_07403,1
FGSG_13145,1
FGSG_07404,2
FGSG_07405,2
FGSG_07406,1
FGSG_07407,1
FGSG_07408,2
FGSG_07409,1
FGSG_07410,15
FGSG_07411,1
FGSG_07412,1
FGSG_07413,2
FGSG_07414,2
FGSG_13146,2
FGSG_07415,3
FGSG_07416,2
FGSG_07417,0
FGSG_07418,2
FGSG_07419,1
FGSG_07420,2
FGSG_07421,1
FGSG_07422,1
FGSG_07423,1
FGSG_07424,1
FGSG_07425,1
FGSG_07426,1
FGSG_07427,4
FGSG_07428,1
FGSG_07429,2
FGSG_13147,1
FGSG_13148,0
FGSG_07430,1
FGSG_07431,1
FGSG_07432,1
FGSG_07433,2
FGSG_13149,2
FGSG_07435,1
FGSG_07436,1
FGSG_07437,1
FGSG_07438,1
FGSG_07439,2
FGSG_07440,12
FGSG_07441,2
FGSG_07442,10
FGSG_07443,2
FGSG_07444,2
FGSG_07445,1
FGSG_07446,2
FGSG_07447,1
FGSG_07448,6
FGSG_07449,2
FGSG_07450,1
FGSG_07451,1
FGSG_07452,2
FGSG_07453,4
FGSG_07454,2
FGSG_07455,1
FGSG_07456,3
FGSG_07457,1
FGSG_07458,1
FGSG_07459,2
FGSG_07460,3
FGSG_13150,2
FGSG_13151,1
FGSG_07462,2
FGSG_07463,2
FGSG_07464,1
FGSG_07465,1
FGSG_07466,1
FGSG_07467,1
FGSG_07468,1
FGSG_07469,2
FGSG_07470,3
FGSG_07471,4
FGSG_07472,2
FGSG_07473,2
FGSG_07474,2
FGSG_07475,4
FGSG_07476,12
FGSG_07477,4
FGSG_07478,3
FGSG_07479,4
FGSG_07480,2
FGSG_13152,1
FGSG_13153,1
FGSG_13154,1
FGSG_13155,1
FGSG_07482,1
FGSG_07483,1
FGSG_07484,1
FGSG_07485,2
FGSG_13156,1
FGSG_07488,1
FGSG_07489,1
FGSG_07490,1
FGSG_07491,14
FGSG_07492,2
FGSG_07493,6
FGSG_07494,12
FGSG_13157,1
FGSG_07495,1
FGSG_07496,2
FGSG_07497,2
FGSG_07498,1
FGSG_07499,3
FGSG_07500,2
FGSG_07501,2
FGSG_07502,2
FGSG_07503,2
FGSG_07504,2
FGSG_07505,2
FGSG_13158,15
FGSG_07507,3
FGSG_07508,1
FGSG_07509,2
FGSG_07510,1
FGSG_07511,2
FGSG_07512,1
FGSG_07513,2
FGSG_07514,2
FGSG_07515,1
FGSG_07516,1
FGSG_07517,1
FGSG_07518,1
FGSG_07520,1
FGSG_07521,2
FGSG_07522,1
FGSG_07523,1
FGSG_07524,2
FGSG_07525,1
FGSG_07526,1
FGSG_07527,5
FGSG_07528,1
FGSG_07529,1
FGSG_07530,2
FGSG_20041,15
FGSG_07531,1
FGSG_07532,2
FGSG_07533,11
FGSG_07535,1
FGSG_07536,4
FGSG_20675,1
FGSG_07537,4
FGSG_07538,2
FGSG_13160,1
FGSG_07539,1
FGSG_07540,1
FGSG_07541,2
FGSG_07542,2
FGSG_07543,2
FGSG_07544,2
FGSG_07545,2
FGSG_07546,2
FGSG_07547,1
FGSG_13161,2
FGSG_13162,1
FGSG_07549,2
FGSG_07550,5
FGSG_07551,2
FGSG_07552,1
FGSG_07553,2
FGSG_07554,1
FGSG_07555,2
FGSG_07556,2
FGSG_07557,2
FGSG_07558,2
FGSG_07560,1
FGSG_07561,0
FGSG_07562,4
FGSG_13163,1
FGSG_13164,2
FGSG_07564,2
FGSG_20676,1
FGSG_07565,3
FGSG_07566,2
FGSG_07567,1
FGSG_07568,4
FGSG_07569,2
FGSG_07570,1
FGSG_07571,3
FGSG_07572,1
FGSG_07573,2
FGSG_07574,2
FGSG_07575,2
FGSG_07577,2
FGSG_07578,2
FGSG_07579,3
FGSG_07580,2
FGSG_07581,1
FGSG_07582,1
FGSG_07583,1
FGSG_07584,2
FGSG_07585,2
FGSG_13166,2
FGSG_13167,1
FGSG_07587,1
FGSG_07588,2
FGSG_07589,2
FGSG_07590,1
FGSG_07591,2
FGSG_07592,1
FGSG_07593,6
FGSG_07595,2
FGSG_07596,1
FGSG_07597,2
FGSG_07598,1
FGSG_20677,2
FGSG_07599,2
FGSG_07600,1
FGSG_07601,1
FGSG_07602,1
FGSG_07603,2
FGSG_07604,2
FGSG_07605,15
FGSG_07606,2
FGSG_13169,2
FGSG_13170,6
FGSG_13171,2
FGSG_07608,4
FGSG_07609,2
FGSG_07610,2
FGSG_07611,1
FGSG_07612,2
FGSG_07613,2
FGSG_07614,2
FGSG_07615,2
FGSG_07616,2
FGSG_07617,2
FGSG_13172,2
FGSG_07619,2
FGSG_07620,2
FGSG_07621,4
FGSG_07622,2
FGSG_07623,1
FGSG_07624,1
FGSG_07625,1
FGSG_07626,2
FGSG_13174,2
FGSG_07627,9
FGSG_07628,2
FGSG_07629,1
FGSG_07630,1
FGSG_07631,2
FGSG_07632,2
FGSG_07633,2
FGSG_07635,0
FGSG_07636,2
FGSG_07637,2
FGSG_07638,2
FGSG_07639,7
FGSG_07640,2
FGSG_07641,2
FGSG_07642,1
FGSG_07643,2
FGSG_07644,2
FGSG_07645,1
FGSG_07646,2
FGSG_07647,2
FGSG_07648,2
FGSG_07650,2
FGSG_07651,2
FGSG_13175,2
FGSG_07653,2
FGSG_13176,2
FGSG_13177,2
FGSG_07655,1
FGSG_07656,1
FGSG_07657,2
FGSG_13179,6
FGSG_07659,2
FGSG_07660,1
FGSG_07661,2
FGSG_07662,0
FGSG_07663,3
FGSG_07664,1
FGSG_07665,2
FGSG_07666,2
FGSG_13180,2
FGSG_07667,2
FGSG_07668,14
FGSG_07669,2
FGSG_07670,2
FGSG_07671,2
FGSG_07672,2
FGSG_07673,2
FGSG_07674,2
FGSG_13181,2
FGSG_13182,2
FGSG_07676,0
FGSG_13184,2
FGSG_13185,2
FGSG_07678,4
FGSG_07679,2
FGSG_20678,1
FGSG_07680,12
FGSG_13186,1
FGSG_07682,8
FGSG_07683,2
FGSG_07684,1
FGSG_07685,4
FGSG_07686,6
FGSG_07687,2
FGSG_07688,2
FGSG_07689,4
FGSG_07690,2
FGSG_07691,2
FGSG_07692,6
FGSG_07693,2
FGSG_13188,1
FGSG_13189,0
FGSG_07695,2
FGSG_07696,1
FGSG_13190,1
FGSG_13191,1
FGSG_07698,0
FGSG_07699,13
FGSG_20680,10
FGSG_07701,2
FGSG_07702,9
FGSG_13193,4
FGSG_13194,2
FGSG_07704,4
FGSG_07705,2
FGSG_13195,2
FGSG_13196,2
FGSG_07707,2
FGSG_07708,2
FGSG_07709,2
FGSG_07710,2
FGSG_20682,0
FGSG_07711,2
FGSG_13197,2
FGSG_13198,2
FGSG_07713,2
FGSG_07714,5
FGSG_07715,1
FGSG_07716,4
FGSG_07717,7
FGSG_13199,1
FGSG_07719,2
FGSG_07720,1
FGSG_07721,1
FGSG_07722,1
FGSG_07723,3
FGSG_07724,2
FGSG_07725,1
FGSG_13200,1
FGSG_07726,1
FGSG_13201,2
FGSG_07728,0
FGSG_07730,4
FGSG_13205,8
FGSG_13208,1
FGSG_07734,0
FGSG_07735,0
FGSG_07736,2
FGSG_13209,1
FGSG_13210,2
FGSG_13211,2
FGSG_07741,2
FGSG_07742,1
FGSG_07743,1
FGSG_07744,1
FGSG_07745,3
FGSG_07746,2
FGSG_07747,9
FGSG_07748,2
FGSG_13212,2
FGSG_07750,1
FGSG_07751,2
FGSG_07752,1
FGSG_13214,10
FGSG_07753,2
FGSG_07754,2
FGSG_07757,6
FGSG_07758,1
FGSG_07760,11
FGSG_07761,1
FGSG_07764,2
FGSG_07765,2
FGSG_07766,2
FGSG_07767,2
FGSG_07768,1
FGSG_07770,1
FGSG_07771,2
FGSG_07772,2
FGSG_07773,2
FGSG_07774,2
FGSG_07775,4
FGSG_07776,2
FGSG_07777,2
FGSG_07778,2
FGSG_13219,2
FGSG_07780,2
FGSG_07781,1
FGSG_07782,1
FGSG_07783,1
FGSG_07784,14
FGSG_07785,2
FGSG_07786,6
FGSG_07790,1
FGSG_07791,5
FGSG_07792,2
FGSG_07793,2
FGSG_07794,0
FGSG_07795,1
FGSG_07797,6
FGSG_07798,10
FGSG_13222,1
FGSG_13223,2
FGSG_07800,1
FGSG_07801,13
FGSG_07802,2
FGSG_07803,13
FGSG_07804,1
FGSG_07805,1
FGSG_13224,2
FGSG_13225,0
FGSG_07807,1
FGSG_07808,2
FGSG_13226,11
FGSG_07809,11
FGSG_07810,1
FGSG_13228,7
FGSG_13230,2
FGSG_07815,2
FGSG_07816,2
FGSG_07817,2
FGSG_07818,8
FGSG_07820,0
FGSG_07824,2
FGSG_07825,2
FGSG_07826,2
FGSG_07827,6
FGSG_07828,9
FGSG_07829,15
FGSG_07830,1
FGSG_07831,2
FGSG_07832,2
FGSG_07833,2
FGSG_07834,2
FGSG_07835,4
FGSG_07836,2
FGSG_20686,11
FGSG_07837,1
FGSG_07838,1
FGSG_07839,11
FGSG_07840,1
FGSG_07841,2
FGSG_07842,1
FGSG_07843,0
FGSG_07844,2
FGSG_07845,2
FGSG_07846,2
FGSG_20688,10
FGSG_07847,2
FGSG_07848,3
FGSG_07849,3
FGSG_13231,1
FGSG_13232,1
FGSG_13233,1
FGSG_07851,1
FGSG_07852,2
FGSG_07853,1
FGSG_07854,2
FGSG_07855,2
FGSG_07856,2
FGSG_07857,13
FGSG_07858,1
FGSG_07860,2
FGSG_07861,4
FGSG_07862,1
FGSG_07863,1
FGSG_13235,4
FGSG_13236,1
FGSG_07864,1
FGSG_07865,1
FGSG_07866,4
FGSG_07867,1
FGSG_07868,2
FGSG_07869,0
FGSG_07870,2
FGSG_13237,3
FGSG_07871,2
FGSG_07872,2
FGSG_07873,1
FGSG_07874,1
FGSG_07875,1
FGSG_07876,1
FGSG_07877,2
FGSG_13238,2
FGSG_13239,2
FGSG_07879,10
FGSG_07880,2
FGSG_20689,2
FGSG_07881,2
FGSG_07882,2
FGSG_07883,0
FGSG_07884,2
FGSG_07885,2
FGSG_07886,0
FGSG_07887,5
FGSG_07888,2
FGSG_07889,2
FGSG_07890,2
FGSG_07891,1
FGSG_07892,1
FGSG_07893,1
FGSG_07894,1
FGSG_07895,1
FGSG_07896,2
FGSG_07897,1
FGSG_07898,4
FGSG_13240,2
FGSG_13241,2
FGSG_07901,6
FGSG_13242,2
FGSG_13243,4
FGSG_07903,2
FGSG_07904,2
FGSG_07906,2
FGSG_07907,1
FGSG_07908,6
FGSG_07909,2
FGSG_07910,2
FGSG_07911,2
FGSG_13245,2
FGSG_13246,2
FGSG_13247,2
FGSG_07913,1
FGSG_07914,4
FGSG_07915,5
FGSG_07916,2
FGSG_07917,2
FGSG_07918,3
FGSG_07919,2
FGSG_07920,0
FGSG_07921,2
FGSG_20043,1
FGSG_07922,2
FGSG_07923,14
FGSG_07924,1
FGSG_07925,1
FGSG_13249,0
FGSG_07926,1
FGSG_07927,2
FGSG_07928,3
FGSG_13250,10
FGSG_13251,8
FGSG_07929,1
FGSG_07930,1
FGSG_07931,2
FGSG_07932,2
FGSG_20691,1
FGSG_07933,2
FGSG_07934,2
FGSG_13252,1
FGSG_13253,1
FGSG_07936,3
FGSG_07937,2
FGSG_07938,1
FGSG_07939,1
FGSG_07940,2
FGSG_07941,3
FGSG_13254,1
FGSG_07942,1
FGSG_07943,1
FGSG_07944,1
FGSG_07945,2
FGSG_07946,1
FGSG_13255,9
FGSG_13256,0
FGSG_07947,2
FGSG_07948,4
FGSG_07949,2
FGSG_07950,2
FGSG_07951,1
FGSG_07952,3
FGSG_07953,1
FGSG_07954,1
FGSG_07955,4
FGSG_07956,2
FGSG_13257,2
FGSG_07958,2
FGSG_07959,1
FGSG_07960,1
FGSG_07961,1
FGSG_07962,3
FGSG_07963,1
FGSG_07964,1
FGSG_07965,1
FGSG_07966,2
FGSG_07967,1
FGSG_07968,2
FGSG_13259,2
FGSG_07969,1
FGSG_07970,4
FGSG_11628,4
FGSG_11627,2
FGSG_11626,1
FGSG_13661,3
FGSG_09858,1
FGSG_09857,2
FGSG_09856,1
FGSG_09855,1
FGSG_09854,1
FGSG_09853,2
FGSG_09852,3
FGSG_09851,1
FGSG_09850,1
FGSG_13660,1
FGSG_13659,12
FGSG_09849,2
FGSG_09848,2
FGSG_09847,2
FGSG_09846,2
FGSG_09845,1
FGSG_09844,4
FGSG_09843,1
FGSG_09842,2
FGSG_09841,1
FGSG_13658,1
FGSG_13657,3
FGSG_13656,1
FGSG_09839,1
FGSG_09838,3
FGSG_09837,2
FGSG_09836,2
FGSG_09835,2
FGSG_09834,1
FGSG_09833,1
FGSG_09832,1
FGSG_09831,1
FGSG_09830,1
FGSG_09829,4
FGSG_09828,2
FGSG_09827,1
FGSG_09826,1
FGSG_09825,2
FGSG_09824,2
FGSG_13655,2
FGSG_13654,1
FGSG_13653,2
FGSG_13652,2
FGSG_09821,14
FGSG_09820,4
FGSG_09819,2
FGSG_09818,4
FGSG_09817,1
FGSG_09816,14
FGSG_09815,1
FGSG_09814,1
FGSG_09813,3
FGSG_09812,4
FGSG_09811,2
FGSG_09810,4
FGSG_09809,2
FGSG_13651,4
FGSG_13650,2
FGSG_09807,2
FGSG_09806,1
FGSG_09805,1
FGSG_13649,1
FGSG_09804,1
FGSG_09803,1
FGSG_09802,1
FGSG_09801,2
FGSG_09800,4
FGSG_09799,1
FGSG_09798,1
FGSG_13648,2
FGSG_13647,2
FGSG_13646,2
FGSG_09796,1
FGSG_09795,3
FGSG_09794,2
FGSG_09793,2
FGSG_09792,3
FGSG_09791,2
FGSG_09790,2
FGSG_09789,1
FGSG_09788,1
FGSG_09787,1
FGSG_09786,1
FGSG_09785,2
FGSG_09784,2
FGSG_09783,4
FGSG_09782,1
FGSG_09781,1
FGSG_09780,1
FGSG_13645,1
FGSG_09779,6
FGSG_09778,2
FGSG_13643,6
FGSG_09777,1
FGSG_13642,1
FGSG_09776,2
FGSG_09775,4
FGSG_09774,1
FGSG_09773,1
FGSG_09772,1
FGSG_13641,3
FGSG_13640,1
FGSG_09770,9
FGSG_13639,2
FGSG_13638,1
FGSG_09768,1
FGSG_09767,1
FGSG_09766,1
FGSG_09765,1
FGSG_09759,2
FGSG_09758,2
FGSG_09757,1
FGSG_09756,3
FGSG_09755,1
FGSG_09754,2
FGSG_09753,2
FGSG_09752,13
FGSG_09751,3
FGSG_09750,2
FGSG_13637,2
FGSG_09749,1
FGSG_09748,3
FGSG_09747,1
FGSG_09746,1
FGSG_13636,0
FGSG_09745,2
FGSG_09744,3
FGSG_09743,2
FGSG_09742,2
FGSG_13635,14
FGSG_09741,12
FGSG_09740,1
FGSG_13634,1
FGSG_09764,4
FGSG_09763,5
FGSG_09762,4
FGSG_09761,3
FGSG_09760,1
FGSG_13633,2
FGSG_09739,1
FGSG_13632,1
FGSG_09738,3
FGSG_09737,1
FGSG_09736,1
FGSG_09735,2
FGSG_09734,2
FGSG_09733,12
FGSG_09732,1
FGSG_09731,1
FGSG_09730,2
FGSG_09729,1
FGSG_09728,2
FGSG_09727,2
FGSG_09726,1
FGSG_09725,3
FGSG_09724,1
FGSG_09723,2
FGSG_09722,2
FGSG_09721,12
FGSG_09720,1
FGSG_09719,2
FGSG_09718,2
FGSG_09717,2
FGSG_09716,2
FGSG_09715,2
FGSG_09713,2
FGSG_09712,1
FGSG_13630,2
FGSG_09710,1
FGSG_13629,9
FGSG_09709,1
FGSG_13628,1
FGSG_09708,1
FGSG_09707,4
FGSG_09706,2
FGSG_13627,0
FGSG_13626,3
FGSG_09704,1
FGSG_09703,1
FGSG_09702,1
FGSG_09701,0
FGSG_09700,1
FGSG_09699,2
FGSG_09698,1
FGSG_09697,1
FGSG_09696,3
FGSG_09695,2
FGSG_09694,1
FGSG_09693,1
FGSG_09692,2
FGSG_09691,1
FGSG_09690,4
FGSG_09689,1
FGSG_09688,2
FGSG_09687,1
FGSG_09686,1
FGSG_09685,2
FGSG_09684,1
FGSG_09683,1
FGSG_09682,1
FGSG_09681,2
FGSG_09680,1
FGSG_09679,0
FGSG_09678,1
FGSG_09677,1
FGSG_13625,2
FGSG_13624,1
FGSG_09675,1
FGSG_09674,1
FGSG_09673,1
FGSG_09672,4
FGSG_09671,2
FGSG_09670,4
FGSG_09669,2
FGSG_09668,1
FGSG_09667,1
FGSG_09666,2
FGSG_09665,1
FGSG_13623,3
FGSG_13622,1
FGSG_09663,15
FGSG_13621,3
FGSG_13620,1
FGSG_09662,1
FGSG_09661,4
FGSG_09660,1
FGSG_09659,2
FGSG_13619,2
FGSG_13618,9
FGSG_09654,4
FGSG_09653,2
FGSG_13617,1
FGSG_13616,3
FGSG_09651,2
FGSG_09650,2
FGSG_09649,4
FGSG_20742,2
FGSG_09648,1
FGSG_09647,1
FGSG_20741,4
FGSG_09646,4
FGSG_09645,1
FGSG_09644,2
FGSG_09643,2
FGSG_09642,1
FGSG_13615,1
FGSG_09639,1
FGSG_09638,1
FGSG_09637,1
FGSG_09636,2
FGSG_09635,3
FGSG_09634,3
FGSG_09633,4
FGSG_09632,2
FGSG_09631,2
FGSG_09630,2
FGSG_09629,3
FGSG_09628,2
FGSG_09627,1
FGSG_09626,1
FGSG_20740,5
FGSG_09625,2
FGSG_09624,1
FGSG_09623,2
FGSG_09622,3
FGSG_09621,1
FGSG_09620,1
FGSG_09619,2
FGSG_09618,1
FGSG_09617,3
FGSG_09616,3
FGSG_09615,0
FGSG_09614,2
FGSG_09613,4
FGSG_09612,2
FGSG_09611,1
FGSG_20739,15
FGSG_09610,1
FGSG_09609,3
FGSG_09608,3
FGSG_09607,1
FGSG_09606,1
FGSG_09605,0
FGSG_13614,2
FGSG_09604,2
FGSG_13613,1
FGSG_13612,1
FGSG_09602,4
FGSG_09601,0
FGSG_09600,1
FGSG_09599,1
FGSG_09598,1
FGSG_09597,4
FGSG_09596,4
FGSG_09595,4
FGSG_09594,15
FGSG_09593,11
FGSG_09592,2
FGSG_09591,2
FGSG_09590,1
FGSG_09589,1
FGSG_13611,2
FGSG_13610,2
FGSG_09587,12
FGSG_09586,1
FGSG_09585,2
FGSG_09584,4
FGSG_09583,2
FGSG_09582,1
FGSG_09581,1
FGSG_09580,1
FGSG_09579,2
FGSG_09578,3
FGSG_09577,4
FGSG_09576,2
FGSG_09575,1
FGSG_09574,1
FGSG_09573,2
FGSG_09572,3
FGSG_09571,0
FGSG_09570,1
FGSG_20738,1
FGSG_09569,3
FGSG_09568,1
FGSG_09567,1
FGSG_09566,2
FGSG_09565,1
FGSG_09564,1
FGSG_09563,1
FGSG_09562,11
FGSG_13609,5
FGSG_09560,1
FGSG_13608,1
FGSG_13607,1
FGSG_13606,1
FGSG_09558,1
FGSG_09557,1
FGSG_09556,1
FGSG_13605,12
FGSG_09555,1
FGSG_09554,4
FGSG_09553,3
FGSG_09552,2
FGSG_09551,4
FGSG_20737,5
FGSG_09550,1
FGSG_09549,1
FGSG_13604,14
FGSG_09548,2
FGSG_09547,1
FGSG_09546,2
FGSG_09545,1
FGSG_09544,1
FGSG_09543,3
FGSG_09542,1
FGSG_09541,1
FGSG_09540,1
FGSG_09539,1
FGSG_09538,2
FGSG_13602,0
FGSG_09537,2
FGSG_09536,4
FGSG_09535,1
FGSG_09534,1
FGSG_09533,1
FGSG_09532,1
FGSG_09531,1
FGSG_09530,2
FGSG_09528,1
FGSG_09527,2
FGSG_09526,1
FGSG_09525,1
FGSG_09524,2
FGSG_09523,1
FGSG_09522,1
FGSG_13601,0
FGSG_09521,2
FGSG_09520,2
FGSG_09519,2
FGSG_09518,8
FGSG_09517,2
FGSG_09516,1
FGSG_09515,1
FGSG_09514,3
FGSG_09513,1
FGSG_09512,1
FGSG_09511,1
FGSG_09510,3
FGSG_09509,1
FGSG_09508,1
FGSG_09507,1
FGSG_13600,2
FGSG_09506,6
FGSG_09505,12
FGSG_09504,1
FGSG_09503,1
FGSG_09502,2
FGSG_09501,2
FGSG_09500,1
FGSG_09499,1
FGSG_09498,1
FGSG_09497,1
FGSG_09496,9
FGSG_09495,2
FGSG_13599,13
FGSG_13598,3
FGSG_09494,1
FGSG_09493,2
FGSG_09492,3
FGSG_13597,6
FGSG_09491,1
FGSG_13596,1
FGSG_09490,1
FGSG_09489,1
FGSG_09488,1
FGSG_09487,2
FGSG_09486,2
FGSG_09485,4
FGSG_09484,1
FGSG_09483,2
FGSG_09482,4
FGSG_09481,2
FGSG_09480,1
FGSG_09479,1
FGSG_09478,1
FGSG_09477,2
FGSG_09476,1
FGSG_09475,1
FGSG_09474,1
FGSG_13595,1
FGSG_09471,4
FGSG_09470,1
FGSG_09469,1
FGSG_20736,10
FGSG_09468,1
FGSG_13594,4
FGSG_09467,11
FGSG_09466,2
FGSG_09465,2
FGSG_09464,2
FGSG_09463,1
FGSG_13592,1
FGSG_09462,2
FGSG_09461,4
FGSG_09460,0
FGSG_09459,1
FGSG_09458,11
FGSG_09457,3
FGSG_09456,1
FGSG_20734,5
FGSG_13591,1
FGSG_09455,1
FGSG_09454,3
FGSG_13590,2
FGSG_13589,2
FGSG_13588,2
FGSG_09453,1
FGSG_13587,2
FGSG_13586,2
FGSG_09451,2
FGSG_09450,2
FGSG_09449,2
FGSG_20733,1
FGSG_09448,1
FGSG_20732,1
FGSG_13585,1
FGSG_13584,1
FGSG_09446,1
FGSG_09445,6
FGSG_09444,1
FGSG_09443,2
FGSG_09442,1
FGSG_09441,2
FGSG_09440,1
FGSG_13583,1
FGSG_13582,3
FGSG_13581,3
FGSG_11638,1
FGSG_13580,1
FGSG_09439,1
FGSG_09438,1
FGSG_09437,1
FGSG_09436,2
FGSG_09435,3
FGSG_09434,2
FGSG_09433,2
FGSG_09432,4
FGSG_09431,1
FGSG_09430,1
FGSG_09429,2
FGSG_09428,1
FGSG_09427,13
FGSG_13579,1
FGSG_13578,9
FGSG_13577,2
FGSG_13576,2
FGSG_09425,1
FGSG_09424,2
FGSG_09423,0
FGSG_09422,1
FGSG_09421,2
FGSG_09420,1
FGSG_09419,3
FGSG_09418,2
FGSG_09417,1
FGSG_09416,1
FGSG_13575,3
FGSG_13574,10
FGSG_09414,1
FGSG_09413,3
FGSG_09412,3
FGSG_13573,0
FGSG_13572,1
FGSG_20062,1
FGSG_13571,1
FGSG_09410,1
FGSG_09409,1
FGSG_09408,2
FGSG_09407,3
FGSG_09406,1
FGSG_13570,2
FGSG_13569,2
FGSG_09404,1
FGSG_09403,1
FGSG_09402,1
FGSG_09401,2
FGSG_09400,2
FGSG_09399,2
FGSG_09398,2
FGSG_09397,1
FGSG_09396,2
FGSG_09395,2
FGSG_09394,5
FGSG_09393,2
FGSG_09392,1
FGSG_09391,1
FGSG_09390,1
FGSG_09389,2
FGSG_09388,2
FGSG_09386,1
FGSG_09385,8
FGSG_09384,3
FGSG_09383,2
FGSG_09382,2
FGSG_09381,1
FGSG_09380,1
FGSG_09379,3
FGSG_09378,1
FGSG_09377,2
FGSG_09376,1
FGSG_09375,2
FGSG_09374,2
FGSG_09373,1
FGSG_09372,2
FGSG_09371,1
FGSG_09370,1
FGSG_09368,2
FGSG_09367,1
FGSG_09366,1
FGSG_20730,7
FGSG_09365,3
FGSG_09364,1
FGSG_09363,0
FGSG_09362,4
FGSG_09361,4
FGSG_09360,2
FGSG_09359,1
FGSG_09358,1
FGSG_09357,2
FGSG_09356,2
FGSG_09354,4
FGSG_09353,2
FGSG_09352,2
FGSG_09351,2
FGSG_09350,1
FGSG_09349,1
FGSG_09348,2
FGSG_09347,2
FGSG_09345,2
FGSG_13566,2
FGSG_11624,2
FGSG_13564,2
FGSG_09344,2
FGSG_09343,1
FGSG_09342,2
FGSG_13563,2
FGSG_09341,1
FGSG_09340,1
FGSG_09339,2
FGSG_09338,1
FGSG_13562,1
FGSG_09337,2
FGSG_09336,9
FGSG_13561,1
FGSG_13560,2
FGSG_09335,1
FGSG_20729,6
FGSG_09334,1
FGSG_13559,10
FGSG_09333,1
FGSG_09331,1
FGSG_13558,10
FGSG_09330,1
FGSG_09329,2
FGSG_09328,2
FGSG_09327,4
FGSG_09326,1
FGSG_09325,3
FGSG_09324,1
FGSG_09323,1
FGSG_09322,3
FGSG_09321,2
FGSG_13556,2
FGSG_13555,1
FGSG_13554,0
FGSG_09319,2
FGSG_13553,1
FGSG_09318,1
FGSG_09317,1
FGSG_09316,1
FGSG_09315,1
FGSG_13552,2
FGSG_13551,1
FGSG_09313,1
FGSG_09312,1
FGSG_13550,10
FGSG_09311,1
FGSG_09310,2
FGSG_09309,3
FGSG_09308,1
FGSG_09307,2
FGSG_09306,3
FGSG_09305,2
FGSG_09304,4
FGSG_09303,1
FGSG_09302,2
FGSG_09301,2
FGSG_09300,3
FGSG_13549,2
FGSG_09299,1
FGSG_09298,1
FGSG_09297,1
FGSG_13548,6
FGSG_09296,3
FGSG_09295,4
FGSG_09294,1
FGSG_13546,1
FGSG_09291,4
FGSG_09290,3
FGSG_09289,1
FGSG_09288,1
FGSG_09287,2
FGSG_09286,2
FGSG_09285,1
FGSG_09284,1
FGSG_13544,1
FGSG_13543,1
FGSG_09282,1
FGSG_09281,1
FGSG_09280,1
FGSG_09279,0
FGSG_09278,9
FGSG_13542,9
FGSG_09277,1
FGSG_09276,2
FGSG_09275,3
FGSG_09274,1
FGSG_13541,2
FGSG_13540,1
FGSG_09272,2
FGSG_09271,1
FGSG_09270,3
FGSG_09269,1
FGSG_09268,2
FGSG_09267,2
FGSG_09266,2
FGSG_09265,1
FGSG_09264,1
FGSG_09263,1
FGSG_09262,3
FGSG_09261,2
FGSG_09260,2
FGSG_09259,3
FGSG_09258,1
FGSG_13539,6
FGSG_09257,4
FGSG_09256,8
FGSG_09255,2
FGSG_09254,2
FGSG_09253,2
FGSG_09252,2
FGSG_09251,2
FGSG_09250,1
FGSG_13538,2
FGSG_09249,1
FGSG_09248,1
FGSG_09247,2
FGSG_09246,2
FGSG_13537,1
FGSG_13536,1
FGSG_09245,1
FGSG_09244,1
FGSG_09243,1
FGSG_13535,3
FGSG_13534,1
FGSG_09241,1
FGSG_09240,4
FGSG_13533,9
FGSG_09239,1
FGSG_09238,1
FGSG_13532,13
FGSG_09237,1
FGSG_09236,15
FGSG_09235,1
FGSG_09234,1
FGSG_09233,1
FGSG_09232,1
FGSG_09231,1
FGSG_09230,1
FGSG_09229,4
FGSG_09228,1
FGSG_09227,2
FGSG_09226,2
FGSG_09225,2
FGSG_09224,1
FGSG_09223,1
FGSG_09222,1
FGSG_09221,1
FGSG_09220,1
FGSG_09219,1
FGSG_09218,3
FGSG_09217,1
FGSG_09216,4
FGSG_09215,1
FGSG_09214,1
FGSG_09213,10
FGSG_09212,1
FGSG_09211,4
FGSG_13531,2
FGSG_09210,2
FGSG_09209,2
FGSG_09208,9
FGSG_09206,15
FGSG_09205,2
FGSG_09204,2
FGSG_20727,4
FGSG_09203,4
FGSG_13530,2
FGSG_09202,4
FGSG_09201,2
FGSG_09200,9
FGSG_09199,0
FGSG_09198,1
FGSG_13529,1
FGSG_13528,1
FGSG_09197,2
FGSG_09196,1
FGSG_20726,2
FGSG_09195,2
FGSG_09194,8
FGSG_20725,10
FGSG_09193,2
FGSG_09192,2
FGSG_09191,8
FGSG_09189,2
FGSG_09187,2
FGSG_09186,2
FGSG_09185,1
FGSG_09184,11
FGSG_09183,2
FGSG_09182,1
FGSG_09181,2
FGSG_09180,1
FGSG_09179,1
FGSG_09178,1
FGSG_09177,5
FGSG_09176,2
FGSG_13526,2
FGSG_09175,1
FGSG_13525,1
FGSG_09174,1
FGSG_09173,2
FGSG_09172,2
FGSG_09171,2
FGSG_09170,2
FGSG_09169,2
FGSG_20060,14
FGSG_20724,0
FGSG_09168,2
FGSG_09167,1
FGSG_09166,1
FGSG_09165,1
FGSG_09164,2
FGSG_13524,2
FGSG_09163,2
FGSG_09162,12
FGSG_09161,2
FGSG_09160,2
FGSG_09159,1
FGSG_09158,1
FGSG_09157,1
FGSG_09156,1
FGSG_09155,1
FGSG_20723,0
FGSG_09154,1
FGSG_13521,1
FGSG_09153,1
FGSG_09152,7
FGSG_09151,15
FGSG_09150,2
FGSG_09148,2
FGSG_09147,2
FGSG_09146,4
FGSG_09145,4
FGSG_09144,6
FGSG_09143,7
FGSG_09142,2
FGSG_20722,5
FGSG_09141,1
FGSG_09140,1
FGSG_09138,1
FGSG_09137,1
FGSG_09136,2
FGSG_09135,1
FGSG_09133,7
FGSG_09127,8
FGSG_09125,2
FGSG_09124,2
FGSG_09123,2
FGSG_09122,2
FGSG_09121,2
FGSG_09116,2
FGSG_09115,2
FGSG_09114,2
FGSG_13517,2
FGSG_09113,2
FGSG_09112,2
FGSG_09111,2
FGSG_09110,2
FGSG_09109,4
FGSG_09108,5
FGSG_13516,6
FGSG_09106,2
FGSG_09105,4
FGSG_09104,1
FGSG_09103,1
FGSG_09102,2
FGSG_09101,1
FGSG_09100,2
FGSG_09099,2
FGSG_13515,2
FGSG_09098,2
FGSG_13514,2
FGSG_09096,2
FGSG_09094,2
FGSG_09093,4
FGSG_09092,1
FGSG_09091,1
FGSG_09088,2
FGSG_09087,2
FGSG_09086,2
FGSG_13512,1
FGSG_20059,2
FGSG_09085,1
FGSG_09083,2
FGSG_09082,2
FGSG_09081,2
FGSG_09080,1
FGSG_09079,4
FGSG_09078,4
FGSG_09077,2
FGSG_09076,2
FGSG_09075,2
FGSG_09074,2
FGSG_09073,2
FGSG_09072,2
FGSG_09071,3
FGSG_09070,2
FGSG_09069,2
FGSG_09068,6
FGSG_09067,2
FGSG_09066,2
FGSG_09065,2
FGSG_09064,2
FGSG_09063,2
FGSG_09062,2
FGSG_09061,2
FGSG_09060,1
FGSG_09059,1
FGSG_09058,9
FGSG_13510,2
FGSG_13509,1
FGSG_09056,8
FGSG_09055,2
FGSG_09054,1
FGSG_09053,1
FGSG_09052,2
FGSG_09051,2
FGSG_09050,2
FGSG_09049,1
FGSG_09048,2
FGSG_13507,2
FGSG_09047,2
FGSG_09045,4
FGSG_09044,2
FGSG_09043,2
FGSG_09042,2
FGSG_09041,2
FGSG_09040,4
FGSG_09039,1
FGSG_13506,1
FGSG_09038,1
FGSG_09037,1
FGSG_09036,12
FGSG_09035,1
FGSG_09034,0
FGSG_09033,4
FGSG_09032,2
FGSG_09031,2
FGSG_13505,2
FGSG_13504,2
FGSG_09029,2
FGSG_09028,1
FGSG_13503,3
FGSG_13502,1
FGSG_09026,2
FGSG_09025,2
FGSG_09023,1
FGSG_09022,1
FGSG_09021,1
FGSG_09020,1
FGSG_09019,2
FGSG_09018,1
FGSG_13499,1
FGSG_09017,1
FGSG_09016,4
FGSG_09015,2
FGSG_09014,2
FGSG_09012,1
FGSG_09011,11
FGSG_09009,1
FGSG_09008,1
FGSG_09007,2
FGSG_09006,2
FGSG_09005,1
FGSG_09004,3
FGSG_09003,1
FGSG_09002,1
FGSG_09001,2
FGSG_09000,4
FGSG_08999,3
FGSG_08998,2
FGSG_08997,2
FGSG_13498,12
FGSG_08996,2
FGSG_08995,2
FGSG_08994,1
FGSG_13497,1
FGSG_13496,1
FGSG_08992,1
FGSG_08991,3
FGSG_13495,1
FGSG_08990,0
FGSG_13493,1
FGSG_13492,2
FGSG_08988,3
FGSG_08987,2
FGSG_08986,1
FGSG_08985,4
FGSG_13491,2
FGSG_13490,1
FGSG_13489,3
FGSG_08983,2
FGSG_08982,2
FGSG_13488,2
FGSG_08981,1
FGSG_08980,1
FGSG_08979,4
FGSG_08978,1
FGSG_08977,4
FGSG_08976,1
FGSG_08975,2
FGSG_08974,2
FGSG_08973,2
FGSG_08972,1
FGSG_08971,1
FGSG_20719,9
FGSG_08970,1
FGSG_20718,5
FGSG_08969,2
FGSG_08968,1
FGSG_13487,1
FGSG_08967,0
FGSG_13485,0
FGSG_13484,3
FGSG_08965,1
FGSG_08964,1
FGSG_13483,4
FGSG_13482,2
FGSG_08959,2
FGSG_13480,2
FGSG_13479,2
FGSG_08956,2
FGSG_13478,1
FGSG_08955,1
FGSG_08954,1
FGSG_13477,1
FGSG_13476,2
FGSG_08952,2
FGSG_13475,2
FGSG_13474,1
FGSG_20058,1
FGSG_20057,1
FGSG_20056,1
FGSG_20055,1
FGSG_20054,7
FGSG_20053,1
FGSG_20052,1
FGSG_20051,1
FGSG_20048,1
FGSG_20075,1
FGSG_20074,1
FGSG_20087,10
FGSG_20086,1
FGSG_14032,3
FGSG_20080,1
FGSG_20081,1
FGSG_20085,1
FGSG_20083,1
FGSG_20084,1
FGSG_20076,1
FGSG_20078,1
FGSG_20079,1
FGSG_20072,1
FGSG_20073,1
FGSG_20811,1
FGSG_20812,1
FGSG_20814,1
FGSG_20816,9
FGSG_20817,14
FGSG_20820,1
FGSG_20821,1
